
 PRINT DOF  NODAL SOLUTION PER NODE
 
  ***** POST1 NODAL DEGREE OF FREEDOM LISTING *****                            
 
  LOAD STEP=     1  SUBSTEP=     1                                             
   TIME=    1.0000      LOAD CASE=   0                                         
 
    NODE       VOLT  
       1   165.34     
       2  0.21566     
       3   210.00     
       4   210.00     
       5   210.00     
       6   165.32     
       7   210.00     
       8   210.00     
       9   210.00     
      10  -165.69     
      11  -164.34     
      12  -210.00     
      13   210.00     
      14  -210.00     
      15   210.00     
      16  -210.00     
      17   210.00     
      18   210.00     
      19  -210.00     
      20  -210.00     
      21  -210.00     
      22  -210.00     
      23   210.00     
      24  -210.00     
      25  -315.00     
      26  -210.00     
      27  -210.00     
      28  -315.00     
      29  -210.00     
      30   972.99     
      31   972.99     
      32   972.99     
      33   972.99     
      34  -315.00     
      35  -315.00     
      36   164.41     
      37   164.56     
      38  0.58281E-002
      39  0.18606     
 
  ***** POST1 NODAL DEGREE OF FREEDOM LISTING *****                            
 
  LOAD STEP=     1  SUBSTEP=     1                                             
   TIME=    1.0000      LOAD CASE=   0                                         
 
    NODE       VOLT  
      40  -164.98     
      41  -164.82     
      42  -210.00     
      43   210.00     
      44  0.14205     
      45   151.72     
      46   135.82     
      47   113.69     
      48   91.771     
      49   65.557     
      50   41.004     
      51   18.514     
      52   210.00     
      53   210.00     
      54   210.00     
      55   210.00     
      56   210.00     
      57   210.00     
      58   210.00     
      59   210.00     
      60   210.00     
      61   210.00     
      62   210.00     
      63   210.00     
      64   210.00     
      65   210.00     
      66   210.00     
      67   210.00     
      68   210.00     
      69   210.00     
      70   210.00     
      71   210.00     
      72   210.00     
      73   210.00     
      74   210.00     
      75   210.00     
      76   210.00     
      77   210.00     
      78   210.00     
 
  ***** POST1 NODAL DEGREE OF FREEDOM LISTING *****                            
 
  LOAD STEP=     1  SUBSTEP=     1                                             
   TIME=    1.0000      LOAD CASE=   0                                         
 
    NODE       VOLT  
      79   210.00     
      80   210.00     
      81   210.00     
      82   210.00     
      83   210.00     
      84  -18.206     
      85  -40.691     
      86  -65.303     
      87  -91.604     
      88  -113.51     
      89  -135.84     
      90  -151.93     
      91   180.39     
      92   150.83     
      93   110.15     
      94   69.642     
      95  0.45338E-002
      96  -69.662     
      97  -110.15     
      98  -150.83     
      99  -180.39     
     100  -180.39     
     101  -150.82     
     102  -110.13     
     103  -69.626     
     104  0.36552E-001
     105   69.678     
     106   110.17     
     107   150.85     
     108   180.40     
     109   210.00     
     110   210.00     
     111   210.00     
     112   210.00     
     113   210.00     
     114   210.00     
     115   210.00     
     116   210.00     
     117   210.00     
 
  ***** POST1 NODAL DEGREE OF FREEDOM LISTING *****                            
 
  LOAD STEP=     1  SUBSTEP=     1                                             
   TIME=    1.0000      LOAD CASE=   0                                         
 
    NODE       VOLT  
     118   210.00     
     119   210.00     
     120   210.00     
     121   210.00     
     122   210.00     
     123   210.00     
     124   210.00     
     125   210.00     
     126   210.00     
     127   210.00     
     128   210.00     
     129   210.00     
     130   210.00     
     131   210.00     
     132  -210.00     
     133  -210.00     
     134  -210.00     
     135  -210.00     
     136  -210.00     
     137  -210.00     
     138  -210.00     
     139  -210.00     
     140  -210.00     
     141  -210.00     
     142  -210.00     
     143  -210.00     
     144  -210.00     
     145  -210.00     
     146  -210.00     
     147  -210.00     
     148  -210.00     
     149  -210.00     
     150  -210.00     
     151  -210.00     
     152  -210.00     
     153  -210.00     
     154  -210.00     
     155  -210.00     
     156  -210.00     
 
  ***** POST1 NODAL DEGREE OF FREEDOM LISTING *****                            
 
  LOAD STEP=     1  SUBSTEP=     1                                             
   TIME=    1.0000      LOAD CASE=   0                                         
 
    NODE       VOLT  
     157  -210.00     
     158  -210.00     
     159  -210.00     
     160  -210.00     
     161  -210.00     
     162  -210.00     
     163  -210.00     
     164   210.00     
     165   210.00     
     166   210.00     
     167   210.00     
     168   210.00     
     169   210.00     
     170   210.00     
     171   210.00     
     172   210.00     
     173  -208.55     
     174  -207.15     
     175  -205.36     
     176  -203.82     
     177  -202.08     
     178  -200.84     
     179  -199.44     
     180  -198.48     
     181  -197.85     
     182  -197.52     
     183  -197.42     
     184  -197.43     
     185  -197.56     
     186  -197.71     
     187  -197.94     
     188  -198.17     
     189  -198.48     
     190  -198.78     
     191  -199.10     
     192  -199.42     
     193  -199.75     
     194  -200.07     
     195  -200.39     
 
  ***** POST1 NODAL DEGREE OF FREEDOM LISTING *****                            
 
  LOAD STEP=     1  SUBSTEP=     1                                             
   TIME=    1.0000      LOAD CASE=   0                                         
 
    NODE       VOLT  
     196  -200.71     
     197  -201.04     
     198  -201.36     
     199  -201.68     
     200  -202.01     
     201  -202.33     
     202  -202.65     
     203  -202.97     
     204  -203.30     
     205  -203.72     
     206  -204.14     
     207  -204.46     
     208  -204.78     
     209  -205.11     
     210  -205.43     
     211  -205.75     
     212  -206.07     
     213  -206.40     
     214  -206.72     
     215  -207.04     
     216  -207.37     
     217  -207.69     
     218  -208.01     
     219  -208.33     
     220  -208.66     
     221  -208.98     
     222  -209.30     
     223  -209.63     
     224  -209.95     
     225  -210.27     
     226  -210.59     
     227  -210.92     
     228  -211.24     
     229  -211.56     
     230  -211.89     
     231  -212.21     
     232  -212.53     
     233  -212.85     
     234  -213.18     
 
  ***** POST1 NODAL DEGREE OF FREEDOM LISTING *****                            
 
  LOAD STEP=     1  SUBSTEP=     1                                             
   TIME=    1.0000      LOAD CASE=   0                                         
 
    NODE       VOLT  
     235  -213.50     
     236  -213.82     
     237  -214.15     
     238  -214.47     
     239  -214.79     
     240  -215.11     
     241  -215.44     
     242  -215.76     
     243  -216.08     
     244  -216.40     
     245  -216.73     
     246  -217.05     
     247  -217.37     
     248  -217.70     
     249  -218.02     
     250  -218.34     
     251  -218.66     
     252  -218.99     
     253  -219.31     
     254  -219.63     
     255  -219.96     
     256  -220.28     
     257  -220.60     
     258  -220.92     
     259  -221.25     
     260  -221.57     
     261  -221.89     
     262  -222.22     
     263  -222.54     
     264  -222.86     
     265  -223.18     
     266  -223.51     
     267  -223.83     
     268  -224.15     
     269  -224.48     
     270  -224.80     
     271  -225.12     
     272  -225.44     
     273  -225.77     
 
  ***** POST1 NODAL DEGREE OF FREEDOM LISTING *****                            
 
  LOAD STEP=     1  SUBSTEP=     1                                             
   TIME=    1.0000      LOAD CASE=   0                                         
 
    NODE       VOLT  
     274  -226.09     
     275  -226.41     
     276  -226.73     
     277  -227.06     
     278  -227.38     
     279  -227.70     
     280  -228.03     
     281  -228.35     
     282  -228.67     
     283  -228.99     
     284  -229.32     
     285  -229.64     
     286  -229.96     
     287  -230.29     
     288  -230.61     
     289  -230.93     
     290  -231.25     
     291  -231.58     
     292  -231.90     
     293  -232.22     
     294  -232.55     
     295  -232.87     
     296  -233.19     
     297  -233.51     
     298  -233.84     
     299  -234.16     
     300  -234.48     
     301  -234.80     
     302  -235.13     
     303  -235.45     
     304  -235.77     
     305  -236.10     
     306  -236.42     
     307  -236.74     
     308  -237.06     
     309  -237.39     
     310  -237.71     
     311  -238.03     
     312  -238.36     
 
  ***** POST1 NODAL DEGREE OF FREEDOM LISTING *****                            
 
  LOAD STEP=     1  SUBSTEP=     1                                             
   TIME=    1.0000      LOAD CASE=   0                                         
 
    NODE       VOLT  
     313  -238.68     
     314  -239.00     
     315  -239.32     
     316  -239.65     
     317  -239.97     
     318  -240.29     
     319  -240.62     
     320  -240.94     
     321  -241.26     
     322  -241.58     
     323  -241.91     
     324  -242.23     
     325  -242.55     
     326  -242.88     
     327  -243.20     
     328  -243.52     
     329  -243.84     
     330  -244.17     
     331  -244.49     
     332  -244.81     
     333  -245.13     
     334  -245.46     
     335  -245.78     
     336  -246.10     
     337  -246.43     
     338  -246.75     
     339  -247.07     
     340  -247.39     
     341  -247.72     
     342  -248.04     
     343  -248.36     
     344  -248.69     
     345  -249.01     
     346  -249.33     
     347  -249.65     
     348  -249.98     
     349  -250.30     
     350  -250.62     
     351  -250.95     
 
  ***** POST1 NODAL DEGREE OF FREEDOM LISTING *****                            
 
  LOAD STEP=     1  SUBSTEP=     1                                             
   TIME=    1.0000      LOAD CASE=   0                                         
 
    NODE       VOLT  
     352  -251.27     
     353  -251.59     
     354  -251.91     
     355  -252.24     
     356  -252.56     
     357  -252.88     
     358  -253.21     
     359  -253.53     
     360  -253.85     
     361  -254.17     
     362  -254.50     
     363  -254.82     
     364  -255.14     
     365  -255.46     
     366  -255.79     
     367  -256.11     
     368  -256.43     
     369  -256.76     
     370  -257.08     
     371  -257.40     
     372  -257.72     
     373  -258.05     
     374  -258.37     
     375  -258.69     
     376  -259.02     
     377  -259.34     
     378  -259.66     
     379  -259.98     
     380  -260.31     
     381  -260.63     
     382  -260.95     
     383  -261.28     
     384  -261.60     
     385  -261.92     
     386  -262.24     
     387  -262.57     
     388  -262.89     
     389  -263.21     
     390  -263.53     
 
  ***** POST1 NODAL DEGREE OF FREEDOM LISTING *****                            
 
  LOAD STEP=     1  SUBSTEP=     1                                             
   TIME=    1.0000      LOAD CASE=   0                                         
 
    NODE       VOLT  
     391  -263.86     
     392  -264.18     
     393  -264.50     
     394  -264.83     
     395  -265.15     
     396  -265.47     
     397  -265.79     
     398  -266.12     
     399  -266.44     
     400  -266.76     
     401  -267.09     
     402  -267.41     
     403  -267.73     
     404  -268.05     
     405  -268.38     
     406  -268.70     
     407  -269.02     
     408  -269.35     
     409  -269.67     
     410  -269.99     
     411  -270.31     
     412  -270.64     
     413  -270.96     
     414  -271.28     
     415  -271.61     
     416  -271.93     
     417  -272.25     
     418  -272.57     
     419  -272.90     
     420  -273.22     
     421  -273.54     
     422  -273.86     
     423  -274.19     
     424  -274.51     
     425  -274.83     
     426  -275.16     
     427  -275.48     
     428  -275.80     
     429  -276.12     
 
  ***** POST1 NODAL DEGREE OF FREEDOM LISTING *****                            
 
  LOAD STEP=     1  SUBSTEP=     1                                             
   TIME=    1.0000      LOAD CASE=   0                                         
 
    NODE       VOLT  
     430  -276.45     
     431  -276.77     
     432  -277.09     
     433  -277.42     
     434  -277.74     
     435  -278.06     
     436  -278.38     
     437  -278.71     
     438  -279.03     
     439  -279.35     
     440  -279.68     
     441  -280.00     
     442  -280.32     
     443  -280.64     
     444  -280.97     
     445  -281.29     
     446  -281.61     
     447  -281.94     
     448  -282.26     
     449  -282.58     
     450  -282.90     
     451  -283.23     
     452  -283.55     
     453  -283.87     
     454  -284.19     
     455  -284.52     
     456  -284.84     
     457  -285.16     
     458  -285.49     
     459  -285.81     
     460  -286.13     
     461  -286.45     
     462  -286.78     
     463  -287.10     
     464  -287.42     
     465  -287.75     
     466  -288.07     
     467  -288.39     
     468  -288.71     
 
  ***** POST1 NODAL DEGREE OF FREEDOM LISTING *****                            
 
  LOAD STEP=     1  SUBSTEP=     1                                             
   TIME=    1.0000      LOAD CASE=   0                                         
 
    NODE       VOLT  
     469  -289.04     
     470  -289.36     
     471  -289.68     
     472  -290.01     
     473  -290.33     
     474  -290.65     
     475  -290.97     
     476  -291.30     
     477  -291.62     
     478  -291.94     
     479  -292.26     
     480  -292.59     
     481  -292.91     
     482  -293.23     
     483  -293.56     
     484  -293.88     
     485  -294.20     
     486  -294.52     
     487  -294.85     
     488  -295.17     
     489  -295.49     
     490  -295.82     
     491  -296.14     
     492  -296.46     
     493  -296.78     
     494  -297.11     
     495  -297.43     
     496  -297.75     
     497  -298.08     
     498  -298.40     
     499  -298.72     
     500  -299.04     
     501  -299.37     
     502  -299.69     
     503  -300.01     
     504  -300.34     
     505  -300.66     
     506  -300.98     
     507  -301.30     
 
  ***** POST1 NODAL DEGREE OF FREEDOM LISTING *****                            
 
  LOAD STEP=     1  SUBSTEP=     1                                             
   TIME=    1.0000      LOAD CASE=   0                                         
 
    NODE       VOLT  
     508  -301.63     
     509  -301.95     
     510  -302.27     
     511  -302.59     
     512  -302.92     
     513  -303.24     
     514  -303.56     
     515  -303.89     
     516  -304.21     
     517  -304.53     
     518  -304.85     
     519  -305.18     
     520  -305.50     
     521  -305.82     
     522  -306.15     
     523  -306.47     
     524  -306.79     
     525  -307.11     
     526  -307.44     
     527  -307.76     
     528  -308.08     
     529  -308.41     
     530  -308.73     
     531  -309.05     
     532  -309.37     
     533  -309.70     
     534  -310.02     
     535  -310.34     
     536  -310.67     
     537  -310.99     
     538  -311.31     
     539  -311.63     
     540  -311.96     
     541  -312.28     
     542  -312.60     
     543  -312.92     
     544  -313.25     
     545  -313.57     
     546  -313.89     
 
  ***** POST1 NODAL DEGREE OF FREEDOM LISTING *****                            
 
  LOAD STEP=     1  SUBSTEP=     1                                             
   TIME=    1.0000      LOAD CASE=   0                                         
 
    NODE       VOLT  
     547  -314.22     
     548  -314.54     
     549  -314.77     
     550  -210.00     
     551  -210.00     
     552  -210.00     
     553  -210.00     
     554  -210.00     
     555  -210.00     
     556  -210.00     
     557  -210.00     
     558  -210.00     
     559  -210.00     
     560  -210.00     
     561  -210.00     
     562  -210.00     
     563  -210.00     
     564  -210.00     
     565  -210.00     
     566  -210.00     
     567  -210.00     
     568  -210.00     
     569  -210.00     
     570  -210.00     
     571  -210.00     
     572  -210.00     
     573  -208.55     
     574  -207.15     
     575  -205.34     
     576  -203.74     
     577  -201.88     
     578  -200.49     
     579  -199.27     
     580  -198.70     
     581  -198.00     
     582  -197.50     
     583  -197.39     
     584  -197.38     
     585  -197.53     
 
  ***** POST1 NODAL DEGREE OF FREEDOM LISTING *****                            
 
  LOAD STEP=     1  SUBSTEP=     1                                             
   TIME=    1.0000      LOAD CASE=   0                                         
 
    NODE       VOLT  
     586  -197.70     
     587  -197.92     
     588  -198.15     
     589  -198.44     
     590  -198.72     
     591  -199.04     
     592  -199.36     
     593  -199.68     
     594  -200.01     
     595  -200.33     
     596  -200.65     
     597  -200.97     
     598  -201.30     
     599  -201.62     
     600  -201.94     
     601  -202.27     
     602  -202.59     
     603  -202.91     
     604  -203.23     
     605  -203.56     
     606  -203.88     
     607  -204.20     
     608  -204.53     
     609  -204.85     
     610  -205.17     
     611  -205.49     
     612  -205.82     
     613  -206.27     
     614  -206.72     
     615  -207.04     
     616  -207.37     
     617  -207.69     
     618  -208.01     
     619  -208.33     
     620  -208.66     
     621  -208.98     
     622  -209.30     
     623  -209.63     
     624  -209.95     
 
  ***** POST1 NODAL DEGREE OF FREEDOM LISTING *****                            
 
  LOAD STEP=     1  SUBSTEP=     1                                             
   TIME=    1.0000      LOAD CASE=   0                                         
 
    NODE       VOLT  
     625  -210.27     
     626  -210.59     
     627  -210.92     
     628  -211.24     
     629  -211.56     
     630  -211.89     
     631  -212.21     
     632  -212.53     
     633  -212.85     
     634  -213.18     
     635  -213.50     
     636  -213.82     
     637  -214.15     
     638  -214.47     
     639  -214.79     
     640  -215.11     
     641  -215.44     
     642  -215.76     
     643  -216.08     
     644  -216.40     
     645  -216.73     
     646  -217.05     
     647  -217.37     
     648  -217.70     
     649  -218.02     
     650  -218.34     
     651  -218.66     
     652  -218.99     
     653  -219.31     
     654  -219.63     
     655  -219.96     
     656  -220.28     
     657  -220.60     
     658  -220.92     
     659  -221.25     
     660  -221.57     
     661  -221.89     
     662  -222.22     
     663  -222.54     
 
  ***** POST1 NODAL DEGREE OF FREEDOM LISTING *****                            
 
  LOAD STEP=     1  SUBSTEP=     1                                             
   TIME=    1.0000      LOAD CASE=   0                                         
 
    NODE       VOLT  
     664  -222.86     
     665  -223.18     
     666  -223.51     
     667  -223.83     
     668  -224.15     
     669  -224.48     
     670  -224.80     
     671  -225.12     
     672  -225.44     
     673  -225.77     
     674  -226.09     
     675  -226.41     
     676  -226.73     
     677  -227.06     
     678  -227.38     
     679  -227.70     
     680  -228.03     
     681  -228.35     
     682  -228.67     
     683  -228.99     
     684  -229.32     
     685  -229.64     
     686  -229.96     
     687  -230.29     
     688  -230.61     
     689  -230.93     
     690  -231.25     
     691  -231.58     
     692  -231.90     
     693  -232.22     
     694  -232.55     
     695  -232.87     
     696  -233.19     
     697  -233.51     
     698  -233.84     
     699  -234.16     
     700  -234.48     
     701  -234.80     
     702  -235.13     
 
  ***** POST1 NODAL DEGREE OF FREEDOM LISTING *****                            
 
  LOAD STEP=     1  SUBSTEP=     1                                             
   TIME=    1.0000      LOAD CASE=   0                                         
 
    NODE       VOLT  
     703  -235.45     
     704  -235.77     
     705  -236.10     
     706  -236.42     
     707  -236.74     
     708  -237.06     
     709  -237.39     
     710  -237.71     
     711  -238.03     
     712  -238.36     
     713  -238.68     
     714  -239.00     
     715  -239.32     
     716  -239.65     
     717  -239.97     
     718  -240.29     
     719  -240.62     
     720  -240.94     
     721  -241.26     
     722  -241.58     
     723  -241.91     
     724  -242.23     
     725  -242.55     
     726  -242.88     
     727  -243.20     
     728  -243.52     
     729  -243.84     
     730  -244.17     
     731  -244.49     
     732  -244.81     
     733  -245.13     
     734  -245.46     
     735  -245.78     
     736  -246.10     
     737  -246.43     
     738  -246.75     
     739  -247.07     
     740  -247.39     
     741  -247.72     
 
  ***** POST1 NODAL DEGREE OF FREEDOM LISTING *****                            
 
  LOAD STEP=     1  SUBSTEP=     1                                             
   TIME=    1.0000      LOAD CASE=   0                                         
 
    NODE       VOLT  
     742  -248.04     
     743  -248.36     
     744  -248.69     
     745  -249.01     
     746  -249.33     
     747  -249.65     
     748  -249.98     
     749  -250.30     
     750  -250.62     
     751  -250.95     
     752  -251.27     
     753  -251.59     
     754  -251.91     
     755  -252.24     
     756  -252.56     
     757  -252.88     
     758  -253.21     
     759  -253.53     
     760  -253.85     
     761  -254.17     
     762  -254.50     
     763  -254.82     
     764  -255.14     
     765  -255.46     
     766  -255.79     
     767  -256.11     
     768  -256.43     
     769  -256.76     
     770  -257.08     
     771  -257.40     
     772  -257.72     
     773  -258.05     
     774  -258.37     
     775  -258.69     
     776  -259.02     
     777  -259.34     
     778  -259.66     
     779  -259.98     
     780  -260.31     
 
  ***** POST1 NODAL DEGREE OF FREEDOM LISTING *****                            
 
  LOAD STEP=     1  SUBSTEP=     1                                             
   TIME=    1.0000      LOAD CASE=   0                                         
 
    NODE       VOLT  
     781  -260.63     
     782  -260.95     
     783  -261.28     
     784  -261.60     
     785  -261.92     
     786  -262.24     
     787  -262.57     
     788  -262.89     
     789  -263.21     
     790  -263.53     
     791  -263.86     
     792  -264.18     
     793  -264.50     
     794  -264.83     
     795  -265.15     
     796  -265.47     
     797  -265.79     
     798  -266.12     
     799  -266.44     
     800  -266.76     
     801  -267.09     
     802  -267.41     
     803  -267.73     
     804  -268.05     
     805  -268.38     
     806  -268.70     
     807  -269.02     
     808  -269.35     
     809  -269.67     
     810  -269.99     
     811  -270.31     
     812  -270.64     
     813  -270.96     
     814  -271.28     
     815  -271.61     
     816  -271.93     
     817  -272.25     
     818  -272.57     
     819  -272.90     
 
  ***** POST1 NODAL DEGREE OF FREEDOM LISTING *****                            
 
  LOAD STEP=     1  SUBSTEP=     1                                             
   TIME=    1.0000      LOAD CASE=   0                                         
 
    NODE       VOLT  
     820  -273.22     
     821  -273.54     
     822  -273.86     
     823  -274.19     
     824  -274.51     
     825  -274.83     
     826  -275.16     
     827  -275.48     
     828  -275.80     
     829  -276.12     
     830  -276.45     
     831  -276.77     
     832  -277.09     
     833  -277.42     
     834  -277.74     
     835  -278.06     
     836  -278.38     
     837  -278.71     
     838  -279.03     
     839  -279.35     
     840  -279.68     
     841  -280.00     
     842  -280.32     
     843  -280.64     
     844  -280.97     
     845  -281.29     
     846  -281.61     
     847  -281.94     
     848  -282.26     
     849  -282.58     
     850  -282.90     
     851  -283.23     
     852  -283.55     
     853  -283.87     
     854  -284.19     
     855  -284.52     
     856  -284.84     
     857  -285.16     
     858  -285.49     
 
  ***** POST1 NODAL DEGREE OF FREEDOM LISTING *****                            
 
  LOAD STEP=     1  SUBSTEP=     1                                             
   TIME=    1.0000      LOAD CASE=   0                                         
 
    NODE       VOLT  
     859  -285.81     
     860  -286.13     
     861  -286.45     
     862  -286.78     
     863  -287.10     
     864  -287.42     
     865  -287.75     
     866  -288.07     
     867  -288.39     
     868  -288.71     
     869  -289.04     
     870  -289.36     
     871  -289.68     
     872  -290.01     
     873  -290.33     
     874  -290.65     
     875  -290.97     
     876  -291.30     
     877  -291.62     
     878  -291.94     
     879  -292.26     
     880  -292.59     
     881  -292.91     
     882  -293.23     
     883  -293.56     
     884  -293.88     
     885  -294.20     
     886  -294.52     
     887  -294.85     
     888  -295.17     
     889  -295.49     
     890  -295.82     
     891  -296.14     
     892  -296.46     
     893  -296.78     
     894  -297.11     
     895  -297.43     
     896  -297.75     
     897  -298.08     
 
  ***** POST1 NODAL DEGREE OF FREEDOM LISTING *****                            
 
  LOAD STEP=     1  SUBSTEP=     1                                             
   TIME=    1.0000      LOAD CASE=   0                                         
 
    NODE       VOLT  
     898  -298.40     
     899  -298.72     
     900  -299.04     
     901  -299.37     
     902  -299.69     
     903  -300.01     
     904  -300.34     
     905  -300.66     
     906  -300.98     
     907  -301.30     
     908  -301.63     
     909  -301.95     
     910  -302.27     
     911  -302.59     
     912  -302.92     
     913  -303.24     
     914  -303.56     
     915  -303.89     
     916  -304.21     
     917  -304.53     
     918  -304.85     
     919  -305.18     
     920  -305.50     
     921  -305.82     
     922  -306.15     
     923  -306.47     
     924  -306.79     
     925  -307.11     
     926  -307.44     
     927  -307.76     
     928  -308.08     
     929  -308.41     
     930  -308.73     
     931  -309.05     
     932  -309.37     
     933  -309.70     
     934  -310.02     
     935  -310.34     
     936  -310.67     
 
  ***** POST1 NODAL DEGREE OF FREEDOM LISTING *****                            
 
  LOAD STEP=     1  SUBSTEP=     1                                             
   TIME=    1.0000      LOAD CASE=   0                                         
 
    NODE       VOLT  
     937  -310.99     
     938  -311.31     
     939  -311.63     
     940  -311.96     
     941  -312.28     
     942  -312.60     
     943  -312.92     
     944  -313.25     
     945  -313.57     
     946  -313.89     
     947  -314.22     
     948  -314.54     
     949  -314.77     
     950  -210.00     
     951  -210.00     
     952  -210.00     
     953  -210.00     
     954  -210.00     
     955  -210.00     
     956  -210.00     
     957  -210.00     
     958  -210.00     
     959   209.92     
     960   209.90     
     961   209.98     
     962   210.25     
     963   210.98     
     964   212.17     
     965   214.49     
     966   217.30     
     967   221.54     
     968   226.08     
     969   232.78     
     970   239.56     
     971   249.21     
     972   258.87     
     973   271.78     
     974   284.70     
     975   300.83     
 
  ***** POST1 NODAL DEGREE OF FREEDOM LISTING *****                            
 
  LOAD STEP=     1  SUBSTEP=     1                                             
   TIME=    1.0000      LOAD CASE=   0                                         
 
    NODE       VOLT  
     976   316.96     
     977   335.12     
     978   353.27     
     979   371.63     
     980   389.99     
     981   408.35     
     982   426.71     
     983   445.07     
     984   463.43     
     985   481.79     
     986   500.15     
     987   518.52     
     988   536.88     
     989   555.24     
     990   573.60     
     991   591.96     
     992   610.32     
     993   628.68     
     994   647.05     
     995   665.41     
     996   683.77     
     997   705.10     
     998   726.43     
     999   744.79     
    1000   763.15     
    1001   781.51     
    1002   799.87     
    1003   818.23     
    1004   836.59     
    1005   854.96     
    1006   873.32     
    1007   891.68     
    1008   910.04     
    1009   928.40     
    1010   946.76     
    1011   959.88     
    1012   972.99     
    1013   972.99     
    1014   972.99     
 
  ***** POST1 NODAL DEGREE OF FREEDOM LISTING *****                            
 
  LOAD STEP=     1  SUBSTEP=     1                                             
   TIME=    1.0000      LOAD CASE=   0                                         
 
    NODE       VOLT  
    1015   972.99     
    1016   972.99     
    1017   972.99     
    1018  -315.00     
    1019  -315.00     
    1020  -315.00     
    1021  -315.00     
    1022  -315.00     
    1023  -315.00     
    1024  -314.77     
    1025  -314.54     
    1026  -314.29     
    1027  -314.04     
    1028  -313.79     
    1029  -313.54     
    1030  -313.21     
    1031  -312.89     
    1032  -312.57     
    1033  -312.24     
    1034  -311.92     
    1035  -311.60     
    1036  -311.28     
    1037  -310.95     
    1038  -310.63     
    1039  -310.31     
    1040  -309.98     
    1041  -309.66     
    1042  -309.34     
    1043  -309.02     
    1044  -308.69     
    1045  -308.37     
    1046  -308.05     
    1047  -307.72     
    1048  -307.40     
    1049  -307.08     
    1050  -306.76     
    1051  -306.43     
    1052  -306.11     
    1053  -305.79     
 
  ***** POST1 NODAL DEGREE OF FREEDOM LISTING *****                            
 
  LOAD STEP=     1  SUBSTEP=     1                                             
   TIME=    1.0000      LOAD CASE=   0                                         
 
    NODE       VOLT  
    1054  -305.47     
    1055  -305.14     
    1056  -304.82     
    1057  -304.50     
    1058  -304.17     
    1059  -303.85     
    1060  -303.53     
    1061  -303.21     
    1062  -302.88     
    1063  -302.56     
    1064  -302.24     
    1065  -301.91     
    1066  -301.59     
    1067  -301.27     
    1068  -300.95     
    1069  -300.62     
    1070  -300.30     
    1071  -299.98     
    1072  -299.65     
    1073  -299.33     
    1074  -299.01     
    1075  -298.69     
    1076  -298.36     
    1077  -298.04     
    1078  -297.72     
    1079  -297.39     
    1080  -297.07     
    1081  -296.75     
    1082  -296.43     
    1083  -296.10     
    1084  -295.78     
    1085  -295.46     
    1086  -295.14     
    1087  -294.81     
    1088  -294.49     
    1089  -294.17     
    1090  -293.84     
    1091  -293.52     
    1092  -293.20     
 
  ***** POST1 NODAL DEGREE OF FREEDOM LISTING *****                            
 
  LOAD STEP=     1  SUBSTEP=     1                                             
   TIME=    1.0000      LOAD CASE=   0                                         
 
    NODE       VOLT  
    1093  -292.88     
    1094  -292.55     
    1095  -292.23     
    1096  -291.91     
    1097  -291.58     
    1098  -291.26     
    1099  -290.94     
    1100  -290.62     
    1101  -290.29     
    1102  -289.97     
    1103  -289.65     
    1104  -289.32     
    1105  -289.00     
    1106  -288.68     
    1107  -288.36     
    1108  -288.03     
    1109  -287.71     
    1110  -287.39     
    1111  -287.07     
    1112  -286.74     
    1113  -286.42     
    1114  -286.10     
    1115  -285.77     
    1116  -285.45     
    1117  -285.13     
    1118  -284.81     
    1119  -284.48     
    1120  -284.16     
    1121  -283.84     
    1122  -283.51     
    1123  -283.19     
    1124  -282.87     
    1125  -282.55     
    1126  -282.22     
    1127  -281.90     
    1128  -281.58     
    1129  -281.25     
    1130  -280.93     
    1131  -280.61     
 
  ***** POST1 NODAL DEGREE OF FREEDOM LISTING *****                            
 
  LOAD STEP=     1  SUBSTEP=     1                                             
   TIME=    1.0000      LOAD CASE=   0                                         
 
    NODE       VOLT  
    1132  -280.29     
    1133  -279.96     
    1134  -279.64     
    1135  -279.32     
    1136  -278.99     
    1137  -278.67     
    1138  -278.35     
    1139  -278.03     
    1140  -277.70     
    1141  -277.38     
    1142  -277.06     
    1143  -276.74     
    1144  -276.41     
    1145  -276.09     
    1146  -275.77     
    1147  -275.44     
    1148  -275.12     
    1149  -274.80     
    1150  -274.48     
    1151  -274.15     
    1152  -273.83     
    1153  -273.51     
    1154  -273.18     
    1155  -272.86     
    1156  -272.54     
    1157  -272.22     
    1158  -271.89     
    1159  -271.57     
    1160  -271.25     
    1161  -270.92     
    1162  -270.60     
    1163  -270.28     
    1164  -269.96     
    1165  -269.63     
    1166  -269.31     
    1167  -268.99     
    1168  -268.66     
    1169  -268.34     
    1170  -268.02     
 
  ***** POST1 NODAL DEGREE OF FREEDOM LISTING *****                            
 
  LOAD STEP=     1  SUBSTEP=     1                                             
   TIME=    1.0000      LOAD CASE=   0                                         
 
    NODE       VOLT  
    1171  -267.70     
    1172  -267.37     
    1173  -267.05     
    1174  -266.73     
    1175  -266.41     
    1176  -266.08     
    1177  -265.76     
    1178  -265.44     
    1179  -265.11     
    1180  -264.79     
    1181  -264.47     
    1182  -264.15     
    1183  -263.82     
    1184  -263.50     
    1185  -263.18     
    1186  -262.85     
    1187  -262.53     
    1188  -262.21     
    1189  -261.89     
    1190  -261.56     
    1191  -261.24     
    1192  -260.92     
    1193  -260.59     
    1194  -260.27     
    1195  -259.95     
    1196  -259.63     
    1197  -259.30     
    1198  -258.98     
    1199  -258.66     
    1200  -258.34     
    1201  -258.01     
    1202  -257.69     
    1203  -257.37     
    1204  -257.04     
    1205  -256.72     
    1206  -256.40     
    1207  -256.08     
    1208  -255.75     
    1209  -255.43     
 
  ***** POST1 NODAL DEGREE OF FREEDOM LISTING *****                            
 
  LOAD STEP=     1  SUBSTEP=     1                                             
   TIME=    1.0000      LOAD CASE=   0                                         
 
    NODE       VOLT  
    1210  -255.11     
    1211  -254.78     
    1212  -254.46     
    1213  -254.14     
    1214  -253.82     
    1215  -253.49     
    1216  -253.17     
    1217  -252.85     
    1218  -252.52     
    1219  -252.20     
    1220  -251.88     
    1221  -251.56     
    1222  -251.23     
    1223  -250.91     
    1224  -250.59     
    1225  -250.26     
    1226  -249.94     
    1227  -249.62     
    1228  -249.30     
    1229  -248.97     
    1230  -248.65     
    1231  -248.33     
    1232  -248.01     
    1233  -247.68     
    1234  -247.36     
    1235  -247.04     
    1236  -246.71     
    1237  -246.39     
    1238  -246.07     
    1239  -245.75     
    1240  -245.42     
    1241  -245.10     
    1242  -244.78     
    1243  -244.45     
    1244  -244.13     
    1245  -243.81     
    1246  -243.49     
    1247  -243.16     
    1248  -242.84     
 
  ***** POST1 NODAL DEGREE OF FREEDOM LISTING *****                            
 
  LOAD STEP=     1  SUBSTEP=     1                                             
   TIME=    1.0000      LOAD CASE=   0                                         
 
    NODE       VOLT  
    1249  -242.52     
    1250  -242.19     
    1251  -241.87     
    1252  -241.55     
    1253  -241.23     
    1254  -240.90     
    1255  -240.58     
    1256  -240.26     
    1257  -239.93     
    1258  -239.61     
    1259  -239.29     
    1260  -238.97     
    1261  -238.64     
    1262  -238.32     
    1263  -238.00     
    1264  -237.68     
    1265  -237.35     
    1266  -237.03     
    1267  -236.71     
    1268  -236.38     
    1269  -236.06     
    1270  -235.74     
    1271  -235.42     
    1272  -235.09     
    1273  -234.77     
    1274  -234.45     
    1275  -234.12     
    1276  -233.80     
    1277  -233.48     
    1278  -233.16     
    1279  -232.83     
    1280  -232.51     
    1281  -232.19     
    1282  -231.86     
    1283  -231.54     
    1284  -231.22     
    1285  -230.90     
    1286  -230.57     
    1287  -230.25     
 
  ***** POST1 NODAL DEGREE OF FREEDOM LISTING *****                            
 
  LOAD STEP=     1  SUBSTEP=     1                                             
   TIME=    1.0000      LOAD CASE=   0                                         
 
    NODE       VOLT  
    1288  -229.93     
    1289  -229.60     
    1290  -229.28     
    1291  -228.96     
    1292  -228.64     
    1293  -228.31     
    1294  -227.99     
    1295  -227.67     
    1296  -227.35     
    1297  -227.02     
    1298  -226.70     
    1299  -226.38     
    1300  -226.05     
    1301  -225.73     
    1302  -225.41     
    1303  -225.09     
    1304  -224.76     
    1305  -224.44     
    1306  -224.12     
    1307  -223.79     
    1308  -223.47     
    1309  -223.15     
    1310  -222.83     
    1311  -222.50     
    1312  -222.18     
    1313  -221.86     
    1314  -221.53     
    1315  -221.21     
    1316  -220.89     
    1317  -220.57     
    1318  -220.24     
    1319  -219.92     
    1320  -219.60     
    1321  -219.28     
    1322  -218.95     
    1323  -218.63     
    1324  -218.31     
    1325  -217.98     
    1326  -217.66     
 
  ***** POST1 NODAL DEGREE OF FREEDOM LISTING *****                            
 
  LOAD STEP=     1  SUBSTEP=     1                                             
   TIME=    1.0000      LOAD CASE=   0                                         
 
    NODE       VOLT  
    1327  -217.34     
    1328  -217.02     
    1329  -216.69     
    1330  -216.37     
    1331  -216.05     
    1332  -215.72     
    1333  -215.40     
    1334  -215.08     
    1335  -214.76     
    1336  -214.43     
    1337  -214.11     
    1338  -213.79     
    1339  -213.46     
    1340  -213.14     
    1341  -212.82     
    1342  -212.50     
    1343  -212.17     
    1344  -211.85     
    1345  -211.53     
    1346  -211.20     
    1347  -210.88     
    1348  -210.56     
    1349  -210.24     
    1350  -209.91     
    1351  -209.59     
    1352  -209.27     
    1353  -208.95     
    1354  -208.62     
    1355  -208.30     
    1356  -207.98     
    1357  -207.65     
    1358  -207.33     
    1359  -207.01     
    1360  -206.69     
    1361  -206.36     
    1362  -206.04     
    1363  -205.72     
    1364  -205.39     
    1365  -205.07     
 
  ***** POST1 NODAL DEGREE OF FREEDOM LISTING *****                            
 
  LOAD STEP=     1  SUBSTEP=     1                                             
   TIME=    1.0000      LOAD CASE=   0                                         
 
    NODE       VOLT  
    1366  -204.75     
    1367  -204.43     
    1368  -204.10     
    1369  -203.78     
    1370  -203.46     
    1371  -203.13     
    1372  -202.81     
    1373  -202.49     
    1374  -202.17     
    1375  -201.84     
    1376  -201.52     
    1377  -201.20     
    1378  -200.87     
    1379  -200.55     
    1380  -200.23     
    1381  -199.91     
    1382  -199.58     
    1383  -199.26     
    1384  -198.94     
    1385  -198.63     
    1386  -198.35     
    1387  -198.07     
    1388  -197.85     
    1389  -197.61     
    1390  -197.35     
    1391  -197.04     
    1392  -196.47     
    1393  -195.24     
    1394  -193.83     
    1395  -190.24     
    1396  -184.53     
    1397  -174.22     
    1398  -158.50     
    1399  -134.36     
    1400  -103.12     
    1401  -64.029     
    1402  -23.026     
    1403   19.691     
    1404   66.108     
 
  ***** POST1 NODAL DEGREE OF FREEDOM LISTING *****                            
 
  LOAD STEP=     1  SUBSTEP=     1                                             
   TIME=    1.0000      LOAD CASE=   0                                         
 
    NODE       VOLT  
    1405   108.14     
    1406   145.50     
    1407   171.09     
    1408   193.93     
    1409   206.73     
    1410   218.54     
    1411   227.50     
    1412   240.59     
    1413   253.22     
    1414   269.97     
    1415   286.72     
    1416   304.60     
    1417   322.47     
    1418   340.84     
    1419   359.20     
    1420   377.56     
    1421   395.92     
    1422   414.28     
    1423   432.64     
    1424   451.00     
    1425   469.37     
    1426   487.73     
    1427   506.09     
    1428   524.45     
    1429   542.81     
    1430   561.17     
    1431   579.53     
    1432   597.90     
    1433   616.26     
    1434   634.62     
    1435   652.98     
    1436   671.34     
    1437   689.70     
    1438   708.06     
    1439   726.43     
    1440   744.79     
    1441   763.15     
    1442   781.51     
    1443   799.87     
 
  ***** POST1 NODAL DEGREE OF FREEDOM LISTING *****                            
 
  LOAD STEP=     1  SUBSTEP=     1                                             
   TIME=    1.0000      LOAD CASE=   0                                         
 
    NODE       VOLT  
    1444   818.23     
    1445   836.59     
    1446   854.96     
    1447   873.32     
    1448   891.68     
    1449   910.04     
    1450   928.40     
    1451   946.76     
    1452   959.88     
    1453   209.93     
    1454   209.89     
    1455   209.96     
    1456   210.23     
    1457   211.01     
    1458   212.21     
    1459   214.41     
    1460   217.03     
    1461   221.31     
    1462   225.96     
    1463   232.71     
    1464   239.63     
    1465   249.22     
    1466   258.87     
    1467   271.45     
    1468   284.03     
    1469   299.49     
    1470   314.95     
    1471   332.88     
    1472   350.82     
    1473   369.16     
    1474   387.51     
    1475   405.87     
    1476   424.23     
    1477   442.59     
    1478   460.96     
    1479   483.52     
    1480   506.09     
    1481   524.45     
    1482   542.81     
 
  ***** POST1 NODAL DEGREE OF FREEDOM LISTING *****                            
 
  LOAD STEP=     1  SUBSTEP=     1                                             
   TIME=    1.0000      LOAD CASE=   0                                         
 
    NODE       VOLT  
    1483   561.17     
    1484   579.53     
    1485   597.90     
    1486   616.26     
    1487   634.62     
    1488   652.98     
    1489   671.34     
    1490   689.70     
    1491   708.06     
    1492   726.43     
    1493   744.79     
    1494   763.15     
    1495   781.51     
    1496   799.87     
    1497   818.23     
    1498   836.59     
    1499   854.96     
    1500   873.32     
    1501   891.68     
    1502   910.04     
    1503   928.40     
    1504   946.76     
    1505   959.88     
    1506   959.88     
    1507   946.76     
    1508   928.40     
    1509   910.04     
    1510   894.60     
    1511   879.16     
    1512   863.71     
    1513   848.27     
    1514   829.91     
    1515   811.55     
    1516   793.19     
    1517   774.83     
    1518   756.46     
    1519   738.10     
    1520   719.74     
    1521   701.38     
 
  ***** POST1 NODAL DEGREE OF FREEDOM LISTING *****                            
 
  LOAD STEP=     1  SUBSTEP=     1                                             
   TIME=    1.0000      LOAD CASE=   0                                         
 
    NODE       VOLT  
    1522   683.02     
    1523   664.66     
    1524   646.30     
    1525   627.93     
    1526   609.57     
    1527   591.21     
    1528   572.85     
    1529   554.49     
    1530   536.13     
    1531   517.77     
    1532   499.40     
    1533   481.04     
    1534   462.68     
    1535   444.32     
    1536   425.96     
    1537   407.60     
    1538   389.27     
    1539   370.94     
    1540   352.96     
    1541   334.98     
    1542   318.28     
    1543   301.57     
    1544   287.06     
    1545   272.54     
    1546   260.80     
    1547   249.04     
    1548   240.38     
    1549   231.62     
    1550   224.81     
    1551   216.84     
    1552   209.73     
    1553   199.96     
    1554   188.38     
    1555   170.86     
    1556   147.74     
    1557   115.27     
    1558   78.896     
    1559   37.621     
    1560  -6.2223     
 
  ***** POST1 NODAL DEGREE OF FREEDOM LISTING *****                            
 
  LOAD STEP=     1  SUBSTEP=     1                                             
   TIME=    1.0000      LOAD CASE=   0                                         
 
    NODE       VOLT  
    1561  -49.620     
    1562  -94.002     
    1563  -129.73     
    1564  -158.84     
    1565  -175.56     
    1566  -188.23     
    1567  -194.01     
    1568  -196.13     
    1569  -197.08     
    1570  -197.47     
    1571  -197.72     
    1572  -198.03     
    1573  -198.33     
    1574  -198.65     
    1575  -198.97     
    1576  -199.30     
    1577  -199.62     
    1578  -199.94     
    1579  -200.26     
    1580  -200.59     
    1581  -200.91     
    1582  -201.23     
    1583  -201.56     
    1584  -201.88     
    1585  -202.20     
    1586  -202.52     
    1587  -202.85     
    1588  -203.17     
    1589  -203.49     
    1590  -203.82     
    1591  -204.14     
    1592  -204.46     
    1593  -204.78     
    1594  -205.11     
    1595  -205.43     
    1596  -205.75     
    1597  -206.07     
    1598  -206.40     
    1599  -206.72     
 
  ***** POST1 NODAL DEGREE OF FREEDOM LISTING *****                            
 
  LOAD STEP=     1  SUBSTEP=     1                                             
   TIME=    1.0000      LOAD CASE=   0                                         
 
    NODE       VOLT  
    1600  -207.04     
    1601  -207.37     
    1602  -207.69     
    1603  -208.01     
    1604  -208.33     
    1605  -208.66     
    1606  -208.98     
    1607  -209.30     
    1608  -209.63     
    1609  -209.95     
    1610  -210.27     
    1611  -210.59     
    1612  -210.92     
    1613  -211.24     
    1614  -211.56     
    1615  -211.89     
    1616  -212.21     
    1617  -212.53     
    1618  -212.85     
    1619  -213.18     
    1620  -213.50     
    1621  -213.82     
    1622  -214.15     
    1623  -214.47     
    1624  -214.79     
    1625  -215.11     
    1626  -215.44     
    1627  -215.76     
    1628  -216.08     
    1629  -216.40     
    1630  -216.73     
    1631  -217.05     
    1632  -217.37     
    1633  -217.70     
    1634  -218.02     
    1635  -218.34     
    1636  -218.66     
    1637  -218.99     
    1638  -219.31     
 
  ***** POST1 NODAL DEGREE OF FREEDOM LISTING *****                            
 
  LOAD STEP=     1  SUBSTEP=     1                                             
   TIME=    1.0000      LOAD CASE=   0                                         
 
    NODE       VOLT  
    1639  -219.63     
    1640  -219.96     
    1641  -220.28     
    1642  -220.60     
    1643  -220.92     
    1644  -221.25     
    1645  -221.57     
    1646  -221.89     
    1647  -222.22     
    1648  -222.54     
    1649  -222.86     
    1650  -223.18     
    1651  -223.51     
    1652  -223.83     
    1653  -224.15     
    1654  -224.48     
    1655  -224.80     
    1656  -225.12     
    1657  -225.44     
    1658  -225.77     
    1659  -226.09     
    1660  -226.41     
    1661  -226.73     
    1662  -227.06     
    1663  -227.38     
    1664  -227.70     
    1665  -228.03     
    1666  -228.35     
    1667  -228.67     
    1668  -228.99     
    1669  -229.32     
    1670  -229.64     
    1671  -229.96     
    1672  -230.29     
    1673  -230.61     
    1674  -230.93     
    1675  -231.25     
    1676  -231.58     
    1677  -231.90     
 
  ***** POST1 NODAL DEGREE OF FREEDOM LISTING *****                            
 
  LOAD STEP=     1  SUBSTEP=     1                                             
   TIME=    1.0000      LOAD CASE=   0                                         
 
    NODE       VOLT  
    1678  -232.22     
    1679  -232.55     
    1680  -232.87     
    1681  -233.19     
    1682  -233.51     
    1683  -233.84     
    1684  -234.16     
    1685  -234.48     
    1686  -234.80     
    1687  -235.13     
    1688  -235.45     
    1689  -235.77     
    1690  -236.10     
    1691  -236.42     
    1692  -236.74     
    1693  -237.06     
    1694  -237.39     
    1695  -237.71     
    1696  -238.03     
    1697  -238.36     
    1698  -238.68     
    1699  -239.00     
    1700  -239.32     
    1701  -239.65     
    1702  -239.97     
    1703  -240.29     
    1704  -240.62     
    1705  -240.94     
    1706  -241.26     
    1707  -241.58     
    1708  -241.91     
    1709  -242.23     
    1710  -242.55     
    1711  -242.88     
    1712  -243.20     
    1713  -243.52     
    1714  -243.84     
    1715  -244.17     
    1716  -244.49     
 
  ***** POST1 NODAL DEGREE OF FREEDOM LISTING *****                            
 
  LOAD STEP=     1  SUBSTEP=     1                                             
   TIME=    1.0000      LOAD CASE=   0                                         
 
    NODE       VOLT  
    1717  -244.81     
    1718  -245.13     
    1719  -245.46     
    1720  -245.78     
    1721  -246.10     
    1722  -246.43     
    1723  -246.75     
    1724  -247.07     
    1725  -247.39     
    1726  -247.72     
    1727  -248.04     
    1728  -248.36     
    1729  -248.69     
    1730  -249.01     
    1731  -249.33     
    1732  -249.65     
    1733  -249.98     
    1734  -250.30     
    1735  -250.62     
    1736  -250.95     
    1737  -251.27     
    1738  -251.59     
    1739  -251.91     
    1740  -252.24     
    1741  -252.56     
    1742  -252.88     
    1743  -253.21     
    1744  -253.53     
    1745  -253.85     
    1746  -254.17     
    1747  -254.50     
    1748  -254.82     
    1749  -255.14     
    1750  -255.46     
    1751  -255.79     
    1752  -256.11     
    1753  -256.43     
    1754  -256.76     
    1755  -257.08     
 
  ***** POST1 NODAL DEGREE OF FREEDOM LISTING *****                            
 
  LOAD STEP=     1  SUBSTEP=     1                                             
   TIME=    1.0000      LOAD CASE=   0                                         
 
    NODE       VOLT  
    1756  -257.40     
    1757  -257.72     
    1758  -258.05     
    1759  -258.37     
    1760  -258.69     
    1761  -259.02     
    1762  -259.34     
    1763  -259.66     
    1764  -259.98     
    1765  -260.31     
    1766  -260.63     
    1767  -260.95     
    1768  -261.28     
    1769  -261.60     
    1770  -261.92     
    1771  -262.24     
    1772  -262.57     
    1773  -262.89     
    1774  -263.21     
    1775  -263.53     
    1776  -263.86     
    1777  -264.18     
    1778  -264.50     
    1779  -264.83     
    1780  -265.15     
    1781  -265.47     
    1782  -265.79     
    1783  -266.12     
    1784  -266.44     
    1785  -266.76     
    1786  -267.09     
    1787  -267.41     
    1788  -267.73     
    1789  -268.05     
    1790  -268.38     
    1791  -268.70     
    1792  -269.02     
    1793  -269.35     
    1794  -269.67     
 
  ***** POST1 NODAL DEGREE OF FREEDOM LISTING *****                            
 
  LOAD STEP=     1  SUBSTEP=     1                                             
   TIME=    1.0000      LOAD CASE=   0                                         
 
    NODE       VOLT  
    1795  -269.99     
    1796  -270.31     
    1797  -270.64     
    1798  -270.96     
    1799  -271.28     
    1800  -271.61     
    1801  -271.93     
    1802  -272.25     
    1803  -272.57     
    1804  -272.90     
    1805  -273.22     
    1806  -273.54     
    1807  -273.86     
    1808  -274.19     
    1809  -274.51     
    1810  -274.83     
    1811  -275.16     
    1812  -275.48     
    1813  -275.80     
    1814  -276.12     
    1815  -276.45     
    1816  -276.77     
    1817  -277.09     
    1818  -277.42     
    1819  -277.74     
    1820  -278.06     
    1821  -278.38     
    1822  -278.71     
    1823  -279.03     
    1824  -279.35     
    1825  -279.68     
    1826  -280.00     
    1827  -280.32     
    1828  -280.64     
    1829  -280.97     
    1830  -281.29     
    1831  -281.61     
    1832  -281.94     
    1833  -282.26     
 
  ***** POST1 NODAL DEGREE OF FREEDOM LISTING *****                            
 
  LOAD STEP=     1  SUBSTEP=     1                                             
   TIME=    1.0000      LOAD CASE=   0                                         
 
    NODE       VOLT  
    1834  -282.58     
    1835  -282.90     
    1836  -283.23     
    1837  -283.55     
    1838  -283.87     
    1839  -284.19     
    1840  -284.52     
    1841  -284.84     
    1842  -285.16     
    1843  -285.49     
    1844  -285.81     
    1845  -286.13     
    1846  -286.45     
    1847  -286.78     
    1848  -287.10     
    1849  -287.42     
    1850  -287.75     
    1851  -288.07     
    1852  -288.39     
    1853  -288.71     
    1854  -289.04     
    1855  -289.36     
    1856  -289.68     
    1857  -290.01     
    1858  -290.33     
    1859  -290.65     
    1860  -290.97     
    1861  -291.30     
    1862  -291.62     
    1863  -291.94     
    1864  -292.26     
    1865  -292.59     
    1866  -292.91     
    1867  -293.23     
    1868  -293.56     
    1869  -293.88     
    1870  -294.20     
    1871  -294.52     
    1872  -294.85     
 
  ***** POST1 NODAL DEGREE OF FREEDOM LISTING *****                            
 
  LOAD STEP=     1  SUBSTEP=     1                                             
   TIME=    1.0000      LOAD CASE=   0                                         
 
    NODE       VOLT  
    1873  -295.17     
    1874  -295.49     
    1875  -295.82     
    1876  -296.14     
    1877  -296.46     
    1878  -296.78     
    1879  -297.11     
    1880  -297.43     
    1881  -297.75     
    1882  -298.08     
    1883  -298.40     
    1884  -298.72     
    1885  -299.04     
    1886  -299.37     
    1887  -299.69     
    1888  -300.01     
    1889  -300.34     
    1890  -300.66     
    1891  -300.98     
    1892  -301.30     
    1893  -301.63     
    1894  -301.95     
    1895  -302.27     
    1896  -302.59     
    1897  -302.92     
    1898  -303.24     
    1899  -303.56     
    1900  -303.89     
    1901  -304.21     
    1902  -304.53     
    1903  -304.85     
    1904  -305.18     
    1905  -305.50     
    1906  -305.82     
    1907  -306.15     
    1908  -306.47     
    1909  -306.79     
    1910  -307.11     
    1911  -307.44     
 
  ***** POST1 NODAL DEGREE OF FREEDOM LISTING *****                            
 
  LOAD STEP=     1  SUBSTEP=     1                                             
   TIME=    1.0000      LOAD CASE=   0                                         
 
    NODE       VOLT  
    1912  -307.76     
    1913  -308.08     
    1914  -308.41     
    1915  -308.73     
    1916  -309.05     
    1917  -309.37     
    1918  -309.70     
    1919  -310.02     
    1920  -310.34     
    1921  -310.67     
    1922  -310.99     
    1923  -311.31     
    1924  -311.63     
    1925  -311.96     
    1926  -312.28     
    1927  -312.60     
    1928  -312.92     
    1929  -313.25     
    1930  -313.57     
    1931  -313.89     
    1932  -314.22     
    1933  -314.54     
    1934  -314.77     
    1935   164.86     
    1936   163.88     
    1937   164.69     
    1938   165.91     
    1939   165.24     
    1940   165.18     
    1941   165.69     
    1942   166.10     
    1943   165.62     
    1944   164.97     
    1945   164.91     
    1946   165.72     
    1947   164.94     
    1948   164.83     
    1949   164.85     
    1950   165.43     
 
  ***** POST1 NODAL DEGREE OF FREEDOM LISTING *****                            
 
  LOAD STEP=     1  SUBSTEP=     1                                             
   TIME=    1.0000      LOAD CASE=   0                                         
 
    NODE       VOLT  
    1951   165.35     
    1952  0.10335     
    1953  0.24941     
    1954  0.47446E-001
    1955 -0.25041     
    1956 -0.73665E-002
    1957  0.86825E-001
    1958  0.12690     
    1959  0.16979     
    1960  0.18117     
    1961  0.29620     
    1962  0.25101     
    1963   150.84     
    1964   135.06     
    1965   113.26     
    1966   91.979     
    1967   66.429     
    1968   42.381     
    1969   19.119     
    1970   164.99     
    1971   165.06     
    1972   164.93     
    1973   165.43     
    1974   164.78     
    1975   165.27     
    1976   165.33     
    1977   165.73     
    1978   165.26     
    1979   165.05     
    1980   164.72     
    1981   165.23     
    1982   165.56     
    1983   166.45     
    1984   165.23     
    1985   165.12     
    1986   165.49     
    1987  -164.72     
    1988  -164.93     
    1989  -164.99     
 
  ***** POST1 NODAL DEGREE OF FREEDOM LISTING *****                            
 
  LOAD STEP=     1  SUBSTEP=     1                                             
   TIME=    1.0000      LOAD CASE=   0                                         
 
    NODE       VOLT  
    1990  -165.15     
    1991  -165.58     
    1992  -165.56     
    1993  -165.25     
    1994  -165.34     
    1995  -164.80     
    1996  -164.63     
    1997  -164.32     
    1998  -164.51     
    1999  -164.05     
    2000  -163.99     
    2001  -163.60     
    2002  -164.63     
    2003  -165.09     
    2004  -210.00     
    2005  -210.00     
    2006  -210.00     
    2007  -210.00     
    2008  -210.00     
    2009  -210.00     
    2010  -210.00     
    2011  -210.00     
    2012  -210.00     
    2013  -210.00     
    2014  -210.00     
    2015  -210.00     
    2016  -210.00     
    2017  -210.00     
    2018  -210.00     
    2019  -210.00     
    2020  -210.00     
    2021  -210.00     
    2022  -210.00     
    2023  -210.00     
    2024  -210.00     
    2025  -210.00     
    2026  -210.00     
    2027  -210.00     
    2028  -210.00     
 
  ***** POST1 NODAL DEGREE OF FREEDOM LISTING *****                            
 
  LOAD STEP=     1  SUBSTEP=     1                                             
   TIME=    1.0000      LOAD CASE=   0                                         
 
    NODE       VOLT  
    2029  -210.00     
    2030  -210.00     
    2031  -210.00     
    2032  -210.00     
    2033  -210.00     
    2034  -210.00     
    2035  -210.00     
    2036  -210.00     
    2037  -210.00     
    2038  -210.00     
    2039  -210.00     
    2040  -210.00     
    2041  -210.00     
    2042   210.00     
    2043   210.00     
    2044   210.00     
    2045   210.00     
    2046   210.00     
    2047   210.00     
    2048   210.00     
    2049   210.00     
    2050   210.00     
    2051   210.00     
    2052   210.00     
    2053   210.00     
    2054   210.00     
    2055   210.00     
    2056   210.00     
    2057   210.00     
    2058   210.00     
    2059   210.00     
    2060   210.00     
    2061   210.00     
    2062   210.00     
    2063   210.00     
    2064   210.00     
    2065   210.00     
    2066   210.00     
    2067   210.00     
 
  ***** POST1 NODAL DEGREE OF FREEDOM LISTING *****                            
 
  LOAD STEP=     1  SUBSTEP=     1                                             
   TIME=    1.0000      LOAD CASE=   0                                         
 
    NODE       VOLT  
    2068   210.00     
    2069   210.00     
    2070   210.00     
    2071   210.00     
    2072   210.00     
    2073   210.00     
    2074   210.00     
    2075   210.00     
    2076   210.00     
    2077   210.00     
    2078   210.00     
    2079   210.00     
    2080  -18.885     
    2081  -42.159     
    2082  -66.263     
    2083  -91.779     
    2084  -113.45     
    2085  -135.50     
    2086  -151.36     
    2087  0.18866     
    2088  0.15659     
    2089  0.23789     
    2090  0.21092     
    2091  0.22615     
    2092  0.34599     
    2093  0.29731     
    2094  0.24857     
    2095  0.29256     
    2096  0.30555     
    2097  0.24417     
    2098   151.68     
    2099   135.83     
    2100   113.81     
    2101   92.097     
    2102   66.530     
    2103   42.420     
    2104   19.199     
    2105   151.24     
    2106   135.73     
 
  ***** POST1 NODAL DEGREE OF FREEDOM LISTING *****                            
 
  LOAD STEP=     1  SUBSTEP=     1                                             
   TIME=    1.0000      LOAD CASE=   0                                         
 
    NODE       VOLT  
    2107   113.60     
    2108   91.906     
    2109   65.928     
    2110   41.530     
    2111   18.814     
    2112  -18.525     
    2113  -41.245     
    2114  -65.653     
    2115  -91.661     
    2116  -113.25     
    2117  -135.43     
    2118  -151.44     
    2119  -165.06     
    2120  -164.28     
    2121  -163.93     
    2122  -164.28     
    2123  -164.80     
    2124  -165.03     
    2125  -164.96     
    2126  -164.49     
    2127  -164.26     
    2128  -164.64     
    2129  -164.32     
    2130  -164.85     
    2131  -165.61     
    2132  -166.11     
    2133  -165.80     
    2134  -166.29     
    2135  -166.09     
    2136  -210.00     
    2137  -210.00     
    2138  -210.00     
    2139  -210.00     
    2140  -210.00     
    2141  -210.00     
    2142  -210.00     
    2143  -210.00     
    2144  -210.00     
    2145  -210.00     
 
  ***** POST1 NODAL DEGREE OF FREEDOM LISTING *****                            
 
  LOAD STEP=     1  SUBSTEP=     1                                             
   TIME=    1.0000      LOAD CASE=   0                                         
 
    NODE       VOLT  
    2146  -210.00     
    2147  -210.00     
    2148  -210.00     
    2149  -210.00     
    2150  -210.00     
    2151  -210.00     
    2152  -210.00     
    2153  -210.00     
    2154  -210.00     
    2155  -210.00     
    2156  -210.00     
    2157  -210.00     
    2158  -210.00     
    2159  -210.00     
    2160  -210.00     
    2161  -210.00     
    2162  -210.00     
    2163  -210.00     
    2164  -210.00     
    2165  -210.00     
    2166  -210.00     
    2167  -210.00     
    2168  -210.00     
    2169  -210.00     
    2170  -210.00     
    2171  -210.00     
    2172  -210.00     
    2173  -210.00     
    2174   210.00     
    2175   210.00     
    2176   210.00     
    2177   210.00     
    2178   210.00     
    2179   210.00     
    2180   210.00     
    2181   210.00     
    2182   210.00     
    2183   210.00     
    2184   210.00     
 
  ***** POST1 NODAL DEGREE OF FREEDOM LISTING *****                            
 
  LOAD STEP=     1  SUBSTEP=     1                                             
   TIME=    1.0000      LOAD CASE=   0                                         
 
    NODE       VOLT  
    2185   210.00     
    2186   210.00     
    2187   210.00     
    2188   210.00     
    2189   210.00     
    2190   210.00     
    2191   210.00     
    2192   210.00     
    2193   210.00     
    2194   210.00     
    2195   210.00     
    2196   210.00     
    2197   210.00     
    2198   210.00     
    2199   210.00     
    2200   210.00     
    2201   210.00     
    2202   210.00     
    2203   210.00     
    2204   210.00     
    2205   210.00     
    2206   210.00     
    2207   210.00     
    2208   210.00     
    2209   210.00     
    2210   210.00     
    2211   210.00     
    2212  -18.704     
    2213  -42.028     
    2214  -66.117     
    2215  -91.657     
    2216  -113.16     
    2217  -135.11     
    2218  -150.68     
    2219   210.00     
    2220   210.00     
    2221   210.00     
    2222   210.00     
    2223   210.00     
 
  ***** POST1 NODAL DEGREE OF FREEDOM LISTING *****                            
 
  LOAD STEP=     1  SUBSTEP=     1                                             
   TIME=    1.0000      LOAD CASE=   0                                         
 
    NODE       VOLT  
    2224   210.00     
    2225   210.00     
    2226   210.00     
    2227   210.00     
    2228   210.00     
    2229   210.00     
    2230   210.00     
    2231   210.00     
    2232   210.00     
    2233   210.00     
    2234   210.00     
    2235   210.00     
    2236   210.00     
    2237   210.00     
    2238   210.00     
    2239   210.00     
    2240   210.00     
    2241   210.00     
    2242   210.00     
    2243   210.00     
    2244   210.00     
    2245   210.00     
    2246   210.00     
    2247   210.00     
    2248   210.00     
    2249   210.00     
    2250   210.00     
    2251  -210.00     
    2252  -210.00     
    2253  -210.00     
    2254  -210.00     
    2255  -210.00     
    2256  -210.00     
    2257  -210.00     
    2258  -210.00     
    2259  -210.00     
    2260  -210.00     
    2261  -210.00     
    2262  -210.00     
 
  ***** POST1 NODAL DEGREE OF FREEDOM LISTING *****                            
 
  LOAD STEP=     1  SUBSTEP=     1                                             
   TIME=    1.0000      LOAD CASE=   0                                         
 
    NODE       VOLT  
    2263  -210.00     
    2264  -210.00     
    2265  -210.00     
    2266  -210.00     
    2267  -210.00     
    2268  -210.00     
    2269  -210.00     
    2270  -210.00     
    2271  -210.00     
    2272  -210.00     
    2273  -210.00     
    2274  -210.00     
    2275  -210.00     
    2276  -210.00     
    2277  -210.00     
    2278  -210.00     
    2279  -210.00     
    2280  -210.00     
    2281  -210.00     
    2282  -210.00     
    2283  -210.00     
    2284  -210.00     
    2285  -210.00     
    2286  -210.00     
    2287  -210.00     
    2288  -210.00     
    2289  -210.00     
    2290  -210.00     
    2291  -210.00     
    2292  -210.00     
    2293  -210.00     
    2294  -210.00     
    2295  -210.00     
    2296  -210.00     
    2297  -210.00     
    2298  -210.00     
    2299  -210.00     
    2300  -210.00     
    2301  -210.00     
 
  ***** POST1 NODAL DEGREE OF FREEDOM LISTING *****                            
 
  LOAD STEP=     1  SUBSTEP=     1                                             
   TIME=    1.0000      LOAD CASE=   0                                         
 
    NODE       VOLT  
    2302  -210.00     
    2303  -210.00     
    2304  -210.00     
    2305  -210.00     
    2306  -210.00     
    2307  -210.00     
    2308  -210.00     
    2309  -210.00     
    2310  -210.00     
    2311  -210.00     
    2312  -210.00     
    2313  -210.00     
    2314  -210.00     
    2315   210.00     
    2316   210.00     
    2317   210.00     
    2318   210.00     
    2319   210.00     
    2320   210.00     
    2321   210.00     
    2322   210.00     
    2323   210.00     
    2324   210.00     
    2325   210.00     
    2326   210.00     
    2327   210.00     
    2328   210.00     
    2329   210.00     
    2330   210.00     
    2331   210.00     
    2332   210.00     
    2333   210.00     
    2334   210.00     
    2335   210.00     
    2336   210.00     
    2337   210.00     
    2338   210.00     
    2339   210.00     
    2340   210.00     
 
  ***** POST1 NODAL DEGREE OF FREEDOM LISTING *****                            
 
  LOAD STEP=     1  SUBSTEP=     1                                             
   TIME=    1.0000      LOAD CASE=   0                                         
 
    NODE       VOLT  
    2341   210.00     
    2342   210.00     
    2343   210.00     
    2344   210.00     
    2345   210.00     
    2346   210.00     
    2347  -49.771     
    2348  -64.571     
    2349  -110.73     
    2350  -150.05     
    2351  -44.092     
    2352  -128.71     
    2353  -27.028     
    2354  -141.03     
    2355  -157.08     
    2356  -140.36     
    2357  -155.98     
    2358  -30.718     
    2359  -32.585     
    2360  -11.371     
    2361  -11.297     
    2362  -46.743     
    2363  -10.977     
    2364  -32.725     
    2365  -10.917     
    2366  -75.196     
    2367  -82.891     
    2368  -90.897     
    2369  -78.658     
    2370  -102.96     
    2371  -71.535     
    2372  -51.147     
    2373  -52.046     
    2374  -54.245     
    2375  -55.631     
    2376  -61.003     
    2377  -62.054     
    2378  -97.721     
    2379  -97.658     
 
  ***** POST1 NODAL DEGREE OF FREEDOM LISTING *****                            
 
  LOAD STEP=     1  SUBSTEP=     1                                             
   TIME=    1.0000      LOAD CASE=   0                                         
 
    NODE       VOLT  
    2380  -102.25     
    2381  -99.978     
    2382  -113.45     
    2383  -107.78     
    2384  -115.67     
    2385  -113.01     
    2386  -96.212     
    2387  -50.132     
    2388  -88.057     
    2389  -125.10     
    2390  -30.841     
    2391  -33.092     
    2392  -35.499     
    2393  -127.25     
    2394  -122.53     
    2395  -124.71     
    2396  -132.64     
    2397  -135.14     
    2398  -134.82     
    2399  -101.25     
    2400  -52.117     
    2401  -77.583     
    2402  -101.91     
    2403  -124.01     
    2404  -13.345     
    2405  -13.397     
    2406  -14.192     
    2407  -14.290     
    2408  -15.687     
    2409  -15.685     
    2410  -16.561     
    2411  -16.366     
    2412  -150.16     
    2413  -149.70     
    2414  -146.07     
    2415  -145.37     
    2416  -145.85     
    2417  -145.57     
    2418  -148.21     
 
  ***** POST1 NODAL DEGREE OF FREEDOM LISTING *****                            
 
  LOAD STEP=     1  SUBSTEP=     1                                             
   TIME=    1.0000      LOAD CASE=   0                                         
 
    NODE       VOLT  
    2419  -148.51     
    2420  -152.18     
    2421  -152.75     
    2422  -150.82     
    2423  -150.77     
    2424  -154.36     
    2425  -153.30     
    2426  -80.670     
    2427  -55.723     
    2428  -133.68     
    2429  -111.71     
    2430  -132.63     
    2431  -70.928     
    2432  -137.79     
    2433  -132.47     
    2434  -138.32     
    2435  -127.54     
    2436  -123.07     
    2437  -122.93     
    2438  -37.302     
    2439  -34.865     
    2440  -32.255     
    2441  -30.391     
    2442  -112.71     
    2443  -64.352     
    2444  -93.859     
    2445  -89.104     
    2446  -77.997     
    2447  -73.548     
    2448  -24.423     
    2449  -25.138     
    2450  -144.80     
    2451   180.69     
    2452  -180.12     
    2453   88.735     
    2454  -108.44     
    2455   103.81     
    2456  -114.11     
    2457   1.9334     
 
  ***** POST1 NODAL DEGREE OF FREEDOM LISTING *****                            
 
  LOAD STEP=     1  SUBSTEP=     1                                             
   TIME=    1.0000      LOAD CASE=   0                                         
 
    NODE       VOLT  
    2458  -19.249     
    2459  -19.420     
    2460   110.14     
    2461   105.62     
    2462  -116.44     
    2463  -162.80     
    2464   162.49     
    2465  -112.28     
    2466  -157.29     
    2467  -184.68     
    2468  -155.14     
    2469  -184.73     
    2470   153.82     
    2471   155.51     
    2472   185.03     
    2473   185.08     
    2474  -4.4489     
    2475  -6.6559     
    2476  -71.764     
    2477  -73.524     
    2478  -48.413     
    2479  -113.34     
    2480   65.143     
    2481   47.512     
    2482   47.101     
    2483   89.460     
    2484   15.753     
    2485   98.803     
    2486  -80.609     
    2487  -151.14     
    2488   147.36     
    2489   51.079     
    2490   76.877     
    2491   12.521     
    2492  -10.759     
    2493  -60.348     
    2494  -35.616     
    2495   117.22     
    2496   141.41     
 
  ***** POST1 NODAL DEGREE OF FREEDOM LISTING *****                            
 
  LOAD STEP=     1  SUBSTEP=     1                                             
   TIME=    1.0000      LOAD CASE=   0                                         
 
    NODE       VOLT  
    2497  -141.37     
    2498  -117.08     
    2499  -182.67     
    2500  -182.45     
    2501  -182.05     
    2502  -178.31     
    2503   178.81     
    2504   178.08     
    2505   178.58     
    2506   178.51     
    2507  -176.26     
    2508  -172.01     
    2509   172.33     
    2510   176.47     
    2511   143.14     
    2512  -143.20     
    2513   147.23     
    2514  -154.84     
    2515  -25.549     
    2516   58.315     
    2517   33.545     
    2518   60.521     
    2519  -72.486     
    2520  -73.722     
    2521   160.12     
    2522  -159.41     
    2523   48.482     
    2524   106.31     
    2525   149.72     
    2526   152.86     
    2527   94.594     
    2528   38.785     
    2529   46.493     
    2530   24.087     
    2531   10.273     
    2532   31.070     
    2533   10.139     
    2534   26.378     
    2535   33.150     
 
  ***** POST1 NODAL DEGREE OF FREEDOM LISTING *****                            
 
  LOAD STEP=     1  SUBSTEP=     1                                             
   TIME=    1.0000      LOAD CASE=   0                                         
 
    NODE       VOLT  
    2536   11.300     
    2537   11.282     
    2538   89.563     
    2539   70.426     
    2540   75.673     
    2541   77.296     
    2542   68.325     
    2543   95.208     
    2544   95.012     
    2545   95.497     
    2546   96.557     
    2547   101.37     
    2548   108.13     
    2549   114.95     
    2550   117.93     
    2551   49.327     
    2552   50.262     
    2553   49.827     
    2554   52.911     
    2555   54.993     
    2556   48.795     
    2557   69.511     
    2558   94.803     
    2559   41.186     
    2560   126.19     
    2561   120.26     
    2562   121.48     
    2563   128.79     
    2564   133.33     
    2565   134.24     
    2566   28.784     
    2567   29.737     
    2568   28.256     
    2569   100.78     
    2570   136.59     
    2571   114.41     
    2572   73.500     
    2573   48.369     
    2574   151.41     
 
  ***** POST1 NODAL DEGREE OF FREEDOM LISTING *****                            
 
  LOAD STEP=     1  SUBSTEP=     1                                             
   TIME=    1.0000      LOAD CASE=   0                                         
 
    NODE       VOLT  
    2575   150.08     
    2576   145.78     
    2577   145.10     
    2578   144.20     
    2579   144.78     
    2580   144.83     
    2581   146.23     
    2582   151.65     
    2583   150.95     
    2584   150.27     
    2585   150.08     
    2586   153.38     
    2587   153.24     
    2588   13.054     
    2589   13.030     
    2590   13.285     
    2591   13.290     
    2592   14.177     
    2593   14.184     
    2594   11.990     
    2595   12.170     
    2596   111.94     
    2597   134.06     
    2598   55.497     
    2599   80.416     
    2600   70.013     
    2601   133.01     
    2602   26.796     
    2603   30.660     
    2604   29.830     
    2605   28.740     
    2606   137.82     
    2607   131.72     
    2608   135.67     
    2609   122.76     
    2610   121.17     
    2611   120.83     
    2612   56.792     
    2613   70.533     
 
  ***** POST1 NODAL DEGREE OF FREEDOM LISTING *****                            
 
  LOAD STEP=     1  SUBSTEP=     1                                             
   TIME=    1.0000      LOAD CASE=   0                                         
 
    NODE       VOLT  
    2614   81.592     
    2615   71.511     
    2616   98.616     
    2617   24.764     
    2618   22.074     
    2619   180.48     
    2620  -181.11     
    2621  -120.81     
    2622  -60.127     
    2623   35.069     
    2624  -122.27     
    2625  -116.11     
    2626  -168.00     
    2627   167.49     
    2628   157.92     
    2629   171.58     
    2630  -156.28     
    2631   156.24     
    2632   167.44     
    2633  -46.367     
    2634  -127.86     
    2635  -122.20     
    2636  -155.08     
    2637  -156.49     
    2638  -186.07     
    2639  -186.06     
    2640  -9.3367     
    2641  -38.344     
    2642  -81.656     
    2643  -64.605     
    2644 -0.25327     
    2645   3.0421     
    2646  -26.391     
    2647   1.9930     
    2648  -65.148     
    2649  -58.263     
    2650   61.275     
    2651   69.716     
    2652   66.570     
 
  ***** POST1 NODAL DEGREE OF FREEDOM LISTING *****                            
 
  LOAD STEP=     1  SUBSTEP=     1                                             
   TIME=    1.0000      LOAD CASE=   0                                         
 
    NODE       VOLT  
    2653   57.068     
    2654   55.867     
    2655   65.305     
    2656   58.472     
    2657   55.916     
    2658   53.389     
    2659  -91.681     
    2660  -36.576     
    2661   3.4924     
    2662  -17.323     
    2663  -66.038     
    2664  -102.84     
    2665  -39.108     
    2666  -47.787     
    2667  -117.38     
    2668  -87.899     
    2669  -59.041     
    2670  -62.945     
    2671  -58.720     
    2672   43.241     
    2673   70.821     
    2674   63.779     
    2675  -125.41     
    2676   115.44     
    2677   108.44     
    2678   122.28     
    2679   124.05     
    2680   123.64     
    2681  -141.03     
    2682  -154.34     
    2683  -122.51     
    2684   50.533     
    2685   25.506     
    2686   1.9090     
    2687  -21.523     
    2688   97.288     
    2689   137.91     
    2690  -124.80     
    2691  -130.22     
 
  ***** POST1 NODAL DEGREE OF FREEDOM LISTING *****                            
 
  LOAD STEP=     1  SUBSTEP=     1                                             
   TIME=    1.0000      LOAD CASE=   0                                         
 
    NODE       VOLT  
    2692  -158.50     
    2693  -155.97     
    2694   134.98     
    2695   110.83     
    2696  -110.50     
    2697  -134.75     
    2698  -178.96     
    2699  -179.00     
    2700  -178.98     
    2701  -186.97     
    2702  -186.95     
    2703  -181.53     
    2704  -181.51     
    2705  -182.80     
    2706  -182.79     
    2707  -168.21     
    2708  -168.11     
    2709  -168.18     
    2710  -163.41     
    2711  -163.98     
    2712  -170.78     
    2713   167.46     
    2714   167.48     
    2715   157.86     
    2716   157.90     
    2717   160.45     
    2718   160.46     
    2719   171.77     
    2720   171.74     
    2721   171.68     
    2722   161.93     
    2723   161.23     
    2724   171.59     
    2725  -164.09     
    2726  -168.50     
    2727   168.83     
    2728   164.02     
    2729   129.56     
    2730  -128.42     
 
  ***** POST1 NODAL DEGREE OF FREEDOM LISTING *****                            
 
  LOAD STEP=     1  SUBSTEP=     1                                             
   TIME=    1.0000      LOAD CASE=   0                                         
 
    NODE       VOLT  
    2731   114.08     
    2732   133.49     
    2733   110.98     
    2734   105.87     
    2735   125.02     
    2736  -118.10     
    2737  -126.37     
    2738  -155.61     
    2739  -153.06     
    2740  -163.93     
    2741  -148.01     
    2742  -96.574     
    2743   4.2371     
    2744   16.844     
    2745  0.61129E-001
    2746  -79.212     
    2747  0.94836     
    2748  -35.562     
    2749   6.0322     
    2750 -0.48418     
    2751  -93.679     
    2752  -162.16     
    2753  -210.00     
    2754  -210.00     
    2755  -210.00     
    2756  -210.00     
    2757  -210.00     
    2758  -210.00     
    2759  -210.00     
    2760  -210.00     
    2761  -210.00     
    2762  -210.00     
    2763  -210.00     
    2764  -210.00     
    2765  -210.00     
    2766  -210.00     
    2767  -210.00     
    2768  -210.00     
    2769  -210.00     
 
  ***** POST1 NODAL DEGREE OF FREEDOM LISTING *****                            
 
  LOAD STEP=     1  SUBSTEP=     1                                             
   TIME=    1.0000      LOAD CASE=   0                                         
 
    NODE       VOLT  
    2770  -210.00     
    2771  -210.00     
    2772  -210.00     
    2773  -210.00     
    2774  -210.00     
    2775  -210.00     
    2776  -210.00     
    2777  -210.00     
    2778  -210.00     
    2779  -210.00     
    2780  -210.00     
    2781  -210.00     
    2782  -210.00     
    2783  -210.00     
    2784  -210.00     
    2785  -210.00     
    2786  -210.00     
    2787  -210.00     
    2788  -210.00     
    2789  -210.00     
    2790  -210.00     
    2791  -210.00     
    2792  -210.00     
    2793  -210.00     
    2794  -210.00     
    2795  -210.00     
    2796  -210.00     
    2797  -210.00     
    2798  -210.00     
    2799  -210.00     
    2800  -210.00     
    2801  -210.00     
    2802  -210.00     
    2803  -210.00     
    2804  -210.00     
    2805  -210.00     
    2806  -210.00     
    2807  -210.00     
    2808  -210.00     
 
  ***** POST1 NODAL DEGREE OF FREEDOM LISTING *****                            
 
  LOAD STEP=     1  SUBSTEP=     1                                             
   TIME=    1.0000      LOAD CASE=   0                                         
 
    NODE       VOLT  
    2809  -210.00     
    2810  -210.00     
    2811  -210.00     
    2812  -210.00     
    2813  -210.00     
    2814  -210.00     
    2815  -210.00     
    2816  -210.00     
    2817  -210.00     
    2818  -210.00     
    2819  -210.00     
    2820  -210.00     
    2821  -210.00     
    2822  -210.00     
    2823  -210.00     
    2824  -210.00     
    2825  -210.00     
    2826  -210.00     
    2827  -210.00     
    2828  -210.00     
    2829  -210.00     
    2830  -210.00     
    2831  -210.00     
    2832  -210.00     
    2833  -210.00     
    2834  -210.00     
    2835  -210.00     
    2836  -210.00     
    2837  -210.00     
    2838  -210.00     
    2839  -210.00     
    2840  -210.00     
    2841  -210.00     
    2842  -210.00     
    2843  -210.00     
    2844  -210.00     
    2845  -210.00     
    2846  -210.00     
    2847  -210.00     
 
  ***** POST1 NODAL DEGREE OF FREEDOM LISTING *****                            
 
  LOAD STEP=     1  SUBSTEP=     1                                             
   TIME=    1.0000      LOAD CASE=   0                                         
 
    NODE       VOLT  
    2848  -210.00     
    2849  -210.00     
    2850  -210.00     
    2851  -210.00     
    2852  -210.00     
    2853  -210.00     
    2854  -210.00     
    2855  -210.00     
    2856  -210.00     
    2857  -210.00     
    2858  -210.00     
    2859  -210.00     
    2860  -210.00     
    2861  -210.00     
    2862  -210.00     
    2863  -210.00     
    2864  -210.00     
    2865  -210.00     
    2866  -210.00     
    2867  -210.00     
    2868  -210.00     
    2869  -210.00     
    2870  -210.00     
    2871  -210.00     
    2872  -210.00     
    2873  -210.00     
    2874  -210.00     
    2875  -210.00     
    2876  -210.00     
    2877  -210.00     
    2878  -210.00     
    2879  -210.00     
    2880  -210.00     
    2881  -210.00     
    2882  -210.00     
    2883  -210.00     
    2884  -210.00     
    2885  -210.00     
    2886  -210.00     
 
  ***** POST1 NODAL DEGREE OF FREEDOM LISTING *****                            
 
  LOAD STEP=     1  SUBSTEP=     1                                             
   TIME=    1.0000      LOAD CASE=   0                                         
 
    NODE       VOLT  
    2887  -210.00     
    2888  -210.00     
    2889  -210.00     
    2890  -210.00     
    2891  -210.00     
    2892  -210.00     
    2893  -210.00     
    2894  -210.00     
    2895  -210.00     
    2896  -210.00     
    2897  -210.00     
    2898  -210.00     
    2899  -210.00     
    2900  -210.00     
    2901  -210.00     
    2902  -210.00     
    2903  -210.00     
    2904  -210.00     
    2905  -210.00     
    2906  -210.00     
    2907  -210.00     
    2908  -210.00     
    2909  -210.00     
    2910  -210.00     
    2911  -210.00     
    2912  -210.00     
    2913  -210.00     
    2914  -210.00     
    2915  -210.00     
    2916  -210.00     
    2917  -210.00     
    2918  -210.00     
    2919  -210.00     
    2920  -210.00     
    2921  -210.00     
    2922  -210.00     
    2923  -210.00     
    2924  -210.00     
    2925  -210.00     
 
  ***** POST1 NODAL DEGREE OF FREEDOM LISTING *****                            
 
  LOAD STEP=     1  SUBSTEP=     1                                             
   TIME=    1.0000      LOAD CASE=   0                                         
 
    NODE       VOLT  
    2926  -210.00     
    2927  -210.00     
    2928  -210.00     
    2929  -210.00     
    2930  -210.00     
    2931  -210.00     
    2932  -210.00     
    2933  -210.00     
    2934  -210.00     
    2935  -210.00     
    2936  -210.00     
    2937  -210.00     
    2938  -210.00     
    2939  -210.00     
    2940  -210.00     
    2941  -210.00     
    2942  -210.00     
    2943  -210.00     
    2944  -210.00     
    2945  -210.00     
    2946  -210.00     
    2947  -210.00     
    2948  -210.00     
    2949  -210.00     
    2950  -210.00     
    2951  -210.00     
    2952  -210.00     
    2953  -210.00     
    2954  -210.00     
    2955  -210.00     
    2956  -210.00     
    2957  -210.00     
    2958  -210.00     
    2959  -210.00     
    2960  -210.00     
    2961  -210.00     
    2962  -210.00     
    2963  -210.00     
    2964  -210.00     
 
  ***** POST1 NODAL DEGREE OF FREEDOM LISTING *****                            
 
  LOAD STEP=     1  SUBSTEP=     1                                             
   TIME=    1.0000      LOAD CASE=   0                                         
 
    NODE       VOLT  
    2965  -210.00     
    2966  -210.00     
    2967  -210.00     
    2968  -210.00     
    2969  -210.00     
    2970  -210.00     
    2971  -210.00     
    2972  -210.00     
    2973  -210.00     
    2974  -210.00     
    2975  -210.00     
    2976  -210.00     
    2977  -210.00     
    2978  -210.00     
    2979  -210.00     
    2980  -210.00     
    2981  -210.00     
    2982  -210.00     
    2983  -210.00     
    2984  -210.00     
    2985  -210.00     
    2986  -210.00     
    2987  -210.00     
    2988  -210.00     
    2989  -210.00     
    2990  -210.00     
    2991  -210.00     
    2992  -210.00     
    2993  -210.00     
    2994  -210.00     
    2995  -210.00     
    2996  -210.00     
    2997  -210.00     
    2998  -210.00     
    2999  -210.00     
    3000  -210.00     
    3001  -210.00     
    3002  -210.00     
    3003  -210.00     
 
  ***** POST1 NODAL DEGREE OF FREEDOM LISTING *****                            
 
  LOAD STEP=     1  SUBSTEP=     1                                             
   TIME=    1.0000      LOAD CASE=   0                                         
 
    NODE       VOLT  
    3004  -210.00     
    3005  -210.00     
    3006  -210.00     
    3007  -210.00     
    3008  -210.00     
    3009  -210.00     
    3010  -210.00     
    3011  -210.00     
    3012  -210.00     
    3013  -210.00     
    3014  -210.00     
    3015  -210.00     
    3016  -210.00     
    3017  -210.00     
    3018  -210.00     
    3019  -210.00     
    3020  -210.00     
    3021  -210.00     
    3022  -210.00     
    3023  -210.00     
    3024  -210.00     
    3025  -210.00     
    3026  -210.00     
    3027  -210.00     
    3028  -210.00     
    3029  -210.00     
    3030  -210.00     
    3031  -210.00     
    3032  -210.00     
    3033  -210.00     
    3034  -210.00     
    3035  -210.00     
    3036  -210.00     
    3037  -210.00     
    3038  -210.00     
    3039  -210.00     
    3040  -210.00     
    3041  -210.00     
    3042  -210.00     
 
  ***** POST1 NODAL DEGREE OF FREEDOM LISTING *****                            
 
  LOAD STEP=     1  SUBSTEP=     1                                             
   TIME=    1.0000      LOAD CASE=   0                                         
 
    NODE       VOLT  
    3043  -210.00     
    3044  -210.00     
    3045  -210.00     
    3046  -210.00     
    3047  -210.00     
    3048  -210.00     
    3049  -210.00     
    3050  -210.00     
    3051  -210.00     
    3052  -210.00     
    3053  -210.00     
    3054  -210.00     
    3055  -210.00     
    3056  -210.00     
    3057  -210.00     
    3058  -210.00     
    3059  -210.00     
    3060  -210.00     
    3061  -210.00     
    3062  -210.00     
    3063  -210.00     
    3064  -210.00     
    3065  -210.00     
    3066  -210.00     
    3067  -210.00     
    3068  -210.00     
    3069  -210.00     
    3070  -210.00     
    3071  -210.00     
    3072  -210.00     
    3073  -210.00     
    3074  -210.00     
    3075  -210.00     
    3076  -210.00     
    3077  -210.00     
    3078  -210.00     
    3079  -210.00     
    3080  -210.00     
    3081  -210.00     
 
  ***** POST1 NODAL DEGREE OF FREEDOM LISTING *****                            
 
  LOAD STEP=     1  SUBSTEP=     1                                             
   TIME=    1.0000      LOAD CASE=   0                                         
 
    NODE       VOLT  
    3082  -210.00     
    3083  -210.00     
    3084  -210.00     
    3085  -210.00     
    3086  -210.00     
    3087  -210.00     
    3088  -210.00     
    3089  -210.00     
    3090  -210.00     
    3091  -210.00     
    3092  -210.00     
    3093  -210.00     
    3094  -210.00     
    3095  -210.00     
    3096  -210.00     
    3097  -210.00     
    3098  -210.00     
    3099  -210.00     
    3100  -210.00     
    3101  -210.00     
    3102  -210.00     
    3103  -210.00     
    3104  -210.00     
    3105  -210.00     
    3106  -210.00     
    3107  -210.00     
    3108  -210.00     
    3109  -210.00     
    3110  -210.00     
    3111  -210.00     
    3112  -210.00     
    3113  -210.00     
    3114  -210.00     
    3115  -210.00     
    3116  -210.00     
    3117  -210.00     
    3118  -210.00     
    3119  -210.00     
    3120  -210.00     
 
  ***** POST1 NODAL DEGREE OF FREEDOM LISTING *****                            
 
  LOAD STEP=     1  SUBSTEP=     1                                             
   TIME=    1.0000      LOAD CASE=   0                                         
 
    NODE       VOLT  
    3121  -210.00     
    3122  -210.00     
    3123  -210.00     
    3124  -210.00     
    3125  -210.00     
    3126  -210.00     
    3127  -210.00     
    3128  -210.00     
    3129  -210.00     
    3130  -210.00     
    3131  -210.00     
    3132  -210.00     
    3133  -210.00     
    3134  -210.00     
    3135  -210.00     
    3136  -210.00     
    3137  -210.00     
    3138  -210.00     
    3139  -210.00     
    3140  -210.00     
    3141  -210.00     
    3142  -210.00     
    3143  -210.00     
    3144  -210.00     
    3145  -210.00     
    3146  -210.00     
    3147  -210.00     
    3148  -210.00     
    3149  -210.00     
    3150  -210.00     
    3151  -210.00     
    3152  -210.00     
    3153  -210.00     
    3154  -210.00     
    3155  -210.00     
    3156  -210.00     
    3157  -210.00     
    3158  -210.00     
    3159  -210.00     
 
  ***** POST1 NODAL DEGREE OF FREEDOM LISTING *****                            
 
  LOAD STEP=     1  SUBSTEP=     1                                             
   TIME=    1.0000      LOAD CASE=   0                                         
 
    NODE       VOLT  
    3160  -210.00     
    3161  -210.00     
    3162  -210.00     
    3163  -210.00     
    3164  -210.00     
    3165  -210.00     
    3166  -210.00     
    3167  -210.00     
    3168  -210.00     
    3169  -210.00     
    3170  -210.00     
    3171  -210.00     
    3172  -210.00     
    3173  -210.00     
    3174  -210.00     
    3175  -210.00     
    3176  -210.00     
    3177  -210.00     
    3178  -210.00     
    3179  -210.00     
    3180  -210.00     
    3181  -210.00     
    3182  -210.00     
    3183  -210.00     
    3184  -210.00     
    3185  -210.00     
    3186  -210.00     
    3187  -210.00     
    3188  -210.00     
    3189  -210.00     
    3190  -210.00     
    3191  -210.00     
    3192  -210.00     
    3193  -210.00     
    3194  -210.00     
    3195  -210.00     
    3196  -210.00     
    3197  -210.00     
    3198  -210.00     
 
  ***** POST1 NODAL DEGREE OF FREEDOM LISTING *****                            
 
  LOAD STEP=     1  SUBSTEP=     1                                             
   TIME=    1.0000      LOAD CASE=   0                                         
 
    NODE       VOLT  
    3199  -210.00     
    3200  -210.00     
    3201  -210.00     
    3202  -210.00     
    3203  -210.00     
    3204  -210.00     
    3205  -210.00     
    3206  -210.00     
    3207  -210.00     
    3208  -210.00     
    3209  -210.00     
    3210  -210.00     
    3211  -210.00     
    3212  -210.00     
    3213  -210.00     
    3214  -210.00     
    3215  -210.00     
    3216  -210.00     
    3217  -210.00     
    3218  -210.00     
    3219  -210.00     
    3220  -210.00     
    3221  -210.00     
    3222  -210.00     
    3223  -210.00     
    3224  -210.00     
    3225  -210.00     
    3226  -210.00     
    3227  -210.00     
    3228  -210.00     
    3229  -210.00     
    3230  -210.00     
    3231  -210.00     
    3232  -210.00     
    3233  -210.00     
    3234  -210.00     
    3235  -210.00     
    3236  -210.00     
    3237  -210.00     
 
  ***** POST1 NODAL DEGREE OF FREEDOM LISTING *****                            
 
  LOAD STEP=     1  SUBSTEP=     1                                             
   TIME=    1.0000      LOAD CASE=   0                                         
 
    NODE       VOLT  
    3238  -210.00     
    3239  -210.00     
    3240  -210.00     
    3241  -210.00     
    3242  -210.00     
    3243  -210.00     
    3244  -210.00     
    3245  -210.00     
    3246  -210.00     
    3247  -210.00     
    3248  -210.00     
    3249  -210.00     
    3250  -210.00     
    3251  -210.00     
    3252  -210.00     
    3253  -210.00     
    3254  -210.00     
    3255  -210.00     
    3256  -210.00     
    3257  -210.00     
    3258  -210.00     
    3259  -210.00     
    3260  -210.00     
    3261  -210.00     
    3262  -210.00     
    3263  -210.00     
    3264  -210.00     
    3265  -210.00     
    3266  -210.00     
    3267  -210.00     
    3268  -210.00     
    3269  -210.00     
    3270  -210.00     
    3271  -210.00     
    3272  -210.00     
    3273  -210.00     
    3274  -210.00     
    3275  -210.00     
    3276  -210.00     
 
  ***** POST1 NODAL DEGREE OF FREEDOM LISTING *****                            
 
  LOAD STEP=     1  SUBSTEP=     1                                             
   TIME=    1.0000      LOAD CASE=   0                                         
 
    NODE       VOLT  
    3277  -210.00     
    3278  -210.00     
    3279  -210.00     
    3280  -210.00     
    3281  -210.00     
    3282  -210.00     
    3283  -210.00     
    3284  -210.00     
    3285  -210.00     
    3286  -210.00     
    3287  -210.00     
    3288  -180.30     
    3289  -180.30     
    3290  -169.96     
    3291  -170.09     
    3292  -191.99     
    3293  -190.63     
    3294  -169.79     
    3295  -191.85     
    3296  -170.32     
    3297  -190.52     
    3298  -179.48     
    3299  -179.76     
    3300  -179.35     
    3301  -180.83     
    3302  -180.36     
    3303  -182.36     
    3304  -182.18     
    3305  -180.25     
    3306  -181.47     
    3307  -179.40     
    3308  -180.64     
    3309  -178.57     
    3310  -180.04     
    3311  -175.78     
    3312  -177.44     
    3313  -179.86     
    3314  -178.10     
    3315  -178.19     
 
  ***** POST1 NODAL DEGREE OF FREEDOM LISTING *****                            
 
  LOAD STEP=     1  SUBSTEP=     1                                             
   TIME=    1.0000      LOAD CASE=   0                                         
 
    NODE       VOLT  
    3316  -49.709     
    3317  -47.290     
    3318  -71.675     
    3319  -100.20     
    3320  -119.70     
    3321  -149.65     
    3322  -27.048     
    3323  -44.657     
    3324  -129.84     
    3325  -143.96     
    3326  -156.05     
    3327  -140.43     
    3328  -155.80     
    3329  -26.440     
    3330  -32.278     
    3331  -10.695     
    3332  -10.559     
    3333  -46.737     
    3334  -11.081     
    3335  -32.855     
    3336  -11.070     
    3337  -75.409     
    3338  -72.736     
    3339  -93.691     
    3340  -71.009     
    3341  -50.664     
    3342  -50.920     
    3343  -51.656     
    3344  -51.959     
    3345  -53.965     
    3346  -97.504     
    3347  -97.161     
    3348  -98.319     
    3349  -98.140     
    3350  -103.79     
    3351  -127.24     
    3352  -96.038     
    3353  -52.762     
    3354  -88.018     
 
  ***** POST1 NODAL DEGREE OF FREEDOM LISTING *****                            
 
  LOAD STEP=     1  SUBSTEP=     1                                             
   TIME=    1.0000      LOAD CASE=   0                                         
 
    NODE       VOLT  
    3355  -111.42     
    3356  -126.21     
    3357  -30.183     
    3358  -30.770     
    3359  -29.962     
    3360  -127.33     
    3361  -122.67     
    3362  -123.27     
    3363  -126.54     
    3364  -136.92     
    3365  -142.89     
    3366  -101.20     
    3367  -89.670     
    3368  -128.01     
    3369  -13.396     
    3370  -13.624     
    3371  -13.651     
    3372  -13.751     
    3373  -14.198     
    3374  -14.160     
    3375  -13.277     
    3376  -12.992     
    3377  -149.76     
    3378  -151.53     
    3379  -145.16     
    3380  -145.86     
    3381  -146.03     
    3382  -145.30     
    3383  -146.42     
    3384  -145.09     
    3385  -148.35     
    3386  -149.17     
    3387  -155.35     
    3388  -155.32     
    3389  -154.68     
    3390  -153.85     
    3391  -80.731     
    3392  -55.726     
    3393  -133.89     
 
  ***** POST1 NODAL DEGREE OF FREEDOM LISTING *****                            
 
  LOAD STEP=     1  SUBSTEP=     1                                             
   TIME=    1.0000      LOAD CASE=   0                                         
 
    NODE       VOLT  
    3394  -111.78     
    3395  -53.414     
    3396  -78.653     
    3397  -102.30     
    3398  -124.27     
    3399  -113.39     
    3400  -66.883     
    3401  -132.86     
    3402  -70.834     
    3403  -143.34     
    3404  -143.95     
    3405  -130.26     
    3406  -123.78     
    3407  -123.79     
    3408  -122.96     
    3409  -29.308     
    3410  -31.598     
    3411  -30.940     
    3412  -30.336     
    3413  -110.15     
    3414  -78.256     
    3415  -74.057     
    3416  -72.624     
    3417  -24.494     
    3418  -24.073     
    3419  -145.43     
    3420   179.26     
    3421   114.68     
    3422  -112.90     
    3423  -118.09     
    3424   108.44     
    3425  -15.558     
    3426  -3.4539     
    3427  -120.49     
    3428  -115.16     
    3429  -162.36     
    3430   162.67     
    3431   110.08     
    3432   106.57     
 
  ***** POST1 NODAL DEGREE OF FREEDOM LISTING *****                            
 
  LOAD STEP=     1  SUBSTEP=     1                                             
   TIME=    1.0000      LOAD CASE=   0                                         
 
    NODE       VOLT  
    3433  -159.63     
    3434  -185.88     
    3435  -156.35     
    3436  -185.94     
    3437   156.63     
    3438   154.50     
    3439   184.02     
    3440   184.08     
    3441  -8.4972     
    3442   31.543     
    3443   43.374     
    3444   31.975     
    3445   66.082     
    3446   71.674     
    3447   74.352     
    3448   119.86     
    3449  -74.643     
    3450  -38.011     
    3451  -39.551     
    3452  -81.125     
    3453  -55.398     
    3454  -119.37     
    3455   12.522     
    3456   98.425     
    3457  -83.398     
    3458   151.22     
    3459  -152.43     
    3460   50.965     
    3461   76.934     
    3462   10.124     
    3463  -12.932     
    3464  -62.724     
    3465  -37.920     
    3466   116.81     
    3467   141.15     
    3468  -141.17     
    3469  -117.16     
    3470   182.67     
    3471   182.05     
 
  ***** POST1 NODAL DEGREE OF FREEDOM LISTING *****                            
 
  LOAD STEP=     1  SUBSTEP=     1                                             
   TIME=    1.0000      LOAD CASE=   0                                         
 
    NODE       VOLT  
    3472   182.45     
    3473   178.26     
    3474  -183.84     
    3475  -183.63     
    3476  -183.24     
    3477  -178.37     
    3478   173.85     
    3479   176.19     
    3480  -176.36     
    3481  -172.27     
    3482  -142.99     
    3483   142.88     
    3484  -157.17     
    3485   154.85     
    3486  -30.362     
    3487   57.583     
    3488  -81.856     
    3489  -79.385     
    3490   2.2722     
    3491   85.097     
    3492   62.382     
    3493   158.11     
    3494  -161.81     
    3495   48.920     
    3496   128.43     
    3497   115.26     
    3498   86.113     
    3499   150.15     
    3500   46.639     
    3501   144.33     
    3502   43.678     
    3503   25.492     
    3504   10.638     
    3505   32.182     
    3506   10.558     
    3507   26.768     
    3508   33.190     
    3509   11.347     
    3510   11.255     
 
  ***** POST1 NODAL DEGREE OF FREEDOM LISTING *****                            
 
  LOAD STEP=     1  SUBSTEP=     1                                             
   TIME=    1.0000      LOAD CASE=   0                                         
 
    NODE       VOLT  
    3511   130.48     
    3512   140.90     
    3513   156.99     
    3514   156.38     
    3515   75.864     
    3516   74.360     
    3517   88.415     
    3518   96.845     
    3519   97.800     
    3520   101.41     
    3521   106.34     
    3522   101.29     
    3523   96.207     
    3524   125.15     
    3525   125.14     
    3526   110.75     
    3527   51.320     
    3528   54.511     
    3529   54.862     
    3530   49.521     
    3531   50.264     
    3532   70.810     
    3533   95.352     
    3534   67.015     
    3535   48.108     
    3536   126.68     
    3537   122.39     
    3538   128.05     
    3539   127.95     
    3540   132.91     
    3541   142.31     
    3542   29.965     
    3543   30.606     
    3544   28.875     
    3545   100.86     
    3546   89.432     
    3547   45.914     
    3548   150.63     
    3549   149.88     
 
  ***** POST1 NODAL DEGREE OF FREEDOM LISTING *****                            
 
  LOAD STEP=     1  SUBSTEP=     1                                             
   TIME=    1.0000      LOAD CASE=   0                                         
 
    NODE       VOLT  
    3550   146.11     
    3551   145.80     
    3552   145.81     
    3553   146.95     
    3554   150.53     
    3555   150.17     
    3556   146.40     
    3557   147.07     
    3558   155.15     
    3559   155.33     
    3560   154.99     
    3561   155.40     
    3562   13.371     
    3563   13.132     
    3564   14.206     
    3565   14.071     
    3566   13.947     
    3567   14.060     
    3568   12.692     
    3569   12.966     
    3570   111.78     
    3571   133.61     
    3572   55.589     
    3573   80.444     
    3574   124.77     
    3575   102.91     
    3576   78.077     
    3577   52.904     
    3578   65.398     
    3579   114.34     
    3580   70.229     
    3581   132.86     
    3582   27.993     
    3583   30.771     
    3584   31.494     
    3585   29.446     
    3586   142.52     
    3587   142.50     
    3588   123.63     
 
  ***** POST1 NODAL DEGREE OF FREEDOM LISTING *****                            
 
  LOAD STEP=     1  SUBSTEP=     1                                             
   TIME=    1.0000      LOAD CASE=   0                                         
 
    NODE       VOLT  
    3589   132.75     
    3590   124.34     
    3591   122.03     
    3592   69.904     
    3593   72.902     
    3594   80.372     
    3595   107.88     
    3596   146.27     
    3597   24.858     
    3598   23.601     
    3599   180.17     
    3600  -28.082     
    3601   50.551     
    3602  -118.00     
    3603  -34.521     
    3604  -126.06     
    3605   51.624     
    3606   31.272     
    3607  -76.279     
    3608   176.13     
    3609   163.57     
    3610  -46.087     
    3611  -159.58     
    3612   158.07     
    3613  -174.74     
    3614   176.09     
    3615  -16.074     
    3616   79.572     
    3617   78.097     
    3618  -33.113     
    3619   38.171     
    3620   71.327     
    3621   73.088     
    3622   87.566     
    3623   87.977     
    3624   13.579     
    3625   40.196     
    3626   42.008     
    3627  0.73923     
 
  ***** POST1 NODAL DEGREE OF FREEDOM LISTING *****                            
 
  LOAD STEP=     1  SUBSTEP=     1                                             
   TIME=    1.0000      LOAD CASE=   0                                         
 
    NODE       VOLT  
    3628 -0.15858     
    3629  0.31549     
    3630  -88.131     
    3631  -81.642     
    3632  -36.033     
    3633   33.586     
    3634   69.724     
    3635  -61.729     
    3636   65.282     
    3637   123.00     
    3638   118.70     
    3639   125.65     
    3640   110.77     
    3641   120.35     
    3642   44.220     
    3643  -70.834     
    3644   5.6993     
    3645  -1.5117     
    3646  -8.8308     
    3647  -49.385     
    3648  -41.424     
    3649  -61.103     
    3650  -55.546     
    3651  -55.822     
    3652  -96.214     
    3653  -68.445     
    3654  -103.39     
    3655  -71.046     
    3656  -75.864     
    3657  -106.00     
    3658  -71.504     
    3659  -104.42     
    3660  -68.579     
    3661  -74.725     
    3662  -101.46     
    3663  -110.59     
    3664  -132.82     
    3665  -145.18     
    3666  -104.53     
 
  ***** POST1 NODAL DEGREE OF FREEDOM LISTING *****                            
 
  LOAD STEP=     1  SUBSTEP=     1                                             
   TIME=    1.0000      LOAD CASE=   0                                         
 
    NODE       VOLT  
    3667   105.90     
    3668   146.55     
    3669   50.447     
    3670   25.772     
    3671   1.9761     
    3672  -21.621     
    3673  -125.92     
    3674  -130.03     
    3675  -126.29     
    3676  -125.65     
    3677  -134.23     
    3678  -133.73     
    3679  -129.17     
    3680  -129.40     
    3681  -132.25     
    3682  -132.41     
    3683  -127.49     
    3684  -151.62     
    3685  -159.54     
    3686  -156.04     
    3687  -157.17     
    3688  -157.43     
    3689  -157.06     
    3690  -142.89     
    3691  -158.41     
    3692   136.40     
    3693   112.53     
    3694  -113.90     
    3695  -138.12     
    3696   176.11     
    3697   176.12     
    3698   156.80     
    3699   156.84     
    3700   171.77     
    3701   171.79     
    3702   171.79     
    3703   163.80     
    3704   163.76     
    3705   163.69     
 
  ***** POST1 NODAL DEGREE OF FREEDOM LISTING *****                            
 
  LOAD STEP=     1  SUBSTEP=     1                                             
   TIME=    1.0000      LOAD CASE=   0                                         
 
    NODE       VOLT  
    3706   156.56     
    3707   155.82     
    3708   173.37     
    3709  -174.76     
    3710  -174.75     
    3711  -186.83     
    3712  -186.82     
    3713  -182.70     
    3714  -182.69     
    3715  -183.33     
    3716  -183.32     
    3717  -183.83     
    3718  -183.82     
    3719  -183.59     
    3720  -183.60     
    3721  -183.42     
    3722  -183.46     
    3723  -184.82     
    3724  -184.95     
    3725  -167.14     
    3726  -167.76     
    3727  -174.95     
    3728   170.81     
    3729   166.18     
    3730  -168.26     
    3731  -172.49     
    3732  -136.15     
    3733   132.91     
    3734  -125.61     
    3735  -159.88     
    3736  -156.91     
    3737  -157.19     
    3738  -157.66     
    3739  -156.67     
    3740  -155.41     
    3741  -163.67     
    3742  -139.57     
    3743   103.39     
    3744   117.57     
 
  ***** POST1 NODAL DEGREE OF FREEDOM LISTING *****                            
 
  LOAD STEP=     1  SUBSTEP=     1                                             
   TIME=    1.0000      LOAD CASE=   0                                         
 
    NODE       VOLT  
    3745   133.62     
    3746   103.77     
    3747   142.27     
    3748  -95.246     
    3749  -107.63     
    3750  -101.17     
    3751  -110.82     
    3752  -95.949     
    3753  -96.479     
    3754   4.1976     
    3755  -41.864     
    3756  -40.950     
    3757  -15.217     
    3758  -27.147     
    3759  -2.4584     
    3760   38.753     
    3761  -38.655     
    3762   41.581     
    3763   42.416     
    3764   169.16     
    3765   191.25     
    3766   169.93     
    3767   190.38     
    3768   168.78     
    3769   169.66     
    3770   187.34     
    3771   190.19     
    3772   179.50     
    3773   177.71     
    3774   175.43     
    3775   177.22     
    3776   180.39     
    3777   182.16     
    3778   179.93     
    3779   181.44     
    3780   180.44     
    3781   179.32     
    3782   176.54     
    3783   180.00     
 
  ***** POST1 NODAL DEGREE OF FREEDOM LISTING *****                            
 
  LOAD STEP=     1  SUBSTEP=     1                                             
   TIME=    1.0000      LOAD CASE=   0                                         
 
    NODE       VOLT  
    3784   176.15     
    3785   179.83     
    3786   176.76     
    3787   176.64     
    3788   176.54     
    3789   177.22     
    3790   210.00     
    3791   210.00     
    3792   210.00     
    3793   210.00     
    3794   210.00     
    3795   210.00     
    3796   210.00     
    3797   210.00     
    3798   210.00     
    3799   210.00     
    3800   210.00     
    3801   210.00     
    3802   210.00     
    3803   210.00     
    3804   210.00     
    3805   210.00     
    3806   210.00     
    3807   210.00     
    3808   210.00     
    3809   210.00     
    3810   210.00     
    3811   210.00     
    3812   210.00     
    3813   210.00     
    3814   210.00     
    3815   210.00     
    3816   210.00     
    3817   210.00     
    3818   210.00     
    3819   210.00     
    3820   210.00     
    3821   210.00     
    3822   210.00     
 
  ***** POST1 NODAL DEGREE OF FREEDOM LISTING *****                            
 
  LOAD STEP=     1  SUBSTEP=     1                                             
   TIME=    1.0000      LOAD CASE=   0                                         
 
    NODE       VOLT  
    3823   210.00     
    3824   210.00     
    3825   210.00     
    3826   210.00     
    3827   210.00     
    3828   210.00     
    3829   210.00     
    3830   210.00     
    3831   210.00     
    3832   210.00     
    3833   210.00     
    3834   210.00     
    3835   210.00     
    3836   210.00     
    3837   210.00     
    3838   210.00     
    3839   210.00     
    3840   210.00     
    3841   210.00     
    3842   210.00     
    3843   210.00     
    3844   210.00     
    3845   210.00     
    3846   210.00     
    3847   210.00     
    3848   210.00     
    3849   210.00     
    3850   210.00     
    3851   210.00     
    3852   210.00     
    3853   210.00     
    3854   210.00     
    3855   210.00     
    3856   210.00     
    3857   210.00     
    3858   210.00     
    3859   210.00     
    3860   210.00     
    3861   210.00     
 
  ***** POST1 NODAL DEGREE OF FREEDOM LISTING *****                            
 
  LOAD STEP=     1  SUBSTEP=     1                                             
   TIME=    1.0000      LOAD CASE=   0                                         
 
    NODE       VOLT  
    3862   210.00     
    3863   210.00     
    3864   210.00     
    3865   210.00     
    3866   210.00     
    3867   210.00     
    3868   210.00     
    3869   210.00     
    3870   210.00     
    3871   210.00     
    3872   210.00     
    3873   210.00     
    3874   210.00     
    3875   210.00     
    3876   210.00     
    3877   210.00     
    3878   210.00     
    3879   210.00     
    3880   210.00     
    3881   210.00     
    3882   210.00     
    3883   210.00     
    3884   210.00     
    3885   210.00     
    3886   210.00     
    3887   210.00     
    3888   210.00     
    3889   210.00     
    3890   210.00     
    3891   210.00     
    3892   210.00     
    3893   210.00     
    3894   210.00     
    3895   210.00     
    3896   210.00     
    3897   210.00     
    3898   210.00     
    3899   210.00     
    3900   210.00     
 
  ***** POST1 NODAL DEGREE OF FREEDOM LISTING *****                            
 
  LOAD STEP=     1  SUBSTEP=     1                                             
   TIME=    1.0000      LOAD CASE=   0                                         
 
    NODE       VOLT  
    3901   210.00     
    3902   210.00     
    3903   210.00     
    3904   210.00     
    3905   210.00     
    3906   210.00     
    3907   210.00     
    3908   210.00     
    3909   210.00     
    3910   210.00     
    3911   210.00     
    3912   210.00     
    3913   210.00     
    3914   210.00     
    3915   210.00     
    3916   210.00     
    3917   210.00     
    3918   210.00     
    3919   210.00     
    3920   210.00     
    3921   210.00     
    3922   210.00     
    3923   210.00     
    3924   210.00     
    3925   210.00     
    3926   210.00     
    3927   210.00     
    3928   210.00     
    3929   210.00     
    3930   210.00     
    3931   210.00     
    3932   210.00     
    3933   210.00     
    3934   210.00     
    3935   210.00     
    3936   210.00     
    3937   210.00     
    3938   210.00     
    3939   210.00     
 
  ***** POST1 NODAL DEGREE OF FREEDOM LISTING *****                            
 
  LOAD STEP=     1  SUBSTEP=     1                                             
   TIME=    1.0000      LOAD CASE=   0                                         
 
    NODE       VOLT  
    3940   210.00     
    3941   210.00     
    3942   210.00     
    3943   210.00     
    3944   210.00     
    3945   210.00     
    3946   210.00     
    3947   210.00     
    3948   210.00     
    3949   210.00     
    3950   210.00     
    3951   210.00     
    3952   210.00     
    3953   210.00     
    3954   210.00     
    3955   210.00     
    3956   210.00     
    3957   210.00     
    3958   210.00     
    3959   210.00     
    3960   210.00     
    3961   210.00     
    3962   210.00     
    3963   210.00     
    3964   210.00     
    3965   210.00     
    3966   210.00     
    3967   210.00     
    3968   210.00     
    3969   210.00     
    3970   210.00     
    3971   210.00     
    3972   210.00     
    3973   210.00     
    3974   210.00     
    3975   210.00     
    3976   210.00     
    3977   210.00     
    3978   210.00     
 
  ***** POST1 NODAL DEGREE OF FREEDOM LISTING *****                            
 
  LOAD STEP=     1  SUBSTEP=     1                                             
   TIME=    1.0000      LOAD CASE=   0                                         
 
    NODE       VOLT  
    3979   210.00     
    3980   210.00     
    3981   210.00     
    3982   210.00     
    3983   210.00     
    3984   210.00     
    3985   210.00     
    3986   210.00     
    3987   210.00     
    3988   210.00     
    3989   210.00     
    3990   210.00     
    3991   210.00     
    3992   210.00     
    3993   210.00     
    3994   210.00     
    3995   210.00     
    3996   210.00     
    3997   210.00     
    3998   210.00     
    3999   210.00     
    4000   210.00     
    4001   210.00     
    4002   210.00     
    4003   210.00     
    4004   210.00     
    4005   210.00     
    4006   210.00     
    4007   210.00     
    4008   210.00     
    4009   210.00     
    4010   210.00     
    4011   210.00     
    4012   210.00     
    4013   210.00     
    4014   210.00     
    4015   210.00     
    4016   210.00     
    4017   210.00     
 
  ***** POST1 NODAL DEGREE OF FREEDOM LISTING *****                            
 
  LOAD STEP=     1  SUBSTEP=     1                                             
   TIME=    1.0000      LOAD CASE=   0                                         
 
    NODE       VOLT  
    4018   210.00     
    4019   210.00     
    4020   210.00     
    4021   210.00     
    4022   210.00     
    4023   210.00     
    4024   210.00     
    4025   210.00     
    4026   210.00     
    4027   210.00     
    4028   210.00     
    4029   210.00     
    4030   210.00     
    4031   210.00     
    4032   210.00     
    4033   210.00     
    4034   210.00     
    4035   210.00     
    4036   210.00     
    4037   210.00     
    4038   210.00     
    4039   210.00     
    4040   210.00     
    4041   210.00     
    4042   210.00     
    4043   210.00     
    4044   210.00     
    4045   210.00     
    4046   210.00     
    4047   210.00     
    4048   210.00     
    4049   210.00     
    4050   210.00     
    4051   210.00     
    4052   210.00     
    4053   210.00     
    4054   210.00     
    4055   210.00     
    4056   210.00     
 
  ***** POST1 NODAL DEGREE OF FREEDOM LISTING *****                            
 
  LOAD STEP=     1  SUBSTEP=     1                                             
   TIME=    1.0000      LOAD CASE=   0                                         
 
    NODE       VOLT  
    4057   210.00     
    4058   210.00     
    4059   210.00     
    4060   210.00     
    4061   210.00     
    4062   210.00     
    4063   210.00     
    4064   210.00     
    4065   210.00     
    4066   210.00     
    4067   210.00     
    4068   210.00     
    4069   210.00     
    4070   210.00     
    4071   210.00     
    4072   210.00     
    4073   210.00     
    4074   210.00     
    4075   210.00     
    4076   210.00     
    4077   210.00     
    4078   210.00     
    4079   210.00     
    4080   210.00     
    4081   210.00     
    4082   210.00     
    4083   210.00     
    4084   210.00     
    4085   210.00     
    4086   210.00     
    4087   210.00     
    4088   210.00     
    4089   210.00     
    4090   210.00     
    4091   210.00     
    4092   210.00     
    4093   210.00     
    4094   210.00     
    4095   210.00     
 
  ***** POST1 NODAL DEGREE OF FREEDOM LISTING *****                            
 
  LOAD STEP=     1  SUBSTEP=     1                                             
   TIME=    1.0000      LOAD CASE=   0                                         
 
    NODE       VOLT  
    4096   210.00     
    4097   210.00     
    4098   210.00     
    4099   210.00     
    4100   210.00     
    4101   210.00     
    4102   210.00     
    4103   210.00     
    4104   210.00     
    4105   210.00     
    4106   210.00     
    4107   210.00     
    4108   210.00     
    4109   210.00     
    4110   210.00     
    4111   210.00     
    4112   210.00     
    4113   210.00     
    4114   210.00     
    4115   210.00     
    4116   210.00     
    4117   210.00     
    4118   210.00     
    4119   210.00     
    4120   210.00     
    4121   210.00     
    4122   210.00     
    4123   210.00     
    4124   210.00     
    4125   210.00     
    4126   210.00     
    4127   210.00     
    4128   210.00     
    4129   210.00     
    4130   210.00     
    4131   210.00     
    4132   210.00     
    4133   210.00     
    4134   210.00     
 
  ***** POST1 NODAL DEGREE OF FREEDOM LISTING *****                            
 
  LOAD STEP=     1  SUBSTEP=     1                                             
   TIME=    1.0000      LOAD CASE=   0                                         
 
    NODE       VOLT  
    4135   210.00     
    4136   210.00     
    4137   210.00     
    4138   210.00     
    4139   210.00     
    4140   210.00     
    4141   210.00     
    4142   210.00     
    4143   210.00     
    4144   210.00     
    4145   210.00     
    4146   210.00     
    4147   210.00     
    4148   210.00     
    4149   210.00     
    4150   210.00     
    4151   210.00     
    4152   210.00     
    4153   210.00     
    4154   210.00     
    4155   210.00     
    4156   210.00     
    4157   210.00     
    4158   210.00     
    4159   210.00     
    4160   210.00     
    4161   210.00     
    4162   210.00     
    4163   210.00     
    4164   210.00     
    4165   210.00     
    4166   210.00     
    4167   210.00     
    4168   210.00     
    4169   210.00     
    4170   210.00     
    4171   210.00     
    4172   210.00     
    4173   210.00     
 
  ***** POST1 NODAL DEGREE OF FREEDOM LISTING *****                            
 
  LOAD STEP=     1  SUBSTEP=     1                                             
   TIME=    1.0000      LOAD CASE=   0                                         
 
    NODE       VOLT  
    4174   210.00     
    4175   210.00     
    4176   210.00     
    4177   210.00     
    4178   210.00     
    4179   210.00     
    4180   210.00     
    4181   210.00     
    4182   210.00     
    4183   210.00     
    4184   210.00     
    4185   210.00     
    4186   210.00     
    4187   210.00     
    4188   210.00     
    4189   210.00     
    4190   210.00     
    4191   210.00     
    4192   210.00     
    4193   210.00     
    4194   210.00     
    4195   210.00     
    4196   210.00     
    4197   210.00     
    4198   210.00     
    4199   210.00     
    4200   210.00     
    4201   210.00     
    4202   210.00     
    4203   210.00     
    4204   210.00     
    4205   210.00     
    4206   210.00     
    4207   210.00     
    4208   210.00     
    4209   210.00     
    4210   210.00     
    4211   210.00     
    4212   210.00     
 
  ***** POST1 NODAL DEGREE OF FREEDOM LISTING *****                            
 
  LOAD STEP=     1  SUBSTEP=     1                                             
   TIME=    1.0000      LOAD CASE=   0                                         
 
    NODE       VOLT  
    4213   210.00     
    4214   210.00     
    4215   210.00     
    4216   210.00     
    4217   210.00     
    4218   210.00     
    4219   210.00     
    4220   210.00     
    4221   210.00     
    4222   210.00     
    4223   210.00     
    4224   210.00     
    4225   210.00     
    4226   210.00     
    4227   210.00     
    4228   210.00     
    4229   210.00     
    4230   210.00     
    4231   210.00     
    4232   210.00     
    4233   210.00     
    4234   210.00     
    4235   210.00     
    4236   210.00     
    4237   210.00     
    4238   210.00     
    4239   210.00     
    4240   210.00     
    4241   210.00     
    4242   210.00     
    4243   210.00     
    4244   210.00     
    4245   210.00     
    4246   210.00     
    4247   210.00     
    4248   210.00     
    4249   210.00     
    4250   210.00     
    4251   210.00     
 
  ***** POST1 NODAL DEGREE OF FREEDOM LISTING *****                            
 
  LOAD STEP=     1  SUBSTEP=     1                                             
   TIME=    1.0000      LOAD CASE=   0                                         
 
    NODE       VOLT  
    4252   210.00     
    4253   210.00     
    4254   210.00     
    4255   210.00     
    4256   210.00     
    4257   210.00     
    4258   210.00     
    4259   210.00     
    4260   210.00     
    4261   210.00     
    4262   210.00     
    4263   210.00     
    4264   210.00     
    4265   210.00     
    4266   210.00     
    4267   210.00     
    4268   210.00     
    4269   210.00     
    4270   210.00     
    4271   210.00     
    4272   210.00     
    4273   210.00     
    4274   210.00     
    4275   210.00     
    4276   210.00     
    4277   210.00     
    4278   210.00     
    4279   210.00     
    4280   210.00     
    4281   210.00     
    4282   210.00     
    4283   210.00     
    4284   210.00     
    4285   210.00     
    4286   210.00     
    4287   210.00     
    4288   210.00     
    4289   210.00     
    4290   210.00     
 
  ***** POST1 NODAL DEGREE OF FREEDOM LISTING *****                            
 
  LOAD STEP=     1  SUBSTEP=     1                                             
   TIME=    1.0000      LOAD CASE=   0                                         
 
    NODE       VOLT  
    4291   210.00     
    4292   210.00     
    4293   210.00     
    4294   210.00     
    4295   210.00     
    4296   210.00     
    4297   210.00     
    4298   210.00     
    4299   210.00     
    4300   210.00     
    4301   210.00     
    4302   210.00     
    4303   210.00     
    4304   210.00     
    4305   210.00     
    4306   210.00     
    4307   210.00     
    4308   210.00     
    4309   210.00     
    4310   210.00     
    4311   210.00     
    4312   210.00     
    4313   210.00     
    4314   210.00     
    4315   210.00     
    4316   210.00     
    4317   210.00     
    4318   210.00     
    4319   210.00     
    4320   210.00     
    4321   210.00     
    4322   210.00     
    4323   210.00     
    4324   210.00     
    4325   169.38     
    4326   192.29     
    4327   170.44     
    4328   190.94     
    4329   170.10     
 
  ***** POST1 NODAL DEGREE OF FREEDOM LISTING *****                            
 
  LOAD STEP=     1  SUBSTEP=     1                                             
   TIME=    1.0000      LOAD CASE=   0                                         
 
    NODE       VOLT  
    4330   170.66     
    4331   191.88     
    4332   190.77     
    4333   182.02     
    4334   179.03     
    4335   179.73     
    4336   176.76     
    4337   179.52     
    4338   181.29     
    4339   177.71     
    4340   181.76     
    4341   180.47     
    4342   179.76     
    4343   178.32     
    4344   180.65     
    4345   179.04     
    4346   180.58     
    4347   177.75     
    4348   177.20     
    4349   178.33     
    4350   178.57     
    4351  -170.29     
    4352  -192.10     
    4353  -170.19     
    4354  -190.51     
    4355  -171.29     
    4356  -171.19     
    4357  -193.12     
    4358  -191.47     
    4359  -181.53     
    4360  -180.59     
    4361  -177.87     
    4362  -178.43     
    4363  -179.76     
    4364  -178.65     
    4365  -180.69     
    4366  -179.33     
    4367  -177.64     
    4368  -176.51     
 
  ***** POST1 NODAL DEGREE OF FREEDOM LISTING *****                            
 
  LOAD STEP=     1  SUBSTEP=     1                                             
   TIME=    1.0000      LOAD CASE=   0                                         
 
    NODE       VOLT  
    4369  -180.37     
    4370  -178.02     
    4371  -180.51     
    4372  -179.28     
    4373  -179.79     
    4374  -181.12     
    4375  -179.64     
    4376  -178.06     
    4377  -164.33     
    4378  -155.13     
    4379  -178.24     
    4380  -174.17     
    4381  -90.435     
    4382  -132.59     
    4383  -119.73     
    4384   152.15     
    4385   147.24     
    4386  -182.11     
    4387   87.705     
    4388   148.30     
    4389   60.290     
    4390   113.69     
    4391   133.89     
    4392   144.90     
    4393   105.33     
    4394   71.781     
    4395   124.58     
    4396   169.65     
    4397   78.530     
    4398   137.10     
    4399  -38.869     
    4400  -2.3510     
    4401   26.862     
    4402   50.402     
    4403  -56.815     
    4404  -37.426     
    4405  -23.747     
    4406  -113.99     
    4407  -152.10     
 
  ***** POST1 NODAL DEGREE OF FREEDOM LISTING *****                            
 
  LOAD STEP=     1  SUBSTEP=     1                                             
   TIME=    1.0000      LOAD CASE=   0                                         
 
    NODE       VOLT  
    4408  -35.980     
    4409  -154.07     
    4410  -114.90     
    4411  -102.20     
    4412  -18.478     
    4413  -47.854     
    4414  -89.051     
    4415  -159.26     
    4416  -68.729     
    4417  -141.31     
    4418  -175.78     
    4419  -175.41     
    4420  -135.04     
    4421  -157.06     
    4422   21.675     
    4423   103.25     
    4424   78.911     
    4425   11.909     
    4426   108.52     
    4427   164.03     
    4428   120.51     
    4429   87.104     
    4430   82.356     
    4431   153.69     
    4432   156.54     
    4433   142.07     
    4434   82.907     
    4435   151.18     
    4436   38.679     
    4437   164.95     
    4438   117.57     
    4439   164.91     
    4440  -83.095     
    4441  -105.54     
    4442  -144.43     
    4443  0.46625E-001
    4444  -70.239     
    4445  -147.66     
    4446  -163.24     
 
  ***** POST1 NODAL DEGREE OF FREEDOM LISTING *****                            
 
  LOAD STEP=     1  SUBSTEP=     1                                             
   TIME=    1.0000      LOAD CASE=   0                                         
 
    NODE       VOLT  
    4447  -152.44     
    4448  -113.83     
    4449  -151.85     
    4450   140.87     
    4451  -63.457     
    4452  -56.119     
    4453   153.02     
    4454   152.10     
    4455   114.56     
    4456   3.5689     
    4457   47.093     
    4458  -29.489     
    4459  -35.762     
    4460  -96.360     
    4461  -122.48     
    4462  -67.531     
    4463  -8.6272     
    4464   160.72     
    4465   148.31     
    4466   106.43     
    4467   152.29     
    4468   95.829     
    4469   68.496     
    4470   101.64     
    4471   151.28     
    4472   148.78     
    4473   151.14     
    4474   153.30     
    4475  -159.07     
    4476  -162.28     
    4477  -150.60     
    4478   136.09     
    4479   159.81     
    4480  -4.6179     
    4481   55.272     
    4482   105.62     
    4483   111.32     
    4484   97.625     
    4485   156.34     
 
  ***** POST1 NODAL DEGREE OF FREEDOM LISTING *****                            
 
  LOAD STEP=     1  SUBSTEP=     1                                             
   TIME=    1.0000      LOAD CASE=   0                                         
 
    NODE       VOLT  
    4486   24.765     
    4487   64.727     
    4488   14.789     
    4489   54.326     
    4490   49.149     
    4491   72.671     
    4492   100.05     
    4493  -14.164     
    4494  -22.999     
    4495   144.36     
    4496   85.444     
    4497   151.50     
    4498   158.52     
    4499  -47.373     
    4500   21.449     
    4501   108.29     
    4502  -93.420     
    4503  -158.50     
    4504  -118.23     
    4505  -62.836     
    4506  -13.322     
    4507  -51.308     
    4508  -56.587     
    4509  -103.22     
    4510   152.29     
    4511   86.769     
    4512  -27.081     
    4513   16.752     
    4514   31.986     
    4515   16.191     
    4516   33.413     
    4517  -19.906     
    4518   52.939     
    4519   133.23     
    4520   33.842     
    4521   17.455     
    4522   67.797     
    4523   29.352     
    4524  -3.2336     
 
  ***** POST1 NODAL DEGREE OF FREEDOM LISTING *****                            
 
  LOAD STEP=     1  SUBSTEP=     1                                             
   TIME=    1.0000      LOAD CASE=   0                                         
 
    NODE       VOLT  
    4525   13.195     
    4526   87.497     
    4527   63.196     
    4528  -37.968     
    4529  0.23185E-001
    4530   23.082     
    4531   4.8978     
    4532   4.3490     
    4533 -0.29439     
    4534  -9.5612     
    4535  -50.483     
    4536  -59.714     
    4537   61.812     
    4538   54.470     
    4539   71.620     
    4540   53.421     
    4541  -19.238     
    4542  -17.983     
    4543  -67.950     
    4544  -69.485     
    4545  -144.59     
    4546  -137.76     
    4547  -121.25     
    4548  -116.98     
    4549   118.52     
    4550   163.78     
    4551   60.844     
    4552   10.442     
    4553   71.103     
    4554   17.292     
    4555  -31.773     
    4556   167.78     
    4557   184.01     
    4558   137.11     
    4559   119.12     
    4560   13.645     
    4561   75.236     
    4562  -170.63     
    4563  -68.485     
 
  ***** POST1 NODAL DEGREE OF FREEDOM LISTING *****                            
 
  LOAD STEP=     1  SUBSTEP=     1                                             
   TIME=    1.0000      LOAD CASE=   0                                         
 
    NODE       VOLT  
    4564  -38.335     
    4565  -168.59     
    4566  -113.66     
    4567  -144.94     
    4568  -151.47     
    4569  -146.57     
    4570   170.35     
    4571   164.84     
    4572   88.757     
    4573   128.16     
    4574   120.89     
    4575   63.808     
    4576   145.94     
    4577   69.939     
    4578   145.07     
    4579  -108.68     
    4580  -152.96     
    4581  -177.25     
    4582   82.098     
    4583   162.94     
    4584   32.921     
    4585  -133.18     
    4586  -102.23     
    4587  -149.76     
    4588  -60.106     
    4589   15.431     
    4590   69.321     
    4591   27.862     
    4592   165.64     
    4593   150.66     
    4594   164.15     
    4595   169.65     
    4596   148.57     
    4597   94.011     
    4598  -150.35     
    4599  -128.65     
    4600  -156.07     
    4601  -90.480     
    4602  -149.16     
 
  ***** POST1 NODAL DEGREE OF FREEDOM LISTING *****                            
 
  LOAD STEP=     1  SUBSTEP=     1                                             
   TIME=    1.0000      LOAD CASE=   0                                         
 
    NODE       VOLT  
    4603  -112.47     
    4604  -82.916     
    4605  -84.649     
    4606  -95.725     
    4607  -18.903     
    4608   127.47     
    4609   125.60     
    4610  -124.57     
    4611  -114.51     
    4612  -103.51     
    4613   155.77     
    4614   163.89     
    4615  -96.510     
    4616  -58.274     
    4617  -50.376     
    4618  -102.12     
    4619  -32.188     
    4620   43.775     
    4621   16.624     
    4622  -19.831     
    4623   4.5619     
    4624  -32.371     
    4625  -70.001     
    4626  -35.641     
    4627  -103.20     
    4628  -120.23     
    4629  -157.42     
    4630  -154.80     
    4631  -159.51     
    4632  -183.25     
    4633  -161.41     
    4634  -135.08     
    4635  -109.71     
    4636  -82.264     
    4637  -59.677     
    4638  -12.257     
    4639  -117.77     
    4640  -118.87     
    4641  -63.355     
 
  ***** POST1 NODAL DEGREE OF FREEDOM LISTING *****                            
 
  LOAD STEP=     1  SUBSTEP=     1                                             
   TIME=    1.0000      LOAD CASE=   0                                         
 
    NODE       VOLT  
    4642  -82.999     
    4643  -124.61     
    4644   16.751     
    4645  0.19802     
    4646   56.243     
    4647  0.12724     
    4648   64.161     
    4649   103.24     
    4650   38.626     
    4651   48.875     
    4652   104.84     
    4653   52.613     
    4654   48.738     
    4655   109.52     
    4656   151.42     
    4657   166.38     
    4658   104.26     
    4659   152.90     
    4660   150.65     
    4661   140.66     
    4662   112.05     
    4663  -143.84     
    4664  -153.39     
    4665  -106.22     
    4666  -77.250     
    4667  -167.80     
    4668  -167.38     
    4669  -123.39     
    4670  -139.40     
    4671  -155.97     
    4672  -181.44     
    4673   148.23     
    4674   113.75     
    4675   122.90     
    4676   163.30     
    4677   148.62     
    4678   95.551     
    4679   108.57     
    4680   115.13     
 
  ***** POST1 NODAL DEGREE OF FREEDOM LISTING *****                            
 
  LOAD STEP=     1  SUBSTEP=     1                                             
   TIME=    1.0000      LOAD CASE=   0                                         
 
    NODE       VOLT  
    4681   62.886     
    4682   11.766     
    4683   82.043     
    4684  -137.09     
    4685  -154.93     
    4686  -165.66     
    4687  -152.61     
    4688  -87.920     
    4689  -151.22     
    4690  -152.93     
    4691  -89.356     
    4692  -88.811     
    4693  -43.250     
    4694  -61.342     
    4695  -112.34     
    4696  -134.37     
    4697  -72.876     
    4698  -111.33     
    4699  -102.86     
    4700  -147.17     
    4701   87.604     
    4702   56.663     
    4703   162.14     
    4704   133.30     
    4705   152.81     
    4706   142.66     
    4707   86.201     
    4708   108.00     
    4709   52.455     
    4710  -134.02     
    4711  -73.790     
    4712  -116.77     
    4713  -108.50     
    4714   147.24     
    4715   20.462     
    4716  -19.578     
    4717   72.712     
    4718   55.811     
    4719  -105.88     
 
  ***** POST1 NODAL DEGREE OF FREEDOM LISTING *****                            
 
  LOAD STEP=     1  SUBSTEP=     1                                             
   TIME=    1.0000      LOAD CASE=   0                                         
 
    NODE       VOLT  
    4720  -132.98     
    4721  -167.83     
    4722   11.878     
    4723   11.796     
    4724   8.0550     
    4725   44.823     
    4726   32.325     
    4727 -0.37431     
    4728  -24.800     
    4729  -55.052     
    4730  -51.178     
    4731   75.057     
    4732   173.36     
    4733   159.16     
    4734   159.34     
    4735   136.26     
    4736  -149.42     
    4737  -163.76     
    4738  -80.771     
    4739  -73.422     
    4740   160.01     
    4741   105.54     
    4742   165.75     
    4743  -150.81     
    4744  -135.16     
    4745  -82.019     
    4746  -168.68     
    4747  -150.12     
    4748   97.433     
    4749   123.02     
    4750   66.515     
    4751   148.23     
    4752  -72.657     
    4753   166.53     
    4754   36.258     
    4755  -35.853     
    4756   163.36     
    4757   165.09     
    4758  -112.51     
 
  ***** POST1 NODAL DEGREE OF FREEDOM LISTING *****                            
 
  LOAD STEP=     1  SUBSTEP=     1                                             
   TIME=    1.0000      LOAD CASE=   0                                         
 
    NODE       VOLT  
    4759  -150.69     
    4760  -152.65     
    4761  -86.832     
    4762  -143.71     
    4763  -23.503     
    4764  -69.337     
    4765  -57.036     
    4766   97.947     
    4767   160.12     
    4768   69.732     
    4769   151.41     
    4770   22.841     
    4771   29.483     
    4772  -28.777     
    4773  -23.965     
    4774   169.86     
    4775   130.40     
    4776  -11.156     
    4777   149.21     
    4778   114.92     
    4779   89.128     
    4780   151.20     
    4781   164.84     
    4782   148.89     
    4783  -146.87     
    4784  -168.54     
    4785  -150.03     
    4786  -116.50     
    4787  -152.75     
    4788  -110.57     
    4789  -96.225     
    4790  -4.2411     
    4791  -1.2436     
    4792   150.52     
    4793  -97.757     
    4794  -110.85     
    4795  -101.89     
    4796   165.83     
    4797   165.91     
 
  ***** POST1 NODAL DEGREE OF FREEDOM LISTING *****                            
 
  LOAD STEP=     1  SUBSTEP=     1                                             
   TIME=    1.0000      LOAD CASE=   0                                         
 
    NODE       VOLT  
    4798   173.05     
    4799  -142.71     
    4800   144.14     
    4801  -109.96     
    4802  -163.23     
    4803   170.86     
    4804   182.39     
    4805   99.259     
    4806   103.28     
    4807  -170.50     
    4808   2.7976     
    4809  -54.299     
    4810  -95.652     
    4811   70.719     
    4812  -17.404     
    4813  -117.05     
    4814  -178.92     
    4815  -17.119     
    4816  -52.314     
    4817  -182.57     
    4818  -19.393     
    4819  -82.657     
    4820   111.94     
    4821   111.96     
    4822   154.61     
    4823  -25.118     
    4824   15.620     
    4825   71.998     
    4826   115.13     
    4827   80.230     
    4828   4.7018     
    4829  -73.276     
    4830  -134.94     
    4831  -88.981     
    4832   66.811     
    4833   51.367     
    4834   101.30     
    4835   149.13     
    4836   69.658     
 
  ***** POST1 NODAL DEGREE OF FREEDOM LISTING *****                            
 
  LOAD STEP=     1  SUBSTEP=     1                                             
   TIME=    1.0000      LOAD CASE=   0                                         
 
    NODE       VOLT  
    4837  -73.625     
    4838  -70.284     
    4839  -151.31     
    4840   182.56     
    4841   157.00     
    4842   101.73     
    4843   154.84     
    4844  -160.53     
    4845  -175.87     
    4846   156.16     
    4847  -51.274     
    4848  -34.235     
    4849   50.439     
    4850   88.633     
    4851   35.614     
    4852  -2.9730     
    4853   153.09     
    4854  -183.26     
    4855  0.34857E-001
    4856  -52.559     
    4857  -174.92     
    4858  -5.0737     
    4859   61.440     
    4860   112.23     
    4861  -165.20     
    4862   32.113     
    4863   35.858     
    4864   117.05     
    4865   50.430     
    4866  -42.980     
    4867  -36.897     
    4868  -71.089     
    4869   183.56     
    4870  -151.27     
    4871  0.49830E-001
    4872  -162.12     
    4873  -101.89     
    4874  -162.64     
    4875  -162.33     
 
  ***** POST1 NODAL DEGREE OF FREEDOM LISTING *****                            
 
  LOAD STEP=     1  SUBSTEP=     1                                             
   TIME=    1.0000      LOAD CASE=   0                                         
 
    NODE       VOLT  
    4876  -159.73     
    4877  -182.53     
    4878  -187.17     
    4879  -171.31     
    4880  -166.68     
    4881  -194.10     
    4882  -169.24     
    4883  -164.65     
    4884  -192.11     
    4885  -187.11     
    4886  -194.07     
    4887  -194.10     
    4888  -187.16     
    4889  -194.12     
    4890  -134.27     
    4891  -111.56     
    4892  -155.41     
    4893  -148.95     
    4894  -105.08     
    4895  -126.18     
    4896   144.85     
    4897   164.30     
    4898   160.36     
    4899   138.22     
    4900   151.00     
    4901   165.28     
    4902   173.92     
    4903   163.78     
    4904   162.03     
    4905   159.36     
    4906  -137.70     
    4907  -182.79     
    4908  -164.86     
    4909  -150.93     
    4910  -168.86     
    4911  -196.05     
    4912  -144.10     
    4913  -171.27     
    4914   117.27     
 
  ***** POST1 NODAL DEGREE OF FREEDOM LISTING *****                            
 
  LOAD STEP=     1  SUBSTEP=     1                                             
   TIME=    1.0000      LOAD CASE=   0                                         
 
    NODE       VOLT  
    4915   103.43     
    4916   74.705     
    4917   101.32     
    4918   131.03     
    4919   86.653     
    4920  -196.05     
    4921  -164.83     
    4922  -136.42     
    4923  -167.58     
    4924  -181.51     
    4925   123.61     
    4926   139.66     
    4927   129.46     
    4928   141.12     
    4929   147.38     
    4930   109.71     
    4931   88.497     
    4932   92.886     
    4933   82.793     
    4934   66.264     
    4935   115.02     
    4936   119.13     
    4937   141.57     
    4938   137.27     
    4939   147.03     
    4940   91.892     
    4941   105.14     
    4942   39.906     
    4943   125.62     
    4944   98.193     
    4945   111.85     
    4946   96.342     
    4947  -20.560     
    4948   12.221     
    4949  -5.9977     
    4950   5.7282     
    4951   23.938     
    4952   38.623     
    4953  -29.578     
 
  ***** POST1 NODAL DEGREE OF FREEDOM LISTING *****                            
 
  LOAD STEP=     1  SUBSTEP=     1                                             
   TIME=    1.0000      LOAD CASE=   0                                         
 
    NODE       VOLT  
    4954  -47.931     
    4955  -38.140     
    4956  -19.839     
    4957  -47.162     
    4958  -13.027     
    4959  -31.304     
    4960  -40.306     
    4961  -133.01     
    4962  -93.847     
    4963  -74.904     
    4964  -134.02     
    4965  -153.10     
    4966  -94.867     
    4967  -108.61     
    4968  -59.159     
    4969  -66.680     
    4970  -79.901     
    4971  -73.931     
    4972  -34.027     
    4973  -101.52     
    4974  -124.13     
    4975  -136.63     
    4976  -91.368     
    4977  -78.896     
    4978  -113.93     
    4979  -127.65     
    4980  -158.53     
    4981  -144.86     
    4982  -144.68     
    4983  -158.35     
    4984  -175.60     
    4985  -112.07     
    4986  -124.52     
    4987  -115.16     
    4988  -138.20     
    4989  -155.42     
    4990  -135.52     
    4991  -166.44     
    4992  -146.03     
 
  ***** POST1 NODAL DEGREE OF FREEDOM LISTING *****                            
 
  LOAD STEP=     1  SUBSTEP=     1                                             
   TIME=    1.0000      LOAD CASE=   0                                         
 
    NODE       VOLT  
    4993   62.416     
    4994   91.113     
    4995   50.354     
    4996   16.819     
    4997   57.552     
    4998   45.429     
    4999   105.90     
    5000   133.61     
    5001   136.26     
    5002   114.52     
    5003   111.90     
    5004   142.28     
    5005   65.025     
    5006   95.185     
    5007   54.372     
    5008   97.858     
    5009   92.889     
    5010   47.199     
    5011   80.630     
    5012   128.47     
    5013   116.24     
    5014   118.00     
    5015   125.53     
    5016   120.37     
    5017   158.89     
    5018   149.31     
    5019   123.98     
    5020   131.24     
    5021   183.34     
    5022   176.03     
    5023   93.059     
    5024   80.921     
    5025   127.21     
    5026   117.00     
    5027   114.96     
    5028   70.907     
    5029   58.858     
    5030   60.796     
    5031   181.64     
 
  ***** POST1 NODAL DEGREE OF FREEDOM LISTING *****                            
 
  LOAD STEP=     1  SUBSTEP=     1                                             
   TIME=    1.0000      LOAD CASE=   0                                         
 
    NODE       VOLT  
    5032   183.54     
    5033   189.34     
    5034   71.001     
    5035   119.05     
    5036   69.559     
    5037   110.47     
    5038   152.43     
    5039   134.05     
    5040   164.47     
    5041   142.70     
    5042  -94.308     
    5043  -125.02     
    5044  -113.76     
    5045  -41.402     
    5046  -52.602     
    5047  -71.929     
    5048  -35.179     
    5049  -87.931     
    5050  -107.13     
    5051  -177.68     
    5052  -145.66     
    5053  -179.25     
    5054  -157.87     
    5055  -133.20     
    5056  -138.52     
    5057  -157.55     
    5058  -152.15     
    5059  -132.85     
    5060  -157.66     
    5061  -181.17     
    5062  -128.99     
    5063  -177.32     
    5064  -148.58     
    5065   157.32     
    5066   132.08     
    5067   142.32     
    5068  -128.71     
    5069  -180.89     
    5070   5.9659     
 
  ***** POST1 NODAL DEGREE OF FREEDOM LISTING *****                            
 
  LOAD STEP=     1  SUBSTEP=     1                                             
   TIME=    1.0000      LOAD CASE=   0                                         
 
    NODE       VOLT  
    5071  -46.807     
    5072  -84.533     
    5073  -31.659     
    5074  -25.772     
    5075  -107.57     
    5076  -80.880     
    5077  -103.90     
    5078  -59.788     
    5079   176.16     
    5080   165.83     
    5081   144.49     
    5082   156.33     
    5083   177.16     
    5084   142.17     
    5085   169.57     
    5086   147.22     
    5087   129.66     
    5088   133.70     
    5089   132.92     
    5090   114.86     
    5091   162.54     
    5092   143.81     
    5093   124.61     
    5094   166.29     
    5095   162.18     
    5096   155.51     
    5097   160.89     
    5098   14.384     
    5099   1.6809     
    5100   22.865     
    5101  -19.162     
    5102  -31.195     
    5103  -11.170     
    5104   24.310     
    5105   35.211     
    5106   44.610     
    5107  -13.695     
    5108  -30.535     
    5109  -11.819     
 
  ***** POST1 NODAL DEGREE OF FREEDOM LISTING *****                            
 
  LOAD STEP=     1  SUBSTEP=     1                                             
   TIME=    1.0000      LOAD CASE=   0                                         
 
    NODE       VOLT  
    5110  -49.409     
    5111   37.388     
    5112   16.433     
    5113   1.6685     
    5114  -66.059     
    5115  -109.43     
    5116  -79.084     
    5117  -62.400     
    5118  -92.734     
    5119  -105.76     
    5120  -82.543     
    5121  -52.250     
    5122  -68.448     
    5123  -95.120     
    5124  -111.83     
    5125   174.77     
    5126  -78.313     
    5127  -38.108     
    5128  -48.796     
    5129  -68.189     
    5130  -38.660     
    5131  -92.189     
    5132  -115.12     
    5133  -118.28     
    5134  -90.747     
    5135  -101.22     
    5136  -81.369     
    5137  -65.447     
    5138  -54.731     
    5139   163.63     
    5140   185.31     
    5141   185.33     
    5142   139.13     
    5143   185.38     
    5144   179.15     
    5145   154.53     
    5146   185.36     
    5147   179.14     
    5148   133.55     
 
  ***** POST1 NODAL DEGREE OF FREEDOM LISTING *****                            
 
  LOAD STEP=     1  SUBSTEP=     1                                             
   TIME=    1.0000      LOAD CASE=   0                                         
 
    NODE       VOLT  
    5149   129.35     
    5150   156.53     
    5151   128.26     
    5152   101.14     
    5153   124.03     
    5154   87.456     
    5155   114.55     
    5156   131.17     
    5157   104.06     
    5158   85.095     
    5159   150.07     
    5160   179.41     
    5161   180.62     
    5162   151.23     
    5163   150.08     
    5164   180.58     
    5165   151.23     
    5166   180.57     
    5167   180.62     
    5168   180.59     
    5169   180.50     
    5170   181.62     
    5171   181.65     
    5172   180.58     
    5173   152.32     
    5174   180.61     
    5175   179.33     
    5176  -161.40     
    5177  -156.74     
    5178  -154.65     
    5179  -183.74     
    5180  -186.85     
    5181  -179.12     
    5182   148.22     
    5183   182.16     
    5184   169.25     
    5185   139.97     
    5186   150.38     
    5187   172.87     
 
  ***** POST1 NODAL DEGREE OF FREEDOM LISTING *****                            
 
  LOAD STEP=     1  SUBSTEP=     1                                             
   TIME=    1.0000      LOAD CASE=   0                                         
 
    NODE       VOLT  
    5188   64.120     
    5189   26.168     
    5190   94.447     
    5191   84.021     
    5192   14.214     
    5193   45.149     
    5194   142.16     
    5195   132.32     
    5196   79.828     
    5197   104.95     
    5198   120.62     
    5199   134.68     
    5200   109.04     
    5201   82.910     
    5202   117.02     
    5203   102.18     
    5204   76.708     
    5205   126.73     
    5206   146.49     
    5207   131.26     
    5208   42.883     
    5209   64.780     
    5210   48.169     
    5211   72.049     
    5212   55.300     
    5213   31.724     
    5214   121.44     
    5215   111.50     
    5216   84.974     
    5217   94.710     
    5218   91.094     
    5219   127.10     
    5220   159.30     
    5221   125.03     
    5222   146.93     
    5223   157.22     
    5224   34.102     
    5225   52.317     
    5226   32.034     
 
  ***** POST1 NODAL DEGREE OF FREEDOM LISTING *****                            
 
  LOAD STEP=     1  SUBSTEP=     1                                             
   TIME=    1.0000      LOAD CASE=   0                                         
 
    NODE       VOLT  
    5227   37.045     
    5228   57.343     
    5229   54.767     
    5230   67.760     
    5231   44.638     
    5232   80.000     
    5233   51.105     
    5234   118.27     
    5235   80.191     
    5236   93.498     
    5237   102.99     
    5238   28.694     
    5239   23.761     
    5240   5.3365     
    5241   18.183     
    5242  -3.8018     
    5243  0.26453     
    5244   19.799     
    5245   131.20     
    5246   83.772     
    5247   95.743     
    5248   89.103     
    5249   77.872     
    5250   114.83     
    5251   118.51     
    5252   148.00     
    5253   151.44     
    5254   121.92     
    5255   155.03     
    5256  -49.813     
    5257  -25.998     
    5258  -35.545     
    5259  -59.432     
    5260  -36.627     
    5261   128.94     
    5262   132.46     
    5263   158.14     
    5264   180.74     
    5265   184.30     
 
  ***** POST1 NODAL DEGREE OF FREEDOM LISTING *****                            
 
  LOAD STEP=     1  SUBSTEP=     1                                             
   TIME=    1.0000      LOAD CASE=   0                                         
 
    NODE       VOLT  
    5266   151.89     
    5267   181.13     
    5268   63.855     
    5269   6.4604     
    5270   48.831     
    5271   44.944     
    5272   29.900     
    5273   107.41     
    5274   129.91     
    5275   130.29     
    5276   66.591     
    5277   9.1316     
    5278   95.997     
    5279   56.281     
    5280   38.512     
    5281   53.400     
    5282   59.476     
    5283   78.410     
    5284   82.172     
    5285   73.099     
    5286   150.30     
    5287   122.06     
    5288  -91.973     
    5289  -127.30     
    5290  -128.81     
    5291  -106.66     
    5292  -142.01     
    5293  -161.52     
    5294  -125.82     
    5295  -105.81     
    5296  -141.25     
    5297  -138.34     
    5298  -76.640     
    5299  -78.218     
    5300  -53.331     
    5301  -51.786     
    5302  -38.032     
    5303  -91.253     
    5304  -72.298     
 
  ***** POST1 NODAL DEGREE OF FREEDOM LISTING *****                            
 
  LOAD STEP=     1  SUBSTEP=     1                                             
   TIME=    1.0000      LOAD CASE=   0                                         
 
    NODE       VOLT  
    5305  -53.952     
    5306  -74.955     
    5307  -98.392     
    5308  -77.153     
    5309  -79.920     
    5310   115.54     
    5311   117.18     
    5312   153.10     
    5313   82.940     
    5314   84.542     
    5315   119.36     
    5316   119.04     
    5317   85.065     
    5318  -32.983     
    5319  -5.1431     
    5320  -11.052     
    5321   11.661     
    5322   33.566     
    5323   32.393     
    5324   13.754     
    5325   13.690     
    5326   24.830     
    5327   4.9667     
    5328  -3.7447     
    5329   16.477     
    5330   25.182     
    5331  -3.5353     
    5332  -11.169     
    5333  -21.845     
    5334  -38.285     
    5335   75.062     
    5336   115.30     
    5337   92.539     
    5338   43.783     
    5339   65.636     
    5340   83.101     
    5341   7.5767     
    5342   22.196     
    5343   32.670     
 
  ***** POST1 NODAL DEGREE OF FREEDOM LISTING *****                            
 
  LOAD STEP=     1  SUBSTEP=     1                                             
   TIME=    1.0000      LOAD CASE=   0                                         
 
    NODE       VOLT  
    5344   42.542     
    5345   47.442     
    5346   13.637     
    5347   23.442     
    5348   48.490     
    5349   4.9269     
    5350   50.956     
    5351   42.480     
    5352   41.422     
    5353   49.812     
    5354   87.597     
    5355   37.500     
    5356   39.134     
    5357  -1.6006     
    5358   39.391     
    5359   41.138     
    5360   30.243     
    5361   11.826     
    5362  -21.057     
    5363  -1.8265     
    5364   31.236     
    5365  -19.388     
    5366   43.558     
    5367  -1.5943     
    5368   6.6572     
    5369   42.742     
    5370   10.257     
    5371  -7.4062     
    5372   4.6453     
    5373   2.0196     
    5374   2.2978     
    5375  -25.444     
    5376  -26.100     
    5377  -28.127     
    5378  -2.4462     
    5379  -29.725     
    5380  -22.717     
    5381  -5.0254     
    5382  -25.358     
 
  ***** POST1 NODAL DEGREE OF FREEDOM LISTING *****                            
 
  LOAD STEP=     1  SUBSTEP=     1                                             
   TIME=    1.0000      LOAD CASE=   0                                         
 
    NODE       VOLT  
    5383  -34.227     
    5384  -27.234     
    5385  -55.036     
    5386   33.357     
    5387   58.468     
    5388   29.395     
    5389   38.283     
    5390   66.663     
    5391   63.525     
    5392   57.724     
    5393   30.005     
    5394   25.573     
    5395   22.330     
    5396  -7.0168     
    5397  -18.712     
    5398  -6.6038     
    5399   17.647     
    5400   17.571     
    5401  -42.678     
    5402  -38.626     
    5403  -63.803     
    5404  -43.782     
    5405  -39.788     
    5406  -69.151     
    5407  -82.937     
    5408  -120.47     
    5409  -106.65     
    5410  -106.96     
    5411  -127.78     
    5412  -151.97     
    5413  -117.05     
    5414  -129.50     
    5415  -108.81     
    5416  -106.67     
    5417  -127.37     
    5418  -119.13     
    5419  -61.686     
    5420  -47.900     
    5421  -31.427     
 
  ***** POST1 NODAL DEGREE OF FREEDOM LISTING *****                            
 
  LOAD STEP=     1  SUBSTEP=     1                                             
   TIME=    1.0000      LOAD CASE=   0                                         
 
    NODE       VOLT  
    5422   164.26     
    5423   186.92     
    5424   141.13     
    5425   164.20     
    5426   186.88     
    5427   51.743     
    5428   26.432     
    5429   35.632     
    5430   89.652     
    5431   80.484     
    5432   64.337     
    5433   98.303     
    5434   40.347     
    5435   41.117     
    5436   56.784     
    5437   66.017     
    5438   29.856     
    5439   44.205     
    5440   39.168     
    5441 -0.60279     
    5442   126.10     
    5443   148.72     
    5444   171.79     
    5445  -13.525     
    5446  -13.521     
    5447  -32.827     
    5448   111.17     
    5449   133.77     
    5450   175.88     
    5451   170.26     
    5452   162.15     
    5453   188.82     
    5454   197.05     
    5455   183.17     
    5456   188.91     
    5457   167.44     
    5458   146.43     
    5459   162.92     
    5460   184.05     
 
  ***** POST1 NODAL DEGREE OF FREEDOM LISTING *****                            
 
  LOAD STEP=     1  SUBSTEP=     1                                             
   TIME=    1.0000      LOAD CASE=   0                                         
 
    NODE       VOLT  
    5461   141.57     
    5462   183.28     
    5463   188.92     
    5464  -149.26     
    5465  -124.46     
    5466  -149.11     
    5467   167.45     
    5468   167.46     
    5469   188.92     
    5470   110.82     
    5471   95.626     
    5472   152.52     
    5473   89.764     
    5474   131.38     
    5475   143.49     
    5476   128.08     
    5477   86.723     
    5478   3.1981     
    5479   8.3654     
    5480  -8.6347     
    5481   23.383     
    5482   3.9268     
    5483   26.222     
    5484  -12.388     
    5485   8.9151     
    5486   79.656     
    5487   94.279     
    5488   60.648     
    5489   56.893     
    5490   89.215     
    5491   70.535     
    5492   50.570     
    5493  -22.098     
    5494  -147.99     
    5495  -167.55     
    5496  -190.29     
    5497  -165.29     
    5498  -184.75     
    5499  -182.57     
 
  ***** POST1 NODAL DEGREE OF FREEDOM LISTING *****                            
 
  LOAD STEP=     1  SUBSTEP=     1                                             
   TIME=    1.0000      LOAD CASE=   0                                         
 
    NODE       VOLT  
    5500  -66.015     
    5501  -50.893     
    5502  -53.384     
    5503  -91.127     
    5504  -88.628     
    5505  -75.959     
    5506  -141.16     
    5507  -115.90     
    5508  -103.18     
    5509  -160.25     
    5510  -20.857     
    5511  -17.173     
    5512  -129.31     
    5513  -149.52     
    5514  -133.14     
    5515  -130.09     
    5516  -146.03     
    5517  -149.30     
    5518  -8.3602     
    5519   10.871     
    5520  -19.196     
    5521  -31.680     
    5522   139.25     
    5523   161.82     
    5524   130.75     
    5525   160.98     
    5526   152.45     
    5527   67.529     
    5528   79.332     
    5529   116.17     
    5530   126.79     
    5531   78.280     
    5532   97.908     
    5533   146.61     
    5534   108.37     
    5535   142.83     
    5536   104.94     
    5537   94.337     
    5538   59.201     
 
  ***** POST1 NODAL DEGREE OF FREEDOM LISTING *****                            
 
  LOAD STEP=     1  SUBSTEP=     1                                             
   TIME=    1.0000      LOAD CASE=   0                                         
 
    NODE       VOLT  
    5539   88.050     
    5540   114.58     
    5541   85.600     
    5542  -22.937     
    5543  -25.237     
    5544  -10.114     
    5545   7.1775     
    5546   20.896     
    5547  -23.781     
    5548  -17.865     
    5549  -22.187     
    5550   24.763     
    5551  -22.320     
    5552  -7.2277     
    5553   81.464     
    5554   72.892     
    5555   60.386     
    5556   138.73     
    5557   160.78     
    5558   175.09     
    5559   160.12     
    5560   148.05     
    5561   177.14     
    5562   181.34     
    5563   178.78     
    5564   176.32     
    5565   137.24     
    5566   167.53     
    5567   107.44     
    5568   106.29     
    5569   98.306     
    5570   159.16     
    5571   144.00     
    5572   142.72     
    5573   124.51     
    5574   156.77     
    5575   177.57     
    5576   177.61     
    5577   156.80     
 
  ***** POST1 NODAL DEGREE OF FREEDOM LISTING *****                            
 
  LOAD STEP=     1  SUBSTEP=     1                                             
   TIME=    1.0000      LOAD CASE=   0                                         
 
    NODE       VOLT  
    5578   175.09     
    5579  -129.39     
    5580  -111.43     
    5581  -88.723     
    5582  -126.62     
    5583  -152.61     
    5584  -110.16     
    5585  -109.69     
    5586  -94.347     
    5587  -51.737     
    5588  -37.481     
    5589  -4.5729     
    5590  -131.40     
    5591  -145.63     
    5592  -165.67     
    5593  -142.94     
    5594  -72.367     
    5595   94.244     
    5596   54.463     
    5597   83.847     
    5598   110.16     
    5599   148.61     
    5600   124.03     
    5601   139.76     
    5602   153.67     
    5603   96.792     
    5604   59.180     
    5605   94.433     
    5606   132.98     
    5607   67.598     
    5608   93.549     
    5609   132.25     
    5610   102.69     
    5611   160.82     
    5612   130.02     
    5613  -171.45     
    5614  -185.85     
    5615  -147.47     
    5616  -171.55     
 
  ***** POST1 NODAL DEGREE OF FREEDOM LISTING *****                            
 
  LOAD STEP=     1  SUBSTEP=     1                                             
   TIME=    1.0000      LOAD CASE=   0                                         
 
    NODE       VOLT  
    5617  -185.90     
    5618  -184.70     
    5619  -184.64     
    5620  -184.69     
    5621  -100.64     
    5622  -85.289     
    5623  -117.69     
    5624  -75.988     
    5625  -60.611     
    5626  -141.67     
    5627  -114.42     
    5628  -106.25     
    5629  -145.31     
    5630  -153.48     
    5631  -113.45     
    5632  -97.971     
    5633  -140.63     
    5634  -125.13     
    5635  -142.03     
    5636  -147.70     
    5637  -162.01     
    5638  -86.654     
    5639  -56.403     
    5640  -96.319     
    5641  -129.52     
    5642  -93.238     
    5643  -106.23     
    5644  -142.54     
    5645  -139.39     
    5646  -69.668     
    5647  -105.89     
    5648  -22.314     
    5649  -20.344     
    5650  -58.118     
    5651  -24.069     
    5652   13.675     
    5653  -38.581     
    5654  -35.608     
    5655   8.9738     
 
  ***** POST1 NODAL DEGREE OF FREEDOM LISTING *****                            
 
  LOAD STEP=     1  SUBSTEP=     1                                             
   TIME=    1.0000      LOAD CASE=   0                                         
 
    NODE       VOLT  
    5656  -27.031     
    5657  -71.651     
    5658   69.557     
    5659   66.917     
    5660   67.129     
    5661   47.850     
    5662   48.248     
    5663   46.077     
    5664  -75.328     
    5665  -89.926     
    5666  -31.859     
    5667  -61.505     
    5668  -23.717     
    5669  -71.048     
    5670  -73.297     
    5671  -79.451     
    5672  -62.361     
    5673  -34.310     
    5674  -23.420     
    5675  -52.649     
    5676  0.43302E-001
    5677   164.84     
    5678   137.05     
    5679   143.07     
    5680   132.04     
    5681   111.32     
    5682   128.21     
    5683   111.31     
    5684   92.417     
    5685   151.36     
    5686   146.47     
    5687   187.44     
    5688   186.40     
    5689   187.45     
    5690   189.74     
    5691   159.16     
    5692   179.22     
    5693   189.83     
    5694   179.41     
 
  ***** POST1 NODAL DEGREE OF FREEDOM LISTING *****                            
 
  LOAD STEP=     1  SUBSTEP=     1                                             
   TIME=    1.0000      LOAD CASE=   0                                         
 
    NODE       VOLT  
    5695   123.92     
    5696   105.91     
    5697   85.221     
    5698   120.35     
    5699   151.29     
    5700   152.98     
    5701   122.44     
    5702   149.89     
    5703   182.54     
    5704   180.13     
    5705   177.92     
    5706   145.20     
    5707   170.70     
    5708   174.24     
    5709   176.35     
    5710  -174.45     
    5711  -164.03     
    5712  -138.73     
    5713  -146.44     
    5714  -163.78     
    5715  -136.45     
    5716  -160.65     
    5717  -161.54     
    5718  -176.02     
    5719  -153.17     
    5720  -183.30     
    5721  -182.87     
    5722  -174.64     
    5723  -180.21     
    5724  -139.30     
    5725  -110.95     
    5726  -119.29     
    5727  -143.81     
    5728  -121.43     
    5729  -163.11     
    5730  -151.53     
    5731  -178.58     
    5732  -152.55     
    5733  -160.94     
 
  ***** POST1 NODAL DEGREE OF FREEDOM LISTING *****                            
 
  LOAD STEP=     1  SUBSTEP=     1                                             
   TIME=    1.0000      LOAD CASE=   0                                         
 
    NODE       VOLT  
    5734  -168.25     
    5735  -110.61     
    5736  -128.66     
    5737  -126.87     
    5738  -111.44     
    5739  -113.15     
    5740  -82.723     
    5741  -84.546     
    5742  -85.231     
    5743  -193.61     
    5744  -182.01     
    5745  -159.23     
    5746  -61.072     
    5747  -76.323     
    5748  -54.171     
    5749  -75.676     
    5750  -97.682     
    5751  -90.983     
    5752  -5.3339     
    5753  -36.781     
    5754  -96.683     
    5755  -60.300     
    5756  -72.959     
    5757  -61.042     
    5758  -94.595     
    5759  -82.206     
    5760  -80.953     
    5761  -56.061     
    5762  -57.302     
    5763  -43.635     
    5764  -87.306     
    5765  -90.563     
    5766  -59.790     
    5767  -84.962     
    5768  -102.12     
    5769  -86.990     
    5770  -99.491     
    5771  -174.74     
    5772  -174.74     
 
  ***** POST1 NODAL DEGREE OF FREEDOM LISTING *****                            
 
  LOAD STEP=     1  SUBSTEP=     1                                             
   TIME=    1.0000      LOAD CASE=   0                                         
 
    NODE       VOLT  
    5773  -54.556     
    5774   1.3169     
    5775  -37.527     
    5776   18.563     
    5777   146.29     
    5778   167.41     
    5779   190.98     
    5780   183.61     
    5781   163.20     
    5782   160.27     
    5783   129.30     
    5784   159.29     
    5785   143.30     
    5786   147.05     
    5787   173.27     
    5788   148.96     
    5789   155.23     
    5790   154.46     
    5791   161.53     
    5792   176.28     
    5793   162.26     
    5794   174.77     
    5795   177.62     
    5796   97.421     
    5797   123.62     
    5798   102.93     
    5799   87.508     
    5800   77.042     
    5801   86.127     
    5802  -183.99     
    5803  -182.89     
    5804  -170.57     
    5805  -182.28     
    5806  -119.24     
    5807  -79.306     
    5808  -83.821     
    5809  -97.038     
    5810  -92.286     
    5811  -132.47     
 
  ***** POST1 NODAL DEGREE OF FREEDOM LISTING *****                            
 
  LOAD STEP=     1  SUBSTEP=     1                                             
   TIME=    1.0000      LOAD CASE=   0                                         
 
    NODE       VOLT  
    5812  -130.72     
    5813  -126.66     
    5814   186.82     
    5815   159.79     
    5816   182.83     
    5817   186.96     
    5818   163.91     
    5819   159.83     
    5820  -100.33     
    5821  -139.06     
    5822  -110.90     
    5823  -87.925     
    5824  -115.25     
    5825  -72.917     
    5826  -62.511     
    5827  -131.52     
    5828  -133.54     
    5829  -155.27     
    5830  -155.32     
    5831  -167.41     
    5832  -142.54     
    5833  -161.69     
    5834  -165.14     
    5835  -185.49     
    5836  -171.61     
    5837  -108.03     
    5838  -145.91     
    5839  -148.93     
    5840  -176.12     
    5841  -122.00     
    5842  -177.93     
    5843  -178.93     
    5844  -108.79     
    5845  -78.496     
    5846  -96.554     
    5847  -113.61     
    5848  -93.735     
    5849  -82.611     
    5850  -119.19     
 
  ***** POST1 NODAL DEGREE OF FREEDOM LISTING *****                            
 
  LOAD STEP=     1  SUBSTEP=     1                                             
   TIME=    1.0000      LOAD CASE=   0                                         
 
    NODE       VOLT  
    5851  -100.94     
    5852  -129.32     
    5853  -115.80     
    5854  -132.67     
    5855  -168.24     
    5856  -155.79     
    5857  -164.48     
    5858  -139.93     
    5859  -175.15     
    5860  -54.704     
    5861  -76.063     
    5862  -79.959     
    5863  -45.422     
    5864  -41.185     
    5865  -66.502     
    5866  -138.50     
    5867  -151.27     
    5868   6.9153     
    5869   29.592     
    5870  -5.0679     
    5871  -25.298     
    5872   13.392     
    5873  0.41263     
    5874  -6.9846     
    5875  -14.882     
    5876  -1.9452     
    5877  -13.950     
    5878  -26.713     
    5879  -22.493     
    5880  -31.964     
    5881  -49.532     
    5882  -50.848     
    5883  -33.839     
    5884  -33.415     
    5885  -52.435     
    5886  -52.439     
    5887  -70.722     
    5888   23.842     
    5889   11.013     
 
  ***** POST1 NODAL DEGREE OF FREEDOM LISTING *****                            
 
  LOAD STEP=     1  SUBSTEP=     1                                             
   TIME=    1.0000      LOAD CASE=   0                                         
 
    NODE       VOLT  
    5890  -6.6807     
    5891  -15.306     
    5892  -8.1010     
    5893  -103.39     
    5894  -130.77     
    5895  -139.56     
    5896  -112.15     
    5897  -111.63     
    5898  -137.56     
    5899  -137.39     
    5900  -158.04     
    5901  -136.51     
    5902  -160.08     
    5903  -157.28     
    5904  -184.39     
    5905  -182.18     
    5906  -168.91     
    5907  -171.34     
    5908  -196.66     
    5909  -109.81     
    5910  -183.68     
    5911  -186.60     
    5912  -160.66     
    5913  -132.33     
    5914  -147.35     
    5915  -148.20     
    5916  -119.31     
    5917  -68.918     
    5918  -68.102     
    5919  -31.217     
    5920  -63.931     
    5921  -56.216     
    5922  -50.495     
    5923  -46.434     
    5924  -28.267     
    5925  -52.068     
    5926  -35.359     
    5927  -46.346     
    5928  -70.955     
 
  ***** POST1 NODAL DEGREE OF FREEDOM LISTING *****                            
 
  LOAD STEP=     1  SUBSTEP=     1                                             
   TIME=    1.0000      LOAD CASE=   0                                         
 
    NODE       VOLT  
    5929  -65.963     
    5930  -42.143     
    5931  -76.484     
    5932  -93.274     
    5933  -120.96     
    5934  -96.952     
    5935  -93.609     
    5936  -71.646     
    5937  -54.734     
    5938  -89.141     
    5939  -114.01     
    5940  -90.535     
    5941  -93.680     
    5942  -116.45     
    5943  -88.633     
    5944  -65.976     
    5945  -91.011     
    5946  -73.220     
    5947  -125.72     
    5948  -117.37     
    5949  -96.496     
    5950  -119.25     
    5951  -121.75     
    5952  -165.92     
    5953  -107.53     
    5954  -34.981     
    5955  -32.467     
    5956  -122.74     
    5957  -134.46     
    5958  -139.91     
    5959   39.406     
    5960   41.398     
    5961   19.402     
    5962   30.181     
    5963   19.236     
    5964   27.683     
    5965   51.746     
    5966   43.307     
    5967   40.654     
 
  ***** POST1 NODAL DEGREE OF FREEDOM LISTING *****                            
 
  LOAD STEP=     1  SUBSTEP=     1                                             
   TIME=    1.0000      LOAD CASE=   0                                         
 
    NODE       VOLT  
    5968   110.19     
    5969   77.542     
    5970   94.386     
    5971   115.83     
    5972   19.471     
    5973  0.11496     
    5974   41.488     
    5975  -6.5670     
    5976  0.17296     
    5977   12.131     
    5978  -26.193     
    5979   20.752     
    5980  -10.628     
    5981   30.252     
    5982  -4.4730     
    5983   21.469     
    5984   28.018     
    5985   2.2340     
    5986  -6.5565     
    5987   27.687     
    5988 -0.85474E-001
    5989   34.157     
    5990   83.800     
    5991   53.631     
    5992   60.246     
    5993   79.691     
    5994   21.447     
    5995   51.379     
    5996   70.963     
    5997   27.013     
    5998   52.739     
    5999   75.962     
    6000   78.877     
    6001   50.767     
    6002   76.658     
    6003   80.600     
    6004   54.434     
    6005   52.522     
    6006   25.318     
 
  ***** POST1 NODAL DEGREE OF FREEDOM LISTING *****                            
 
  LOAD STEP=     1  SUBSTEP=     1                                             
   TIME=    1.0000      LOAD CASE=   0                                         
 
    NODE       VOLT  
    6007   82.817     
    6008   107.28     
    6009   81.024     
    6010   159.09     
    6011   134.26     
    6012   127.60     
    6013   153.81     
    6014   159.99     
    6015   128.89     
    6016   151.98     
    6017   148.70     
    6018   146.62     
    6019   131.20     
    6020   131.68     
    6021   126.79     
    6022  -148.67     
    6023  -129.86     
    6024  -124.96     
    6025  -113.22     
    6026  -118.06     
    6027  -94.550     
    6028  -98.236     
    6029  -69.854     
    6030  -128.55     
    6031  -125.21     
    6032  -103.59     
    6033  -141.19     
    6034  -132.89     
    6035  -111.33     
    6036  -145.62     
    6037  -94.823     
    6038  -73.385     
    6039  -115.19     
    6040  -91.599     
    6041  -188.86     
    6042  -184.91     
    6043  -163.74     
    6044  -188.80     
    6045  -184.79     
 
  ***** POST1 NODAL DEGREE OF FREEDOM LISTING *****                            
 
  LOAD STEP=     1  SUBSTEP=     1                                             
   TIME=    1.0000      LOAD CASE=   0                                         
 
    NODE       VOLT  
    6046  -167.62     
    6047  -145.43     
    6048  -145.54     
    6049  -188.62     
    6050  -166.55     
    6051  -151.47     
    6052  -137.38     
    6053  -153.60     
    6054  -161.89     
    6055  -145.65     
    6056  -147.67     
    6057  -174.67     
    6058  -195.64     
    6059  -188.67     
    6060  -195.83     
    6061  -153.38     
    6062  -131.43     
    6063   131.12     
    6064   119.71     
    6065   135.55     
    6066   155.59     
    6067   138.47     
    6068   142.88     
    6069   156.59     
    6070   149.33     
    6071   180.35     
    6072   186.19     
    6073   178.11     
    6074   121.62     
    6075   102.18     
    6076   126.99     
    6077   131.88     
    6078   105.14     
    6079   112.53     
    6080   175.86     
    6081   176.13     
    6082   153.28     
    6083   134.04     
    6084   152.79     
 
  ***** POST1 NODAL DEGREE OF FREEDOM LISTING *****                            
 
  LOAD STEP=     1  SUBSTEP=     1                                             
   TIME=    1.0000      LOAD CASE=   0                                         
 
    NODE       VOLT  
    6085   37.302     
    6086   46.256     
    6087   72.480     
    6088   55.949     
    6089   30.993     
    6090   65.603     
    6091   154.20     
    6092  -172.31     
    6093  -181.64     
    6094  -145.98     
    6095  -151.74     
    6096  -188.15     
    6097  -161.00     
    6098   154.80     
    6099  -38.843     
    6100  -171.55     
    6101  -186.06     
    6102  -178.96     
    6103   130.21     
    6104   104.45     
    6105   121.42     
    6106  -120.08     
    6107  -119.58     
    6108  -152.19     
    6109  -152.78     
    6110  -120.21     
    6111  -152.17     
    6112  -89.060     
    6113  -119.75     
    6114  -121.06     
    6115  -89.279     
    6116  -88.301     
    6117  -67.007     
    6118  -66.062     
    6119  -65.555     
    6120  -27.981     
    6121   22.960     
    6122  -35.651     
    6123  -93.128     
 
  ***** POST1 NODAL DEGREE OF FREEDOM LISTING *****                            
 
  LOAD STEP=     1  SUBSTEP=     1                                             
   TIME=    1.0000      LOAD CASE=   0                                         
 
    NODE       VOLT  
    6124  -33.028     
    6125  -39.721     
    6126  -75.351     
    6127  -106.61     
    6128  -123.04     
    6129  -118.91     
    6130  -103.05     
    6131  -101.71     
    6132  -132.76     
    6133  -133.23     
    6134  -154.93     
    6135  -120.53     
    6136  -151.82     
    6137  -119.30     
    6138  -110.97     
    6139  -101.91     
    6140  -123.71     
    6141  -102.99     
    6142  -82.153     
    6143  -93.481     
    6144  -161.47     
    6145  -172.17     
    6146  -123.91     
    6147  -114.53     
    6148  -158.11     
    6149  -91.511     
    6150  -183.94     
    6151  -182.62     
    6152  -182.60     
    6153  -126.61     
    6154  -110.48     
    6155  -87.705     
    6156  -126.54     
    6157  -151.10     
    6158  -109.21     
    6159  -186.81     
    6160  -186.80     
    6161   57.340     
    6162   13.520     
 
  ***** POST1 NODAL DEGREE OF FREEDOM LISTING *****                            
 
  LOAD STEP=     1  SUBSTEP=     1                                             
   TIME=    1.0000      LOAD CASE=   0                                         
 
    NODE       VOLT  
    6163   44.023     
    6164   25.111     
    6165  -18.650     
    6166   52.392     
    6167   37.139     
    6168   72.142     
    6169   77.670     
    6170   62.290     
    6171  -9.8558     
    6172   124.70     
    6173   157.81     
    6174   120.40     
    6175   107.82     
    6176   145.07     
    6177   140.81     
    6178   110.90     
    6179   143.35     
    6180   120.09     
    6181   147.97     
    6182   157.45     
    6183   92.165     
    6184   84.985     
    6185   82.482     
    6186   85.374     
    6187   41.091     
    6188   101.46     
    6189   73.315     
    6190   114.34     
    6191   125.42     
    6192   84.400     
    6193   97.228     
    6194   146.85     
    6195   180.39     
    6196   176.37     
    6197   142.57     
    6198   176.09     
    6199  -196.05     
    6200   127.53     
    6201   144.97     
 
  ***** POST1 NODAL DEGREE OF FREEDOM LISTING *****                            
 
  LOAD STEP=     1  SUBSTEP=     1                                             
   TIME=    1.0000      LOAD CASE=   0                                         
 
    NODE       VOLT  
    6202   176.05     
    6203   178.38     
    6204   158.54     
    6205   176.37     
    6206   176.09     
    6207   176.26     
    6208   125.01     
    6209   128.05     
    6210   92.159     
    6211   84.533     
    6212   87.033     
    6213   185.81     
    6214   171.41     
    6215   181.01     
    6216   106.18     
    6217   77.992     
    6218   166.12     
    6219   148.29     
    6220   187.47     
    6221   142.79     
    6222   89.743     
    6223   108.85     
    6224   94.768     
    6225  -103.32     
    6226  -94.658     
    6227  -125.22     
    6228  -123.28     
    6229  -91.337     
    6230  -113.91     
    6231   140.16     
    6232   150.29     
    6233   178.54     
    6234   5.5362     
    6235   19.174     
    6236   34.464     
    6237   10.358     
    6238   24.292     
    6239  0.49132     
    6240  -39.687     
 
  ***** POST1 NODAL DEGREE OF FREEDOM LISTING *****                            
 
  LOAD STEP=     1  SUBSTEP=     1                                             
   TIME=    1.0000      LOAD CASE=   0                                         
 
    NODE       VOLT  
    6241  -19.674     
    6242  -10.149     
    6243  -30.884     
    6244   47.423     
    6245   68.255     
    6246   41.556     
    6247   38.473     
    6248   64.295     
    6249   59.356     
    6250  -119.48     
    6251  -171.43     
    6252  -157.95     
    6253  -104.13     
    6254  -117.60     
    6255  -155.99     
    6256  -119.54     
    6257  -171.43     
    6258  -157.68     
    6259  -86.891     
    6260  -138.50     
    6261  -62.473     
    6262  -136.73     
    6263  -82.798     
    6264  -113.14     
    6265  -152.57     
    6266  -121.77     
    6267  -98.024     
    6268  -117.41     
    6269   187.82     
    6270   187.83     
    6271   187.79     
    6272   11.886     
    6273   9.8812     
    6274   9.9357     
    6275   29.400     
    6276   28.558     
    6277   26.522     
    6278   22.161     
    6279   16.206     
 
  ***** POST1 NODAL DEGREE OF FREEDOM LISTING *****                            
 
  LOAD STEP=     1  SUBSTEP=     1                                             
   TIME=    1.0000      LOAD CASE=   0                                         
 
    NODE       VOLT  
    6280   5.7771     
    6281   21.871     
    6282   5.9088     
    6283  -6.3257     
    6284  -39.855     
    6285  -21.226     
    6286  -20.872     
    6287  -38.939     
    6288  -53.719     
    6289   63.833     
    6290   92.256     
    6291   90.042     
    6292   141.36     
    6293   169.52     
    6294   137.61     
    6295   134.31     
    6296   166.25     
    6297   162.41     
    6298   134.35     
    6299   159.37     
    6300   106.37     
    6301   131.18     
    6302   131.19     
    6303   122.88     
    6304   147.78     
    6305   147.74     
    6306  -159.00     
    6307  -93.635     
    6308  -131.61     
    6309  -186.60     
    6310  -186.59     
    6311  -189.29     
    6312  -189.32     
    6313  -60.666     
    6314  -166.23     
    6315  -186.84     
    6316  -189.20     
    6317  -189.25     
    6318  -186.94     
 
  ***** POST1 NODAL DEGREE OF FREEDOM LISTING *****                            
 
  LOAD STEP=     1  SUBSTEP=     1                                             
   TIME=    1.0000      LOAD CASE=   0                                         
 
    NODE       VOLT  
    6319  -179.56     
    6320  -156.59     
    6321  -156.37     
    6322   36.223     
    6323  -110.11     
    6324  -118.35     
    6325  -107.84     
    6326  -126.21     
    6327  -117.94     
    6328  -147.42     
    6329  -155.71     
    6330  -128.19     
    6331  -136.82     
    6332  -148.06     
    6333  -117.68     
    6334  -106.47     
    6335  -130.32     
    6336  -106.36     
    6337  -97.313     
    6338  -95.205     
    6339  -122.36     
    6340  -144.30     
    6341   161.93     
    6342   184.77     
    6343   182.52     
    6344   185.85     
    6345   186.24     
    6346   158.47     
    6347   160.77     
    6348   147.85     
    6349   182.50     
    6350   145.63     
    6351   154.67     
    6352   146.73     
    6353   152.75     
    6354   123.70     
    6355   116.85     
    6356   116.44     
    6357   147.86     
 
  ***** POST1 NODAL DEGREE OF FREEDOM LISTING *****                            
 
  LOAD STEP=     1  SUBSTEP=     1                                             
   TIME=    1.0000      LOAD CASE=   0                                         
 
    NODE       VOLT  
    6358   125.84     
    6359   124.85     
    6360   78.650     
    6361   112.62     
    6362   107.38     
    6363   131.03     
    6364   119.79     
    6365   121.08     
    6366  -109.73     
    6367  -95.809     
    6368   119.68     
    6369   125.78     
    6370   135.57     
    6371   139.63     
    6372   91.261     
    6373   131.53     
    6374   109.06     
    6375   133.81     
    6376   84.797     
    6377   49.472     
    6378   43.491     
    6379   5.9887     
    6380   110.30     
    6381   107.92     
    6382   187.30     
    6383   187.37     
    6384   187.40     
    6385   159.75     
    6386   187.87     
    6387   181.87     
    6388   143.58     
    6389   149.66     
    6390   171.76     
    6391   61.954     
    6392   51.248     
    6393   109.80     
    6394   99.056     
    6395   63.168     
    6396   114.28     
 
  ***** POST1 NODAL DEGREE OF FREEDOM LISTING *****                            
 
  LOAD STEP=     1  SUBSTEP=     1                                             
   TIME=    1.0000      LOAD CASE=   0                                         
 
    NODE       VOLT  
    6397   176.37     
    6398   147.97     
    6399   176.11     
    6400   10.736     
    6401   46.551     
    6402  -144.61     
    6403  -124.71     
    6404  -132.56     
    6405  -178.56     
    6406  -162.00     
    6407  -152.80     
    6408  -125.63     
    6409  -149.04     
    6410  -178.25     
    6411  -139.16     
    6412  -114.69     
    6413  -164.34     
    6414  -120.45     
    6415  -148.72     
    6416  -123.95     
    6417  -143.10     
    6418  -108.06     
    6419  -115.95     
    6420  -161.04     
    6421  -152.22     
    6422  -125.20     
    6423  -172.41     
    6424  -181.38     
    6425  -179.51     
    6426  -170.99     
    6427  -130.28     
    6428  -123.34     
    6429  -158.02     
    6430  -164.41     
    6431  -162.21     
    6432  -179.89     
    6433  -191.96     
    6434  -192.00     
    6435  -180.00     
 
  ***** POST1 NODAL DEGREE OF FREEDOM LISTING *****                            
 
  LOAD STEP=     1  SUBSTEP=     1                                             
   TIME=    1.0000      LOAD CASE=   0                                         
 
    NODE       VOLT  
    6436  -149.35     
    6437  -137.00     
    6438  -161.77     
    6439  -152.28     
    6440  -192.09     
    6441  -182.51     
    6442  -179.67     
    6443  -192.06     
    6444  -180.19     
    6445  -144.45     
    6446   119.06     
    6447   128.17     
    6448   150.59     
    6449   147.00     
    6450   124.89     
    6451   156.18     
    6452   5.9594     
    6453   4.1471     
    6454   1.0082     
    6455  -16.115     
    6456  -35.187     
    6457  -108.99     
    6458  -107.59     
    6459   117.91     
    6460   119.18     
    6461   112.92     
    6462   88.327     
    6463   94.338     
    6464   90.061     
    6465   135.86     
    6466   129.10     
    6467   131.37     
    6468   85.811     
    6469   60.863     
    6470   160.48     
    6471   151.41     
    6472   114.21     
    6473   141.27     
    6474  -84.231     
 
  ***** POST1 NODAL DEGREE OF FREEDOM LISTING *****                            
 
  LOAD STEP=     1  SUBSTEP=     1                                             
   TIME=    1.0000      LOAD CASE=   0                                         
 
    NODE       VOLT  
    6475  -70.900     
    6476  -68.898     
    6477  -126.35     
    6478  -119.04     
    6479  -125.63     
    6480  -171.41     
    6481  -164.75     
    6482  -164.06     
    6483  -171.50     
    6484  -143.07     
    6485  -114.80     
    6486  -108.17     
    6487  -97.865     
    6488  -163.96     
    6489  -171.36     
    6490  -140.52     
    6491  -178.97     
    6492  -113.91     
    6493  -78.950     
    6494  -109.09     
    6495  -149.82     
    6496  -77.168     
    6497  -50.759     
    6498  -35.507     
    6499  -186.57     
    6500  -186.61     
    6501  -182.57     
    6502  -159.19     
    6503  -110.19     
    6504  -122.80     
    6505  -137.37     
    6506  -107.27     
    6507  -134.44     
    6508  -157.31     
    6509  -121.66     
    6510  -134.18     
    6511   73.212     
    6512   107.55     
    6513   114.39     
 
  ***** POST1 NODAL DEGREE OF FREEDOM LISTING *****                            
 
  LOAD STEP=     1  SUBSTEP=     1                                             
   TIME=    1.0000      LOAD CASE=   0                                         
 
    NODE       VOLT  
    6514   124.30     
    6515   159.41     
    6516  -42.605     
    6517  -41.674     
    6518  -40.880     
    6519 -0.20448     
    6520   32.179     
    6521  -6.8609     
    6522   20.473     
    6523  -9.9591     
    6524   67.880     
    6525   26.023     
    6526   36.615     
    6527   88.457     
    6528   140.13     
    6529  -196.18     
    6530  -196.67     
    6531   81.478     
    6532   90.786     
    6533   57.641     
    6534   62.349     
    6535   64.879     
    6536  -36.487     
    6537  -63.971     
    6538  -37.574     
    6539   149.38     
    6540   62.513     
    6541   31.267     
    6542   45.200     
    6543   53.251     
    6544   23.069     
    6545   30.654     
    6546   133.87     
    6547   114.03     
    6548   45.223     
    6549   108.15     
    6550   117.02     
    6551   116.61     
    6552   115.38     
 
  ***** POST1 NODAL DEGREE OF FREEDOM LISTING *****                            
 
  LOAD STEP=     1  SUBSTEP=     1                                             
   TIME=    1.0000      LOAD CASE=   0                                         
 
    NODE       VOLT  
    6553   116.56     
    6554   149.94     
    6555   156.07     
    6556   186.62     
    6557   179.31     
    6558   179.43     
    6559   186.69     
    6560   157.33     
    6561   180.59     
    6562   140.46     
    6563   133.14     
    6564   156.95     
    6565   164.31     
    6566   141.28     
    6567   148.14     
    6568   177.58     
    6569   119.52     
    6570   119.36     
    6571   152.25     
    6572   152.10     
    6573   181.35     
    6574   180.44     
    6575   180.53     
    6576   123.07     
    6577  -131.66     
    6578  -151.72     
    6579  -132.56     
    6580  -98.590     
    6581  -117.62     
    6582  -118.60     
    6583  -83.811     
    6584  -97.765     
    6585  -116.80     
    6586  -118.33     
    6587  -119.30     
    6588  -130.64     
    6589  -153.37     
    6590  -85.824     
    6591  -61.420     
 
  ***** POST1 NODAL DEGREE OF FREEDOM LISTING *****                            
 
  LOAD STEP=     1  SUBSTEP=     1                                             
   TIME=    1.0000      LOAD CASE=   0                                         
 
    NODE       VOLT  
    6592  -42.162     
    6593  -43.379     
    6594  -17.888     
    6595  -126.20     
    6596  -114.29     
    6597  -90.384     
    6598  -128.15     
    6599  -148.28     
    6600  0.39424     
    6601  -31.000     
    6602  -5.2456     
    6603   18.430     
    6604  -13.184     
    6605  -62.204     
    6606  -56.139     
    6607  -63.524     
    6608  -46.280     
    6609  -39.300     
    6610  -40.649     
    6611  -85.086     
    6612  -84.092     
    6613  -91.405     
    6614  -27.969     
    6615  -53.753     
    6616  -5.5576     
    6617  -7.0408     
    6618  -22.612     
    6619  -23.514     
    6620   32.186     
    6621   29.640     
    6622   15.115     
    6623  -16.562     
    6624   15.402     
    6625  -3.1133     
    6626   14.667     
    6627   34.017     
    6628   16.537     
    6629  -27.987     
    6630  -58.247     
 
  ***** POST1 NODAL DEGREE OF FREEDOM LISTING *****                            
 
  LOAD STEP=     1  SUBSTEP=     1                                             
   TIME=    1.0000      LOAD CASE=   0                                         
 
    NODE       VOLT  
    6631   26.821     
    6632   33.647     
    6633   29.367     
    6634   82.647     
    6635   78.775     
    6636   72.978     
    6637   77.115     
    6638   101.40     
    6639   98.019     
    6640   73.804     
    6641   101.01     
    6642   76.395     
    6643   52.992     
    6644   79.520     
    6645   23.891     
    6646   59.087     
    6647   54.406     
    6648   18.529     
    6649  -13.706     
    6650   126.42     
    6651   156.21     
    6652   118.54     
    6653   113.88     
    6654   143.06     
    6655   128.94     
    6656   158.51     
    6657   24.681     
    6658   57.479     
    6659   82.576     
    6660   83.972     
    6661   34.564     
    6662   63.541     
    6663   51.258     
    6664   102.16     
    6665   53.122     
    6666   138.91     
    6667   170.00     
    6668   160.64     
    6669   190.21     
 
  ***** POST1 NODAL DEGREE OF FREEDOM LISTING *****                            
 
  LOAD STEP=     1  SUBSTEP=     1                                             
   TIME=    1.0000      LOAD CASE=   0                                         
 
    NODE       VOLT  
    6670   180.71     
    6671   190.21     
    6672   180.72     
    6673   139.81     
    6674   156.80     
    6675   149.30     
    6676   161.21     
    6677   166.33     
    6678   190.09     
    6679   180.97     
    6680   186.06     
    6681   189.86     
    6682   14.299     
    6683   32.709     
    6684   35.671     
    6685   19.858     
    6686   17.254     
    6687   38.479     
    6688   18.173     
    6689   39.628     
    6690   44.644     
    6691   23.101     
    6692   47.049     
    6693   25.653     
    6694  -1.0028     
    6695  -24.014     
    6696  -6.2256     
    6697  -3.6669     
    6698  -21.488     
    6699  -26.396     
    6700  -8.1922     
    6701  -2.2386     
    6702  -23.213     
    6703  -45.960     
    6704  -41.170     
    6705  -161.62     
    6706  -153.51     
    6707  -143.78     
    6708  -130.75     
 
  ***** POST1 NODAL DEGREE OF FREEDOM LISTING *****                            
 
  LOAD STEP=     1  SUBSTEP=     1                                             
   TIME=    1.0000      LOAD CASE=   0                                         
 
    NODE       VOLT  
    6709  -179.82     
    6710  -140.70     
    6711  -172.71     
    6712  -168.02     
    6713  -154.96     
    6714  -160.48     
    6715  -131.38     
    6716  -137.03     
    6717  -136.70     
    6718  -128.04     
    6719  -152.92     
    6720  -159.61     
    6721  -74.415     
    6722  -71.741     
    6723  -54.018     
    6724  -101.99     
    6725   166.63     
    6726   167.51     
    6727   186.66     
    6728   189.96     
    6729   187.69     
    6730   167.42     
    6731   164.14     
    6732   143.66     
    6733   141.27     
    6734   187.44     
    6735   187.46     
    6736   187.43     
    6737   48.483     
    6738   35.098     
    6739   17.006     
    6740   167.74     
    6741   149.22     
    6742   83.370     
    6743   76.431     
    6744   119.34     
    6745   127.15     
    6746   83.950     
    6747   119.23     
 
  ***** POST1 NODAL DEGREE OF FREEDOM LISTING *****                            
 
  LOAD STEP=     1  SUBSTEP=     1                                             
   TIME=    1.0000      LOAD CASE=   0                                         
 
    NODE       VOLT  
    6748   123.81     
    6749   83.603     
    6750   118.45     
    6751   59.086     
    6752   92.278     
    6753   131.73     
    6754   109.56     
    6755   125.34     
    6756   98.109     
    6757   96.891     
    6758   58.143     
    6759   137.55     
    6760   161.86     
    6761   135.51     
    6762  -168.17     
    6763  -168.19     
    6764  -171.26     
    6765  -171.28     
    6766  -104.72     
    6767  -182.59     
    6768  -194.13     
    6769  -143.89     
    6770  -171.26     
    6771   181.12     
    6772   181.09     
    6773  -182.80     
    6774  -179.97     
    6775  -180.48     
    6776  -135.50     
    6777  -184.70     
    6778  -130.28     
    6779  -147.26     
    6780  -124.87     
    6781   119.51     
    6782   102.66     
    6783   91.802     
    6784   125.49     
    6785   97.770     
    6786  -6.1301     
 
  ***** POST1 NODAL DEGREE OF FREEDOM LISTING *****                            
 
  LOAD STEP=     1  SUBSTEP=     1                                             
   TIME=    1.0000      LOAD CASE=   0                                         
 
    NODE       VOLT  
    6787   26.566     
    6788   19.613     
    6789   9.7790     
    6790   42.516     
    6791  -151.70     
    6792  -147.30     
    6793  -148.02     
    6794  -124.19     
    6795  -182.29     
    6796  -170.05     
    6797  -167.16     
    6798  -154.61     
    6799  -172.54     
    6800   38.338     
    6801   46.765     
    6802   18.472     
    6803   26.095     
    6804   61.351     
    6805   98.809     
    6806   69.711     
    6807   88.034     
    6808   98.837     
    6809   123.56     
    6810   106.82     
    6811   146.53     
    6812   95.036     
    6813   161.86     
    6814   183.88     
    6815   179.21     
    6816   147.42     
    6817   182.02     
    6818   186.25     
    6819   171.94     
    6820   180.36     
    6821   170.44     
    6822   181.89     
    6823   171.76     
    6824   118.89     
    6825   146.54     
 
  ***** POST1 NODAL DEGREE OF FREEDOM LISTING *****                            
 
  LOAD STEP=     1  SUBSTEP=     1                                             
   TIME=    1.0000      LOAD CASE=   0                                         
 
    NODE       VOLT  
    6826   172.50     
    6827   186.46     
    6828   185.53     
    6829   186.39     
    6830   185.33     
    6831   177.01     
    6832   186.54     
    6833   177.08     
    6834   136.93     
    6835   179.20     
    6836   166.70     
    6837   144.95     
    6838   157.11     
    6839   187.24     
    6840   79.666     
    6841   154.17     
    6842   173.95     
    6843   189.59     
    6844   167.38     
    6845  -19.027     
    6846   16.324     
    6847  -7.8682     
    6848  -9.2653     
    6849   28.520     
    6850   62.508     
    6851   26.626     
    6852   86.279     
    6853   127.04     
    6854   142.49     
    6855   132.18     
    6856   101.69     
    6857   106.80     
    6858   76.944     
    6859   103.14     
    6860   85.652     
    6861   73.612     
    6862   68.148     
    6863   112.75     
    6864   91.509     
 
  ***** POST1 NODAL DEGREE OF FREEDOM LISTING *****                            
 
  LOAD STEP=     1  SUBSTEP=     1                                             
   TIME=    1.0000      LOAD CASE=   0                                         
 
    NODE       VOLT  
    6865   178.08     
    6866   172.25     
    6867   144.60     
    6868   150.06     
    6869   180.53     
    6870   127.50     
    6871   132.39     
    6872   145.50     
    6873   158.47     
    6874   150.77     
    6875   125.38     
    6876   131.45     
    6877   154.63     
    6878   134.86     
    6879   100.32     
    6880   78.247     
    6881   107.12     
    6882   138.65     
    6883   109.62     
    6884   116.58     
    6885   139.40     
    6886   89.916     
    6887   112.76     
    6888   75.239     
    6889   84.889     
    6890  -159.11     
    6891  -159.61     
    6892  -148.17     
    6893  -131.78     
    6894  -142.13     
    6895  -132.91     
    6896  -154.93     
    6897  -154.61     
    6898  -179.36     
    6899  -179.55     
    6900  -180.49     
    6901  -150.83     
    6902  -180.51     
    6903  -129.70     
 
  ***** POST1 NODAL DEGREE OF FREEDOM LISTING *****                            
 
  LOAD STEP=     1  SUBSTEP=     1                                             
   TIME=    1.0000      LOAD CASE=   0                                         
 
    NODE       VOLT  
    6904  -127.56     
    6905  -114.19     
    6906   64.063     
    6907   44.821     
    6908   55.315     
    6909  -11.001     
    6910  -34.759     
    6911  -154.35     
    6912  -135.16     
    6913  -175.03     
    6914  -155.12     
    6915  -174.47     
    6916  -121.25     
    6917  -106.20     
    6918  -103.63     
    6919   180.58     
    6920   180.59     
    6921   180.73     
    6922   151.33     
    6923   180.71     
    6924   184.24     
    6925   177.19     
    6926   177.25     
    6927   147.76     
    6928   116.74     
    6929   113.23     
    6930   56.506     
    6931   131.72     
    6932   17.965     
    6933  -2.6821     
    6934   3.6063     
    6935   69.876     
    6936  -2.7211     
    6937 -0.42767     
    6938  -1.8263     
    6939   16.106     
    6940   15.601     
    6941   155.23     
    6942   177.45     
 
  ***** POST1 NODAL DEGREE OF FREEDOM LISTING *****                            
 
  LOAD STEP=     1  SUBSTEP=     1                                             
   TIME=    1.0000      LOAD CASE=   0                                         
 
    NODE       VOLT  
    6943   118.81     
    6944   148.97     
    6945   148.96     
    6946  -182.83     
    6947  -182.32     
    6948  -182.42     
    6949   70.335     
    6950   33.380     
    6951   50.198     
    6952   117.80     
    6953   79.929     
    6954   117.10     
    6955   118.47     
    6956  -104.57     
    6957  -91.550     
    6958  -85.087     
    6959  -122.34     
    6960  -128.84     
    6961  -109.29     
    6962  -131.37     
    6963  -104.16     
    6964  -137.75     
    6965  -117.28     
    6966  -123.94     
    6967  -132.74     
    6968  -78.777     
    6969  -119.36     
    6970  -99.782     
    6971  -106.46     
    6972  -52.811     
    6973  -54.715     
    6974  -78.426     
    6975  -80.599     
    6976  -80.685     
    6977  -77.496     
    6978  -90.348     
    6979  -40.933     
    6980   34.086     
    6981   19.603     
 
  ***** POST1 NODAL DEGREE OF FREEDOM LISTING *****                            
 
  LOAD STEP=     1  SUBSTEP=     1                                             
   TIME=    1.0000      LOAD CASE=   0                                         
 
    NODE       VOLT  
    6982   37.157     
    6983   39.807     
    6984  0.65829     
    6985   87.591     
    6986   8.1941     
    6987   32.582     
    6988   172.38     
    6989   177.34     
    6990   176.98     
    6991   171.61     
    6992   113.67     
    6993   107.14     
    6994   76.032     
    6995   110.33     
    6996   144.68     
    6997   176.98     
    6998   180.41     
    6999  -149.18     
    7000  -178.77     
    7001  -179.24     
    7002  -179.54     
    7003  -179.39     
    7004  -179.49     
    7005  -153.23     
    7006  -179.80     
    7007  -107.34     
    7008   177.19     
    7009   104.25     
    7010   95.432     
    7011   159.57     
    7012   172.42     
    7013   181.45     
    7014   179.56     
    7015   189.56     
    7016   86.878     
    7017   58.392     
    7018   165.74     
    7019   162.55     
    7020   187.81     
 
  ***** POST1 NODAL DEGREE OF FREEDOM LISTING *****                            
 
  LOAD STEP=     1  SUBSTEP=     1                                             
   TIME=    1.0000      LOAD CASE=   0                                         
 
    NODE       VOLT  
    7021   187.89     
    7022   184.61     
    7023   165.78     
    7024   169.64     
    7025   148.09     
    7026   148.20     
    7027   151.85     
    7028   143.19     
    7029   164.98     
    7030  -50.603     
    7031  -81.156     
    7032   55.329     
    7033  -160.57     
    7034  -160.27     
    7035  -7.4245     
    7036   100.76     
    7037   130.55     
    7038   90.373     
    7039   80.123     
    7040   119.02     
    7041   109.52     
    7042   70.754     
    7043  -7.0419     
    7044   27.615     
    7045   135.07     
    7046   77.125     
    7047   78.022     
    7048  -189.05     
    7049  -188.92     
    7050  -188.74     
    7051   100.29     
    7052  -15.574     
    7053  -84.449     
    7054  -49.213     
    7055  -29.134     
    7056   59.612     
    7057   54.004     
    7058   11.803     
    7059   155.10     
 
  ***** POST1 NODAL DEGREE OF FREEDOM LISTING *****                            
 
  LOAD STEP=     1  SUBSTEP=     1                                             
   TIME=    1.0000      LOAD CASE=   0                                         
 
    NODE       VOLT  
    7060   178.94     
    7061   146.11     
    7062   156.80     
    7063   163.29     
    7064   190.99     
    7065   173.74     
    7066   174.01     
    7067   190.85     
    7068   150.95     
    7069   134.33     
    7070   196.89     
    7071   191.77     
    7072   175.73     
    7073   178.27     
    7074   160.88     
    7075  -117.73     
    7076  -50.935     
    7077  -104.23     
    7078  -69.672     
    7079  -176.32     
    7080  -176.43     
    7081  -176.35     
    7082  -180.92     
    7083  -181.21     
    7084  -186.62     
    7085  -181.23     
    7086  -186.63     
    7087   184.99     
    7088   151.40     
    7089   178.71     
    7090  -125.82     
    7091  -189.48     
    7092  -146.30     
    7093  -100.78     
    7094  -143.27     
    7095  -164.15     
    7096  -41.413     
    7097  -181.13     
    7098  -177.18     
 
  ***** POST1 NODAL DEGREE OF FREEDOM LISTING *****                            
 
  LOAD STEP=     1  SUBSTEP=     1                                             
   TIME=    1.0000      LOAD CASE=   0                                         
 
    NODE       VOLT  
    7099  -181.16     
    7100  -168.06     
    7101   48.097     
    7102   77.071     
    7103   140.90     
    7104   134.31     
    7105   122.25     
    7106   13.308     
    7107  -188.87     
    7108  -172.55     
    7109  -182.91     
    7110  -158.10     
    7111  -120.60     
    7112  -143.45     
    7113  -137.06     
    7114  -174.72     
    7115  -174.67     
    7116  -182.68     
    7117  -132.94     
    7118  -103.26     
    7119  -159.84     
    7120  -136.84     
    7121  -183.01     
    7122  -182.98     
    7123  -182.96     
    7124   109.91     
    7125   87.577     
    7126  -186.32     
    7127  -186.68     
    7128  -186.72     
    7129   166.98     
    7130   147.16     
    7131   138.52     
    7132   189.90     
    7133   164.52     
    7134   152.34     
    7135   176.59     
    7136   195.74     
    7137   166.34     
 
  ***** POST1 NODAL DEGREE OF FREEDOM LISTING *****                            
 
  LOAD STEP=     1  SUBSTEP=     1                                             
   TIME=    1.0000      LOAD CASE=   0                                         
 
    NODE       VOLT  
    7138   143.18     
    7139   173.41     
    7140   156.58     
    7141   139.35     
    7142   87.318     
    7143   111.20     
    7144   75.777     
    7145   77.983     
    7146   113.54     
    7147   101.33     
    7148   128.44     
    7149   119.90     
    7150   151.94     
    7151   159.63     
    7152   179.58     
    7153   189.85     
    7154   189.83     
    7155   179.56     
    7156   171.60     
    7157   191.60     
    7158   189.93     
    7159   191.68     
    7160   167.89     
    7161   187.94     
    7162   165.42     
    7163   141.73     
    7164   187.52     
    7165   150.82     
    7166   177.40     
    7167   183.36     
    7168   183.50     
    7169   177.48     
    7170   121.23     
    7171   115.56     
    7172   92.124     
    7173   121.48     
    7174   184.91     
    7175   187.21     
    7176   190.32     
 
  ***** POST1 NODAL DEGREE OF FREEDOM LISTING *****                            
 
  LOAD STEP=     1  SUBSTEP=     1                                             
   TIME=    1.0000      LOAD CASE=   0                                         
 
    NODE       VOLT  
    7177   122.33     
    7178   132.01     
    7179   102.75     
    7180   182.16     
    7181   171.52     
    7182   159.40     
    7183   185.37     
    7184   183.00     
    7185   147.73     
    7186   188.84     
    7187   183.98     
    7188   173.62     
    7189   188.70     
    7190   173.31     
    7191   196.89     
    7192   188.64     
    7193   173.09     
    7194   191.70     
    7195   111.09     
    7196   143.55     
    7197   179.88     
    7198  -147.84     
    7199  -179.63     
    7200  -129.39     
    7201  -190.08     
    7202  -161.16     
    7203  -186.95     
    7204  -166.99     
    7205  -152.86     
    7206  -130.49     
    7207  -147.44     
    7208  -190.46     
    7209  -172.43     
    7210  -184.90     
    7211  -161.79     
    7212  -190.41     
    7213  -190.35     
    7214  -190.16     
    7215  -181.42     
 
  ***** POST1 NODAL DEGREE OF FREEDOM LISTING *****                            
 
  LOAD STEP=     1  SUBSTEP=     1                                             
   TIME=    1.0000      LOAD CASE=   0                                         
 
    NODE       VOLT  
    7216  -161.79     
    7217  -181.48     
    7218  -163.90     
    7219  -183.49     
    7220  -183.45     
    7221  -181.57     
    7222  -181.24     
    7223  -133.53     
    7224  -153.67     
    7225  -168.98     
    7226  -190.32     
    7227  -173.40     
    7228  -189.62     
    7229  -173.89     
    7230  -128.07     
    7231  -163.80     
    7232  -142.96     
    7233  -123.56     
    7234  -160.05     
    7235  -159.22     
    7236  -112.05     
    7237  -104.16     
    7238  -79.510     
    7239  -83.017     
    7240  -179.99     
    7241  -180.10     
    7242  -189.00     
    7243  -158.73     
    7244  -188.69     
    7245  -115.52     
    7246  -75.107     
    7247  -108.51     
    7248  -73.687     
    7249   176.20     
    7250   147.71     
    7251  -114.29     
    7252  -110.94     
    7253  -169.27     
    7254   185.05     
 
  ***** POST1 NODAL DEGREE OF FREEDOM LISTING *****                            
 
  LOAD STEP=     1  SUBSTEP=     1                                             
   TIME=    1.0000      LOAD CASE=   0                                         
 
    NODE       VOLT  
    7255  0.60295E-001
    7256   145.91     
    7257   188.41     
    7258   162.10     
    7259   160.28     
    7260   181.78     
    7261  -25.433     
    7262  -50.252     
    7263  -48.532     
    7264  -28.277     
    7265  -4.9138     
    7266   17.037     
    7267   43.900     
    7268   21.980     
    7269   38.816     
    7270   38.465     
    7271   47.098     
    7272   60.745     
    7273   55.665     
    7274   41.981     
    7275   6.6949     
    7276  -18.831     
    7277   61.217     
    7278   23.920     
    7279   58.778     
    7280   51.856     
    7281   7.1114     
    7282   8.6017     
    7283   25.325     
    7284  -18.980     
    7285  -15.544     
    7286  -38.500     
    7287   126.40     
    7288   137.14     
    7289   164.89     
    7290   138.36     
    7291  -177.36     
    7292  -177.46     
    7293  -177.05     
 
  ***** POST1 NODAL DEGREE OF FREEDOM LISTING *****                            
 
  LOAD STEP=     1  SUBSTEP=     1                                             
   TIME=    1.0000      LOAD CASE=   0                                         
 
    NODE       VOLT  
    7294  -188.68     
    7295  -188.69     
    7296  -188.71     
    7297  -120.75     
    7298  -120.30     
    7299  -78.391     
    7300  -77.762     
    7301  -124.16     
    7302  -126.29     
    7303  -155.05     
    7304  -81.628     
    7305  -112.16     
    7306  -181.60     
    7307  -183.52     
    7308  -181.02     
    7309  -181.57     
    7310  -180.99     
    7311  -154.58     
    7312  -181.45     
    7313  -181.77     
    7314  -152.77     
    7315  -153.00     
    7316  -62.056     
    7317  -120.04     
    7318  -152.47     
    7319   20.816     
    7320  -39.677     
    7321  -10.979     
    7322   13.311     
    7323   15.077     
    7324   53.620     
    7325   91.601     
    7326   103.19     
    7327   96.906     
    7328  -73.723     
    7329  -53.805     
    7330  -52.349     
    7331   54.818     
    7332  -36.481     
 
  ***** POST1 NODAL DEGREE OF FREEDOM LISTING *****                            
 
  LOAD STEP=     1  SUBSTEP=     1                                             
   TIME=    1.0000      LOAD CASE=   0                                         
 
    NODE       VOLT  
    7333  -76.259     
    7334   75.267     
    7335   79.361     
    7336   104.16     
    7337   87.363     
    7338   70.511     
    7339   41.331     
    7340   49.276     
    7341   133.43     
    7342   179.15     
    7343   179.12     
    7344   107.19     
    7345   140.97     
    7346   114.73     
    7347   154.47     
    7348   154.46     
    7349   186.85     
    7350   177.55     
    7351   187.03     
    7352   186.88     
    7353   186.92     
    7354  -74.872     
    7355  -115.90     
    7356  -91.343     
    7357  -137.80     
    7358  -149.31     
    7359  -102.37     
    7360  -181.04     
    7361  -181.05     
    7362  -181.06     
    7363   34.050     
    7364   21.326     
    7365   41.935     
    7366  -10.053     
    7367   29.098     
    7368  -79.880     
    7369  -103.28     
    7370  -109.13     
    7371  -140.02     
 
  ***** POST1 NODAL DEGREE OF FREEDOM LISTING *****                            
 
  LOAD STEP=     1  SUBSTEP=     1                                             
   TIME=    1.0000      LOAD CASE=   0                                         
 
    NODE       VOLT  
    7372  -158.15     
    7373  -134.60     
    7374  -162.86     
    7375  -186.35     
    7376  -181.57     
    7377  -143.71     
    7378  -165.78     
    7379  -161.33     
    7380  -114.59     
    7381  -83.956     
    7382  -93.224     
    7383  -86.707     
    7384  -115.36     
    7385  -115.29     
    7386  -195.22     
    7387  -170.46     
    7388  -169.85     
    7389  -140.80     
    7390  -53.347     
    7391  -10.938     
    7392  -61.089     
    7393  -38.059     
    7394  -45.361     
    7395  -52.801     
    7396  -11.496     
    7397  -58.066     
    7398  -58.289     
    7399  -178.77     
    7400  -147.47     
    7401  -174.96     
    7402  -24.656     
    7403  -66.919     
    7404  -18.384     
    7405  -181.63     
    7406  -189.18     
    7407  -180.80     
    7408  -189.05     
    7409  -93.005     
    7410  -105.87     
 
  ***** POST1 NODAL DEGREE OF FREEDOM LISTING *****                            
 
  LOAD STEP=     1  SUBSTEP=     1                                             
   TIME=    1.0000      LOAD CASE=   0                                         
 
    NODE       VOLT  
    7411  -85.486     
    7412  -74.197     
    7413  -172.61     
    7414  -106.46     
    7415  -118.96     
    7416  -70.413     
    7417  -176.86     
    7418  -140.22     
    7419  -156.52     
    7420  -113.24     
    7421   86.327     
    7422   80.530     
    7423   61.895     
    7424   41.022     
    7425   52.187     
    7426   39.136     
    7427   69.887     
    7428   48.394     
    7429   96.278     
    7430   123.98     
    7431   82.198     
    7432   103.46     
    7433   109.77     
    7434  -171.44     
    7435  -92.254     
    7436  -120.87     
    7437  -28.019     
    7438  -77.776     
    7439  -60.342     
    7440  -34.846     
    7441  -68.687     
    7442  -21.134     
    7443  -64.000     
    7444  -74.583     
    7445  -110.82     
    7446  -25.037     
    7447   13.090     
    7448  -28.640     
    7449   95.216     
 
  ***** POST1 NODAL DEGREE OF FREEDOM LISTING *****                            
 
  LOAD STEP=     1  SUBSTEP=     1                                             
   TIME=    1.0000      LOAD CASE=   0                                         
 
    NODE       VOLT  
    7450  -30.474     
    7451  -11.990     
    7452   15.298     
    7453   35.007     
    7454   20.545     
    7455   42.950     
    7456   2.1298     
    7457  -3.9051     
    7458   54.685     
    7459  -21.440     
    7460  -19.792     
    7461  -56.036     
    7462  -63.002     
    7463  -79.643     
    7464  -54.237     
    7465  -76.416     
    7466   77.565     
    7467  -33.934     
    7468  -63.477     
    7469  -9.1443     
    7470   27.488     
    7471  -26.899     
    7472   30.086     
    7473  -4.5042     
    7474   61.431     
    7475   62.534     
    7476   70.171     
    7477  -2.8819     
    7478  -47.298     
    7479  -55.402     
    7480  -176.35     
    7481  -164.74     
    7482  -163.60     
    7483  -177.31     
    7484  -196.28     
    7485  -170.91     
    7486  -184.60     
    7487  -177.26     
    7488  -177.22     
 
  ***** POST1 NODAL DEGREE OF FREEDOM LISTING *****                            
 
  LOAD STEP=     1  SUBSTEP=     1                                             
   TIME=    1.0000      LOAD CASE=   0                                         
 
    NODE       VOLT  
    7489  -193.59     
    7490  -193.62     
    7491   13.326     
    7492   20.831     
    7493  -1.5199     
    7494  -4.4377     
    7495  -48.301     
    7496   156.75     
    7497   155.63     
    7498   109.61     
    7499   17.679     
    7500   31.224     
    7501   187.45     
    7502   187.97     
    7503   187.94     
    7504  -128.14     
    7505  -128.70     
    7506  -98.117     
    7507  -70.019     
    7508  -82.921     
    7509  -53.460     
    7510  -91.029     
    7511  -106.93     
    7512  -75.695     
    7513  -144.38     
    7514  -145.35     
    7515  -131.10     
    7516  -68.823     
    7517  -93.225     
    7518   137.89     
    7519   137.83     
    7520   137.87     
    7521   111.95     
    7522   137.86     
    7523   165.39     
    7524   134.63     
    7525   179.13     
    7526   165.43     
    7527   186.90     
 
  ***** POST1 NODAL DEGREE OF FREEDOM LISTING *****                            
 
  LOAD STEP=     1  SUBSTEP=     1                                             
   TIME=    1.0000      LOAD CASE=   0                                         
 
    NODE       VOLT  
    7528   171.78     
    7529   179.16     
    7530   132.97     
    7531   179.15     
    7532   160.52     
    7533   93.025     
    7534   106.73     
    7535   101.06     
    7536   94.799     
    7537   102.36     
    7538   83.468     
    7539  -2.9352     
    7540 -0.39461     
    7541   49.577     
    7542   52.282     
    7543   119.94     
    7544  -155.52     
    7545   47.750     
    7546   1.6147     
    7547   75.113     
    7548  -35.273     
    7549   151.81     
    7550   108.04     
    7551   153.71     
    7552   120.57     
    7553   153.96     
    7554   187.92     
    7555   176.06     
    7556   176.03     
    7557   187.90     
    7558   176.04     
    7559   187.85     
    7560   165.79     
    7561   187.92     
    7562   187.87     
    7563   187.93     
    7564   138.40     
    7565   187.88     
    7566   66.719     
 
  ***** POST1 NODAL DEGREE OF FREEDOM LISTING *****                            
 
  LOAD STEP=     1  SUBSTEP=     1                                             
   TIME=    1.0000      LOAD CASE=   0                                         
 
    NODE       VOLT  
    7567   93.428     
    7568   84.019     
    7569   76.323     
    7570   87.194     
    7571  -167.34     
    7572   102.14     
    7573   44.642     
    7574   47.453     
    7575   41.781     
    7576   85.659     
    7577  -36.181     
    7578  -60.214     
    7579  -48.457     
    7580  -49.854     
    7581  -60.559     
    7582  -74.650     
    7583  -21.315     
    7584  -33.021     
    7585  -3.9899     
    7586  0.39747     
    7587  -14.830     
    7588  -44.910     
    7589   72.808     
    7590   61.778     
    7591   60.953     
    7592   93.651     
    7593   92.875     
    7594   82.018     
    7595   37.304     
    7596   38.354     
    7597   72.338     
    7598   76.515     
    7599   54.384     
    7600   51.093     
    7601   56.267     
    7602   93.573     
    7603   114.85     
    7604   93.316     
    7605   77.597     
 
  ***** POST1 NODAL DEGREE OF FREEDOM LISTING *****                            
 
  LOAD STEP=     1  SUBSTEP=     1                                             
   TIME=    1.0000      LOAD CASE=   0                                         
 
    NODE       VOLT  
    7606   97.497     
    7607   97.641     
    7608   179.21     
    7609   178.57     
    7610   178.58     
    7611   87.178     
    7612   119.59     
    7613   178.12     
    7614   181.76     
    7615   150.70     
    7616   181.24     
    7617   178.91     
    7618   179.96     
    7619   182.23     
    7620   152.58     
    7621  -194.49     
    7622  -194.42     
    7623  -194.38     
    7624   184.57     
    7625   184.64     
    7626   177.46     
    7627   185.77     
    7628   177.08     
    7629  -180.39     
    7630  -186.06     
    7631  -119.98     
    7632  -141.73     
    7633  -164.48     
    7634  -180.82     
    7635  -164.80     
    7636  -180.38     
    7637  -178.99     
    7638  -137.48     
    7639  -153.19     
    7640  -96.246     
    7641  -22.392     
    7642  -46.575     
    7643  -48.929     
    7644  -36.341     
 
  ***** POST1 NODAL DEGREE OF FREEDOM LISTING *****                            
 
  LOAD STEP=     1  SUBSTEP=     1                                             
   TIME=    1.0000      LOAD CASE=   0                                         
 
    NODE       VOLT  
    7645  -78.780     
    7646  -37.331     
    7647  -41.560     
    7648  -27.286     
    7649   96.730     
    7650  -5.2942     
    7651   5.4625     
    7652  -14.599     
    7653  -28.048     
    7654  -14.376     
    7655  -45.583     
    7656  -45.536     
    7657  -95.736     
    7658  -70.872     
    7659  -66.520     
    7660  -140.98     
    7661  -53.692     
    7662  -76.531     
    7663  -172.11     
    7664  -129.95     
    7665  -141.92     
    7666  -104.66     
    7667  -131.82     
    7668  -132.72     
    7669  -170.42     
    7670  -182.40     
    7671  -170.36     
    7672  -195.54     
    7673  -195.74     
    7674  -184.69     
    7675  -196.94     
    7676  -129.25     
    7677  -114.94     
    7678   197.08     
    7679   183.21     
    7680   183.31     
    7681   176.00     
    7682   36.771     
    7683   67.512     
 
  ***** POST1 NODAL DEGREE OF FREEDOM LISTING *****                            
 
  LOAD STEP=     1  SUBSTEP=     1                                             
   TIME=    1.0000      LOAD CASE=   0                                         
 
    NODE       VOLT  
    7684  -5.8456     
    7685  -22.424     
    7686  -28.529     
    7687  -8.7463     
    7688  -18.762     
    7689  -14.195     
    7690  -10.511     
    7691  -2.9055     
    7692  -6.0146     
    7693  -48.620     
    7694  -73.593     
    7695  -73.569     
    7696  -93.695     
    7697  -93.623     
    7698  -194.14     
    7699  -187.05     
    7700  -184.26     
    7701  -110.85     
    7702  -130.72     
    7703  -166.42     
    7704  -184.39     
    7705  -184.15     
    7706  -154.29     
    7707  -189.66     
    7708  -157.93     
    7709  -177.69     
    7710  -136.28     
    7711  -187.82     
    7712  -190.25     
    7713  -125.51     
    7714   133.27     
    7715   161.68     
    7716   188.22     
    7717   160.83     
    7718   142.75     
    7719   150.38     
    7720   188.00     
    7721   170.44     
    7722   188.11     
 
  ***** POST1 NODAL DEGREE OF FREEDOM LISTING *****                            
 
  LOAD STEP=     1  SUBSTEP=     1                                             
   TIME=    1.0000      LOAD CASE=   0                                         
 
    NODE       VOLT  
    7723   182.42     
    7724   160.99     
    7725  -38.707     
    7726  -50.314     
    7727  -75.037     
    7728  -62.537     
    7729  -98.981     
    7730  -86.629     
    7731  -110.92     
    7732  -19.150     
    7733  -30.173     
    7734  -57.648     
    7735  -17.309     
    7736  -76.250     
    7737  -104.00     
    7738  -113.23     
    7739  -126.27     
    7740  -141.23     
    7741  -94.172     
    7742  -59.062     
    7743  -111.77     
    7744  -71.423     
    7745  -177.55     
    7746  -177.63     
    7747   137.17     
    7748   114.93     
    7749   139.82     
    7750   150.11     
    7751   133.43     
    7752   154.83     
    7753   187.00     
    7754   187.92     
    7755   96.948     
    7756   117.67     
    7757  -183.55     
    7758  -139.84     
    7759  -131.90     
    7760  -115.07     
    7761  -140.86     
 
  ***** POST1 NODAL DEGREE OF FREEDOM LISTING *****                            
 
  LOAD STEP=     1  SUBSTEP=     1                                             
   TIME=    1.0000      LOAD CASE=   0                                         
 
    NODE       VOLT  
    7762  -150.29     
    7763  -30.971     
    7764  -79.717     
    7765  -110.49     
    7766  -27.410     
    7767   1.5677     
    7768   9.6397     
    7769  -186.96     
    7770  -2.3766     
    7771   49.422     
    7772   39.328     
    7773   31.003     
    7774   48.416     
    7775  0.13260     
    7776  -30.798     
    7777  -22.791     
    7778  -54.563     
    7779  -34.130     
    7780  -186.95     
    7781  -24.049     
    7782  -25.594     
    7783  -148.49     
    7784  -186.94     
    7785   86.349     
    7786   107.69     
    7787   82.184     
    7788   74.848     
    7789   100.35     
    7790   96.008     
    7791   11.493     
    7792   91.616     
    7793   80.164     
    7794   95.985     
    7795   116.46     
    7796   115.29     
    7797   33.875     
    7798   56.175     
    7799   47.313     
    7800   25.071     
 
  ***** POST1 NODAL DEGREE OF FREEDOM LISTING *****                            
 
  LOAD STEP=     1  SUBSTEP=     1                                             
   TIME=    1.0000      LOAD CASE=   0                                         
 
    NODE       VOLT  
    7801   42.569     
    7802   86.345     
    7803   107.75     
    7804   22.286     
    7805  -99.268     
    7806  -137.33     
    7807  -95.339     
    7808  -160.44     
    7809  -152.56     
    7810  -84.895     
    7811  -71.454     
    7812  -75.372     
    7813  -142.16     
    7814  -69.775     
    7815  -112.45     
    7816  -105.85     
    7817  -79.088     
    7818  -107.77     
    7819  -80.791     
    7820  -100.51     
    7821  -104.30     
    7822  -77.155     
    7823  -93.453     
    7824  -63.014     
    7825  -66.519     
    7826   106.56     
    7827   129.21     
    7828   79.640     
    7829   128.03     
    7830   130.70     
    7831   128.35     
    7832   150.07     
    7833   68.325     
    7834   118.20     
    7835   163.56     
    7836   133.88     
    7837   83.861     
    7838   61.705     
    7839   91.876     
 
  ***** POST1 NODAL DEGREE OF FREEDOM LISTING *****                            
 
  LOAD STEP=     1  SUBSTEP=     1                                             
   TIME=    1.0000      LOAD CASE=   0                                         
 
    NODE       VOLT  
    7840   60.656     
    7841   68.022     
    7842   106.92     
    7843   179.20     
    7844   177.34     
    7845   25.306     
    7846   34.379     
    7847   84.517     
    7848   109.27     
    7849   114.65     
    7850   97.049     
    7851   14.191     
    7852  -4.0626     
    7853   77.555     
    7854  -54.233     
    7855  -59.493     
    7856  -71.721     
    7857  -42.677     
    7858  -24.829     
    7859  -53.911     
    7860  -94.088     
    7861  -68.433     
    7862  -43.637     
    7863  -58.052     
    7864   139.29     
    7865   148.63     
    7866   158.02     
    7867   167.42     
    7868   95.081     
    7869   119.70     
    7870   128.49     
    7871   99.047     
    7872   107.96     
    7873   19.213     
    7874   48.781     
    7875  -22.776     
    7876  -3.5084     
    7877   180.30     
    7878   105.30     
 
  ***** POST1 NODAL DEGREE OF FREEDOM LISTING *****                            
 
  LOAD STEP=     1  SUBSTEP=     1                                             
   TIME=    1.0000      LOAD CASE=   0                                         
 
    NODE       VOLT  
    7879   140.82     
    7880   99.645     
    7881   145.96     
    7882   182.30     
    7883   182.58     
    7884   16.368     
    7885   2.8994     
    7886   55.047     
    7887  -38.820     
    7888   69.835     
    7889  -106.67     
    7890  -38.221     
    7891  -91.795     
    7892  -124.80     
    7893  -56.174     
    7894  -63.441     
    7895  -45.417     
    7896  -115.33     
    7897  -68.533     
    7898  -97.002     
    7899  -134.61     
    7900  -140.04     
    7901  -159.90     
    7902  -185.87     
    7903  -135.65     
    7904  -159.88     
    7905  -185.86     
    7906  -158.78     
    7907  -95.370     
    7908  -185.77     
    7909  -88.774     
    7910  -41.776     
    7911  -92.281     
    7912  -132.94     
    7913  -54.920     
    7914  -55.749     
    7915  -61.313     
    7916   97.322     
    7917   121.00     
 
  ***** POST1 NODAL DEGREE OF FREEDOM LISTING *****                            
 
  LOAD STEP=     1  SUBSTEP=     1                                             
   TIME=    1.0000      LOAD CASE=   0                                         
 
    NODE       VOLT  
    7918   124.38     
    7919   155.11     
    7920   117.28     
    7921   139.79     
    7922   147.44     
    7923   84.211     
    7924   69.692     
    7925   85.347     
    7926   85.356     
    7927   69.085     
    7928   56.652     
    7929   79.693     
    7930   65.138     
    7931   97.193     
    7932  -42.777     
    7933  -71.541     
    7934  -58.150     
    7935  -76.656     
    7936  -59.622     
    7937  -44.959     
    7938  -66.427     
    7939  -79.734     
    7940  -50.009     
    7941  -50.876     
    7942  -23.383     
    7943  -78.261     
    7944  -61.162     
    7945   108.37     
    7946   136.59     
    7947   185.37     
    7948   181.14     
    7949  -44.259     
    7950  -56.618     
    7951  -69.720     
    7952   101.25     
    7953   56.371     
    7954   159.64     
    7955   184.27     
    7956   185.33     
 
  ***** POST1 NODAL DEGREE OF FREEDOM LISTING *****                            
 
  LOAD STEP=     1  SUBSTEP=     1                                             
   TIME=    1.0000      LOAD CASE=   0                                         
 
    NODE       VOLT  
    7957   185.35     
    7958   152.34     
    7959   180.52     
    7960   177.15     
    7961  -130.55     
    7962  -153.48     
    7963  -106.35     
    7964  -181.31     
    7965  -161.21     
    7966  -181.27     
    7967  -161.12     
    7968  -151.38     
    7969  -152.42     
    7970  -181.30     
    7971  -181.32     
    7972  -166.53     
    7973  -182.00     
    7974  -150.25     
    7975  -71.075     
    7976  -70.975     
    7977  -87.397     
    7978  -101.64     
    7979  -119.41     
    7980  -119.42     
    7981   184.05     
    7982  -117.23     
    7983  -89.717     
    7984  -91.241     
    7985  -155.25     
    7986  -185.79     
    7987  -141.47     
    7988  -133.23     
    7989  -177.96     
    7990  -157.57     
    7991  -147.00     
    7992  -155.71     
    7993  -124.71     
    7994  -125.68     
    7995  -114.74     
 
  ***** POST1 NODAL DEGREE OF FREEDOM LISTING *****                            
 
  LOAD STEP=     1  SUBSTEP=     1                                             
   TIME=    1.0000      LOAD CASE=   0                                         
 
    NODE       VOLT  
    7996  -100.84     
    7997  -113.84     
    7998  -97.085     
    7999   39.718     
    8000   93.723     
    8001   150.62     
    8002   187.02     
    8003   187.87     
    8004   187.86     
    8005   187.01     
    8006   15.834     
    8007   24.071     
    8008   17.866     
    8009   54.256     
    8010   13.496     
    8011  -15.875     
    8012   8.3522     
    8013   50.380     
    8014   45.014     
    8015   70.270     
    8016  -180.94     
    8017  -180.48     
    8018  -157.69     
    8019  -186.64     
    8020   118.35     
    8021   136.51     
    8022  -178.68     
    8023  -178.01     
    8024  -178.07     
    8025  -159.63     
    8026  -180.34     
    8027  -189.31     
    8028  -151.28     
    8029  -180.89     
    8030  -100.74     
    8031  -164.22     
    8032  -135.11     
    8033  -186.77     
    8034  -172.40     
 
  ***** POST1 NODAL DEGREE OF FREEDOM LISTING *****                            
 
  LOAD STEP=     1  SUBSTEP=     1                                             
   TIME=    1.0000      LOAD CASE=   0                                         
 
    NODE       VOLT  
    8035  -149.39     
    8036  -172.04     
    8037  -180.18     
    8038  -157.28     
    8039  -143.09     
    8040  -179.71     
    8041  -194.49     
    8042   180.59     
    8043   180.54     
    8044   117.67     
    8045  -146.86     
    8046  -112.89     
    8047  -147.35     
    8048  -176.20     
    8049  -176.37     
    8050  -143.57     
    8051  -177.12     
    8052  -153.07     
    8053  -176.18     
    8054  -186.77     
    8055  -105.88     
    8056  -106.36     
    8057  -69.756     
    8058  -116.41     
    8059  -143.19     
    8060  -127.60     
    8061  -90.969     
    8062  -124.09     
    8063   171.01     
    8064   159.38     
    8065   170.84     
    8066   133.34     
    8067   120.55     
    8068   142.72     
    8069   126.91     
    8070   177.95     
    8071   146.62     
    8072   165.29     
    8073   169.86     
 
  ***** POST1 NODAL DEGREE OF FREEDOM LISTING *****                            
 
  LOAD STEP=     1  SUBSTEP=     1                                             
   TIME=    1.0000      LOAD CASE=   0                                         
 
    NODE       VOLT  
    8074   135.17     
    8075   111.13     
    8076   131.88     
    8077   125.53     
    8078   103.39     
    8079   128.00     
    8080   152.15     
    8081   129.69     
    8082  -110.76     
    8083   153.09     
    8084   130.76     
    8085  -13.776     
    8086  -144.33     
    8087  -144.85     
    8088  -40.047     
    8089  -40.726     
    8090  -19.086     
    8091  -19.572     
    8092  -80.124     
    8093  -91.841     
    8094  -186.20     
    8095  -184.85     
    8096  -184.83     
    8097  -12.641     
    8098   186.60     
    8099   184.22     
    8100  -167.85     
    8101  -192.87     
    8102  -166.34     
    8103  -192.85     
    8104  -192.89     
    8105  -145.99     
    8106  -166.28     
    8107  -192.88     
    8108  -192.69     
    8109  -175.83     
    8110  -192.92     
    8111  -175.64     
    8112  -192.70     
 
  ***** POST1 NODAL DEGREE OF FREEDOM LISTING *****                            
 
  LOAD STEP=     1  SUBSTEP=     1                                             
   TIME=    1.0000      LOAD CASE=   0                                         
 
    NODE       VOLT  
    8113  -113.99     
    8114  -110.64     
    8115  -95.491     
    8116  -152.09     
    8117  -173.69     
    8118  -107.08     
    8119   4.8215     
    8120   15.576     
    8121   6.7267     
    8122   31.384     
    8123  -15.765     
    8124  -49.296     
    8125  -32.375     
    8126  -8.3213     
    8127   19.131     
    8128   55.506     
    8129   157.50     
    8130   144.67     
    8131   163.46     
    8132   169.22     
    8133   160.07     
    8134   79.040     
    8135  -25.548     
    8136  -11.927     
    8137  -37.602     
    8138  -9.3436     
    8139  -79.072     
    8140  -92.393     
    8141  -28.589     
    8142   5.3523     
    8143   14.761     
    8144   2.6383     
    8145   148.95     
    8146   160.86     
    8147   138.33     
    8148   150.09     
    8149   179.21     
    8150   180.98     
    8151   167.24     
 
  ***** POST1 NODAL DEGREE OF FREEDOM LISTING *****                            
 
  LOAD STEP=     1  SUBSTEP=     1                                             
   TIME=    1.0000      LOAD CASE=   0                                         
 
    NODE       VOLT  
    8152   189.90     
    8153   161.00     
    8154   187.44     
    8155   158.57     
    8156   156.82     
    8157   119.00     
    8158   189.95     
    8159   189.66     
    8160   146.82     
    8161   176.79     
    8162   187.61     
    8163   190.05     
    8164   91.143     
    8165   64.921     
    8166   50.331     
    8167  -176.90     
    8168  -172.22     
    8169  -170.80     
    8170  -185.93     
    8171  -153.83     
    8172  -186.40     
    8173  -176.78     
    8174   80.302     
    8175   102.32     
    8176   119.95     
    8177   75.178     
    8178   52.412     
    8179   121.11     
    8180   79.448     
    8181   134.89     
    8182   27.987     
    8183  -194.13     
    8184   58.388     
    8185   74.031     
    8186   73.014     
    8187   160.55     
    8188  -102.87     
    8189  -94.296     
    8190  -76.831     
 
  ***** POST1 NODAL DEGREE OF FREEDOM LISTING *****                            
 
  LOAD STEP=     1  SUBSTEP=     1                                             
   TIME=    1.0000      LOAD CASE=   0                                         
 
    NODE       VOLT  
    8191  -41.422     
    8192  -64.263     
    8193  -42.840     
    8194  -55.702     
    8195  -64.781     
    8196  -51.765     
    8197  -43.358     
    8198  -53.793     
    8199  -165.23     
    8200  -159.76     
    8201  -185.74     
    8202  -50.464     
    8203  -46.574     
    8204   16.336     
    8205  -10.055     
    8206   14.374     
    8207  -1.9343     
    8208   50.545     
    8209   60.997     
    8210   69.792     
    8211   39.969     
    8212   42.100     
    8213   24.964     
    8214   69.539     
    8215   58.853     
    8216  -161.99     
    8217  -144.32     
    8218  -176.65     
    8219   47.259     
    8220  -181.55     
    8221  -181.64     
    8222  -181.72     
    8223  -194.46     
    8224   106.67     
    8225   94.424     
    8226   77.764     
    8227   118.51     
    8228   105.78     
    8229   81.945     
 
  ***** POST1 NODAL DEGREE OF FREEDOM LISTING *****                            
 
  LOAD STEP=     1  SUBSTEP=     1                                             
   TIME=    1.0000      LOAD CASE=   0                                         
 
    NODE       VOLT  
    8230   109.70     
    8231   48.796     
    8232   38.587     
    8233   68.690     
    8234   40.888     
    8235   55.794     
    8236   57.069     
    8237   41.327     
    8238   58.707     
    8239   61.919     
    8240   72.589     
    8241  -176.79     
    8242  -176.41     
    8243  -165.99     
    8244  -148.26     
    8245  -183.01     
    8246  -182.36     
    8247  -177.05     
    8248   57.037     
    8249   18.919     
    8250   36.941     
    8251   33.129     
    8252   19.972     
    8253   39.382     
    8254   109.94     
    8255   139.11     
    8256  -28.920     
    8257   28.964     
    8258   49.641     
    8259   45.531     
    8260   21.266     
    8261  0.61234     
    8262  -18.833     
    8263  -7.3942     
    8264   173.50     
    8265   183.09     
    8266   190.58     
    8267   177.37     
    8268   190.73     
 
  ***** POST1 NODAL DEGREE OF FREEDOM LISTING *****                            
 
  LOAD STEP=     1  SUBSTEP=     1                                             
   TIME=    1.0000      LOAD CASE=   0                                         
 
    NODE       VOLT  
    8269   173.14     
    8270   182.89     
    8271   182.72     
    8272   186.61     
    8273   183.00     
    8274   186.79     
    8275   190.24     
    8276   143.10     
    8277   128.06     
    8278   138.05     
    8279   45.361     
    8280   14.221     
    8281   39.990     
    8282   8.2191     
    8283  -181.09     
    8284   59.899     
    8285  -183.50     
    8286  -183.76     
    8287  -181.41     
    8288  -180.98     
    8289  -196.93     
    8290  -196.67     
    8291  -196.71     
    8292  -143.77     
    8293  -151.76     
    8294  -181.20     
    8295  -180.28     
    8296  -119.62     
    8297  -143.13     
    8298  -181.13     
    8299  -180.91     
    8300  -180.59     
    8301  -181.04     
    8302   111.57     
    8303   8.1699     
    8304   26.203     
    8305  -48.948     
    8306   24.408     
    8307   165.66     
 
  ***** POST1 NODAL DEGREE OF FREEDOM LISTING *****                            
 
  LOAD STEP=     1  SUBSTEP=     1                                             
   TIME=    1.0000      LOAD CASE=   0                                         
 
    NODE       VOLT  
    8308   177.02     
    8309   177.86     
    8310  -182.61     
    8311  -153.86     
    8312  -180.18     
    8313   104.06     
    8314  -21.215     
    8315  -11.939     
    8316  -31.401     
    8317   132.28     
    8318   125.24     
    8319   142.63     
    8320   125.52     
    8321   145.70     
    8322   105.01     
    8323  -75.811     
    8324  -51.969     
    8325   100.07     
    8326  -47.356     
    8327  -46.593     
    8328   97.968     
    8329   78.431     
    8330   58.912     
    8331  -99.595     
    8332  -109.72     
    8333   108.38     
    8334  -148.52     
    8335  -98.345     
    8336  -167.57     
    8337  -11.875     
    8338  0.82991E-001
    8339  -38.387     
    8340  -26.224     
    8341  -26.455     
    8342  -9.2342     
    8343   29.439     
    8344  -38.363     
    8345  -11.824     
    8346   171.71     
 
  ***** POST1 NODAL DEGREE OF FREEDOM LISTING *****                            
 
  LOAD STEP=     1  SUBSTEP=     1                                             
   TIME=    1.0000      LOAD CASE=   0                                         
 
    NODE       VOLT  
    8347  -57.851     
    8348  -23.239     
    8349  -27.584     
    8350  -71.346     
    8351  -80.418     
    8352  -160.79     
    8353  -128.58     
    8354  -98.499     
    8355  -102.32     
    8356  -102.63     
    8357   91.088     
    8358   131.52     
    8359   102.86     
    8360   69.424     
    8361   82.903     
    8362   93.918     
    8363   74.659     
    8364   125.90     
    8365   149.60     
    8366   72.707     
    8367   122.80     
    8368   48.297     
    8369   3.9933     
    8370  -3.5814     
    8371   181.32     
    8372   180.99     
    8373  -178.75     
    8374  -174.97     
    8375  -171.16     
    8376  -192.45     
    8377  -196.29     
    8378  -188.70     
    8379  -192.46     
    8380  -167.09     
    8381  -184.62     
    8382  -166.29     
    8383  -192.47     
    8384  -183.82     
    8385  -2.0838     
 
  ***** POST1 NODAL DEGREE OF FREEDOM LISTING *****                            
 
  LOAD STEP=     1  SUBSTEP=     1                                             
   TIME=    1.0000      LOAD CASE=   0                                         
 
    NODE       VOLT  
    8386   12.123     
    8387   10.766     
    8388  -19.627     
    8389  -15.289     
    8390  -3.5652     
    8391   78.282     
    8392   110.06     
    8393   90.855     
    8394   66.544     
    8395   84.324     
    8396   137.17     
    8397  -29.346     
    8398   181.48     
    8399   186.02     
    8400   153.12     
    8401   190.14     
    8402   186.17     
    8403  -181.45     
    8404  -11.425     
    8405   30.323     
    8406  -182.03     
    8407  -193.63     
    8408  -192.70     
    8409  -192.45     
    8410  -184.62     
    8411  -130.14     
    8412  -193.64     
    8413  -192.71     
    8414  -92.327     
    8415  -92.722     
    8416  -113.15     
    8417  -123.09     
    8418  -68.489     
    8419   146.30     
    8420   178.14     
    8421   179.75     
    8422   179.30     
    8423   181.02     
    8424   181.09     
 
  ***** POST1 NODAL DEGREE OF FREEDOM LISTING *****                            
 
  LOAD STEP=     1  SUBSTEP=     1                                             
   TIME=    1.0000      LOAD CASE=   0                                         
 
    NODE       VOLT  
    8425   180.46     
    8426   180.36     
    8427   151.69     
    8428   120.61     
    8429  -170.02     
    8430  -37.900     
    8431  -22.260     
    8432  -20.825     
    8433  -51.908     
    8434   177.49     
    8435   186.58     
    8436   181.24     
    8437   187.88     
    8438   175.94     
    8439   171.72     
    8440   131.00     
    8441   131.38     
    8442   112.14     
    8443  -163.83     
    8444   139.05     
    8445   153.29     
    8446   166.88     
    8447   143.29     
    8448   175.29     
    8449   160.63     
    8450   182.97     
    8451   182.93     
    8452   182.89     
    8453   139.41     
    8454  -53.401     
    8455  -158.26     
    8456  -184.48     
    8457  -173.44     
    8458  -172.84     
    8459  -185.08     
    8460  -148.99     
    8461   50.222     
    8462   38.252     
    8463   54.183     
 
  ***** POST1 NODAL DEGREE OF FREEDOM LISTING *****                            
 
  LOAD STEP=     1  SUBSTEP=     1                                             
   TIME=    1.0000      LOAD CASE=   0                                         
 
    NODE       VOLT  
    8464   66.115     
    8465   46.981     
    8466  -196.27     
    8467  -188.65     
    8468   71.239     
    8469   49.984     
    8470  -180.88     
    8471  -189.42     
    8472   151.48     
    8473   151.20     
    8474   1.3978     
    8475   34.472     
    8476   43.597     
    8477   105.49     
    8478   82.746     
    8479   65.431     
    8480   180.79     
    8481   180.86     
    8482   181.25     
    8483   181.13     
    8484  -35.934     
    8485  -17.814     
    8486  -39.431     
    8487  -181.21     
    8488  -181.19     
    8489   177.55     
    8490  -46.425     
    8491  -68.134     
    8492  -84.722     
    8493   188.35     
    8494   47.945     
    8495   180.56     
    8496   180.37     
    8497   180.41     
    8498   181.75     
    8499   181.79     
    8500   159.33     
    8501   10.018     
    8502   12.610     
 
  ***** POST1 NODAL DEGREE OF FREEDOM LISTING *****                            
 
  LOAD STEP=     1  SUBSTEP=     1                                             
   TIME=    1.0000      LOAD CASE=   0                                         
 
    NODE       VOLT  
    8503  -2.1344     
    8504   15.432     
    8505  -13.366     
    8506  -1.2689     
    8507   35.569     
    8508  -3.4302     
    8509   34.352     
    8510   42.645     
    8511   64.998     
    8512   39.626     
    8513   10.523     
    8514   28.783     
    8515   34.604     
    8516   6.9221     
    8517  -10.769     
    8518   2.1515     
    8519  -36.273     
    8520   18.664     
    8521   22.731     
    8522  -139.16     
    8523  -101.67     
    8524   177.84     
    8525   159.31     
    8526  -35.209     
    8527  -42.907     
    8528  -84.972     
    8529   134.22     
    8530   160.61     
    8531  -185.85     
    8532  -152.93     
    8533  -177.17     
    8534  -175.92     
    8535  -175.49     
    8536  -172.76     
    8537   90.222     
    8538   72.231     
    8539   103.06     
    8540   85.025     
    8541   122.73     
 
  ***** POST1 NODAL DEGREE OF FREEDOM LISTING *****                            
 
  LOAD STEP=     1  SUBSTEP=     1                                             
   TIME=    1.0000      LOAD CASE=   0                                         
 
    NODE       VOLT  
    8542   165.71     
    8543  -188.92     
    8544   126.55     
    8545   129.87     
    8546   157.84     
    8547   175.96     
    8548   184.52     
    8549   175.92     
    8550   6.9513     
    8551   20.670     
    8552  0.17934     
    8553   167.62     
    8554   154.71     
    8555   31.654     
    8556   52.279     
    8557   31.076     
    8558   135.97     
    8559   121.90     
    8560   114.05     
    8561   108.97     
    8562   181.65     
    8563   187.00     
    8564  -12.865     
    8565 -0.43562     
    8566   189.88     
    8567   28.381     
    8568   30.194     
    8569   158.09     
    8570   181.84     
    8571   33.681     
    8572   54.387     
    8573   33.281     
    8574  -26.876     
    8575  -8.9986     
    8576   179.59     
    8577   178.19     
    8578  -1.7650     
    8579  -8.7977     
    8580  -1.2894     
 
  ***** POST1 NODAL DEGREE OF FREEDOM LISTING *****                            
 
  LOAD STEP=     1  SUBSTEP=     1                                             
   TIME=    1.0000      LOAD CASE=   0                                         
 
    NODE       VOLT  
    8581   181.56     
    8582   180.43     
    8583   185.19     
    8584   156.29     
    8585   183.94     
    8586   184.84     
    8587   83.377     
    8588   88.177     
    8589   89.833     
    8590   110.55     
    8591   94.326     
    8592   43.299     
    8593  -181.51     
    8594   56.908     
    8595   35.245     
    8596   56.117     
    8597   49.627     
    8598   81.281     
    8599   82.151     
    8600   101.20     
    8601   91.829     
    8602   108.49     
    8603   110.13     
    8604  -5.9129     
    8605   23.484     
    8606   21.135     
    8607   23.065     
    8608   16.453     
    8609   1.6905     
    8610   31.626     
    8611   11.917     
    8612  -32.937     
    8613  -66.121     
    8614  -58.216     
    8615  -39.317     
    8616  -27.442     
    8617  -157.79     
    8618  -53.359     
    8619  -72.313     
 
  ***** POST1 NODAL DEGREE OF FREEDOM LISTING *****                            
 
  LOAD STEP=     1  SUBSTEP=     1                                             
   TIME=    1.0000      LOAD CASE=   0                                         
 
    NODE       VOLT  
    8620  -56.095     
    8621  -40.169     
    8622  -57.634     
    8623  -61.057     
    8624  -58.148     
    8625  -53.111     
    8626  -53.781     
    8627  -36.056     
    8628  -147.02     
    8629  -83.119     
    8630  -69.117     
    8631  -76.988     
    8632  -90.726     
    8633  -104.14     
    8634  -16.545     
    8635  -36.831     
    8636  -31.686     
    8637  -3.9794     
    8638  -24.187     
    8639  -48.644     
    8640  -43.053     
    8641  -37.161     
    8642  -84.415     
    8643  -70.441     
    8644  -19.597     
    8645  -7.8677     
    8646  -40.661     
    8647  -75.529     
    8648  -64.093     
    8649  -48.133     
    8650  -171.55     
    8651   25.557     
    8652  -110.37     
    8653  -94.018     
    8654  -83.740     
    8655  -62.195     
    8656   196.85     
    8657   196.82     
    8658   197.08     
 
  ***** POST1 NODAL DEGREE OF FREEDOM LISTING *****                            
 
  LOAD STEP=     1  SUBSTEP=     1                                             
   TIME=    1.0000      LOAD CASE=   0                                         
 
    NODE       VOLT  
    8659  -41.676     
    8660   51.394     
    8661   108.21     
    8662   189.14     
    8663   168.81     
    8664  -196.06     
    8665   187.06     
    8666   185.56     
    8667  -121.16     
    8668  -84.992     
    8669  -41.335     
    8670  -118.72     
    8671  -56.074     
    8672  -76.361     
    8673  -34.803     
    8674  -106.25     
    8675   196.29     
    8676   196.33     
    8677   196.20     
    8678   191.55     
    8679   196.29     
    8680   191.66     
    8681   158.13     
    8682   184.52     
    8683   183.42     
    8684   196.24     
    8685   183.52     
    8686  -155.61     
    8687   27.422     
    8688  -42.589     
    8689   184.18     
    8690  -2.3717     
    8691  -102.84     
    8692  -124.08     
    8693  -124.86     
    8694  -133.09     
    8695  -133.18     
    8696  -156.11     
    8697  -185.71     
 
  ***** POST1 NODAL DEGREE OF FREEDOM LISTING *****                            
 
  LOAD STEP=     1  SUBSTEP=     1                                             
   TIME=    1.0000      LOAD CASE=   0                                         
 
    NODE       VOLT  
    8698   111.19     
    8699   33.824     
    8700   48.702     
    8701   45.142     
    8702   55.372     
    8703  -17.531     
    8704   122.19     
    8705   108.52     
    8706   83.796     
    8707  -123.93     
    8708  -153.59     
    8709  -167.84     
    8710  -86.341     
    8711  -100.72     
    8712   171.64     
    8713  -157.73     
    8714  -119.08     
    8715  -177.26     
    8716  -168.05     
    8717  -33.948     
    8718  -70.179     
    8719  -72.809     
    8720  -180.73     
    8721  -86.619     
    8722  -184.87     
    8723  -84.821     
    8724  -96.480     
    8725  -76.015     
    8726   35.095     
    8727   16.130     
    8728   29.035     
    8729   53.578     
    8730  -100.08     
    8731  -144.78     
    8732  -189.12     
    8733  -150.84     
    8734  -181.00     
    8735  -180.83     
    8736  -34.614     
 
  ***** POST1 NODAL DEGREE OF FREEDOM LISTING *****                            
 
  LOAD STEP=     1  SUBSTEP=     1                                             
   TIME=    1.0000      LOAD CASE=   0                                         
 
    NODE       VOLT  
    8737  -34.368     
    8738   36.615     
    8739   66.154     
    8740  -132.55     
    8741  -14.524     
    8742  -20.995     
    8743  -136.86     
    8744  -156.82     
    8745  -128.93     
    8746  -150.79     
    8747  -119.44     
    8748  -119.85     
    8749   21.574     
    8750  -1.2325     
    8751  -44.415     
    8752  -168.15     
    8753   181.55     
    8754  -9.1952     
    8755  0.27444E-001
    8756  -26.098     
    8757  -16.986     
    8758   16.942     
    8759  -28.989     
    8760  -75.721     
    8761  -48.439     
    8762  -35.591     
    8763  -27.050     
    8764   8.0832     
    8765  -9.9071     
    8766   81.578     
    8767  -196.25     
    8768  -185.52     
    8769  -185.43     
    8770  -185.47     
    8771  -188.65     
    8772  -178.66     
    8773  -196.23     
    8774  -196.28     
    8775   181.84     
 
  ***** POST1 NODAL DEGREE OF FREEDOM LISTING *****                            
 
  LOAD STEP=     1  SUBSTEP=     1                                             
   TIME=    1.0000      LOAD CASE=   0                                         
 
    NODE       VOLT  
    8776   181.82     
    8777   150.16     
    8778   157.61     
    8779  -181.23     
    8780  -180.40     
    8781   119.70     
    8782   61.249     
    8783   83.531     
    8784  -151.25     
    8785  -180.91     
    8786  -100.26     
    8787  -74.425     
    8788  -84.502     
    8789  -158.24     
    8790  -180.01     
    8791  -159.79     
    8792  -185.53     
    8793  -183.97     
    8794  -184.28     
    8795  -189.67     
    8796  -188.63     
    8797  -189.62     
    8798  -181.86     
    8799  -179.52     
    8800  -179.51     
    8801  -122.87     
    8802   169.08     
    8803   175.41     
    8804   168.05     
    8805   137.92     
    8806   143.39     
    8807  -148.97     
    8808  -156.65     
    8809  -106.83     
    8810   191.74     
    8811  -188.09     
    8812  -180.34     
    8813  -182.00     
    8814  -166.53     
 
  ***** POST1 NODAL DEGREE OF FREEDOM LISTING *****                            
 
  LOAD STEP=     1  SUBSTEP=     1                                             
   TIME=    1.0000      LOAD CASE=   0                                         
 
    NODE       VOLT  
    8815  -158.58     
    8816  -149.16     
    8817  -166.40     
    8818   181.15     
    8819  -189.38     
    8820  -189.30     
    8821  -131.75     
    8822  -156.56     
    8823  -134.27     
    8824  -121.19     
    8825   182.68     
    8826   182.73     
    8827  -158.17     
    8828  -179.77     
    8829  -180.96     
    8830  -186.90     
    8831  -162.75     
    8832  -140.67     
    8833  -138.57     
    8834  -160.02     
    8835   97.405     
    8836   46.583     
    8837  -176.83     
    8838   81.764     
    8839   27.757     
    8840   35.783     
    8841  -122.07     
    8842  -106.53     
    8843  -113.89     
    8844  -109.97     
    8845  -77.019     
    8846  -81.635     
    8847  -85.115     
    8848   191.71     
    8849   181.85     
    8850  -180.31     
    8851  -180.44     
    8852  -174.31     
    8853   133.91     
 
  ***** POST1 NODAL DEGREE OF FREEDOM LISTING *****                            
 
  LOAD STEP=     1  SUBSTEP=     1                                             
   TIME=    1.0000      LOAD CASE=   0                                         
 
    NODE       VOLT  
    8854   115.39     
    8855   109.42     
    8856  -126.35     
    8857  -134.53     
    8858  -131.05     
    8859   174.57     
    8860   174.12     
    8861   172.50     
    8862   175.91     
    8863   111.35     
    8864   182.90     
    8865   153.62     
    8866   178.35     
    8867   104.50     
    8868   89.186     
    8869   159.76     
    8870   59.479     
    8871  -41.577     
    8872  -83.163     
    8873  -28.393     
    8874  -85.454     
    8875  -152.63     
    8876  -192.93     
    8877  -167.57     
    8878  -192.93     
    8879  -183.44     
    8880  -192.94     
    8881   185.35     
    8882  -186.85     
    8883  -185.54     
    8884  -186.69     
    8885  -50.279     
    8886  -154.74     
    8887   187.46     
    8888  -160.73     
    8889   25.217     
    8890   52.448     
    8891   51.745     
    8892   50.971     
 
  ***** POST1 NODAL DEGREE OF FREEDOM LISTING *****                            
 
  LOAD STEP=     1  SUBSTEP=     1                                             
   TIME=    1.0000      LOAD CASE=   0                                         
 
    NODE       VOLT  
    8893   196.24     
    8894   196.53     
    8895   196.28     
    8896  -144.10     
    8897  -31.534     
    8898  -55.304     
    8899  -180.48     
    8900  -34.792     
    8901   69.714     
    8902   78.601     
    8903   74.700     
    8904   40.418     
    8905   60.414     
    8906   60.462     
    8907   3.4829     
    8908   19.749     
    8909   42.208     
    8910   77.155     
    8911   100.54     
    8912   172.37     
    8913   177.93     
    8914  -53.658     
    8915  -155.38     
    8916   139.92     
    8917   155.66     
    8918   196.41     
    8919   180.45     
    8920   180.97     
    8921  -188.77     
    8922  -72.715     
    8923  -50.292     
    8924  -72.013     
    8925  -125.30     
    8926  -143.04     
    8927  -156.95     
    8928   117.52     
    8929   92.187     
    8930  -119.53     
    8931  -137.33     
 
  ***** POST1 NODAL DEGREE OF FREEDOM LISTING *****                            
 
  LOAD STEP=     1  SUBSTEP=     1                                             
   TIME=    1.0000      LOAD CASE=   0                                         
 
    NODE       VOLT  
    8932  -162.54     
    8933  -162.04     
    8934  -97.128     
    8935  -112.19     
    8936  -135.14     
    8937  -112.22     
    8938  -170.08     
    8939  -188.97     
    8940  -174.63     
    8941  -156.35     
    8942  -160.15     
    8943  -19.091     
    8944  -54.201     
    8945  -56.396     
    8946  -59.607     
    8947  -175.40     
    8948  -166.07     
    8949  -148.69     
    8950  -138.36     
    8951   180.61     
    8952  -34.318     
    8953  -51.391     
    8954  -140.32     
    8955  -160.68     
    8956  -180.08     
    8957  -177.84     
    8958  -179.32     
    8959  -127.13     
    8960  -121.94     
    8961   7.2877     
    8962   2.0164     
    8963  0.15129     
    8964  -5.3641     
    8965  -183.89     
    8966   12.608     
    8967   184.24     
    8968   184.69     
    8969   184.36     
    8970   134.02     
 
  ***** POST1 NODAL DEGREE OF FREEDOM LISTING *****                            
 
  LOAD STEP=     1  SUBSTEP=     1                                             
   TIME=    1.0000      LOAD CASE=   0                                         
 
    NODE       VOLT  
    8971   156.07     
    8972   133.83     
    8973  -102.85     
    8974  -94.038     
    8975   130.22     
    8976   152.23     
    8977   152.36     
    8978   138.37     
    8979   160.31     
    8980   137.14     
    8981   138.32     
    8982   69.674     
    8983   75.913     
    8984   95.560     
    8985   77.420     
    8986   77.218     
    8987  -183.59     
    8988  -94.286     
    8989  -153.07     
    8990  -155.00     
    8991  -127.13     
    8992  -180.27     
    8993  -180.90     
    8994   152.55     
    8995  -46.028     
    8996   171.66     
    8997   184.82     
    8998   59.263     
    8999  -25.948     
    9000 -0.63827     
    9001  -16.248     
    9002  -22.436     
    9003   19.833     
    9004  -42.838     
    9005   10.358     
    9006  -105.38     
    9007  -105.50     
    9008  -80.078     
    9009  -82.908     
 
  ***** POST1 NODAL DEGREE OF FREEDOM LISTING *****                            
 
  LOAD STEP=     1  SUBSTEP=     1                                             
   TIME=    1.0000      LOAD CASE=   0                                         
 
    NODE       VOLT  
    9010   153.83     
    9011   160.90     
    9012   129.57     
    9013  0.10839     
    9014   1.4077     
    9015   19.392     
    9016   17.426     
    9017  -34.760     
    9018   6.7559     
    9019  0.12440     
    9020   183.53     
    9021   183.12     
    9022  -26.879     
    9023  -9.6240     
    9024  -28.057     
    9025  -8.4829     
    9026  -30.557     
    9027   1.1537     
    9028  -132.81     
    9029   118.75     
    9030  -98.401     
    9031  -174.70     
    9032   148.41     
    9033  -183.32     
    9034  -175.28     
    9035  -167.52     
    9036  -153.53     
    9037  -168.94     
    9038  -58.647     
    9039  -130.47     
    9040  -180.02     
    9041   89.615     
    9042   115.27     
    9043  -51.126     
    9044  -56.467     
    9045  -77.889     
    9046  -181.67     
    9047  -66.952     
    9048  -84.719     
 
  ***** POST1 NODAL DEGREE OF FREEDOM LISTING *****                            
 
  LOAD STEP=     1  SUBSTEP=     1                                             
   TIME=    1.0000      LOAD CASE=   0                                         
 
    NODE       VOLT  
    9049   1.2215     
    9050   10.491     
    9051  -9.9654     
    9052 -0.12869     
    9053  -15.835     
    9054  -4.5690     
    9055   22.795     
    9056   51.732     
    9057  -27.015     
    9058  -7.5953     
    9059  -12.555     
    9060  -131.15     
    9061  -130.81     
    9062  -180.68     
    9063  -132.84     
    9064  -182.02     
    9065  -5.9686     
    9066  -43.593     
    9067  -21.389     
    9068  -54.545     
    9069  -192.46     
    9070   103.38     
    9071   136.50     
    9072  -102.62     
    9073  -180.41     
    9074  -28.055     
    9075   157.65     
    9076   53.850     
    9077   19.447     
    9078   174.27     
    9079  -196.30     
    9080   186.34     
    9081   129.58     
    9082   150.98     
    9083   125.83     
    9084   195.72     
    9085  -97.459     
    9086  -119.74     
    9087  -76.351     
 
  ***** POST1 NODAL DEGREE OF FREEDOM LISTING *****                            
 
  LOAD STEP=     1  SUBSTEP=     1                                             
   TIME=    1.0000      LOAD CASE=   0                                         
 
    NODE       VOLT  
    9088  -145.94     
    9089   81.818     
    9090  -92.351     
    9091  -90.253     
    9092   167.03     
    9093  -22.407     
    9094   68.847     
    9095   24.397     
    9096   7.3761     
    9097   161.36     
    9098  -128.70     
    9099  -159.06     
    9100  -134.08     
    9101  -141.45     
    9102  -180.99     
    9103   58.499     
    9104   53.022     
    9105   186.86     
    9106  -51.296     
    9107  -53.595     
    9108  -16.476     
    9109   27.184     
    9110   180.36     
    9111   184.12     
    9112   177.55     
    9113   196.35     
    9114  -12.047     
    9115   98.085     
    9116   72.610     
    9117   76.293     
    9118  -53.591     
    9119  -140.07     
    9120  -137.38     
    9121   125.91     
    9122   170.73     
    9123   1.5649     
    9124   14.754     
    9125   25.671     
    9126   178.81     
 
  ***** POST1 NODAL DEGREE OF FREEDOM LISTING *****                            
 
  LOAD STEP=     1  SUBSTEP=     1                                             
   TIME=    1.0000      LOAD CASE=   0                                         
 
    NODE       VOLT  
    9127  -16.484     
    9128  -30.174     
    9129  -184.78     
    9130   181.75     
    9131   181.31     
    9132   181.89     
    9133   11.443     
    9134   14.267     
    9135   18.406     
    9136   48.821     
    9137   27.858     
    9138   121.08     
    9139   154.74     
    9140   161.49     
    9141   14.796     
    9142  -66.595     
    9143  -67.257     
    9144  -33.691     
    9145   186.07     
    9146   187.98     
    9147   64.146     
    9148  -114.24     
    9149   66.086     
    9150   115.11     
    9151  -136.98     
    9152  -155.59     
    9153  -167.23     
    9154  -187.51     
    9155  -176.02     
    9156   84.190     
    9157  -41.745     
    9158  -42.251     
    9159  -25.569     
    9160  -94.314     
    9161  -108.42     
    9162  -187.27     
    9163  -188.41     
    9164  -160.21     
    9165  -128.15     
 
  ***** POST1 NODAL DEGREE OF FREEDOM LISTING *****                            
 
  LOAD STEP=     1  SUBSTEP=     1                                             
   TIME=    1.0000      LOAD CASE=   0                                         
 
    NODE       VOLT  
    9166  -150.64     
    9167   159.17     
    9168   160.01     
    9169  -19.365     
    9170  -21.656     
    9171 -0.29357     
    9172  -17.848     
    9173   167.93     
    9174   3.5611     
    9175   107.97     
    9176   37.623     
    9177  -101.85     
    9178  -126.32     
    9179  -75.965     
    9180  -80.645     
    9181  -51.500     
    9182  -103.70     
    9183  -70.629     
    9184  -95.407     
    9185  -98.922     
    9186  -73.415     
    9187  -76.612     
    9188  -74.046     
    9189  -52.004     
    9190   165.51     
    9191   141.05     
    9192   140.38     
    9193   140.37     
    9194   116.33     
    9195   187.12     
    9196   188.16     
    9197   189.07     
    9198   188.26     
    9199   154.73     
    9200  -44.352     
    9201  -127.13     
    9202  -152.30     
    9203  -126.34     
    9204  -120.79     
 
  ***** POST1 NODAL DEGREE OF FREEDOM LISTING *****                            
 
  LOAD STEP=     1  SUBSTEP=     1                                             
   TIME=    1.0000      LOAD CASE=   0                                         
 
    NODE       VOLT  
    9205  -157.33     
    9206  -151.66     
    9207  -167.10     
    9208  -146.51     
    9209  -170.79     
    9210   113.45     
    9211   155.07     
    9212   28.762     
    9213   92.743     
    9214   91.597     
    9215  -134.44     
    9216  -152.15     
    9217  -160.56     
    9218  -159.96     
    9219  -155.52     
    9220  -104.23     
    9221  -87.663     
    9222  -117.65     
    9223   173.86     
    9224  -98.739     
    9225   169.11     
    9226   182.23     
    9227   160.01     
    9228   182.85     
    9229   156.01     
    9230   182.30     
    9231   149.44     
    9232   16.615     
    9233   128.75     
    9234   127.04     
    9235   153.47     
    9236   183.78     
    9237   133.52     
    9238   118.52     
    9239   182.55     
    9240   115.33     
    9241   184.94     
    9242   150.56     
    9243   141.27     
 
  ***** POST1 NODAL DEGREE OF FREEDOM LISTING *****                            
 
  LOAD STEP=     1  SUBSTEP=     1                                             
   TIME=    1.0000      LOAD CASE=   0                                         
 
    NODE       VOLT  
    9244   118.51     
    9245   88.768     
    9246   187.34     
    9247   175.32     
    9248   154.42     
    9249  -1.0573     
    9250   15.467     
    9251  -67.034     
    9252  -182.20     
    9253  -182.82     
    9254  -18.234     
    9255  -51.262     
    9256  -66.419     
    9257  -37.565     
    9258  -66.948     
    9259  -66.593     
    9260  -25.296     
    9261  -104.26     
    9262  -68.613     
    9263   61.093     
    9264  -87.720     
    9265  -176.83     
    9266 -0.16334     
    9267  -183.59     
    9268  -177.21     
    9269   125.03     
    9270   123.94     
    9271   157.88     
    9272   156.11     
    9273   152.20     
    9274  -123.90     
    9275  -159.95     
    9276  -171.47     
    9277  -88.003     
    9278   134.71     
    9279   158.75     
    9280  -126.03     
    9281  -149.46     
    9282  -130.35     
 
  ***** POST1 NODAL DEGREE OF FREEDOM LISTING *****                            
 
  LOAD STEP=     1  SUBSTEP=     1                                             
   TIME=    1.0000      LOAD CASE=   0                                         
 
    NODE       VOLT  
    9283  -158.06     
    9284  -156.13     
    9285  -172.35     
    9286   157.66     
    9287  -126.58     
    9288  -100.27     
    9289  -78.619     
    9290  -158.89     
    9291  -14.608     
    9292   108.43     
    9293  -128.17     
    9294  -137.56     
    9295  -132.62     
    9296  -102.61     
    9297  -99.473     
    9298  -55.495     
    9299   82.408     
    9300   82.894     
    9301   21.702     
    9302   155.31     
    9303   181.63     
    9304   181.21     
    9305   71.931     
    9306  -14.342     
    9307   26.184     
    9308   116.53     
    9309  -160.41     
    9310   170.18     
    9311   122.72     
    9312  -63.221     
    9313  -72.992     
    9314   2.0226     
    9315  -144.38     
    9316   14.616     
    9317   11.423     
    9318   42.399     
    9319  -35.319     
    9320  -50.872     
    9321   94.139     
 
  ***** POST1 NODAL DEGREE OF FREEDOM LISTING *****                            
 
  LOAD STEP=     1  SUBSTEP=     1                                             
   TIME=    1.0000      LOAD CASE=   0                                         
 
    NODE       VOLT  
    9322   86.180     
    9323   112.75     
    9324   131.26     
    9325   181.76     
    9326   72.793     
    9327   19.883     
    9328  -70.437     
    9329  -25.566     
    9330   16.690     
    9331   84.829     
    9332  -188.35     
    9333  -131.51     
    9334  -78.012     
    9335  -183.33     
    9336   41.127     
    9337   49.646     
    9338   40.159     
    9339   55.996     
    9340   25.176     
    9341   24.163     
    9342   11.284     
    9343   80.057     
    9344   73.738     
    9345   175.54     
    9346   133.93     
    9347  -83.694     
    9348   75.360     
    9349   69.974     
    9350  -154.15     
    9351   183.10     
    9352  -25.355     
    9353  -50.941     
    9354  -1.3251     
    9355  -18.043     
    9356  -1.2745     
    9357  -151.65     
    9358  -156.51     
    9359   155.03     
    9360  -149.51     
 
  ***** POST1 NODAL DEGREE OF FREEDOM LISTING *****                            
 
  LOAD STEP=     1  SUBSTEP=     1                                             
   TIME=    1.0000      LOAD CASE=   0                                         
 
    NODE       VOLT  
    9361   101.18     
    9362   99.550     
    9363   24.043     
    9364   156.44     
    9365   48.852     
    9366  -35.822     
    9367  -26.410     
    9368   145.08     
    9369  -76.645     
    9370  -128.78     
    9371  -86.155     
    9372  -94.546     
    9373   50.967     
    9374   34.219     
    9375   15.394     
    9376   15.440     
    9377   14.250     
    9378  -16.013     
    9379   73.105     
    9380  -19.997     
    9381   972.99     
    9382   972.99     
    9383   972.99     
    9384   972.99     
    9385   972.99     
    9386   972.99     
    9387   972.99     
    9388   972.99     
    9389   972.99     
    9390   972.99     
    9391   972.99     
    9392   972.99     
    9393   972.99     
    9394  -210.00     
    9395  -210.00     
    9396  -210.00     
    9397  -210.00     
    9398  -210.00     
    9399  -210.00     
 
  ***** POST1 NODAL DEGREE OF FREEDOM LISTING *****                            
 
  LOAD STEP=     1  SUBSTEP=     1                                             
   TIME=    1.0000      LOAD CASE=   0                                         
 
    NODE       VOLT  
    9400  -210.00     
    9401  -210.00     
    9402  -210.00     
    9403  -210.00     
    9404  -210.00     
    9405  -210.00     
    9406  -210.00     
    9407  -210.00     
    9408  -210.00     
    9409  -210.00     
    9410  -210.00     
    9411  -210.00     
    9412  -210.00     
    9413  -210.00     
    9414  -210.00     
    9415  -210.00     
    9416  -210.00     
    9417  -210.00     
    9418  -210.00     
    9419  -210.00     
    9420  -210.00     
    9421  -210.00     
    9422  -210.00     
    9423  -210.00     
    9424  -210.00     
    9425  -210.00     
    9426  -210.00     
    9427  -210.00     
    9428  -210.00     
    9429  -210.00     
    9430  -210.00     
    9431  -210.00     
    9432  -210.00     
    9433  -210.00     
    9434  -210.00     
    9435  -210.00     
    9436  -210.00     
    9437  -210.00     
    9438  -210.00     
 
  ***** POST1 NODAL DEGREE OF FREEDOM LISTING *****                            
 
  LOAD STEP=     1  SUBSTEP=     1                                             
   TIME=    1.0000      LOAD CASE=   0                                         
 
    NODE       VOLT  
    9439  -210.00     
    9440  -210.00     
    9441  -210.00     
    9442  -210.00     
    9443  -210.00     
    9444  -210.00     
    9445  -210.00     
    9446  -210.00     
    9447  -210.00     
    9448  -210.00     
    9449  -210.00     
    9450  -210.00     
    9451  -210.00     
    9452  -210.00     
    9453  -210.00     
    9454  -210.00     
    9455  -210.00     
    9456  -210.00     
    9457  -210.00     
    9458  -210.00     
    9459  -210.00     
    9460  -210.00     
    9461  -210.00     
    9462  -210.00     
    9463  -210.00     
    9464  -210.00     
    9465  -210.00     
    9466  -210.00     
    9467  -210.00     
    9468  -210.00     
    9469  -210.00     
    9470  -210.00     
    9471  -210.00     
    9472  -210.00     
    9473  -210.00     
    9474  -210.00     
    9475  -210.00     
    9476  -210.00     
    9477  -210.00     
 
  ***** POST1 NODAL DEGREE OF FREEDOM LISTING *****                            
 
  LOAD STEP=     1  SUBSTEP=     1                                             
   TIME=    1.0000      LOAD CASE=   0                                         
 
    NODE       VOLT  
    9478  -210.00     
    9479  -210.00     
    9480  -210.00     
    9481  -210.00     
    9482  -210.00     
    9483  -210.00     
    9484  -210.00     
    9485  -210.00     
    9486  -210.00     
    9487  -210.00     
    9488  -210.00     
    9489  -210.00     
    9490  -210.00     
    9491  -210.00     
    9492  -210.00     
    9493  -210.00     
    9494  -210.00     
    9495  -210.00     
    9496  -210.00     
    9497  -210.00     
    9498  -210.00     
    9499  -210.00     
    9500  -210.00     
    9501  -210.00     
    9502  -210.00     
    9503  -210.00     
    9504  -210.00     
    9505  -210.00     
    9506  -210.00     
    9507  -210.00     
    9508  -210.00     
    9509  -210.00     
    9510  -210.00     
    9511  -210.00     
    9512  -210.00     
    9513  -210.00     
    9514  -210.00     
    9515  -210.00     
    9516  -210.00     
 
  ***** POST1 NODAL DEGREE OF FREEDOM LISTING *****                            
 
  LOAD STEP=     1  SUBSTEP=     1                                             
   TIME=    1.0000      LOAD CASE=   0                                         
 
    NODE       VOLT  
    9517  -210.00     
    9518  -210.00     
    9519  -210.00     
    9520  -210.00     
    9521  -210.00     
    9522  -210.00     
    9523  -210.00     
    9524  -210.00     
    9525  -210.00     
    9526  -210.00     
    9527  -210.00     
    9528  -210.00     
    9529  -210.00     
    9530  -210.00     
    9531  -210.00     
    9532  -210.00     
    9533  -210.00     
    9534  -210.00     
    9535  -210.00     
    9536  -210.00     
    9537  -210.00     
    9538  -210.00     
    9539  -210.00     
    9540  -210.00     
    9541  -210.00     
    9542  -210.00     
    9543  -210.00     
    9544  -210.00     
    9545  -210.00     
    9546  -210.00     
    9547  -210.00     
    9548  -210.00     
    9549  -210.00     
    9550  -210.00     
    9551  -210.00     
    9552  -210.00     
    9553  -210.00     
    9554  -210.00     
    9555  -210.00     
 
  ***** POST1 NODAL DEGREE OF FREEDOM LISTING *****                            
 
  LOAD STEP=     1  SUBSTEP=     1                                             
   TIME=    1.0000      LOAD CASE=   0                                         
 
    NODE       VOLT  
    9556  -210.00     
    9557  -210.00     
    9558  -210.00     
    9559  -210.00     
    9560  -210.00     
    9561  -210.00     
    9562  -210.00     
    9563  -210.00     
    9564  -210.00     
    9565  -210.00     
    9566  -210.00     
    9567  -210.00     
    9568  -210.00     
    9569  -210.00     
    9570  -210.00     
    9571  -210.00     
    9572  -210.00     
    9573  -210.00     
    9574  -210.00     
    9575  -210.00     
    9576  -210.00     
    9577  -210.00     
    9578  -210.00     
    9579  -210.00     
    9580  -210.00     
    9581  -210.00     
    9582  -210.00     
    9583  -210.00     
    9584  -210.00     
    9585  -210.00     
    9586  -210.00     
    9587  -210.00     
    9588  -210.00     
    9589  -210.00     
    9590  -210.00     
    9591  -210.00     
    9592  -210.00     
    9593  -210.00     
    9594  -210.00     
 
  ***** POST1 NODAL DEGREE OF FREEDOM LISTING *****                            
 
  LOAD STEP=     1  SUBSTEP=     1                                             
   TIME=    1.0000      LOAD CASE=   0                                         
 
    NODE       VOLT  
    9595  -210.00     
    9596  -210.00     
    9597  -210.00     
    9598  -210.00     
    9599  -210.00     
    9600  -210.00     
    9601  -210.00     
    9602  -210.00     
    9603  -210.00     
    9604  -210.00     
    9605  -210.00     
    9606  -210.00     
    9607  -210.00     
    9608  -210.00     
    9609  -210.00     
    9610  -210.00     
    9611  -210.00     
    9612  -210.00     
    9613  -210.00     
    9614  -210.00     
    9615  -210.00     
    9616  -210.00     
    9617  -210.00     
    9618  -210.00     
    9619  -210.00     
    9620  -210.00     
    9621  -210.00     
    9622  -210.00     
    9623  -210.00     
    9624  -210.00     
    9625  -210.00     
    9626  -210.00     
    9627  -210.00     
    9628  -210.00     
    9629  -210.00     
    9630  -210.00     
    9631  -210.00     
    9632  -210.00     
    9633  -210.00     
 
  ***** POST1 NODAL DEGREE OF FREEDOM LISTING *****                            
 
  LOAD STEP=     1  SUBSTEP=     1                                             
   TIME=    1.0000      LOAD CASE=   0                                         
 
    NODE       VOLT  
    9634  -210.00     
    9635  -210.00     
    9636  -210.00     
    9637  -210.00     
    9638  -210.00     
    9639  -210.00     
    9640  -210.00     
    9641  -210.00     
    9642  -210.00     
    9643  -210.00     
    9644  -210.00     
    9645  -210.00     
    9646  -210.00     
    9647  -210.00     
    9648  -210.00     
    9649  -210.00     
    9650  -210.00     
    9651  -210.00     
    9652  -210.00     
    9653  -210.00     
    9654  -210.00     
    9655  -210.00     
    9656  -210.00     
    9657  -210.00     
    9658  -210.00     
    9659  -210.00     
    9660  -210.00     
    9661  -210.00     
    9662  -210.00     
    9663  -210.00     
    9664  -210.00     
    9665  -210.00     
    9666  -210.00     
    9667  -210.00     
    9668  -210.00     
    9669  -210.00     
    9670  -210.00     
    9671  -210.00     
    9672  -210.00     
 
  ***** POST1 NODAL DEGREE OF FREEDOM LISTING *****                            
 
  LOAD STEP=     1  SUBSTEP=     1                                             
   TIME=    1.0000      LOAD CASE=   0                                         
 
    NODE       VOLT  
    9673  -210.00     
    9674  -210.00     
    9675  -210.00     
    9676  -210.00     
    9677  -210.00     
    9678  -210.00     
    9679  -210.00     
    9680  -210.00     
    9681  -210.00     
    9682  -210.00     
    9683  -210.00     
    9684  -210.00     
    9685  -210.00     
    9686  -210.00     
    9687  -210.00     
    9688  -210.00     
    9689  -210.00     
    9690  -210.00     
    9691  -210.00     
    9692  -210.00     
    9693  -210.00     
    9694  -210.00     
    9695  -210.00     
    9696  -210.00     
    9697  -210.00     
    9698  -210.00     
    9699  -210.00     
    9700  -210.00     
    9701  -210.00     
    9702  -210.00     
    9703  -210.00     
    9704  -210.00     
    9705  -210.00     
    9706  -210.00     
    9707  -210.00     
    9708  -210.00     
    9709  -210.00     
    9710  -210.00     
    9711  -210.00     
 
  ***** POST1 NODAL DEGREE OF FREEDOM LISTING *****                            
 
  LOAD STEP=     1  SUBSTEP=     1                                             
   TIME=    1.0000      LOAD CASE=   0                                         
 
    NODE       VOLT  
    9712  -210.00     
    9713  -210.00     
    9714  -210.00     
    9715  -210.00     
    9716  -210.00     
    9717  -210.00     
    9718  -210.00     
    9719  -210.00     
    9720  -210.00     
    9721  -210.00     
    9722  -210.00     
    9723  -210.00     
    9724  -210.00     
    9725  -210.00     
    9726  -210.00     
    9727  -210.00     
    9728  -210.00     
    9729  -210.00     
    9730  -210.00     
    9731  -210.00     
    9732  -210.00     
    9733  -210.00     
    9734  -210.00     
    9735  -210.00     
    9736  -210.00     
    9737  -210.00     
    9738  -210.00     
    9739  -210.00     
    9740  -210.00     
    9741  -210.00     
    9742  -210.00     
    9743  -210.00     
    9744  -210.00     
    9745  -210.00     
    9746  -210.00     
    9747  -210.00     
    9748  -210.00     
    9749  -210.00     
    9750  -210.00     
 
  ***** POST1 NODAL DEGREE OF FREEDOM LISTING *****                            
 
  LOAD STEP=     1  SUBSTEP=     1                                             
   TIME=    1.0000      LOAD CASE=   0                                         
 
    NODE       VOLT  
    9751  -210.00     
    9752  -210.00     
    9753  -210.00     
    9754  -210.00     
    9755  -210.00     
    9756  -210.00     
    9757  -210.00     
    9758  -210.00     
    9759  -210.00     
    9760  -210.00     
    9761  -210.00     
    9762  -210.00     
    9763  -210.00     
    9764  -210.00     
    9765  -210.00     
    9766  -210.00     
    9767  -210.00     
    9768  -210.00     
    9769  -210.00     
    9770  -210.00     
    9771  -210.00     
    9772  -210.00     
    9773  -210.00     
    9774  -210.00     
    9775  -210.00     
    9776  -210.00     
    9777  -210.00     
    9778  -210.00     
    9779  -210.00     
    9780  -210.00     
    9781  -210.00     
    9782  -210.00     
    9783  -210.00     
    9784  -210.00     
    9785  -210.00     
    9786  -210.00     
    9787  -210.00     
    9788  -210.00     
    9789  -210.00     
 
  ***** POST1 NODAL DEGREE OF FREEDOM LISTING *****                            
 
  LOAD STEP=     1  SUBSTEP=     1                                             
   TIME=    1.0000      LOAD CASE=   0                                         
 
    NODE       VOLT  
    9790  -210.00     
    9791  -210.00     
    9792  -210.00     
    9793  -210.00     
    9794  -210.00     
    9795  -210.00     
    9796  -210.00     
    9797  -210.00     
    9798  -210.00     
    9799  -210.00     
    9800  -210.00     
    9801  -210.00     
    9802  -210.00     
    9803  -210.00     
    9804  -210.00     
    9805  -210.00     
    9806  -210.00     
    9807  -210.00     
    9808  -210.00     
    9809  -210.00     
    9810  -210.00     
    9811  -210.00     
    9812  -210.00     
    9813  -210.00     
    9814  -210.00     
    9815  -210.00     
    9816  -210.00     
    9817  -210.00     
    9818  -210.00     
    9819  -210.00     
    9820  -210.00     
    9821  -210.00     
    9822  -210.00     
    9823  -210.00     
    9824  -210.00     
    9825  -210.00     
    9826  -210.00     
    9827  -210.00     
    9828  -210.00     
 
  ***** POST1 NODAL DEGREE OF FREEDOM LISTING *****                            
 
  LOAD STEP=     1  SUBSTEP=     1                                             
   TIME=    1.0000      LOAD CASE=   0                                         
 
    NODE       VOLT  
    9829  -210.00     
    9830  -210.00     
    9831  -210.00     
    9832  -210.00     
    9833  -210.00     
    9834  -210.00     
    9835  -210.00     
    9836  -210.00     
    9837  -210.00     
    9838  -210.00     
    9839  -210.00     
    9840  -210.00     
    9841  -210.00     
    9842  -210.00     
    9843  -210.00     
    9844  -210.00     
    9845  -210.00     
    9846  -210.00     
    9847  -210.00     
    9848  -210.00     
    9849  -210.00     
    9850  -210.00     
    9851  -210.00     
    9852  -210.00     
    9853  -210.00     
    9854  -210.00     
    9855  -210.00     
    9856  -210.00     
    9857  -210.00     
    9858  -210.00     
    9859  -210.00     
    9860  -210.00     
    9861  -210.00     
    9862  -210.00     
    9863  -210.00     
    9864  -210.00     
    9865  -210.00     
    9866  -210.00     
    9867  -210.00     
 
  ***** POST1 NODAL DEGREE OF FREEDOM LISTING *****                            
 
  LOAD STEP=     1  SUBSTEP=     1                                             
   TIME=    1.0000      LOAD CASE=   0                                         
 
    NODE       VOLT  
    9868  -210.00     
    9869  -210.00     
    9870  -210.00     
    9871  -210.00     
    9872  -210.00     
    9873  -210.00     
    9874  -210.00     
    9875  -210.00     
    9876  -210.00     
    9877  -210.00     
    9878  -210.00     
    9879  -210.00     
    9880  -210.00     
    9881  -210.00     
    9882  -210.00     
    9883  -210.00     
    9884  -210.00     
    9885  -210.00     
    9886  -210.00     
    9887  -210.00     
    9888  -210.00     
    9889  -210.00     
    9890  -210.00     
    9891  -210.00     
    9892  -210.00     
    9893  -210.00     
    9894  -210.00     
    9895  -210.00     
    9896  -210.00     
    9897  -210.00     
    9898  -210.00     
    9899  -210.00     
    9900  -210.00     
    9901  -210.00     
    9902  -210.00     
    9903  -210.00     
    9904  -210.00     
    9905  -210.00     
    9906  -210.00     
 
  ***** POST1 NODAL DEGREE OF FREEDOM LISTING *****                            
 
  LOAD STEP=     1  SUBSTEP=     1                                             
   TIME=    1.0000      LOAD CASE=   0                                         
 
    NODE       VOLT  
    9907  -210.00     
    9908  -210.00     
    9909  -210.00     
    9910  -210.00     
    9911  -210.00     
    9912  -210.00     
    9913  -210.00     
    9914  -210.00     
    9915  -210.00     
    9916  -210.00     
    9917  -210.00     
    9918  -210.00     
    9919  -210.00     
    9920  -210.00     
    9921  -210.00     
    9922  -210.00     
    9923  -210.00     
    9924  -210.00     
    9925  -210.00     
    9926  -210.00     
    9927  -210.00     
    9928  -210.00     
    9929  -210.00     
    9930  -210.00     
    9931  -210.00     
    9932  -210.00     
    9933  -210.00     
    9934  -210.00     
    9935  -210.00     
    9936  -210.00     
    9937  -210.00     
    9938  -210.00     
    9939  -210.00     
    9940  -210.00     
    9941  -210.00     
    9942  -210.00     
    9943  -210.00     
    9944  -210.00     
    9945  -210.00     
 
  ***** POST1 NODAL DEGREE OF FREEDOM LISTING *****                            
 
  LOAD STEP=     1  SUBSTEP=     1                                             
   TIME=    1.0000      LOAD CASE=   0                                         
 
    NODE       VOLT  
    9946  -210.00     
    9947  -210.00     
    9948  -210.00     
    9949  -210.00     
    9950  -210.00     
    9951  -210.00     
    9952  -210.00     
    9953  -210.00     
    9954  -210.00     
    9955  -210.00     
    9956  -210.00     
    9957  -210.00     
    9958  -210.00     
    9959  -210.00     
    9960  -210.00     
    9961  -210.00     
    9962  -210.00     
    9963  -210.00     
    9964  -210.00     
    9965  -210.00     
    9966  -210.00     
    9967  -210.00     
    9968  -210.00     
    9969  -210.00     
    9970  -210.00     
    9971  -210.00     
    9972  -210.00     
    9973  -210.00     
    9974  -210.00     
    9975   210.00     
    9976   210.00     
    9977   210.00     
    9978   210.00     
    9979   210.00     
    9980   210.00     
    9981   210.00     
    9982   210.00     
    9983   210.00     
    9984   210.00     
 
  ***** POST1 NODAL DEGREE OF FREEDOM LISTING *****                            
 
  LOAD STEP=     1  SUBSTEP=     1                                             
   TIME=    1.0000      LOAD CASE=   0                                         
 
    NODE       VOLT  
    9985   210.00     
    9986   210.00     
    9987   210.00     
    9988   210.00     
    9989   210.00     
    9990   210.00     
    9991   210.00     
    9992   210.00     
    9993   210.00     
    9994   210.00     
    9995   210.00     
    9996   210.00     
    9997   210.00     
    9998   210.00     
    9999   210.00     
   10000   210.00     
   10001   210.00     
   10002   210.00     
   10003   210.00     
   10004   210.00     
   10005   210.00     
   10006   210.00     
   10007   210.00     
   10008   210.00     
   10009   210.00     
   10010   210.00     
   10011   210.00     
   10012   210.00     
   10013   210.00     
   10014   210.00     
   10015   210.00     
   10016   210.00     
   10017   210.00     
   10018   210.00     
   10019   210.00     
   10020   210.00     
   10021   210.00     
   10022   210.00     
   10023   210.00     
 
  ***** POST1 NODAL DEGREE OF FREEDOM LISTING *****                            
 
  LOAD STEP=     1  SUBSTEP=     1                                             
   TIME=    1.0000      LOAD CASE=   0                                         
 
    NODE       VOLT  
   10024   210.00     
   10025   210.00     
   10026   210.00     
   10027   210.00     
   10028   210.00     
   10029   210.00     
   10030   210.00     
   10031   210.00     
   10032   210.00     
   10033   210.00     
   10034   210.00     
   10035   210.00     
   10036   210.00     
   10037   210.00     
   10038   210.00     
   10039   210.00     
   10040   210.00     
   10041   210.00     
   10042   210.00     
   10043   210.00     
   10044   210.00     
   10045   210.00     
   10046   210.00     
   10047   210.00     
   10048   210.00     
   10049   210.00     
   10050   210.00     
   10051   210.00     
   10052   210.00     
   10053   210.00     
   10054   210.00     
   10055   210.00     
   10056   210.00     
   10057   210.00     
   10058   210.00     
   10059   210.00     
   10060   210.00     
   10061   210.00     
   10062   210.00     
 
  ***** POST1 NODAL DEGREE OF FREEDOM LISTING *****                            
 
  LOAD STEP=     1  SUBSTEP=     1                                             
   TIME=    1.0000      LOAD CASE=   0                                         
 
    NODE       VOLT  
   10063   210.00     
   10064   210.00     
   10065   210.00     
   10066   210.00     
   10067   210.00     
   10068   210.00     
   10069   210.00     
   10070   210.00     
   10071   210.00     
   10072   210.00     
   10073   210.00     
   10074   210.00     
   10075   210.00     
   10076   210.00     
   10077   210.00     
   10078   210.00     
   10079   210.00     
   10080   210.00     
   10081   210.00     
   10082   210.00     
   10083   210.00     
   10084   210.00     
   10085   210.00     
   10086   210.00     
   10087   210.00     
   10088   210.00     
   10089   210.00     
   10090   210.00     
   10091   210.00     
   10092   210.00     
   10093   210.00     
   10094   210.00     
   10095   210.00     
   10096   210.00     
   10097   210.00     
   10098   210.00     
   10099   210.00     
   10100   210.00     
   10101   210.00     
 
  ***** POST1 NODAL DEGREE OF FREEDOM LISTING *****                            
 
  LOAD STEP=     1  SUBSTEP=     1                                             
   TIME=    1.0000      LOAD CASE=   0                                         
 
    NODE       VOLT  
   10102   210.00     
   10103   210.00     
   10104   210.00     
   10105   210.00     
   10106   210.00     
   10107   210.00     
   10108   210.00     
   10109   210.00     
   10110   210.00     
   10111   210.00     
   10112   210.00     
   10113   210.00     
   10114   210.00     
   10115   210.00     
   10116   210.00     
   10117   210.00     
   10118   210.00     
   10119   210.00     
   10120   210.00     
   10121   210.00     
   10122   210.00     
   10123   210.00     
   10124   210.00     
   10125   210.00     
   10126   210.00     
   10127   210.00     
   10128   210.00     
   10129   210.00     
   10130   210.00     
   10131   210.00     
   10132   210.00     
   10133   210.00     
   10134   210.00     
   10135   210.00     
   10136   210.00     
   10137   210.00     
   10138   210.00     
   10139   210.00     
   10140   210.00     
 
  ***** POST1 NODAL DEGREE OF FREEDOM LISTING *****                            
 
  LOAD STEP=     1  SUBSTEP=     1                                             
   TIME=    1.0000      LOAD CASE=   0                                         
 
    NODE       VOLT  
   10141   210.00     
   10142   210.00     
   10143   210.00     
   10144   210.00     
   10145   210.00     
   10146   210.00     
   10147   210.00     
   10148   210.00     
   10149   210.00     
   10150   210.00     
   10151   210.00     
   10152   210.00     
   10153   210.00     
   10154   210.00     
   10155   210.00     
   10156   210.00     
   10157   210.00     
   10158   210.00     
   10159   210.00     
   10160   210.00     
   10161   210.00     
   10162   210.00     
   10163   210.00     
   10164   210.00     
   10165   210.00     
   10166   210.00     
   10167   210.00     
   10168   210.00     
   10169   210.00     
   10170   210.00     
   10171   210.00     
   10172   210.00     
   10173   210.00     
   10174   210.00     
   10175   210.00     
   10176   210.00     
   10177   210.00     
   10178   210.00     
   10179   210.00     
 
  ***** POST1 NODAL DEGREE OF FREEDOM LISTING *****                            
 
  LOAD STEP=     1  SUBSTEP=     1                                             
   TIME=    1.0000      LOAD CASE=   0                                         
 
    NODE       VOLT  
   10180   210.00     
   10181   210.00     
   10182   210.00     
   10183   210.00     
   10184   210.00     
   10185   210.00     
   10186   210.00     
   10187   210.00     
   10188   210.00     
   10189   210.00     
   10190   210.00     
   10191   210.00     
   10192   210.00     
   10193   210.00     
   10194   210.00     
   10195   210.00     
   10196   210.00     
   10197   210.00     
   10198   210.00     
   10199   210.00     
   10200   210.00     
   10201   210.00     
   10202   210.00     
   10203   210.00     
   10204   210.00     
   10205   210.00     
   10206   210.00     
   10207   210.00     
   10208   210.00     
   10209   210.00     
   10210   210.00     
   10211   210.00     
   10212   210.00     
   10213   210.00     
   10214   210.00     
   10215   210.00     
   10216   210.00     
   10217   210.00     
   10218   210.00     
 
  ***** POST1 NODAL DEGREE OF FREEDOM LISTING *****                            
 
  LOAD STEP=     1  SUBSTEP=     1                                             
   TIME=    1.0000      LOAD CASE=   0                                         
 
    NODE       VOLT  
   10219   210.00     
   10220   210.00     
   10221   210.00     
   10222   210.00     
   10223   210.00     
   10224   210.00     
   10225   210.00     
   10226   210.00     
   10227   210.00     
   10228   210.00     
   10229   210.00     
   10230   210.00     
   10231   210.00     
   10232   210.00     
   10233   210.00     
   10234   210.00     
   10235   210.00     
   10236   210.00     
   10237   210.00     
   10238   210.00     
   10239   210.00     
   10240   210.00     
   10241   210.00     
   10242   210.00     
   10243   210.00     
   10244   210.00     
   10245   210.00     
   10246   210.00     
   10247   210.00     
   10248   210.00     
   10249   210.00     
   10250   210.00     
   10251   210.00     
   10252   210.00     
   10253   210.00     
   10254   210.00     
   10255   210.00     
   10256   210.00     
   10257   210.00     
 
  ***** POST1 NODAL DEGREE OF FREEDOM LISTING *****                            
 
  LOAD STEP=     1  SUBSTEP=     1                                             
   TIME=    1.0000      LOAD CASE=   0                                         
 
    NODE       VOLT  
   10258   210.00     
   10259   210.00     
   10260   210.00     
   10261   210.00     
   10262   210.00     
   10263   210.00     
   10264   210.00     
   10265   210.00     
   10266   210.00     
   10267   210.00     
   10268   210.00     
   10269   210.00     
   10270   210.00     
   10271   210.00     
   10272   210.00     
   10273   210.00     
   10274   210.00     
   10275   210.00     
   10276   210.00     
   10277   210.00     
   10278   210.00     
   10279   210.00     
   10280   210.00     
   10281   210.00     
   10282   210.00     
   10283   210.00     
   10284   210.00     
   10285   210.00     
   10286   210.00     
   10287   210.00     
   10288   210.00     
   10289   210.00     
   10290   210.00     
   10291   210.00     
   10292   210.00     
   10293   210.00     
   10294   210.00     
   10295   210.00     
   10296   210.00     
 
  ***** POST1 NODAL DEGREE OF FREEDOM LISTING *****                            
 
  LOAD STEP=     1  SUBSTEP=     1                                             
   TIME=    1.0000      LOAD CASE=   0                                         
 
    NODE       VOLT  
   10297   210.00     
   10298   210.00     
   10299   210.00     
   10300   210.00     
   10301   210.00     
   10302   210.00     
   10303   210.00     
   10304   210.00     
   10305   210.00     
   10306   210.00     
   10307   210.00     
   10308   210.00     
   10309   210.00     
   10310   210.00     
   10311   210.00     
   10312   210.00     
   10313   210.00     
   10314   210.00     
   10315   210.00     
   10316   210.00     
   10317   210.00     
   10318   210.00     
   10319   210.00     
   10320   210.00     
   10321   210.00     
   10322   210.00     
   10323   210.00     
   10324   210.00     
   10325   210.00     
   10326   210.00     
   10327   210.00     
   10328   210.00     
   10329   210.00     
   10330   210.00     
   10331   210.00     
   10332   210.00     
   10333   210.00     
   10334   210.00     
   10335   210.00     
 
  ***** POST1 NODAL DEGREE OF FREEDOM LISTING *****                            
 
  LOAD STEP=     1  SUBSTEP=     1                                             
   TIME=    1.0000      LOAD CASE=   0                                         
 
    NODE       VOLT  
   10336   210.00     
   10337   210.00     
   10338   210.00     
   10339   210.00     
   10340   210.00     
   10341   210.00     
   10342   210.00     
   10343   210.00     
   10344   210.00     
   10345   210.00     
   10346   210.00     
   10347   210.00     
   10348   210.00     
   10349   210.00     
   10350   210.00     
   10351   210.00     
   10352   210.00     
   10353   210.00     
   10354   210.00     
   10355   210.00     
   10356   210.00     
   10357   210.00     
   10358   210.00     
   10359   210.00     
   10360   210.00     
   10361   210.00     
   10362   210.00     
   10363   210.00     
   10364   210.00     
   10365   210.00     
   10366   210.00     
   10367   210.00     
   10368   210.00     
   10369   210.00     
   10370   210.00     
   10371   210.00     
   10372   210.00     
   10373   210.00     
   10374   210.00     
 
  ***** POST1 NODAL DEGREE OF FREEDOM LISTING *****                            
 
  LOAD STEP=     1  SUBSTEP=     1                                             
   TIME=    1.0000      LOAD CASE=   0                                         
 
    NODE       VOLT  
   10375   210.00     
   10376   210.00     
   10377   210.00     
   10378   210.00     
   10379   210.00     
   10380   210.00     
   10381   210.00     
   10382   210.00     
   10383   210.00     
   10384   210.00     
   10385   210.00     
   10386   210.00     
   10387   210.00     
   10388   210.00     
   10389   210.00     
   10390   210.00     
   10391   210.00     
   10392   210.00     
   10393   210.00     
   10394   210.00     
   10395   210.00     
   10396   210.00     
   10397   210.00     
   10398   210.00     
   10399   210.00     
   10400   210.00     
   10401   210.00     
   10402   210.00     
   10403   210.00     
   10404   210.00     
   10405   210.00     
   10406   210.00     
   10407   210.00     
   10408   210.00     
   10409   210.00     
   10410   210.00     
   10411   210.00     
   10412   210.00     
   10413   210.00     
 
  ***** POST1 NODAL DEGREE OF FREEDOM LISTING *****                            
 
  LOAD STEP=     1  SUBSTEP=     1                                             
   TIME=    1.0000      LOAD CASE=   0                                         
 
    NODE       VOLT  
   10414   210.00     
   10415   210.00     
   10416   210.00     
   10417   210.00     
   10418   210.00     
   10419   210.00     
   10420   210.00     
   10421   210.00     
   10422   210.00     
   10423   210.00     
   10424   210.00     
   10425   210.00     
   10426   210.00     
   10427   210.00     
   10428   210.00     
   10429   210.00     
   10430   210.00     
   10431   210.00     
   10432   210.00     
   10433   210.00     
   10434   210.00     
   10435   210.00     
   10436   210.00     
   10437   210.00     
   10438   210.00     
   10439   210.00     
   10440   210.00     
   10441   210.00     
   10442   210.00     
   10443   210.00     
   10444   210.00     
   10445   210.00     
   10446   210.00     
   10447   210.00     
   10448   210.00     
   10449   210.00     
   10450   210.00     
   10451   210.00     
   10452   210.00     
 
  ***** POST1 NODAL DEGREE OF FREEDOM LISTING *****                            
 
  LOAD STEP=     1  SUBSTEP=     1                                             
   TIME=    1.0000      LOAD CASE=   0                                         
 
    NODE       VOLT  
   10453   210.00     
   10454   210.00     
   10455   210.00     
   10456   210.00     
   10457   210.00     
   10458   210.00     
   10459   210.00     
   10460   210.00     
   10461   210.00     
   10462   210.00     
   10463   210.00     
   10464   210.00     
   10465   210.00     
   10466   210.00     
   10467   210.00     
   10468   210.00     
   10469   210.00     
   10470   210.00     
   10471   210.00     
   10472   210.00     
   10473   210.00     
   10474   210.00     
   10475   210.00     
   10476   210.00     
   10477   210.00     
   10478   210.00     
   10479   210.00     
   10480   210.00     
   10481   210.00     
   10482   210.00     
   10483   210.00     
   10484   210.00     
   10485   210.00     
   10486   210.00     
   10487   210.00     
   10488   210.00     
   10489   210.00     
   10490   210.00     
   10491   210.00     
 
  ***** POST1 NODAL DEGREE OF FREEDOM LISTING *****                            
 
  LOAD STEP=     1  SUBSTEP=     1                                             
   TIME=    1.0000      LOAD CASE=   0                                         
 
    NODE       VOLT  
   10492   210.00     
   10493   210.00     
   10494   210.00     
   10495   210.00     
   10496   210.00     
   10497   210.00     
   10498   210.00     
   10499   210.00     
   10500   210.00     
   10501   210.00     
   10502   210.00     
   10503   210.00     
   10504   210.00     
   10505   210.00     
   10506   210.00     
   10507   210.00     
   10508   210.00     
   10509   210.00     
   10510   210.00     
   10511   210.00     
   10512   210.00     
   10513   210.00     
   10514   210.00     
   10515   210.00     
   10516   210.00     
   10517   210.00     
   10518   210.00     
   10519   210.00     
   10520   210.00     
   10521   210.00     
   10522   210.00     
   10523   210.00     
   10524   210.00     
   10525   210.00     
   10526   210.00     
   10527   210.00     
   10528   210.00     
   10529   210.00     
   10530   210.00     
 
  ***** POST1 NODAL DEGREE OF FREEDOM LISTING *****                            
 
  LOAD STEP=     1  SUBSTEP=     1                                             
   TIME=    1.0000      LOAD CASE=   0                                         
 
    NODE       VOLT  
   10531   210.00     
   10532   210.00     
   10533   210.00     
   10534   210.00     
   10535   210.00     
   10536   210.00     
   10537   210.00     
   10538   210.00     
   10539   210.00     
   10540   210.00     
   10541   210.00     
   10542   210.00     
   10543   210.00     
   10544   210.00     
   10545   210.00     
   10546   210.00     
   10547   210.00     
   10548   210.00     
   10549   210.00     
   10550   210.00     
   10551   210.00     
   10552   210.00     
   10553   210.00     
   10554   210.00     
   10555   210.00     
   10556   210.00     
   10557   210.00     
   10558   210.00     
   10559   210.00     
   10560   210.00     
   10561   210.00     
   10562   210.00     
   10563   210.00     
   10564  -315.00     
   10565  -315.00     
   10566  -315.00     
   10567  -315.00     
   10568  -315.00     
   10569  -315.00     
 
  ***** POST1 NODAL DEGREE OF FREEDOM LISTING *****                            
 
  LOAD STEP=     1  SUBSTEP=     1                                             
   TIME=    1.0000      LOAD CASE=   0                                         
 
    NODE       VOLT  
   10570  -315.00     
   10571  -315.00     
   10572  -315.00     
   10573  -315.00     
   10574  -315.00     
   10575  -315.00     
   10576  -315.00     
   10577  -192.41     
   10578   891.68     
   10579  -193.21     
   10580   219.13     
   10581   210.45     
   10582   169.83     
   10583  -197.01     
   10584  -197.51     
   10585  -197.30     
   10586  -189.45     
   10587  -208.58     
   10588   29.827     
   10589  -40.100     
   10590   181.30     
   10591   177.57     
   10592   201.53     
   10593   197.54     
   10594  -314.65     
   10595  -314.65     
   10596  -314.88     
   10597  -314.88     
   10598   953.32     
   10599   966.44     
   10600   953.32     
   10601   966.44     
   10602   209.73     
   10603   209.93     
   10604   209.90     
   10605   209.96     
   10606  -203.22     
   10607  -202.89     
   10608  -202.57     
 
  ***** POST1 NODAL DEGREE OF FREEDOM LISTING *****                            
 
  LOAD STEP=     1  SUBSTEP=     1                                             
   TIME=    1.0000      LOAD CASE=   0                                         
 
    NODE       VOLT  
   10609  -202.25     
   10610  -201.92     
   10611  -201.60     
   10612  -201.28     
   10613  -200.96     
   10614  -200.63     
   10615  -200.31     
   10616  -199.99     
   10617   356.24     
   10618   374.59     
   10619   392.95     
   10620   411.31     
   10621   429.68     
   10622   448.04     
   10623   466.40     
   10624   484.76     
   10625   503.12     
   10626   521.48     
   10627   539.84     
   10628   558.21     
   10629   576.57     
   10630   594.93     
   10631   613.29     
   10632   631.65     
   10633   650.01     
   10634   668.37     
   10635   686.74     
   10636   708.06     
   10637   726.43     
   10638   744.79     
   10639   763.15     
   10640   781.51     
   10641   799.87     
   10642   818.23     
   10643   836.59     
   10644   854.96     
   10645   873.32     
   10646   910.04     
   10647  -199.66     
 
  ***** POST1 NODAL DEGREE OF FREEDOM LISTING *****                            
 
  LOAD STEP=     1  SUBSTEP=     1                                             
   TIME=    1.0000      LOAD CASE=   0                                         
 
    NODE       VOLT  
   10648  -199.34     
   10649  -199.02     
   10650  -198.70     
   10651   337.87     
   10652   319.72     
   10653  -203.54     
   10654  -203.96     
   10655  -204.28     
   10656  -204.60     
   10657  -204.93     
   10658  -205.25     
   10659  -205.57     
   10660  -205.90     
   10661  -206.22     
   10662  -206.54     
   10663  -206.86     
   10664  -207.19     
   10665  -207.51     
   10666  -207.83     
   10667  -208.16     
   10668  -208.48     
   10669  -208.80     
   10670  -209.12     
   10671  -209.45     
   10672  -209.77     
   10673  -210.09     
   10674  -210.42     
   10675  -210.74     
   10676  -211.06     
   10677  -211.38     
   10678  -211.71     
   10679  -212.03     
   10680  -212.35     
   10681  -212.67     
   10682  -213.00     
   10683  -213.32     
   10684  -213.64     
   10685  -213.97     
   10686  -214.29     
 
  ***** POST1 NODAL DEGREE OF FREEDOM LISTING *****                            
 
  LOAD STEP=     1  SUBSTEP=     1                                             
   TIME=    1.0000      LOAD CASE=   0                                         
 
    NODE       VOLT  
   10687  -214.61     
   10688  -214.93     
   10689  -215.26     
   10690  -215.58     
   10691  -215.90     
   10692  -216.23     
   10693  -216.55     
   10694  -216.87     
   10695  -217.19     
   10696  -217.52     
   10697  -217.84     
   10698  -218.16     
   10699  -218.49     
   10700  -218.81     
   10701  -219.13     
   10702  -219.45     
   10703  -219.78     
   10704  -220.10     
   10705  -220.42     
   10706  -220.75     
   10707  -221.07     
   10708  -221.39     
   10709  -221.71     
   10710  -222.04     
   10711  -222.36     
   10712  -222.68     
   10713  -223.00     
   10714  -223.33     
   10715  -223.65     
   10716  -223.97     
   10717  -224.30     
   10718  -224.62     
   10719  -224.94     
   10720  -225.26     
   10721  -225.59     
   10722  -225.91     
   10723  -226.23     
   10724  -226.56     
   10725  -226.88     
 
  ***** POST1 NODAL DEGREE OF FREEDOM LISTING *****                            
 
  LOAD STEP=     1  SUBSTEP=     1                                             
   TIME=    1.0000      LOAD CASE=   0                                         
 
    NODE       VOLT  
   10726  -227.20     
   10727  -227.52     
   10728  -227.85     
   10729  -228.17     
   10730  -228.49     
   10731  -228.82     
   10732  -229.14     
   10733  -229.46     
   10734  -229.78     
   10735  -230.11     
   10736  -230.43     
   10737  -230.75     
   10738  -231.08     
   10739  -231.40     
   10740  -231.72     
   10741  -232.04     
   10742  -232.37     
   10743  -232.69     
   10744  -233.01     
   10745  -233.33     
   10746  -233.66     
   10747  -233.98     
   10748  -234.30     
   10749  -234.63     
   10750  -234.95     
   10751  -235.27     
   10752  -235.59     
   10753  -235.92     
   10754  -236.24     
   10755  -236.56     
   10756  -236.89     
   10757  -237.21     
   10758  -237.53     
   10759  -237.85     
   10760  -238.18     
   10761  -238.50     
   10762  -238.82     
   10763  -239.15     
   10764  -239.47     
 
  ***** POST1 NODAL DEGREE OF FREEDOM LISTING *****                            
 
  LOAD STEP=     1  SUBSTEP=     1                                             
   TIME=    1.0000      LOAD CASE=   0                                         
 
    NODE       VOLT  
   10765  -239.79     
   10766  -240.11     
   10767  -240.44     
   10768  -240.76     
   10769  -241.08     
   10770  -241.41     
   10771  -241.73     
   10772  -242.05     
   10773  -242.37     
   10774  -242.70     
   10775  -243.02     
   10776  -243.34     
   10777  -243.66     
   10778  -243.99     
   10779  -244.31     
   10780  -244.63     
   10781  -244.96     
   10782  -245.28     
   10783  -245.60     
   10784  -245.92     
   10785  -246.25     
   10786  -246.57     
   10787  -246.89     
   10788  -247.22     
   10789  -247.54     
   10790  -247.86     
   10791  -248.18     
   10792  -248.51     
   10793  -248.83     
   10794  -249.15     
   10795  -249.48     
   10796  -249.80     
   10797  -250.12     
   10798  -250.44     
   10799  -250.77     
   10800  -251.09     
   10801  -251.41     
   10802  -251.73     
   10803  -252.06     
 
  ***** POST1 NODAL DEGREE OF FREEDOM LISTING *****                            
 
  LOAD STEP=     1  SUBSTEP=     1                                             
   TIME=    1.0000      LOAD CASE=   0                                         
 
    NODE       VOLT  
   10804  -252.38     
   10805  -252.70     
   10806  -253.03     
   10807  -253.35     
   10808  -253.67     
   10809  -253.99     
   10810  -254.32     
   10811  -254.64     
   10812  -254.96     
   10813  -255.29     
   10814  -255.61     
   10815  -255.93     
   10816  -256.25     
   10817  -256.58     
   10818  -256.90     
   10819  -257.22     
   10820  -257.55     
   10821  -257.87     
   10822  -258.19     
   10823  -258.51     
   10824  -258.84     
   10825  -259.16     
   10826  -259.48     
   10827  -259.81     
   10828  -260.13     
   10829  -260.45     
   10830  -260.77     
   10831  -261.10     
   10832  -261.42     
   10833  -261.74     
   10834  -262.06     
   10835  -262.39     
   10836  -262.71     
   10837  -263.03     
   10838  -263.36     
   10839  -263.68     
   10840  -264.00     
   10841  -264.32     
   10842  -264.65     
 
  ***** POST1 NODAL DEGREE OF FREEDOM LISTING *****                            
 
  LOAD STEP=     1  SUBSTEP=     1                                             
   TIME=    1.0000      LOAD CASE=   0                                         
 
    NODE       VOLT  
   10843  -264.97     
   10844  -265.29     
   10845  -265.62     
   10846  -265.94     
   10847  -266.26     
   10848  -266.58     
   10849  -266.91     
   10850  -267.23     
   10851  -267.55     
   10852  -267.88     
   10853  -268.20     
   10854  -268.52     
   10855  -268.84     
   10856  -269.17     
   10857  -269.49     
   10858  -269.81     
   10859  -270.14     
   10860  -270.46     
   10861  -270.78     
   10862  -271.10     
   10863  -271.43     
   10864  -271.75     
   10865  -272.07     
   10866  -272.39     
   10867  -272.72     
   10868  -273.04     
   10869  -273.36     
   10870  -273.69     
   10871  -274.01     
   10872  -274.33     
   10873  -274.65     
   10874  -274.98     
   10875  -275.30     
   10876  -275.62     
   10877  -275.95     
   10878  -276.27     
   10879  -276.59     
   10880  -276.91     
   10881  -277.24     
 
  ***** POST1 NODAL DEGREE OF FREEDOM LISTING *****                            
 
  LOAD STEP=     1  SUBSTEP=     1                                             
   TIME=    1.0000      LOAD CASE=   0                                         
 
    NODE       VOLT  
   10882  -277.56     
   10883  -277.88     
   10884  -278.21     
   10885  -278.53     
   10886  -278.85     
   10887  -279.17     
   10888  -279.50     
   10889  -279.82     
   10890  -280.14     
   10891  -280.46     
   10892  -280.79     
   10893  -281.11     
   10894  -281.43     
   10895  -281.76     
   10896  -282.08     
   10897  -282.40     
   10898  -282.72     
   10899  -283.05     
   10900  -283.37     
   10901  -283.69     
   10902  -284.02     
   10903  -284.34     
   10904  -284.66     
   10905  -284.98     
   10906  -285.31     
   10907  -285.63     
   10908  -285.95     
   10909  -286.28     
   10910  -286.60     
   10911  -286.92     
   10912  -287.24     
   10913  -287.57     
   10914  -287.89     
   10915  -288.21     
   10916  -288.54     
   10917  -288.86     
   10918  -289.18     
   10919  -289.50     
   10920  -289.83     
 
  ***** POST1 NODAL DEGREE OF FREEDOM LISTING *****                            
 
  LOAD STEP=     1  SUBSTEP=     1                                             
   TIME=    1.0000      LOAD CASE=   0                                         
 
    NODE       VOLT  
   10921  -290.15     
   10922  -290.47     
   10923  -290.79     
   10924  -291.12     
   10925  -291.44     
   10926  -291.76     
   10927  -292.09     
   10928  -292.41     
   10929  -292.73     
   10930  -293.05     
   10931  -293.38     
   10932  -293.70     
   10933  -294.02     
   10934  -294.35     
   10935  -294.67     
   10936  -294.99     
   10937  -295.31     
   10938  -295.64     
   10939  -295.96     
   10940  -296.28     
   10941  -296.61     
   10942  -296.93     
   10943  -297.25     
   10944  -297.57     
   10945  -297.90     
   10946  -298.22     
   10947  -298.54     
   10948  -298.87     
   10949  -299.19     
   10950  -299.51     
   10951  -299.83     
   10952  -300.16     
   10953  -300.48     
   10954  -300.80     
   10955  -301.12     
   10956  -301.45     
   10957  -301.77     
   10958  -302.09     
   10959  -302.42     
 
  ***** POST1 NODAL DEGREE OF FREEDOM LISTING *****                            
 
  LOAD STEP=     1  SUBSTEP=     1                                             
   TIME=    1.0000      LOAD CASE=   0                                         
 
    NODE       VOLT  
   10960  -302.74     
   10961  -303.06     
   10962  -303.38     
   10963  -303.71     
   10964  -304.03     
   10965  -304.35     
   10966  -304.68     
   10967  -305.00     
   10968  -305.32     
   10969  -305.64     
   10970  -305.97     
   10971  -306.29     
   10972  -306.61     
   10973  -306.94     
   10974  -307.26     
   10975  -307.58     
   10976  -307.90     
   10977  -308.23     
   10978  -308.55     
   10979  -308.87     
   10980  -309.19     
   10981  -309.52     
   10982  -309.84     
   10983  -310.16     
   10984  -310.49     
   10985  -310.81     
   10986  -311.13     
   10987  -311.45     
   10988  -311.78     
   10989  -312.10     
   10990  -312.42     
   10991  -312.75     
   10992  -313.07     
   10993  -313.39     
   10994  -313.97     
   10995  -313.71     
   10996  -198.40     
   10997  -198.12     
   10998  -314.29     
 
  ***** POST1 NODAL DEGREE OF FREEDOM LISTING *****                            
 
  LOAD STEP=     1  SUBSTEP=     1                                             
   TIME=    1.0000      LOAD CASE=   0                                         
 
    NODE       VOLT  
   10999   301.84     
   11000   928.40     
   11001  -314.54     
   11002   285.71     
   11003   272.79     
   11004   946.76     
   11005  -197.89     
   11006   256.04     
   11007   246.36     
   11008  -197.67     
   11009   233.74     
   11010   218.21     
   11011   207.17     
   11012  -196.21     
   11013  -196.67     
   11014   226.69     
   11015  -189.23     
   11016   155.75     
   11017  -197.64     
   11018   214.84     
   11019   122.01     
   11020  -196.12     
   11021  -198.15     
   11022  -182.13     
   11023  -168.84     
   11024   98.457     
   11025   65.968     
   11026   53.906     
   11027   18.442     
   11028   8.9206     
   11029  -9.8340     
   11030  -8.1889     
   11031   201.56     
   11032  -149.81     
   11033  -182.54     
   11034  -186.14     
   11035  -18.643     
   11036  -50.522     
   11037  -78.743     
 
  ***** POST1 NODAL DEGREE OF FREEDOM LISTING *****                            
 
  LOAD STEP=     1  SUBSTEP=     1                                             
   TIME=    1.0000      LOAD CASE=   0                                         
 
    NODE       VOLT  
   11038  -63.361     
   11039  -66.865     
   11040  -115.53     
   11041  -132.56     
   11042  -92.173     
   11043  -115.28     
   11044   212.22     
   11045   191.61     
   11046   116.98     
   11047  -201.93     
   11048  -203.55     
   11049   208.79     
   11050   206.08     
   11051   207.82     
   11052  -202.03     
   11053   159.50     
   11054   135.70     
   11055   194.43     
   11056  -116.14     
   11057  -152.89     
   11058  -168.42     
   11059  -135.87     
   11060  -156.19     
   11061  -188.12     
   11062   112.28     
   11063  -205.31     
   11064   209.94     
   11065   209.80     
   11066  -114.98     
   11067  -161.60     
   11068  -176.57     
   11069  -204.23     
   11070   162.76     
   11071   91.181     
   11072   69.251     
   11073  -69.077     
   11074  -91.442     
   11075   186.22     
   11076   175.12     
 
  ***** POST1 NODAL DEGREE OF FREEDOM LISTING *****                            
 
  LOAD STEP=     1  SUBSTEP=     1                                             
   TIME=    1.0000      LOAD CASE=   0                                         
 
    NODE       VOLT  
   11077  -161.03     
   11078  -195.54     
   11079  -175.77     
   11080  -193.25     
   11081  -204.00     
   11082  -204.76     
   11083  -206.84     
   11084  -207.14     
   11085   209.67     
   11086   209.44     
   11087   209.09     
   11088  -208.38     
   11089  -208.51     
   11090  -207.93     
   11091  -208.29     
   11092   116.54     
   11093  -118.84     
   11094   207.79     
   11095  -206.15     
   11096   206.67     
   11097   204.94     
   11098  -201.60     
   11099  -204.64     
   11100   148.91     
   11101   135.34     
   11102  -137.48     
   11103  -151.34     
   11104  -139.29     
   11105   135.65     
   11106  -199.30     
   11107   204.42     
   11108  -206.38     
   11109  -207.04     
   11110   209.41     
   11111  -202.35     
   11112  -181.20     
   11113   179.59     
   11114  -91.531     
   11115   90.813     
 
  ***** POST1 NODAL DEGREE OF FREEDOM LISTING *****                            
 
  LOAD STEP=     1  SUBSTEP=     1                                             
   TIME=    1.0000      LOAD CASE=   0                                         
 
    NODE       VOLT  
   11116  -174.59     
   11117  -135.33     
   11118  -165.53     
   11119   138.25     
   11120   210.80     
   11121  -94.026     
   11122  -36.914     
   11123  -191.32     
   11124   17.448     
   11125   209.91     
   11126   959.88     
   11127  -314.77     
   11128   190.66     
   11129   235.73     
   11130  -203.06     
   11131   214.68     
   11132   219.99     
   11133   209.46     
   11134   244.30     
   11135   186.56     
   11136  -189.17     
   11137  -208.66     
   11138   209.89     
   11139  -303.89     
   11140  -307.76     
   11141   207.02     
   11142   135.56     
   11143   210.32     
   11144  -205.38     
   11145   31.778     
   11146  -36.635     
   11147   211.32     
   11148   213.55     
   11149   209.31     
   11150   207.67     
   11151  -314.65     
   11152  -314.65     
   11153  -314.88     
   11154  -314.88     
 
  ***** POST1 NODAL DEGREE OF FREEDOM LISTING *****                            
 
  LOAD STEP=     1  SUBSTEP=     1                                             
   TIME=    1.0000      LOAD CASE=   0                                         
 
    NODE       VOLT  
   11155   953.32     
   11156   966.44     
   11157   953.32     
   11158   966.44     
   11159  -303.56     
   11160  -307.44     
   11161  -311.31     
   11162   842.43     
   11163   824.07     
   11164   805.71     
   11165   787.35     
   11166   768.99     
   11167   750.63     
   11168   732.26     
   11169   713.90     
   11170   695.54     
   11171   677.18     
   11172   658.82     
   11173   640.46     
   11174   622.10     
   11175   603.73     
   11176   585.37     
   11177   567.01     
   11178   548.65     
   11179   530.29     
   11180   511.93     
   11181  -206.72     
   11182  -207.37     
   11183  -207.04     
   11184  -208.01     
   11185  -207.69     
   11186  -208.66     
   11187  -208.33     
   11188  -209.30     
   11189  -208.98     
   11190  -209.95     
   11191  -209.63     
   11192  -210.59     
   11193  -210.27     
 
  ***** POST1 NODAL DEGREE OF FREEDOM LISTING *****                            
 
  LOAD STEP=     1  SUBSTEP=     1                                             
   TIME=    1.0000      LOAD CASE=   0                                         
 
    NODE       VOLT  
   11194  -211.24     
   11195  -210.92     
   11196  -211.89     
   11197  -211.56     
   11198  -212.53     
   11199  -212.21     
   11200  -213.18     
   11201  -212.85     
   11202  -213.82     
   11203  -213.50     
   11204  -214.47     
   11205  -214.15     
   11206  -215.11     
   11207  -214.79     
   11208  -215.76     
   11209  -215.44     
   11210  -216.40     
   11211  -216.08     
   11212  -217.05     
   11213  -216.73     
   11214  -217.70     
   11215  -217.37     
   11216  -218.34     
   11217  -218.02     
   11218  -218.99     
   11219  -218.66     
   11220  -219.63     
   11221  -219.31     
   11222  -220.28     
   11223  -219.96     
   11224  -220.92     
   11225  -220.60     
   11226  -221.57     
   11227  -221.25     
   11228  -222.22     
   11229  -221.89     
   11230  -222.86     
   11231  -222.54     
   11232  -223.51     
 
  ***** POST1 NODAL DEGREE OF FREEDOM LISTING *****                            
 
  LOAD STEP=     1  SUBSTEP=     1                                             
   TIME=    1.0000      LOAD CASE=   0                                         
 
    NODE       VOLT  
   11233  -223.18     
   11234  -224.15     
   11235  -223.83     
   11236  -224.80     
   11237  -224.48     
   11238  -225.44     
   11239  -225.12     
   11240  -226.09     
   11241  -225.77     
   11242  -226.73     
   11243  -226.41     
   11244  -227.38     
   11245  -227.06     
   11246  -228.03     
   11247  -227.70     
   11248  -228.67     
   11249  -228.35     
   11250  -229.32     
   11251  -228.99     
   11252  -229.96     
   11253  -229.64     
   11254  -230.61     
   11255  -230.29     
   11256  -231.25     
   11257  -230.93     
   11258  -231.90     
   11259  -231.58     
   11260  -232.55     
   11261  -232.22     
   11262  -233.19     
   11263  -232.87     
   11264  -233.84     
   11265  -233.51     
   11266  -234.48     
   11267  -234.16     
   11268  -235.13     
   11269  -234.80     
   11270  -235.77     
   11271  -235.45     
 
  ***** POST1 NODAL DEGREE OF FREEDOM LISTING *****                            
 
  LOAD STEP=     1  SUBSTEP=     1                                             
   TIME=    1.0000      LOAD CASE=   0                                         
 
    NODE       VOLT  
   11272  -236.42     
   11273  -236.10     
   11274  -237.06     
   11275  -236.74     
   11276  -237.71     
   11277  -237.39     
   11278  -238.36     
   11279  -238.03     
   11280  -239.00     
   11281  -238.68     
   11282  -239.65     
   11283  -239.32     
   11284  -240.29     
   11285  -239.97     
   11286  -240.94     
   11287  -240.62     
   11288  -241.58     
   11289  -241.26     
   11290  -242.23     
   11291  -241.91     
   11292  -242.88     
   11293  -242.55     
   11294  -243.52     
   11295  -243.20     
   11296  -244.17     
   11297  -243.84     
   11298  -244.81     
   11299  -244.49     
   11300  -245.46     
   11301  -245.13     
   11302  -246.10     
   11303  -245.78     
   11304  -246.75     
   11305  -246.43     
   11306  -247.39     
   11307  -247.07     
   11308  -248.04     
   11309  -247.72     
   11310  -248.69     
 
  ***** POST1 NODAL DEGREE OF FREEDOM LISTING *****                            
 
  LOAD STEP=     1  SUBSTEP=     1                                             
   TIME=    1.0000      LOAD CASE=   0                                         
 
    NODE       VOLT  
   11311  -248.36     
   11312  -249.33     
   11313  -249.01     
   11314  -249.98     
   11315  -249.65     
   11316  -250.62     
   11317  -250.30     
   11318  -251.27     
   11319  -250.95     
   11320  -251.91     
   11321  -251.59     
   11322  -252.56     
   11323  -252.24     
   11324  -253.21     
   11325  -252.88     
   11326  -253.85     
   11327  -253.53     
   11328  -254.50     
   11329  -254.17     
   11330  -255.14     
   11331  -254.82     
   11332  -255.79     
   11333  -255.46     
   11334  -256.43     
   11335  -256.11     
   11336  -257.08     
   11337  -256.76     
   11338  -257.72     
   11339  -257.40     
   11340  -258.37     
   11341  -258.05     
   11342  -259.02     
   11343  -258.69     
   11344  -259.66     
   11345  -259.34     
   11346  -260.31     
   11347  -259.98     
   11348  -260.95     
   11349  -260.63     
 
  ***** POST1 NODAL DEGREE OF FREEDOM LISTING *****                            
 
  LOAD STEP=     1  SUBSTEP=     1                                             
   TIME=    1.0000      LOAD CASE=   0                                         
 
    NODE       VOLT  
   11350  -261.60     
   11351  -261.28     
   11352  -262.24     
   11353  -261.92     
   11354  -262.89     
   11355  -262.57     
   11356  -263.53     
   11357  -263.21     
   11358  -264.18     
   11359  -263.86     
   11360  -264.83     
   11361  -264.50     
   11362  -265.47     
   11363  -265.15     
   11364  -266.12     
   11365  -265.79     
   11366  -266.76     
   11367  -266.44     
   11368  -267.41     
   11369  -267.09     
   11370  -268.05     
   11371  -267.73     
   11372  -268.70     
   11373  -268.38     
   11374  -269.35     
   11375  -269.02     
   11376  -269.99     
   11377  -269.67     
   11378  -270.64     
   11379  -270.31     
   11380  -271.28     
   11381  -270.96     
   11382  -271.93     
   11383  -271.61     
   11384  -272.57     
   11385  -272.25     
   11386  -273.22     
   11387  -272.90     
   11388  -273.86     
 
  ***** POST1 NODAL DEGREE OF FREEDOM LISTING *****                            
 
  LOAD STEP=     1  SUBSTEP=     1                                             
   TIME=    1.0000      LOAD CASE=   0                                         
 
    NODE       VOLT  
   11389  -273.54     
   11390  -274.51     
   11391  -274.19     
   11392  -275.16     
   11393  -274.83     
   11394  -275.80     
   11395  -275.48     
   11396  -276.45     
   11397  -276.12     
   11398  -277.09     
   11399  -276.77     
   11400  -277.74     
   11401  -277.42     
   11402  -278.38     
   11403  -278.06     
   11404  -279.03     
   11405  -278.71     
   11406  -279.68     
   11407  -279.35     
   11408  -280.32     
   11409  -280.00     
   11410  -280.97     
   11411  -280.64     
   11412  -281.61     
   11413  -281.29     
   11414  -282.26     
   11415  -281.94     
   11416  -282.90     
   11417  -282.58     
   11418  -283.55     
   11419  -283.23     
   11420  -284.19     
   11421  -283.87     
   11422  -284.84     
   11423  -284.52     
   11424  -285.49     
   11425  -285.16     
   11426  -286.13     
   11427  -285.81     
 
  ***** POST1 NODAL DEGREE OF FREEDOM LISTING *****                            
 
  LOAD STEP=     1  SUBSTEP=     1                                             
   TIME=    1.0000      LOAD CASE=   0                                         
 
    NODE       VOLT  
   11428  -286.78     
   11429  -286.45     
   11430  -287.42     
   11431  -287.10     
   11432  -288.07     
   11433  -287.75     
   11434  -288.71     
   11435  -288.39     
   11436  -289.36     
   11437  -289.04     
   11438  -290.01     
   11439  -289.68     
   11440  -290.65     
   11441  -290.33     
   11442  -291.30     
   11443  -290.97     
   11444  -291.94     
   11445  -291.62     
   11446  -292.59     
   11447  -292.26     
   11448  -293.23     
   11449  -292.91     
   11450  -293.88     
   11451  -293.56     
   11452  -294.52     
   11453  -294.20     
   11454  -295.17     
   11455  -294.85     
   11456  -295.82     
   11457  -295.49     
   11458  -296.46     
   11459  -296.14     
   11460  -297.11     
   11461  -296.78     
   11462  -297.75     
   11463  -297.43     
   11464  -298.40     
   11465  -298.08     
   11466  -299.04     
 
  ***** POST1 NODAL DEGREE OF FREEDOM LISTING *****                            
 
  LOAD STEP=     1  SUBSTEP=     1                                             
   TIME=    1.0000      LOAD CASE=   0                                         
 
    NODE       VOLT  
   11467  -298.72     
   11468  -299.69     
   11469  -299.37     
   11470  -300.34     
   11471  -300.01     
   11472  -300.98     
   11473  -300.66     
   11474  -301.30     
   11475  -301.63     
   11476  -301.95     
   11477  -302.27     
   11478  -302.59     
   11479  -303.24     
   11480  -302.92     
   11481  -304.21     
   11482  -304.53     
   11483  -304.85     
   11484  -305.18     
   11485  -305.50     
   11486  -305.82     
   11487  -306.15     
   11488  -306.47     
   11489  -307.11     
   11490  -306.79     
   11491  -308.08     
   11492  -308.41     
   11493  -308.73     
   11494  -309.05     
   11495  -309.37     
   11496  -309.70     
   11497  -310.02     
   11498  -310.34     
   11499  -310.99     
   11500  -310.67     
   11501  -311.96     
   11502  -311.63     
   11503  -312.60     
   11504  -312.28     
   11505  -312.92     
 
  ***** POST1 NODAL DEGREE OF FREEDOM LISTING *****                            
 
  LOAD STEP=     1  SUBSTEP=     1                                             
   TIME=    1.0000      LOAD CASE=   0                                         
 
    NODE       VOLT  
   11506  -313.25     
   11507  -313.57     
   11508  -313.89     
   11509  -206.40     
   11510  -205.95     
   11511  -205.62     
   11512  -205.30     
   11513  -204.98     
   11514  -204.65     
   11515  -204.33     
   11516  -204.01     
   11517  -203.69     
   11518  -203.36     
   11519  -203.04     
   11520  -202.72     
   11521  -202.39     
   11522  -202.07     
   11523  -201.75     
   11524  -201.43     
   11525  -201.10     
   11526  -200.78     
   11527  -200.46     
   11528  -200.14     
   11529  -199.81     
   11530  -199.49     
   11531  -199.17     
   11532  -198.85     
   11533   493.57     
   11534   471.00     
   11535   452.64     
   11536   434.28     
   11537   415.92     
   11538   397.55     
   11539   379.23     
   11540   360.88     
   11541   342.90     
   11542  -198.24     
   11543  -198.52     
   11544   324.96     
 
  ***** POST1 NODAL DEGREE OF FREEDOM LISTING *****                            
 
  LOAD STEP=     1  SUBSTEP=     1                                             
   TIME=    1.0000      LOAD CASE=   0                                         
 
    NODE       VOLT  
   11545   308.26     
   11546   910.04     
   11547   894.60     
   11548   860.79     
   11549   876.24     
   11550   292.80     
   11551  -314.22     
   11552   928.40     
   11553  -197.94     
   11554  -314.54     
   11555   278.29     
   11556   946.76     
   11557   265.70     
   11558  -197.51     
   11559  -197.71     
   11560   253.97     
   11561  -197.00     
   11562  -197.25     
   11563   231.66     
   11564   224.81     
   11565   220.11     
   11566   227.15     
   11567  -196.37     
   11568  -192.83     
   11569  -187.49     
   11570  -197.72     
   11571  -197.61     
   11572   212.78     
   11573   188.95     
   11574   200.12     
   11575  -128.47     
   11576  -199.12     
   11577  -192.98     
   11578  -196.65     
   11579  -200.40     
   11580  -200.89     
   11581   108.72     
   11582   29.420     
   11583   45.696     
 
  ***** POST1 NODAL DEGREE OF FREEDOM LISTING *****                            
 
  LOAD STEP=     1  SUBSTEP=     1                                             
   TIME=    1.0000      LOAD CASE=   0                                         
 
    NODE       VOLT  
   11584  -15.218     
   11585   10.821     
   11586  -4.8810     
   11587  -40.102     
   11588  -15.197     
   11589  -56.053     
   11590  -63.438     
   11591  -91.615     
   11592  -195.86     
   11593  -199.83     
   11594  -201.83     
   11595  -178.27     
   11596   201.05     
   11597   208.23     
   11598  -107.71     
   11599  -158.18     
   11600  -167.95     
   11601  -130.60     
   11602  -146.34     
   11603  -178.26     
   11604   193.89     
   11605   188.03     
   11606   70.632     
   11607   52.932     
   11608   162.89     
   11609   88.065     
   11610   133.07     
   11611   116.39     
   11612  -185.39     
   11613  -193.32     
   11614  -203.74     
   11615   209.85     
   11616   209.81     
   11617   102.11     
   11618  -108.69     
   11619   166.46     
   11620   147.02     
   11621  -152.44     
   11622  -168.63     
 
  ***** POST1 NODAL DEGREE OF FREEDOM LISTING *****                            
 
  LOAD STEP=     1  SUBSTEP=     1                                             
   TIME=    1.0000      LOAD CASE=   0                                         
 
    NODE       VOLT  
   11623   196.97     
   11624   80.030     
   11625   58.239     
   11626  -63.737     
   11627  -85.458     
   11628   160.21     
   11629  -160.19     
   11630  -196.54     
   11631  -176.42     
   11632  -192.17     
   11633   190.54     
   11634   176.19     
   11635  -204.72     
   11636  -205.22     
   11637  -207.22     
   11638   209.46     
   11639  -204.90     
   11640  -207.06     
   11641  -208.07     
   11642  -208.41     
   11643   116.04     
   11644  -117.88     
   11645   209.80     
   11646   209.65     
   11647   207.76     
   11648  -208.49     
   11649  -208.60     
   11650  -206.44     
   11651   206.46     
   11652   204.22     
   11653  -203.04     
   11654  -205.26     
   11655   148.36     
   11656   134.48     
   11657  -136.06     
   11658  -149.04     
   11659  -136.83     
   11660   134.29     
   11661  -201.53     
 
  ***** POST1 NODAL DEGREE OF FREEDOM LISTING *****                            
 
  LOAD STEP=     1  SUBSTEP=     1                                             
   TIME=    1.0000      LOAD CASE=   0                                         
 
    NODE       VOLT  
   11662   204.78     
   11663  -207.22     
   11664   209.57     
   11665  -206.74     
   11666  -203.22     
   11667   180.76     
   11668  -180.76     
   11669  -80.957     
   11670   70.807     
   11671  -162.93     
   11672   157.01     
   11673  -187.64     
   11674   103.64     
   11675   203.17     
   11676  -129.10     
   11677  -199.09     
   11678  -30.996     
   11679   21.121     
   11680  -195.08     
   11681   223.31     
   11682   959.88     
   11683  -314.77     
   11684   209.93     
   11685   212.25     
   11686   213.68     
   11687   891.68     
   11688   246.94     
   11689  -201.25     
   11690   170.10     
   11691   209.88     
   11692  -207.21     
   11693  -119.26     
   11694  -68.599     
   11695  -314.91     
   11696   967.75     
   11697  -208.76     
   11698   209.93     
   11699  -314.68     
   11700   954.63     
 
  ***** POST1 NODAL DEGREE OF FREEDOM LISTING *****                            
 
  LOAD STEP=     1  SUBSTEP=     1                                             
   TIME=    1.0000      LOAD CASE=   0                                         
 
    NODE       VOLT  
   11701  -94.194     
   11702   29.716     
   11703  -40.102     
   11704   209.97     
   11705   181.32     
   11706   201.56     
   11707   177.73     
   11708   197.78     
   11709  -181.41     
   11710  -177.68     
   11711  -201.41     
   11712  -197.74     
   11713  -314.68     
   11714  -314.91     
   11715  -314.91     
   11716   954.63     
   11717   967.75     
   11718   967.75     
   11719  -313.07     
   11720  -313.39     
   11721  -312.42     
   11722  -312.75     
   11723  -311.78     
   11724  -312.10     
   11725  -311.13     
   11726  -311.45     
   11727  -310.49     
   11728  -310.81     
   11729  -309.84     
   11730  -310.16     
   11731  -309.19     
   11732  -309.52     
   11733  -308.55     
   11734  -308.87     
   11735  -307.90     
   11736  -308.23     
   11737  -307.26     
   11738  -307.58     
   11739  -306.61     
 
  ***** POST1 NODAL DEGREE OF FREEDOM LISTING *****                            
 
  LOAD STEP=     1  SUBSTEP=     1                                             
   TIME=    1.0000      LOAD CASE=   0                                         
 
    NODE       VOLT  
   11740  -306.94     
   11741  -305.97     
   11742  -306.29     
   11743  -305.32     
   11744  -305.64     
   11745  -304.68     
   11746  -305.00     
   11747  -304.03     
   11748  -304.35     
   11749  -303.38     
   11750  -303.71     
   11751  -302.74     
   11752  -303.06     
   11753  -302.09     
   11754  -302.42     
   11755  -301.45     
   11756  -301.77     
   11757  -300.80     
   11758  -301.12     
   11759  -300.16     
   11760  -300.48     
   11761  -299.51     
   11762  -299.83     
   11763  -298.87     
   11764  -299.19     
   11765  -298.22     
   11766  -298.54     
   11767  -297.57     
   11768  -297.90     
   11769  -296.93     
   11770  -297.25     
   11771  -296.28     
   11772  -296.61     
   11773  -295.64     
   11774  -295.96     
   11775  -294.99     
   11776  -295.31     
   11777  -294.35     
   11778  -294.67     
 
  ***** POST1 NODAL DEGREE OF FREEDOM LISTING *****                            
 
  LOAD STEP=     1  SUBSTEP=     1                                             
   TIME=    1.0000      LOAD CASE=   0                                         
 
    NODE       VOLT  
   11779  -293.70     
   11780  -294.02     
   11781  -293.05     
   11782  -293.38     
   11783  -292.41     
   11784  -292.73     
   11785  -291.76     
   11786  -292.09     
   11787  -291.12     
   11788  -291.44     
   11789  -290.47     
   11790  -290.79     
   11791  -289.83     
   11792  -290.15     
   11793  -289.18     
   11794  -289.50     
   11795  -288.54     
   11796  -288.86     
   11797  -287.89     
   11798  -288.21     
   11799  -287.24     
   11800  -287.57     
   11801  -286.60     
   11802  -286.92     
   11803  -285.95     
   11804  -286.28     
   11805  -285.31     
   11806  -285.63     
   11807  -284.66     
   11808  -284.98     
   11809  -284.02     
   11810  -284.34     
   11811  -283.37     
   11812  -283.69     
   11813  -282.72     
   11814  -283.05     
   11815  -282.08     
   11816  -282.40     
   11817  -281.43     
 
  ***** POST1 NODAL DEGREE OF FREEDOM LISTING *****                            
 
  LOAD STEP=     1  SUBSTEP=     1                                             
   TIME=    1.0000      LOAD CASE=   0                                         
 
    NODE       VOLT  
   11818  -281.76     
   11819  -280.79     
   11820  -281.11     
   11821  -280.14     
   11822  -280.46     
   11823  -279.50     
   11824  -279.82     
   11825  -278.85     
   11826  -279.17     
   11827  -278.21     
   11828  -278.53     
   11829  -277.56     
   11830  -277.88     
   11831  -276.91     
   11832  -277.24     
   11833  -276.27     
   11834  -276.59     
   11835  -275.62     
   11836  -275.95     
   11837  -274.98     
   11838  -275.30     
   11839  -274.33     
   11840  -274.65     
   11841  -273.69     
   11842  -274.01     
   11843  -273.04     
   11844  -273.36     
   11845  -272.39     
   11846  -272.72     
   11847  -271.75     
   11848  -272.07     
   11849  -271.10     
   11850  -271.43     
   11851  -270.46     
   11852  -270.78     
   11853  -269.81     
   11854  -270.14     
   11855  -269.17     
   11856  -269.49     
 
  ***** POST1 NODAL DEGREE OF FREEDOM LISTING *****                            
 
  LOAD STEP=     1  SUBSTEP=     1                                             
   TIME=    1.0000      LOAD CASE=   0                                         
 
    NODE       VOLT  
   11857  -268.52     
   11858  -268.84     
   11859  -267.88     
   11860  -268.20     
   11861  -267.23     
   11862  -267.55     
   11863  -266.58     
   11864  -266.91     
   11865  -265.94     
   11866  -266.26     
   11867  -265.29     
   11868  -265.62     
   11869  -264.65     
   11870  -264.97     
   11871  -264.00     
   11872  -264.32     
   11873  -263.36     
   11874  -263.68     
   11875  -262.71     
   11876  -263.03     
   11877  -262.06     
   11878  -262.39     
   11879  -261.42     
   11880  -261.74     
   11881  -260.77     
   11882  -261.10     
   11883  -260.13     
   11884  -260.45     
   11885  -259.48     
   11886  -259.81     
   11887  -258.84     
   11888  -259.16     
   11889  -258.19     
   11890  -258.51     
   11891  -257.55     
   11892  -257.87     
   11893  -256.90     
   11894  -257.22     
   11895  -256.25     
 
  ***** POST1 NODAL DEGREE OF FREEDOM LISTING *****                            
 
  LOAD STEP=     1  SUBSTEP=     1                                             
   TIME=    1.0000      LOAD CASE=   0                                         
 
    NODE       VOLT  
   11896  -256.58     
   11897  -255.61     
   11898  -255.93     
   11899  -254.96     
   11900  -255.29     
   11901  -254.32     
   11902  -254.64     
   11903  -253.67     
   11904  -253.99     
   11905  -253.03     
   11906  -253.35     
   11907  -252.38     
   11908  -252.70     
   11909  -251.73     
   11910  -252.06     
   11911  -251.09     
   11912  -251.41     
   11913  -250.44     
   11914  -250.77     
   11915  -249.80     
   11916  -250.12     
   11917  -249.15     
   11918  -249.48     
   11919  -248.51     
   11920  -248.83     
   11921  -247.86     
   11922  -248.18     
   11923  -247.22     
   11924  -247.54     
   11925  -246.57     
   11926  -246.89     
   11927  -245.92     
   11928  -246.25     
   11929  -245.28     
   11930  -245.60     
   11931  -244.63     
   11932  -244.96     
   11933  -243.99     
   11934  -244.31     
 
  ***** POST1 NODAL DEGREE OF FREEDOM LISTING *****                            
 
  LOAD STEP=     1  SUBSTEP=     1                                             
   TIME=    1.0000      LOAD CASE=   0                                         
 
    NODE       VOLT  
   11935  -243.34     
   11936  -243.66     
   11937  -242.70     
   11938  -243.02     
   11939  -242.05     
   11940  -242.37     
   11941  -241.41     
   11942  -241.73     
   11943  -240.76     
   11944  -241.08     
   11945  -240.11     
   11946  -240.44     
   11947  -239.47     
   11948  -239.79     
   11949  -238.82     
   11950  -239.15     
   11951  -238.18     
   11952  -238.50     
   11953  -237.53     
   11954  -237.85     
   11955  -236.89     
   11956  -237.21     
   11957  -236.24     
   11958  -236.56     
   11959  -235.59     
   11960  -235.92     
   11961  -234.95     
   11962  -235.27     
   11963  -234.30     
   11964  -234.63     
   11965  -233.66     
   11966  -233.98     
   11967  -233.01     
   11968  -233.33     
   11969  -232.37     
   11970  -232.69     
   11971  -231.72     
   11972  -232.04     
   11973  -231.08     
 
  ***** POST1 NODAL DEGREE OF FREEDOM LISTING *****                            
 
  LOAD STEP=     1  SUBSTEP=     1                                             
   TIME=    1.0000      LOAD CASE=   0                                         
 
    NODE       VOLT  
   11974  -231.40     
   11975  -230.43     
   11976  -230.75     
   11977  -229.78     
   11978  -230.11     
   11979  -229.14     
   11980  -229.46     
   11981  -228.49     
   11982  -228.82     
   11983  -227.85     
   11984  -228.17     
   11985  -227.20     
   11986  -227.52     
   11987  -226.56     
   11988  -226.88     
   11989  -225.91     
   11990  -226.23     
   11991  -225.26     
   11992  -225.59     
   11993  -224.62     
   11994  -224.94     
   11995  -223.97     
   11996  -224.30     
   11997  -223.33     
   11998  -223.65     
   11999  -222.68     
   12000  -223.00     
   12001  -222.04     
   12002  -222.36     
   12003  -221.39     
   12004  -221.71     
   12005  -220.75     
   12006  -221.07     
   12007  -220.10     
   12008  -220.42     
   12009  -219.45     
   12010  -219.78     
   12011  -218.81     
   12012  -219.13     
 
  ***** POST1 NODAL DEGREE OF FREEDOM LISTING *****                            
 
  LOAD STEP=     1  SUBSTEP=     1                                             
   TIME=    1.0000      LOAD CASE=   0                                         
 
    NODE       VOLT  
   12013  -218.16     
   12014  -218.49     
   12015  -217.52     
   12016  -217.84     
   12017  -216.87     
   12018  -217.19     
   12019  -216.23     
   12020  -216.55     
   12021  -215.58     
   12022  -215.90     
   12023  -214.93     
   12024  -215.26     
   12025  -214.29     
   12026  -214.61     
   12027  -213.64     
   12028  -213.97     
   12029  -213.00     
   12030  -213.32     
   12031  -212.35     
   12032  -212.67     
   12033  -211.71     
   12034  -212.03     
   12035  -211.06     
   12036  -211.38     
   12037  -210.42     
   12038  -210.74     
   12039  -209.77     
   12040  -210.09     
   12041  -209.12     
   12042  -209.45     
   12043  -208.48     
   12044  -208.80     
   12045  -207.83     
   12046  -208.16     
   12047  -207.19     
   12048  -207.51     
   12049  -206.54     
   12050  -206.86     
   12051  -205.77     
 
  ***** POST1 NODAL DEGREE OF FREEDOM LISTING *****                            
 
  LOAD STEP=     1  SUBSTEP=     1                                             
   TIME=    1.0000      LOAD CASE=   0                                         
 
    NODE       VOLT  
   12052  -206.09     
   12053  -205.12     
   12054  -205.44     
   12055  -204.48     
   12056  -204.80     
   12057  -203.83     
   12058  -204.15     
   12059  -203.18     
   12060  -203.51     
   12061  -202.54     
   12062  -202.86     
   12063  -201.89     
   12064  -202.22     
   12065  -201.25     
   12066  -201.57     
   12067  -200.60     
   12068  -200.92     
   12069  -199.96     
   12070  -200.28     
   12071  -199.31     
   12072  -199.63     
   12073  -198.99     
   12074   465.16     
   12075   487.73     
   12076   910.04     
   12077   355.01     
   12078   373.35     
   12079   391.71     
   12080   410.08     
   12081   428.44     
   12082   446.80     
   12083   506.09     
   12084   524.45     
   12085   542.81     
   12086   561.17     
   12087   579.53     
   12088   597.90     
   12089   616.26     
   12090   634.62     
 
  ***** POST1 NODAL DEGREE OF FREEDOM LISTING *****                            
 
  LOAD STEP=     1  SUBSTEP=     1                                             
   TIME=    1.0000      LOAD CASE=   0                                         
 
    NODE       VOLT  
   12091   652.98     
   12092   671.34     
   12093   689.70     
   12094   708.06     
   12095   726.43     
   12096   744.79     
   12097   763.15     
   12098   781.51     
   12099   799.87     
   12100   818.23     
   12101   836.59     
   12102   854.96     
   12103   873.32     
   12104   928.40     
   12105   946.76     
   12106   318.71     
   12107   336.64     
   12108  -198.68     
   12109  -198.39     
   12110   300.83     
   12111  -314.29     
   12112  -314.54     
   12113  -313.71     
   12114  -313.97     
   12115  -198.11     
   12116   272.79     
   12117   285.38     
   12118  -197.89     
   12119   244.09     
   12120   231.42     
   12121  -197.67     
   12122  -197.53     
   12123   256.05     
   12124   217.99     
   12125  -197.37     
   12126  -197.35     
   12127   230.53     
   12128   237.32     
   12129   223.18     
 
  ***** POST1 NODAL DEGREE OF FREEDOM LISTING *****                            
 
  LOAD STEP=     1  SUBSTEP=     1                                             
   TIME=    1.0000      LOAD CASE=   0                                         
 
    NODE       VOLT  
   12130   224.26     
   12131  -197.12     
   12132  -195.98     
   12133   206.73     
   12134  -198.66     
   12135  -194.70     
   12136  -198.24     
   12137   220.04     
   12138  -187.09     
   12139  -191.52     
   12140   155.48     
   12141   121.61     
   12142  -199.06     
   12143  -200.16     
   12144   213.50     
   12145   215.96     
   12146  -170.22     
   12147   200.74     
   12148  -192.63     
   12149   212.25     
   12150   212.09     
   12151   212.07     
   12152  -201.83     
   12153  -202.27     
   12154  -201.86     
   12155  -158.66     
   12156   66.338     
   12157   98.622     
   12158  -8.6529     
   12159   18.621     
   12160   54.669     
   12161  -50.770     
   12162  -9.9211     
   12163   9.1613     
   12164  -65.031     
   12165  -19.050     
   12166   210.50     
   12167   210.52     
   12168   210.03     
 
  ***** POST1 NODAL DEGREE OF FREEDOM LISTING *****                            
 
  LOAD STEP=     1  SUBSTEP=     1                                             
   TIME=    1.0000      LOAD CASE=   0                                         
 
    NODE       VOLT  
   12169  -205.57     
   12170  -205.77     
   12171  -204.16     
   12172   205.69     
   12173   209.02     
   12174  -198.84     
   12175  -196.70     
   12176   191.69     
   12177   207.38     
   12178  -202.01     
   12179  -202.32     
   12180  -204.25     
   12181   211.00     
   12182  -135.04     
   12183  -116.51     
   12184  -79.833     
   12185   210.26     
   12186   116.78     
   12187  -118.91     
   12188   135.97     
   12189   159.47     
   12190  -158.36     
   12191  -136.33     
   12192  -206.15     
   12193   193.51     
   12194  -191.47     
   12195  -205.55     
   12196   209.97     
   12197   113.39     
   12198   210.09     
   12199   209.90     
   12200  -114.59     
   12201   163.06     
   12202   69.069     
   12203   91.262     
   12204  -92.423     
   12205  -69.841     
   12206   174.88     
   12207   186.85     
 
  ***** POST1 NODAL DEGREE OF FREEDOM LISTING *****                            
 
  LOAD STEP=     1  SUBSTEP=     1                                             
   TIME=    1.0000      LOAD CASE=   0                                         
 
    NODE       VOLT  
   12208  -162.46     
   12209  -186.16     
   12210  -175.06     
   12211   210.15     
   12212   210.09     
   12213   210.16     
   12214   210.20     
   12215   210.19     
   12216   210.19     
   12217   210.04     
   12218   210.14     
   12219   208.83     
   12220   209.34     
   12221   207.54     
   12222  -207.32     
   12223  -207.37     
   12224  -207.99     
   12225  -208.02     
   12226  -208.03     
   12227  -207.58     
   12228  -207.51     
   12229  -207.39     
   12230  -206.10     
   12231  -205.51     
   12232  -205.54     
   12233  -207.36     
   12234  -208.80     
   12235   209.95     
   12236   209.94     
   12237  -208.78     
   12238  -208.80     
   12239   117.43     
   12240  -117.48     
   12241   204.79     
   12242   206.13     
   12243  -203.92     
   12244  -201.68     
   12245   135.99     
   12246   149.40     
 
  ***** POST1 NODAL DEGREE OF FREEDOM LISTING *****                            
 
  LOAD STEP=     1  SUBSTEP=     1                                             
   TIME=    1.0000      LOAD CASE=   0                                         
 
    NODE       VOLT  
   12247  -149.43     
   12248  -136.01     
   12249  -136.72     
   12250   136.60     
   12251  -199.82     
   12252   203.44     
   12253  -207.60     
   12254   209.92     
   12255  -202.82     
   12256  -205.14     
   12257  -206.17     
   12258  -204.91     
   12259   209.34     
   12260   210.35     
   12261   210.49     
   12262   210.46     
   12263  -177.30     
   12264   179.81     
   12265  -93.250     
   12266   91.295     
   12267  -138.65     
   12268   137.68     
   12269  -96.306     
   12270  -196.52     
   12271   210.27     
   12272  -37.771     
   12273   18.036     
   12274  -199.59     
   12275   215.00     
   12276   235.02     
   12277   962.50     
   12278  -314.82     
   12279  -190.51     
   12280   190.85     
   12281   212.28     
   12282  -314.66     
   12283  -201.52     
   12284  -202.23     
   12285   928.40     
 
  ***** POST1 NODAL DEGREE OF FREEDOM LISTING *****                            
 
  LOAD STEP=     1  SUBSTEP=     1                                             
   TIME=    1.0000      LOAD CASE=   0                                         
 
    NODE       VOLT  
   12286  -196.60     
   12287  -197.27     
   12288   219.61     
   12289   209.86     
   12290  -207.58     
   12291   187.41     
   12292   170.17     
   12293  -208.74     
   12294   209.93     
   12295   111.74     
   12296   953.48     
   12297  -303.89     
   12298  -307.76     
   12299  -28.848     
   12300   180.96     
   12301   201.64     
   12302   178.22     
   12303   197.94     
   12304  -180.99     
   12305  -178.43     
   12306  -201.49     
   12307  -198.11     
   12308  -314.80     
   12309  -314.91     
   12310  -314.68     
   12311  -314.91     
   12312  -314.66     
   12313  -314.89     
   12314  -314.89     
   12315   961.72     
   12316   966.60     
   12317   953.48     
   12318   966.60     
   12319   955.00     
   12320   968.12     
   12321   968.12     
   12322  -303.56     
   12323  -307.44     
   12324  -311.31     
 
  ***** POST1 NODAL DEGREE OF FREEDOM LISTING *****                            
 
  LOAD STEP=     1  SUBSTEP=     1                                             
   TIME=    1.0000      LOAD CASE=   0                                         
 
    NODE       VOLT  
   12325   842.43     
   12326   824.07     
   12327   805.71     
   12328   787.35     
   12329   768.99     
   12330   750.63     
   12331   732.26     
   12332   713.90     
   12333   692.57     
   12334   674.21     
   12335   655.85     
   12336   637.49     
   12337   619.13     
   12338   600.77     
   12339   582.41     
   12340   564.04     
   12341   545.68     
   12342   527.32     
   12343   508.96     
   12344   490.60     
   12345   472.24     
   12346   453.88     
   12347   435.51     
   12348   417.15     
   12349  -199.52     
   12350  -199.84     
   12351  -200.17     
   12352  -200.49     
   12353  -200.81     
   12354  -201.13     
   12355  -201.46     
   12356  -201.78     
   12357  -202.10     
   12358  -202.43     
   12359  -202.75     
   12360  -203.07     
   12361  -203.39     
   12362  -203.82     
   12363  -204.14     
 
  ***** POST1 NODAL DEGREE OF FREEDOM LISTING *****                            
 
  LOAD STEP=     1  SUBSTEP=     1                                             
   TIME=    1.0000      LOAD CASE=   0                                         
 
    NODE       VOLT  
   12364  -204.46     
   12365  -204.78     
   12366  -205.11     
   12367  -205.43     
   12368  -205.75     
   12369  -206.07     
   12370  -206.40     
   12371  -206.72     
   12372  -207.04     
   12373  -207.37     
   12374  -207.69     
   12375  -208.01     
   12376  -208.33     
   12377  -208.66     
   12378  -208.98     
   12379  -209.30     
   12380  -209.63     
   12381  -209.95     
   12382  -210.27     
   12383  -210.59     
   12384  -210.92     
   12385  -211.24     
   12386  -211.56     
   12387  -211.89     
   12388  -212.21     
   12389  -212.53     
   12390  -212.85     
   12391  -213.18     
   12392  -213.50     
   12393  -213.82     
   12394  -214.15     
   12395  -214.47     
   12396  -214.79     
   12397  -215.11     
   12398  -215.44     
   12399  -215.76     
   12400  -216.08     
   12401  -216.40     
   12402  -216.73     
 
  ***** POST1 NODAL DEGREE OF FREEDOM LISTING *****                            
 
  LOAD STEP=     1  SUBSTEP=     1                                             
   TIME=    1.0000      LOAD CASE=   0                                         
 
    NODE       VOLT  
   12403  -217.05     
   12404  -217.37     
   12405  -217.70     
   12406  -218.02     
   12407  -218.34     
   12408  -218.66     
   12409  -218.99     
   12410  -219.31     
   12411  -219.63     
   12412  -219.96     
   12413  -220.28     
   12414  -220.60     
   12415  -220.92     
   12416  -221.25     
   12417  -221.57     
   12418  -221.89     
   12419  -222.22     
   12420  -222.54     
   12421  -222.86     
   12422  -223.18     
   12423  -223.51     
   12424  -223.83     
   12425  -224.15     
   12426  -224.48     
   12427  -224.80     
   12428  -225.12     
   12429  -225.44     
   12430  -225.77     
   12431  -226.09     
   12432  -226.41     
   12433  -226.73     
   12434  -227.06     
   12435  -227.38     
   12436  -227.70     
   12437  -228.03     
   12438  -228.35     
   12439  -228.67     
   12440  -228.99     
   12441  -229.32     
 
  ***** POST1 NODAL DEGREE OF FREEDOM LISTING *****                            
 
  LOAD STEP=     1  SUBSTEP=     1                                             
   TIME=    1.0000      LOAD CASE=   0                                         
 
    NODE       VOLT  
   12442  -229.64     
   12443  -229.96     
   12444  -230.29     
   12445  -230.61     
   12446  -230.93     
   12447  -231.25     
   12448  -231.58     
   12449  -231.90     
   12450  -232.22     
   12451  -232.55     
   12452  -232.87     
   12453  -233.19     
   12454  -233.51     
   12455  -233.84     
   12456  -234.16     
   12457  -234.48     
   12458  -234.80     
   12459  -235.13     
   12460  -235.45     
   12461  -235.77     
   12462  -236.10     
   12463  -236.42     
   12464  -236.74     
   12465  -237.06     
   12466  -237.39     
   12467  -237.71     
   12468  -238.03     
   12469  -238.36     
   12470  -238.68     
   12471  -239.00     
   12472  -239.32     
   12473  -239.65     
   12474  -239.97     
   12475  -240.29     
   12476  -240.62     
   12477  -240.94     
   12478  -241.26     
   12479  -241.58     
   12480  -241.91     
 
  ***** POST1 NODAL DEGREE OF FREEDOM LISTING *****                            
 
  LOAD STEP=     1  SUBSTEP=     1                                             
   TIME=    1.0000      LOAD CASE=   0                                         
 
    NODE       VOLT  
   12481  -242.23     
   12482  -242.55     
   12483  -242.88     
   12484  -243.20     
   12485  -243.52     
   12486  -243.84     
   12487  -244.17     
   12488  -244.49     
   12489  -244.81     
   12490  -245.13     
   12491  -245.46     
   12492  -245.78     
   12493  -246.10     
   12494  -246.43     
   12495  -246.75     
   12496  -247.07     
   12497  -247.39     
   12498  -247.72     
   12499  -248.04     
   12500  -248.36     
   12501  -248.69     
   12502  -249.01     
   12503  -249.33     
   12504  -249.65     
   12505  -249.98     
   12506  -250.30     
   12507  -250.62     
   12508  -250.95     
   12509  -251.27     
   12510  -251.59     
   12511  -251.91     
   12512  -252.24     
   12513  -252.56     
   12514  -252.88     
   12515  -253.21     
   12516  -253.53     
   12517  -253.85     
   12518  -254.17     
   12519  -254.50     
 
  ***** POST1 NODAL DEGREE OF FREEDOM LISTING *****                            
 
  LOAD STEP=     1  SUBSTEP=     1                                             
   TIME=    1.0000      LOAD CASE=   0                                         
 
    NODE       VOLT  
   12520  -254.82     
   12521  -255.14     
   12522  -255.46     
   12523  -255.79     
   12524  -256.11     
   12525  -256.43     
   12526  -256.76     
   12527  -257.08     
   12528  -257.40     
   12529  -257.72     
   12530  -258.05     
   12531  -258.37     
   12532  -258.69     
   12533  -259.02     
   12534  -259.34     
   12535  -259.66     
   12536  -259.98     
   12537  -260.31     
   12538  -260.63     
   12539  -260.95     
   12540  -261.28     
   12541  -261.60     
   12542  -261.92     
   12543  -262.24     
   12544  -262.57     
   12545  -262.89     
   12546  -263.21     
   12547  -263.53     
   12548  -263.86     
   12549  -264.18     
   12550  -264.50     
   12551  -264.83     
   12552  -265.15     
   12553  -265.47     
   12554  -265.79     
   12555  -266.12     
   12556  -266.44     
   12557  -266.76     
   12558  -267.09     
 
  ***** POST1 NODAL DEGREE OF FREEDOM LISTING *****                            
 
  LOAD STEP=     1  SUBSTEP=     1                                             
   TIME=    1.0000      LOAD CASE=   0                                         
 
    NODE       VOLT  
   12559  -267.41     
   12560  -267.73     
   12561  -268.05     
   12562  -268.38     
   12563  -268.70     
   12564  -269.02     
   12565  -269.35     
   12566  -269.67     
   12567  -269.99     
   12568  -270.31     
   12569  -270.64     
   12570  -270.96     
   12571  -271.28     
   12572  -271.61     
   12573  -271.93     
   12574  -272.25     
   12575  -272.57     
   12576  -272.90     
   12577  -273.22     
   12578  -273.54     
   12579  -273.86     
   12580  -274.19     
   12581  -274.51     
   12582  -274.83     
   12583  -275.16     
   12584  -275.48     
   12585  -275.80     
   12586  -276.12     
   12587  -276.45     
   12588  -276.77     
   12589  -277.09     
   12590  -277.42     
   12591  -277.74     
   12592  -278.06     
   12593  -278.38     
   12594  -278.71     
   12595  -279.03     
   12596  -279.35     
   12597  -279.68     
 
  ***** POST1 NODAL DEGREE OF FREEDOM LISTING *****                            
 
  LOAD STEP=     1  SUBSTEP=     1                                             
   TIME=    1.0000      LOAD CASE=   0                                         
 
    NODE       VOLT  
   12598  -280.00     
   12599  -280.32     
   12600  -280.64     
   12601  -280.97     
   12602  -281.29     
   12603  -281.61     
   12604  -281.94     
   12605  -282.26     
   12606  -282.58     
   12607  -282.90     
   12608  -283.23     
   12609  -283.55     
   12610  -283.87     
   12611  -284.19     
   12612  -284.52     
   12613  -284.84     
   12614  -285.16     
   12615  -285.49     
   12616  -285.81     
   12617  -286.13     
   12618  -286.45     
   12619  -286.78     
   12620  -287.10     
   12621  -287.42     
   12622  -287.75     
   12623  -288.07     
   12624  -288.39     
   12625  -288.71     
   12626  -289.04     
   12627  -289.36     
   12628  -289.68     
   12629  -290.01     
   12630  -290.33     
   12631  -290.65     
   12632  -290.97     
   12633  -291.30     
   12634  -291.62     
   12635  -291.94     
   12636  -292.26     
 
  ***** POST1 NODAL DEGREE OF FREEDOM LISTING *****                            
 
  LOAD STEP=     1  SUBSTEP=     1                                             
   TIME=    1.0000      LOAD CASE=   0                                         
 
    NODE       VOLT  
   12637  -292.59     
   12638  -292.91     
   12639  -293.23     
   12640  -293.56     
   12641  -293.88     
   12642  -294.20     
   12643  -294.52     
   12644  -294.85     
   12645  -295.17     
   12646  -295.49     
   12647  -295.82     
   12648  -296.14     
   12649  -296.46     
   12650  -296.78     
   12651  -297.11     
   12652  -297.43     
   12653  -297.75     
   12654  -298.08     
   12655  -298.40     
   12656  -298.72     
   12657  -299.04     
   12658  -299.37     
   12659  -299.69     
   12660  -300.01     
   12661  -300.34     
   12662  -300.66     
   12663  -300.98     
   12664  -301.30     
   12665  -301.63     
   12666  -301.95     
   12667  -302.27     
   12668  -302.59     
   12669  -302.92     
   12670  -303.24     
   12671  -304.21     
   12672  -304.53     
   12673  -304.85     
   12674  -305.18     
   12675  -305.50     
 
  ***** POST1 NODAL DEGREE OF FREEDOM LISTING *****                            
 
  LOAD STEP=     1  SUBSTEP=     1                                             
   TIME=    1.0000      LOAD CASE=   0                                         
 
    NODE       VOLT  
   12676  -305.82     
   12677  -306.15     
   12678  -306.47     
   12679  -306.79     
   12680  -307.11     
   12681  -308.08     
   12682  -308.41     
   12683  -308.73     
   12684  -309.05     
   12685  -309.37     
   12686  -309.70     
   12687  -310.02     
   12688  -310.34     
   12689  -310.67     
   12690  -310.99     
   12691  -311.63     
   12692  -311.96     
   12693  -312.28     
   12694  -312.60     
   12695  -312.92     
   12696  -313.25     
   12697  -313.57     
   12698  -313.89     
   12699  -314.22     
   12700   946.76     
   12701  -314.54     
   12702  -198.55     
   12703  -199.20     
   12704  -198.88     
   12705   398.79     
   12706   380.46     
   12707   362.11     
   12708   344.13     
   12709   325.97     
   12710   309.27     
   12711  -198.25     
   12712   910.04     
   12713   894.60     
   12714   876.24     
 
  ***** POST1 NODAL DEGREE OF FREEDOM LISTING *****                            
 
  LOAD STEP=     1  SUBSTEP=     1                                             
   TIME=    1.0000      LOAD CASE=   0                                         
 
    NODE       VOLT  
   12715   860.79     
   12716   293.13     
   12717  -197.95     
   12718  -197.71     
   12719   278.62     
   12720  -197.45     
   12721   265.70     
   12722  -197.09     
   12723  -197.77     
   12724  -197.50     
   12725   253.98     
   12726   244.34     
   12727  -197.37     
   12728  -197.53     
   12729   229.06     
   12730   235.84     
   12731   213.60     
   12732   222.29     
   12733  -186.98     
   12734  -192.45     
   12735  -199.17     
   12736  -198.11     
   12737   220.14     
   12738   211.57     
   12739   203.34     
   12740  -135.76     
   12741  -198.94     
   12742  -200.20     
   12743   213.36     
   12744   216.00     
   12745  -110.25     
   12746  -171.24     
   12747  -162.70     
   12748   199.42     
   12749  -191.53     
   12750   212.19     
   12751   212.06     
   12752   209.60     
   12753  -202.04     
 
  ***** POST1 NODAL DEGREE OF FREEDOM LISTING *****                            
 
  LOAD STEP=     1  SUBSTEP=     1                                             
   TIME=    1.0000      LOAD CASE=   0                                         
 
    NODE       VOLT  
   12754  -202.14     
   12755   152.55     
   12756   210.61     
   12757   210.58     
   12758   209.60     
   12759  -205.60     
   12760  -205.81     
   12761  -204.54     
   12762   204.47     
   12763   207.02     
   12764  -198.58     
   12765  -195.91     
   12766  -68.077     
   12767  -33.639     
   12768   121.52     
   12769   99.741     
   12770   60.588     
   12771   205.91     
   12772  -202.00     
   12773  -202.60     
   12774  -204.49     
   12775   210.22     
   12776   210.89     
   12777  -120.90     
   12778   108.29     
   12779  -160.09     
   12780  -140.18     
   12781   131.16     
   12782   156.24     
   12783  -53.714     
   12784   10.703     
   12785   38.262     
   12786  -8.6658     
   12787   10.968     
   12788   193.06     
   12789  -191.51     
   12790  -111.55     
   12791  -205.53     
   12792   209.94     
 
  ***** POST1 NODAL DEGREE OF FREEDOM LISTING *****                            
 
  LOAD STEP=     1  SUBSTEP=     1                                             
   TIME=    1.0000      LOAD CASE=   0                                         
 
    NODE       VOLT  
   12793   62.559     
   12794   85.660     
   12795   63.901     
   12796   111.88     
   12797  -162.63     
   12798   67.041     
   12799   90.005     
   12800   19.770     
   12801   40.728     
   12802  -89.794     
   12803  -68.207     
   12804   162.60     
   12805   175.14     
   12806   185.62     
   12807  -185.30     
   12808  -175.02     
   12809   210.05     
   12810   209.88     
   12811   209.94     
   12812   209.93     
   12813   210.19     
   12814   210.25     
   12815   210.24     
   12816   210.20     
   12817   210.02     
   12818   210.13     
   12819   208.50     
   12820   209.13     
   12821   207.62     
   12822  -207.34     
   12823  -206.37     
   12824  -208.75     
   12825  -208.76     
   12826  -207.69     
   12827  -207.76     
   12828  -207.77     
   12829  -207.90     
   12830  -207.84     
   12831  -207.74     
 
  ***** POST1 NODAL DEGREE OF FREEDOM LISTING *****                            
 
  LOAD STEP=     1  SUBSTEP=     1                                             
   TIME=    1.0000      LOAD CASE=   0                                         
 
    NODE       VOLT  
   12832  -206.14     
   12833  -205.55     
   12834  -205.62     
   12835   210.04     
   12836   210.15     
   12837   210.10     
   12838  -207.53     
   12839  -207.60     
   12840  -207.65     
   12841   116.48     
   12842  -117.69     
   12843   135.12     
   12844   148.92     
   12845  -150.05     
   12846  -136.53     
   12847   203.50     
   12848   205.99     
   12849  -203.98     
   12850  -201.38     
   12851  -199.76     
   12852   202.81     
   12853  -137.33     
   12854   135.07     
   12855  -205.46     
   12856   210.45     
   12857  -202.82     
   12858  -205.78     
   12859  -205.68     
   12860  -207.53     
   12861   207.87     
   12862   210.34     
   12863   210.66     
   12864   209.87     
   12865  -177.75     
   12866   179.25     
   12867  -89.343     
   12868   39.569     
   12869   88.889     
   12870   83.842     
 
  ***** POST1 NODAL DEGREE OF FREEDOM LISTING *****                            
 
  LOAD STEP=     1  SUBSTEP=     1                                             
   TIME=    1.0000      LOAD CASE=   0                                         
 
    NODE       VOLT  
   12871  -17.240     
   12872   130.49     
   12873  -144.44     
   12874  -195.42     
   12875   209.00     
   12876  -199.86     
   12877   214.90     
   12878  -197.26     
   12879   963.24     
   12880   960.21     
   12881  -314.78     
   12882  -314.83     
   12883  -190.91     
   12884   191.02     
   12885  -175.52     
   12886  -157.25     
   12887  -201.90     
   12888  -99.634     
   12889  -102.94     
   12890  -119.76     
   12891  -200.28     
   12892  -204.37     
   12893   207.12     
   12894  -206.11     
   12895  -193.49     
   12896  -197.83     
   12897   208.78     
   12898   209.44     
   12899   209.75     
   12900   197.91     
   12901   200.07     
   12902  -199.39     
   12903  -196.57     
   12904  -203.12     
   12905  -203.91     
   12906  -193.58     
   12907  -202.31     
   12908  -206.33     
   12909   19.543     
 
  ***** POST1 NODAL DEGREE OF FREEDOM LISTING *****                            
 
  LOAD STEP=     1  SUBSTEP=     1                                             
   TIME=    1.0000      LOAD CASE=   0                                         
 
    NODE       VOLT  
   12910   67.061     
   12911   47.307     
   12912   28.397     
   12913   60.842     
   12914   88.593     
   12915   134.98     
   12916   78.390     
   12917   117.98     
   12918   202.77     
   12919   207.62     
   12920   182.51     
   12921   199.79     
   12922   203.46     
   12923   206.45     
   12924  -154.39     
   12925  -148.48     
   12926  -133.27     
   12927  -177.30     
   12928  -192.56     
   12929  -192.32     
   12930  -184.49     
   12931  -144.18     
   12932  -125.32     
   12933  -147.94     
   12934  -165.84     
   12935  -198.76     
   12936  -196.15     
   12937  -199.51     
   12938  -196.79     
   12939  -206.48     
   12940  -206.74     
   12941  -206.44     
   12942   214.22     
   12943   210.17     
   12944   211.21     
   12945   222.06     
   12946   210.78     
   12947  -33.643     
   12948  -48.917     
 
  ***** POST1 NODAL DEGREE OF FREEDOM LISTING *****                            
 
  LOAD STEP=     1  SUBSTEP=     1                                             
   TIME=    1.0000      LOAD CASE=   0                                         
 
    NODE       VOLT  
   12949  -15.720     
   12950  -207.78     
   12951  -205.45     
   12952  -203.03     
   12953  -207.24     
   12954  -202.81     
   12955  -206.62     
   12956  -123.32     
   12957   140.51     
   12958   139.23     
   12959   164.05     
   12960   87.154     
   12961   84.161     
   12962   60.174     
   12963   139.97     
   12964   108.20     
   12965   184.48     
   12966   199.31     
   12967   203.24     
   12968   207.70     
   12969   209.26     
   12970   209.51     
   12971   175.02     
   12972   195.82     
   12973  -206.35     
   12974  -203.75     
   12975  -164.89     
   12976  -167.66     
   12977  -188.52     
   12978  -121.95     
   12979  -57.044     
   12980  -79.803     
   12981  -56.081     
   12982  -16.143     
   12983  -205.22     
   12984  -200.60     
   12985  -199.71     
   12986   150.17     
   12987   141.33     
 
  ***** POST1 NODAL DEGREE OF FREEDOM LISTING *****                            
 
  LOAD STEP=     1  SUBSTEP=     1                                             
   TIME=    1.0000      LOAD CASE=   0                                         
 
    NODE       VOLT  
   12988   138.91     
   12989  -204.73     
   12990  -152.22     
   12991  -64.438     
   12992  -201.02     
   12993  -204.56     
   12994  -205.88     
   12995  -202.75     
   12996  -204.99     
   12997  -204.12     
   12998  -206.92     
   12999  -206.69     
   13000  -206.78     
   13001   136.92     
   13002   139.71     
   13003  -108.09     
   13004  -180.27     
   13005  -178.22     
   13006   209.07     
   13007   209.01     
   13008   211.84     
   13009   209.31     
   13010   210.03     
   13011   210.94     
   13012   147.57     
   13013   206.84     
   13014   196.91     
   13015   201.27     
   13016  -180.03     
   13017   208.70     
   13018   209.94     
   13019   176.88     
   13020   209.33     
   13021   207.91     
   13022   209.20     
   13023   209.80     
   13024   208.59     
   13025   181.17     
   13026  -207.35     
 
  ***** POST1 NODAL DEGREE OF FREEDOM LISTING *****                            
 
  LOAD STEP=     1  SUBSTEP=     1                                             
   TIME=    1.0000      LOAD CASE=   0                                         
 
    NODE       VOLT  
   13027   205.05     
   13028   210.04     
   13029   210.02     
   13030   194.06     
   13031   205.73     
   13032   195.03     
   13033   209.89     
   13034   202.66     
   13035   207.80     
   13036  -205.34     
   13037  -200.19     
   13038  -248.79     
   13039  -173.80     
   13040  -166.58     
   13041  -168.35     
   13042  -187.60     
   13043  -191.94     
   13044  -187.35     
   13045  -205.05     
   13046  -180.08     
   13047  -185.58     
   13048  -100.88     
   13049  -96.128     
   13050  -94.706     
   13051  -108.01     
   13052  -110.83     
   13053  -105.80     
   13054  -200.59     
   13055  -205.37     
   13056  -205.90     
   13057  -203.17     
   13058  -203.13     
   13059  -206.21     
   13060   205.33     
   13061   205.44     
   13062   207.49     
   13063   208.23     
   13064   206.87     
   13065  -199.67     
 
  ***** POST1 NODAL DEGREE OF FREEDOM LISTING *****                            
 
  LOAD STEP=     1  SUBSTEP=     1                                             
   TIME=    1.0000      LOAD CASE=   0                                         
 
    NODE       VOLT  
   13066  -197.61     
   13067  -205.32     
   13068  -203.73     
   13069  -194.32     
   13070  -201.77     
   13071   207.57     
   13072   208.60     
   13073   208.92     
   13074   208.92     
   13075   209.09     
   13076   209.61     
   13077   208.86     
   13078   209.53     
   13079   207.97     
   13080   208.96     
   13081   209.57     
   13082   209.00     
   13083   208.10     
   13084   204.12     
   13085   204.81     
   13086   207.68     
   13087   203.95     
   13088   209.64     
   13089   209.31     
   13090   208.84     
   13091   201.00     
   13092   203.05     
   13093   198.22     
   13094   200.50     
   13095  -197.20     
   13096  -198.04     
   13097  -200.01     
   13098  -200.37     
   13099  -198.49     
   13100  -201.27     
   13101  -204.31     
   13102  -201.78     
   13103  -203.59     
   13104  -205.08     
 
  ***** POST1 NODAL DEGREE OF FREEDOM LISTING *****                            
 
  LOAD STEP=     1  SUBSTEP=     1                                             
   TIME=    1.0000      LOAD CASE=   0                                         
 
    NODE       VOLT  
   13105  -204.12     
   13106  -202.12     
   13107  -191.74     
   13108  -189.81     
   13109  -201.39     
   13110  -185.20     
   13111  -195.16     
   13112  -191.42     
   13113  -195.50     
   13114  -199.75     
   13115  -199.90     
   13116  -196.62     
   13117  -203.58     
   13118  -202.88     
   13119  -198.38     
   13120  -202.31     
   13121  -201.08     
   13122  -202.14     
   13123  -205.11     
   13124  -197.47     
   13125  -201.77     
   13126   43.908     
   13127   57.542     
   13128   33.244     
   13129   24.127     
   13130   47.705     
   13131   37.595     
   13132  -244.96     
   13133   39.639     
   13134   49.740     
   13135   29.543     
   13136   21.316     
   13137   42.150     
   13138   31.925     
   13139   53.317     
   13140   33.755     
   13141   77.065     
   13142   87.672     
   13143   76.969     
 
  ***** POST1 NODAL DEGREE OF FREEDOM LISTING *****                            
 
  LOAD STEP=     1  SUBSTEP=     1                                             
   TIME=    1.0000      LOAD CASE=   0                                         
 
    NODE       VOLT  
   13144   102.38     
   13145   112.76     
   13146   114.34     
   13147   72.063     
   13148   99.897     
   13149   92.755     
   13150   83.070     
   13151   103.71     
   13152   125.65     
   13153   64.039     
   13154   75.029     
   13155   205.48     
   13156   205.83     
   13157   207.38     
   13158   206.13     
   13159   203.13     
   13160   206.11     
   13161   193.00     
   13162   188.78     
   13163   204.99     
   13164   200.97     
   13165   191.87     
   13166   201.82     
   13167   204.03     
   13168   205.07     
   13169   205.02     
   13170   201.98     
   13171   204.73     
   13172   206.85     
   13173   203.97     
   13174   208.05     
   13175   207.53     
   13176  -150.59     
   13177  -140.39     
   13178  -145.57     
   13179  -164.46     
   13180  -164.33     
   13181  -159.29     
   13182  -181.21     
 
  ***** POST1 NODAL DEGREE OF FREEDOM LISTING *****                            
 
  LOAD STEP=     1  SUBSTEP=     1                                             
   TIME=    1.0000      LOAD CASE=   0                                         
 
    NODE       VOLT  
   13183  -191.91     
   13184  -174.82     
   13185  -167.28     
   13186  -190.37     
   13187  -187.72     
   13188  -163.84     
   13189  -151.68     
   13190  -178.64     
   13191  -148.91     
   13192  -156.96     
   13193  -136.82     
   13194  -143.61     
   13195  -156.03     
   13196  -146.98     
   13197  -137.19     
   13198  -154.48     
   13199  -139.35     
   13200  -125.59     
   13201  -132.70     
   13202  -117.27     
   13203  -138.07     
   13204  -150.66     
   13205  -158.82     
   13206  -122.48     
   13207  -118.01     
   13208  -138.46     
   13209  -126.39     
   13210  -113.49     
   13211  -110.86     
   13212  -123.96     
   13213  -138.00     
   13214  -111.62     
   13215  -137.64     
   13216  -111.78     
   13217  -128.84     
   13218  -155.95     
   13219  -147.92     
   13220  -148.64     
   13221  -174.04     
 
  ***** POST1 NODAL DEGREE OF FREEDOM LISTING *****                            
 
  LOAD STEP=     1  SUBSTEP=     1                                             
   TIME=    1.0000      LOAD CASE=   0                                         
 
    NODE       VOLT  
   13222  -173.84     
   13223  -194.04     
   13224  -194.83     
   13225  -193.94     
   13226  -200.99     
   13227  -197.56     
   13228  -178.99     
   13229  -156.77     
   13230  -189.65     
   13231  -171.95     
   13232  -193.40     
   13233  -188.71     
   13234  -178.21     
   13235  -192.98     
   13236  -190.87     
   13237  -128.84     
   13238  -201.49     
   13239  -179.33     
   13240  -188.55     
   13241  -186.45     
   13242  -197.62     
   13243  -198.80     
   13244  -194.81     
   13245  -195.67     
   13246  -199.97     
   13247  -194.01     
   13248  -197.28     
   13249  -197.21     
   13250  -179.69     
   13251  -189.48     
   13252  -160.61     
   13253  -190.19     
   13254  -172.64     
   13255  -194.17     
   13256  -195.23     
   13257  -194.93     
   13258  -190.37     
   13259  -199.70     
   13260  -197.61     
 
  ***** POST1 NODAL DEGREE OF FREEDOM LISTING *****                            
 
  LOAD STEP=     1  SUBSTEP=     1                                             
   TIME=    1.0000      LOAD CASE=   0                                         
 
    NODE       VOLT  
   13261  -198.37     
   13262  -206.64     
   13263  -203.00     
   13264  -202.10     
   13265  -205.58     
   13266  -206.14     
   13267  -200.08     
   13268  -196.95     
   13269  -198.04     
   13270  -199.48     
   13271  -197.64     
   13272  -196.59     
   13273  -197.07     
   13274  -208.43     
   13275  -208.74     
   13276  -207.24     
   13277  -208.30     
   13278  -208.72     
   13279  -205.18     
   13280  -206.74     
   13281  -207.86     
   13282  -207.71     
   13283  -206.33     
   13284  -205.12     
   13285  -206.79     
   13286  -207.34     
   13287  -208.46     
   13288  -208.18     
   13289  -208.05     
   13290  -206.40     
   13291  -208.13     
   13292  -204.91     
   13293  -207.72     
   13294   212.44     
   13295   210.92     
   13296   212.34     
   13297   218.07     
   13298   217.11     
   13299   215.33     
 
  ***** POST1 NODAL DEGREE OF FREEDOM LISTING *****                            
 
  LOAD STEP=     1  SUBSTEP=     1                                             
   TIME=    1.0000      LOAD CASE=   0                                         
 
    NODE       VOLT  
   13300   209.79     
   13301   206.56     
   13302   218.39     
   13303   217.08     
   13304   215.87     
   13305   220.08     
   13306   211.86     
   13307   210.68     
   13308   211.76     
   13309   214.97     
   13310   212.76     
   13311   211.05     
   13312   210.01     
   13313  -68.490     
   13314  -96.726     
   13315  -105.49     
   13316  -32.051     
   13317  -29.328     
   13318  -48.835     
   13319  -41.202     
   13320  -40.981     
   13321  -33.044     
   13322  -53.935     
   13323  -62.065     
   13324  -16.485     
   13325  -23.538     
   13326  -7.6131     
   13327   1.2188     
   13328  -24.622     
   13329  -35.733     
   13330  -26.694     
   13331  -32.039     
   13332  -7.7197     
   13333   9.2036     
   13334  -16.431     
   13335   9.1035     
   13336  -206.47     
   13337  -208.90     
   13338  -208.88     
 
  ***** POST1 NODAL DEGREE OF FREEDOM LISTING *****                            
 
  LOAD STEP=     1  SUBSTEP=     1                                             
   TIME=    1.0000      LOAD CASE=   0                                         
 
    NODE       VOLT  
   13339  -206.86     
   13340  -205.29     
   13341  -204.26     
   13342  -206.53     
   13343  -207.52     
   13344  -204.97     
   13345  -248.04     
   13346  -247.54     
   13347  -208.60     
   13348  -208.83     
   13349  -208.86     
   13350  -208.63     
   13351  -205.33     
   13352  -206.10     
   13353  -208.85     
   13354  -207.43     
   13355  -204.43     
   13356  -208.43     
   13357  -208.49     
   13358  -208.87     
   13359  -208.42     
   13360  -208.88     
   13361  -206.98     
   13362  -207.99     
   13363  -208.89     
   13364  -208.02     
   13365  -208.60     
   13366  -189.92     
   13367  -203.05     
   13368  -204.98     
   13369  -129.42     
   13370  -142.88     
   13371  -125.01     
   13372   109.87     
   13373   109.55     
   13374   139.26     
   13375   127.99     
   13376   127.21     
   13377   151.76     
 
  ***** POST1 NODAL DEGREE OF FREEDOM LISTING *****                            
 
  LOAD STEP=     1  SUBSTEP=     1                                             
   TIME=    1.0000      LOAD CASE=   0                                         
 
    NODE       VOLT  
   13378   151.04     
   13379   131.94     
   13380   130.73     
   13381   148.58     
   13382   139.52     
   13383   153.42     
   13384   158.88     
   13385   143.01     
   13386   124.49     
   13387   136.55     
   13388   109.09     
   13389   97.699     
   13390   105.69     
   13391   151.17     
   13392   136.55     
   13393   148.15     
   13394   133.08     
   13395   52.899     
   13396   49.093     
   13397   85.313     
   13398   74.345     
   13399   37.929     
   13400   71.679     
   13401   114.07     
   13402   136.29     
   13403   113.98     
   13404   113.43     
   13405   137.88     
   13406   134.57     
   13407   88.134     
   13408   98.502     
   13409   95.957     
   13410   116.62     
   13411   125.80     
   13412   75.728     
   13413   53.316     
   13414   38.536     
   13415   170.58     
   13416   180.92     
 
  ***** POST1 NODAL DEGREE OF FREEDOM LISTING *****                            
 
  LOAD STEP=     1  SUBSTEP=     1                                             
   TIME=    1.0000      LOAD CASE=   0                                         
 
    NODE       VOLT  
   13417   190.47     
   13418   174.96     
   13419   186.37     
   13420   200.82     
   13421   204.51     
   13422   193.78     
   13423   199.90     
   13424   165.96     
   13425   158.97     
   13426   180.98     
   13427   163.01     
   13428   131.62     
   13429   144.79     
   13430   141.23     
   13431   199.90     
   13432   208.73     
   13433   191.35     
   13434   204.74     
   13435   194.13     
   13436   205.45     
   13437   193.77     
   13438   208.49     
   13439   209.79     
   13440   209.53     
   13441   208.72     
   13442   209.35     
   13443   209.86     
   13444   209.86     
   13445   209.82     
   13446   209.95     
   13447   209.83     
   13448   209.57     
   13449   208.78     
   13450   208.69     
   13451   209.65     
   13452   209.80     
   13453   209.93     
   13454   209.92     
   13455   209.90     
 
  ***** POST1 NODAL DEGREE OF FREEDOM LISTING *****                            
 
  LOAD STEP=     1  SUBSTEP=     1                                             
   TIME=    1.0000      LOAD CASE=   0                                         
 
    NODE       VOLT  
   13456   209.61     
   13457   209.69     
   13458   209.46     
   13459  -208.14     
   13460  -208.20     
   13461  -208.29     
   13462   209.40     
   13463   209.73     
   13464   201.58     
   13465   200.61     
   13466   183.16     
   13467   189.31     
   13468   195.56     
   13469   182.47     
   13470   197.15     
   13471   201.46     
   13472   188.85     
   13473   192.60     
   13474   191.88     
   13475   189.09     
   13476   191.13     
   13477   187.86     
   13478   186.21     
   13479  -208.02     
   13480  -207.56     
   13481  -205.50     
   13482  -207.81     
   13483  -207.23     
   13484  -172.33     
   13485  -175.87     
   13486  -164.70     
   13487  -183.10     
   13488  -192.28     
   13489  -191.03     
   13490  -151.67     
   13491  -150.53     
   13492  -134.67     
   13493  -149.03     
   13494  -179.41     
 
  ***** POST1 NODAL DEGREE OF FREEDOM LISTING *****                            
 
  LOAD STEP=     1  SUBSTEP=     1                                             
   TIME=    1.0000      LOAD CASE=   0                                         
 
    NODE       VOLT  
   13495  -187.12     
   13496  -179.40     
   13497  -165.81     
   13498  -180.85     
   13499  -180.72     
   13500  -162.12     
   13501  -145.12     
   13502  -142.80     
   13503  -127.71     
   13504  -67.897     
   13505  -66.925     
   13506  -56.383     
   13507  -36.287     
   13508  -47.163     
   13509  -36.754     
   13510  -204.17     
   13511  -203.24     
   13512  -202.09     
   13513  -202.51     
   13514  -201.25     
   13515  -197.21     
   13516  -200.96     
   13517  -201.23     
   13518  -199.89     
   13519  -201.92     
   13520  -203.93     
   13521   9.7046     
   13522  -27.746     
   13523  -18.226     
   13524   9.8107     
   13525  -27.844     
   13526  -57.238     
   13527  -45.611     
   13528  -66.372     
   13529  -78.772     
   13530  -73.142     
   13531  -48.184     
   13532  -60.073     
   13533  -90.625     
 
  ***** POST1 NODAL DEGREE OF FREEDOM LISTING *****                            
 
  LOAD STEP=     1  SUBSTEP=     1                                             
   TIME=    1.0000      LOAD CASE=   0                                         
 
    NODE       VOLT  
   13534  -88.387     
   13535  -102.26     
   13536  -89.887     
   13537  -103.04     
   13538  -71.247     
   13539  -108.08     
   13540  -121.88     
   13541  -73.503     
   13542  -102.59     
   13543  -103.05     
   13544   95.182     
   13545   82.149     
   13546   95.293     
   13547   83.901     
   13548   69.261     
   13549   129.54     
   13550   115.94     
   13551   143.84     
   13552   112.52     
   13553   139.28     
   13554   145.28     
   13555   123.68     
   13556   138.84     
   13557   113.74     
   13558  -203.34     
   13559  -204.01     
   13560   178.96     
   13561   191.53     
   13562   185.59     
   13563   159.51     
   13564   156.95     
   13565   177.39     
   13566   174.13     
   13567   165.71     
   13568   161.16     
   13569   137.35     
   13570   191.36     
   13571   195.90     
   13572   193.57     
 
  ***** POST1 NODAL DEGREE OF FREEDOM LISTING *****                            
 
  LOAD STEP=     1  SUBSTEP=     1                                             
   TIME=    1.0000      LOAD CASE=   0                                         
 
    NODE       VOLT  
   13573  -207.45     
   13574  -207.69     
   13575  -207.59     
   13576  -205.23     
   13577  -207.26     
   13578  -207.23     
   13579  -203.88     
   13580  -205.81     
   13581  -205.74     
   13582  -203.51     
   13583  -204.12     
   13584  -205.71     
   13585  -207.28     
   13586  -206.40     
   13587  -208.36     
   13588  -208.38     
   13589  -208.11     
   13590  -208.08     
   13591  -204.97     
   13592  -201.67     
   13593  -208.23     
   13594  -148.42     
   13595  -164.21     
   13596  -140.00     
   13597  -167.05     
   13598  -75.444     
   13599  -100.18     
   13600  -101.15     
   13601  -79.902     
   13602  -76.310     
   13603  -72.052     
   13604  -67.674     
   13605  -121.73     
   13606  -98.693     
   13607  -122.79     
   13608  -101.14     
   13609  -137.45     
   13610  -154.36     
   13611  -163.74     
 
  ***** POST1 NODAL DEGREE OF FREEDOM LISTING *****                            
 
  LOAD STEP=     1  SUBSTEP=     1                                             
   TIME=    1.0000      LOAD CASE=   0                                         
 
    NODE       VOLT  
   13612  -159.21     
   13613  -150.02     
   13614  -139.66     
   13615   172.57     
   13616   168.66     
   13617   175.40     
   13618   190.24     
   13619   199.18     
   13620   187.67     
   13621   190.73     
   13622   200.60     
   13623  -190.16     
   13624  -196.68     
   13625   191.98     
   13626   200.41     
   13627   164.62     
   13628   160.37     
   13629   157.47     
   13630   199.04     
   13631   190.93     
   13632   161.05     
   13633  -207.32     
   13634  -202.05     
   13635  -200.32     
   13636  -198.45     
   13637  -199.72     
   13638  -196.99     
   13639  -206.21     
   13640  -207.45     
   13641  -206.58     
   13642  -204.57     
   13643  -207.92     
   13644  -208.19     
   13645  -207.99     
   13646  -200.14     
   13647  -199.51     
   13648  -199.52     
   13649  -197.33     
   13650  -197.29     
 
  ***** POST1 NODAL DEGREE OF FREEDOM LISTING *****                            
 
  LOAD STEP=     1  SUBSTEP=     1                                             
   TIME=    1.0000      LOAD CASE=   0                                         
 
    NODE       VOLT  
   13651  -196.42     
   13652  -197.67     
   13653  -197.90     
   13654  -155.09     
   13655  -143.67     
   13656  -139.89     
   13657  -157.44     
   13658  -122.26     
   13659  -120.41     
   13660  -94.759     
   13661  -107.24     
   13662  -95.301     
   13663  -68.190     
   13664  -101.83     
   13665  -100.91     
   13666  -67.260     
   13667  -89.200     
   13668  -199.83     
   13669  -196.83     
   13670  -198.46     
   13671  -200.46     
   13672  -199.71     
   13673  -197.79     
   13674  -195.22     
   13675  -196.86     
   13676  -191.29     
   13677  -200.94     
   13678  -201.56     
   13679  -197.16     
   13680  -197.73     
   13681  -195.21     
   13682  -200.75     
   13683   21.406     
   13684  -7.8829     
   13685   29.601     
   13686   29.285     
   13687  -7.7038     
   13688   1.0248     
   13689  -9.9665     
 
  ***** POST1 NODAL DEGREE OF FREEDOM LISTING *****                            
 
  LOAD STEP=     1  SUBSTEP=     1                                             
   TIME=    1.0000      LOAD CASE=   0                                         
 
    NODE       VOLT  
   13690   17.564     
   13691  -40.612     
   13692  -23.587     
   13693  -23.493     
   13694  -42.667     
   13695   29.390     
   13696  -48.298     
   13697  -48.589     
   13698  -23.374     
   13699  -39.340     
   13700  -56.467     
   13701  -208.54     
   13702  -208.48     
   13703  -60.248     
   13704  -68.656     
   13705  -83.305     
   13706  -75.770     
   13707  -42.328     
   13708  -49.834     
   13709  -68.547     
   13710   58.825     
   13711   68.083     
   13712   62.530     
   13713   73.981     
   13714   53.842     
   13715  -19.049     
   13716   1.0015     
   13717  -36.704     
   13718  -36.520     
   13719   9.8507     
   13720  -27.913     
   13721  -8.6298     
   13722   1.6934     
   13723  -7.8288     
   13724   23.059     
   13725   15.017     
   13726   44.661     
   13727   23.709     
   13728   25.434     
 
  ***** POST1 NODAL DEGREE OF FREEDOM LISTING *****                            
 
  LOAD STEP=     1  SUBSTEP=     1                                             
   TIME=    1.0000      LOAD CASE=   0                                         
 
    NODE       VOLT  
   13729   46.578     
   13730   6.3820     
   13731   24.726     
   13732   2.5802     
   13733  -14.160     
   13734  -18.024     
   13735  -43.593     
   13736  -23.507     
   13737  -11.387     
   13738  -52.361     
   13739   5.6886     
   13740   33.798     
   13741   48.871     
   13742  -201.03     
   13743  -198.17     
   13744  -197.81     
   13745  -205.25     
   13746  -203.60     
   13747  -205.10     
   13748  -200.87     
   13749  -196.66     
   13750  -197.61     
   13751  -204.56     
   13752  -206.01     
   13753  -199.23     
   13754  -205.47     
   13755  -206.10     
   13756  -206.00     
   13757  -204.32     
   13758  -205.74     
   13759  -208.36     
   13760  -207.06     
   13761  -207.10     
   13762  -208.36     
   13763  -205.33     
   13764  -198.37     
   13765  -200.97     
   13766  -190.00     
   13767  -191.14     
 
  ***** POST1 NODAL DEGREE OF FREEDOM LISTING *****                            
 
  LOAD STEP=     1  SUBSTEP=     1                                             
   TIME=    1.0000      LOAD CASE=   0                                         
 
    NODE       VOLT  
   13768  -208.35     
   13769  -208.45     
   13770  -205.21     
   13771  -207.18     
   13772  -205.83     
   13773  -208.33     
   13774  -208.37     
   13775  -201.05     
   13776  -201.44     
   13777  -201.81     
   13778  -203.62     
   13779  -200.81     
   13780  -206.99     
   13781  -205.86     
   13782  -205.40     
   13783  -206.85     
   13784  -208.37     
   13785  -206.99     
   13786  -205.04     
   13787  -206.34     
   13788  -207.66     
   13789  -208.40     
   13790  -203.96     
   13791  -204.88     
   13792  -204.46     
   13793  -198.72     
   13794  -195.55     
   13795  -200.19     
   13796  -203.44     
   13797  -207.31     
   13798  -207.25     
   13799  -207.70     
   13800   38.758     
   13801   51.501     
   13802   54.633     
   13803   55.260     
   13804   39.374     
   13805   97.302     
   13806   74.103     
 
  ***** POST1 NODAL DEGREE OF FREEDOM LISTING *****                            
 
  LOAD STEP=     1  SUBSTEP=     1                                             
   TIME=    1.0000      LOAD CASE=   0                                         
 
    NODE       VOLT  
   13807   74.832     
   13808  -206.04     
   13809  -203.61     
   13810  -202.11     
   13811   95.110     
   13812   110.05     
   13813   85.347     
   13814  -208.24     
   13815  -208.11     
   13816  -208.05     
   13817   138.64     
   13818   163.53     
   13819   176.61     
   13820   151.08     
   13821   149.32     
   13822   132.67     
   13823   130.46     
   13824   202.04     
   13825   188.98     
   13826   188.45     
   13827   202.20     
   13828   114.45     
   13829   111.76     
   13830   100.83     
   13831   151.57     
   13832   177.31     
   13833   169.56     
   13834   156.85     
   13835   151.48     
   13836   133.71     
   13837   138.70     
   13838  -45.270     
   13839  -83.709     
   13840  -90.180     
   13841  -7.8022     
   13842  -20.511     
   13843  -36.535     
   13844   8.9903     
   13845   40.877     
 
  ***** POST1 NODAL DEGREE OF FREEDOM LISTING *****                            
 
  LOAD STEP=     1  SUBSTEP=     1                                             
   TIME=    1.0000      LOAD CASE=   0                                         
 
    NODE       VOLT  
   13846   128.01     
   13847   126.95     
   13848   137.05     
   13849   100.60     
   13850   125.63     
   13851   107.84     
   13852   123.09     
   13853   140.09     
   13854   141.32     
   13855   150.72     
   13856   140.17     
   13857   149.48     
   13858   140.69     
   13859   138.87     
   13860   151.03     
   13861   152.35     
   13862   205.43     
   13863   203.67     
   13864   174.25     
   13865   163.42     
   13866  -204.90     
   13867  -134.33     
   13868  -121.07     
   13869  -149.22     
   13870  -147.41     
   13871  -118.65     
   13872  -174.71     
   13873  -160.37     
   13874  -146.46     
   13875  -149.88     
   13876  -136.86     
   13877   113.95     
   13878   102.18     
   13879   131.16     
   13880   103.60     
   13881   131.46     
   13882   80.655     
   13883   75.139     
   13884   97.251     
 
  ***** POST1 NODAL DEGREE OF FREEDOM LISTING *****                            
 
  LOAD STEP=     1  SUBSTEP=     1                                             
   TIME=    1.0000      LOAD CASE=   0                                         
 
    NODE       VOLT  
   13885   74.587     
   13886   60.957     
   13887   85.379     
   13888   70.303     
   13889   67.417     
   13890   39.690     
   13891  -154.90     
   13892  -141.53     
   13893  -164.02     
   13894  -178.45     
   13895  -165.35     
   13896  -175.68     
   13897  -175.78     
   13898  -163.42     
   13899  -175.40     
   13900  -168.04     
   13901  -170.00     
   13902  -163.24     
   13903  -178.52     
   13904  -24.160     
   13905  -56.375     
   13906  -23.373     
   13907  -121.73     
   13908  -98.591     
   13909  -54.245     
   13910   209.93     
   13911   209.83     
   13912   209.90     
   13913   209.77     
   13914   210.73     
   13915   210.14     
   13916   210.01     
   13917   209.41     
   13918   209.62     
   13919   209.64     
   13920   209.28     
   13921   209.76     
   13922   209.44     
   13923   209.64     
 
  ***** POST1 NODAL DEGREE OF FREEDOM LISTING *****                            
 
  LOAD STEP=     1  SUBSTEP=     1                                             
   TIME=    1.0000      LOAD CASE=   0                                         
 
    NODE       VOLT  
   13924   208.18     
   13925  -124.86     
   13926  -133.51     
   13927  -146.65     
   13928  -131.80     
   13929  -20.510     
   13930  -28.456     
   13931  -7.8898     
   13932  -15.123     
   13933  -53.110     
   13934   23.114     
   13935   22.939     
   13936  -7.7994     
   13937   10.867     
   13938   25.488     
   13939   142.76     
   13940   105.32     
   13941   118.07     
   13942   101.54     
   13943   161.86     
   13944   174.71     
   13945   148.65     
   13946   135.69     
   13947   148.84     
   13948  -137.43     
   13949  -122.22     
   13950  -131.80     
   13951  -148.28     
   13952  -140.01     
   13953  -101.59     
   13954  -107.96     
   13955  -91.696     
   13956  -41.998     
   13957  -21.817     
   13958  -55.192     
   13959  -148.78     
   13960  -134.61     
   13961  -124.50     
   13962  -114.78     
 
  ***** POST1 NODAL DEGREE OF FREEDOM LISTING *****                            
 
  LOAD STEP=     1  SUBSTEP=     1                                             
   TIME=    1.0000      LOAD CASE=   0                                         
 
    NODE       VOLT  
   13963  -81.721     
   13964  -97.298     
   13965  -207.83     
   13966  -129.56     
   13967  -140.39     
   13968  -132.75     
   13969  -120.37     
   13970  -172.97     
   13971  -139.97     
   13972  -194.19     
   13973  -159.85     
   13974  -145.02     
   13975  -150.89     
   13976  -182.03     
   13977  -173.45     
   13978  -119.75     
   13979  -140.40     
   13980  -127.12     
   13981  -164.85     
   13982  -163.03     
   13983   207.75     
   13984   207.63     
   13985   199.94     
   13986   205.68     
   13987   206.40     
   13988   209.51     
   13989   205.07     
   13990   208.37     
   13991   210.10     
   13992   204.13     
   13993   213.46     
   13994   208.90     
   13995   216.25     
   13996   209.71     
   13997   211.33     
   13998   222.55     
   13999   226.55     
   14000   220.80     
   14001   212.64     
 
  ***** POST1 NODAL DEGREE OF FREEDOM LISTING *****                            
 
  LOAD STEP=     1  SUBSTEP=     1                                             
   TIME=    1.0000      LOAD CASE=   0                                         
 
    NODE       VOLT  
   14002   216.29     
   14003   207.33     
   14004   206.98     
   14005   208.56     
   14006   208.49     
   14007   206.76     
   14008   209.13     
   14009   209.53     
   14010   209.44     
   14011   209.00     
   14012   210.11     
   14013   209.84     
   14014   209.83     
   14015   209.77     
   14016   209.95     
   14017   209.75     
   14018   209.86     
   14019   210.01     
   14020   208.84     
   14021   210.11     
   14022   211.70     
   14023   211.42     
   14024   212.65     
   14025   210.26     
   14026   210.09     
   14027   208.32     
   14028   209.04     
   14029   208.27     
   14030   208.15     
   14031   210.32     
   14032   209.91     
   14033   209.46     
   14034   208.80     
   14035   208.44     
   14036   207.08     
   14037   204.07     
   14038   207.21     
   14039   207.18     
   14040   207.56     
 
  ***** POST1 NODAL DEGREE OF FREEDOM LISTING *****                            
 
  LOAD STEP=     1  SUBSTEP=     1                                             
   TIME=    1.0000      LOAD CASE=   0                                         
 
    NODE       VOLT  
   14041   209.22     
   14042  -208.44     
   14043  -208.24     
   14044   202.33     
   14045   57.816     
   14046   23.915     
   14047   87.095     
   14048   62.747     
   14049   81.637     
   14050   77.388     
   14051  -206.30     
   14052   46.824     
   14053   58.932     
   14054   110.09     
   14055   136.31     
   14056   118.55     
   14057   140.05     
   14058   117.07     
   14059   126.37     
   14060   92.568     
   14061   107.40     
   14062   140.72     
   14063   74.372     
   14064   58.978     
   14065   77.972     
   14066   92.639     
   14067  -198.36     
   14068  -195.33     
   14069  -206.85     
   14070  -206.33     
   14071  -188.42     
   14072  -194.85     
   14073  -200.63     
   14074  -194.53     
   14075  -190.89     
   14076  -203.68     
   14077  -207.52     
   14078  -205.65     
   14079  -206.20     
 
  ***** POST1 NODAL DEGREE OF FREEDOM LISTING *****                            
 
  LOAD STEP=     1  SUBSTEP=     1                                             
   TIME=    1.0000      LOAD CASE=   0                                         
 
    NODE       VOLT  
   14080  -108.30     
   14081  -95.865     
   14082   32.947     
   14083   67.196     
   14084   203.31     
   14085   200.49     
   14086   206.74     
   14087   207.52     
   14088   203.81     
   14089   204.57     
   14090   197.46     
   14091   206.35     
   14092   201.25     
   14093   200.58     
   14094   205.39     
   14095   199.28     
   14096   198.81     
   14097  -191.53     
   14098  -197.16     
   14099  -194.92     
   14100   190.87     
   14101   189.27     
   14102   190.64     
   14103   190.81     
   14104   175.28     
   14105   191.42     
   14106   206.95     
   14107   204.55     
   14108   206.84     
   14109   201.11     
   14110   204.68     
   14111   205.46     
   14112  -189.68     
   14113  -190.44     
   14114  -68.382     
   14115  -64.048     
   14116  -77.435     
   14117  -128.86     
   14118  -129.49     
 
  ***** POST1 NODAL DEGREE OF FREEDOM LISTING *****                            
 
  LOAD STEP=     1  SUBSTEP=     1                                             
   TIME=    1.0000      LOAD CASE=   0                                         
 
    NODE       VOLT  
   14119  -151.64     
   14120  -174.47     
   14121   230.31     
   14122   237.24     
   14123   218.12     
   14124   213.36     
   14125   217.15     
   14126   213.83     
   14127   211.02     
   14128   217.34     
   14129   210.92     
   14130   211.27     
   14131   224.00     
   14132   230.64     
   14133   228.46     
   14134   218.28     
   14135  -164.75     
   14136  -192.78     
   14137  -184.12     
   14138  -180.51     
   14139  -189.38     
   14140   210.03     
   14141   209.95     
   14142   210.23     
   14143   210.34     
   14144   210.08     
   14145   210.38     
   14146   210.22     
   14147   210.86     
   14148   210.24     
   14149   210.07     
   14150   210.04     
   14151   210.22     
   14152   209.62     
   14153   209.52     
   14154   208.95     
   14155   209.30     
   14156   209.20     
   14157   209.99     
 
  ***** POST1 NODAL DEGREE OF FREEDOM LISTING *****                            
 
  LOAD STEP=     1  SUBSTEP=     1                                             
   TIME=    1.0000      LOAD CASE=   0                                         
 
    NODE       VOLT  
   14158   210.15     
   14159   210.25     
   14160   209.89     
   14161   209.96     
   14162   209.64     
   14163   209.58     
   14164   209.88     
   14165   44.996     
   14166   23.547     
   14167   46.524     
   14168   53.012     
   14169   97.421     
   14170  -26.386     
   14171   177.72     
   14172   88.001     
   14173   154.49     
   14174   162.15     
   14175   155.06     
   14176   146.48     
   14177   172.52     
   14178   176.47     
   14179   190.39     
   14180   155.97     
   14181   155.20     
   14182   190.66     
   14183   141.82     
   14184   133.77     
   14185   109.28     
   14186   148.17     
   14187   148.83     
   14188   174.13     
   14189   174.86     
   14190   140.20     
   14191   133.29     
   14192   135.62     
   14193   142.78     
   14194   135.94     
   14195   144.84     
   14196   151.94     
 
  ***** POST1 NODAL DEGREE OF FREEDOM LISTING *****                            
 
  LOAD STEP=     1  SUBSTEP=     1                                             
   TIME=    1.0000      LOAD CASE=   0                                         
 
    NODE       VOLT  
   14197   156.54     
   14198   123.53     
   14199   132.47     
   14200   114.86     
   14201   118.46     
   14202   139.01     
   14203   149.16     
   14204   156.29     
   14205  -87.925     
   14206  -100.13     
   14207  -109.88     
   14208  -151.78     
   14209  -171.76     
   14210  -140.62     
   14211  -160.23     
   14212  -126.46     
   14213  -99.159     
   14214  -47.048     
   14215  -101.73     
   14216  -122.68     
   14217  -126.81     
   14218  -133.14     
   14219  -143.31     
   14220  -128.96     
   14221   92.373     
   14222   75.372     
   14223   98.953     
   14224   56.728     
   14225  -208.41     
   14226  -208.42     
   14227  -208.38     
   14228   212.94     
   14229   210.77     
   14230   211.04     
   14231   207.10     
   14232   209.13     
   14233   210.21     
   14234   210.18     
   14235   211.46     
 
  ***** POST1 NODAL DEGREE OF FREEDOM LISTING *****                            
 
  LOAD STEP=     1  SUBSTEP=     1                                             
   TIME=    1.0000      LOAD CASE=   0                                         
 
    NODE       VOLT  
   14236   211.26     
   14237  -207.78     
   14238  -208.56     
   14239  -208.55     
   14240  -207.73     
   14241  -116.55     
   14242  -96.354     
   14243  -101.51     
   14244  -81.550     
   14245  -207.45     
   14246  -208.86     
   14247  -205.33     
   14248  -207.90     
   14249  -207.83     
   14250  -208.37     
   14251  -207.03     
   14252  -207.01     
   14253  -208.34     
   14254  -207.79     
   14255  -207.86     
   14256  -203.94     
   14257  -206.09     
   14258  -203.17     
   14259  -202.57     
   14260  -204.68     
   14261  -208.37     
   14262  -208.58     
   14263  -208.59     
   14264  -208.36     
   14265  -75.885     
   14266  -68.048     
   14267  -115.64     
   14268  -208.25     
   14269  -207.66     
   14270  -206.08     
   14271  -208.20     
   14272  -207.52     
   14273  -197.57     
   14274  -208.29     
 
  ***** POST1 NODAL DEGREE OF FREEDOM LISTING *****                            
 
  LOAD STEP=     1  SUBSTEP=     1                                             
   TIME=    1.0000      LOAD CASE=   0                                         
 
    NODE       VOLT  
   14275  -208.34     
   14276  -208.42     
   14277  -208.19     
   14278  -206.79     
   14279  -208.32     
   14280  -208.41     
   14281  -200.44     
   14282  -206.84     
   14283  -204.68     
   14284   190.95     
   14285   189.69     
   14286   203.93     
   14287   209.81     
   14288   208.47     
   14289   208.67     
   14290   205.60     
   14291   207.36     
   14292   207.46     
   14293   203.55     
   14294   209.79     
   14295   205.39     
   14296   209.57     
   14297   209.84     
   14298   209.73     
   14299   209.59     
   14300   209.75     
   14301   209.17     
   14302   208.65     
   14303   208.68     
   14304   209.42     
   14305   209.30     
   14306   207.87     
   14307   209.31     
   14308   209.69     
   14309   209.98     
   14310   209.66     
   14311   209.76     
   14312   209.88     
   14313   209.81     
 
  ***** POST1 NODAL DEGREE OF FREEDOM LISTING *****                            
 
  LOAD STEP=     1  SUBSTEP=     1                                             
   TIME=    1.0000      LOAD CASE=   0                                         
 
    NODE       VOLT  
   14314   209.91     
   14315   209.12     
   14316   207.08     
   14317   209.13     
   14318   207.26     
   14319   207.58     
   14320   208.49     
   14321   208.01     
   14322   185.63     
   14323   192.30     
   14324   190.26     
   14325   175.67     
   14326   174.63     
   14327   189.25     
   14328  -203.48     
   14329  -200.54     
   14330  -204.14     
   14331  -206.35     
   14332  -197.63     
   14333  -204.10     
   14334  -204.30     
   14335   189.85     
   14336   190.70     
   14337  -206.56     
   14338  -197.78     
   14339  -201.11     
   14340  -204.58     
   14341  -205.85     
   14342   70.286     
   14343   153.57     
   14344   210.01     
   14345   210.22     
   14346   210.27     
   14347   205.78     
   14348   204.19     
   14349   206.40     
   14350   209.95     
   14351   210.01     
   14352   209.95     
 
  ***** POST1 NODAL DEGREE OF FREEDOM LISTING *****                            
 
  LOAD STEP=     1  SUBSTEP=     1                                             
   TIME=    1.0000      LOAD CASE=   0                                         
 
    NODE       VOLT  
   14353   209.98     
   14354   209.34     
   14355   209.73     
   14356   209.91     
   14357   209.91     
   14358   209.96     
   14359   209.61     
   14360   209.59     
   14361   209.39     
   14362   208.46     
   14363  -191.63     
   14364  -200.87     
   14365  -197.86     
   14366  -186.41     
   14367  -177.80     
   14368  -169.56     
   14369  -187.68     
   14370  -186.23     
   14371  -202.76     
   14372  -202.11     
   14373  -202.14     
   14374  -200.48     
   14375  -201.90     
   14376  -197.88     
   14377  -200.42     
   14378  -194.70     
   14379  -194.64     
   14380  -208.04     
   14381  -207.84     
   14382  -208.12     
   14383  -204.48     
   14384  -204.70     
   14385  -207.01     
   14386  -208.58     
   14387  -208.37     
   14388  -208.25     
   14389  -208.36     
   14390  -207.42     
   14391  -207.59     
 
  ***** POST1 NODAL DEGREE OF FREEDOM LISTING *****                            
 
  LOAD STEP=     1  SUBSTEP=     1                                             
   TIME=    1.0000      LOAD CASE=   0                                         
 
    NODE       VOLT  
   14392  -206.85     
   14393  -204.51     
   14394  -205.30     
   14395  -202.39     
   14396  -203.92     
   14397  -205.09     
   14398  -206.86     
   14399  -207.98     
   14400  -206.74     
   14401  -208.04     
   14402  -207.87     
   14403  -207.88     
   14404  -201.81     
   14405  -207.08     
   14406  -208.16     
   14407  -207.52     
   14408  -208.01     
   14409  -207.85     
   14410  -208.31     
   14411  -208.24     
   14412  -208.64     
   14413  -206.94     
   14414  -208.60     
   14415  -208.22     
   14416  -208.60     
   14417  -207.71     
   14418  -208.58     
   14419   79.017     
   14420  -204.03     
   14421  -205.31     
   14422   208.55     
   14423   209.24     
   14424   209.33     
   14425   209.14     
   14426   207.70     
   14427   208.03     
   14428   209.04     
   14429   209.06     
   14430   208.07     
 
  ***** POST1 NODAL DEGREE OF FREEDOM LISTING *****                            
 
  LOAD STEP=     1  SUBSTEP=     1                                             
   TIME=    1.0000      LOAD CASE=   0                                         
 
    NODE       VOLT  
   14431   208.73     
   14432   209.65     
   14433   210.09     
   14434   210.45     
   14435   210.28     
   14436   209.99     
   14437   210.07     
   14438   210.03     
   14439   210.04     
   14440   210.03     
   14441   210.09     
   14442   209.99     
   14443   210.01     
   14444   209.88     
   14445   209.68     
   14446   209.61     
   14447   209.60     
   14448   208.94     
   14449   201.30     
   14450   207.60     
   14451   206.53     
   14452   208.99     
   14453   201.35     
   14454   201.99     
   14455   193.91     
   14456   198.84     
   14457   205.72     
   14458   198.30     
   14459   207.19     
   14460   207.05     
   14461   206.93     
   14462   205.86     
   14463   203.34     
   14464   208.16     
   14465  -176.36     
   14466  -191.27     
   14467  -192.47     
   14468  -190.21     
   14469   201.18     
 
  ***** POST1 NODAL DEGREE OF FREEDOM LISTING *****                            
 
  LOAD STEP=     1  SUBSTEP=     1                                             
   TIME=    1.0000      LOAD CASE=   0                                         
 
    NODE       VOLT  
   14470   196.01     
   14471   196.46     
   14472  -199.31     
   14473  -205.34     
   14474  -207.13     
   14475  -205.82     
   14476  -203.51     
   14477  -198.54     
   14478  -191.56     
   14479  -192.83     
   14480  -202.12     
   14481  -200.50     
   14482  -191.23     
   14483  -206.20     
   14484  -205.11     
   14485  -203.45     
   14486  -192.24     
   14487  -177.22     
   14488  -197.58     
   14489  -193.22     
   14490   201.21     
   14491   198.29     
   14492   205.50     
   14493   205.45     
   14494   186.80     
   14495   168.65     
   14496   179.16     
   14497   188.98     
   14498   178.06     
   14499   170.51     
   14500   195.48     
   14501   192.73     
   14502   202.91     
   14503   197.86     
   14504  -205.74     
   14505  -204.97     
   14506   179.81     
   14507   194.28     
   14508  -206.57     
 
  ***** POST1 NODAL DEGREE OF FREEDOM LISTING *****                            
 
  LOAD STEP=     1  SUBSTEP=     1                                             
   TIME=    1.0000      LOAD CASE=   0                                         
 
    NODE       VOLT  
   14509  -206.07     
   14510  -202.85     
   14511  -203.33     
   14512  -205.81     
   14513  -206.12     
   14514  -206.20     
   14515  -204.40     
   14516  -206.72     
   14517  -208.27     
   14518  -206.41     
   14519  -208.44     
   14520  -206.29     
   14521  -206.35     
   14522  -207.82     
   14523  -208.35     
   14524  -208.40     
   14525  -208.36     
   14526   209.51     
   14527   208.08     
   14528   208.22     
   14529   208.70     
   14530   209.49     
   14531   208.86     
   14532   210.33     
   14533   209.71     
   14534   209.64     
   14535   209.62     
   14536   209.52     
   14537   209.82     
   14538   209.93     
   14539   209.80     
   14540   209.87     
   14541   209.91     
   14542   209.73     
   14543   209.78     
   14544   210.40     
   14545   210.04     
   14546   209.84     
   14547   209.83     
 
  ***** POST1 NODAL DEGREE OF FREEDOM LISTING *****                            
 
  LOAD STEP=     1  SUBSTEP=     1                                             
   TIME=    1.0000      LOAD CASE=   0                                         
 
    NODE       VOLT  
   14548   209.67     
   14549   209.88     
   14550   209.78     
   14551   209.96     
   14552   209.74     
   14553  -204.43     
   14554   209.93     
   14555   209.77     
   14556   209.90     
   14557   209.96     
   14558   209.95     
   14559   209.92     
   14560   209.94     
   14561   209.83     
   14562   209.95     
   14563   209.89     
   14564   210.08     
   14565   210.16     
   14566   210.37     
   14567   210.13     
   14568   210.17     
   14569   210.06     
   14570   209.99     
   14571   210.76     
   14572   210.41     
   14573   209.85     
   14574   209.96     
   14575   209.91     
   14576   209.96     
   14577   209.93     
   14578   210.50     
   14579   210.26     
   14580   210.39     
   14581  -206.10     
   14582  -202.10     
   14583  -204.18     
   14584  -203.73     
   14585  -205.30     
   14586  -206.09     
 
  ***** POST1 NODAL DEGREE OF FREEDOM LISTING *****                            
 
  LOAD STEP=     1  SUBSTEP=     1                                             
   TIME=    1.0000      LOAD CASE=   0                                         
 
    NODE       VOLT  
   14587  -207.22     
   14588  -208.75     
   14589  -190.84     
   14590  -185.08     
   14591  -194.76     
   14592   200.28     
   14593   205.42     
   14594   204.58     
   14595   205.79     
   14596   207.74     
   14597   200.88     
   14598   209.01     
   14599   202.03     
   14600   208.90     
   14601   208.77     
   14602   199.77     
   14603   199.53     
   14604   188.09     
   14605   191.56     
   14606   194.37     
   14607  -186.34     
   14608  -170.55     
   14609  -189.23     
   14610  -181.87     
   14611  -178.22     
   14612  -179.67     
   14613  -189.00     
   14614  -208.13     
   14615  -208.19     
   14616   199.75     
   14617   198.08     
   14618   201.95     
   14619   183.38     
   14620   186.29     
   14621   168.19     
   14622   187.86     
   14623   177.07     
   14624   208.08     
   14625   201.54     
 
  ***** POST1 NODAL DEGREE OF FREEDOM LISTING *****                            
 
  LOAD STEP=     1  SUBSTEP=     1                                             
   TIME=    1.0000      LOAD CASE=   0                                         
 
    NODE       VOLT  
   14626   206.18     
   14627   186.08     
   14628  -203.93     
   14629  -206.24     
   14630  -153.76     
   14631  -162.19     
   14632  -164.13     
   14633  -148.98     
   14634  -188.98     
   14635  -190.15     
   14636  -174.99     
   14637  -155.26     
   14638   209.54     
   14639   210.36     
   14640   210.37     
   14641   208.85     
   14642   205.56     
   14643   210.00     
   14644   210.31     
   14645   210.24     
   14646   210.16     
   14647   210.62     
   14648   209.86     
   14649   205.75     
   14650   208.61     
   14651   209.62     
   14652   205.68     
   14653   206.51     
   14654   209.86     
   14655   208.23     
   14656   204.68     
   14657   224.04     
   14658   224.56     
   14659   211.55     
   14660   213.22     
   14661   203.72     
   14662   207.92     
   14663   210.83     
   14664   209.71     
 
  ***** POST1 NODAL DEGREE OF FREEDOM LISTING *****                            
 
  LOAD STEP=     1  SUBSTEP=     1                                             
   TIME=    1.0000      LOAD CASE=   0                                         
 
    NODE       VOLT  
   14665   209.67     
   14666   209.82     
   14667   209.43     
   14668   208.76     
   14669   208.56     
   14670   209.35     
   14671   209.54     
   14672   209.13     
   14673   208.85     
   14674   209.30     
   14675   208.79     
   14676   207.70     
   14677   190.55     
   14678   201.41     
   14679   207.69     
   14680   203.60     
   14681   204.52     
   14682   203.64     
   14683   149.78     
   14684   179.21     
   14685   122.18     
   14686   207.05     
   14687   205.83     
   14688   199.32     
   14689   187.93     
   14690   189.45     
   14691   199.00     
   14692   135.77     
   14693   158.94     
   14694   150.53     
   14695   118.90     
   14696   190.04     
   14697   161.23     
   14698   172.91     
   14699   151.19     
   14700   175.20     
   14701   134.49     
   14702   140.02     
   14703   151.08     
 
  ***** POST1 NODAL DEGREE OF FREEDOM LISTING *****                            
 
  LOAD STEP=     1  SUBSTEP=     1                                             
   TIME=    1.0000      LOAD CASE=   0                                         
 
    NODE       VOLT  
   14704   110.18     
   14705   88.268     
   14706   79.823     
   14707   113.46     
   14708   179.21     
   14709   189.16     
   14710   203.91     
   14711   199.89     
   14712  -198.94     
   14713  -196.66     
   14714  -206.18     
   14715  -206.86     
   14716  -204.82     
   14717  -195.38     
   14718   209.80     
   14719  -208.35     
   14720  -208.39     
   14721  -208.22     
   14722  -207.66     
   14723  -207.92     
   14724  -207.21     
   14725  -207.94     
   14726  -208.15     
   14727  -207.54     
   14728  -206.54     
   14729  -199.80     
   14730  -203.15     
   14731  -201.73     
   14732  -202.58     
   14733  -196.61     
   14734  -204.08     
   14735  -205.42     
   14736  -204.17     
   14737  -203.07     
   14738  -202.70     
   14739  -203.99     
   14740  -167.24     
   14741  -201.91     
   14742  -206.25     
 
  ***** POST1 NODAL DEGREE OF FREEDOM LISTING *****                            
 
  LOAD STEP=     1  SUBSTEP=     1                                             
   TIME=    1.0000      LOAD CASE=   0                                         
 
    NODE       VOLT  
   14743  -203.67     
   14744  -208.33     
   14745  -205.78     
   14746  -206.26     
   14747  -206.28     
   14748  -208.66     
   14749  -205.09     
   14750  -206.52     
   14751  -206.40     
   14752  -189.05     
   14753  -177.79     
   14754  -188.59     
   14755  -191.06     
   14756  -175.60     
   14757  -190.89     
   14758  -165.98     
   14759  -205.86     
   14760  -198.43     
   14761  -207.28     
   14762  -205.22     
   14763  -198.77     
   14764  -206.54     
   14765  -198.34     
   14766  -193.97     
   14767  -205.95     
   14768  -203.37     
   14769  -201.81     
   14770  -206.10     
   14771  -204.08     
   14772  -206.63     
   14773  -192.70     
   14774  -194.51     
   14775  -205.21     
   14776  -204.71     
   14777  -205.77     
   14778  -205.04     
   14779   208.21     
   14780  -207.54     
   14781   209.91     
 
  ***** POST1 NODAL DEGREE OF FREEDOM LISTING *****                            
 
  LOAD STEP=     1  SUBSTEP=     1                                             
   TIME=    1.0000      LOAD CASE=   0                                         
 
    NODE       VOLT  
   14782   209.81     
   14783   209.87     
   14784   209.61     
   14785   209.39     
   14786   210.36     
   14787   209.36     
   14788   209.46     
   14789   190.09     
   14790   205.07     
   14791   208.25     
   14792   209.10     
   14793   209.32     
   14794   204.18     
   14795   207.09     
   14796   208.94     
   14797   207.85     
   14798   208.13     
   14799   203.46     
   14800  -208.64     
   14801  -208.67     
   14802  -202.02     
   14803  -205.95     
   14804  -205.17     
   14805  -197.01     
   14806  -207.51     
   14807  -207.48     
   14808  -207.78     
   14809  -207.04     
   14810  -207.41     
   14811  -207.45     
   14812  -207.07     
   14813  -207.76     
   14814   210.10     
   14815   210.04     
   14816  -190.69     
   14817  -182.59     
   14818  -162.94     
   14819  -181.99     
   14820  -206.25     
 
  ***** POST1 NODAL DEGREE OF FREEDOM LISTING *****                            
 
  LOAD STEP=     1  SUBSTEP=     1                                             
   TIME=    1.0000      LOAD CASE=   0                                         
 
    NODE       VOLT  
   14821  -248.36     
   14822  -248.41     
   14823  -248.74     
   14824  -248.41     
   14825   161.94     
   14826   203.18     
   14827   191.26     
   14828   208.03     
   14829   205.37     
   14830   207.14     
   14831   208.25     
   14832   207.45     
   14833   201.06     
   14834   176.96     
   14835   189.79     
   14836   189.68     
   14837  -208.23     
   14838  -207.55     
   14839  -206.71     
   14840  -208.26     
   14841  -208.34     
   14842  -205.46     
   14843   205.86     
   14844   208.16     
   14845   207.67     
   14846   169.20     
   14847   162.36     
   14848   177.12     
   14849   151.89     
   14850   190.59     
   14851   202.78     
   14852   205.53     
   14853   209.37     
   14854   51.433     
   14855   191.96     
   14856   191.38     
   14857   209.44     
   14858   208.71     
   14859   209.78     
 
  ***** POST1 NODAL DEGREE OF FREEDOM LISTING *****                            
 
  LOAD STEP=     1  SUBSTEP=     1                                             
   TIME=    1.0000      LOAD CASE=   0                                         
 
    NODE       VOLT  
   14860   209.72     
   14861   209.94     
   14862   209.96     
   14863   210.09     
   14864   209.36     
   14865   209.46     
   14866   208.95     
   14867   208.81     
   14868   208.61     
   14869  -206.17     
   14870   967.75     
   14871  -204.56     
   14872  -191.33     
   14873  -204.88     
   14874  -206.79     
   14875  -207.27     
   14876  -197.41     
   14877  -206.03     
   14878  -205.08     
   14879  -193.09     
   14880  -205.25     
   14881  -193.01     
   14882  -205.55     
   14883  -203.40     
   14884  -202.30     
   14885  -200.78     
   14886   190.83     
   14887  -182.91     
   14888  -204.24     
   14889  -179.62     
   14890  -172.14     
   14891  -190.54     
   14892  -191.21     
   14893  -200.38     
   14894  -195.13     
   14895  -183.10     
   14896  -182.57     
   14897  -180.11     
   14898  -190.12     
 
  ***** POST1 NODAL DEGREE OF FREEDOM LISTING *****                            
 
  LOAD STEP=     1  SUBSTEP=     1                                             
   TIME=    1.0000      LOAD CASE=   0                                         
 
    NODE       VOLT  
   14899  -184.50     
   14900  -203.80     
   14901  -207.19     
   14902   190.57     
   14903  -206.32     
   14904  -207.86     
   14905  -202.35     
   14906   170.10     
   14907   209.69     
   14908   210.03     
   14909   205.54     
   14910   207.35     
   14911   206.04     
   14912   207.31     
   14913   208.59     
   14914   208.89     
   14915   209.25     
   14916   209.07     
   14917   209.53     
   14918   209.77     
   14919   210.77     
   14920   205.32     
   14921   203.74     
   14922   190.85     
   14923   199.24     
   14924   191.28     
   14925   207.19     
   14926  -205.86     
   14927  -208.25     
   14928  -186.12     
   14929  -204.86     
   14930  -207.06     
   14931  -203.05     
   14932  -207.39     
   14933  -207.20     
   14934  -188.97     
   14935  -192.97     
   14936  -178.96     
   14937  -164.40     
 
  ***** POST1 NODAL DEGREE OF FREEDOM LISTING *****                            
 
  LOAD STEP=     1  SUBSTEP=     1                                             
   TIME=    1.0000      LOAD CASE=   0                                         
 
    NODE       VOLT  
   14938  -206.91     
   14939  -189.37     
   14940  -188.87     
   14941  -204.24     
   14942  -206.66     
   14943   176.00     
   14944   207.01     
   14945   23.807     
   14946  -207.34     
   14947  -207.09     
   14948  -207.80     
   14949   190.31     
   14950   191.59     
   14951   166.21     
   14952  -207.06     
   14953  -281.76     
   14954  -195.84     
   14955  -208.28     
   14956  -207.98     
   14957   209.48     
   14958   209.74     
   14959   209.41     
   14960  -206.89     
   14961  -206.24     
   14962   209.91     
   14963   209.81     
   14964   210.60     
   14965   207.90     
   14966   208.32     
   14967   207.01     
   14968   204.11     
   14969   208.03     
   14970   19.745     
   14971  -167.97     
   14972  -166.70     
   14973  -142.71     
   14974  -175.05     
   14975  -189.85     
   14976   209.61     
 
  ***** POST1 NODAL DEGREE OF FREEDOM LISTING *****                            
 
  LOAD STEP=     1  SUBSTEP=     1                                             
   TIME=    1.0000      LOAD CASE=   0                                         
 
    NODE       VOLT  
   14977   208.44     
   14978  -189.76     
   14979  -196.95     
   14980  -188.30     
   14981  -150.71     
   14982   209.35     
   14983   206.15     
   14984   209.94     
   14985   209.63     
   14986   210.77     
   14987  -189.88     
   14988  -203.23     
   14989  -304.21     
   14990  -304.53     
   14991  -303.89     
   14992  -93.909     
   14993  -96.117     
   14994  -115.95     
   14995   8.9013     
   14996  -142.27     
   14997  -197.47     
   14998  -197.45     
   14999   209.50     
   15000  -175.06     
   15001  -143.32     
   15002  -150.98     
   15003  -181.39     
   15004  -191.60     
   15005  -196.41     
   15006  -199.09     
   15007   196.53     
   15008   199.08     
   15009  -206.87     
   15010  -207.86     
   15011  -205.78     
   15012  -206.03     
   15013  -206.25     
   15014  -204.74     
   15015   210.18     
 
  ***** POST1 NODAL DEGREE OF FREEDOM LISTING *****                            
 
  LOAD STEP=     1  SUBSTEP=     1                                             
   TIME=    1.0000      LOAD CASE=   0                                         
 
    NODE       VOLT  
   15016   210.16     
   15017   210.14     
   15018   210.20     
   15019   210.32     
   15020  -200.61     
   15021  -140.29     
   15022  -282.08     
   15023  -282.40     
   15024  -256.58     
   15025  -256.90     
   15026  -257.22     
   15027  -231.40     
   15028  -231.72     
   15029  -206.54     
   15030  -206.22     
   15031  -301.77     
   15032  -301.45     
   15033  -301.12     
   15034   210.15     
   15035  -208.44     
   15036   233.50     
   15037  -307.58     
   15038  -307.26     
   15039  -307.90     
   15040  -200.68     
   15041  -200.04     
   15042  -200.41     
   15043  -199.76     
   15044   209.88     
   15045  -189.56     
   15046  -191.20     
   15047  -201.83     
   15048   246.91     
   15049   242.04     
   15050  -306.29     
   15051  -306.61     
   15052  -306.94     
   15053  -280.79     
   15054  -280.46     
 
  ***** POST1 NODAL DEGREE OF FREEDOM LISTING *****                            
 
  LOAD STEP=     1  SUBSTEP=     1                                             
   TIME=    1.0000      LOAD CASE=   0                                         
 
    NODE       VOLT  
   15055  -281.11     
   15056  -256.25     
   15057  -205.95     
   15058  -201.05     
   15059  -201.33     
   15060  -226.56     
   15061  -226.88     
   15062  -251.73     
   15063  -252.06     
   15064  -276.91     
   15065  -277.24     
   15066  -302.59     
   15067  -302.27     
   15068  -197.70     
   15069  -302.09     
   15070   209.94     
   15071   209.73     
   15072  -225.91     
   15073  -226.23     
   15074  -199.39     
   15075  -201.70     
   15076  -190.33     
   15077  -208.72     
   15078  -208.69     
   15079  -207.76     
   15080  -190.63     
   15081  -305.97     
   15082  -279.17     
   15083  -279.50     
   15084  -279.82     
   15085  -281.43     
   15086  -254.64     
   15087  -254.96     
   15088  -254.17     
   15089  -254.50     
   15090  -255.93     
   15091  -228.82     
   15092  -229.14     
   15093  -229.46     
 
  ***** POST1 NODAL DEGREE OF FREEDOM LISTING *****                            
 
  LOAD STEP=     1  SUBSTEP=     1                                             
   TIME=    1.0000      LOAD CASE=   0                                         
 
    NODE       VOLT  
   15094  -230.75     
   15095  -204.01     
   15096  -203.64     
   15097  -205.57     
   15098  -205.30     
   15099  -208.55     
   15100  -208.54     
   15101  -208.74     
   15102  -208.48     
   15103  -207.37     
   15104  -207.99     
   15105  -201.97     
   15106  -199.12     
   15107  -198.75     
   15108  -251.09     
   15109  -251.41     
   15110  -276.59     
   15111  -277.88     
   15112  -277.56     
   15113  -252.70     
   15114  -252.38     
   15115  -250.77     
   15116  -227.52     
   15117  -227.20     
   15118   352.04     
   15119   333.89     
   15120   425.47     
   15121   443.83     
   15122  -305.50     
   15123  -278.85     
   15124  -278.53     
   15125  -253.85     
   15126  -228.49     
   15127  -229.78     
   15128  -230.11     
   15129  -202.62     
   15130  -202.99     
   15131  -227.85     
   15132  -228.17     
 
  ***** POST1 NODAL DEGREE OF FREEDOM LISTING *****                            
 
  LOAD STEP=     1  SUBSTEP=     1                                             
   TIME=    1.0000      LOAD CASE=   0                                         
 
    NODE       VOLT  
   15133  -253.03     
   15134  -253.35     
   15135  -278.21     
   15136  -302.92     
   15137   128.93     
   15138  -204.93     
   15139  -204.65     
   15140  -204.28     
   15141  -250.44     
   15142   209.92     
   15143  -198.16     
   15144  -198.48     
   15145  -202.35     
   15146   185.73     
   15147   199.70     
   15148   201.10     
   15149  -208.68     
   15150  -207.60     
   15151  -208.71     
   15152   210.05     
   15153   462.19     
   15154  -305.18     
   15155  -304.85     
   15156   209.95     
   15157  -255.29     
   15158  -203.27     
   15159  -275.30     
   15160  -303.56     
   15161  -207.29     
   15162  -207.71     
   15163  -208.89     
   15164  -206.00     
   15165  -207.41     
   15166   58.322     
   15167  -181.78     
   15168  -199.06     
   15169  -190.96     
   15170  -276.27     
   15171   208.85     
 
  ***** POST1 NODAL DEGREE OF FREEDOM LISTING *****                            
 
  LOAD STEP=     1  SUBSTEP=     1                                             
   TIME=    1.0000      LOAD CASE=   0                                         
 
    NODE       VOLT  
   15172   209.23     
   15173   209.56     
   15174   208.17     
   15175   210.07     
   15176   209.89     
   15177   209.35     
   15178  -207.54     
   15179  -208.14     
   15180  -255.61     
   15181   315.95     
   15182   299.82     
   15183  -82.155     
   15184  -224.94     
   15185   209.94     
   15186   209.92     
   15187   209.91     
   15188   210.15     
   15189  -280.14     
   15190  -275.95     
   15191   258.86     
   15192   271.78     
   15193   205.25     
   15194   284.36     
   15195  -300.48     
   15196  -300.16     
   15197  -274.98     
   15198   210.12     
   15199   210.25     
   15200  -249.80     
   15201  -250.12     
   15202  -224.30     
   15203   210.08     
   15204  -224.62     
   15205  -303.24     
   15206  -300.80     
   15207   209.89     
   15208   209.89     
   15209   209.92     
   15210   209.82     
 
  ***** POST1 NODAL DEGREE OF FREEDOM LISTING *****                            
 
  LOAD STEP=     1  SUBSTEP=     1                                             
   TIME=    1.0000      LOAD CASE=   0                                         
 
    NODE       VOLT  
   15211   209.94     
   15212  -312.60     
   15213  -312.92     
   15214   196.00     
   15215   115.15     
   15216   208.07     
   15217  -314.54     
   15218  -314.66     
   15219   206.87     
   15220  -225.59     
   15221   177.21     
   15222   185.31     
   15223   133.83     
   15224  -311.96     
   15225  -311.63     
   15226  -275.62     
   15227  -225.26     
   15228  -197.93     
   15229  -230.43     
   15230  -299.51     
   15231  -299.83     
   15232  -274.33     
   15233  -274.65     
   15234  -249.15     
   15235  -249.48     
   15236  -223.97     
   15237   136.86     
   15238   190.60     
   15239   189.45     
   15240   199.55     
   15241   200.91     
   15242   198.76     
   15243   186.34     
   15244   208.80     
   15245   209.92     
   15246   209.83     
   15247   209.90     
   15248   205.32     
   15249  -312.28     
 
  ***** POST1 NODAL DEGREE OF FREEDOM LISTING *****                            
 
  LOAD STEP=     1  SUBSTEP=     1                                             
   TIME=    1.0000      LOAD CASE=   0                                         
 
    NODE       VOLT  
   15250  -231.08     
   15251  -108.29     
   15252  -139.66     
   15253   204.19     
   15254   190.13     
   15255  -207.62     
   15256  -311.13     
   15257  -311.31     
   15258  -207.45     
   15259   180.49     
   15260   189.38     
   15261   171.77     
   15262   190.17     
   15263  -298.87     
   15264  -299.19     
   15265  -298.54     
   15266  -248.74     
   15267  -248.56     
   15268  -249.06     
   15269  -248.74     
   15270  -249.06     
   15271  -223.33     
   15272  -223.65     
   15273   961.56     
   15274   968.12     
   15275   966.44     
   15276  -175.28     
   15277   60.337     
   15278   21.566     
   15279   62.277     
   15280   62.328     
   15281  -199.59     
   15282  -196.74     
   15283  -185.74     
   15284  -207.48     
   15285  -208.61     
   15286  -201.01     
   15287  -199.86     
   15288  -197.28     
 
  ***** POST1 NODAL DEGREE OF FREEDOM LISTING *****                            
 
  LOAD STEP=     1  SUBSTEP=     1                                             
   TIME=    1.0000      LOAD CASE=   0                                         
 
    NODE       VOLT  
   15289  -199.71     
   15290  -186.48     
   15291   108.50     
   15292  -286.13     
   15293  -274.01     
   15294  -273.69     
   15295  -223.00     
   15296  -232.04     
   15297   732.26     
   15298   768.99     
   15299   750.63     
   15300  -294.67     
   15301  -294.99     
   15302  -294.35     
   15303  -269.49     
   15304  -269.81     
   15305  -269.17     
   15306  -244.31     
   15307  -244.63     
   15308  -243.99     
   15309  -219.13     
   15310  -219.45     
   15311  -218.81     
   15312  -148.08     
   15313  -164.97     
   15314  -189.25     
   15315  -249.06     
   15316  -191.13     
   15317   208.81     
   15318  -286.28     
   15319  -208.42     
   15320   695.54     
   15321   713.90     
   15322   677.18     
   15323  -285.49     
   15324  -285.81     
   15325  -248.88     
   15326  -293.88     
   15327  -294.02     
 
  ***** POST1 NODAL DEGREE OF FREEDOM LISTING *****                            
 
  LOAD STEP=     1  SUBSTEP=     1                                             
   TIME=    1.0000      LOAD CASE=   0                                         
 
    NODE       VOLT  
   15328  -268.84     
   15329  -268.52     
   15330  -243.66     
   15331  -243.52     
   15332  -218.49     
   15333  -218.34     
   15334  -199.30     
   15335  -177.40     
   15336  -298.22     
   15337  -296.28     
   15338  -295.96     
   15339  -273.36     
   15340  -222.68     
   15341   208.67     
   15342   208.19     
   15343   186.57     
   15344   188.81     
   15345  -273.04     
   15346   658.82     
   15347  -293.56     
   15348  -293.23     
   15349  -268.20     
   15350  -243.20     
   15351  -242.88     
   15352  -284.66     
   15353  -284.34     
   15354  -284.98     
   15355   196.20     
   15356  -259.48     
   15357  -259.16     
   15358  -259.81     
   15359  -234.30     
   15360  -234.63     
   15361  -209.12     
   15362  -209.45     
   15363  -66.141     
   15364  -272.72     
   15365  -222.36     
   15366   961.19     
 
  ***** POST1 NODAL DEGREE OF FREEDOM LISTING *****                            
 
  LOAD STEP=     1  SUBSTEP=     1                                             
   TIME=    1.0000      LOAD CASE=   0                                         
 
    NODE       VOLT  
   15367   960.04     
   15368  -314.91     
   15369   190.64     
   15370   190.63     
   15371   173.69     
   15372   189.57     
   15373   90.779     
   15374   64.652     
   15375   210.00     
   15376   190.59     
   15377  -208.33     
   15378  -297.90     
   15379  -272.39     
   15380  -246.89     
   15381  -247.22     
   15382  -222.04     
   15383  -126.66     
   15384   640.46     
   15385  -261.74     
   15386  -261.42     
   15387  -292.91     
   15388  -292.59     
   15389  -260.95     
   15390  -267.55     
   15391  -267.23     
   15392  -242.55     
   15393  -242.23     
   15394  -217.05     
   15395  -217.37     
   15396  -217.70     
   15397  -218.02     
   15398  -297.57     
   15399  -297.25     
   15400  -272.07     
   15401  -221.71     
   15402  -314.91     
   15403  -314.79     
   15404  -314.88     
   15405  -314.91     
 
  ***** POST1 NODAL DEGREE OF FREEDOM LISTING *****                            
 
  LOAD STEP=     1  SUBSTEP=     1                                             
   TIME=    1.0000      LOAD CASE=   0                                         
 
    NODE       VOLT  
   15406  -314.82     
   15407  -314.80     
   15408  -314.68     
   15409  -314.88     
   15410  -314.78     
   15411  -314.89     
   15412  -314.89     
   15413  -77.909     
   15414   209.66     
   15415  -191.06     
   15416  -260.31     
   15417  -260.63     
   15418  -261.10     
   15419  -258.51     
   15420  -271.75     
   15421  -246.57     
   15422  -221.39     
   15423  -124.15     
   15424  -61.404     
   15425   177.61     
   15426  -209.95     
   15427  -235.13     
   15428  -235.45     
   15429  -267.88     
   15430  -241.58     
   15431  -216.55     
   15432  -196.36     
   15433  -283.69     
   15434  -284.02     
   15435  -258.84     
   15436  -233.33     
   15437  -233.66     
   15438  -233.98     
   15439  -208.16     
   15440  -208.48     
   15441  -208.80     
   15442  -127.91     
   15443  -136.09     
   15444  -108.72     
 
  ***** POST1 NODAL DEGREE OF FREEDOM LISTING *****                            
 
  LOAD STEP=     1  SUBSTEP=     1                                             
   TIME=    1.0000      LOAD CASE=   0                                         
 
    NODE       VOLT  
   15445  -314.79     
   15446  -60.354     
   15447  -31.957     
   15448  -161.42     
   15449  -208.30     
   15450   205.99     
   15451  -208.79     
   15452  -208.77     
   15453  -188.49     
   15454   894.60     
   15455   910.04     
   15456   961.19     
   15457   954.63     
   15458   962.87     
   15459   961.35     
   15460   953.48     
   15461   966.44     
   15462   966.60     
   15463   967.75     
   15464   966.60     
   15465  -199.07     
   15466   585.37     
   15467   567.01     
   15468  -235.77     
   15469  -292.09     
   15470  -233.01     
   15471  -266.58     
   15472  -266.26     
   15473  -216.23     
   15474  -18.534     
   15475  -296.61     
   15476  -296.93     
   15477  -271.43     
   15478  -271.10     
   15479  -246.25     
   15480  -245.92     
   15481  -235.92     
   15482  -221.07     
   15483  -220.75     
 
  ***** POST1 NODAL DEGREE OF FREEDOM LISTING *****                            
 
  LOAD STEP=     1  SUBSTEP=     1                                             
   TIME=    1.0000      LOAD CASE=   0                                         
 
    NODE       VOLT  
   15484  -310.81     
   15485  -210.59     
   15486  -210.27     
   15487   622.10     
   15488  -18.941     
   15489   189.35     
   15490   201.08     
   15491   199.25     
   15492   186.22     
   15493   177.77     
   15494   196.91     
   15495   199.81     
   15496   209.99     
   15497  -207.66     
   15498  -207.66     
   15499  -207.50     
   15500  -208.62     
   15501  -208.76     
   15502   388.75     
   15503  -290.47     
   15504  -290.15     
   15505  -290.79     
   15506  -258.19     
   15507  -265.29     
   15508  -264.97     
   15509  -265.62     
   15510  -240.11     
   15511  -239.79     
   15512  -240.44     
   15513  -214.93     
   15514  -214.61     
   15515   842.43     
   15516   873.32     
   15517   824.07     
   15518  -282.72     
   15519   370.39     
   15520  -310.49     
   15521  -283.37     
   15522  -207.83     
 
  ***** POST1 NODAL DEGREE OF FREEDOM LISTING *****                            
 
  LOAD STEP=     1  SUBSTEP=     1                                             
   TIME=    1.0000      LOAD CASE=   0                                         
 
    NODE       VOLT  
   15523  -211.38     
   15524  -211.06     
   15525  -308.87     
   15526  -308.55     
   15527   511.93     
   15528   493.57     
   15529  -76.974     
   15530  -189.77     
   15531   203.07     
   15532  -203.21     
   15533   21.930     
   15534  -138.24     
   15535  -149.30     
   15536   548.65     
   15537   205.67     
   15538   173.29     
   15539  -200.80     
   15540  -270.46     
   15541  -270.14     
   15542   407.11     
   15543  -289.83     
   15544  -289.50     
   15545  -140.07     
   15546  -239.47     
   15547  -239.15     
   15548  -214.29     
   15549  -215.26     
   15550   475.20     
   15551   805.71     
   15552   946.76     
   15553  -189.38     
   15554   928.40     
   15555  -314.80     
   15556  -219.78     
   15557  -270.78     
   15558  -245.60     
   15559  -220.42     
   15560   108.46     
   15561   106.35     
 
  ***** POST1 NODAL DEGREE OF FREEDOM LISTING *****                            
 
  LOAD STEP=     1  SUBSTEP=     1                                             
   TIME=    1.0000      LOAD CASE=   0                                         
 
    NODE       VOLT  
   15562  -310.16     
   15563  -295.64     
   15564  -295.31     
   15565  -308.23     
   15566  -286.60     
   15567  -190.75     
   15568  -208.31     
   15569   175.95     
   15570   787.35     
   15571  -78.479     
   15572  -60.828     
   15573   209.70     
   15574   60.764     
   15575  -32.216     
   15576  -289.18     
   15577  -288.86     
   15578  -264.32     
   15579  -264.00     
   15580  -264.65     
   15581  -263.68     
   15582  -238.82     
   15583  -213.97     
   15584  -213.64     
   15585  -190.04     
   15586   203.48     
   15587  -283.05     
   15588  -257.55     
   15589  -257.87     
   15590  -232.69     
   15591  -207.51     
   15592  -207.19     
   15593  -309.84     
   15594  -178.22     
   15595  -133.22     
   15596  -241.91     
   15597  -190.59     
   15598  -208.27     
   15599  -288.54     
   15600   49.727     
 
  ***** POST1 NODAL DEGREE OF FREEDOM LISTING *****                            
 
  LOAD STEP=     1  SUBSTEP=     1                                             
   TIME=    1.0000      LOAD CASE=   0                                         
 
    NODE       VOLT  
   15601  -263.36     
   15602  -238.50     
   15603  -238.18     
   15604  -237.85     
   15605  -213.32     
   15606  -213.00     
   15607  -212.67     
   15608  -313.89     
   15609  -314.29     
   15610  -245.28     
   15611  -220.10     
   15612  -206.86     
   15613  -309.52     
   15614   530.29     
   15615   603.73     
   15616  -208.55     
   15617  -232.37     
   15618  -197.10     
   15619  -313.57     
   15620  -288.21     
   15621  -291.12     
   15622  -287.89     
   15623  -287.57     
   15624  -263.03     
   15625  -262.71     
   15626  -262.39     
   15627  -291.76     
   15628  -291.44     
   15629  -212.35     
   15630  -237.53     
   15631  -313.25     
   15632  -212.03     
   15633  -309.19     
   15634  -265.94     
   15635  -210.74     
   15636  -236.24     
   15637  -236.56     
   15638  -287.24     
   15639  -286.92     
 
  ***** POST1 NODAL DEGREE OF FREEDOM LISTING *****                            
 
  LOAD STEP=     1  SUBSTEP=     1                                             
   TIME=    1.0000      LOAD CASE=   0                                         
 
    NODE       VOLT  
   15640  -262.06     
   15641  -237.21     
   15642  -236.89     
   15643  -211.71     
   15644  -266.91     
   15645  -241.26     
   15646  -240.94     
   15647  -215.58     
   15648  -215.90     

 MAXIMUM ABSOLUTE VALUES
 NODE          30
 VALUE    972.99     

