
 LIST ALL SELECTED ELEMENTS.  (LIST NODES)
 
    ELEM MAT TYP REL ESY SEC        NODES
 
       1   3   1   1   0   1    849  1134   847   828  3574  3575   848  3070
                               1121  3069
       2   3   1   1   0   1   3077  3078  1947  3079  3576  3577  3578  3579
                               3580  3581
       3   3   1   1   0   1   3080  3077  3078  1947  3582  3576  3583  3584
                               3578  3577
       4   3   1   1   0   1   3079  3077  1948  1947  3579  3585  3586  3581
                               3578  1574
       5   3   1   1   0   1   1948  3079  1917  3077  3586  3587  1624  3585
                               3579  3588
       6   3   1   1   0   1   3079  1916  1947  1948  3589  1626  3581  3586
                               1625  1574
       7   3   1   1   0   1   3079  3081  3082  3083  3590  3591  3592  3593
                               3594  3595
       8   3   1   1   0   1   1429  3084  3050  3085  3596  3597  3598  3599
                               3600  3601
       9   3   1   1   0   1   3050  3085   910  1429  3601  3602  3026  3598
                               3599  3603
      10   3   1   1   0   1   3085  3084  3050   685  3600  3597  3601  3604
                               3605  3025
 
    ELEM MAT TYP REL ESY SEC        NODES
 
      11   3   1   1   0   1    685  3085   910  3050  3604  3602  3047  3025
                               3601  3026
      12   3   1   1   0   1   3083  1438  1875  3086  3606  3607  3608  3609
                               3610  3611
      13   3   1   1   0   1   3082  3083  1438  1875  3595  3606  3612  3613
                               3608  3607
      14   3   1   1   0   1   3087  3088  3089  3090  3614  3615  3616  3617
                               3618  3619
      15   3   1   1   0   1   3086  1875  3083  1876  3611  3608  3609  3620
                               1775  3621
      16   3   1   1   0   1   3086  3083  1439  1876  3609  3622  3623  3620
                               3621  3624
      17   3   1   1   0   1   3086  3083  1438  1439  3609  3606  3610  3623
                               3622  1382
      18   3   1   1   0   1   3090  3091  3092  3088  3625  3626  3627  3618
                               3628  3629
      19   3   1   1   0   1   3090  3093  3094  3089  3630  3631  3632  3619
                               3633  3634
      20   3   1   1   0   1   3090  3093  3095  3096  3630  3635  3636  3637
                               3638  3639
 
    ELEM MAT TYP REL ESY SEC        NODES
 
      21   3   1   1   0   1   3097  2443  2433  2454  3640  2341  3641  3642
                               2305  2336
      22   3   1   1   0   1   3090  3089  3087  3098  3619  3616  3617  3643
                               3644  3645
      23   3   1   1   0   1   3088  3089  3090  3091  3615  3619  3618  3628
                               3646  3625
      24   3   1   1   0   1   3099  3100  3101  3102  3647  3648  3649  3650
                               3651  3652
      25   3   1   1   0   1   3099  3100  3103  3104  3647  3653  3654  3655
                               3656  3657
      26   3   1   1   0   1   3099  3100  3105  3103  3647  3658  3659  3654
                               3653  3660
      27   3   1   1   0   1   3106  3107  3108  3109  3661  3662  3663  3664
                               3665  3666
      28   3   1   1   0   1   3110  3111  3112  3113  3667  3668  3669  3670
                               3671  3672
      29   3   1   1   0   1   3106  3114  3115  3116  3673  3674  3675  3676
                               3677  3678
      30   3   1   1   0   1   3106  3117  3118  3119  3679  3680  3681  3682
                               3683  3684
 
    ELEM MAT TYP REL ESY SEC        NODES
 
      31   3   1   1   0   1   3106  3114  3120  3117  3673  3685  3686  3679
                               3687  3688
      32   3   1   1   0   1   3106  3118  3120  3121  3681  3689  3686  3690
                               3691  3692
      33   3   1   1   0   1   3122  3123  3124  3125  3693  3694  3695  3696
                               3697  3698
      34   3   1   1   0   1   3126  3123  3127  3128  3699  3700  3701  3702
                               3703  3704
      35   3   1   1   0   1   3123  3122  3126  3129  3693  3705  3699  3706
                               3707  3708
      36   3   1   1   0   1   3130  3123  3125  3124  3709  3697  3710  3711
                               3694  3698
      37   3   1   1   0   1   3123  3124  3130  3131  3694  3711  3709  3712
                               3713  3714
      38   3   1   1   0   1   3123  3129  3127  3131  3706  3715  3700  3712
                               3716  3717
      39   3   1   1   0   1   3132  3133  1434  1029  3718  3719  3720  3721
                               3722  1415
      40   3   1   1   0   1   3123  3134  3124  3135  3723  3724  3694  3725
                               3726  3727
 
    ELEM MAT TYP REL ESY SEC        NODES
 
      41   3   1   1   0   1   3123  3124  3134  3136  3694  3724  3723  3728
                               3729  3730
      42   3   1   1   0   1   3137    43   762  3021  3731   761  3732  3733
                               2521  2519
      43   3   1   1   0   1   3122  3128  3138  3123  3734  3735  3736  3693
                               3703  3737
      44   3   1   1   0   1   3123  3135  3124  3131  3725  3727  3694  3712
                               3738  3713
      45   3   1   1   0   1   3123  3127  3128  3139  3700  3704  3703  3739
                               3740  3741
      46   3   1   1   0   1   3140  3141  3142  3143  3742  3743  3744  3745
                               3746  3747
      47   3   1   1   0   1   3143  3141  3142  3144  3746  3743  3747  3748
                               3749  3750
      48   3   1   1   0   1   3145   958  2182   956  3751  2180  3752  3753
                                957  2177
      49   3   1   1   0   1   3146  3147  3148  3149  3754  3755  3756  3757
                               3758  3759
      50   3   1   1   0   1   3141  1944  3147  3142  3760  3761  3762  3743
                               3763  3764
 
    ELEM MAT TYP REL ESY SEC        NODES
 
      51   3   1   1   0   1   3150   646  2288  2287  3765  2257  3766  3767
                               2258  2240
      52   3   1   1   0   1   3141  3147  1944  3149  3762  3761  3760  3768
                               3758  3769
      53   3   1   1   0   1   3141  3143  3125  3151  3746  3770  3771  3772
                               3773  3774
      54   3   1   1   0   1   3141  3149  3151  3152  3768  3775  3772  3776
                               3777  3778
      55   3   1   1   0   1   3153   778  2433  3154  3779  3780  3781  3782
                               3783  3784
      56   3   1   1   0   1   2433   778    15  3022  3780   779  2429  3785
                               2516  2517
      57   3   1   1   0   1   3153  2286  3155  2279  3786  3787  3788  3789
                               2196  3790
      58   3   1   1   0   1   2489   778    15  2433  2465   779  2467  3791
                               3780  2429
      59   3   1   1   0   1   3153  2433   806  2279  3781  2392  3792  3789
                               3793  2274
      60   3   1   1   0   1   3153  2489   778   650  3794  2465  3779  3795
                               2464  2486
 
    ELEM MAT TYP REL ESY SEC        NODES
 
      61   3   1   1   0   1   2489   806    37  2296  3796   805  2466  3797
                               2212  2214
      62   3   1   1   0   1   2433   806    37  2489  2392   805  2312  3791
                               3796  2466
      63   3   1   1   0   1   3156  2298    39   810  3798  2206  3799  3800
                               2205   811
      64   3   1   1   0   1    813  3156  2100  2118  3801  3802  2095  2030
                               3803  2023
      65   3   1   1   0   1   3156    39  2118   813  3799  2032  3803  3801
                                812  2030
      66   3   1   1   0   1   3156  3157  2298   810  3804  3805  3798  3800
                               3806  2205
      67   3   1   1   0   1   2109  3156  2100  3158  3807  3802  2017  3808
                               3809  3810
      68   3   1   1   0   1   3156  3157  2282  2298  3804  3811  3812  3798
                               3805  2203
      69   3   1   1   0   1   3156    39  2298   661  3799  2206  3798  3813
                                662  2204
      70   3   1   1   0   1   3159  3160  3161  3114  3814  3815  3816  3817
                               3818  3819
 
    ELEM MAT TYP REL ESY SEC        NODES
 
      71   3   1   1   0   1   3160  3116  3114  3159  3820  3677  3818  3814
                               3821  3817
      72   3   1   1   0   1   3114  3159  2450  3161  3817  3822  3823  3819
                               3816  3824
      73   3   1   1   0   1   3021    43   949  2183  2521   950  2520  3825
                               2178  2179
      74   3   1   1   0   1   3114  3162  3163  3116  3826  3827  3828  3677
                               3829  3830
      75   3   1   1   0   1   3114  3120  3117  2448  3685  3688  3687  3831
                               3832  3833
      76   3   1   1   0   1   3106  3114  3162  3120  3673  3826  3834  3686
                               3685  3835
      77   3   1   1   0   1   3114  3162  2448  2455  3826  3836  3831  3837
                               3838  2360
      78   3   1   1   0   1   2922   934  2444  3164  2867  2405  3839  3840
                               3841  3842
      79   3   1   1   0   1   3164  2924  3165  2961  3843  3844  3845  3846
                               2747  3847
      80   3   1   1   0   1   3164  3166  3167  3168  3848  3849  3850  3851
                               3852  3853
 
    ELEM MAT TYP REL ESY SEC        NODES
 
      81   3   1   1   0   1   3164  3166  3169  3170  3848  3854  3855  3856
                               3857  3858
      82   3   1   1   0   1   3171  3172  3016  3135  3859  3860  3861  3862
                               3863  3864
      83   3   1   1   0   1   3171  3173  3017  3014  3865  3866  3867  3868
                               3869  2535
      84   3   1   1   0   1   3012  3174  3018  3171  3870  3871  2537  3872
                               3873  3874
      85   3   1   1   0   1   3171  3172  3014  3016  3859  3875  3868  3861
                               3860  2534
      86   3   1   1   0   1   3175  3176  3177  1900  3876  3877  3878  3879
                               3880  3881
      87   3   1   1   0   1   3178  3179   894  1211  3882  3883  3884  3885
                               3886  3887
      88   3   1   1   0   1   3178  3180  3181  1217  3888  3889  3890  3891
                               3892  3893
      89   3   1   1   0   1   1217  3178  1213  1211  3891  3894  1183  1153
                               3885  1188
      90   3   1   1   0   1   3179  3182  3181  3178  3895  3896  3897  3882
                               3898  3890
 
    ELEM MAT TYP REL ESY SEC        NODES
 
      91   3   1   1   0   1   3183  3179  3182  3181  3899  3895  3900  3901
                               3897  3896
      92   3   1   1   0   1   3178  3182  3181  3184  3898  3896  3890  3902
                               3903  3904
      93   3   1   1   0   1   3178  3184  3185  3182  3902  3905  3906  3898
                               3903  3907
      94   3   1   1   0   1   3093  3089  3186  3094  3633  3908  3909  3631
                               3634  3910
      95   3   1   1   0   1   3093  3136  3094  3186  3911  3912  3631  3909
                               3913  3910
      96   3   1   1   0   1   3093  3095  3138  3187  3635  3914  3915  3916
                               3917  3918
      97   3   1   1   0   1   3093  3172  3096  3092  3919  3920  3638  3921
                               3922  3923
      98   3   1   1   0   1   3188  3189  3190  3089  3924  3925  3926  3927
                               3928  3929
      99   3   1   1   0   1   3156    39   661  2118  3799   662  3813  3803
                               2032  2031
     100   3   1   1   0   1   3089  3191  3188  3087  3930  3931  3927  3616
                               3932  3933
 
    ELEM MAT TYP REL ESY SEC        NODES
 
     101   3   1   1   0   1   3089  3098  3192  3087  3644  3934  3935  3616
                               3645  3936
     102   3   1   1   0   1   3090  3089  3094  3091  3619  3634  3632  3625
                               3646  3937
     103   3   1   1   0   1   3089  3094  3193  3186  3634  3938  3939  3908
                               3910  3940
     104   3   1   1   0   1   3089  3194  3188  3186  3941  3942  3927  3908
                               3943  3944
     105   3   1   1   0   1   3090  3098  3095  3189  3643  3945  3636  3946
                               3947  3948
     106   3   1   1   0   1   3089  3098  3189  3192  3644  3947  3928  3935
                               3934  3949
     107   3   1   1   0   1   3195  3196  3197  3198  3950  3951  3952  3953
                               3954  3955
     108   3   1   1   0   1   1148  1131  1215  3199  1062  3956  3957  3958
                               3959  3960
     109   3   1   1   0   1   3166  3197  3198  2989  3961  3955  3962  3963
                               3964  3965
     110   3   1   1   0   1   3166  3167  3197  2989  3849  3966  3961  3963
                               3967  3964
 
    ELEM MAT TYP REL ESY SEC        NODES
 
     111   3   1   1   0   1   3166  3200  3163  3169  3968  3969  3970  3854
                               3971  3972
     112   3   1   1   0   1   3166  3201  3197  3167  3973  3974  3961  3849
                               3975  3966
     113   3   1   1   0   1   3166  3101  3163  3196  3976  3977  3970  3978
                               3979  3980
     114   3   1   1   0   1   3166  3163  3200  3196  3970  3969  3968  3978
                               3980  3981
     115   3   1   1   0   1   3166  3169  3102  3168  3854  3982  3983  3852
                               3984  3985
     116   3   1   1   0   1   3164  3167  3165  3168  3850  3986  3845  3851
                               3853  3987
     117   3   1   1   0   1   3202  3081  3077  3083  3988  3989  3990  3991
                               3594  3992
     118   3   1   1   0   1   3202  3077  3203  3204  3990  3993  3994  3995
                               3996  3997
     119   3   1   1   0   1   3202  3081  3205  3206  3988  3998  3999  4000
                               4001  4002
     120   3   1   1   0   1   3202  3081  3083  3205  3988  3594  3991  3999
                               3998  4003
 
    ELEM MAT TYP REL ESY SEC        NODES
 
     121   3   1   1   0   1   3202  3207  3208  3209  4004  4005  4006  4007
                               4008  4009
     122   3   1   1   0   1   3124  3210  3130  3131  4010  4011  3711  3713
                               4012  3714
     123   3   1   1   0   1   3124  3130  3210  3211  3711  4011  4010  4013
                               4014  4015
     124   3   1   1   0   1   3124  3211  3135  3134  4013  4016  3727  3724
                               4017  3726
     125   3   1   1   0   1   3099  3212  3213  3102  4018  4019  4020  3650
                               4021  4022
     126   3   1   1   0   1    659  2283  3214   657  2266  4023  4024   658
                               2267  4025
     127   3   1   1   0   1   3215  3216  3105  3213  4026  4027  4028  4029
                               4030  4031
     128   3   1   1   0   1   3100  3105  3103  3217  3658  3660  3653  4032
                               4033  4034
     129   3   1   1   0   1   3218  3184  3219  3220  4035  4036  4037  4038
                               4039  4040
     130   3   1   1   0   1   3100  3221  3101  3222  4041  4042  3648  4043
                               4044  4045
 
    ELEM MAT TYP REL ESY SEC        NODES
 
     131   3   1   1   0   1   3100  3221  3222  3223  4041  4044  4043  4046
                               4047  4048
     132   3   1   1   0   1   3224  3225  3226  3211  4049  4050  4051  4052
                               4053  4054
     133   3   1   1   0   1   3224  3124  3130  3143  4055  3711  4056  4057
                               4058  4059
     134   3   1   1   0   1   3224  3227  3228  1450  4060  4061  4062  4063
                               4064  4065
     135   3   1   1   0   1   3156   661  2109  2118  3813  2076  3807  3803
                               2031  2029
     136   3   1   1   0   1   3224  3211  3229  3225  4052  4066  4067  4049
                               4053  4068
     137   3   1   1   0   1   3224  3227  3230  3228  4060  4069  4070  4062
                               4061  4071
     138   3   1   1   0   1   3231  3232  3233  3208  4072  4073  4074  4075
                               4076  4077
     139   3   1   1   0   1   3231  3234  3235  3233  4078  4079  4080  4074
                               4081  4082
     140   3   1   1   0   1   3231  3234  3236  3235  4078  4083  4084  4080
                               4079  4085
 
    ELEM MAT TYP REL ESY SEC        NODES
 
     141   3   1   1   0   1   3231  3237  3238  3239  4086  4087  4088  4089
                               4090  4091
     142   3   1   1   0   1   3231  3237  3240  3234  4086  4092  4093  4078
                               4094  4095
     143   3   1   1   0   1   3231  3241  3242  3238  4096  4097  4098  4088
                               4099  4100
     144   3   1   1   0   1   3243  3242  3236  3241  4101  4102  4103  4104
                               4097  4105
     145   3   1   1   0   1   3242  3236  3241  3231  4102  4105  4097  4098
                               4084  4096
     146   3   1   1   0   1   3160  3116  3244  3245  3820  4106  4107  4108
                               4109  4110
     147   3   1   1   0   1   3160  3116  3245  3115  3820  4109  4108  4111
                               3678  4112
     148   3   1   1   0   1   3160  3246  3247  3248  4113  4114  4115  4116
                               4117  4118
     149   3   1   1   0   1   3160  3116  3159  3212  3820  3821  3814  4119
                               4120  4121
     150   3   1   1   0   1   3115  3116  3114  3160  3678  3677  3674  4111
                               3820  3818
 
    ELEM MAT TYP REL ESY SEC        NODES
 
     151   3   1   1   0   1   3249  2925  3250  2963  4122  4123  4124  4125
                               2742  4126
     152   3   1   1   0   1   3251  2463  3252  3249  4127  4128  4129  4130
                               4131  4132
     153   3   1   1   0   1   3130  1431  1450  1445  4133  1354  4134  4135
                               1353  1344
     154   3   1   1   0   1   2463  3253  3251  3254  4136  4137  4127  4138
                               4139  4140
     155   3   1   1   0   1   2282   659  2109   661  2269  2075  4141  2268
                                660  2076
     156   3   1   1   0   1   3249  3250  2925  2445  4124  4123  4122  4142
                               4143  4144
     157   3   1   1   0   1    659   657  3255  2110   658  4145  4146  2074
                               2073  4147
     158   3   1   1   0   1   3249  2446  3250  2445  4148  4149  4124  4142
                               2338  4143
     159   3   1   1   0   1   3256  3257  3132  2954  4150  4151  4152  4153
                               4154  4155
     160   3   1   1   0   1   3256  3020  1435  2193  4156  4157  4158  4159
                               4160  4161
 
    ELEM MAT TYP REL ESY SEC        NODES
 
     161   3   1   1   0   1   3256  3132  2912  2954  4152  4162  4163  4153
                               4155  2762
     162   3   1   1   0   1   3117  2437  2449  2436  4164  2382  4165  4166
                               2389  2381
     163   3   1   1   0   1   2912  2913  1435  3256  2811  4167  4168  4163
                               4169  4158
     164   3   1   1   0   1   3256  3238  3258  1435  4170  4171  4172  4158
                               4173  4174
     165   3   1   1   0   1   3256  3258  3238  3259  4172  4171  4170  4175
                               4176  4177
     166   3   1   1   0   1   3156  3158  2282  3260  3809  4178  3812  4179
                               4180  4181
     167   3   1   1   0   1   3156  2454  3157   810  4182  4183  3804  3800
                               2370  3806
     168   3   1   1   0   1   3158  3156  2454  3260  3809  4182  4184  4180
                               4179  4185
     169   3   1   1   0   1   3157  3155  3261  2278  4186  4187  4188  4189
                               4190  4191
     170   3   1   1   0   1   3157  3261  2282  2278  4188  4192  3811  4189
                               4191  2247
 
    ELEM MAT TYP REL ESY SEC        NODES
 
     171   3   1   1   0   1   3151  3141  3152  3125  3772  3776  3778  3774
                               3771  4193
     172   3   1   1   0   1   3262  2434  1881  2435  4194  4195  4196  4197
                               2390  4198
     173   3   1   1   0   1   1009  1869  1007  1214  1861  1862  1008  1200
                               4199  1199
     174   3   1   1   0   1   3263  3151  3264  3148  4200  4201  4202  4203
                               4204  4205
     175   3   1   1   0   1   3148  3151  3264  3265  4204  4201  4205  4206
                               4207  4208
     176   3   1   1   0   1   3151  3148  3149  3265  4204  3759  3775  4207
                               4206  4209
     177   3   1   1   0   1   3151  3125  3152  3122  3774  4193  3778  4210
                               3696  4211
     178   3   1   1   0   1   3266  3267  3268  3269  4212  4213  4214  4215
                               4216  4217
     179   3   1   1   0   1   3264  3122  3229  3151  4218  4219  4220  4201
                               4210  4221
     180   3   1   1   0   1    940    15  3022  2433   941  2517  2515  2428
                               2429  3785
 
    ELEM MAT TYP REL ESY SEC        NODES
 
     181   3   1   1   0   1   3201  3270  3174  3197  4222  4223  4224  3974
                               4225  4226
     182   3   1   1   0   1   3166  3101  3201  3102  3976  4227  3973  3983
                               3652  4228
     183   3   1   1   0   1   3222  3271  3272  3273  4229  4230  4231  4232
                               4233  4234
     184   3   1   1   0   1   3274  3271  3272  3222  4235  4230  4236  4237
                               4229  4231
     185   3   1   1   0   1   3201  3102  3222  3274  4228  4238  4239  4240
                               4241  4237
     186   3   1   1   0   1   3163  3200  3162  2455  3969  4242  3827  4243
                               4244  3838
     187   3   1   1   0   1   3099  3100  3213  3105  3647  4245  4020  3659
                               3658  4031
     188   3   1   1   0   1   3099  3102  3163  3212  3650  4246  4247  4018
                               4021  4248
     189   3   1   1   0   1   3163  3159  3116  3212  4249  3821  3830  4248
                               4121  4120
     190   3   1   1   0   1   3163  3196  3108  3200  3980  4250  4251  3969
                               3981  4252
 
    ELEM MAT TYP REL ESY SEC        NODES
 
     191   3   1   1   0   1   3275  1316  1314  1312  4253  1238  4254  4255
                               1241  1242
     192   3   1   1   0   1   3085  1307   683   908  4256  1285  4257  4258
                               4259  3033
     193   3   1   1   0   1   3085  3276  2930  3024  4260  4261  4262  4263
                               4264  2505
     194   3   1   1   0   1   3085  3276  3024  1429  4260  4264  4263  3599
                               4265  4266
     195   3   1   1   0   1   3085  3276  1429  3277  4260  4265  3599  4267
                               4268  4269
     196   3   1   1   0   1      1  3084  1429    46  4270  3596  1331    45
                               4271  1394
     197   3   1   1   0   1   3084  3050   685     1  3597  3025  3605  4270
                               3027   686
     198   3   1   1   0   1   3085   685   683  1306  3604   684  4257  4272
                               1287  1286
     199   3   1   1   0   1   3278  2446  2928  2927  4273  4274  4275  4276
                               4277  2798
     200   3   1   1   0   1   3085  3276   908  2930  4260  4278  4258  4262
                               4261  2850
 
    ELEM MAT TYP REL ESY SEC        NODES
 
     201   3   1   1   0   1   3106  3116  3245  3279  3676  4109  4279  4280
                               4281  4282
     202   3   1   1   0   1   3107  3280  3162  3108  4283  4284  4285  3662
                               4286  4287
     203   3   1   1   0   1   3116  3114  3159  3163  3677  3817  3821  3830
                               3828  4249
     204   3   1   1   0   1   3099  3163  3101  3108  4247  3977  3649  4288
                               4251  4289
     205   3   1   1   0   1   3106  3109  3279  3281  3664  4290  4280  4291
                               4292  4293
     206   3   1   1   0   1   3106  3108  3279  3109  3663  4294  4280  3664
                               3666  4290
     207   3   1   1   0   1   3166  3101  3196  3282  3976  3979  3978  4295
                               4296  4297
     208   3   1   1   0   1   3196  3091  3283  3195  4298  4299  4300  3950
                               4301  4302
     209   3   1   1   0   1   3196  3283  3284  2443  4300  4303  4304  4305
                               4306  4307
     210   3   1   1   0   1   3196  3283  2443  3170  4300  4306  4305  4308
                               4309  4310
 
    ELEM MAT TYP REL ESY SEC        NODES
 
     211   3   1   1   0   1   3196  3283  3170  3198  4300  4309  4308  3954
                               4311  4312
     212   3   1   1   0   1   3285  1892  2194  1982  4313  4314  4315  4316
                               1465  4317
     213   3   1   1   0   1   1983  1869  1889  1222  1485  1762  1467  4318
                               4319  4320
     214   3   1   1   0   1   3285  3243  3286  3241  4321  4322  4323  4324
                               4104  4325
     215   3   1   1   0   1   3285  3287  2189  2184  4326  4327  4328  4329
                               4330  2123
     216   3   1   1   0   1   3285  1451  3286  1441  4331  4332  4323  4333
                               1321  4334
     217   3   1   1   0   1   3285  2194    98  1452  4315  2135  4335  4336
                               4337  1337
     218   3   1   1   0   1   1451  2189    98  3285  4338  2128  1335  4331
                               4328  4335
     219   3   1   1   0   1     96  1451  2189    98  1342  4338  2149    97
                               1335  2128
     220   3   1   1   0   1   3285  1451  3241  3286  4331  4339  4324  4323
                               4332  4325
 
    ELEM MAT TYP REL ESY SEC        NODES
 
     221   3   1   1   0   1   3288  3082  1437  3147  4340  4341  4342  4343
                               4344  4345
     222   3   1   1   0   1   3288  1437  3082  1446  4342  4341  4340  4346
                               1364  4347
     223   3   1   1   0   1   3288  3289  3152  3125  4348  4349  4350  4351
                               4352  4193
     224   3   1   1   0   1   1449  3140  3125  3288  4353  4354  4355  4356
                               4357  4351
     225   3   1   1   0   1   3290  3277  3275  3291  4358  4359  4360  4361
                               4362  4363
     226   3   1   1   0   1   3288  3081  3083  3082  4364  3594  4365  4340
                               3591  3595
     227   3   1   1   0   1   3288  3289  1446  3205  4348  4366  4346  4367
                               4368  4369
     228   3   1   1   0   1   3152  3081  3263  3122  4370  4371  4372  4211
                               4373  4374
     229   3   1   1   0   1   3141  3151  3229  3143  3772  4221  4375  3746
                               3773  4376
     230   3   1   1   0   1   3151  3122  3152  3263  4210  4211  3778  4200
                               4374  4372
 
    ELEM MAT TYP REL ESY SEC        NODES
 
     231   3   1   1   0   1   3126  3127  3292  3128  3701  4377  4378  3702
                               3704  4379
     232   3   1   1   0   1   3129  3126  3123  3127  3708  3699  3706  3715
                               3701  3700
     233   3   1   1   0   1   3293  3155  2295  3261  4380  4381  4382  4383
                               4187  4384
     234   3   1   1   0   1   3153  3293  3155  2286  4385  4380  3788  3786
                               4386  3787
     235   3   1   1   0   1   3294  2969  2934  2968  4387  2728  4388  4389
                               2688  2729
     236   3   1   1   0   1   2996  3295  3296  3011  4390  4391  4392  2567
                               4393  4394
     237   3   1   1   0   1   3293  3297  3155  3261  4395  4396  4380  4383
                               4397  4187
     238   3   1   1   0   1   3293  3297  3088  3154  4395  4398  4399  4400
                               4401  4402
     239   3   1   1   0   1   3293  2939  3154  3088  4403  4404  4400  4399
                               4405  4402
     240   3   1   1   0   1   3293  3150   774  2939  4406  4407  4408  4403
                               4409  2832
 
    ELEM MAT TYP REL ESY SEC        NODES
 
     241   3   1   1   0   1   3298   721  3299  2103  4410  4411  4412  4413
                               4414  4415
     242   3   1   1   0   1   3298   700   698   719  4416   699  4417  4418
                               1998  2011
     243   3   1   1   0   1   3298  3300  1902   717  4419  4420  4421  4422
                               4423  1796
     244   3   1   1   0   1   3298  2105  3301  3300  4424  4425  4426  4419
                               4427  4428
     245   3   1   1   0   1   3298  2103   700   719  4413  2090  4416  4418
                               4429  1998
     246   3   1   1   0   1   3298  1902  3300  3302  4421  4420  4419  4430
                               4431  4432
     247   3   1   1   0   1   3106  3245  3115  3281  4279  4112  3675  4291
                               4433  4434
     248   3   1   1   0   1   3279  3303  3267  3266  4435  4436  4437  4438
                               4439  4212
     249   3   1   1   0   1   3279  3103  3303  3266  4440  4441  4435  4438
                               4442  4439
     250   3   1   1   0   1   3109  3281  1973  3279  4292  4443  4444  4290
                               4293  4445
 
    ELEM MAT TYP REL ESY SEC        NODES
 
     251   3   1   1   0   1   3099  3304  3244  3303  4446  4447  4448  4449
                               4450  4451
     252   3   1   1   0   1   3099  3101  3104  3108  3649  4452  3655  4288
                               4289  4453
     253   3   1   1   0   1   3279  3305  3108  3104  4454  4455  4294  4456
                               4457  4453
     254   3   1   1   0   1   3202  3306  3263  3307  4458  4459  4460  4461
                               4462  4463
     255   3   1   1   0   1   3202  3204  3208  3205  3995  4464  4006  3999
                               4465  4466
     256   3   1   1   0   1   3081  3152  3148  3288  4370  4467  4468  4364
                               4350  4469
     257   3   1   1   0   1   3288  1446  3082  3083  4346  4347  4340  4365
                               4470  3595
     258   3   1   1   0   1   1983  1889   961  2442  1467  1821  1486  4471
                               4472  2410
     259   3   1   1   0   1   3081  3263  3122  3307  4371  4374  4373  4473
                               4463  4474
     260   3   1   1   0   1   3152  3289  3081  3122  4349  4475  4370  4211
                               4476  4373
 
    ELEM MAT TYP REL ESY SEC        NODES
 
     261   3   1   1   0   1   3288  3081  3205  3083  4364  3998  4367  4365
                               3594  4003
     262   3   1   1   0   1   3137  3308  2945   764  4477  4478  4479  4480
                               4481  2821
     263   3   1   1   0   1    764  3309  2281  3137  4482  4483  4484  4480
                               4485  4486
     264   3   1   1   0   1   3137    43  2488   762  3731  2471  4487  3732
                                761  2470
     265   3   1   1   0   1   3137   664  2281  2488  4488  2271  4486  4487
                               4489  4490
     266   3   1   1   0   1   3293   648   776   646  4491  2472  4492  4493
                                647  2484
     267   3   1   1   0   1    778  3153   776  3154  3779  4494   777  3783
                               3782  4495
     268   3   1   1   0   1   3155  3097  2433   808  4496  3641  4497  4498
                               4499  2393
     269   3   1   1   0   1   3155  3261  2278  2295  4187  4191  4190  4381
                               4384  2198
     270   3   1   1   0   1   3155  3261  3297  3097  4187  4397  4396  4496
                               4500  4501
 
    ELEM MAT TYP REL ESY SEC        NODES
 
     271   3   1   1   0   1    837   839  3176   820   838  4502  4503  3060
                               3061  4504
     272   3   1   1   0   1   1009  1011  1868  1214  1010  1863  1864  1200
                               1201  4505
     273   3   1   1   0   1   3310  3311  3199  1131  4506  4507  4508  4509
                               4510  3959
     274   3   1   1   0   1   3175  3176  3312  3177  3876  4511  4512  3878
                               3877  4513
     275   3   1   1   0   1   2992  3250  3313  3314  4514  4515  4516  4517
                               4518  4519
     276   3   1   1   0   1   1219  3310  3177  3312  4520  4521  4522  4523
                               4524  4513
     277   3   1   1   0   1   3310  1215  3312  1219  4525  4526  4524  4520
                               1178  4523
     278   3   1   1   0   1   3310   917  1212  3076  4527  1197  4528  4529
                               4530  4531
     279   3   1   1   0   1   3310  3176   837  1987  4532  4503  4533  4534
                               4535  1471
     280   3   1   1   0   1   3310  1212   837  3076  4528  4536  4533  4529
                               4531  3052
 
    ELEM MAT TYP REL ESY SEC        NODES
 
     281   3   1   1   0   1   3310  1212   917   915  4528  1197  4527  4537
                               1198   916
     282   3   1   1   0   1    721  3315  1985  3302  4538  4539  1478  4540
                               4541  4542
     283   3   1   1   0   1   1901  3302   721  1985  4543  4540  1797  1464
                               4542  1478
     284   3   1   1   0   1   3299  3301  2100  3315  4544  4545  4546  4547
                               4548  4549
     285   3   1   1   0   1   3299  2113  2100  3301  4550  2054  4546  4544
                               4551  4545
     286   3   1   1   0   1   3298  3299  2113  2103  4412  4550  4552  4413
                               4415  2056
     287   3   1   1   0   1   3315  3299   721  2432  4547  4411  4538  4553
                               4554  4555
     288   3   1   1   0   1   3299  2015   721  2432  4556  1992  4411  4554
                               4557  4555
     289   3   1   1   0   1   3298  3299   721  3302  4412  4411  4410  4430
                               4558  4540
     290   3   1   1   0   1   3302   719   721  3298  4559   720  4540  4430
                               4418  4410
 
    ELEM MAT TYP REL ESY SEC        NODES
 
     291   3   1   1   0   1   3316  3317  3318  3319  4560  4561  4562  4563
                               4564  4565
     292   3   1   1   0   1     16   961  2442  1983   960  2410  2313  1488
                               1486  4471
     293   3   1   1   0   1   2103  2119   702  3299  2025  2026  2089  4415
                               4566  4567
     294   3   1   1   0   1   2186  3320  3321  3322  4568  4569  4570  4571
                               4572  4573
     295   3   1   1   0   1   3323  3322  3234  3324  4574  4575  4576  4577
                               4578  4579
     296   3   1   1   0   1   3324  2112  3325  3326  4580  4581  4582  4583
                               4584  4585
     297   3   1   1   0   1   3324  3325  2112  2102  4582  4581  4580  4586
                               4587  2016
     298   3   1   1   0   1   3322  3320  3321  3323  4572  4569  4573  4574
                               4588  4589
     299   3   1   1   0   1   3324  3323  3321  2112  4577  4589  4590  4580
                               4591  4592
     300   3   1   1   0   1   3175  3312  3327  3328  4512  4593  4594  4595
                               4596  4597
 
    ELEM MAT TYP REL ESY SEC        NODES
 
     301   3   1   1   0   1   3175  3311  3176  3329  4598  4599  3876  4600
                               4601  4602
     302   3   1   1   0   1   3330  3331  1932  3332  4603  4604  4605  4606
                               4607  4608
     303   3   1   1   0   1   3175  3176  3311  3312  3876  4599  4598  4512
                               4511  4609
     304   3   1   1   0   1   3175  3176  1900  1899  3876  3880  3879  4610
                               4611  1752
     305   3   1   1   0   1   3175  3333  3327  3334  4612  4613  4594  4614
                               4615  4616
     306   3   1   1   0   1   3324  3335  2186  3322  4617  4618  4619  4578
                               4620  4571
     307   3   1   1   0   1   3324  3322  3234  3336  4578  4575  4579  4621
                               4622  4623
     308   3   1   1   0   1    781  2186  2117  2102  2165  4624  2035  2092
                               4625  2033
     309   3   1   1   0   1   3337  3338  3336  3325  4626  4627  4628  4629
                               4630  4631
     310   3   1   1   0   1   3325  3339  2108  2102  4632  4633  4634  4587
                               4635  2052
 
    ELEM MAT TYP REL ESY SEC        NODES
 
     311   3   1   1   0   1   3325  3326  2112  2116  4585  4584  4581  4636
                               4637  2041
     312   3   1   1   0   1   3325  3339  2102  3335  4632  4635  4587  4638
                               4639  4640
     313   3   1   1   0   1   3148  3263  3340  3341  4203  4641  4642  4643
                               4644  4645
     314   3   1   1   0   1   3151  3263  3152  3148  4200  4372  3778  4204
                               4203  4467
     315   3   1   1   0   1   3151  3342  3265  3149  4646  4647  4207  3775
                               4648  4209
     316   3   1   1   0   1   3148  3263  3343  3340  4203  4649  4650  4642
                               4641  4651
     317   3   1   1   0   1   3148  3265  3146  3149  4206  4652  3756  3759
                               4209  3757
     318   3   1   1   0   1   3081  3343  3148  3263  4653  4650  4468  4371
                               4649  4203
     319   3   1   1   0   1   3202  3206  3208  3207  4000  4654  4006  4004
                               4655  4005
     320   3   1   1   0   1   3081  3148  3343  3078  4468  4650  4653  4656
                               4657  4658
 
    ELEM MAT TYP REL ESY SEC        NODES
 
     321   3   1   1   0   1   3124  3134  3136  3229  3724  3730  3729  4659
                               4660  4661
     322   3   1   1   0   1   3136  3122  3344  3187  4662  4663  4664  4665
                               4666  4667
     323   3   1   1   0   1   3094  3093  3172  3134  3631  3919  4668  4669
                               4670  4671
     324   3   1   1   0   1   3136  3229  3134  3345  4661  4660  3730  4672
                               4673  4674
     325   3   1   1   0   1   3136  3186  3264  3193  3913  4675  4676  4677
                               3940  4678
     326   3   1   1   0   1   3136  3186  3344  3264  3913  4679  4664  4676
                               4675  4680
     327   3   1   1   0   1   3346  3232  3206  3347  4681  4682  4683  4684
                               4685  4686
     328   3   1   1   0   1   3346  3233  3232  3347  4687  4073  4681  4684
                               4688  4685
     329   3   1   1   0   1   3232  3348  3349  3346  4689  4690  4691  4681
                               4692  4693
     330   3   1   1   0   1   3350  3232  3348  3349  4694  4689  4695  4696
                               4691  4690
 
    ELEM MAT TYP REL ESY SEC        NODES
 
     331   3   1   1   0   1   3346  3232  3351  3349  4681  4697  4698  4693
                               4691  4699
     332   3   1   1   0   1   3352  3353  3354  3346  4700  4701  4702  4703
                               4704  4705
     333   3   1   1   0   1   3346  3232  3348  3206  4681  4689  4692  4683
                               4682  4706
     334   3   1   1   0   1   3346  3355  3352  3353  4707  4708  4703  4704
                               4709  4700
     335   3   1   1   0   1   3356  3357  3358  3359  4710  4711  4712  4713
                               4714  4715
     336   3   1   1   0   1   3356  3360  3361  3362  4716  4717  4718  4719
                               4720  4721
     337   3   1   1   0   1   3363  3364  3365  3304  4722  4723  4724  4725
                               4726  4727
     338   3   1   1   0   1   3303  3266  3103  3304  4439  4442  4441  4450
                               4728  4729
     339   3   1   1   0   1   3303  3244  3245  3246  4451  4110  4730  4731
                               4732  4733
     340   3   1   1   0   1   3303  3364  3244  3246  4734  4735  4451  4731
                               4736  4732
 
    ELEM MAT TYP REL ESY SEC        NODES
 
     341   3   1   1   0   1   3303  3366  3244  3364  4737  4738  4451  4734
                               4739  4735
     342   3   1   1   0   1   3099  3245  3303  3244  4740  4730  4449  4448
                               4110  4451
     343   3   1   1   0   1   3367  1955  3331  1956  4741  4742  4743  4744
                               1567  4745
     344   3   1   1   0   1   3367  3368  3369  1955  4746  4747  4748  4741
                               4749  4750
     345   3   1   1   0   1   3367  3334  3370  3371  4751  4752  4753  4754
                               4755  4756
     346   3   1   1   0   1   3367  3372  1940  1956  4757  4758  4759  4744
                               4760  1593
     347   3   1   1   0   1   3367  3368  3370  3369  4746  4761  4753  4748
                               4747  4762
     348   3   1   1   0   1   3373  3374  3375  3376  4763  4764  4765  4766
                               4767  4768
     349   3   1   1   0   1   3377  3376  3373  2933  4769  4766  4770  4771
                               4772  4773
     350   3   1   1   0   1   3377  3378  3379  3380  4774  4775  4776  4777
                               4778  4779
 
    ELEM MAT TYP REL ESY SEC        NODES
 
     351   3   1   1   0   1    900  3377   902  1310  4780  4781   901  4782
                               4783  4784
     352   3   1   1   0   1   3381  3382  3383  3190  4785  4786  4787  4788
                               4789  4790
     353   3   1   1   0   1    677   902   679  1309  3040  3042   678  1280
                               4791  1281
     354   3   1   1   0   1   3384  1907  3385  3386  4792  4793  4794  4795
                               4796  4797
     355   3   1   1   0   1   1309   902   679   904  4791  3042  1281  4798
                                903  3044
     356   3   1   1   0   1   3199  1141  1148  1131  4799  1053  3958  3959
                               1047  1062
     357   3   1   1   0   1   3285  1879  1452  1441  4800  4801  4336  4333
                               4802  1336
     358   3   1   1   0   1   3374  3377  3373  3378  4803  4770  4763  4804
                               4774  4805
     359   3   1   1   0   1   3387  3388  3389  3390  4806  4807  4808  4809
                               4810  4811
     360   3   1   1   0   1   3388  3389  3390  3391  4807  4811  4810  4812
                               4813  4814
 
    ELEM MAT TYP REL ESY SEC        NODES
 
     361   3   1   1   0   1   3391  3392  3388  3393  4815  4816  4812  4817
                               4818  4819
     362   3   1   1   0   1   3391  3284  3260  3315  4820  4821  4822  4823
                               4824  4825
     363   3   1   1   0   1   3391  3394  3300  3302  4826  4827  4828  4829
                               4830  4432
     364   3   1   1   0   1   3391  3395  3389  3300  4831  4832  4813  4828
                               4833  4834
     365   3   1   1   0   1   3391  3390  3392  3302  4814  4835  4815  4829
                               4836  4837
     366   3   1   1   0   1   3396  1145  3110  3397  4838  4839  4840  4841
                               4842  4843
     367   3   1   1   0   1   3396  3110  1895  3398  4840  4844  4845  4846
                               4847  4848
     368   3   1   1   0   1   3396  3110  3398  3397  4840  4847  4846  4841
                               4843  4849
     369   3   1   1   0   1   3329  1933  1898  1899  4850  1688  4851  4852
                               1689  1753
     370   3   1   1   0   1   3399  3268  3397  3400  4853  4854  4855  4856
                               4857  4858
 
    ELEM MAT TYP REL ESY SEC        NODES
 
     371   3   1   1   0   1   2441  1888  1889   963  4859  1763  4860  2412
                               1823  1822
     372   3   1   1   0   1   3401  3101  3345  3104  4861  4862  4863  4864
                               4452  4865
     373   3   1   1   0   1   3401  3221  3402  3222  4866  4867  4868  4869
                               4044  4870
     374   3   1   1   0   1   3401  3221  3101  3104  4866  4042  4861  4864
                               4871  4452
     375   3   1   1   0   1   3401  3403  3174  3273  4872  4873  4874  4875
                               4876  4877
     376   3   1   1   0   1   3401  3404  3405  3403  4878  4879  4880  4872
                               4881  4882
     377   3   1   1   0   1   3401  3222  3402  3273  4869  4870  4868  4875
                               4232  4883
     378   3   1   1   0   1   3401  3282  3134  3345  4884  4885  4886  4863
                               4887  4674
     379   3   1   1   0   1   3406  1218  3407  3408  4888  4889  4890  4891
                               4892  4893
     380   3   1   1   0   1   3406   107  3019  2447  4894  4895  4896  4897
                               2368  4898
 
    ELEM MAT TYP REL ESY SEC        NODES
 
     381   3   1   1   0   1   3086  1439   990  1876  3623  1404  4899  3620
                               3624  1847
     382   3   1   1   0   1   3406  3408  1213  1218  4891  4900  4901  4888
                               4892  1155
     383   3   1   1   0   1   3406  1213  3408  2915  4901  4900  4891  4902
                               4903  4904
     384   3   1   1   0   1   3406  3019  2929  2447  4896  2502  4905  4897
                               4898  4906
     385   3   1   1   0   1   3406  2929  3019  2916  4905  2502  4896  4907
                               2796  2526
     386   3   1   1   0   1   3404  3374  3375  3409  4908  4764  4909  4910
                               4911  4912
     387   3   1   1   0   1   3403  3404  3405  2967  4881  4879  4882  4913
                               4914  4915
     388   3   1   1   0   1   1218   105  3406  3407  1180  4916  4888  4889
                               4917  4890
     389   3   1   1   0   1   3404  2967  3375  3376  4914  4918  4909  4919
                               4920  4768
     390   3   1   1   0   1   3403  3375  3402  3404  4921  4922  4923  4881
                               4909  4924
 
    ELEM MAT TYP REL ESY SEC        NODES
 
     391   3   1   1   0   1   3410  3411  3412  3413  4925  4926  4927  4928
                               4929  4930
     392   3   1   1   0   1   3401  3402  3404  3403  4868  4924  4878  4872
                               4923  4881
     393   3   1   1   0   1   3404  3405  2967  3414  4879  4915  4914  4931
                               4932  4933
     394   3   1   1   0   1   3415  3234  3351  3233  4934  4935  4936  4937
                               4081  4938
     395   3   1   1   0   1   3415  3416  3337  3233  4939  4940  4941  4937
                               4942  4943
     396   3   1   1   0   1   3415  3417  3381  3418  4944  4945  4946  4947
                               4948  4949
     397   3   1   1   0   1   3419  3420  1878  3286  4950  4951  4952  4953
                               4954  4955
     398   3   1   1   0   1   3419  3285  1919  3243  4956  4957  4958  4959
                               4321  4960
     399   3   1   1   0   1   3419  3243  3241  3286  4959  4104  4961  4953
                               4322  4325
     400   3   1   1   0   1   3421  3419  3236  3384  4962  4963  4964  4965
                               4966  4967
 
    ELEM MAT TYP REL ESY SEC        NODES
 
     401   3   1   1   0   1   3243  3419  3236  3421  4959  4963  4103  4968
                               4962  4964
     402   3   1   1   0   1   3292  2983  2950  2984  4969  2667  4970  4971
                               2612  2664
     403   3   1   1   0   1   3422  3423  3424  3425  4972  4973  4974  4975
                               4976  4977
     404   3   1   1   0   1   3422  3426  3427  3423  4978  4979  4980  4972
                               4981  4982
     405   3   1   1   0   1   3422  3428  3429  3430  4983  4984  4985  4986
                               4987  4988
     406   3   1   1   0   1   3152  3149  3151  3148  3777  3775  3778  4467
                               3759  4204
     407   3   1   1   0   1   3353  3355  3352  3431  4709  4708  4700  4989
                               4990  4991
     408   3   1   1   0   1   3355  3432  3292  3433  4992  4993  4994  4995
                               4996  4997
     409   3   1   1   0   1   3355  3434  3433  3349  4998  4999  4995  5000
                               5001  5002
     410   3   1   1   0   1   3355  3435  3433  3434  5003  5004  4995  4998
                               5005  4999
 
    ELEM MAT TYP REL ESY SEC        NODES
 
     411   3   1   1   0   1   3264  3265  3436  3148  4208  5006  5007  4205
                               4206  5008
     412   3   1   1   0   1   1969  1968  3146  3265  1520  5009  5010  5011
                               5012  4652
     413   3   1   1   0   1   3151  3342  3264  3265  4646  5013  4201  4207
                               4647  4208
     414   3   1   1   0   1   3265  3437  1964  1977  5014  5015  5016  5017
                               5018  1527
     415   3   1   1   0   1   3265  1964  3437  3436  5016  5015  5014  5006
                               5019  5020
     416   3   1   1   0   1   3148  3265  3436  3146  4206  5006  5008  3756
                               4652  5021
     417   3   1   1   0   1   3136  3094  3345  3134  3912  5022  4672  3730
                               4669  4674
     418   3   1   1   0   1   3370  3438  3371  3334  5023  5024  4756  4752
                               5025  4755
     419   3   1   1   0   1   3370  3371  2453  2440  4756  5026  5027  5028
                               5029  2373
     420   3   1   1   0   1   3370  3248  2439  2452  5030  5031  5032  5033
                               5034  2375
 
    ELEM MAT TYP REL ESY SEC        NODES
 
     421   3   1   1   0   1   3370  3247  3248  3439  5035  4118  5030  5036
                               5037  5038
     422   3   1   1   0   1   3370  3247  3369  3368  5035  5039  4762  4761
                               5040  4747
     423   3   1   1   0   1   3440  3376   904  2932  5041  5042  5043  5044
                               5045  2846
     424   3   1   1   0   1   1307   681   906  1308  1284  3046  5046  1264
                               1283  5047
     425   3   1   1   0   1    906  1308  3440  1307  5047  5048  5049  5046
                               1264  5050
     426   3   1   1   0   1   3440  3414  3276  3226  5051  5052  5053  5054
                               5055  5056
     427   3   1   1   0   1    908  3441  3276  3085  5057  5058  4278  4258
                               5059  4260
     428   3   1   1   0   1   3440  3226  3290  3414  5054  5060  5061  5051
                               5055  5062
     429   3   1   1   0   1   3440  3441  1307  1308  5063  5064  5050  5048
                               5065  1264
     430   3   1   1   0   1   3299  3315  2100   815  4547  4549  4546  5066
                               5067  2096
 
    ELEM MAT TYP REL ESY SEC        NODES
 
     431   3   1   1   0   1   3374  1309  1308  3440  5068  1263  5069  5070
                               5071  5048
     432   3   1   1   0   1   3440  3290  3374  3414  5061  5072  5070  5051
                               5062  5073
     433   3   1   1   0   1   3126  3355  3292  3433  5074  4994  4378  5075
                               4995  4997
     434   3   1   1   0   1   3129  3130  3125  1445  5076  3710  5077  5078
                               4135  5079
     435   3   1   1   0   1   3129  1432  3130  1445  5080  5081  5076  5078
                               1352  4135
     436   3   1   1   0   1   3129  3130  3123  3125  5076  3709  3706  5077
                               3710  3697
     437   3   1   1   0   1   3271  2997  3011  2991  5082  2566  5083  5084
                               2574  2577
     438   3   1   1   0   1   3131  3442  2908  1432  5085  5086  5087  5088
                               5089  5090
     439   3   1   1   0   1   3126  3129  3122  3289  3708  3707  3705  5091
                               5092  4476
     440   3   1   1   0   1   3126  3129  3289  1433  3708  5092  5091  5093
                               5094  5095
 
    ELEM MAT TYP REL ESY SEC        NODES
 
     441   3   1   1   0   1   3406  3407  2447  2928  4890  5096  4897  5097
                               5098  5099
     442   3   1   1   0   1   3129  3289  1449  3125  5092  5100  5101  5077
                               4352  4355
     443   3   1   1   0   1   3443  1133  3110   851  5102  5103  5104  5105
                               5106  5107
     444   3   1   1   0   1   3443  3111   853  1430  5108  5109  5110  5111
                               5112  5113
     445   3   1   1   0   1   3443  3111  1133  1132  5108  5114  5102  5115
                               5116  1098
     446   3   1   1   0   1   3443  3444  3445  3446  5117  5118  5119  5120
                               5121  5122
     447   3   1   1   0   1   3443  3444  1939  1894  5117  5123  5124  5125
                               5126  1656
     448   3   1   1   0   1   3443  3444  1894  3398  5117  5126  5125  5127
                               5128  5129
     449   3   1   1   0   1   3443   853  3111  1132  5110  5109  5108  5115
                               5130  5116
     450   3   1   1   0   1   3080  3447  1966  1965  5131  5132  5133  5134
                               5135  1559
 
    ELEM MAT TYP REL ESY SEC        NODES
 
     451   3   1   1   0   1   3080  3343  3436  3078  5136  5137  5138  3583
                               4658  5139
     452   3   1   1   0   1   3080  1970  3078  3436  5140  5141  3583  5138
                               5142  5139
     453   3   1   1   0   1   3080  1948  3077  1947  5143  3585  3582  3584
                               1574  3578
     454   3   1   1   0   1   3080  3447  1965  1970  5131  5135  5134  5140
                               5144  1523
     455   3   1   1   0   1   3080  3077  3343  3078  3582  5145  5136  3583
                               3576  4658
     456   3   1   1   0   1   3361  3448  3434  3359  5146  5147  5148  5149
                               5150  5151
     457   3   1   1   0   1   3151  3125  3122  3229  3774  3696  4210  4221
                               5152  4219
     458   3   1   1   0   1   3081  3122  3289  3206  4373  4476  4475  4001
                               5153  5154
     459   3   1   1   0   1   3148  3436  3343  3078  5008  5137  4650  4657
                               5139  4658
     460   3   1   1   0   1   3202  3307  3206  3207  4461  5155  4000  4004
                               5156  4655
 
    ELEM MAT TYP REL ESY SEC        NODES
 
     461   3   1   1   0   1   3343  3202  3263  3081  5157  4460  4649  4653
                               3988  4371
     462   3   1   1   0   1   3081  3343  3077  3078  4653  5145  3989  4656
                               4658  3576
     463   3   1   1   0   1   3148  3288  3078  3081  4469  5158  4657  4468
                               4364  4656
     464   3   1   1   0   1   3183  3449  3380  3450  5159  5160  5161  5162
                               5163  5164
     465   3   1   1   0   1   3183  3449  3451  3380  5159  5165  5166  5161
                               5160  5167
     466   3   1   1   0   1   3183  3182  3450  3181  3900  5168  5162  3901
                               3896  5169
     467   3   1   1   0   1   3256  3258  3259  3257  4172  4176  4175  4150
                               5170  5171
     468   3   1   1   0   1   3182  3183  3449  3179  3900  5159  5172  3895
                               3899  5173
     469   3   1   1   0   1   1448  3420  3419  3286  5174  4950  5175  5176
                               4954  4953
     470   3   1   1   0   1   3420  3083  3204  1917  5177  5178  5179  5180
                               5181  5182
 
    ELEM MAT TYP REL ESY SEC        NODES
 
     471   3   1   1   0   1   3420  3083  1876  1439  5177  3621  5183  5184
                               3622  3624
     472   3   1   1   0   1   3420  3083  1439  1442  5177  3622  5184  5185
                               5186  1390
     473   3   1   1   0   1   3420  3083  3205  3204  5177  4003  5187  5179
                               5178  4465
     474   3   1   1   0   1   3420  3204  1918  1917  5179  5188  5189  5180
                               5182  1667
     475   3   1   1   0   1   1442  3420  1448  1441  5185  5174  1363  1324
                               5190  1359
     476   3   1   1   0   1   3420  3286  1441  1878  4954  4334  5190  4951
                               4955  5191
     477   3   1   1   0   1   3248  2451  2456  2450  5192  2356  5193  5194
                               2357  2355
     478   3   1   1   0   1   3080  1970  3436  3447  5140  5142  5138  5131
                               5144  5195
     479   3   1   1   0   1   3452  2188  2186  2190  5196  2153  5197  5198
                               2151  2125
     480   3   1   1   0   1   1946  1970  3146  3078  1551  5199  5200  5201
                               5141  5202
 
    ELEM MAT TYP REL ESY SEC        NODES
 
     481   3   1   1   0   1   3343  3306  3447  3340  5203  5204  5205  4651
                               5206  5207
     482   3   1   1   0   1   3447  3077  3202  3343  5208  3990  5209  5205
                               5145  5157
     483   3   1   1   0   1   3202  3081  3206  3307  3988  4001  4000  4461
                               4473  5155
     484   3   1   1   0   1   3148  3436  3340  3343  5008  5210  4642  4650
                               5137  4651
     485   3   1   1   0   1   3227  3130  3210  3453  5211  4011  5212  5213
                               5214  5215
     486   3   1   1   0   1   3224  3445  3143  1450  5216  5217  4057  4063
                               5218  5219
     487   3   1   1   0   1   3227  1443  3112  1450  5220  5221  5222  4064
                               1347  5223
     488   3   1   1   0   1   3227  3112  1443  3277  5222  5221  5220  5224
                               5225  5226
     489   3   1   1   0   1   3227  3130  3453  1431  5211  5214  5213  5227
                               4133  5228
     490   3   1   1   0   1   3332  1898  1933  1932  5229  1688  5230  4608
                               1691  1650
 
    ELEM MAT TYP REL ESY SEC        NODES
 
     491   3   1   1   0   1   3261  3087  3297  3454  5231  5232  4397  5233
                               5234  5235
     492   3   1   1   0   1   3455  1139  1145  1138  5236  1076  5237  5238
                               1092  1077
     493   3   1   1   0   1   3153  2296  2279   806  5239  2211  3789  3792
                               2212  2274
     494   3   1   1   0   1   3157  3155  3097  3261  4186  4496  5240  4188
                               4187  4500
     495   3   1   1   0   1   3157  2282  3261  3260  3811  4192  4188  5241
                               4181  5242
     496   3   1   1   0   1   3261  3260  2282  3214  5242  4181  4192  5243
                               5244  5245
     497   3   1   1   0   1   3155  3154  3097  3297  5246  5247  4496  4396
                               4401  4501
     498   3   1   1   0   1   3157  3260  3261  3097  5241  5242  4188  5240
                               5248  4500
     499   3   1   1   0   1   3093  3094  3172  3092  3631  4668  3919  3921
                               5249  3922
     500   3   1   1   0   1   3134  3171  3172  3282  5250  3859  4671  4885
                               5251  5252
 
    ELEM MAT TYP REL ESY SEC        NODES
 
     501   3   1   1   0   1   3282  3171  3172  3173  5251  3859  5252  5253
                               3865  5254
     502   3   1   1   0   1   3172  3456  3015  3005  5255  5256  5257  5258
                               5259  2543
     503   3   1   1   0   1   3172  3456  3005  3135  5255  5259  5258  3863
                               5260  5261
     504   3   1   1   0   1   3172  3456  3138  3457  5255  5262  5263  5264
                               5265  5266
     505   3   1   1   0   1   3172  3092  3173  3014  3922  5267  5254  3875
                               5268  3869
     506   3   1   1   0   1   3171  3401  3135  3405  5269  5270  3862  5271
                               4880  5272
     507   3   1   1   0   1   3135  3405  2994  3171  5272  5273  5274  3862
                               5271  5275
     508   3   1   1   0   1   3172  3456  3135  3134  5255  5260  3863  4671
                               5276  3726
     509   3   1   1   0   1   3458  3459  3460  3305  5277  5278  5279  5280
                               5281  5282
     510   3   1   1   0   1   3305  3342  3458  3459  5283  5284  5280  5281
                               5285  5277
 
    ELEM MAT TYP REL ESY SEC        NODES
 
     511   3   1   1   0   1   3305  3108  3107  3109  4455  3662  5286  5287
                               3666  3665
     512   3   1   1   0   1   3279  3109  3305  3460  4290  5287  4454  5288
                               5289  5282
     513   3   1   1   0   1   3305  3461  3108  3345  5290  5291  4455  5292
                               5293  5294
     514   3   1   1   0   1   3279  3305  3104  3462  4454  4457  4456  5295
                               5296  5297
     515   3   1   1   0   1   3305  3108  3104  3345  4455  4453  4457  5292
                               5294  4865
     516   3   1   1   0   1   3305  3458  3462  3460  5280  5298  5296  5282
                               5279  5299
     517   3   1   1   0   1   1212  3076    12   837  4531  3054  1208  4536
                               3052   836
     518   3   1   1   0   1   3463  3230  3228  3225  5300  4071  5301  5302
                               5303  5304
     519   3   1   1   0   1   3464  3429  3465  3463  5305  5306  5307  5308
                               5309  5310
     520   3   1   1   0   1   3429  3465  3266  3464  5306  5311  5312  5305
                               5307  5313
 
    ELEM MAT TYP REL ESY SEC        NODES
 
     521   3   1   1   0   1   3463  3464  3225  3228  5308  5314  5302  5301
                               5315  5304
     522   3   1   1   0   1   3422  3463  3424  3465  5316  5317  4974  5318
                               5310  5319
     523   3   1   1   0   1   3422  3424  3463  3409  4974  5317  5316  5320
                               5321  5322
     524   3   1   1   0   1   3465  3463  3424  3230  5310  5317  5319  5323
                               5300  5324
     525   3   1   1   0   1   3422  3463  3221  3402  5316  5325  5326  5327
                               5328  4867
     526   3   1   1   0   1   3231  3232  3208  3236  4072  4076  4075  4084
                               5329  5330
     527   3   1   1   0   1   3231  3233  3232  3351  4074  4073  4072  5331
                               4938  4697
     528   3   1   1   0   1   3237  3232  3238  3349  5332  5333  4087  5334
                               4691  5335
     529   3   1   1   0   1   3448  3351  3358  3466  5336  5337  5338  5339
                               5340  5341
     530   3   1   1   0   1   3466  3351  3358  3418  5340  5337  5341  5342
                               5343  5344
 
    ELEM MAT TYP REL ESY SEC        NODES
 
     531   3   1   1   0   1   3237  3234  3418  3240  4094  5345  5346  4092
                               4095  5347
     532   3   1   1   0   1   3231  3240  3242  3234  4093  5348  4098  4078
                               4095  5349
     533   3   1   1   0   1   3293  3155  3297  3154  4380  4396  4395  4400
                               5246  4401
     534   3   1   1   0   1   3297  3154  3097  3467  4401  5247  4501  5350
                               5351  5352
     535   3   1   1   0   1   3297  3091  3154  3283  5353  5354  4401  5355
                               4299  5356
     536   3   1   1   0   1   3260  3454  3261  3097  5357  5233  5242  5248
                               5358  4500
     537   3   1   1   0   1   3284  3091  3454  3297  5359  5360  5361  5362
                               5353  5235
     538   3   1   1   0   1   3468  3284  3091  3454  5363  5359  5364  5365
                               5361  5360
     539   3   1   1   0   1   3201  3295  3270  3197  5366  5367  4222  3974
                               5368  4225
     540   3   1   1   0   1   3270  3018  3197  3010  5369  5370  4225  5371
                               2540  5372
 
    ELEM MAT TYP REL ESY SEC        NODES
 
     541   3   1   1   0   1   3273  3469  3403  3270  5373  5374  4876  5375
                               5376  5377
     542   3   1   1   0   1   3270  3469  3403  2996  5376  5374  5377  5378
                               5379  5380
     543   3   1   1   0   1   3270  3295  2996  3010  5367  4390  5378  5371
                               5381  2493
     544   3   1   1   0   1   3344  3382  3189  3470  5382  5383  5384  5385
                               5386  5387
     545   3   1   1   0   1   3344  3382  3186  3189  5382  5388  4679  5384
                               5383  5389
     546   3   1   1   0   1   3136  3344  3186  3187  4664  4679  3913  4665
                               4667  5390
     547   3   1   1   0   1   3344  3471  3187  3122  5391  5392  4667  4663
                               5393  4666
     548   3   1   1   0   1   3344  3307  3472  3473  5394  5395  5396  5397
                               5398  5399
     549   3   1   1   0   1   3472  3344  3382  3186  5396  5382  5400  5401
                               4679  5388
     550   3   1   1   0   1   3344  3341  3472  3307  5402  5403  5396  5394
                               5404  5395
 
    ELEM MAT TYP REL ESY SEC        NODES
 
     551   3   1   1   0   1   3110  1894  1895  3398  5405  1757  4844  4847
                               5129  4848
     552   3   1   1   0   1    849  3110  1894  1895  5406  5405  1812  1809
                               4844  1757
     553   3   1   1   0   1   3396  3268  3398  1895  5407  5408  4846  4845
                               5409  4848
     554   3   1   1   0   1   3396  3400   847   828  5410  5411  5412  5413
                               5414  3069
     555   3   1   1   0   1   3396  1135  3400   828  5415  5416  5410  5413
                               1118  5414
     556   3   1   1   0   1   3396  3110  1145  1134  4840  4839  4838  5417
                               5418  1082
     557   3   1   1   0   1   3110   847  1134  3396  5419  3575  5418  4840
                               5412  5417
     558   3   1   1   0   1    849  1134  1133  3110  3574  1097  5420  5406
                               5418  5103
     559   3   1   1   0   1    830   849  1134  1133  3071  3574  1120  1123
                               5420  1097
     560   3   1   1   0   1   3110  3398  3397  3455  4847  4849  4843  5421
                               5422  5423
 
    ELEM MAT TYP REL ESY SEC        NODES
 
     561   3   1   1   0   1   3396  1145  3397  1135  4838  4842  4841  5415
                               1083  5424
     562   3   1   1   0   1   3171  3134  3172  3135  5250  4671  3859  3862
                               3726  3863
     563   3   1   1   0   1   3456  3474  3457  3006  5425  5426  5265  5427
                               5428  5429
     564   3   1   1   0   1   3456  3474  3139  3138  5425  5430  5431  5262
                               5432  5433
     565   3   1   1   0   1   3139  3005  2982  3006  5434  2592  5435  5436
                               2557  2589
     566   3   1   1   0   1   3101  3468  3345  3108  5437  5438  4862  4289
                               5439  5294
     567   3   1   1   0   1   3137   764   762   636  4480   763  3732  5440
                               2473  2474
     568   3   1   1   0   1    638  3309  2281   764  5441  4483  2249  2476
                               4482  4484
     569   3   1   1   0   1   3308  3320  3362  3309  5442  5443  5444  5445
                               5446  5447
     570   3   1   1   0   1   3320  3309  2291  3362  5446  5448  5449  5443
                               5447  5450
 
    ELEM MAT TYP REL ESY SEC        NODES
 
     571   3   1   1   0   1   3362  3320  2293  2291  5443  5451  5452  5450
                               5449  2218
     572   3   1   1   0   1   2281  3308   666  3137  5453  5454  2270  4486
                               4477  5455
     573   3   1   1   0   1   3137  3309  2281  3308  4485  4483  4486  4477
                               5445  5453
     574   3   1   1   0   1   3308  3309  2281  2280  5445  4483  5453  5456
                               5457  2245
     575   3   1   1   0   1   3309  2280  3308  3320  5457  5456  5445  5446
                               5458  5442
     576   3   1   1   0   1   3309  3360   638  2291  5459  5460  5441  5448
                               5461  2250
     577   3   1   1   0   1   1914  1437  1874  3082  5462  5463  1731  5464
                               4341  5465
     578   3   1   1   0   1   3288  1449  3140  1437  4356  4353  4357  4342
                               1322  5466
     579   3   1   1   0   1   3079  3078  1915  3082  3580  5467  5468  3592
                               5469  5470
     580   3   1   1   0   1   3167  2989  2990  3010  3967  2607  5471  5472
                               2578  2579
 
    ELEM MAT TYP REL ESY SEC        NODES
 
     581   3   1   1   0   1   1874  3082  1438  1875  5465  3612  5473  1776
                               3613  3607
     582   3   1   1   0   1    996  1874  1437   994  1852  5463  1409   995
                               1851  1407
     583   3   1   1   0   1   1437  3082  1438  1874  4341  3612  1381  5463
                               5465  5473
     584   3   1   1   0   1   3082  1438  3083  1446  3612  3606  3595  4347
                               1367  4470
     585   3   1   1   0   1   1867  3177  1900  1909  5474  3881  1751  1741
                               5475  1687
     586   3   1   1   0   1   3175  3312  3328  3177  4512  4596  4595  3878
                               4513  5476
     587   3   1   1   0   1   3177  1900  1909  3175  3881  1687  5475  3878
                               3879  5477
     588   3   1   1   0   1   3310  3176  3311  1130  4532  4599  4506  5478
                               5479  5480
     589   3   1   1   0   1   3126  3475  3431  3128  5481  5482  5483  3702
                               5484  5485
     590   3   1   1   0   1   3476  3427  3218  3426  5486  5487  5488  5489
                               4979  5490
 
    ELEM MAT TYP REL ESY SEC        NODES
 
     591   3   1   1   0   1    820   837  3310  3176  3060  4533  5491  4504
                               4503  4532
     592   3   1   1   0   1   3176  3329  3311  3410  4602  4601  4599  5492
                               5493  5494
     593   3   1   1   0   1    841  3176   822  3410  5495  5496  3063  5497
                               5492  5498
     594   3   1   1   0   1   3176  1899  3410   841  4611  5499  5492  5495
                               1801  5497
     595   3   1   1   0   1   3290  3424  3230  3291  5500  5324  5501  4361
                               5502  5503
     596   3   1   1   0   1   3290  3409  3414  3226  5504  5505  5062  5060
                               5506  5055
     597   3   1   1   0   1   3440  3290  3226  3441  5061  5060  5054  5063
                               5507  5508
     598   3   1   1   0   1   3293  2295  3150  3261  4382  5509  4406  4383
                               4384  5510
     599   3   1   1   0   1   3293  2287  3150  2295  5511  3767  4406  4382
                               2224  5509
     600   3   1   1   0   1   3297  3467  3284  3283  5350  5512  5362  5355
                               5513  4303
 
    ELEM MAT TYP REL ESY SEC        NODES
 
     601   3   1   1   0   1   3154  3467  3022  2433  5351  5514  5515  3784
                               5516  3785
     602   3   1   1   0   1   3154  3283  3091  2958  5356  4299  5354  5517
                               5518  5519
     603   3   1   1   0   1   3154   778  3022  2938  3783  2516  5515  5520
                               2835  2500
     604   3   1   1   0   1   3154  3088  2939  3091  4402  4405  4404  5354
                               3628  5521
     605   3   1   1   0   1   3297  3154  3091  3088  4401  5354  5353  4398
                               4402  3628
     606   3   1   1   0   1   3154  2958  3091  2978  5517  5519  5354  5522
                               2683  5523
     607   3   1   1   0   1   3293  3297  3150  3088  4395  5524  4406  4399
                               4398  5525
     608   3   1   1   0   1   3297  3154  3467  3283  4401  5351  5350  5355
                               5356  5513
     609   3   1   1   0   1   3154  2978  3091  2939  5522  5523  5354  4404
                               2682  5521
     610   3   1   1   0   1   2958  3091  2987  3283  5519  5526  2655  5518
                               4299  5527
 
    ELEM MAT TYP REL ESY SEC        NODES
 
     611   3   1   1   0   1   3285  1892  1879  1919  4313  1759  4800  4957
                               1700  1721
     612   3   1   1   0   1   3283  3467  2921  2958  5513  5528  5529  5518
                               5530  2753
     613   3   1   1   0   1   3283  3195  2987  2959  4302  5531  5527  5532
                               5533  2656
     614   3   1   1   0   1   3095  3477  2973  3457  5534  5535  5536  5537
                               5538  5539
     615   3   1   1   0   1   3090  3093  3089  3189  3630  3633  3619  3946
                               5540  3928
     616   3   1   1   0   1   3095  3098  3096  2973  3945  5541  3639  5536
                               5542  5543
     617   3   1   1   0   1   3095  3457  2973  3096  5537  5539  5536  3639
                               5544  5543
     618   3   1   1   0   1   3242  3322  3240  2190  5545  5546  5348  5547
                               5548  5549
     619   3   1   1   0   1   3231  3240  3239  3242  4093  5550  4089  4098
                               5348  5551
     620   3   1   1   0   1   3192  3087  3191  3089  3936  3932  5552  3935
                               3616  3930
 
    ELEM MAT TYP REL ESY SEC        NODES
 
     621   3   1   1   0   1   3478  3098  3088  3087  5553  5554  5555  5556
                               3645  3614
     622   3   1   1   0   1   3095  3479  3187  3383  5557  5558  3917  5559
                               5560  5561
     623   3   1   1   0   1   3095  3383  3189  3192  5559  5562  3948  5563
                               5564  3949
     624   3   1   1   0   1   3098  3088  2940  3480  5554  5565  5566  5567
                               5568  5569
     625   3   1   1   0   1   3088  3478  3150  3480  5555  5570  5525  5568
                               5571  5572
     626   3   1   1   0   1   3098  3480  3481  3192  5567  5573  5574  3934
                               5575  5576
     627   3   1   1   0   1   3137  3308   666  2183  4477  5454  5455  5577
                               5578  2166
     628   3   1   1   0   1   3308  3239  2191  3482  5579  5580  5581  5582
                               5583  5584
     629   3   1   1   0   1   2280  3309  2291  3320  5457  5448  2233  5458
                               5446  5449
     630   3   1   1   0   1   3309  3362  3308  3360  5447  5444  5445  5459
                               4720  5585
 
    ELEM MAT TYP REL ESY SEC        NODES
 
     631   3   1   1   0   1   3308  3240  3239  3466  5586  5550  5579  5587
                               5588  5589
     632   3   1   1   0   1   3483  3484  3485  3486  5590  5591  5592  5593
                               5594  5595
     633   3   1   1   0   1    715   713   696  2106   714  2007  2008  5596
                               5597  2083
     634   3   1   1   0   1   1905  3483  1904  3487  5598  5599  1747  5600
                               5601  5602
     635   3   1   1   0   1   3483  3485  3488  3486  5592  5603  5604  5593
                               5595  5605
     636   3   1   1   0   1   3277  1312  1318    50  5606  1228  5607  5608
                               1273  1232
     637   3   1   1   0   1   3234  3338  3336  3337  5609  4627  4623  5610
                               4626  4628
     638   3   1   1   0   1   2106   713   696   694  5597  2007  2083  2084
                               2006   695
     639   3   1   1   0   1    713  2107  3483   711  5611  5612  5613   712
                               5614  5615
     640   3   1   1   0   1   3483  3486  3488  3489  5593  5605  5604  5616
                               5617  5618
 
    ELEM MAT TYP REL ESY SEC        NODES
 
     641   3   1   1   0   1   3009  3173  3018  3197  5619  5620  2539  5621
                               5622  5370
     642   3   1   1   0   1   3285  1879  1892  1982  4800  1759  4313  4316
                               1489  1465
     643   3   1   1   0   1   3270  3197  3018  3174  4225  5370  5369  4223
                               4226  3871
     644   3   1   1   0   1   3197  2988  3198  2989  5623  5624  3955  3964
                               2608  3965
     645   3   1   1   0   1   3197  2989  3167  3010  3964  3967  3966  5372
                               2578  5472
     646   3   1   1   0   1   3197  3195  2988  3009  3952  5625  5623  5621
                               5626  2580
     647   3   1   1   0   1   3197  3195  3173  3282  3952  5627  5622  5628
                               5629  5253
     648   3   1   1   0   1   3097  2443  3284  3467  3640  4307  5630  5352
                               5631  5512
     649   3   1   1   0   1   3284  2454  2443  3097  5632  2305  4307  5630
                               3642  3640
     650   3   1   1   0   1   2461  3284  2454  2443  5633  5632  2315  2306
                               4307  2305
 
    ELEM MAT TYP REL ESY SEC        NODES
 
     651   3   1   1   0   1   3415  3338  3234  3337  5634  5609  4934  4941
                               4626  5610
     652   3   1   1   0   1   3157  3097  2454  3260  5240  3642  4183  5241
                               5248  4185
     653   3   1   1   0   1   3157   810   808  2278  3806   809  5635  4189
                               2277  2276
     654   3   1   1   0   1   3157   810  2454   808  3806  2370  4183  5635
                                809  2369
     655   3   1   1   0   1   3157  3155   808  3097  4186  4498  5635  5240
                               4496  4499
     656   3   1   1   0   1   3490  3491   792  1303  5636  5637  5638  5639
                               5640  1293
     657   3   1   1   0   1   3414  2967  3376  2932  4933  4920  5641  5642
                               2732  5045
     658   3   1   1   0   1   3414  3226  3492  3276  5055  5643  5644  5052
                               5056  5645
     659   3   1   1   0   1   3385  1949  1938  1942  5646  1579  5647  5648
                               1580  1638
     660   3   1   1   0   1   3401  3409  3225  3414  5649  5650  5651  5652
                               5505  5653
 
    ELEM MAT TYP REL ESY SEC        NODES
 
     661   3   1   1   0   1   3414  3492  3226  3211  5644  5643  5055  5654
                               5655  4054
     662   3   1   1   0   1   3493  3335  3452  3145  5656  5657  5658  5659
                               5660  5661
     663   3   1   1   0   1   3386  3493  3494  3384  5662  5663  5664  4795
                               5665  5666
     664   3   1   1   0   1   3384  3421  3493  3236  4965  5667  5665  4967
                               4964  5668
     665   3   1   1   0   1   3286  1441  1451  1448  4334  1321  4332  5176
                               1359  1343
     666   3   1   1   0   1   3493  3384  3495  3494  5665  5669  5670  5663
                               5666  5671
     667   3   1   1   0   1   3234  3493  3495  3337  5672  5670  5673  5610
                               5674  5675
     668   3   1   1   0   1   3236  3493  3495  3234  5668  5670  5676  4083
                               5672  5673
     669   3   1   1   0   1   3493  3452  3336  3234  5658  5677  5678  5672
                               5679  4623
     670   3   1   1   0   1   3289  3206  3122  3353  5154  5153  4476  5680
                               5681  5682
 
    ELEM MAT TYP REL ESY SEC        NODES
 
     671   3   1   1   0   1   3289  3205  3206  3348  4368  4002  5154  5683
                               5684  4706
     672   3   1   1   0   1   3289  3348  1433  1447  5683  5685  5095  5686
                               5687  1357
     673   3   1   1   0   1   3092  3091  2999  2971  3626  5688  5689  5690
                               5691  2626
     674   3   1   1   0   1   3092  3282  3173  3468  5692  5253  5267  5693
                               5694  5695
     675   3   1   1   0   1   3092  3091  3195  2999  3626  4301  5696  5689
                               5688  5697
     676   3   1   1   0   1   3092  2999  3173  3014  5689  5698  5267  5268
                               2564  3869
     677   3   1   1   0   1   3287  3145  1890  1928  5699  5700  5701  5702
                               5703  1701
     678   3   1   1   0   1   3287   956  3145  2184  5704  3753  5699  4330
                               2176  5705
     679   3   1   1   0   1   3287  1891  1890   956  5706  1761  5701  5704
                               1817  1820
     680   3   1   1   0   1   2186  2188  3452  2182  2153  5196  5197  2157
                               2122  5707
 
    ELEM MAT TYP REL ESY SEC        NODES
 
     681   3   1   1   0   1   2940  3150  3480  3088  5708  5572  5569  5565
                               5525  5568
     682   3   1   1   0   1   3258  3238  3259  3239  4171  4177  4176  5709
                               4091  5710
     683   3   1   1   0   1   3090  3096  3088  3092  3637  5711  3618  3627
                               3923  3629
     684   3   1   1   0   1   3090  3089  3098  3189  3619  3644  3643  3946
                               3928  3947
     685   3   1   1   0   1   3098  2941  3480  2940  5712  5713  5567  5566
                               2785  5569
     686   3   1   1   0   1   3090  3095  3093  3189  3636  3635  3630  3946
                               3948  5540
     687   3   1   1   0   1   3088  3091  2971  2939  3628  5691  5714  4405
                               5521  2722
     688   3   1   1   0   1   3090  3092  3093  3096  3627  3921  3630  3637
                               3923  3638
     689   3   1   1   0   1   3092  3096  3088  2971  3923  5711  3629  5690
                               5715  5714
     690   3   1   1   0   1   3346  3348  3355  3353  4692  5716  4707  4704
                               5717  4709
 
    ELEM MAT TYP REL ESY SEC        NODES
 
     691   3   1   1   0   1   3292  3496  3433  2951  5718  5719  4997  5720
                               5721  5722
     692   3   1   1   0   1   3292  3497  3432  3475  5723  5724  4993  5725
                               5726  5727
     693   3   1   1   0   1   3292  3497  3128  3127  5723  5728  4379  4377
                               5729  3704
     694   3   1   1   0   1   3419  3232  3236  3208  5730  5329  4963  5731
                               4076  5330
     695   3   1   1   0   1   3231  3237  3234  3351  4086  4094  4078  5331
                               5732  4935
     696   3   1   1   0   1    705  2101   688   707  5733  2078  1999   706
                               5734  2000
     697   3   1   1   0   1   3231  3241  3238  3232  4096  4099  4088  4072
                               5735  5333
     698   3   1   1   0   1   3237  3361  3259  3466  5736  5737  5738  5739
                               5740  5741
     699   3   1   1   0   1   3237  3351  3232  3349  5732  4697  5332  5334
                               4699  4691
     700   3   1   1   0   1   3094  3345  3468  3193  5022  5438  5742  3938
                               5743  5744
 
    ELEM MAT TYP REL ESY SEC        NODES
 
     701   3   1   1   0   1   3093  3457  3095  3096  5745  5537  3635  3638
                               5544  3639
     702   3   1   1   0   1   3093  3136  3134  3094  3911  3730  4670  3631
                               3912  4669
     703   3   1   1   0   1   3468  3094  3092  3282  5742  5249  5693  5694
                               5746  5692
     704   3   1   1   0   1   3093  3138  3136  3187  3915  5747  3911  3916
                               3918  4665
     705   3   1   1   0   1   3421  1918  1949  1942  5748  1622  5749  5750
                               1621  1580
     706   3   1   1   0   1   3134  3093  3172  3138  4670  3919  4671  5751
                               3915  5263
     707   3   1   1   0   1   3090  3098  3096  3095  3643  5541  3637  3636
                               3945  3639
     708   3   1   1   0   1   3419  1448  3232  3205  5175  5752  5730  5753
                               5754  5755
     709   3   1   1   0   1   3093  3186  3189  3187  3909  5389  5540  3916
                               5390  5756
     710   3   1   1   0   1   3094  3468  3454  3193  5742  5365  5757  3938
                               5744  5758
 
    ELEM MAT TYP REL ESY SEC        NODES
 
     711   3   1   1   0   1   3093  3089  3189  3186  3633  3928  5540  3909
                               3908  5389
     712   3   1   1   0   1   3498  3258  3257  3259  5759  5170  5760  5761
                               4176  5171
     713   3   1   1   0   1   3259  3498  3361  3257  5761  5762  5737  5171
                               5760  5763
     714   3   1   1   0   1   3361  3498  2945  2944  5762  5764  5765  5766
                               5767  2781
     715   3   1   1   0   1   3308  3498  2945  3361  5768  5764  4478  5769
                               5762  5765
     716   3   1   1   0   1   3257  3498  3361  2979  5760  5762  5763  5770
                               5771  5772
     717   3   1   1   0   1   3498  2944  3361  2979  5767  5766  5762  5771
                               2675  5772
     718   3   1   1   0   1   3308  2945  3498  3482  4478  5764  5768  5582
                               5773  5774
     719   3   1   1   0   1   3141  3142  3147  3140  3743  3764  3762  3742
                               3744  5775
     720   3   1   1   0   1   3264  3148  3341  3263  4205  4643  5776  4202
                               4203  4644
 
    ELEM MAT TYP REL ESY SEC        NODES
 
     721   3   1   1   0   1   3141  3147  3152  3140  3762  5777  3776  3742
                               5775  5778
     722   3   1   1   0   1   3499  1976  1979  1967  5779  1501  5780  5781
                               1515  1508
     723   3   1   1   0   1   3147  3149  1945  1944  3758  5782  5783  3761
                               3769  1577
     724   3   1   1   0   1   3147  1945  3146  1914  5783  5784  3754  5785
                               1630  5786
     725   3   1   1   0   1   3406  2916  1221  1213  4907  5787  5788  4901
                               5789  1170
     726   3   1   1   0   1   3140  3446  1872  1436  5790  5791  5792  5793
                               5794  5795
     727   3   1   1   0   1   1445  1449  3140  3125  1345  4353  5796  5079
                               4355  4354
     728   3   1   1   0   1   3288  3152  3148  3147  4350  4467  4469  4343
                               5777  3755
     729   3   1   1   0   1   3082  3147  1914  1437  4344  5785  5464  4341
                               4345  5462
     730   3   1   1   0   1   3288  3140  3147  1437  4357  5775  4343  4342
                               5466  4345
 
    ELEM MAT TYP REL ESY SEC        NODES
 
     731   3   1   1   0   1   3147  1912  3142  1944  5797  5798  3764  3761
                               1633  3763
     732   3   1   1   0   1   3147  1437  3140  1872  4345  5466  5775  5799
                               5800  5792
     733   3   1   1   0   1   3344  3189  3186  3187  5384  5389  4679  4667
                               5756  5390
     734   3   1   1   0   1   3087  3454  3089  3297  5234  5801  3616  5232
                               5235  5802
     735   3   1   1   0   1   3310  1130  1131   915  5478  1099  4509  4537
                               1129  1126
     736   3   1   1   0   1   2929   922  2928  2447  2852  2855  2797  4906
                               2397  5099
     737   3   1   1   0   1   3090  3096  3098  3088  3637  5541  3643  3618
                               5711  5554
     738   3   1   1   0   1   3095  3098  3500  3192  3945  5803  5804  5563
                               3934  5805
     739   3   1   1   0   1   3382  3188  3189  3190  5806  3924  5383  4789
                               3926  3925
     740   3   1   1   0   1   3189  3382  3190  3383  5383  4789  3925  5562
                               4786  4790
 
    ELEM MAT TYP REL ESY SEC        NODES
 
     741   3   1   1   0   1   3367  3334  3371  1927  4751  4755  4754  5807
                               5808  5809
     742   3   1   1   0   1   3372  3334  3365  3367  5810  5811  5812  4757
                               4751  5813
     743   3   1   1   0   1   3370  2440   967  1887  5028  2413  5814  5815
                               5816  1826
     744   3   1   1   0   1   3371  3501  2453  2441  5817  5818  5026  5819
                               5820  2374
     745   3   1   1   0   1   3371   965  1887  1888  5821  1825  5822  5823
                               1824  1764
     746   3   1   1   0   1   3371  2440  1887   965  5029  5816  5822  5821
                               2414  1825
     747   3   1   1   0   1   3183  3379  3450  3380  5824  5825  5162  5161
                               4779  5164
     748   3   1   1   0   1   3502  1929  1957  1958  5826  1602  5827  5828
                               1601  1565
     749   3   1   1   0   1   3449  3179  3503  3182  5173  5829  5830  5172
                               3895  5831
     750   3   1   1   0   1   3449  3503  2936  3504  5830  5832  5833  5834
                               5835  5836
 
    ELEM MAT TYP REL ESY SEC        NODES
 
     751   3   1   1   0   1   3449  3504  3451  3294  5834  5837  5165  5838
                               5839  5840
     752   3   1   1   0   1   3449  3451  3380  3294  5165  5167  5160  5838
                               5840  5841
     753   3   1   1   0   1   3218  3449  3505  3506  5842  5843  5844  5845
                               5846  5847
     754   3   1   1   0   1   3182  3449  3219  3503  5172  5848  5849  5831
                               5830  5850
     755   3   1   1   0   1   3474  3477  3001  3002  5851  5852  5853  5854
                               5855  2492
     756   3   1   1   0   1   3002  3474  3432  3007  5854  5856  5857  2559
                               5858  5859
     757   3   1   1   0   1   3474  3497  3006  3139  5860  5861  5428  5430
                               5862  5436
     758   3   1   1   0   1   3474  3138  3497  3139  5432  5863  5860  5430
                               5433  5862
     759   3   1   1   0   1   3474  3477  3457  3001  5851  5538  5426  5853
                               5852  5864
     760   3   1   1   0   1   3456  3474  3138  3457  5425  5432  5262  5265
                               5426  5266
 
    ELEM MAT TYP REL ESY SEC        NODES
 
     761   3   1   1   0   1   3185  3278  2956  2965  5865  5866  5867  5868
                               5869  2694
     762   3   1   1   0   1   3185  3407  3278  3184  5870  5871  5865  3905
                               5872  5873
     763   3   1   1   0   1   2928  2447   924  2446  5099  2308  2854  4274
                               2337  2398
     764   3   1   1   0   1   2936  3179  2977  3503  5874  5875  2685  5832
                               5829  5876
     765   3   1   1   0   1   3178  3185  3184  3408  3906  3905  3902  5877
                               5878  5879
     766   3   1   1   0   1   3178  3185  2937  3179  3906  5880  5881  3882
                               5882  5883
     767   3   1   1   0   1   3185  2937  3179  2977  5880  5883  5882  5884
                               2497  5875
     768   3   1   1   0   1   3256  2193  3258  2919  4159  5885  4172  5886
                               5887  5888
     769   3   1   1   0   1   3256  2919  3258  2918  5886  5888  4172  5889
                               2807  5890
     770   3   1   1   0   1   3256  3020  2919  2913  4156  2504  5886  4169
                               2522  2806
 
    ELEM MAT TYP REL ESY SEC        NODES
 
     771   3   1   1   0   1   3257  2957  2954  3256  5891  2702  4154  4150
                               5892  4153
     772   3   1   1   0   1   3498  3258  2957  3257  5759  5893  5894  5760
                               5170  5891
     773   3   1   1   0   1   3258  2191  3239  3482  5895  5580  5709  5896
                               5584  5583
     774   3   1   1   0   1   3498  3258  3482  2957  5759  5896  5774  5894
                               5893  5897
     775   3   1   1   0   1   3392  1880  3302  3262  5898  5899  4837  5900
                               5901  5902
     776   3   1   1   0   1   3502  1957  1976  1958  5827  1532  5903  5828
                               1565  1531
     777   3   1   1   0   1    979  1880  2434  1881  1839  5904  2425  1838
                               1771  4195
     778   3   1   1   0   1   3262  3120  2434  2435  5905  5906  4194  4197
                               5907  2390
     779   3   1   1   0   1   3262  3120  2435  1882  5905  5907  4197  5908
                               5909  5910
     780   3   1   1   0   1   3262  3302  3392  3390  5902  4837  5900  5911
                               4836  4835
 
    ELEM MAT TYP REL ESY SEC        NODES
 
     781   3   1   1   0   1   1921  1950  1920  3262  1618  1619  1665  5912
                               5913  5914
     782   3   1   1   0   1   1950  3280  3262  1921  5915  5916  5913  1618
                               5917  5912
     783   3   1   1   0   1   3262  3121  1882  1921  5918  5919  5908  5912
                               5920  1717
     784   3   1   1   0   1   3262  1950  1920  3390  5913  1619  5914  5911
                               5921  5922
     785   3   1   1   0   1   3493  3384  3386  3507  5665  4795  5662  5923
                               5924  5925
     786   3   1   1   0   1   3384  3507  1942  1907  5924  5926  5927  4792
                               5928  1639
     787   3   1   1   0   1   3384  3421  1949  1942  4965  5749  5929  5927
                               5750  1580
     788   3   1   1   0   1   3384  3507  1907  3386  5924  5928  4792  4795
                               5925  4796
     789   3   1   1   0   1   3384  1949  3421  3204  5929  5749  4965  5930
                               5931  5932
     790   3   1   1   0   1   3493  3287  3507  3145  5933  5934  5923  5659
                               5699  5935
 
    ELEM MAT TYP REL ESY SEC        NODES
 
     791   3   1   1   0   1   3419  3204  3420  3205  5936  5179  4950  5753
                               4465  5187
     792   3   1   1   0   1     92  1435    13  2193  1389  1332    91  2138
                               4161  2140
     793   3   1   1   0   1   3419  3236  3495  3208  4963  5676  5937  5731
                               5330  5938
     794   3   1   1   0   1   3236  3421  3493  3243  4964  5667  5668  4103
                               4968  5939
     795   3   1   1   0   1   3287  1919  1891  1892  5940  1699  5706  5941
                               1700  1760
     796   3   1   1   0   1   3287  1919  3421  1928  5940  5942  5943  5702
                               1657  5944
     797   3   1   1   0   1   3287  2188  3243  2189  5945  5946  5947  4327
                               2152  5948
     798   3   1   1   0   1   3406  3407  2928  2956  4890  5098  5097  5949
                               5950  2736
     799   3   1   1   0   1   3285  3243  3419  3286  4321  4959  4956  4323
                               4322  4953
     800   3   1   1   0   1   3287  2184  3145  2188  4330  5705  5699  5945
                               2154  5951
 
    ELEM MAT TYP REL ESY SEC        NODES
 
     801   3   1   1   0   1   3493  3452  3287  3145  5658  5952  5933  5659
                               5661  5699
     802   3   1   1   0   1   3419  3243  3236  3241  4959  4103  4963  4961
                               4104  4105
     803   3   1   1   0   1   3493  3287  3421  3507  5933  5943  5667  5923
                               5934  5953
     804   3   1   1   0   1   3129  1449  1445  3125  5101  1345  5078  5077
                               4355  5079
     805   3   1   1   0   1   1221  3406   107  3019  5788  4894  1171  5954
                               4896  4895
     806   3   1   1   0   1   3130  3143  1445  1450  4059  5955  4135  4134
                               5219  1344
     807   3   1   1   0   1   3130  2906  3453  1431  5956  5957  5214  4133
                               5958  5228
     808   3   1   1   0   1   3130  3453  2906  3131  5214  5957  5956  3714
                               5959  5960
     809   3   1   1   0   1   3124  3130  3143  3125  3711  4059  4058  3698
                               3710  3770
     810   3   1   1   0   1   3105  3212  3439  3213  5961  5962  5963  4031
                               4019  5964
 
    ELEM MAT TYP REL ESY SEC        NODES
 
     811   3   1   1   0   1   3213  3212  3254  3253  4019  5965  5966  5967
                               5968  4139
     812   3   1   1   0   1   3213  3251  3215  3216  5969  5970  4029  4030
                               5971  4026
     813   3   1   1   0   1   3213  3102  3212  3253  4022  4021  4019  5967
                               5972  5968
     814   3   1   1   0   1   3213  3251  3216  3102  5969  5971  4030  4022
                               5973  5974
     815   3   1   1   0   1   3089  3454  3194  3193  5801  5975  3941  3939
                               5758  5976
     816   3   1   1   0   1   3089  3188  3191  3190  3927  3931  3930  3929
                               3926  5977
     817   3   1   1   0   1   3188  3214  3087  3191  5978  5979  3933  3931
                               5980  3932
     818   3   1   1   0   1   3188  3382  3508  3190  5806  5981  5982  3926
                               4789  5983
     819   3   1   1   0   1   3188  3509  3186  3194  5984  5985  3944  3942
                               5986  3943
     820   3   1   1   0   1   3126  3129  3442  3127  3708  5987  5988  3701
                               3715  5989
 
    ELEM MAT TYP REL ESY SEC        NODES
 
     821   3   1   1   0   1   3129  3131  3442  3127  3716  5085  5987  3715
                               3717  5989
     822   3   1   1   0   1   3129  1433  3442  1432  5094  5990  5987  5080
                               1378  5089
     823   3   1   1   0   1   3140  3125  3143  1445  4354  3770  3745  5796
                               5079  5955
     824   3   1   1   0   1   3267  1959  1975  1930  5991  1534  5992  5993
                               1598  1458
     825   3   1   1   0   1   3124  3224  3211  3229  4055  4052  4013  4659
                               4067  4066
     826   3   1   1   0   1   3125  3122  3229  3124  3696  4219  5152  3698
                               3695  4659
     827   3   1   1   0   1   3130  3125  1445  3143  3710  5079  4135  4059
                               3770  5955
     828   3   1   1   0   1   3368  1925  1886  1885  5994  1709  5995  5996
                               1710  1766
     829   3   1   1   0   1   3392  3280  3388  3162  5997  5998  4816  5999
                               4284  6000
     830   3   1   1   0   1   3280  3510  3121  3162  6001  6002  6003  4284
                               6004  6005
 
    ELEM MAT TYP REL ESY SEC        NODES
 
     831   3   1   1   0   1   3280  3121  1921  1951  6003  5920  5917  6006
                               6007  1617
     832   3   1   1   0   1   3280  3107  1951  1971  4283  6008  6006  6009
                               6010  1545
     833   3   1   1   0   1   3162  3107  3106  3121  4285  3661  3834  6005
                               6011  3690
     834   3   1   1   0   1   1971  3387  3390  3280  6012  4809  6013  6009
                               6014  6015
     835   3   1   1   0   1   3280  3108  3107  3388  4286  3662  4283  5998
                               6016  6017
     836   3   1   1   0   1   3280  3388  3107  3387  5998  6017  4283  6014
                               4806  6018
     837   3   1   1   0   1   3163  3200  3108  3162  3969  4252  4251  3827
                               4242  4287
     838   3   1   1   0   1   3196  3108  3200  3393  4250  4252  3981  6019
                               6020  6021
     839   3   1   1   0   1   3163  2455  3169  2460  4243  6022  3972  6023
                               2345  6024
     840   3   1   1   0   1   1308  3374  3511  1309  5069  6025  6026  1263
                               5068  6027
 
    ELEM MAT TYP REL ESY SEC        NODES
 
     841   3   1   1   0   1   3106  3281  3279  3245  4291  4293  4280  4279
                               4433  4282
     842   3   1   1   0   1   3099  3279  3116  3108  6028  4281  6029  4288
                               4294  6030
     843   3   1   1   0   1   3224  3226  3225  3230  4051  4050  4049  4070
                               6031  5303
     844   3   1   1   0   1   3226  3414  3211  3225  5055  5654  4054  4050
                               5653  4053
     845   3   1   1   0   1   3224  3130  1450  3143  4056  4134  4063  4057
                               4059  5219
     846   3   1   1   0   1   3224  3144  3143  3445  6032  3748  4057  5216
                               6033  5217
     847   3   1   1   0   1   3227  3226  3277  3276  6034  6035  5224  6036
                               5056  4268
     848   3   1   1   0   1   3290  3277  3226  3441  4358  6035  5060  5507
                               6037  5508
     849   3   1   1   0   1   3290  3511  3424  3291  6038  6039  5500  4361
                               6040  5502
     850   3   1   1   0   1   3249  2925  2963  3165  4122  2742  4125  6041
                               6042  6043
 
    ELEM MAT TYP REL ESY SEC        NODES
 
     851   3   1   1   0   1   3249  3165  3168  2445  6041  3987  6044  4142
                               6045  6046
     852   3   1   1   0   1   3249  2925  3165  2445  4122  6042  6041  4142
                               4144  6045
     853   3   1   1   0   1   3250  3278  3314  2964  6047  6048  4518  6049
                               6050  6051
     854   3   1   1   0   1     17   107  2447  3019   108  2368  2314  2529
                               4895  4898
     855   3   1   1   0   1   3250  3278  2964  2927  6047  6050  6049  6052
                               4276  2741
     856   3   1   1   0   1   3250   926  2445  2446  6053  2400  4143  4149
                               2399  2338
     857   3   1   1   0   1   3250  2446  3278  2927  4149  4273  6047  6052
                               4277  4276
     858   3   1   1   0   1   3250   926  2446  2927  6053  2399  4149  6052
                               2856  4277
     859   3   1   1   0   1   3305  3462  3458  3104  5296  5298  5280  4457
                               5297  6054
     860   3   1   1   0   1   3502  3464  3398  3444  6055  6056  6057  6058
                               6059  5128
 
    ELEM MAT TYP REL ESY SEC        NODES
 
     861   3   1   1   0   1   1980  3107  1972  1981  6060  6061  1504  1495
                               6062  1503
     862   3   1   1   0   1   3407  3512  1218  2459  6063  6064  4889  6065
                               6066  6067
     863   3   1   1   0   1   3399  3465  3268  3266  6068  6069  4853  6070
                               5311  4214
     864   3   1   1   0   1   3513  3502  3268  1930  6071  6072  6073  6074
                               6075  6076
     865   3   1   1   0   1   3279  3460  3462  3514  5288  5299  5295  6077
                               6078  6079
     866   3   1   1   0   1   3513  3502  3398  3268  6071  6057  6080  6073
                               6072  5408
     867   3   1   1   0   1   3464  3398  3465  3513  6056  6081  5307  6082
                               6080  6083
     868   3   1   1   0   1   3510  3120  3121  3162  6084  3692  6002  6004
                               3835  6005
     869   3   1   1   0   1   3465  3266  3464  3513  5311  5313  5307  6083
                               6085  6082
     870   3   1   1   0   1   3406  2447  2929  2928  4897  4906  4905  5097
                               5099  2797
 
    ELEM MAT TYP REL ESY SEC        NODES
 
     871   3   1   1   0   1   3310   915  1215  1212  4537  1193  4525  4528
                               1198  1186
     872   3   1   1   0   1   3175  1899  3372  3329  4610  6086  6087  4600
                               4852  6088
     873   3   1   1   0   1   3175  3333  3328  3327  4612  6089  4595  4594
                               4613  4597
     874   3   1   1   0   1   3312  3180  3512  1219  6090  6091  6092  4523
                               6093  6094
     875   3   1   1   0   1   3180  3312  3327  3515  6090  4593  6095  6096
                               6097  6098
     876   3   1   1   0   1   1900  1987  3176  3177  1468  4535  3880  3881
                               6099  3877
     877   3   1   1   0   1   3310  3177  1987  1212  4521  6099  4534  4528
                               6100  6101
     878   3   1   1   0   1   3176  1987  1900   837  4535  1468  3880  4503
                               1471  1800
     879   3   1   1   0   1   3310  3311  3176  3312  4506  4599  4532  4524
                               4609  4511
     880   3   1   1   0   1   3176  3312  3177  3310  4511  4513  3877  4532
                               4524  4521
 
    ELEM MAT TYP REL ESY SEC        NODES
 
     881   3   1   1   0   1   3327  3515  3319  3180  6098  6102  6103  6095
                               6096  6104
     882   3   1   1   0   1   3443  1911  3446  1870  6105  6106  5120  6107
                               1738  6108
     883   3   1   1   0   1   3443  3445  3111  1430  5119  6109  5108  5111
                               6110  5112
     884   3   1   1   0   1   3444  3464  3398  3228  6059  6056  5128  6111
                               5315  6112
     885   3   1   1   0   1   3443  3444  1911  1939  5117  6113  6105  5124
                               5123  1655
     886   3   1   1   0   1   3444  3398  3111  3228  5128  6114  6115  6111
                               6112  6116
     887   3   1   1   0   1   3444  1911  3142  3446  6113  6117  6118  5121
                               6106  6119
     888   3   1   1   0   1   3444  3446  3142  3445  5121  6119  6118  5118
                               5122  6120
     889   3   1   1   0   1   3126  3355  3348  3353  5074  5716  6121  6122
                               4709  5717
     890   3   1   1   0   1   3431  3353  3354  3352  4989  4701  6123  4991
                               4700  4702
 
    ELEM MAT TYP REL ESY SEC        NODES
 
     891   3   1   1   0   1   3431  3353  3471  3354  4989  6124  6125  6123
                               4701  6126
     892   3   1   1   0   1   3431  3187  3471  3122  6127  5392  6125  6128
                               4666  5393
     893   3   1   1   0   1   3431  3187  3122  3138  6127  4666  6128  6129
                               3918  3736
     894   3   1   1   0   1   3431  3138  3475  3479  6129  6130  5482  6131
                               6132  6133
     895   3   1   1   0   1   1985   981  2432    24  1479  2431  6134  1480
                                982  2430
     896   3   1   1   0   1   3327  3438  3334  3333  6135  5025  4616  4613
                               6136  4615
     897   3   1   1   0   1   3327  3180  3516  3512  6095  6137  6138  6139
                               6091  6140
     898   3   1   1   0   1   3310  3312  1215  3515  4524  4526  4525  6141
                               6097  6142
     899   3   1   1   0   1   3311  3515  3319  3327  6143  6102  6144  6145
                               6098  6103
     900   3   1   1   0   1   3108  3468  3193  3393  5439  5744  6146  6020
                               6147  6148
 
    ELEM MAT TYP REL ESY SEC        NODES
 
     901   3   1   1   0   1   3163  3196  3101  3108  3980  3979  3977  4251
                               4250  4289
     902   3   1   1   0   1   3166  3201  3101  3282  3973  4227  3976  4295
                               6149  4296
     903   3   1   1   0   1   3463  3104  3221  3225  6150  4871  5325  5302
                               6151  6152
     904   3   1   1   0   1   3463  3225  3221  3402  5302  6152  5325  5328
                               6153  4867
     905   3   1   1   0   1   3422  3402  3221  3223  5327  4867  5326  6154
                               6155  4047
     906   3   1   1   0   1   3422  3223  3221  3428  6154  4047  5326  4983
                               6156  6157
     907   3   1   1   0   1   3422  3463  3402  3409  5316  5328  5327  5320
                               5322  6158
     908   3   1   1   0   1   3422  3424  3423  3430  4974  4973  4972  4986
                               6159  6160
     909   3   1   1   0   1   3429  3266  3103  3464  5312  4442  6161  5305
                               5313  6162
     910   3   1   1   0   1   3429  3266  3465  3399  5312  5311  5306  6163
                               6070  6068
 
    ELEM MAT TYP REL ESY SEC        NODES
 
     911   3   1   1   0   1   3429  3465  3430  3399  5306  6164  4988  6163
                               6068  6165
     912   3   1   1   0   1   3196  3101  3468  3282  3979  5437  6166  4297
                               4296  5694
     913   3   1   1   0   1   3200  3392  2461  3284  6167  6168  6169  6170
                               6171  5633
     914   3   1   1   0   1   3163  2460  3200  2455  6023  6172  3969  4243
                               2345  4244
     915   3   1   1   0   1   3196  3284  3393  3200  4304  6173  6019  3981
                               6170  6021
     916   3   1   1   0   1   3166  3163  3101  3102  3970  3977  3976  3983
                               4246  3652
     917   3   1   1   0   1   3200  3170  2443  2460  6174  4310  6175  6172
                               6176  2320
     918   3   1   1   0   1   3200  2458  3162  2455  6177  6178  4242  4244
                               2303  3838
     919   3   1   1   0   1   3200  3162  3392  3393  4242  5999  6167  6021
                               6179  4818
     920   3   1   1   0   1   3106  3281  3119  3109  4291  6180  3682  3664
                               4292  6181
 
    ELEM MAT TYP REL ESY SEC        NODES
 
     921   3   1   1   0   1   3302  1880  1985  1901  5899  1477  4542  4543
                               1453  1464
     922   3   1   1   0   1   3517  3245  1953  3115  6182  6183  6184  6185
                               4112  6186
     923   3   1   1   0   1   3279  3281  1973  3245  4293  4443  4445  4282
                               4433  6187
     924   3   1   1   0   1   2929  2447  3019   920  4906  4898  2502  2853
                               2396  2528
     925   3   1   1   0   1   3281  3245  1974  1973  4433  6188  6189  4443
                               6187  1516
     926   3   1   1   0   1   3281  3245  1953  1974  4433  6183  6190  6189
                               6188  1540
     927   3   1   1   0   1   3251  3215  3252  3518  5970  6191  4129  6192
                               6193  6194
     928   3   1   1   0   1   3099  3244  3212  3116  4448  6195  4018  6029
                               4106  4120
     929   3   1   1   0   1   3099  3212  3105  3213  4018  5961  3659  4020
                               4019  4031
     930   3   1   1   0   1   2443  2922  2444  3170  6196  3839  2340  4310
                               6197  6198
 
    ELEM MAT TYP REL ESY SEC        NODES
 
     931   3   1   1   0   1   3253  3159  3163  3212  6199  4249  6200  5968
                               4121  4248
     932   3   1   1   0   1   3099  3163  3108  3116  4247  4251  4288  6029
                               3830  6030
     933   3   1   1   0   1   3099  3245  3116  3279  4740  4109  6029  6028
                               4282  4281
     934   3   1   1   0   1   3456  3474  3006  3139  5425  5428  5427  5431
                               5430  5436
     935   3   1   1   0   1   3292  3128  3497  3475  4379  5728  5723  5725
                               5484  5726
     936   3   1   1   0   1   3497  3475  3128  3138  5726  5484  5728  5863
                               6130  3735
     937   3   1   1   0   1   3497  3139  2983  3006  5862  6201  6202  5861
                               5436  2590
     938   3   1   1   0   1   3292  3497  2983  2984  5723  6202  4969  4971
                               6203  2612
     939   3   1   1   0   1   3303  3363  3266  3304  6204  6205  4439  4450
                               4725  4728
     940   3   1   1   0   1   3266  3103  3304  3519  4442  4729  4728  6206
                               6207  6208
 
    ELEM MAT TYP REL ESY SEC        NODES
 
     941   3   1   1   0   1   2182  2188  3452  3145  2122  5196  5707  3752
                               5951  5661
     942   3   1   1   0   1   3464  3104  3267  3266  6209  6210  6211  5313
                               6212  4212
     943   3   1   1   0   1   3465  3268  3266  3513  6069  4214  5311  6083
                               6073  6085
     944   3   1   1   0   1   3266  3267  3269  3363  4212  4216  4215  6205
                               6213  6214
     945   3   1   1   0   1   3513  3266  3267  3268  6085  4212  6215  6073
                               4214  4213
     946   3   1   1   0   1   3429  3519  3266  3399  6216  6206  5312  6163
                               6217  6070
     947   3   1   1   0   1   3250  3520  3314  3521  6218  6219  4518  6220
                               6221  6222
     948   3   1   1   0   1   3165  2963  3274  2962  6043  6223  6224  6225
                               2697  6226
     949   3   1   1   0   1   3250  2926  2925  2445  6227  2800  4123  4143
                               6228  4144
     950   3   1   1   0   1    930  2444   932  3165  2403  2404   931  6229
                               6230  6231
 
    ELEM MAT TYP REL ESY SEC        NODES
 
     951   3   1   1   0   1    904  1308  3440   906  6232  5048  5043   905
                               5047  5049
     952   3   1   1   0   1   2444  3169  3168  2445  6233  3984  6234  2339
                               6235  6046
     953   3   1   1   0   1   2445  3249  3253  3168  4142  6236  6237  6046
                               6044  6238
     954   3   1   1   0   1   3165  2925   930  2445  6042  2860  6229  6045
                               4144  2402
     955   3   1   1   0   1   3396  1135   828  1134  5415  1118  5413  5417
                               1096  1121
     956   3   1   1   0   1   3095  3138  3187  3479  3914  3918  3917  5557
                               6132  5558
     957   3   1   1   0   1   3344  3472  3470  3473  5396  6239  5385  5397
                               5399  6240
     958   3   1   1   0   1   3126  3431  3353  3122  5483  4989  6122  3705
                               6128  5682
     959   3   1   1   0   1   3344  3189  3383  3470  5384  5562  6241  5385
                               5387  6242
     960   3   1   1   0   1   3355  3292  3432  3475  4994  4993  4992  6243
                               5725  5727
 
    ELEM MAT TYP REL ESY SEC        NODES
 
     961   3   1   1   0   1   3227  1450  3130  1431  4064  4134  5211  5227
                               1354  4133
     962   3   1   1   0   1   3376  3414  3374  3404  5641  5073  4767  4919
                               4931  4908
     963   3   1   1   0   1    826   824  1136   843   825  1117  1116  3066
                               3065  6244
     964   3   1   1   0   1   3230  3227  3277  3112  4069  5224  6245  6246
                               5222  5225
     965   3   1   1   0   1   3211  3124  3130  3224  4013  3711  4014  4052
                               4055  4056
     966   3   1   1   0   1   3227  3210  3130  3211  5212  4011  5211  6247
                               4015  4014
     967   3   1   1   0   1   3224  3229  3143  3144  4067  4376  4057  6032
                               6248  3748
     968   3   1   1   0   1   3124  3135  3211  3210  3727  4016  4013  4010
                               6249  4015
     969   3   1   1   0   1   3227  3210  3211  3522  5212  4015  6247  6250
                               6251  6252
     970   3   1   1   0   1   3133  3496  1033  2910  6253  6254  6255  6256
                               6257  2890
 
    ELEM MAT TYP REL ESY SEC        NODES
 
     971   3   1   1   0   1   1033  3133  1031  1434  6255  6258  1032  1328
                               3719  1416
     972   3   1   1   0   1   3496  2951  3442  2909  5721  6259  6260  6261
                               2768  6262
     973   3   1   1   0   1   3126  3355  3475  3292  5074  6243  5481  4378
                               4994  5725
     974   3   1   1   0   1   3496  1035  1433  1033  6263  1418  6264  6254
                               1034  1417
     975   3   1   1   0   1   3496  3442  1433  1035  6260  5990  6264  6263
                               6265  1418
     976   3   1   1   0   1   3454  3089  3297  3091  5801  5802  5235  5360
                               3646  5353
     977   3   1   1   0   1   3290  3275  3511  3291  4360  6266  6038  4361
                               4363  6040
     978   3   1   1   0   1   3275  1314  3441  3511  4254  6267  6268  6266
                               6269  6270
     979   3   1   1   0   1   3106  3119  3281  3115  3682  6180  4291  3675
                               6271  4434
     980   3   1   1   0   1   3275  1316  3441  1314  4253  6272  6268  4254
                               1238  6267
 
    ELEM MAT TYP REL ESY SEC        NODES
 
     981   3   1   1   0   1   3275  1314  3511  1302  4254  6269  6266  6273
                               1254  6274
     982   3   1   1   0   1   3275  1318  3277  1312  6275  5607  4359  4255
                               1228  5606
     983   3   1   1   0   1   3275  3441  1316  3277  6268  6272  4253  4359
                               6037  6276
     984   3   1   1   0   1   3523  3199  3411  1147  6277  6278  6279  6280
                               6281  6282
     985   3   1   1   0   1   3523  3515  3199  3524  6283  6284  6277  6285
                               6286  6287
     986   3   1   1   0   1   3523  3199  3515  3411  6277  6284  6283  6279
                               6278  6288
     987   3   1   1   0   1   3417  3525  3190  3526  6289  6290  6291  6292
                               6293  6294
     988   3   1   1   0   1   3191  3508  3525  3190  6295  6296  6297  5977
                               5983  6290
     989   3   1   1   0   1   3191  3527  2283  3214  6298  6299  6300  5980
                               6301  4023
     990   3   1   1   0   1   3191  3478  3526  2294  6302  6303  6304  6305
                               6306  6307
 
    ELEM MAT TYP REL ESY SEC        NODES
 
     991   3   1   1   0   1   3414  2994  2966  2976  6308  2639  6309  6310
                               2640  2691
     992   3   1   1   0   1   3401  3414  3211  3405  5652  5654  6311  4880
                               4932  6312
     993   3   1   1   0   1   3277  3230  3290  3226  6245  5501  4358  6035
                               6031  5060
     994   3   1   1   0   1   3276  2904  3522  2930  6313  6314  6315  4261
                               2491  6316
     995   3   1   1   0   1   3200  2458  2443  2461  6177  2319  6175  6169
                               2318  2306
     996   3   1   1   0   1   2976  3276  3492  3522  6317  5645  6318  6319
                               6315  6320
     997   3   1   1   0   1   3276  3522  2976  2930  6315  6319  6317  4261
                               6316  2499
     998   3   1   1   0   1   3085   908  3441  1307  4258  5057  5059  4256
                               4259  5064
     999   3   1   1   0   1   3514  1973  1975  1959  6321  1514  6322  6323
                               1456  1534
    1000   3   1   1   0   1   3433  2952  2951  2910  6324  2706  5722  6325
                               2766  2769
 
    ELEM MAT TYP REL ESY SEC        NODES
 
    1001   3   1   1   0   1   3440  3414  2931  3276  5051  6326  6327  5053
                               5052  6328
    1002   3   1   1   0   1   1982    14    98  1452  1492    99  6329  6330
                               1339  1337
    1003   3   1   1   0   1   3226  3277  3276  3441  6035  4268  5056  5508
                               6037  5058
    1004   3   1   1   0   1   3175  3327  3312  3311  4594  4593  4512  4598
                               6145  4609
    1005   3   1   1   0   1   1137  3311  3176  1130  6331  4599  6332  1093
                               5480  5479
    1006   3   1   1   0   1   3177  3328  1909  1868  5476  6333  5475  6334
                               6335  1742
    1007   3   1   1   0   1   1987  3176  3177  3310  4535  3877  6099  4534
                               4532  4521
    1008   3   1   1   0   1   3177  1867  1011  1868  5474  1866  6336  6334
                               1782  1863
    1009   3   1   1   0   1   3177  1867  1013  1011  5474  1865  6337  6336
                               1866  1012
    1010   3   1   1   0   1   3177  3328  1214  1219  5476  6338  6339  4522
                               6340  1179
 
    ELEM MAT TYP REL ESY SEC        NODES
 
    1011   3   1   1   0   1   3112  3113  3111  1443  3672  3671  3668  5221
                               6341  6342
    1012   3   1   1   0   1   3112  3445  1450  1443  6343  5218  5223  5221
                               6344  1347
    1013   3   1   1   0   1   3110  3228  3398  3455  6345  6112  4847  5421
                               6346  5422
    1014   3   1   1   0   1   3113  3110  3455  3112  3670  5421  6347  3672
                               3669  6348
    1015   3   1   1   0   1   1443  3227  1429  1450  5220  6349  1374  1347
                               4064  1355
    1016   3   1   1   0   1   3112  3230  3424  3291  6246  5324  6350  6351
                               5503  5502
    1017   3   1   1   0   1   3112  3455  3424  3228  6348  6352  6350  6353
                               6346  6354
    1018   3   1   1   0   1   3227  3230  3228  3112  4069  4071  4061  5222
                               6246  6353
    1019   3   1   1   0   1   3242  3322  3452  3234  5545  6355  6356  5349
                               4575  5679
    1020   3   1   1   0   1   3452  3336  3234  3322  5677  4623  5679  6355
                               4622  4575
 
    ELEM MAT TYP REL ESY SEC        NODES
 
    1021   3   1   1   0   1   3493  3335  3336  3452  5656  6357  5678  5658
                               5657  5677
    1022   3   1   1   0   1   3452  3322  2190  2186  6355  5548  5198  5197
                               4571  2125
    1023   3   1   1   0   1   3242  3243  3236  3452  4101  4103  4102  6356
                               6358  6359
    1024   3   1   1   0   1   3493  3335  3145  3507  5656  5660  5659  5923
                               6360  5935
    1025   3   1   1   0   1   3397  1139  1146  1145  6361  1075  6362  4842
                               1076  1067
    1026   3   1   1   0   1   3452  3322  2186  3335  6355  4571  5197  5657
                               4620  4618
    1027   3   1   1   0   1   3334  3372  1940  3367  5810  4758  6363  4751
                               4757  4759
    1028   3   1   1   0   1   1940  3367  1927  3334  4759  5807  1605  6363
                               4751  5808
    1029   3   1   1   0   1   3327  3329  3372  3365  6364  6088  6365  6366
                               6367  5812
    1030   3   1   1   0   1   3365  3367  3331  3372  5813  4743  6368  5812
                               4757  6369
 
    ELEM MAT TYP REL ESY SEC        NODES
 
    1031   3   1   1   0   1   3372  3332  3329  1933  6370  6371  6088  6372
                               5230  4850
    1032   3   1   1   0   1   3372  1961  3331  3332  6373  6374  6369  6370
                               6375  4607
    1033   3   1   1   0   1   3367  3334  3365  3369  4751  5811  5813  4748
                               6376  6377
    1034   3   1   1   0   1   3496  2951  2909  2910  5721  2768  6261  6257
                               2769  2814
    1035   3   1   1   0   1   3372  3331  1961  1956  6369  6374  6373  4760
                               4745  1562
    1036   3   1   1   0   1   3132  3257  2953  2954  4151  6378  6379  4155
                               4154  2704
    1037   3   1   1   0   1   3153   650  2286  2296  3795  2261  3786  5239
                               2213  2201
    1038   3   1   1   0   1   3132  3133  1029  2911  3718  3722  3721  6380
                               6381  2889
    1039   3   1   1   0   1    913  1148  1131  1215  1064  1062  1127  1194
                               3957  3956
    1040   3   1   1   0   1   3239  2190  2191  2192  6382  2143  5580  6383
                               2144  2147
 
    ELEM MAT TYP REL ESY SEC        NODES
 
    1041   3   1   1   0   1   3310  1131  3199  1215  4509  3959  4508  4525
                               3956  3960
    1042   3   1   1   0   1   3199  1148  3524  3515  3958  6384  6287  6284
                               6385  6286
    1043   3   1   1   0   1   3523  3199  1141  3524  6277  4799  6386  6285
                               6287  6387
    1044   3   1   1   0   1   3523  3476  3515  3528  6388  6389  6283  6390
                               6391  6392
    1045   3   1   1   0   1   3523  3529  1147  3411  6393  6394  6280  6279
                               6395  6282
    1046   3   1   1   0   1   3199  3515  3411  3311  6284  6288  6278  4507
                               6143  6396
    1047   3   1   1   0   1   3310  3199  3311  3515  4508  4507  4506  6141
                               6284  6143
    1048   3   1   1   0   1   3411  3199  3311  1147  6278  4507  6396  6282
                               6281  6397
    1049   3   1   1   0   1   3079  3082  1915  1875  3592  5470  5468  6398
                               3613  1729
    1050   3   1   1   0   1   3202  3081  3307  3263  3988  4473  4461  4460
                               4371  4463
 
    ELEM MAT TYP REL ESY SEC        NODES
 
    1051   3   1   1   0   1   3077  3204  1949  3203  3996  5931  6399  3993
                               3997  6400
    1052   3   1   1   0   1   3202  3209  3204  3203  4007  6401  3995  3994
                               6402  3997
    1053   3   1   1   0   1   3288  3152  3140  3125  4350  5778  4357  4351
                               4193  4354
    1054   3   1   1   0   1   3079  1915  1947  1916  5468  1627  3581  3589
                               1669  1626
    1055   3   1   1   0   1   3079  1916  1875  1915  3589  1728  6398  5468
                               1669  1729
    1056   3   1   1   0   1   3080  3077  1948  3203  3582  3585  5143  6403
                               3993  6404
    1057   3   1   1   0   1   3080  1966  3447  3203  5133  5132  5131  6403
                               6405  6406
    1058   3   1   1   0   1   3287  1890  1891  1928  5701  1761  5706  5702
                               1701  1702
    1059   3   1   1   0   1   3287  3145   956  1890  5699  3753  5704  5701
                               5700  1820
    1060   3   1   1   0   1   3335  3507  1908  3145  6360  6407  6408  5660
                               5935  6409
 
    ELEM MAT TYP REL ESY SEC        NODES
 
    1061   3   1   1   0   1   3386  3335  3507  1908  6410  6360  5925  6411
                               6408  6407
    1062   3   1   1   0   1   3145  3507  1908  1928  5935  6407  6409  5703
                               6412  1675
    1063   3   1   1   0   1   3145  2182  3335  3452  3752  6413  5660  5661
                               5707  5657
    1064   3   1   1   0   1   3123  3134  3456  3138  3723  5276  6414  3737
                               5751  5262
    1065   3   1   1   0   1   2906  1431  2905  3453  5958  6415  2818  5957
                               5228  6416
    1066   3   1   1   0   1   1041  2906  1431  2905  2898  5958  1422  2901
                               2818  6415
    1067   3   1   1   0   1   3130  3210  3453  3131  4011  5215  5214  3714
                               4012  5959
    1068   3   1   1   0   1   3453  3522  1429  2904  6417  6418  6419  6420
                               6314  6421
    1069   3   1   1   0   1   1429  3453  3227  3522  6419  5213  6349  6418
                               6417  6250
    1070   3   1   1   0   1   3453  3522  2904  2946  6417  6314  6420  6422
                               6423  2778
 
    ELEM MAT TYP REL ESY SEC        NODES
 
    1071   3   1   1   0   1   2904  2905  1431  3453  2819  6415  6424  6420
                               6416  5228
    1072   3   1   1   0   1   1043  2904  2905  1431  2903  2819  2900  1423
                               6424  6415
    1073   3   1   1   0   1   3227  3210  3522  3453  5212  6251  6250  5213
                               5215  6417
    1074   3   1   1   0   1   3341  3193  3461  3264  6425  6426  6427  5776
                               4678  6428
    1075   3   1   1   0   1   3264  3341  3530  3461  5776  6429  6430  6428
                               6427  6431
    1076   3   1   1   0   1   3341  3186  3193  3264  6432  3940  6425  5776
                               4675  4678
    1077   3   1   1   0   1   3518  2456  2452  2457  6433  2353  6434  6435
                               2300  2350
    1078   3   1   1   0   1   3341  3531  3340  3437  6436  6437  4645  6438
                               6439  6440
    1079   3   1   1   0   1   3344  3341  3186  3472  5402  6432  4679  5396
                               5403  5401
    1080   3   1   1   0   1   3341  3530  3509  3531  6429  6441  6442  6436
                               6443  6444
 
    ELEM MAT TYP REL ESY SEC        NODES
 
    1081   3   1   1   0   1   3267  1974  1973  1959  6445  1516  6446  5991
                               1529  1456
    1082   3   1   1   0   1   3256  3020  2913  1435  4156  2522  4169  4158
                               4157  4167
    1083   3   1   1   0   1   3149  3147  3152  3141  3758  5777  3777  3768
                               3762  3776
    1084   3   1   1   0   1   3126  1433  3348  3496  5093  5685  6121  6447
                               6264  6448
    1085   3   1   1   0   1   3263  3122  3264  3151  4374  4218  4202  4200
                               4210  4201
    1086   3   1   1   0   1   3289  3206  3353  3348  5154  5681  5680  5683
                               4706  5717
    1087   3   1   1   0   1   3126  3442  3129  1433  5988  5987  3708  5093
                               5990  5094
    1088   3   1   1   0   1   3288  3205  3081  3289  4367  3998  4364  4348
                               4368  4475
    1089   3   1   1   0   1   3081  3206  3289  3205  4001  5154  4475  3998
                               4002  4368
    1090   3   1   1   0   1   3187  3122  3138  3136  4666  3736  3918  4665
                               4662  5747
 
    ELEM MAT TYP REL ESY SEC        NODES
 
    1091   3   1   1   0   1   3474  3477  3475  3138  5851  6449  6450  5432
                               6451  6130
    1092   3   1   1   0   1   3497  3139  3138  3128  5862  5433  5863  5728
                               3741  3735
    1093   3   1   1   0   1   3355  3432  3433  3435  4992  4996  4995  5003
                               6452  5004
    1094   3   1   1   0   1   3292  2983  3497  3127  4969  6202  5723  4377
                               6453  5729
    1095   3   1   1   0   1   3474  3497  3432  3007  5860  5724  5856  5858
                               6454  5859
    1096   3   1   1   0   1   3479  3431  3352  3475  6131  4991  6455  6133
                               5482  6456
    1097   3   1   1   0   1   3121  1951  1922  1921  6007  1616  6457  5920
                               1617  1664
    1098   3   1   1   0   1   3126  3475  3128  3292  5481  5484  3702  4378
                               5725  4379
    1099   3   1   1   0   1   3431  3475  3138  3128  5482  6130  6129  5485
                               5484  3735
    1100   3   1   1   0   1   3117  2437  3161  2449  4164  6458  6459  4165
                               2382  6460
 
    ELEM MAT TYP REL ESY SEC        NODES
 
    1101   3   1   1   0   1   3114  3120  2448  3162  3685  3832  3831  3826
                               3835  3836
    1102   3   1   1   0   1   3114  3160  3161  3115  3818  3815  3819  3674
                               4111  6461
    1103   3   1   1   0   1   3106  3114  3117  3115  3673  3687  3679  3675
                               3674  6462
    1104   3   1   1   0   1   3205  1448  1447  1442  5754  1362  6463  6464
                               1363  1366
    1105   3   1   1   0   1   3419  3204  3208  3495  5936  4464  5731  5937
                               6465  5938
    1106   3   1   1   0   1   3232  1448  3241  3350  5752  6466  5735  4694
                               6467  6468
    1107   3   1   1   0   1   3152  3263  3081  3148  4372  4371  4370  4467
                               4203  4468
    1108   3   1   1   0   1   3419  3205  3232  3208  5753  5755  5730  5731
                               4466  4076
    1109   3   1   1   0   1   3202  3205  3208  3206  3999  4466  4006  4000
                               4002  4654
    1110   3   1   1   0   1   1440   990  1439  1876  1401  1404  1392  6469
                               1847  3624
 
    ELEM MAT TYP REL ESY SEC        NODES
 
    1111   3   1   1   0   1   3193  3454  3393  3468  5758  6470  6148  5744
                               5365  6147
    1112   3   1   1   0   1   3091  2987  3195  2999  5526  5531  4301  5688
                               2598  5697
    1113   3   1   1   0   1   3422  3426  3532  3223  4978  6471  6472  6154
                               6473  6474
    1114   3   1   1   0   1   3423  3426  3427  3476  4981  4979  4982  6475
                               5489  5486
    1115   3   1   1   0   1   3423  3430  3476  3316  6160  6476  6475  6477
                               6478  6479
    1116   3   1   1   0   1   3422  3430  3465  3424  4986  6164  5318  4974
                               6159  5319
    1117   3   1   1   0   1   1440   990  1876  1877  1401  1847  6469  6480
                               1846  1774
    1118   3   1   1   0   1   3388  3162  3393  3392  6000  6179  4819  4816
                               5999  4818
    1119   3   1   1   0   1   3388  3393  3454  3391  4819  6470  6481  4812
                               4817  6482
    1120   3   1   1   0   1   3420  1441  1440  1878  5190  1393  6483  4951
                               5191  6484
 
    ELEM MAT TYP REL ESY SEC        NODES
 
    1121   3   1   1   0   1   3391  3392  3390  3388  4815  4835  4814  4812
                               4816  4810
    1122   3   1   1   0   1   3251  3520  3506  3272  6485  6486  6487  6488
                               6489  6490
    1123   3   1   1   0   1   3252  3518  2463  3251  6194  6491  4128  4129
                               6192  4127
    1124   3   1   1   0   1   3253  3520  3272  3274  6492  6489  6493  6494
                               6495  4236
    1125   3   1   1   0   1   3253  3251  3520  3249  4137  6485  6492  6236
                               4130  6496
    1126   3   1   1   0   1   3251  3215  3533  3220  5970  6497  6498  6499
                               6500  6501
    1127   3   1   1   0   1   3251  3520  3521  3506  6485  6221  6502  6487
                               6486  6503
    1128   3   1   1   0   1   3251  3215  3220  3252  5970  6500  6499  4129
                               6191  6504
    1129   3   1   1   0   1   3247  3366  3364  3244  6505  4739  6506  6507
                               4738  4735
    1130   3   1   1   0   1   3247  3364  3368  3246  6506  6508  5040  4114
                               4736  6509
 
    ELEM MAT TYP REL ESY SEC        NODES
 
    1131   3   1   1   0   1   3160  3439  3247  3244  6510  5037  4115  4107
                               6511  6507
    1132   3   1   1   0   1   3247  3439  3366  3244  5037  6512  6505  6507
                               6511  4738
    1133   3   1   1   0   1   3370  3248  3247  3368  5030  4118  5035  4761
                               6513  5040
    1134   3   1   1   0   1   3327  3372  3334  3365  6365  5810  4616  6366
                               5812  5811
    1135   3   1   1   0   1   3175  3328  1909  3177  4595  6333  5477  3878
                               5476  5475
    1136   3   1   1   0   1   3311  3319  3413  3327  6144  6514  6515  6145
                               6103  6516
    1137   3   1   1   0   1   3327  3365  3516  3413  6366  6517  6138  6516
                               6518  6519
    1138   3   1   1   0   1   3327  3438  3333  3328  6135  6136  4613  4597
                               6520  6089
    1139   3   1   1   0   1   3334  3439  3438  3516  6521  6522  5025  6523
                               6524  6525
    1140   3   1   1   0   1   3183  3179  3181  3534  3899  3897  3901  6526
                               6527  6528
 
    ELEM MAT TYP REL ESY SEC        NODES
 
    1141   3   1   1   0   1   3183  3379  3451  3535  5824  6529  5166  6530
                               6531  6532
    1142   3   1   1   0   1   3219  3220  3506  3218  4040  6533  6534  4037
                               4038  5845
    1143   3   1   1   0   1   3178  3185  3179  3182  3906  5882  3882  3898
                               3907  3895
    1144   3   1   1   0   1   3185  3182  3184  3503  3907  3903  3905  6535
                               5831  6536
    1145   3   1   1   0   1   3185  3179  3182  3503  5882  3895  3907  6535
                               5829  5831
    1146   3   1   1   0   1   1440  1441   988  1878  1393  1399  1402  6484
                               5191  1844
    1147   3   1   1   0   1   2936  3449  3179  3503  5833  5173  5874  5832
                               5830  5829
    1148   3   1   1   0   1   3380  3218  3536  3450  6537  6538  6539  5164
                               6540  6541
    1149   3   1   1   0   1   3450  3449  3380  3218  5163  5160  5164  6540
                               5842  6537
    1150   3   1   1   0   1   3420  3083  1442  3205  5177  5186  5185  5187
                               4003  6464
 
    ELEM MAT TYP REL ESY SEC        NODES
 
    1151   3   1   1   0   1   3196  3091  3195  3468  4298  4301  3950  6166
                               5364  6542
    1152   3   1   1   0   1   3094  3454  3468  3091  5757  5365  5742  3937
                               5360  5364
    1153   3   1   1   0   1   3172  3000  3092  3014  6543  6544  3922  3875
                               2563  5268
    1154   3   1   1   0   1   3188  3087  3214  3454  3933  5979  5978  6545
                               5234  6546
    1155   3   1   1   0   1   3087  3527  3150  3478  6547  6548  6549  5556
                               6550  5570
    1156   3   1   1   0   1   3188  3454  3260  3194  6545  5357  6551  3942
                               5975  6552
    1157   3   1   1   0   1   3097  3260  3454  3284  5248  5357  5358  5630
                               4821  5361
    1158   3   1   1   0   1   3153   776  3154  3293  4494  4495  3782  4385
                               4492  4400
    1159   3   1   1   0   1   3261  3087  3527  3150  5231  6547  6553  5510
                               6549  6548
    1160   3   1   1   0   1   3123  3139  3128  3138  3739  3741  3703  3737
                               5433  3735
 
    ELEM MAT TYP REL ESY SEC        NODES
 
    1161   3   1   1   0   1   3129  3130  1432  3131  5076  5081  5080  3716
                               3714  5088
    1162   3   1   1   0   1   3123  3134  3138  3136  3723  5751  3737  3728
                               3730  5747
    1163   3   1   1   0   1   3224  3144  3445  3228  6032  6033  5216  4062
                               6554  6555
    1164   3   1   1   0   1   3124  3210  3131  3135  4010  4012  3713  3727
                               6249  3738
    1165   3   1   1   0   1   3171  3135  3401  3134  3862  5270  5269  5250
                               3726  4886
    1166   3   1   1   0   1   3338  3325  3537  3326  4630  6556  6557  6558
                               4585  6559
    1167   3   1   1   0   1   3196  3195  3283  3198  3950  4302  4300  3954
                               3953  4311
    1168   3   1   1   0   1   3196  3468  3195  3282  6166  6542  3950  4297
                               5694  5629
    1169   3   1   1   0   1   3392  3284  3315  2461  6171  4824  6560  6168
                               5633  6561
    1170   3   1   1   0   1   3097  3284  2454  3260  5630  5632  3642  5248
                               4821  4185
 
    ELEM MAT TYP REL ESY SEC        NODES
 
    1171   3   1   1   0   1   3284  2454  3260  3315  5632  4185  4821  4824
                               6562  4825
    1172   3   1   1   0   1   3283  3284  2443  3467  4303  4307  4306  5513
                               5512  5631
    1173   3   1   1   0   1   3200  3392  2458  2461  6167  6563  6177  6169
                               6168  2318
    1174   3   1   1   0   1   3097  2443  3467  2433  3640  5631  5352  3641
                               2341  5516
    1175   3   1   1   0   1   3278  3219  3314  3503  6564  6565  6048  6566
                               5850  6567
    1176   3   1   1   0   1   3278  2446  3407  2928  4273  6568  5871  4275
                               4274  5098
    1177   3   1   1   0   1   3020  1435  1025  2913  4157  1413  2524  2522
                               4167  2885
    1178   3   1   1   0   1   3249  3253  3274  3520  6236  6494  6569  6496
                               6492  6495
    1179   3   1   1   0   1   3278  3407  2956  2928  5871  5950  5866  4275
                               5098  2736
    1180   3   1   1   0   1   3278  3184  3219  3503  5873  4036  6564  6566
                               6536  5850
 
    ELEM MAT TYP REL ESY SEC        NODES
 
    1181   3   1   1   0   1   3278  3407  2446  3521  5871  6568  4273  6570
                               6571  6572
    1182   3   1   1   0   1   3237  3466  3240  3418  5739  5588  4092  5346
                               5342  5347
    1183   3   1   1   0   1   3231  3238  3242  3239  4088  4100  4098  4089
                               4091  5551
    1184   3   1   1   0   1   3234  3322  3320  3240  4575  4572  6573  4095
                               5546  6574
    1185   3   1   1   0   1   3234  3322  3323  3320  4575  4574  4576  6573
                               4572  4588
    1186   3   1   1   0   1   3493  3236  3452  3234  5668  6359  5658  5672
                               4083  5679
    1187   3   1   1   0   1   3234  3324  3338  3323  4579  6575  5609  4576
                               4577  6576
    1188   3   1   1   0   1   3336  3324  3338  3234  4621  6575  4627  4623
                               4579  5609
    1189   3   1   1   0   1   3258  2957  2918  3482  5893  2756  5890  5896
                               5897  6577
    1190   3   1   1   0   1   3238  3256  3132  1435  4170  4152  6578  4173
                               4158  6579
 
    ELEM MAT TYP REL ESY SEC        NODES
 
    1191   3   1   1   0   1   3258  2191  2192  3239  5895  2147  6580  5709
                               5580  6383
    1192   3   1   1   0   1   3258  2918  2919  2185  5890  2807  5888  6581
                               6582  6583
    1193   3   1   1   0   1   3237  3259  3238  3239  5738  4177  4087  4090
                               5710  4091
    1194   3   1   1   0   1   2445  2444  3165  3168  2339  6230  6045  6046
                               6234  3987
    1195   3   1   1   0   1   3169  3159  2462  2455  6584  6585  6586  6022
                               6587  2328
    1196   3   1   1   0   1   3163  3169  2455  3159  3972  6022  4243  4249
                               6584  6587
    1197   3   1   1   0   1   3169  3168  3253  3102  3984  6238  6588  3982
                               3985  5972
    1198   3   1   1   0   1   3163  3200  2460  3169  3969  6172  6023  3972
                               3971  6024
    1199   3   1   1   0   1   3164  3170  3169  2444  3856  3858  3855  3842
                               6198  6233
    1200   3   1   1   0   1   3200  2460  3169  3170  6172  6024  3971  6174
                               6176  3858
 
    ELEM MAT TYP REL ESY SEC        NODES
 
    1201   3   1   1   0   1    103  1220  2442  2459  1176  6589  2366  2332
                               6590  2343
    1202   3   1   1   0   1   1220  2442  2459  3501  6589  2343  6590  6591
                               6592  6593
    1203   3   1   1   0   1   3501  3512  1220  3328  6594  6595  6591  6596
                               6597  6598
    1204   3   1   1   0   1   3501  3328  1220  1222  6596  6598  6591  6599
                               6600  1162
    1205   3   1   1   0   1   3501  1888  3333  1889  6601  6602  6603  6604
                               1763  6605
    1206   3   1   1   0   1   3371  3333  3438  3501  6606  6136  5024  5817
                               6603  6607
    1207   3   1   1   0   1   3371  3334  3333  1927  4755  4615  6606  5809
                               5808  6608
    1208   3   1   1   0   1   3501  3438  2453  2459  6607  6609  5818  6593
                               6610  2347
    1209   3   1   1   0   1   3510  3392  3280  3262  6611  5997  6001  6612
                               5900  5916
    1210   3   1   1   0   1   3391  3388  3194  3454  4812  6613  6614  6482
                               6481  5975
 
    ELEM MAT TYP REL ESY SEC        NODES
 
    1211   3   1   1   0   1   3108  3162  3200  3393  4287  4242  4252  6020
                               6179  6021
    1212   3   1   1   0   1   1894  3110   851  3443  5405  5107  1811  5125
                               5104  5105
    1213   3   1   1   0   1   3196  2443  3200  3170  4305  6175  3981  4308
                               4310  6174
    1214   3   1   1   0   1   3392  2458  3510  3162  6563  6615  6611  5999
                               6178  6004
    1215   3   1   1   0   1   3391  3392  3393  3284  4815  4818  4817  4820
                               6171  6173
    1216   3   1   1   0   1   3534  3181  1211  3179  6528  6616  6617  6527
                               3897  3886
    1217   3   1   1   0   1   3534  3535  3179  1301  6618  6619  6527  6620
                               6621  6622
    1218   3   1   1   0   1   3534  3450  1313  1300  6623  6624  6625  6626
                               6627  1257
    1219   3   1   1   0   1   3534  3181  1216  1211  6528  6628  6629  6617
                               6616  1185
    1220   3   1   1   0   1   1301  1300  1216  3534  1269  6630  6631  6620
                               6626  6629
 
    ELEM MAT TYP REL ESY SEC        NODES
 
    1221   3   1   1   0   1    801  1301  1300  1216  1296  1269  1299  1190
                               6631  6630
    1222   3   1   1   0   1   3391  3394  3194  3509  4826  6632  6614  6633
                               6634  5986
    1223   3   1   1   0   1   3394  3301  3158  3538  6635  6636  6637  6638
                               6639  6640
    1224   3   1   1   0   1   3193  3393  3454  3388  6148  6470  5758  6641
                               4819  6481
    1225   3   1   1   0   1   3394  3260  3158  3315  6642  4180  6637  6643
                               4825  6644
    1226   3   1   1   0   1   3315  3391  3394  3260  4823  4826  6643  4825
                               4822  6642
    1227   3   1   1   0   1   3165  3274  3168  3167  6224  6645  3987  3986
                               6646  3853
    1228   3   1   1   0   1   3164  3165  2924   932  3845  3844  3843  6647
                               6231  2862
    1229   3   1   1   0   1   3165  3274  3167  2962  6224  6646  3986  6225
                               6226  6648
    1230   3   1   1   0   1   3113    85  1143    87  6649  1100  6650  6651
                                 86  1101
 
    ELEM MAT TYP REL ESY SEC        NODES
 
    1231   3   1   1   0   1   3168  3167  3274  3102  3853  6646  6645  3985
                               6652  4241
    1232   3   1   1   0   1   3169  2444  3170  2460  6233  6198  3858  6024
                               2317  6176
    1233   3   1   1   0   1   2462  3253  3169  2445  6653  6588  6586  2322
                               6237  6235
    1234   3   1   1   0   1   3164  3198  2960  2989  6654  6655  6656  6657
                               3965  2651
    1235   3   1   1   0   1   3197  3173  3018  3174  5622  5620  5370  4226
                               6658  3871
    1236   3   1   1   0   1   3468  3173  3195  3282  5695  5627  6542  5694
                               5253  5629
    1237   3   1   1   0   1   3092  3091  3094  3468  3626  3937  5249  5693
                               5364  5742
    1238   3   1   1   0   1   3282  3094  3092  3172  5746  5249  5692  5252
                               4668  3922
    1239   3   1   1   0   1   3092  3195  3173  2999  5696  5627  5267  5689
                               5697  5698
    1240   3   1   1   0   1   3173  3008  3195  3009  6659  6660  5627  5619
                               2555  5626
 
    ELEM MAT TYP REL ESY SEC        NODES
 
    1241   3   1   1   0   1   3173  3195  3008  2999  5627  6660  6659  5698
                               5697  2565
    1242   3   1   1   0   1   3462  3513  3502  3464  6661  6071  6662  6663
                               6082  6055
    1243   3   1   1   0   1   3460  1979  3458  1976  6664  6665  5279  6666
                               1501  6667
    1244   3   1   1   0   1   3459  3460  3305  3107  5278  5282  5281  6668
                               6669  5286
    1245   3   1   1   0   1   3107  3460  1981  1980  6669  6670  6062  6060
                               6671  1495
    1246   3   1   1   0   1   3279  3460  3514  3109  5288  6078  6077  4290
                               5289  6672
    1247   3   1   1   0   1   3080  3343  3077  3447  5136  5145  3582  5131
                               5205  5208
    1248   3   1   1   0   1   3109  3460  1981  3107  5289  6670  6673  3665
                               6669  6062
    1249   3   1   1   0   1   3391  3389  3390  3302  4813  4811  4814  4829
                               6674  4836
    1250   3   1   1   0   1   3388  3509  3461  3389  6675  6676  6677  4807
                               6678  6679
 
    ELEM MAT TYP REL ESY SEC        NODES
 
    1251   3   1   1   0   1   3391  3388  3389  3509  4812  4807  4813  6633
                               6675  6678
    1252   3   1   1   0   1   3388  3461  3108  3107  6677  5291  6016  6017
                               6680  3662
    1253   3   1   1   0   1   3280  3390  3388  3387  6015  4810  5998  6014
                               4809  4806
    1254   3   1   1   0   1   3154  2938  3467  2958  5520  6681  5351  5517
                               2723  5530
    1255   3   1   1   0   1   3325  2108  3488  2116  4634  6682  6683  4636
                               2047  6684
    1256   3   1   1   0   1   3339   709  3386  3485  6685  6686  6687  6688
                               6689  6690
    1257   3   1   1   0   1    690   709   707  3339  2002   708  2001  6691
                               6685  6692
    1258   3   1   1   0   1   3339  3335  2101  2102  4639  6693  6694  4635
                               4640  2066
    1259   3   1   1   0   1   3339  3485  3336  3488  6688  6695  6696  6697
                               5603  6698
    1260   3   1   1   0   1   1444  1435    94  2192  1373  1388  1372  6699
                               6700  2145
 
    ELEM MAT TYP REL ESY SEC        NODES
 
    1261   3   1   1   0   1   3496  3433  2910  3133  5719  6325  6257  6253
                               6701  6256
    1262   3   1   1   0   1   3442  3127  2949  2950  5989  6702  6703  6704
                               6705  2708
    1263   3   1   1   0   1   3081  3206  3307  3122  4001  5155  4473  4373
                               5153  4474
    1264   3   1   1   0   1   3442  1035  2909  2908  6265  2892  6262  5086
                               2895  2815
    1265   3   1   1   0   1   3442  1035  1432  1433  6265  1419  5089  5990
                               1418  1378
    1266   3   1   1   0   1   3180  3515  3218  3181  6096  6706  6707  3889
                               6708  6709
    1267   3   1   1   0   1   3181  1215  1217  3180  6710  1157  3893  3889
                               6711  3892
    1268   3   1   1   0   1   1216  3181  1215  1217  6628  6710  1184  1181
                               3893  1157
    1269   3   1   1   0   1   3180  3512  1217  3408  6091  6712  3892  6713
                               6714  6715
    1270   3   1   1   0   1   1964  3539  1935  3437  6716  6717  1585  5015
                               6718  6719
 
    ELEM MAT TYP REL ESY SEC        NODES
 
    1271   3   1   1   0   1   3273  3201  3222  3271  6720  4239  4232  4233
                               6721  4229
    1272   3   1   1   0   1   1931  1959  3269  1930  1599  6722  6723  1652
                               1598  6724
    1273   3   1   1   0   1   3265  3459  1979  3149  6725  6726  6727  4209
                               6728  6729
    1274   3   1   1   0   1   3437  3265  3436  3264  5014  5006  5020  6730
                               4208  5007
    1275   3   1   1   0   1   3437  3340  1964  3539  6440  6731  5015  6718
                               6732  6716
    1276   3   1   1   0   1   3437  1962  3530  1935  6733  6734  6735  6719
                               1590  6736
    1277   3   1   1   0   1   3437  1962  3459  3530  6733  6737  6738  6735
                               6734  6739
    1278   3   1   1   0   1   3265  1964  3436  1969  5016  5019  5006  5011
                               1511  6740
    1279   3   1   1   0   1   3196  3197  3198  3166  3951  3955  3954  3978
                               3961  3962
    1280   3   1   1   0   1   3166  3200  3169  3170  3968  3971  3854  3857
                               6174  3858
 
    ELEM MAT TYP REL ESY SEC        NODES
 
    1281   3   1   1   0   1   3514  1981  1975  1973  6741  1500  6322  6321
                               1502  1514
    1282   3   1   1   0   1   3171  3135  3016  3004  3862  3864  3861  6742
                               6743  2544
    1283   3   1   1   0   1   3197  3173  3174  3282  5622  6658  4226  5628
                               5253  6744
    1284   3   1   1   0   1   3401  3404  3409  3414  4878  4910  5649  5652
                               4931  5505
    1285   3   1   1   0   1   3171  3134  3401  3282  5250  4886  5269  5251
                               4885  4884
    1286   3   1   1   0   1   3094  3468  3345  3282  5742  5438  5022  5746
                               5694  4887
    1287   3   1   1   0   1   3499  3459  3342  3149  6745  5285  6746  6747
                               6728  4648
    1288   3   1   1   0   1   3499  1943  1944  3142  6748  1578  6749  6750
                               6751  3763
    1289   3   1   1   0   1   3499  3502  1958  1943  6752  5828  6753  6748
                               6754  1566
    1290   3   1   1   0   1   3499  3464  3502  3144  6755  6055  6752  6756
                               6757  6758
 
    ELEM MAT TYP REL ESY SEC        NODES
 
    1291   3   1   1   0   1   3462  3499  3458  3464  6759  6760  5298  6663
                               6755  6761
    1292   3   1   1   0   1   3499  3502  1976  1958  6752  5903  5779  6753
                               5828  1531
    1293   3   1   1   0   1   3499  1976  3458  1979  5779  6667  6760  5780
                               1501  6665
    1294   3   1   1   0   1   3141  3499  3142  3144  6762  6750  3743  3749
                               6756  3750
    1295   3   1   1   0   1   3435  3434  3540  3433  5005  6763  6764  5004
                               4999  6765
    1296   3   1   1   0   1   3475  3435  3352  3477  6766  6767  6456  6449
                               6768  6769
    1297   3   1   1   0   1   3435  3432  3540  3541  6452  6770  6764  6771
                               6772  6773
    1298   3   1   1   0   1   3377  3378  3374  1309  4774  4804  4803  6774
                               6775  5068
    1299   3   1   1   0   1   3355  3352  3435  3434  4708  6767  5003  4998
                               6776  5005
    1300   3   1   1   0   1   3542  3477  3352  3543  6777  6769  6778  6779
                               6780  6781
 
    ELEM MAT TYP REL ESY SEC        NODES
 
    1301   3   1   1   0   1   3400  1135  3397  1146  5416  5424  4858  6782
                               1080  6362
    1302   3   1   1   0   1   1429  1045  3024     5  1427  2507  4266  1428
                               1046  2509
    1303   3   1   1   0   1   3541  3477  3352  3435  6783  6769  6784  6771
                               6768  6767
    1304   3   1   1   0   1   3100  3223  3428  3221  4046  6156  6785  4041
                               4047  6157
    1305   3   1   1   0   1   3279  3103  3266  3104  4440  4442  4438  4456
                               3657  6212
    1306   3   1   1   0   1   3513  3267  3266  3464  6215  4212  6085  6082
                               6211  5313
    1307   3   1   1   0   1   3303  3363  3245  3267  6204  6786  4730  4436
                               6213  6787
    1308   3   1   1   0   1   3104  3463  3103  3464  6150  6788  3657  6209
                               5308  6162
    1309   3   1   1   0   1   3429  3103  3428  3221  6161  6789  4984  6790
                               6791  6157
    1310   3   1   1   0   1   3304  3364  3365  3366  4726  4723  4727  6792
                               4739  6793
 
    ELEM MAT TYP REL ESY SEC        NODES
 
    1311   3   1   1   0   1   3544  1932  1897  1898  6794  1690  6795  6796
                               1691  1754
    1312   3   1   1   0   1   3158   659  2109  2282  6797  2075  3808  4178
                               2269  4141
    1313   3   1   1   0   1    808  3097  2454  3157  4499  3642  2369  5635
                               5240  4183
    1314   3   1   1   0   1   3200  3284  2461  2443  6170  5633  6169  6175
                               4307  2306
    1315   3   1   1   0   1   3196  3091  3468  3284  4298  5364  6166  4304
                               5359  5363
    1316   3   1   1   0   1   3283  3170  3198  2922  4309  4312  4311  6798
                               6197  6799
    1317   3   1   1   0   1    936  2443  2922  2444  2406  6196  2866  2309
                               2340  3839
    1318   3   1   1   0   1   3164  3170  2922  3198  3856  6197  3840  6654
                               4312  6799
    1319   3   1   1   0   1   3196  3283  3091  3284  4300  4299  4298  4304
                               4303  5359
    1320   3   1   1   0   1   3164  3198  3166  3170  6654  3962  3848  3856
                               4312  3857
 
    ELEM MAT TYP REL ESY SEC        NODES
 
    1321   3   1   1   0   1   3166  3167  3168  3102  3849  3853  3852  3983
                               6652  3985
    1322   3   1   1   0   1   3250  2964  3314  2992  6049  6051  4518  4514
                               2646  4517
    1323   3   1   1   0   1   3164  3166  3168  3169  3848  3852  3851  3855
                               3854  3984
    1324   3   1   1   0   1   3118  2435   975  2436  6800  2424  6801  6802
                               2391  2421
    1325   3   1   1   0   1   3118   975  1882  1883  6801  1835  6803  6804
                               1834  1769
    1326   3   1   1   0   1   3117  3118  2436  3120  3680  6802  4166  3688
                               3689  6805
    1327   3   1   1   0   1   3118  3121  1882  3120  3691  5919  6803  3689
                               3692  5909
    1328   3   1   1   0   1   3118  3121  3119  1922  3691  6806  3684  6807
                               6457  6808
    1329   3   1   1   0   1   3118  3545  1883  3119  6809  6810  6804  3684
                               6811  6812
    1330   3   1   1   0   1   3262  3280  3390  3392  5916  6015  5911  5900
                               5997  4835
 
    ELEM MAT TYP REL ESY SEC        NODES
 
    1331   3   1   1   0   1   3262  3510  3121  3280  6612  6002  5918  5916
                               6001  6003
    1332   3   1   1   0   1   3200  3393  3392  3284  6021  4818  6167  6170
                               6173  6171
    1333   3   1   1   0   1   3392  2432  2461  3315  6813  2330  6168  6560
                               4553  6561
    1334   3   1   1   0   1   3262  3510  3120  3121  6612  6084  5905  5918
                               6002  3692
    1335   3   1   1   0   1   3120  2434  2448  3510  5906  2363  3832  6084
                               6814  6815
    1336   3   1   1   0   1   2435  3120  2434  2448  5907  5906  2390  2383
                               3832  2363
    1337   3   1   1   0   1   3392  3315  1880  2432  6560  6816  5898  6813
                               4553  6817
    1338   3   1   1   0   1   2458  3392  2434  2461  6563  6818  2307  2318
                               6168  2331
    1339   3   1   1   0   1   3510  3162  2458  2448  6004  6178  6615  6815
                               3836  2349
    1340   3   1   1   0   1   3099  3101  3163  3102  3649  3977  4247  3650
                               3652  4246
 
    ELEM MAT TYP REL ESY SEC        NODES
 
    1341   3   1   1   0   1   3100  3217  3223  3216  4032  6819  4046  6820
                               6821  6822
    1342   3   1   1   0   1   3100  3103  3104  3221  3653  3657  3656  4041
                               6791  4871
    1343   3   1   1   0   1   3099  3116  3212  3163  6029  4120  4018  4247
                               3830  4248
    1344   3   1   1   0   1   3099  3100  3102  3213  3647  3651  3650  4020
                               4245  4022
    1345   3   1   1   0   1   3100  3102  3222  3101  3651  4238  4043  3648
                               3652  4045
    1346   3   1   1   0   1   3401  3221  3225  3402  4866  6152  5651  4868
                               4867  6153
    1347   3   1   1   0   1   3324  3338  3323  3326  6575  6576  4577  4583
                               6558  6823
    1348   3   1   1   0   1   3243  3241  2189  2190  4104  6824  5948  6825
                               6826  2150
    1349   3   1   1   0   1   3452  2182  3335  2186  5707  6413  5657  5197
                               2157  4618
    1350   3   1   1   0   1   3322  2187  3240  2190  6827  6828  5546  5548
                               2142  5549
 
    ELEM MAT TYP REL ESY SEC        NODES
 
    1351   3   1   1   0   1   3242  3239  2190  3240  5551  6382  5547  5348
                               5550  5549
    1352   3   1   1   0   1   3324  3335  3322  3336  4617  4620  4578  4621
                               6357  4622
    1353   3   1   1   0   1   3219  3503  3504  3546  5850  5835  6829  6830
                               6831  6832
    1354   3   1   1   0   1   3219  3314  3503  3546  6565  6567  5850  6830
                               6833  6831
    1355   3   1   1   0   1   3219  3182  3184  3218  5849  3903  4036  4037
                               6834  4035
    1356   3   1   1   0   1   3207  3347  3473  3307  6835  6836  6837  5156
                               6838  5398
    1357   3   1   1   0   1   3263  3306  3340  3531  4459  5206  4641  6839
                               6840  6437
    1358   3   1   1   0   1   3344  3307  3122  3264  5394  4474  4663  4680
                               6841  4218
    1359   3   1   1   0   1   3092  3468  3195  3091  5693  6542  5696  3626
                               5364  4301
    1360   3   1   1   0   1   3263  3341  3531  3340  4644  6436  6839  4641
                               4645  6437
 
    ELEM MAT TYP REL ESY SEC        NODES
 
    1361   3   1   1   0   1   3156  3157  2454  3260  3804  4183  4182  4179
                               5241  4185
    1362   3   1   1   0   1   3307  3347  3473  3471  6838  6836  5398  6842
                               6843  6844
    1363   3   1   1   0   1   1025  1435  1027  2913  1413  1414  1026  2885
                               4167  2884
    1364   3   1   1   0   1   3166  3102  3201  3167  3983  4228  3973  3849
                               6652  3975
    1365   3   1   1   0   1   3166  3197  3201  3282  3961  3974  3973  4295
                               5628  6149
    1366   3   1   1   0   1   3260  3158  3315  2454  4180  6644  4825  4185
                               4184  6562
    1367   3   1   1   0   1   3295  3273  3469  3296  6845  5373  6846  4391
                               6847  6848
    1368   3   1   1   0   1   3469  3295  3270  3273  6846  5367  5376  5373
                               6845  5375
    1369   3   1   1   0   1   3296  2996  2997  3469  4392  2601  6849  6848
                               5379  6850
    1370   3   1   1   0   1   3011  2996  2997  3296  2567  2601  2566  4394
                               4392  6849
 
    ELEM MAT TYP REL ESY SEC        NODES
 
    1371   3   1   1   0   1   3201  3273  3295  3271  6720  6845  5366  6721
                               4233  6851
    1372   3   1   1   0   1   3295  2990  3167  3271  6852  5471  6853  6851
                               6854  6855
    1373   3   1   1   0   1   3295  3273  3296  3271  6845  6847  4391  6851
                               4233  6856
    1374   3   1   1   0   1   3295  3271  3011  2990  6851  5083  4393  6852
                               6854  2576
    1375   3   1   1   0   1   3095  3477  3138  3479  5534  6451  3914  5557
                               6857  6132
    1376   3   1   1   0   1   3093  3172  3457  3096  3919  5264  5745  3638
                               3920  5544
    1377   3   1   1   0   1   2973  3001  2972  3096  2622  2623  2679  5543
                               6858  6859
    1378   3   1   1   0   1   3500  3095  3477  2973  5804  5534  6860  6861
                               5536  5535
    1379   3   1   1   0   1   3474  3457  3477  3138  5426  5538  5851  5432
                               5266  6451
    1380   3   1   1   0   1   3172  3015  3457  3096  5257  6862  5264  3920
                               6863  5544
 
    ELEM MAT TYP REL ESY SEC        NODES
 
    1381   3   1   1   0   1   3096  3001  2972  3015  6858  2623  6859  6863
                               2561  2494
    1382   3   1   1   0   1   3456  3457  3015  3006  5265  6862  5256  5427
                               5429  2547
    1383   3   1   1   0   1   3474  3457  3006  3001  5426  5429  5428  5853
                               5864  2546
    1384   3   1   1   0   1   3242  3234  3240  3322  5349  4095  5348  5545
                               4575  5546
    1385   3   1   1   0   1   3308  3240  2187  3239  5586  6828  6864  5579
                               5550  6865
    1386   3   1   1   0   1   3322  3240  2187  3320  5546  6828  6827  4572
                               6574  6866
    1387   3   1   1   0   1   3322  2186  3320  2187  4571  4568  4572  6827
                               2155  6866
    1388   3   1   1   0   1   3462  3458  3499  1976  5298  6760  6759  6867
                               6667  5779
    1389   3   1   1   0   1   3462  1976  3460  3458  6867  6666  5299  5298
                               6667  5279
    1390   3   1   1   0   1   1894  1929  1895  3444  1696  1697  1757  5126
                               6868  6869
 
    ELEM MAT TYP REL ESY SEC        NODES
 
    1391   3   1   1   0   1   3444  1929  1895  3502  6868  1697  6869  6058
                               5826  6870
    1392   3   1   1   0   1   3444  3502  3142  1939  6058  6871  6118  5123
                               6872  6873
    1393   3   1   1   0   1   3293  3297  3261  3150  4395  4397  4383  4406
                               5524  5510
    1394   3   1   1   0   1   3260  3454  3214  3261  5357  6546  5244  5242
                               5233  5243
    1395   3   1   1   0   1   3191  2294  3527  3478  6305  6874  6298  6302
                               6306  6550
    1396   3   1   1   0   1   3527  3478  2294  2288  6550  6306  6874  6875
                               6876  2222
    1397   3   1   1   0   1   3527  2283  3214  2292  6299  4023  6301  6877
                               2230  6878
    1398   3   1   1   0   1   3191  3527  2294  2283  6298  6874  6305  6300
                               6299  2228
    1399   3   1   1   0   1   3261  3527  3087  3214  6553  6547  5231  5243
                               6301  5979
    1400   3   1   1   0   1   3308  3498  3239  3482  5768  6879  5579  5582
                               5774  5583
 
    ELEM MAT TYP REL ESY SEC        NODES
 
    1401   3   1   1   0   1   3237  3361  3466  3448  5736  5740  5739  6880
                               5146  5339
    1402   3   1   1   0   1   3498  3258  3239  3482  5759  5709  6879  5774
                               5896  5583
    1403   3   1   1   0   1   3231  3240  3237  3239  4093  4092  4086  4089
                               5550  4090
    1404   3   1   1   0   1   3466  3308  3498  3239  5587  5768  6881  5589
                               5579  6879
    1405   3   1   1   0   1   1983  1222    16  1007  4318  1169  1488  1487
                               1167  1006
    1406   3   1   1   0   1   3242  3238  3241  2190  4100  4099  4097  5547
                               6882  6826
    1407   3   1   1   0   1   3079  1876  1916  1917  6883  1727  3589  3587
                               1726  1668
    1408   3   1   1   0   1   3258  3238  3239  2192  4171  4091  5709  6580
                               6884  6383
    1409   3   1   1   0   1   3239  3238  2190  2192  4091  6882  6382  6383
                               6884  2144
    1410   3   1   1   0   1   3297  3089  3088  3091  5802  3615  4398  5353
                               3646  3628
 
    ELEM MAT TYP REL ESY SEC        NODES
 
    1411   3   1   1   0   1   3293   774   776  2939  4408   775  4492  4403
                               2832  2833
    1412   3   1   1   0   1   3089  3190  3191  3192  3929  5977  3930  3935
                               6885  5552
    1413   3   1   1   0   1   3261  2292  3527  3214  6886  6877  6553  5243
                               6878  6301
    1414   3   1   1   0   1   3153   776   648   650  4494  2472  6887  3795
                               2487   649
    1415   3   1   1   0   1   1875  3083  1876  3079  3608  3621  1775  6398
                               3593  6883
    1416   3   1   1   0   1   3079  3078  3081  3077  3580  4656  3590  3579
                               3576  3989
    1417   3   1   1   0   1   3144  3143  3445  3142  3748  5217  6033  3750
                               3747  6120
    1418   3   1   1   0   1   3224  3445  1450  3228  5216  5218  4063  4062
                               6555  4065
    1419   3   1   1   0   1   3151  3143  3125  3229  3773  3770  3774  4221
                               4376  5152
    1420   3   1   1   0   1   3444  3142  3144  3445  6118  3750  6888  5118
                               6120  6033
 
    ELEM MAT TYP REL ESY SEC        NODES
 
    1421   3   1   1   0   1   3444  3502  1939  1929  6058  6872  5123  6868
                               5826  1653
    1422   3   1   1   0   1   3141  3144  3229  3342  3749  6248  4375  6889
                               6890  6891
    1423   3   1   1   0   1   3366  3547  3548  3516  6892  6893  6894  6895
                               6896  6897
    1424   3   1   1   0   1   3406  1221  1218  1213  5788  1160  4888  4901
                               1170  1155
    1425   3   1   1   0   1   3366  3548  3439  3516  6894  6898  6512  6895
                               6897  6524
    1426   3   1   1   0   1   3328  3501  3333  1869  6596  6603  6089  6899
                               6900  6901
    1427   3   1   1   0   1   3366  3303  3304  3364  4737  4450  6792  4739
                               4734  4726
    1428   3   1   1   0   1    934  2922  2444   936  2867  3839  2405   935
                               2866  2309
    1429   3   1   1   0   1   3105  3366  3439  3244  6902  6512  5963  6903
                               4738  6511
    1430   3   1   1   0   1   3303  3366  3304  3244  4737  6792  4450  4451
                               4738  4447
 
    ELEM MAT TYP REL ESY SEC        NODES
 
    1431   3   1   1   0   1   3216  3217  3223  3427  6821  6819  6822  6904
                               6905  6906
    1432   3   1   1   0   1   3079  1876  1875  1916  6883  1775  6398  3589
                               1727  1728
    1433   3   1   1   0   1   3216  3215  3105  3217  4026  4028  4027  6821
                               6907  4033
    1434   3   1   1   0   1   3100  3102  3216  3222  3651  5974  6820  4043
                               4238  6908
    1435   3   1   1   0   1   3216  3222  3102  3272  6908  4238  5974  6909
                               4231  6910
    1436   3   1   1   0   1   3216  3223  3549  3427  6822  6911  6912  6904
                               6906  6913
    1437   3   1   1   0   1   3216  3549  3223  3272  6912  6911  6822  6909
                               6914  6915
    1438   3   1   1   0   1   3267  1973  3279  3514  6446  4445  4437  6916
                               6321  6077
    1439   3   1   1   0   1   3462  3499  3464  3502  6759  6755  6663  6662
                               6752  6055
    1440   3   1   1   0   1   3462  3513  3464  3267  6661  6082  6663  6917
                               6215  6211
 
    ELEM MAT TYP REL ESY SEC        NODES
 
    1441   3   1   1   0   1   3462  1976  3502  1957  6867  5903  6662  6918
                               1532  5827
    1442   3   1   1   0   1   3450  1313  1300  1305  6624  1257  6627  6919
                               1256  1223
    1443   3   1   1   0   1   3364  1960  1955  1954  6920  1537  6921  6922
                               1538  1568
    1444   3   1   1   0   1   3279  3462  3267  3514  5295  6917  4437  6077
                               6079  6916
    1445   3   1   1   0   1   3514  3267  1959  1975  6916  5991  6323  6322
                               5992  1534
    1446   3   1   1   0   1   3514  3267  1973  1959  6916  6446  6321  6323
                               5991  1456
    1447   3   1   1   0   1   3462  3460  1976  3514  5299  6666  6867  6079
                               6078  6923
    1448   3   1   1   0   1   3460  3514  1981  1976  6078  6741  6670  6666
                               6923  1499
    1449   3   1   1   0   1   3532  3373  3375  3550  6924  4765  6925  6926
                               6927  6928
    1450   3   1   1   0   1   3532  3375  3373  3378  6925  4765  6924  6929
                               6930  4805
 
    ELEM MAT TYP REL ESY SEC        NODES
 
    1451   3   1   1   0   1   3169  2460  2462  2444  6024  2325  6586  6233
                               2317  2316
    1452   3   1   1   0   1   3422  3409  3425  3424  5320  6931  4975  4974
                               5321  4977
    1453   3   1   1   0   1   3423  3532  3536  3425  6932  6933  6934  4976
                               6935  6936
    1454   3   1   1   0   1   3532  3426  3549  3223  6471  6937  6938  6474
                               6473  6911
    1455   3   1   1   0   1   3532  3375  3402  3550  6925  4922  6939  6926
                               6928  6940
    1456   3   1   1   0   1   3462  3267  1975  1930  6917  5992  6941  6942
                               5993  1458
    1457   3   1   1   0   1   3410   843   841  3544  6943   842  5497  6944
                               6945  6946
    1458   3   1   1   0   1   3514  1973  3109  1981  6321  4444  6672  6741
                               1502  6673
    1459   3   1   1   0   1   3267  3245  1974  3363  6787  6188  6445  6213
                               6786  6947
    1460   3   1   1   0   1   2463  3252  3249  2446  4128  4132  4131  2321
                               6948  4148
 
    ELEM MAT TYP REL ESY SEC        NODES
 
    1461   3   1   1   0   1   3267  1974  3245  1973  6445  6188  6787  6446
                               1516  6187
    1462   3   1   1   0   1   1959  3269  1930  3267  6722  6724  1598  5991
                               4216  5993
    1463   3   1   1   0   1   3289  1449  1446  1447  5100  1360  4366  5686
                               1361  1365
    1464   3   1   1   0   1   3429  3266  3519  3103  5312  6206  6216  6161
                               4442  6207
    1465   3   1   1   0   1   3462  3513  3267  1930  6661  6215  6917  6942
                               6074  5993
    1466   3   1   1   0   1   3325  3338  3336  3324  4630  4627  4631  4582
                               6575  4621
    1467   3   1   1   0   1   2285  3323  3320  3551  6949  4588  6950  6951
                               6952  6953
    1468   3   1   1   0   1   3237  3434  3259  3361  6954  6955  5738  5736
                               5148  5737
    1469   3   1   1   0   1   2186  2117  2102  3324  4624  2033  4625  4619
                               6956  4586
    1470   3   1   1   0   1   3323  3418  3320  3551  6957  6958  4588  6952
                               6959  6953
 
    ELEM MAT TYP REL ESY SEC        NODES
 
    1471   3   1   1   0   1   3234  3338  3418  3323  5609  6960  5345  4576
                               6576  6957
    1472   3   1   1   0   1   3323  3326  3338  3552  6823  6558  6576  6961
                               6962  6963
    1473   3   1   1   0   1   3185  3184  3278  3503  3905  5873  5865  6535
                               6536  6566
    1474   3   1   1   0   1   3178  2915  3185  3408  6964  6965  3906  5877
                               4904  5878
    1475   3   1   1   0   1   3278  3503  2993  2965  6566  6966  6967  5869
                               6968  2644
    1476   3   1   1   0   1   3178  3185  2915  2955  3906  6965  6964  6969
                               6970  2760
    1477   3   1   1   0   1   2970  3546  3314  2998  6971  6833  6972  2631
                               6973  6974
    1478   3   1   1   0   1   1440  1877  1878   988  6480  1773  6484  1402
                               1845  1844
    1479   3   1   1   0   1   3503  3546  3314  2970  6831  6833  6567  6975
                               6971  6972
    1480   3   1   1   0   1   3553  3219  3506  3449  6976  6534  6977  6978
                               5848  5846
 
    ELEM MAT TYP REL ESY SEC        NODES
 
    1481   3   1   1   0   1   3178  3408  1213  2915  5877  4900  3894  6964
                               4904  4903
    1482   3   1   1   0   1   3180  3184  3220  3512  6979  4039  6980  6091
                               6981  6982
    1483   3   1   1   0   1   3390  1941  1950  1920  6983  1591  5921  5922
                               1645  1619
    1484   3   1   1   0   1   3155  2286  2295  2279  3787  2225  4381  3790
                               2196  2226
    1485   3   1   1   0   1   3184  3180  3181  3178  6979  3889  3904  3902
                               3888  3890
    1486   3   1   1   0   1    932  3165  2924   930  6231  3844  2862   931
                               6229  2863
    1487   3   1   1   0   1   3184  3407  3220  3512  5872  6984  4039  6981
                               6063  6982
    1488   3   1   1   0   1   3287  1891  2184  1892  5706  6985  4330  5941
                               1760  6986
    1489   3   1   1   0   1   3387  3107  1971  1978  6018  6010  6012  6987
                               6988  1512
    1490   3   1   1   0   1   3554  1966  1937  1938  6989  1581  6990  6991
                               1582  1640
 
    ELEM MAT TYP REL ESY SEC        NODES
 
    1491   3   1   1   0   1   3387  3530  3459  1962  6992  6739  6993  6994
                               6734  6737
    1492   3   1   1   0   1   3387  3459  1978  1962  6993  6995  6987  6994
                               6737  1525
    1493   3   1   1   0   1   3387  3461  3530  3389  6996  6431  6992  4808
                               6679  6997
    1494   3   1   1   0   1   3387  3389  1962  1934  4808  6998  6994  6999
                               7000  1589
    1495   3   1   1   0   1   3387  3390  3389  1934  4809  4811  4808  6999
                               7001  7000
    1496   3   1   1   0   1   3355  3348  3349  3433  5716  4690  5000  4995
                               7002  5002
    1497   3   1   1   0   1   2937  3179   894  3178  5883  3883  2836  5881
                               3882  3884
    1498   3   1   1   0   1   1213  1221  1016  2916  1170  1172  1203  5789
                               5787  2878
    1499   3   1   1   0   1   3471  3353  3206  3347  6124  5681  7003  6843
                               7004  4686
    1500   3   1   1   0   1   3501  2459  3512  3438  6593  6066  6594  6607
                               6610  7005
 
    ELEM MAT TYP REL ESY SEC        NODES
 
    1501   3   1   1   0   1   3353  3354  3347  3471  4701  7006  7004  6124
                               6126  6843
    1502   3   1   1   0   1   3136  3264  3122  3229  4676  4218  4662  4661
                               4220  4219
    1503   3   1   1   0   1   3129  3289  1433  1449  5092  5095  5094  5101
                               5100  1356
    1504   3   1   1   0   1   3480   644   772   770  7007  2483  7008  7009
                               2481   771
    1505   3   1   1   0   1   3126  3289  3353  3348  5091  5680  6122  6121
                               5683  5717
    1506   3   1   1   0   1   3078  3146  1914  3147  5202  5786  7010  7011
                               3754  5785
    1507   3   1   1   0   1   3306  3343  3202  3263  5203  5157  4458  4459
                               4649  4460
    1508   3   1   1   0   1   3443  1911  1870  1893  6105  1738  6107  7012
                               1698  1454
    1509   3   1   1   0   1   3346  3355  3349  3352  4707  5000  4693  4703
                               4708  7013
    1510   3   1   1   0   1   3548  3516  3252  3439  6897  7014  7015  6898
                               6524  7016
 
    ELEM MAT TYP REL ESY SEC        NODES
 
    1511   3   1   1   0   1   3478  3480  3526  2289  5571  7017  6303  7018
                               7019  7020
    1512   3   1   1   0   1   3239  2187  2191  2190  6865  2146  5580  6382
                               2142  2143
    1513   3   1   1   0   1   3478  3480  2289   644  5571  7019  7018  7021
                               7007  2255
    1514   3   1   1   0   1   3278  3521  3184  3407  6570  7022  5873  5871
                               6571  5872
    1515   3   1   1   0   1   3529  1146  1140  1147  7023  1074  7024  6394
                               1066  1073
    1516   3   1   1   0   1   3180  3408  3184  3512  6713  5879  6979  6091
                               6714  6981
    1517   3   1   1   0   1   3169  2445  2444  2462  6235  2339  6233  6586
                               2322  2316
    1518   3   1   1   0   1   3527  3150  3478  2288  6548  5570  6550  6875
                               3766  6876
    1519   3   1   1   0   1   3261  2295  3150  2288  4384  5509  5510  7025
                               2197  3766
    1520   3   1   1   0   1   3443  3110  3398  1894  5104  4847  5127  5125
                               5405  5129
 
    ELEM MAT TYP REL ESY SEC        NODES
 
    1521   3   1   1   0   1   3408  1218  1217  1213  4892  1182  6715  4900
                               1155  1183
    1522   3   1   1   0   1   3513  3268  3267  1930  6073  4213  6215  6074
                               6076  5993
    1523   3   1   1   0   1    849  1895   847  3110  1809  1810   848  5406
                               4844  5419
    1524   3   1   1   0   1   3398  3228  3465  3455  6112  7026  6081  5422
                               6346  7027
    1525   3   1   1   0   1   3502  3444  3398  1895  6058  5128  6057  6870
                               6869  4848
    1526   3   1   1   0   1   3100  3213  3216  3102  4245  4030  6820  3651
                               4022  5974
    1527   3   1   1   0   1   3222  3274  3102  3272  4237  4241  4238  4231
                               4236  6910
    1528   3   1   1   0   1   3201  3401  3273  3222  7028  4875  6720  4239
                               4869  4232
    1529   3   1   1   0   1   3222  3402  3550  3223  4870  6940  7029  4048
                               6155  7030
    1530   3   1   1   0   1   3251  3272  3216  3102  6488  6909  5971  5973
                               6910  5974
 
    ELEM MAT TYP REL ESY SEC        NODES
 
    1531   3   1   1   0   1   3111  1144  1132  1142  7031  1084  5116  7032
                               1070  1089
    1532   3   1   1   0   1   3222  3273  3550  3402  4232  7033  7029  4870
                               4883  6940
    1533   3   1   1   0   1   3160  3245  3246  3115  4108  4733  4113  4111
                               4112  7034
    1534   3   1   1   0   1   3114  3117  3161  2449  3687  6459  3819  7035
                               4165  6460
    1535   3   1   1   0   1   3163  3114  3159  2455  3828  3817  4249  4243
                               3837  6587
    1536   3   1   1   0   1   3169  3159  3163  3253  6584  4249  3972  6588
                               6199  6200
    1537   3   1   1   0   1   1430    27  1986  1004  1425  1476  7036  1426
                               1005  1475
    1538   3   1   1   0   1   3473  3555  3347  3556  7037  7038  6836  7039
                               7040  7041
    1539   3   1   1   0   1   3212  3159  3254  3253  4121  7042  5965  5968
                               6199  4139
    1540   3   1   1   0   1   3168  2444  3165  3164  6234  6230  3987  3851
                               3842  3845
 
    ELEM MAT TYP REL ESY SEC        NODES
 
    1541   3   1   1   0   1   3159  3254  2462  2456  7042  7043  6585  7044
                               7045  2329
    1542   3   1   1   0   1   1039  2907  1037  1432  2896  2897  1038  1421
                               7046  1420
    1543   3   1   1   0   1   3160  3518  3212  3159  7047  7048  4119  3814
                               7049  4121
    1544   3   1   1   0   1   3404  3375  3374  3376  4909  4764  4908  4919
                               4768  4767
    1545   3   1   1   0   1   1144  3111  3113  1142  7031  3671  7050  1070
                               7032  7051
    1546   3   1   1   0   1   3075   834    10  1150  3055   835  3056  7052
                               1055  1057
    1547   3   1   1   0   1   3410  1136  3529  1147  7053  7054  7055  7056
                               1078  6394
    1548   3   1   1   0   1   3532  3373  3550  3380  6924  6927  6926  7057
                               7058  7059
    1549   3   1   1   0   1   3532  3550  3549  3505  6926  7060  6938  7061
                               7062  7063
    1550   3   1   1   0   1   3404  3375  3402  3409  4909  4922  4924  4910
                               4912  6158
 
    ELEM MAT TYP REL ESY SEC        NODES
 
    1551   3   1   1   0   1   3375  3273  3402  3550  7064  4883  4922  6928
                               7033  6940
    1552   3   1   1   0   1   3406  3185  3407  2956  7065  5870  4890  5949
                               5867  5950
    1553   3   1   1   0   1   3250  3278  2446  3521  6047  4273  4149  6220
                               6570  6572
    1554   3   1   1   0   1   3184  3407  3521  3220  5872  6571  7022  4039
                               6984  7066
    1555   3   1   1   0   1   3278  3219  3184  3521  6564  4036  5873  6570
                               7067  7022
    1556   3   1   1   0   1   3407  3252  2459  2446  7068  7069  6065  6568
                               6948  2301
    1557   3   1   1   0   1   3407  3220  3512  3252  6984  6982  6063  7068
                               6504  7070
    1558   3   1   1   0   1   3405  2995  2967  2966  7071  2637  4915  7072
                               2638  2690
    1559   3   1   1   0   1   3557  3517  3368  1924  7073  7074  7075  7076
                               7077  7078
    1560   3   1   1   0   1   3368  1924  1885  3557  7078  1711  5996  7075
                               7076  7079
 
    ELEM MAT TYP REL ESY SEC        NODES
 
    1561   3   1   1   0   1   1925  3368  1924  1885  5994  7078  1661  1710
                               5996  1711
    1562   3   1   1   0   1   3449  3219  3503  3504  5848  5850  5830  5834
                               6829  5835
    1563   3   1   1   0   1   3557  3115  3517  1924  7080  6185  7073  7076
                               7081  7077
    1564   3   1   1   0   1   3557  2438   971  1885  7082  2417  7083  7079
                               7084  1830
    1565   3   1   1   0   1   3558   794  3291  3455  7085  7086  7087  7088
                               7089  7090
    1566   3   1   1   0   1   3414  3409  3374  3404  5505  4911  5073  4931
                               4910  4908
    1567   3   1   1   0   1   3559  3378  1310  1315  7091  7092  7093  7094
                               7095  1245
    1568   3   1   1   0   1   3375  3469  3403  3273  7096  5374  4921  7064
                               5373  4876
    1569   3   1   1   0   1   3523  1147  1140  1141  6280  1073  7097  6386
                               1072  1090
    1570   3   1   1   0   1   2996  3295  3270  3469  4390  5367  5378  5379
                               6846  5376
 
    ELEM MAT TYP REL ESY SEC        NODES
 
    1571   3   1   1   0   1   3401  3402  3403  3273  4868  4923  4872  4875
                               4883  4876
    1572   3   1   1   0   1   3403  3174  2995  3405  4873  7098  7099  4882
                               7100  7071
    1573   3   1   1   0   1   3270  2996  3403  3013  5378  5380  5377  7101
                               2568  7102
    1574   3   1   1   0   1   3403  2967  3405  2995  4913  4915  4882  7099
                               2637  7071
    1575   3   1   1   0   1   3163  3116  3162  3108  3830  3829  3827  4251
                               6030  4287
    1576   3   1   1   0   1   3099  3116  3245  3244  6029  4109  4740  4448
                               4106  4110
    1577   3   1   1   0   1   3176  1900  1899   839  3880  1752  4611  4502
                               1799  1802
    1578   3   1   1   0   1   3110  1145  1134  1133  4839  1082  5418  5103
                               1049  1097
    1579   3   1   1   0   1   3268  3269  1930  1931  4217  6724  6076  7103
                               6723  1652
    1580   3   1   1   0   1   3112  3277  3291  3558  5225  4362  6351  7104
                               7105  7087
 
    ELEM MAT TYP REL ESY SEC        NODES
 
    1581   3   1   1   0   1   3281  3109  1952  3119  4292  7106  7107  6180
                               6181  7108
    1582   3   1   1   0   1   3557  3115  1924  1923  7080  7081  7076  7109
                               7110  1662
    1583   3   1   1   0   1   3160  3161  3115  3246  3815  6461  4111  4113
                               7111  7034
    1584   3   1   1   0   1   3281  3119  1952  1923  6180  7108  7107  7112
                               7113  1614
    1585   3   1   1   0   1   3304  3519  3318  3363  6208  7114  7115  4725
                               7116  7117
    1586   3   1   1   0   1   3281  1953  3115  1923  6190  6186  4434  7112
                               1613  7110
    1587   3   1   1   0   1   3110  3455  1145  3113  5421  5237  4839  3670
                               6347  7118
    1588   3   1   1   0   1   3137  2945  3021   762  4479  2501  3733  3732
                               2820  2519
    1589   3   1   1   0   1   3482  2183   949   947  7119  2179  7120  7121
                               2173   948
    1590   3   1   1   0   1   3482  2918   947  2917  6577  2875  7121  7122
                               2808  2876
 
    ELEM MAT TYP REL ESY SEC        NODES
 
    1591   3   1   1   0   1   3308  3482  2191  2183  5582  5584  5581  5578
                               7119  2121
    1592   3   1   1   0   1   3308  3239  2187  2191  5579  6865  6864  5581
                               5580  2146
    1593   3   1   1   0   1   3210  2994  2980  3135  7123  2603  7124  6249
                               5274  7125
    1594   3   1   1   0   1   2994  3492  3414  3405  7126  5644  6308  5273
                               7127  4932
    1595   3   1   1   0   1   3226  3276  3522  3492  5056  6315  7128  5643
                               5645  6320
    1596   3   1   1   0   1   1430  1986  1870  1004  7036  1473  7129  1426
                               1475  1860
    1597   3   1   1   0   1   1438  1874   994  1437  5473  1851  1405  1381
                               5463  1407
    1598   3   1   1   0   1    851   830   832  1133  3072   831  3059  5106
                               1123  1122
    1599   3   1   1   0   1   3490  3397  1139  1140  7130  6361  7131  7132
                               7133  1091
    1600   3   1   1   0   1   3414  3492  3211  3405  5644  5655  5654  4932
                               7127  6312
 
    ELEM MAT TYP REL ESY SEC        NODES
 
    1601   3   1   1   0   1   3401  3405  3211  3135  4880  6312  6311  5270
                               5272  4016
    1602   3   1   1   0   1   3225  3414  3211  3401  5653  5654  4053  5651
                               5652  6311
    1603   3   1   1   0   1   3356   768  3357  2943  7134  7135  4710  7136
                               2825  7137
    1604   3   1   1   0   1   3308  3360  3361   764  5585  4717  5769  4481
                               7138  7139
    1605   3   1   1   0   1   3443   851  1893   853  5105  1814  7012  5110
                                852  1813
    1606   3   1   1   0   1   3356  3560  3360  3362  7140  7141  4716  4719
                               7142  4720
    1607   3   1   1   0   1    851   834  1132   832  3073  1124  7143  3059
                                833  1125
    1608   3   1   1   0   1   3356  3357   768  3560  4710  7135  7134  7140
                               7144  7145
    1609   3   1   1   0   1   3356   640  3560   768  7146  7147  7140  7134
                               2477  7145
    1610   3   1   1   0   1   3309  3308   764  3360  5445  4481  4482  5459
                               5585  7138
 
    ELEM MAT TYP REL ESY SEC        NODES
 
    1611   3   1   1   0   1   3164  3166  2989  3167  3848  3963  6657  3850
                               3849  3967
    1612   3   1   1   0   1   3309  3360  2291  3362  5459  5461  5448  5447
                               4720  5450
    1613   3   1   1   0   1   3360   766   638   640  7148  2475  5460  7149
                               2478   639
    1614   3   1   1   0   1   3313  2962  2963  2991  7150  2697  7151  7152
                               2647  2648
    1615   3   1   1   0   1   3099  3108  3104  3279  4288  4453  3655  6028
                               4294  4456
    1616   3   1   1   0   1   3534  1301  1211  1216  6620  7153  6617  6629
                               6631  1185
    1617   3   1   1   0   1   3366  3244  3105  3304  4738  6903  6902  6792
                               4447  7154
    1618   3   1   1   0   1   3247  3244  3364  3246  6507  4735  6506  4114
                               4732  4736
    1619   3   1   1   0   1   3116  3162  3108  3106  3829  4287  6030  3676
                               3834  3663
    1620   3   1   1   0   1   1220   101   103  2442  1165   102  1176  6589
                               2365  2366
 
    ELEM MAT TYP REL ESY SEC        NODES
 
    1621   3   1   1   0   1   3400  3561   845   843  7155  7156  7157  7158
                               7159   844
    1622   3   1   1   0   1   3100  3103  3221  3428  3653  6791  4041  6785
                               6789  6157
    1623   3   1   1   0   1   3303  3364  3246  3245  4734  4736  4731  4730
                               7160  4733
    1624   3   1   1   0   1   3304  3103  3099  3105  4729  3654  4446  7154
                               3660  3659
    1625   3   1   1   0   1   3425  3536  3562  3559  6936  7161  7162  7163
                               7164  7165
    1626   3   1   1   0   1   3099  3103  3279  3104  3654  4440  6028  3655
                               3657  4456
    1627   3   1   1   0   1   3444  3445  3228  3111  5118  6555  6111  6115
                               6109  6116
    1628   3   1   1   0   1   3406   107   105  1218  4894   106  4916  4888
                               1161  1180
    1629   3   1   1   0   1   3517  1954  3368  1924  7166  7167  7074  7077
                               1611  7078
    1630   3   1   1   0   1   3511  1314  1315  1303  6269  1240  7168  7169
                               1255  1252
 
    ELEM MAT TYP REL ESY SEC        NODES
 
    1631   3   1   1   0   1   3228  3144  3444  3464  6554  6888  6111  5315
                               6757  6059
    1632   3   1   1   0   1   1943  3142  1911  1912  6751  6117  1635  1634
                               5798  1673
    1633   3   1   1   0   1   3499  1967  3149  1944  5781  7170  6747  6749
                               1556  3769
    1634   3   1   1   0   1   3502  3142  1943  3499  6871  6751  6754  6752
                               6750  6748
    1635   3   1   1   0   1     17  3019  1016  1221  2529  2527  1015  1173
                               5954  1172
    1636   3   1   1   0   1   3443  3444  3111  3445  5117  6115  5108  5119
                               5118  6109
    1637   3   1   1   0   1   3462  3499  3502  1976  6759  6752  6662  6867
                               5779  5903
    1638   3   1   1   0   1   3142  1911  1912  3446  6117  1673  5798  6119
                               6106  7171
    1639   3   1   1   0   1   3407  1218   105  2459  4889  1180  4917  6065
                               6067  2333
    1640   3   1   1   0   1   3444  3142  1911  1939  6118  6117  6113  5123
                               6873  1655
 
    ELEM MAT TYP REL ESY SEC        NODES
 
    1641   3   1   1   0   1   3130  3224  3227  3211  4056  4060  5211  4014
                               4052  6247
    1642   3   1   1   0   1   3123  3138  3456  3139  3737  5262  6414  3739
                               5433  5431
    1643   3   1   1   0   1   3124  3229  3211  3134  4659  4066  4013  3724
                               4660  4017
    1644   3   1   1   0   1   2459  1218   105   103  6067  1180  2333  2332
                               1174   104
    1645   3   1   1   0   1   3211  3492  3210  3135  5655  7172  4015  4016
                               7173  6249
    1646   3   1   1   0   1   3282  3101  3468  3345  4296  5437  5694  4887
                               4862  5438
    1647   3   1   1   0   1   3136  3094  3193  3345  3912  3938  4677  4672
                               5022  5743
    1648   3   1   1   0   1   3124  3125  3143  3229  3698  3770  4058  4659
                               5152  4376
    1649   3   1   1   0   1   3320  2186  2297   668  4568  7174  7175  7176
                               2162  2208
    1650   3   1   1   0   1   2916  1213  1018  1016  5789  1205  2879  2878
                               1203  1017
 
    ELEM MAT TYP REL ESY SEC        NODES
 
    1651   3   1   1   0   1   3362  3466  3240  3308  7177  5588  7178  5444
                               5587  5586
    1652   3   1   1   0   1   3320  2280  2187   668  5458  7179  6866  7176
                               2272  2160
    1653   3   1   1   0   1   3308  3240  3320  2187  5586  6574  5442  6864
                               6828  6866
    1654   3   1   1   0   1   2976  3210  2946  3522  7180  7181  2693  6319
                               6251  6423
    1655   3   1   1   0   1   3492  3210  2976  3522  7172  7180  6318  6320
                               6251  6319
    1656   3   1   1   0   1   3210  2981  2980  2947  7182  2615  7124  7183
                               2670  2673
    1657   3   1   1   0   1   3529  3491  1140  3490  7184  7185  7024  7186
                               5636  7132
    1658   3   1   1   0   1   3147  1873  1872  1913  7187  1778  5799  7188
                               1733  1734
    1659   3   1   1   0   1   3148  3147  3152  3149  3755  5777  4467  3759
                               3758  3777
    1660   3   1   1   0   1   2914  1022  1020  1211  2883  1021  2882  7189
                               1210  1206
 
    ELEM MAT TYP REL ESY SEC        NODES
 
    1661   3   1   1   0   1   3453  2946  3210  3522  6422  7181  5215  6417
                               6423  6251
    1662   3   1   1   0   1   3248  3439  3518  2452  5038  7190  7191  5034
                               7192  6434
    1663   3   1   1   0   1   3453  2905  2906  2947  6416  2818  5957  7193
                               2776  2777
    1664   3   1   1   0   1   3441  1308  1314  1307  5065  1248  6267  5064
                               1264  1224
    1665   3   1   1   0   1   3211  3134  3229  3225  4017  4660  4066  4053
                               7194  4068
    1666   3   1   1   0   1   3210  2981  3135  2980  7182  7195  6249  7124
                               2615  7125
    1667   3   1   1   0   1   3469  2997  2969  2968  6850  2633  7196  7197
                               2634  2688
    1668   3   1   1   0   1   3453  2947  2906  3131  7193  2777  5957  5959
                               7198  5960
    1669   3   1   1   0   1   3210  3135  2981  3131  6249  7195  7182  4012
                               3738  7199
    1670   3   1   1   0   1   3355  3435  3475  3432  5003  6766  6243  4992
                               6452  5727
 
    ELEM MAT TYP REL ESY SEC        NODES
 
    1671   3   1   1   0   1   3443   851  1132  1133  5105  7143  5115  5102
                               5106  1098
    1672   3   1   1   0   1   3123  3127  3139  3131  3700  3740  3739  3712
                               3717  7200
    1673   3   1   1   0   1   3558  1318  1302   796  7201  1230  7202  7203
                               1231  1294
    1674   3   1   1   0   1   3124  3143  3224  3229  4058  4057  4055  4659
                               4376  4067
    1675   3   1   1   0   1   3123  3134  3135  3456  3723  3726  3725  6414
                               5276  5260
    1676   3   1   1   0   1   3431  3353  3122  3471  4989  5682  6128  6125
                               6124  5393
    1677   3   1   1   0   1   3148  3146  3078  3147  3756  5202  4657  3755
                               3754  7011
    1678   3   1   1   0   1   1443     2  1318  1149  1386  1233  7204  7205
                               1061  7206
    1679   3   1   1   0   1   1443  1318     2    50  7204  1233  1386  1385
                               1232    51
    1680   3   1   1   0   1   1216  1215  3181  3524  1184  6710  6628  7207
                               7208  7209
 
    ELEM MAT TYP REL ESY SEC        NODES
 
    1681   3   1   1   0   1   3524  3181  1216  1300  7209  6628  7207  7210
                               7211  6630
    1682   3   1   1   0   1   3524  3181  3450  3528  7209  5169  7212  7213
                               7214  7215
    1683   3   1   1   0   1   3110  1133   849   851  5103  5420  5406  5107
                               5106   850
    1684   3   1   1   0   1   3523  3524   790  3528  6285  7216  7217  6390
                               7213  7218
    1685   3   1   1   0   1   3199  3524  1148  1141  6287  6384  3958  4799
                               6387  1053
    1686   3   1   1   0   1     85  1443  3113  1149  1387  6341  6649  1059
                               7205  7219
    1687   3   1   1   0   1   3524  1215  3515  1148  7208  6142  6286  6384
                               3957  6385
    1688   3   1   1   0   1   3524  3528  1305   790  7213  7220  7221  7216
                               7218  1288
    1689   3   1   1   0   1   1139  1138  3455   794  1092  5238  5236  1109
                               1110  7089
    1690   3   1   1   0   1   3231  3241  3232  3236  4096  5735  4072  4084
                               4105  5329
 
    ELEM MAT TYP REL ESY SEC        NODES
 
    1691   3   1   1   0   1   2101  2182   783  3335  7222  2169  2094  6693
                               6413  7223
    1692   3   1   1   0   1   3482  3021   949  2183  7224  2520  7120  7119
                               3825  2179
    1693   3   1   1   0   1   3414  2931  2976  2966  6326  2692  6310  6309
                               2734  2691
    1694   3   1   1   0   1   3137  2183  3021  3482  5577  3825  3733  7225
                               7119  7224
    1695   3   1   1   0   1   3275  1302  1318  1312  6273  1230  6275  4255
                               1259  1228
    1696   3   1   1   0   1   3335  2186   783  2102  4618  2164  7223  4640
                               4625  2091
    1697   3   1   1   0   1   3438  3252  3439  2453  7226  7016  6522  6609
                               7227  7228
    1698   3   1   1   0   1   3281  1953  1973  1974  6190  1541  4443  6189
                               1540  1516
    1699   3   1   1   0   1   3535  1301  1311   673  6621  1260  7229  7230
                               1275  1276
    1700   3   1   1   0   1   3275  1312  1314  1302  4255  1242  4254  6273
                               1259  1254
 
    ELEM MAT TYP REL ESY SEC        NODES
 
    1701   3   1   1   0   1   3335  3386   707  1908  6410  7231  7232  6408
                               6411  1783
    1702   3   1   1   0   1   3145  1984   705  2182  7233  1483  7234  3752
                               7235  7236
    1703   3   1   1   0   1   3339   707  3335  3386  6692  7232  4639  6687
                               7231  6410
    1704   3   1   1   0   1   3325  3336  3339  3335  4631  6696  4632  4638
                               6357  4639
    1705   3   1   1   0   1   3133  3350  1434  3348  7237  7238  3719  7239
                               4695  7240
    1706   3   1   1   0   1   3133  3349  3350  3348  7241  4696  7237  7239
                               4690  4695
    1707   3   1   1   0   1   1140  3397  1139  1146  7133  6361  1091  1074
                               6362  1075
    1708   3   1   1   0   1   3159  2462  2455  2456  6585  2328  6587  7044
                               2329  2348
    1709   3   1   1   0   1   3126  3348  3355  3433  6121  5716  5074  5075
                               7002  4995
    1710   3   1   1   0   1   3126  3496  3292  3442  6447  5718  4378  5988
                               6260  7242
 
    ELEM MAT TYP REL ESY SEC        NODES
 
    1711   3   1   1   0   1   3132  2912  2911  1029  4162  2812  6380  3721
                               2886  2889
    1712   3   1   1   0   1   3367  1927  1926  1956  5807  1659  7243  4744
                               1606  1607
    1713   3   1   1   0   1   1443  1149    85     2  7205  1059  1387  1386
                               1061    84
    1714   3   1   1   0   1   3523  1140   790  1141  7097  1106  7217  6386
                               1090  1105
    1715   3   1   1   0   1   3348  1434  3133  1433  7240  3719  7239  5685
                               1377  7244
    1716   3   1   1   0   1   3132  3349  3133  3433  7245  7241  3718  7246
                               5002  6701
    1717   3   1   1   0   1   3133  1029  2911  1031  3722  2889  6381  6258
                               1030  2888
    1718   3   1   1   0   1   2910  3133  1031  1033  6256  6258  2891  2890
                               6255  1032
    1719   3   1   1   0   1   3133  2952  3433  2910  7247  6324  6701  6256
                               2766  6325
    1720   3   1   1   0   1   3433  3132  2953  3133  7246  6379  7248  6701
                               3718  7249
 
    ELEM MAT TYP REL ESY SEC        NODES
 
    1721   3   1   1   0   1   3503  2977  2936  2970  5876  2685  5832  6975
                               2686  2725
    1722   3   1   1   0   1   3524  1148   788  1317  6384  1063  7250  7251
                               7252  1236
    1723   3   1   1   0   1   3328  1219  1220  1214  6340  1177  6598  6338
                               1179  1156
    1724   3   1   1   0   1   3219  3504  3553  3546  6829  7253  6976  6830
                               6832  7254
    1725   3   1   1   0   1   3492  2976  3414  3276  6318  6310  5644  5645
                               6317  5052
    1726   3   1   1   0   1   3562  1304  1313  1305  7255  1251  7256  7257
                               1266  1256
    1727   3   1   1   0   1   3370  3438  3334  3439  5023  5025  4752  5036
                               6522  6521
    1728   3   1   1   0   1   3085  1429  1306  1316  3599  7258  4272  7259
                               7260  1250
    1729   3   1   1   0   1   3441  3374  3511  1308  7261  6025  6270  5065
                               5069  6026
    1730   3   1   1   0   1   3276  1429  2904  3024  4265  6421  6313  4264
                               4266  2506
 
    ELEM MAT TYP REL ESY SEC        NODES
 
    1731   3   1   1   0   1   3085  3276  3277  3441  4260  4268  4267  5059
                               5058  6037
    1732   3   1   1   0   1   3440  3441  1308  3374  5063  5065  5048  5070
                               7261  5069
    1733   3   1   1   0   1   3440  3376  3414  3374  5041  5641  5051  5070
                               4767  5073
    1734   3   1   1   0   1    906  1307  3440   908  5046  5050  5049   907
                               4259  7262
    1735   3   1   1   0   1   3497  3128  3127  3139  5728  3704  5729  5862
                               3741  3740
    1736   3   1   1   0   1   3497  2983  3139  3127  6202  6201  5862  5729
                               6453  3740
    1737   3   1   1   0   1   3139  2982  3127  2983  5435  7263  3740  6201
                               2613  6453
    1738   3   1   1   0   1   3523  1140  3491   790  7097  7185  7264  7217
                               1106  7265
    1739   3   1   1   0   1   3172  3456  3457  3015  5255  5265  5264  5257
                               5256  6862
    1740   3   1   1   0   1   3491   790  1140   792  7265  1106  7185  5637
                                791  1107
 
    ELEM MAT TYP REL ESY SEC        NODES
 
    1741   3   1   1   0   1   3172  3092  3000  3096  3922  6544  6543  3920
                               3923  7266
    1742   3   1   1   0   1   3291   794  1302  1303  7086  1295  7267  7268
                               1292  1268
    1743   3   1   1   0   1   3123  3135  3131  3139  3725  3738  3712  3739
                               7269  7200
    1744   3   1   1   0   1   3139  3131  3127  2982  7200  3717  3740  5435
                               7270  7263
    1745   3   1   1   0   1   3290  3441  3374  3511  5507  7261  5072  6038
                               6270  6025
    1746   3   1   1   0   1   3563  1303  1315  1304  7271  1252  7272  7273
                               1267  1253
    1747   3   1   1   0   1   3518  3215  3252  3548  6193  6191  6194  7274
                               7275  7015
    1748   3   1   1   0   1   3373  2933  2968  2934  4773  2730  7276  7277
                               2792  2729
    1749   3   1   1   0   1   1139  1303   792   794  7278  1293  1108  1109
                               1292   793
    1750   3   1   1   0   1   3216  3105  3213  3100  4027  4031  4030  6820
                               3658  4245
 
    ELEM MAT TYP REL ESY SEC        NODES
 
    1751   3   1   1   0   1   3548  3213  3518  3215  7279  7280  7274  7275
                               4029  6193
    1752   3   1   1   0   1   3201  3270  3273  3174  4222  5375  6720  4224
                               4223  4877
    1753   3   1   1   0   1   3270  3013  3174  3018  7101  7281  4223  5369
                               2536  3871
    1754   3   1   1   0   1   3403  2996  3469  2967  5380  5379  5374  4913
                               2636  7282
    1755   3   1   1   0   1   3295  3296  3011  3271  4391  4394  4393  6851
                               6856  5083
    1756   3   1   1   0   1   3273  3403  3375  3402  4876  4921  7064  4883
                               4923  4922
    1757   3   1   1   0   1   3498  2957  2945  2979  5894  2712  5764  5771
                               2674  2496
    1758   3   1   1   0   1   3467   938  2443  2921  7283  2407  5631  5528
                               2868  7284
    1759   3   1   1   0   1   3154  3097  3467  2433  5247  5352  5351  3784
                               3641  5516
    1760   3   1   1   0   1   3558   796  1302   794  7203  1294  7202  7085
                                795  1295
 
    ELEM MAT TYP REL ESY SEC        NODES
 
    1761   3   1   1   0   1   3085  1316  1306  1307  7259  1250  4272  4256
                               1249  1265
    1762   3   1   1   0   1   3297  3284  3467  3097  5362  5512  5350  4501
                               5630  5352
    1763   3   1   1   0   1   3297  3091  3283  3284  5353  4299  5355  5362
                               5359  4303
    1764   3   1   1   0   1   1872  1000   998  1437  1856   999  1855  5800
                               1326  1408
    1765   3   1   1   0   1    851   832  1132  1133  3059  1125  7143  5106
                               1122  1098
    1766   3   1   1   0   1   2443  2921  2922  3283  7284  2804  6196  4306
                               5529  6798
    1767   3   1   1   0   1   3467  3022   940  2920  5514  2515  7285  7286
                               2514  2870
    1768   3   1   1   0   1   3092  3000  3096  2971  6544  7266  3923  5690
                               2625  5715
    1769   3   1   1   0   1   3467  3022  2920  2938  5514  2514  7286  6681
                               2500  2490
    1770   3   1   1   0   1   3087  3191  3527  3478  3932  6298  6547  5556
                               6302  6550
 
    ELEM MAT TYP REL ESY SEC        NODES
 
    1771   3   1   1   0   1   3155  2278  2279  2295  4190  2246  3790  4381
                               2198  2226
    1772   3   1   1   0   1   3381  3358  3417  3564  7287  7288  4945  7289
                               7290  7291
    1773   3   1   1   0   1   3381  3382  3470  3383  4785  5386  7292  4787
                               4786  6242
    1774   3   1   1   0   1   3390  1941  1963  1950  6983  1587  7293  5921
                               1591  1561
    1775   3   1   1   0   1   1033  1433  3496  3133  1417  6264  6254  6255
                               7244  6253
    1776   3   1   1   0   1   3415  3381  3565  3351  4946  7294  7295  4936
                               7296  7297
    1777   3   1   1   0   1   3381  3192  3383  3542  7298  5564  4787  7299
                               7300  7301
    1778   3   1   1   0   1   3381  3192  3542  3564  7298  7300  7299  7289
                               7302  7303
    1779   3   1   1   0   1   3184  3408  3407  3512  5879  4893  5872  6981
                               6714  6063
    1780   3   1   1   0   1   3512  1220  3328  1219  6595  6598  6597  6094
                               1177  6340
 
    ELEM MAT TYP REL ESY SEC        NODES
 
    1781   3   1   1   0   1   1217  3408  3178  3180  6715  5877  3891  3892
                               6713  3888
    1782   3   1   1   0   1   3501  3512  2459  1220  6594  6066  6593  6591
                               6595  6590
    1783   3   1   1   0   1   3422  3463  3465  3429  5316  5310  5318  4985
                               5309  5306
    1784   3   1   1   0   1   3422  3428  3430  3423  4983  4987  4986  4972
                               7304  6160
    1785   3   1   1   0   1   3321  2285  3320  2297  7305  6950  4569  7306
                               2207  7175
    1786   3   1   1   0   1   3424  3228  3455  3465  6354  6346  6352  5319
                               7026  7027
    1787   3   1   1   0   1   3112  3424  3230  3228  6350  5324  6246  6353
                               6354  4071
    1788   3   1   1   0   1   3424  3563  3490  3291  7307  7308  7309  5502
                               7310  7311
    1789   3   1   1   0   1   3424  3455  3397  3465  6352  5423  7312  5319
                               7027  7313
    1790   3   1   1   0   1   3566  3537  3326  3338  7314  6559  7315  7316
                               6557  6558
 
    ELEM MAT TYP REL ESY SEC        NODES
 
    1791   3   1   1   0   1   1878  1918  3420  3419  1723  5189  4951  4952
                               7317  4950
    1792   3   1   1   0   1   3567  3538  2115  3566  7318  7319  7320  7321
                               7322  7323
    1793   3   1   1   0   1   3568  3566  3326  3567  7324  7315  7325  7326
                               7321  7327
    1794   3   1   1   0   1   3270  3013  3403  3174  7101  7102  5377  4223
                               7281  4873
    1795   3   1   1   0   1   3285  1451  1452    98  4331  1334  4336  4335
                               1335  1337
    1796   3   1   1   0   1   3298  2113  2104  2103  4552  2051  7328  4413
                               2056  2065
    1797   3   1   1   0   1   3566  3538  3489  3395  7322  7329  7330  7331
                               7332  7333
    1798   3   1   1   0   1   3566  3382  3472  3416  7334  5400  7335  7336
                               7337  7338
    1799   3   1   1   0   1   3566  3509  3255  3395  7339  7340  7341  7331
                               7342  7343
    1800   3   1   1   0   1   3566  3508  3382  3416  7344  5981  7334  7336
                               7345  7337
 
    ELEM MAT TYP REL ESY SEC        NODES
 
    1801   3   1   1   0   1   3472  3556  3489  3566  7346  7347  7348  7335
                               7349  7330
    1802   3   1   1   0   1   3085  3024   910  1429  4263  2508  3602  3599
                               4266  3603
    1803   3   1   1   0   1   3285  1878  1879  1441  7350  1772  4800  4333
                               5191  4802
    1804   3   1   1   0   1   3085  1316  3441  3277  7259  6272  5059  4267
                               6276  6037
    1805   3   1   1   0   1   1316  1429  1306    48  7260  7258  1250  1227
                               1395  1271
    1806   3   1   1   0   1   3227  3522  3226  3276  6250  7128  6034  6036
                               6315  5056
    1807   3   1   1   0   1   1318  3275  3291  1302  6275  4363  7351  1230
                               6273  7267
    1808   3   1   1   0   1   3201  3174  3401  3282  4224  4874  7028  6149
                               6744  4884
    1809   3   1   1   0   1   3099  3101  3100  3104  3649  3648  3647  3655
                               4452  3656
    1810   3   1   1   0   1   3401  3101  3221  3222  4861  4042  4866  4869
                               4045  4044
 
    ELEM MAT TYP REL ESY SEC        NODES
 
    1811   3   1   1   0   1   3221  3402  3222  3223  4867  4870  4044  4047
                               6155  4048
    1812   3   1   1   0   1   3443  1939  1893  1894  5124  1462  7012  5125
                               1656  1758
    1813   3   1   1   0   1   3196  3108  3468  3101  4250  5439  6166  3979
                               4289  5437
    1814   3   1   1   0   1   3348  1434  1433  1447  7240  1377  5685  5687
                               1358  1357
    1815   3   1   1   0   1   3166  3170  3196  3200  3857  4308  3978  3968
                               6174  3981
    1816   3   1   1   0   1   3193  3388  3108  3393  6641  6016  6146  6148
                               4819  6020
    1817   3   1   1   0   1   3399  3412  3397  3430  7352  7353  4855  6165
                               7354  7355
    1818   3   1   1   0   1   3138  3136  3134  3093  5747  3730  5751  3915
                               3911  4670
    1819   3   1   1   0   1   3569  2975  2974  3003  7356  2677  7357  7358
                               2618  2619
    1820   3   1   1   0   1   3201  3401  3222  3101  7028  4869  4239  4227
                               4861  4045
 
    ELEM MAT TYP REL ESY SEC        NODES
 
    1821   3   1   1   0   1   3132  2911  2912  2953  6380  2812  4162  6379
                               2764  2765
    1822   3   1   1   0   1   3095  3098  3192  3189  3945  3934  5563  3948
                               3947  3949
    1823   3   1   1   0   1   3341  3186  3472  3509  6432  5401  5403  6442
                               5985  7359
    1824   3   1   1   0   1   3136  3344  3122  3264  4664  4663  4662  4676
                               4680  4218
    1825   3   1   1   0   1   3078  1947  1915  1946  3577  1627  5467  5201
                               1575  1628
    1826   3   1   1   0   1   3191  2294  2284  2283  6305  2229  7360  6300
                               2228  2243
    1827   3   1   1   0   1   3344  3264  3341  3307  4680  5776  5402  5394
                               6841  5404
    1828   3   1   1   0   1   3344  3264  3186  3341  4680  4675  4679  5402
                               5776  6432
    1829   3   1   1   0   1   3136  3094  3186  3193  3912  3910  3913  4677
                               3938  3940
    1830   3   1   1   0   1   3122  3138  3136  3123  3736  5747  4662  3693
                               3737  3728
 
    ELEM MAT TYP REL ESY SEC        NODES
 
    1831   3   1   1   0   1   3202  3209  3208  3204  4007  4009  4006  3995
                               6401  4464
    1832   3   1   1   0   1   3454  3214  3261  3087  6546  5243  5233  5234
                               5979  5231
    1833   3   1   1   0   1   3191  3192  3190  3526  5552  6885  5977  6304
                               7361  6294
    1834   3   1   1   0   1   3088  2971  3096  2940  5714  5715  5711  5565
                               2721  7362
    1835   3   1   1   0   1   3150   774  2940   772  4407  2831  5708  7363
                                773  2830
    1836   3   1   1   0   1   3478  2294  2289  3526  6306  2221  7018  6303
                               6307  7020
    1837   3   1   1   0   1   3478  2288   644  2289  6876  2256  7021  7018
                               2239  2255
    1838   3   1   1   0   1   3086   990   992  1876  4899   991  7364  3620
                               1847  1848
    1839   3   1   1   0   1   3405  2995  2966  2994  7071  2638  7072  5273
                               2602  2639
    1840   3   1   1   0   1   3480  2941  3481   770  5713  7365  5573  7009
                               2828  7366
 
    ELEM MAT TYP REL ESY SEC        NODES
 
    1841   3   1   1   0   1   1967  3499  1943  1944  5781  6748  1557  1556
                               6749  1578
    1842   3   1   1   0   1   3149  1944  3141  3499  3769  3760  3768  6747
                               6749  6762
    1843   3   1   1   0   1   3302  1901   719  1902  4543  1798  4559  4431
                               1750  1795
    1844   3   1   1   0   1   3299  2103  2099  2113  4415  2068  7367  4550
                               2056  2055
    1845   3   1   1   0   1   3141  3229  3144  3143  4375  6248  3749  3746
                               4376  3748
    1846   3   1   1   0   1   3342  3461  3305  3345  7368  5290  5283  7369
                               5293  5292
    1847   3   1   1   0   1   3459  3461  3305  3342  7370  5290  5281  5285
                               7368  5283
    1848   3   1   1   0   1   3341  3530  3437  3264  6429  6735  6438  5776
                               6430  6730
    1849   3   1   1   0   1   3342  3345  3458  3464  7369  7371  5284  7372
                               7373  6761
    1850   3   1   1   0   1   3141  3342  3151  3149  6889  4646  3772  3768
                               4648  3775
 
    ELEM MAT TYP REL ESY SEC        NODES
 
    1851   3   1   1   0   1   3148  3264  3341  3436  4205  5776  4643  5008
                               5007  7374
    1852   3   1   1   0   1   3140  3143  3125  3141  3745  3770  4354  3742
                               3746  3771
    1853   3   1   1   0   1   3540  3433  2953  2952  6765  7248  7375  7376
                               6324  2705
    1854   3   1   1   0   1   3540  3003  3432  2985  7377  7378  6770  7379
                               2584  7380
    1855   3   1   1   0   1   3435  3540  3434  3541  6764  6763  5005  6771
                               6773  7381
    1856   3   1   1   0   1   3540  3433  2952  2985  6765  6324  7376  7379
                               7382  2663
    1857   3   1   1   0   1   3162  3392  3280  3510  5999  5997  4284  6004
                               6611  6001
    1858   3   1   1   0   1   3540  3433  2985  3432  6765  7382  7379  6770
                               4996  7380
    1859   3   1   1   0   1   1880  2434  1881  3262  5904  4195  1771  5901
                               4194  4196
    1860   3   1   1   0   1   3540  3541  3003  2986  6773  7383  7377  7384
                               7385  2595
 
    ELEM MAT TYP REL ESY SEC        NODES
 
    1861   3   1   1   0   1   3106  3119  3121  3109  3682  6806  3690  3664
                               6181  7386
    1862   3   1   1   0   1   3106  3107  3109  3121  3661  3665  3664  3690
                               6011  7386
    1863   3   1   1   0   1   3118  3121  1922  1882  3691  6457  6807  6803
                               5919  1716
    1864   3   1   1   0   1   3175  3176  1899  3329  3876  4611  4610  4600
                               4602  4852
    1865   3   1   1   0   1   3180  3515  3181  1215  6096  6708  3889  6711
                               6142  6710
    1866   3   1   1   0   1   3515  3528  3476  3218  6392  6391  6389  6706
                               7387  5488
    1867   3   1   1   0   1   3515  3218  3181  3528  6706  6709  6708  6392
                               7387  7214
    1868   3   1   1   0   1   3523  1140  3529  3491  7097  7024  6393  7264
                               7185  7184
    1869   3   1   1   0   1   3312  3180  1219  1215  6090  6093  4523  4526
                               6711  1178
    1870   3   1   1   0   1   3301  2100  3315  3158  4545  4549  4548  6636
                               3810  6644
 
    ELEM MAT TYP REL ESY SEC        NODES
 
    1871   3   1   1   0   1   1430  1870  1002  1004  7129  1859  1412  1426
                               1860  1003
    1872   3   1   1   0   1   3199  3311  1147  1131  4507  6397  6281  3959
                               4510  1071
    1873   3   1   1   0   1   3523  3476  3411  3515  6388  7388  6279  6283
                               6389  6288
    1874   3   1   1   0   1   3283  2922  3198  2959  6798  6799  4311  5532
                               2751  7389
    1875   3   1   1   0   1   3196  3284  3200  2443  4304  6170  3981  4305
                               4307  6175
    1876   3   1   1   0   1   3252  2457  2446  2463  7390  2342  6948  4128
                               2324  2321
    1877   3   1   1   0   1   1954  3364  3368  1955  6922  6508  7167  1568
                               6921  4749
    1878   3   1   1   0   1   3399  3318  3269  3561  7391  7392  7393  7394
                               7395  7396
    1879   3   1   1   0   1   3310  1131  1215   915  4509  3956  4525  4537
                               1126  1193
    1880   3   1   1   0   1   3283  2443  3170  2922  4306  4310  4309  6798
                               6196  6197
 
    ELEM MAT TYP REL ESY SEC        NODES
 
    1881   3   1   1   0   1   3548  3518  3439  3252  7274  7190  6898  7015
                               6194  7016
    1882   3   1   1   0   1   3197  3198  2988  3195  3955  5624  5623  3952
                               3953  5625
    1883   3   1   1   0   1   1212    11    12  3076  1163  1152  1208  4531
                               3053  3054
    1884   3   1   1   0   1   3164  3169  3168  2444  3855  3984  3851  3842
                               6233  6234
    1885   3   1   1   0   1   3166  3198  3196  3170  3962  3954  3978  3857
                               4312  4308
    1886   3   1   1   0   1   3198  3195  2959  2988  3953  5533  7389  5624
                               5625  2653
    1887   3   1   1   0   1   3164  3170  2444  2922  3856  6198  3842  3840
                               6197  3839
    1888   3   1   1   0   1   3237  3434  3361  3448  6954  5148  5736  6880
                               5147  5146
    1889   3   1   1   0   1   3310  1215  1219  1212  4525  1178  4520  4528
                               1186  1154
    1890   3   1   1   0   1   3310  1130   915   917  5478  1129  4537  4527
                               1128   916
 
    ELEM MAT TYP REL ESY SEC        NODES
 
    1891   3   1   1   0   1   3333  1910  1888  1927  7397  1704  6602  6608
                               1658  1705
    1892   3   1   1   0   1   3237  3259  3434  3349  5738  6955  6954  5334
                               7398  5001
    1893   3   1   1   0   1   3562  3563  3559  1304  7399  7400  7165  7255
                               7273  7401
    1894   3   1   1   0   1   3320  3551  2293  2285  6953  7402  5451  6950
                               6951  2231
    1895   3   1   1   0   1   3323  2112  3326  3552  4591  4584  6823  6961
                               7403  6962
    1896   3   1   1   0   1   3466  3448  3361  3358  5339  5146  5740  5341
                               5338  7404
    1897   3   1   1   0   1   3466  3358  3362  3418  5341  7405  7177  5342
                               5344  7406
    1898   3   1   1   0   1   3298  3299  3302  3315  4412  4558  4430  7407
                               4547  4541
    1899   3   1   1   0   1   2099  3299  2113  2100  7367  4550  2055  2067
                               4546  2054
    1900   3   1   1   0   1   3391  3389  3302  3300  4813  6674  4829  4828
                               4834  4432
 
    ELEM MAT TYP REL ESY SEC        NODES
 
    1901   3   1   1   0   1    705  2014  2101  2182  1995  7408  5733  7236
                               7409  7222
    1902   3   1   1   0   1   3285  3286  1878  1441  4323  4955  7350  4333
                               4334  5191
    1903   3   1   1   0   1   3394  3395  3301  3538  7410  7411  6635  6638
                               7332  6639
    1904   3   1   1   0   1    984  1982  1452    14  1490  6330  1338   983
                               1492  1339
    1905   3   1   1   0   1   1039  1041  2906  1432  1040  2898  2899  1421
                               1329  7412
    1906   3   1   1   0   1   3298  2105   717   698  4424  7413  4422  4417
                               2085  2010
    1907   3   1   1   0   1   3394  3315  3301  3302  6643  4548  6635  4830
                               4541  7414
    1908   3   1   1   0   1   3452  3336  3322  3335  5677  4622  6355  5657
                               6357  4620
    1909   3   1   1   0   1   3245  3517  1954  3364  6182  7166  7415  7160
                               7416  6922
    1910   3   1   1   0   1   3325  2108  3339  3488  4634  4633  4632  6683
                               6682  6697
 
    ELEM MAT TYP REL ESY SEC        NODES
 
    1911   3   1   1   0   1    813  2454   815  2100  2372  2310   814  2095
                               7417  2096
    1912   3   1   1   0   1   3325  3326  3568  3537  4585  7325  7418  6556
                               6559  7419
    1913   3   1   1   0   1   3302  1901  1920  1880  4543  1686  7420  5899
                               1453  1720
    1914   3   1   1   0   1   3325  3336  3337  3488  4631  4628  4629  6683
                               6698  7421
    1915   3   1   1   0   1   3386   707  1908  1907  7231  1783  6411  4796
                               1786  1744
    1916   3   1   1   0   1   3175  1909  1940  1900  5477  1647  7422  3879
                               1687  1460
    1917   3   1   1   0   1   3265  3459  3149  3342  6725  6728  4209  4647
                               5285  4648
    1918   3   1   1   0   1   3493  3495  3384  3236  5670  5669  5665  5668
                               5676  4967
    1919   3   1   1   0   1   3493  3337  3336  3494  5674  4628  5678  5663
                               7423  7424
    1920   3   1   1   0   1   3280  3392  3388  3390  5997  4816  5998  6015
                               4835  4810
 
    ELEM MAT TYP REL ESY SEC        NODES
 
    1921   3   1   1   0   1   3495  3234  3235  3236  5673  4079  7425  5676
                               4083  4085
    1922   3   1   1   0   1   3324  3325  2102  3335  4582  4587  4586  4617
                               4638  4640
    1923   3   1   1   0   1   3242  3322  2190  3452  5545  5548  5547  6356
                               6355  5198
    1924   3   1   1   0   1   3400   828   845   847  5414  3068  7157  5411
                               3069   846
    1925   3   1   1   0   1   3502  1929  1895  1930  5826  1697  6870  6075
                               1654  1694
    1926   3   1   1   0   1   3089  3189  3186  3188  3928  5389  3908  3927
                               3924  3944
    1927   3   1   1   0   1   3089  3087  3188  3454  3616  3933  3927  5801
                               5234  6545
    1928   3   1   1   0   1   3415  3381  3190  3382  4946  4788  7426  7427
                               4785  4789
    1929   3   1   1   0   1   3415  3418  3551  3417  4947  6959  7428  4944
                               4948  7429
    1930   3   1   1   0   1   3420  1876  3083  1917  5183  3621  5177  5180
                               1726  5181
 
    ELEM MAT TYP REL ESY SEC        NODES
 
    1931   3   1   1   0   1   3445  1436  1002  3446  7430  1410  7431  5122
                               5794  7432
    1932   3   1   1   0   1   3080  1948  1947  1965  5143  1574  3584  5134
                               1548  1549
    1933   3   1   1   0   1   1879  1982  1452   984  1489  6330  4801  1841
                               1490  1338
    1934   3   1   1   0   1   3570  3447  1965  1966  7433  5135  7434  7435
                               5132  1559
    1935   3   1   1   0   1   3567  2115  2110  2111  7320  2044  7436  7437
                               2043  2058
    1936   3   1   1   0   1   3381  3470  3565  3383  7292  7438  7294  4787
                               6242  7439
    1937   3   1   1   0   1   3327  3413  3311  3329  6516  6515  6145  6364
                               7440  4601
    1938   3   1   1   0   1   3188  3509  3566  3382  5984  7339  7441  5806
                               7442  7334
    1939   3   1   1   0   1   3232  3208  3205  3206  4076  4466  5755  4682
                               4654  4002
    1940   3   1   1   0   1   3186  3382  3472  3509  5388  5400  5401  5985
                               7442  7359
 
    ELEM MAT TYP REL ESY SEC        NODES
 
    1941   3   1   1   0   1   3204  3385  3203  3209  7443  7444  3997  6401
                               7445  6402
    1942   3   1   1   0   1   2190  3452  3243  3242  5198  6358  6825  5547
                               6356  4101
    1943   3   1   1   0   1   3340  3447  3539  3531  5207  7446  6732  6437
                               7447  7448
    1944   3   1   1   0   1   3080  1948  1965  1966  5143  1548  5134  5133
                               1547  1559
    1945   3   1   1   0   1   3419  3232  3241  3236  5730  5735  4961  4963
                               5329  4105
    1946   3   1   1   0   1    952  2194  2184  1892  2134  2133  2174  1816
                               4314  6986
    1947   3   1   1   0   1   3205  1448  3420  3419  5754  5174  5187  5753
                               5175  4950
    1948   3   1   1   0   1   3241  3238  2192  2190  4099  6884  7449  6826
                               6882  2144
    1949   3   1   1   0   1   3241  1444    96  2192  7450  1346  7451  7449
                               6699  2126
    1950   3   1   1   0   1   1873  1872   998  1437  1778  1855  1854  7452
                               5800  1408
 
    ELEM MAT TYP REL ESY SEC        NODES
 
    1951   3   1   1   0   1   3512  1220  1217  1218  6595  1158  6712  6064
                               1175  1182
    1952   3   1   1   0   1   3241  3286  1451  1448  4325  4332  4339  6466
                               5176  1343
    1953   3   1   1   0   1   3241  1444  1451    96  7450  1341  4339  7451
                               1346  1342
    1954   3   1   1   0   1   3405  2995  2994  3012  7071  2602  5273  7453
                               2570  2571
    1955   3   1   1   0   1   3548  3516  3220  3252  6897  7454  7455  7015
                               7014  6504
    1956   3   1   1   0   1   3548  3516  3571  3220  6897  7456  7457  7455
                               7454  7458
    1957   3   1   1   0   1   3213  3548  3105  3215  7279  7459  4031  4029
                               7275  4028
    1958   3   1   1   0   1   3566  3472  3509  3489  7335  7359  7339  7330
                               7348  7460
    1959   3   1   1   0   1   3126  3442  1433  3496  5988  5990  5093  6447
                               6260  6264
    1960   3   1   1   0   1   3216  3222  3272  3223  6908  4231  6909  6822
                               4048  6915
 
    ELEM MAT TYP REL ESY SEC        NODES
 
    1961   3   1   1   0   1   3080  3078  1970  1947  3583  5141  5140  3584
                               3577  1550
    1962   3   1   1   0   1   3080  1965  1947  1970  5134  1549  3584  5140
                               1523  1550
    1963   3   1   1   0   1   3078  1946  1970  1947  5201  1551  5141  3577
                               1575  1550
    1964   3   1   1   0   1   3566  3489  3509  3395  7330  7460  7339  7331
                               7333  7342
    1965   3   1   1   0   1   3503  2977  2970  2993  5876  2686  6975  6966
                               2629  2630
    1966   3   1   1   0   1   3217  3366  3547  3548  7461  6892  7462  7463
                               6894  6893
    1967   3   1   1   0   1   2994  3492  3210  2976  7126  7172  7123  2640
                               6318  7180
    1968   3   1   1   0   1   3215  3548  3217  3571  7275  7463  6907  7464
                               7457  7465
    1969   3   1   1   0   1   3370  2453  3439  2452  5027  7228  5036  5033
                               2352  7192
    1970   3   1   1   0   1   3439  3213  3548  3105  5964  7279  6898  5963
                               4031  7459
 
    ELEM MAT TYP REL ESY SEC        NODES
 
    1971   3   1   1   0   1   3251  3521  3220  3533  6502  7066  6499  6498
                               7466  6501
    1972   3   1   1   0   1   3517  1953  1974  1954  6184  1540  7467  7166
                               1569  1539
    1973   3   1   1   0   1   3333  1868  3328  1869  7468  6335  6089  6901
                               1781  6899
    1974   3   1   1   0   1   3332  1933  1961  1932  5230  1595  6375  4608
                               1650  1594
    1975   3   1   1   0   1   3175  1909  3333  1940  5477  7469  4612  7422
                               1647  7470
    1976   3   1   1   0   1   3406  1218  1221   107  4888  1160  5788  4894
                               1161  1171
    1977   3   1   1   0   1   3104  3462  3267  3279  5297  6917  6210  4456
                               5295  4437
    1978   3   1   1   0   1   3310  1130  3311  1131  5478  5480  4506  4509
                               1099  4510
    1979   3   1   1   0   1   3161  2449  2437  2450  6460  2382  6458  3824
                               2359  2379
    1980   3   1   1   0   1   3175  3327  3329  3372  4594  6364  4600  6087
                               6365  6088
 
    ELEM MAT TYP REL ESY SEC        NODES
 
    1981   3   1   1   0   1   1909  1868  3328  3333  1742  6335  6333  7469
                               7468  6089
    1982   3   1   1   0   1   3424  3230  3228  3465  5324  4071  6354  5319
                               5323  7026
    1983   3   1   1   0   1   3368  1955  1926  1925  4749  1608  7471  5994
                               1609  1660
    1984   3   1   1   0   1   3256  2912  2913  2954  4163  2811  4169  4153
                               2762  2763
    1985   3   1   1   0   1   3175  1909  3328  3333  5477  6333  4595  4612
                               7469  6089
    1986   3   1   1   0   1   3269  1960  1959  1931  7472  1564  6722  6723
                               1596  1599
    1987   3   1   1   0   1   3554  1938  1906  1907  6991  1676  7473  7474
                               1677  1745
    1988   3   1   1   0   1   3285  1892  2184  2194  4313  6986  4329  4315
                               4314  2133
    1989   3   1   1   0   1   3131  2907  2948  2906  7475  2775  7476  5960
                               2817  2774
    1990   3   1   1   0   1   3373  3375  3469  3376  4765  7096  7477  4766
                               4768  7478
 
    ELEM MAT TYP REL ESY SEC        NODES
 
    1991   3   1   1   0   1   1963  3387  3390  1971  7479  4809  7293  1528
                               6012  6013
    1992   3   1   1   0   1   3339  3335   707  2101  4639  7232  6692  6694
                               6693  5734
    1993   3   1   1   0   1   3401  3282  3345  3101  4884  4887  4863  4861
                               4296  4862
    1994   3   1   1   0   1   3540  2952  2986  2985  7376  2660  7384  7379
                               2663  2610
    1995   3   1   1   0   1   1936  1964  3539  1935  1586  6716  7480  1642
                               1585  6717
    1996   3   1   1   0   1   3375  3469  3273  3550  7096  5373  7064  6928
                               7481  7033
    1997   3   1   1   0   1   3483  1905   713   711  5598  1789  5613  5615
                               1790   712
    1998   3   1   1   0   1   3536  3549  3380  3532  7482  7483  6539  6933
                               6938  7057
    1999   3   1   1   0   1   3570  3539  1965  3447  7484  7485  7434  7433
                               7446  5135
    2000   3   1   1   0   1   3532  3550  3402  3223  6926  6940  6939  6474
                               7030  6155
 
    ELEM MAT TYP REL ESY SEC        NODES
 
    2001   3   1   1   0   1   3539  1936  1965  1964  7480  1583  7485  6716
                               1586  1455
    2002   3   1   1   0   1   3159  2456  2455  2450  7044  2348  6587  3822
                               2355  2358
    2003   3   1   1   0   1   3414  3409  3225  3226  5505  5650  5653  5055
                               5506  4050
    2004   3   1   1   0   1   2114  2105  3538  3301  2050  7486  7487  7488
                               4425  6639
    2005   3   1   1   0   1    715  2105   696   717  7489  2086  2008   716
                               7413  2009
    2006   3   1   1   0   1    717  3300   715  2105  4423  7490   716  7413
                               4427  7489
    2007   3   1   1   0   1   3215  3548  3220  3252  7275  7455  6500  6191
                               7015  6504
    2008   3   1   1   0   1   2442   963  1889   961  2409  1822  4472  2410
                                962  1821
    2009   3   1   1   0   1   3300  3572  1903   715  7491  7492  7493  7490
                               7494  1794
    2010   3   1   1   0   1   3484  1936  1905  1937  7495  1681  7496  7497
                               1641  1678
 
    ELEM MAT TYP REL ESY SEC        NODES
 
    2011   3   1   1   0   1   3298  1902  3302   719  4421  4431  4430  4418
                               1795  4559
    2012   3   1   1   0   1   3487  1905  1936  1904  5600  1681  7498  5602
                               1747  1680
    2013   3   1   1   0   1   3554  1906  1938  1937  7473  1676  6991  6990
                               1679  1640
    2014   3   1   1   0   1   3300  3389  1902  1903  4834  7499  4420  7493
                               7500  1749
    2015   3   1   1   0   1   3301  3300  2105  3395  4428  4427  4425  7411
                               4833  7501
    2016   3   1   1   0   1   3395  3394  3391  3509  7410  4826  4831  7342
                               6634  6633
    2017   3   1   1   0   1   3356  3569  3357  3359  7502  7503  4710  4713
                               7504  4714
    2018   3   1   1   0   1   1916  1948  3079  1917  1625  3586  3589  1668
                               1624  3587
    2019   3   1   1   0   1   3509  3395  3389  3391  7342  4832  6678  6633
                               4831  4813
    2020   3   1   1   0   1   3132  3257  3259  3349  4151  5171  7505  7245
                               7506  7398
 
    ELEM MAT TYP REL ESY SEC        NODES
 
    2021   3   1   1   0   1   3355  3435  3352  3475  5003  6767  4708  6243
                               6766  6456
    2022   3   1   1   0   1   3389  3530  3572  3509  6997  7507  7508  6678
                               6441  7509
    2023   3   1   1   0   1   3433  3432  2951  2985  4996  7510  5722  7382
                               7380  2662
    2024   3   1   1   0   1   3386  1906   709  1907  7511  1788  6686  4796
                               1745  1785
    2025   3   1   1   0   1   3133  3433  3349  3348  6701  5002  7241  7239
                               7002  4690
    2026   3   1   1   0   1   3133  3132  2953  2911  3718  6379  7249  6381
                               6380  2764
    2027   3   1   1   0   1   3126  3475  3355  3431  5481  6243  5074  5483
                               5482  4990
    2028   3   1   1   0   1   3079  1917  3083  1876  3587  5181  3593  6883
                               1726  3621
    2029   3   1   1   0   1   3203  1949  1948  1966  6400  1573  6404  6405
                               1558  1547
    2030   3   1   1   0   1   3462  1930  1957  3502  6942  1603  6918  6662
                               6075  5827
 
    ELEM MAT TYP REL ESY SEC        NODES
 
    2031   3   1   1   0   1   3464  3499  3342  3144  6755  6746  7372  6757
                               6756  6890
    2032   3   1   1   0   1   3117  2449  2448  2436  4165  2362  3833  4166
                               2381  2304
    2033   3   1   1   0   1   3305  3107  3460  3109  5286  6669  5282  5287
                               3665  5289
    2034   3   1   1   0   1   3462  3104  3464  3458  5297  6209  6663  5298
                               6054  6761
    2035   3   1   1   0   1   3462  3513  1930  3502  6661  6074  6942  6662
                               6071  6075
    2036   3   1   1   0   1   3460  1980  3459  1979  6671  7512  5278  6664
                               1493  6726
    2037   3   1   1   0   1   3279  3460  3305  3462  5288  5282  4454  5295
                               5299  5296
    2038   3   1   1   0   1   3163  3253  3102  3169  6200  5972  4246  3972
                               6588  3982
    2039   3   1   1   0   1   3108  3461  3193  3345  5291  6426  6146  5294
                               5293  5743
    2040   3   1   1   0   1   3099  3279  3103  3303  6028  4440  3654  4449
                               4435  4441
 
    ELEM MAT TYP REL ESY SEC        NODES
 
    2041   3   1   1   0   1   3145  2182  2188  2184  3752  2122  5951  5705
                               2159  2154
    2042   3   1   1   0   1   3121  1951  3107  3109  6007  6008  6011  7386
                               7513  3665
    2043   3   1   1   0   1   3117  2437  3545  3161  4164  7514  7515  6459
                               6458  7516
    2044   3   1   1   0   1    965  1888  2441   963  1824  4859  2411   964
                               1823  2412
    2045   3   1   1   0   1   3117  2436  3118  3545  4166  6802  3680  7515
                               7517  6809
    2046   3   1   1   0   1   3510  3162  2448  3120  6004  3836  6815  6084
                               3835  3832
    2047   3   1   1   0   1   3114  3117  2449  2448  3687  4165  7035  3831
                               3833  2362
    2048   3   1   1   0   1   3164  2961  3165  3167  3846  3847  3845  3850
                               7518  3986
    2049   3   1   1   0   1   3406   107  2447   105  4894  2368  4897  4916
                                106  2367
    2050   3   1   1   0   1    677  1310   675   900  1279  1278   676  3041
                               4782  3038
 
    ELEM MAT TYP REL ESY SEC        NODES
 
    2051   3   1   1   0   1   3333  1888  1910  1889  6602  1704  7397  6605
                               1763  1703
    2052   3   1   1   0   1   3406  2929  2916  2956  4905  2796  4907  5949
                               2737  2758
    2053   3   1   1   0   1   3406  2916  2915  2956  4907  2809  4902  5949
                               2758  2759
    2054   3   1   1   0   1   3312  3328  3177  1219  4596  5476  4513  4523
                               6340  4522
    2055   3   1   1   0   1   3252  2453  2459  2457  7227  2347  7069  7390
                               2351  2346
    2056   3   1   1   0   1   3199  1147  1141  1131  6281  1072  4799  3959
                               1071  1047
    2057   3   1   1   0   1   3406  3407  3185  3408  4890  5870  7065  4891
                               4893  5878
    2058   3   1   1   0   1    105  3406  3407  2447  4916  4890  4917  2367
                               4897  5096
    2059   3   1   1   0   1   3178  1211  1217  3181  3885  1153  3891  3890
                               6616  3893
    2060   3   1   1   0   1   3147  1912  1944  1913  5797  1633  3761  7188
                               1672  1632
 
    ELEM MAT TYP REL ESY SEC        NODES
 
    2061   3   1   1   0   1   3147  1913  1914  1873  7188  1671  5785  7187
                               1733  1732
    2062   3   1   1   0   1   3312  3328  1219  3512  4596  6340  4523  6092
                               6597  6094
    2063   3   1   1   0   1   3180  3512  1219  1217  6091  6094  6093  3892
                               6712  1159
    2064   3   1   1   0   1   1002  3446  1000  1871  7432  7519  1001  1858
                               7520  1857
    2065   3   1   1   0   1   3173  3171  3017  3018  3865  3867  3866  5620
                               3874  2532
    2066   3   1   1   0   1   3147  1437  1872  1873  4345  5800  5799  7187
                               7452  1778
    2067   3   1   1   0   1   3093  3457  3172  3138  5745  5264  3919  3915
                               5266  5263
    2068   3   1   1   0   1   3079  1915  3078  1947  5468  5467  3580  3581
                               1627  3577
    2069   3   1   1   0   1   3086   992  1875  1876  7364  1849  3611  3620
                               1848  1775
    2070   3   1   1   0   1   3261  3297  3087  3150  4397  5232  5231  5510
                               5524  6549
 
    ELEM MAT TYP REL ESY SEC        NODES
 
    2071   3   1   1   0   1   3098  3088  3096  2940  5554  5711  5541  5566
                               5565  7362
    2072   3   1   1   0   1   2973  3457  3477  3001  5539  5538  5535  2622
                               5864  5852
    2073   3   1   1   0   1   3172  3282  3173  3092  5252  5253  5254  3922
                               5692  5267
    2074   3   1   1   0   1   3090  3092  3091  3094  3627  3626  3625  3632
                               5249  3937
    2075   3   1   1   0   1   3093  3189  3095  3187  5540  3948  3635  3916
                               5756  3917
    2076   3   1   1   0   1   3400  3412   843  1136  7521  7522  7158  7523
                               7524  6244
    2077   3   1   1   0   1   2998  3313  2992  2997  7525  4516  2573  2600
                               7526  2575
    2078   3   1   1   0   1   3400  3399  3268  3561  4856  4853  4857  7155
                               7394  7527
    2079   3   1   1   0   1   3400  3268  1896  3561  4857  7528  7529  7155
                               7527  7530
    2080   3   1   1   0   1   3544  3561  3412   843  7531  7532  7533  6945
                               7159  7522
 
    ELEM MAT TYP REL ESY SEC        NODES
 
    2081   3   1   1   0   1   3268  1895  1896  1930  5409  1756  7528  6076
                               1694  1695
    2082   3   1   1   0   1   3523   790  3524  1141  7217  7216  6285  6386
                               1105  6387
    2083   3   1   1   0   1   3561  3412   843  3400  7532  7522  7159  7155
                               7521  7158
    2084   3   1   1   0   1   3376  2932  2933   904  5045  2793  4772  5042
                               2846  2845
    2085   3   1   1   0   1   3277  1443    50  1318  5226  1385  5608  5607
                               7204  1232
    2086   3   1   1   0   1   3410  3411  1147  3529  4925  6282  7056  7055
                               6395  6394
    2087   3   1   1   0   1   3400   828  1135   826  5414  1118  5416  7534
                                827  1119
    2088   3   1   1   0   1   3132  3350  3349  3238  7535  4696  7245  6578
                               7536  5335
    2089   3   1   1   0   1   3482   949  3021  2917  7120  2520  7224  7122
                               2877  2518
    2090   3   1   1   0   1   3180  3184  3181  3218  6979  3904  3889  6707
                               4035  6709
 
    ELEM MAT TYP REL ESY SEC        NODES
 
    2091   3   1   1   0   1   3267  3363  1959  3269  6213  7537  5991  4216
                               6214  6722
    2092   3   1   1   0   1   3400   843   826  1136  7158  3066  7534  7523
                               6244  1116
    2093   3   1   1   0   1   3419  3286  3241  1448  4953  4325  4961  5175
                               5176  6466
    2094   3   1   1   0   1   3231  3237  3351  3232  4086  5732  5331  4072
                               5332  4697
    2095   3   1   1   0   1   3420  1440  1439  1876  6483  1392  5184  5183
                               6469  3624
    2096   3   1   1   0   1   3205  1446  1442  1447  4369  1368  6464  6463
                               1365  1366
    2097   3   1   1   0   1   3524  1305   788   790  7221  1289  7250  7216
                               1288   789
    2098   3   1   1   0   1   3132  1434  3350  1435  3720  7238  7535  6579
                               1376  7538
    2099   3   1   1   0   1   3238  3350  1444  1435  7536  7539  7540  4173
                               7538  1373
    2100   3   1   1   0   1   3237  3238  3259  3349  4087  4177  5738  5334
                               5335  7398
 
    ELEM MAT TYP REL ESY SEC        NODES
 
    2101   3   1   1   0   1   3145   958   956  1890  3751   957  3753  5700
                               1819  1820
    2102   3   1   1   0   1   1441  1878  1879   986  5191  1772  4802  1400
                               1843  1842
    2103   3   1   1   0   1   3507  1907  3386  1908  5928  4796  5925  6407
                               1744  6411
    2104   3   1   1   0   1   3493  3336  3335  3386  5678  6357  5656  5662
                               7541  6410
    2105   3   1   1   0   1   1441   986   988  1878  1400   987  1399  5191
                               1843  1844
    2106   3   1   1   0   1   3419  3285  1878  1919  4956  7350  4952  4958
                               4957  1722
    2107   3   1   1   0   1   3493  3421  3287  3243  5667  5943  5933  5939
                               4968  5947
    2108   3   1   1   0   1   3285  1451  1441  1452  4331  1321  4333  4336
                               1334  1336
    2109   3   1   1   0   1   1879  1441   986   984  4802  1400  1842  1841
                               1398   985
    2110   3   1   1   0   1   3507  1928  3421  1942  6412  5944  5953  5926
                               1637  5750
 
    ELEM MAT TYP REL ESY SEC        NODES
 
    2111   3   1   1   0   1   3336  3386  3493  3494  7541  5662  5678  7424
                               5664  5663
    2112   3   1   1   0   1   3573  3494  3486  3556  7542  7543  7544  7545
                               7546  7547
    2113   3   1   1   0   1   3292  3497  2984  3432  5723  6203  4971  4993
                               5724  7548
    2114   3   1   1   0   1   3126  3348  3433  3496  6121  7002  5075  6447
                               6448  5719
    2115   3   1   1   0   1   3127  3131  2949  2982  3717  7549  6702  7263
                               7270  2669
    2116   3   1   1   0   1   3539  1937  1965  1936  7550  1584  7485  7480
                               1641  1583
    2117   3   1   1   0   1   3442  2951  2950  2909  6259  2707  6704  6262
                               2768  2771
    2118   3   1   1   0   1   3129  3122  3289  3125  3707  4476  5092  5077
                               3696  4352
    2119   3   1   1   0   1   1902  3389  3390  1934  7499  4811  7551  1684
                               7000  7001
    2120   3   1   1   0   1   3126  3496  3433  3292  6447  5719  5075  4378
                               5718  4997
 
    ELEM MAT TYP REL ESY SEC        NODES
 
    2121   3   1   1   0   1   3442  2949  3127  3131  6703  6702  5989  5085
                               7549  3717
    2122   3   1   1   0   1   3442  2908  2909  2950  5086  2815  6262  6704
                               2770  2771
    2123   3   1   1   0   1   3483  1904   715   713  5599  1791  7552  5613
                               1792   714
    2124   3   1   1   0   1   3171  3172  3173  3014  3859  5254  3865  3868
                               3875  3869
    2125   3   1   1   0   1   3356  3564  3560  3358  7553  7554  7140  4712
                               7290  7555
    2126   3   1   1   0   1   3197  3173  3195  3009  5622  5627  3952  5621
                               5619  5626
    2127   3   1   1   0   1   3573  3486  3494  3570  7544  7543  7542  7556
                               7557  7558
    2128   3   1   1   0   1   3197  3167  3295  3010  3966  6853  5368  5372
                               5472  5381
    2129   3   1   1   0   1   3535  3451   898   900  6532  7559  7560  7561
                               7562   899
    2130   3   1   1   0   1   3534  1311  3535  1301  7563  7229  6618  6620
                               1260  6621
 
    ELEM MAT TYP REL ESY SEC        NODES
 
    2131   3   1   1   0   1   3248  2451  2452  2456  5192  2354  5034  5193
                               2356  2353
    2132   3   1   1   0   1   3535  3179  2936  3451  6619  5874  7564  6532
                               7565  7566
    2133   3   1   1   0   1   3183  3179  3535  3451  3899  6619  6530  5166
                               7565  6532
    2134   3   1   1   0   1   3534  1313  3450  3379  6625  6624  6623  7567
                               7568  5825
    2135   3   1   1   0   1   3183  3450  3534  3181  5162  6623  6526  3901
                               5169  6528
    2136   3   1   1   0   1   3535   898   673   675  7560  3036  7230  7569
                               3039   674
    2137   3   1   1   0   1   3171  3174  3405  3012  3873  7100  5271  3872
                               3870  7453
    2138   3   1   1   0   1   3440  3414  3376  2932  5051  5641  5041  5044
                               5642  5045
    2139   3   1   1   0   1   3171  3405  2994  3012  5271  5273  5275  3872
                               7453  2571
    2140   3   1   1   0   1   2994  3171  3004  3135  5275  6742  2572  5274
                               3862  6743
 
    ELEM MAT TYP REL ESY SEC        NODES
 
    2141   3   1   1   0   1   3532  3375  3409  3402  6925  4912  7570  6939
                               4922  6158
    2142   3   1   1   0   1   3018  3171  3017  3012  3874  3867  2532  2537
                               3872  2530
    2143   3   1   1   0   1   3143  3445  1445  1450  5217  7571  5955  5219
                               5218  1344
    2144   3   1   1   0   1    996  1437  1873   998  1409  7452  1853   997
                               1408  1854
    2145   3   1   1   0   1   3140  3446  1436  3445  5790  5794  5793  7572
                               5122  7430
    2146   3   1   1   0   1   3144  3225  3464  3228  7573  5314  6757  6554
                               5304  5315
    2147   3   1   1   0   1   1437  3147  1914  1873  4345  5785  5462  7452
                               7187  1732
    2148   3   1   1   0   1   1430  1443  3445  3111  1371  6344  6110  5112
                               6342  6109
    2149   3   1   1   0   1   1443  3113  3111  1430  6341  3671  6342  1371
                               7574  5112
    2150   3   1   1   0   1   3445  3111  3112  3228  6109  3668  6343  6555
                               6116  6353
 
    ELEM MAT TYP REL ESY SEC        NODES
 
    2151   3   1   1   0   1   1874   996  1437  1873  1852  1409  5463  1777
                               1853  7452
    2152   3   1   1   0   1   3499  3502  3142  3144  6752  6871  6750  6756
                               6758  3750
    2153   3   1   1   0   1   2194    98  1982    14  2135  6329  4317  2136
                                 99  1492
    2154   3   1   1   0   1   3421  1942  1919  1918  5750  1620  5942  5748
                               1621  1666
    2155   3   1   1   0   1   3114  3161  3117  3115  3819  6459  3687  3674
                               6461  6462
    2156   3   1   1   0   1   2296  3153  2489   806  5239  3794  3797  2212
                               3792  3796
    2157   3   1   1   0   1   3335  2101   705   707  6693  5733  7575  7232
                               5734   706
    2158   3   1   1   0   1   3115  1923  3545  3119  7110  7576  7577  6271
                               7113  6811
    2159   3   1   1   0   1   3545  1883   973  2436  6810  1833  7578  7517
                               7579  2422
    2160   3   1   1   0   1     40  2182  2101  2014  2129  7222  2021  1996
                               7409  7408
 
    ELEM MAT TYP REL ESY SEC        NODES
 
    2161   3   1   1   0   1   3117  3118  3119  3545  3680  3684  3683  7515
                               6809  6811
    2162   3   1   1   0   1   3545  1883  1884   973  6810  1768  7580  7578
                               1833  1832
    2163   3   1   1   0   1   3545  1883  3119  1923  6810  6812  6811  7576
                               1714  7113
    2164   3   1   1   0   1   3289  1433  1449  1447  5095  1356  5100  5686
                               1357  1361
    2165   3   1   1   0   1    934  2923  3164  2922  2864  7581  3841  2867
                               2803  3840
    2166   3   1   1   0   1   3572  1935  1904  1936  7582  1683  7583  7584
                               1642  1680
    2167   3   1   1   0   1   2103   719   721   702  4429   720  4414  2089
                               2012  2013
    2168   3   1   1   0   1   3299  2099  2103  2119  7367  2068  4415  4566
                               2024  2025
    2169   3   1   1   0   1   3201  3270  3295  3273  4222  5367  5366  6720
                               5375  6845
    2170   3   1   1   0   1   3538  2115  2114  2110  7319  2037  7487  7585
                               2044  2045
 
    ELEM MAT TYP REL ESY SEC        NODES
 
    2171   3   1   1   0   1   3391  3394  3302  3315  4826  4830  4829  4823
                               6643  4541
    2172   3   1   1   0   1   3395  2105   715  3300  7501  7489  7586  4833
                               4427  7490
    2173   3   1   1   0   1   3295  3167  2990  3010  6853  5471  6852  5381
                               5472  2579
    2174   3   1   1   0   1   3167  2962  3271  2990  6648  7587  6855  5471
                               2650  6854
    2175   3   1   1   0   1   3165  2962  3167  2961  6225  6648  3986  3847
                               2698  7518
    2176   3   1   1   0   1   3524   788  1148  1141  7250  1063  6384  6387
                               1104  1053
    2177   3   1   1   0   1   3132  3238  1435  3350  6578  4173  6579  7535
                               7536  7538
    2178   3   1   1   0   1   3446  1436  1000  1872  5794  1411  7519  5791
                               5795  1856
    2179   3   1   1   0   1   3147  3446  1912  1872  7588  7171  5797  5799
                               5791  1735
    2180   3   1   1   0   1   3132  1029  1435  2912  3721  1327  6579  4162
                               2886  4168
 
    ELEM MAT TYP REL ESY SEC        NODES
 
    2181   3   1   1   0   1   3140  1436  1445  3445  5793  1369  5796  7572
                               7430  7571
    2182   3   1   1   0   1   3218  3427  3533  3549  5487  7589  7590  7591
                               6913  7592
    2183   3   1   1   0   1   3504  2969  2998  2970  7593  2632  7594  7595
                               2687  2631
    2184   3   1   1   0   1    981  1880  2432   979  1840  6817  2431   980
                               1839  2427
    2185   3   1   1   0   1   3298   700  2104   698  4416  2087  7328  4417
                                699  2088
    2186   3   1   1   0   1   3224  3144  3228  3225  6032  6554  4062  4049
                               7573  5304
    2187   3   1   1   0   1   1944  3141  3499  3142  3760  6762  6749  3763
                               3743  6750
    2188   3   1   1   0   1   3443  1870  3445  1430  6107  7596  5119  5111
                               7129  6110
    2189   3   1   1   0   1    702  3299   721  2103  4567  4411  2013  2089
                               4415  4414
    2190   3   1   1   0   1   3126  3289  3122  3353  5091  4476  3705  6122
                               5680  5682
 
    ELEM MAT TYP REL ESY SEC        NODES
 
    2191   3   1   1   0   1   3141  3151  3342  3229  3772  4646  6889  4375
                               4221  6891
    2192   3   1   1   0   1   3158  2109  2110  2114  3808  2059  7597  7598
                               2053  2045
    2193   3   1   1   0   1   3302  1941  1901  1902  7599  1461  4543  4431
                               1646  1750
    2194   3   1   1   0   1   3302  1901  1941  1920  4543  1461  7599  7420
                               1686  1645
    2195   3   1   1   0   1   3180  3408  3178  3184  6713  5877  3888  6979
                               5879  3902
    2196   3   1   1   0   1   3144  3229  3464  3225  6248  7600  6757  7573
                               4068  5314
    2197   3   1   1   0   1   3425  3378  3374  3409  7601  4804  7602  6931
                               7603  4911
    2198   3   1   1   0   1   3563  3559  1315  3425  7400  7094  7272  7604
                               7163  7605
    2199   3   1   1   0   1   3511  3424  3374  3290  6039  7606  6025  6038
                               5500  5072
    2200   3   1   1   0   1   3422  3426  3423  3532  4978  4981  4972  6472
                               6471  6932
 
    ELEM MAT TYP REL ESY SEC        NODES
 
    2201   3   1   1   0   1   3422  3409  3532  3425  5320  7570  6472  4975
                               6931  6935
    2202   3   1   1   0   1   3423  3424  3425  3490  4973  4977  4976  7607
                               7309  7608
    2203   3   1   1   0   1   3347  3353  3206  3346  7004  5681  4686  4684
                               4704  4683
    2204   3   1   1   0   1   3415  3417  3551  3190  4944  7429  7428  7426
                               6291  7609
    2205   3   1   1   0   1   3346  3351  3448  3349  4698  5336  7610  4693
                               4699  7611
    2206   3   1   1   0   1   3178  2914  1213  1211  7612  7613  3894  3885
                               7189  1188
    2207   3   1   1   0   1   3288  3078  3081  3082  5158  4656  4364  4340
                               5469  3591
    2208   3   1   1   0   1   2432  3315  1985   721  4553  4539  6134  4555
                               4538  1478
    2209   3   1   1   0   1   3233  3235  3231  3208  4082  4080  4074  4077
                               7614  4075
    2210   3   1   1   0   1   3410   841   824   822  5497  3064  7615  5498
                               3063   823
 
    ELEM MAT TYP REL ESY SEC        NODES
 
    2211   3   1   1   0   1   3480  3481  3526   770  5573  7616  7017  7009
                               7366  7617
    2212   3   1   1   0   1   3146  1946  1969  1970  5200  1552  5010  5199
                               1551  1519
    2213   3   1   1   0   1   3406  3185  2915  3408  7065  6965  4902  4891
                               5878  4904
    2214   3   1   1   0   1   3471  3206  3307  3347  7003  5155  6842  6843
                               4686  6838
    2215   3   1   1   0   1   3360   764   638   766  7138  2476  5460  7148
                                765  2475
    2216   3   1   1   0   1   3240  3239  2190  2187  5550  6382  5549  6828
                               6865  2142
    2217   3   1   1   0   1   3467   938  2920   940  7283  2871  7286  7285
                                939  2870
    2218   3   1   1   0   1   3569  2944  3359  3356  7618  7619  7504  7502
                               7620  4713
    2219   3   1   1   0   1   3484  1905  1906  1937  7496  1746  7621  7497
                               1678  1679
    2220   3   1   1   0   1   3568  2115  2111  2116  7622  2043  7623  7624
                               2038  2042
 
    ELEM MAT TYP REL ESY SEC        NODES
 
    2221   3   1   1   0   1   3531  3530  3572  3539  6443  7507  7625  7448
                               7626  7627
    2222   3   1   1   0   1    700   719  2103   702  1998  4429  2090   701
                               2012  2089
    2223   3   1   1   0   1   3309  3360   764   638  5459  7138  4482  5441
                               5460  2476
    2224   3   1   1   0   1    938  2921   936  2443  2868  2869   937  2407
                               7284  2406
    2225   3   1   1   0   1   3137  2945  3482  3021  4479  5773  7225  3733
                               2501  7224
    2226   3   1   1   0   1   3298  2105   698  2104  4424  2085  4417  7328
                               2064  2088
    2227   3   1   1   0   1   3362  3560  2291  2293  7142  7628  5450  5452
                               7629  2218
    2228   3   1   1   0   1   3371  1888  1927  3333  5823  1705  5809  6606
                               6602  6608
    2229   3   1   1   0   1   3175  3334  3327  3372  4614  4616  4594  6087
                               5810  6365
    2230   3   1   1   0   1   3371  1888  3501  2441  5823  6601  5817  5819
                               4859  5820
 
    ELEM MAT TYP REL ESY SEC        NODES
 
    2231   3   1   1   0   1   3177  1212  1219  1214  6100  1154  4522  6339
                               1187  1179
    2232   3   1   1   0   1   3177  1867  1868  1909  5474  1782  6334  5475
                               1741  1742
    2233   3   1   1   0   1   3501  3438  3512  3328  6607  7005  6594  6596
                               6520  6597
    2234   3   1   1   0   1   2106  3395  2105   715  7630  7501  2063  5596
                               7586  7489
    2235   3   1   1   0   1   3298   698   717   719  4417  2010  4422  4418
                               2011   718
    2236   3   1   1   0   1   3368  3248  2438  2439  6513  7631  7632  7633
                               5031  2387
    2237   3   1   1   0   1   3370  3368  2439  3248  4761  7633  5032  5030
                               6513  5031
    2238   3   1   1   0   1   3538  2106  2114  2115  7634  2019  7487  7319
                               2048  2037
    2239   3   1   1   0   1   3483  3489  2107  2106  5616  7635  5612  7636
                               7637  2062
    2240   3   1   1   0   1   3075   853   834  1150  3057  3074  3055  7052
                               7638  1055
 
    ELEM MAT TYP REL ESY SEC        NODES
 
    2241   3   1   1   0   1   3367  3371  1887  1927  4754  5822  7639  5807
                               5809  1706
    2242   3   1   1   0   1   3106  3121  3120  3162  3690  3692  3686  3834
                               6005  3835
    2243   3   1   1   0   1   3367  3370  1926  1887  4753  7640  7243  7639
                               5815  1707
    2244   3   1   1   0   1   3557  3368  3517  3246  7075  7074  7073  7641
                               6509  7642
    2245   3   1   1   0   1   3517  3364  3368  1954  7416  6508  7074  7166
                               6922  7167
    2246   3   1   1   0   1   3342  3345  3264  3461  7369  7643  5013  7368
                               5293  6428
    2247   3   1   1   0   1   2186   781   783  2102  2165   782  2164  4625
                               2092  2091
    2248   3   1   1   0   1   1954  3368  1924  1925  7167  7078  1611  1610
                               5994  1661
    2249   3   1   1   0   1   2101   688   707   690  2078  2000  5734  2077
                                689  2001
    2250   3   1   1   0   1   3285  1879  1982  1452  4800  1489  4316  4336
                               4801  6330
 
    ELEM MAT TYP REL ESY SEC        NODES
 
    2251   3   1   1   0   1   3307  3531  3473  3306  7644  7645  5398  4462
                               6840  7646
    2252   3   1   1   0   1   3367  1926  3368  1955  7243  7471  4746  4741
                               1608  4749
    2253   3   1   1   0   1   3557  3545  2437  3161  7647  7514  7648  7649
                               7516  6458
    2254   3   1   1   0   1   3368  1955  3364  3369  4749  6921  6508  4747
                               4750  7650
    2255   3   1   1   0   1   3135  3005  2982  3139  5261  2592  7651  7269
                               5434  5435
    2256   3   1   1   0   1   3124  3122  3229  3136  3695  4219  4659  3729
                               4662  4661
    2257   3   1   1   0   1   3567  2110  3538  3255  7436  7585  7318  7652
                               4147  7653
    2258   3   1   1   0   1   3310  3311  3312  3515  4506  4609  4524  6141
                               6143  6097
    2259   3   1   1   0   1     89    10  1150  1430    90  1057  1056  1397
                               1330  7654
    2260   3   1   1   0   1   3075  1430   853  1150  7655  5113  3057  7052
                               7654  7638
 
    ELEM MAT TYP REL ESY SEC        NODES
 
    2261   3   1   1   0   1    709   707  3339  3386   708  6692  6685  6686
                               7231  6687
    2262   3   1   1   0   1   3485  1906   711   709  7656  1787  7657  6689
                               1788   710
    2263   3   1   1   0   1    705  2182    42  2014  7236  2181   704  1995
                               7409  1997
    2264   3   1   1   0   1    688    40  2101  2014   687  2021  2078  1994
                               1996  7408
    2265   3   1   1   0   1   1130  1137   822  3176  1093  1115  1112  5479
                               6332  5496
    2266   3   1   1   0   1   3298  3301  3302  3300  4426  7414  4430  4419
                               4428  4432
    2267   3   1   1   0   1   3311  3410  3413  3411  5494  4928  6515  6396
                               4925  4929
    2268   3   1   1   0   1   3176  3329  3410  1899  4602  5493  5492  4611
                               4852  5499
    2269   3   1   1   0   1    849  3110   847  1134  5406  5419   848  3574
                               5418  3575
    2270   3   1   1   0   1   2944  3361   764  2945  5766  7139  2822  2781
                               5765  2821
 
    ELEM MAT TYP REL ESY SEC        NODES
 
    2271   3   1   1   0   1   2194    98  1452  1982  2135  1337  4337  4317
                               6329  6330
    2272   3   1   1   0   1   3111  1443  3445  3112  6342  6344  6109  3668
                               5221  6343
    2273   3   1   1   0   1   3443  3445  1870  3446  5119  7596  6107  5120
                               5122  6108
    2274   3   1   1   0   1   3443  3111  3444  3398  5108  6115  5117  5127
                               6114  5128
    2275   3   1   1   0   1   3443  1986  1430   853  7658  7036  5111  5110
                               1474  5113
    2276   3   1   1   0   1   3111  1150  1430  1142  7659  7654  5112  7032
                               1052  7660
    2277   3   1   1   0   1   3111  1132  1144  1133  5116  1084  7031  5114
                               1098  1085
    2278   3   1   1   0   1   3111  1430  1150   853  5112  7654  7659  5109
                               5113  7638
    2279   3   1   1   0   1   3241  1451  2189    96  4339  4338  6824  7451
                               1342  2149
    2280   3   1   1   0   1   3323  3321   655  2285  4589  7661  7662  6949
                               7305  2262
 
    ELEM MAT TYP REL ESY SEC        NODES
 
    2281   3   1   1   0   1   2285  3320  2297  2280  6950  7175  2207  2195
                               5458  2200
    2282   3   1   1   0   1   3457  3001  3015  3006  5864  2561  6862  5429
                               2546  2547
    2283   3   1   1   0   1   2117  2186  2297  3321  4624  7174  7663  7664
                               4570  7306
    2284   3   1   1   0   1   3203  1949  1966  1938  6400  1558  6405  7665
                               1579  1582
    2285   3   1   1   0   1   3419  1918  3420  3204  7317  5189  4950  5936
                               5188  5179
    2286   3   1   1   0   1   3323  3418  3551  3338  6957  6959  6952  6576
                               6960  7666
    2287   3   1   1   0   1   3434  2975  2986  2979  7667  2617  7668  7669
                               2676  2616
    2288   3   1   1   0   1   3237  3466  3259  3239  5739  5741  5738  4090
                               5589  5710
    2289   3   1   1   0   1   3520  3546  3313  3314  7670  7671  7672  6219
                               6833  4519
    2290   3   1   1   0   1   3531  3395  3509  3489  7673  7342  6444  7674
                               7333  7460
 
    ELEM MAT TYP REL ESY SEC        NODES
 
    2291   3   1   1   0   1   3520  3313  3546  3296  7672  7671  7670  7675
                               7676  7677
    2292   3   1   1   0   1   3520  3313  3296  3271  7672  7676  7675  7678
                               7679  6856
    2293   3   1   1   0   1   3251  3520  3272  3253  6485  6489  6488  4137
                               6492  6493
    2294   3   1   1   0   1   3243  2188  2190  2189  5946  2151  6825  5948
                               2152  2150
    2295   3   1   1   0   1   3308  3498  3361  3466  5768  5762  5769  5587
                               6881  5740
    2296   3   1   1   0   1   3520  3249  3250  3313  6496  4124  6218  7672
                               7680  4515
    2297   3   1   1   0   1   3520  3274  3313  3271  6495  7681  7672  7678
                               4235  7679
    2298   3   1   1   0   1   3479  3565  3542  3352  7682  7683  7684  6455
                               7685  6778
    2299   3   1   1   0   1   3251  3521  3533  3506  6502  7466  6498  6487
                               6503  7686
    2300   3   1   1   0   1   3400   845   828   826  7157  3068  5414  7534
                               3067   827
 
    ELEM MAT TYP REL ESY SEC        NODES
 
    2301   3   1   1   0   1   3351  3233  3232  3346  4938  4073  4697  4698
                               4687  4681
    2302   3   1   1   0   1   3078  3082  3147  1914  5469  4344  7011  7010
                               5464  5785
    2303   3   1   1   0   1   1136   843  3410  3412  6244  6943  7053  7524
                               7522  4927
    2304   3   1   1   0   1   3262  3302  3390  1920  5902  4836  5911  5914
                               7420  5922
    2305   3   1   1   0   1   2919  2193  2185   943  5887  2137  6583  2872
                               2139  2170
    2306   3   1   1   0   1   3390  3302  1941  1920  4836  7599  6983  5922
                               7420  1645
    2307   3   1   1   0   1   3121  3119  1922  1952  6806  6808  6457  7687
                               7108  1615
    2308   3   1   1   0   1   3264  3530  3437  3459  6430  6735  6730  7688
                               6739  6738
    2309   3   1   1   0   1   3305  3461  3459  3107  5290  7370  5281  5286
                               6680  6668
    2310   3   1   1   0   1   3305  3104  3458  3345  4457  6054  5280  5292
                               4865  7371
 
    ELEM MAT TYP REL ESY SEC        NODES
 
    2311   3   1   1   0   1   3385  3203  3209  3570  7444  6402  7445  7689
                               7690  7691
    2312   3   1   1   0   1   3265  3437  1977  3459  5014  5018  5017  6725
                               6738  7692
    2313   3   1   1   0   1   3458  3464  3499  3342  6761  6755  6760  5284
                               7372  6746
    2314   3   1   1   0   1   1977  3459  1979  3265  7692  6726  1497  5017
                               6725  6727
    2315   3   1   1   0   1   3432  2984  2951  2985  7548  2665  7510  7380
                               2611  2662
    2316   3   1   1   0   1   3149  3265  1968  1979  4209  5012  7693  6729
                               6727  1507
    2317   3   1   1   0   1   3241  2192  3238  1444  7449  6884  4099  7450
                               6699  7540
    2318   3   1   1   0   1   3258  2185  3482  2918  6581  7694  5896  5890
                               6582  6577
    2319   3   1   1   0   1   2918  3258  3256  2957  5890  4172  5889  2756
                               5893  5892
    2320   3   1   1   0   1   3544   843  1898  1897  6945  1803  6796  6795
                               1806  1754
 
    ELEM MAT TYP REL ESY SEC        NODES
 
    2321   3   1   1   0   1   3394  3395  3538  3255  7410  7332  6638  7695
                               7343  7653
    2322   3   1   1   0   1   3299  2432  3315   815  4554  4553  4547  5066
                               2394  5067
    2323   3   1   1   0   1   2979  3257  3434  3361  5770  7696  7669  5772
                               5763  5148
    2324   3   1   1   0   1   2953  3434  2979  3257  7697  7669  2658  6378
                               7696  5770
    2325   3   1   1   0   1   3095  3477  3457  3138  5534  5538  5537  3914
                               6451  5266
    2326   3   1   1   0   1   3083  1438  1439  1446  3606  1382  3622  4470
                               1367  1325
    2327   3   1   1   0   1   3132  3259  3238  3349  7505  4177  6578  7245
                               7398  5335
    2328   3   1   1   0   1   3256  3132  3257  3259  4152  4151  4150  4175
                               7505  5171
    2329   3   1   1   0   1   3292  3442  2951  2950  7242  6259  5720  4970
                               6704  2707
    2330   3   1   1   0   1   3261  3527  2288  3150  6553  6875  7025  5510
                               6548  3766
 
    ELEM MAT TYP REL ESY SEC        NODES
 
    2331   3   1   1   0   1   3431  3187  3479  3471  6127  5558  6131  6125
                               5392  7698
    2332   3   1   1   0   1   3261  2295  2292  2278  4384  2217  6886  4191
                               2198  2234
    2333   3   1   1   0   1   3150  2287  2288  2295  3767  2240  3766  5509
                               2224  2197
    2334   3   1   1   0   1   3292  2951  3432  2984  5720  7510  4993  4971
                               2665  7548
    2335   3   1   1   0   1   3271  3201  3222  3274  6721  4239  4229  4235
                               4240  4237
    2336   3   1   1   0   1   3431  3352  3475  3355  4991  6456  5482  4990
                               4708  6243
    2337   3   1   1   0   1   3558  3113  1443  1149  7699  6341  7700  7701
                               7219  7205
    2338   3   1   1   0   1   2295  2288  3261  2292  2197  7025  4384  2217
                               2223  6886
    2339   3   1   1   0   1   1138  3455   794  3558  5238  7089  1110  7702
                               7088  7085
    2340   3   1   1   0   1   3350  1448  1434  1447  6467  1323  7238  7703
                               1362  1358
 
    ELEM MAT TYP REL ESY SEC        NODES
 
    2341   3   1   1   0   1   3268  1930  1896  1931  6076  1695  7528  7103
                               1652  1692
    2342   3   1   1   0   1    778  2433  3154  3022  3780  3784  3783  2516
                               3785  5515
    2343   3   1   1   0   1   3112  3558  3455  3113  7104  7088  6348  3672
                               7699  6347
    2344   3   1   1   0   1   3558  3291   794  1302  7087  7086  7085  7202
                               7267  1295
    2345   3   1   1   0   1   3558  1138  3113  1149  7702  7704  7699  7701
                               1058  7219
    2346   3   1   1   0   1   3407  2447  2459   105  5096  2334  6065  4917
                               2367  2333
    2347   3   1   1   0   1   3524  3528  3515  3181  7213  6392  6286  7209
                               7214  6708
    2348   3   1   1   0   1   3254  3253  2462  2463  4139  6653  7043  4138
                               4136  2326
    2349   3   1   1   0   1   3180  3515  3319  3218  6096  6102  6104  6707
                               6706  7705
    2350   3   1   1   0   1   3399  3318  3413  3316  7391  7706  7707  7708
                               4562  7709
 
    ELEM MAT TYP REL ESY SEC        NODES
 
    2351   3   1   1   0   1   3357  3359  3543  3358  4714  7710  7711  4711
                               4715  7712
    2352   3   1   1   0   1   3312  3180  1215  3515  6090  6711  4526  6097
                               6096  6142
    2353   3   1   1   0   1   3238  2192  1435  1444  6884  6700  4173  7540
                               6699  1373
    2354   3   1   1   0   1   3180  3220  3218  3319  6980  4038  6707  6104
                               7713  7705
    2355   3   1   1   0   1   3178  3179  1211  3181  3882  3886  3885  3890
                               3897  6616
    2356   3   1   1   0   1   3467   940  3022  2433  7285  2515  5514  5516
                               2428  3785
    2357   3   1   1   0   1    657  2283  3214  3508  2267  4023  4025  7714
                               7715  7716
    2358   3   1   1   0   1   3534  1301  3179  1211  6620  6622  6527  6617
                               7153  3886
    2359   3   1   1   0   1   3391  3392  3284  3315  4815  6171  4820  4823
                               6560  4824
    2360   3   1   1   0   1   3390  1971  1950  1963  6013  1546  5921  7293
                               1528  1561
 
    ELEM MAT TYP REL ESY SEC        NODES
 
    2361   3   1   1   0   1   3461  3108  3107  3305  5291  3662  6680  5290
                               4455  5286
    2362   3   1   1   0   1   3388  3194  3193  3509  6613  5976  6641  6675
                               5986  7717
    2363   3   1   1   0   1   3391  3392  3315  3302  4815  6560  4823  4829
                               4837  4541
    2364   3   1   1   0   1   3388  3461  3387  3389  6677  6996  4806  4807
                               6679  4808
    2365   3   1   1   0   1   3387  3530  1962  3389  6992  6734  6994  4808
                               6997  6998
    2366   3   1   1   0   1   3387  3459  3530  3461  6993  6739  6992  6996
                               7370  6431
    2367   3   1   1   0   1   3387  3107  3459  3461  6018  6668  6993  6996
                               6680  7370
    2368   3   1   1   0   1   3089  3094  3091  3454  3634  3937  3646  5801
                               5757  5360
    2369   3   1   1   0   1   3461  3389  3509  3530  6679  6678  6676  6431
                               6997  6441
    2370   3   1   1   0   1   3257  2979  2954  2957  5770  2659  4154  5891
                               2674  2702
 
    ELEM MAT TYP REL ESY SEC        NODES
 
    2371   3   1   1   0   1   3388  3461  3509  3193  6677  6676  6675  6641
                               6426  7717
    2372   3   1   1   0   1   3156  3157  3260  2282  3804  5241  4179  3812
                               3811  4181
    2373   3   1   1   0   1   3309   638  2281  2291  5441  2249  4483  5448
                               2250  2236
    2374   3   1   1   0   1   2454  3158  3315  2100  4184  6644  6562  7417
                               3810  4549
    2375   3   1   1   0   1   2279  2433   806   808  3793  2392  2274  2275
                               2393   807
    2376   3   1   1   0   1   3454  3393  3468  3284  6470  6147  5365  5361
                               6173  5363
    2377   3   1   1   0   1   3401  3225  3345  3134  5651  7718  4863  4886
                               7194  4674
    2378   3   1   1   0   1   3214   657  3255   659  4025  4145  7719  4024
                                658  4146
    2379   3   1   1   0   1     36  2488   636  2281  2469  2468   635  2199
                               4490  2248
    2380   3   1   1   0   1   3293   648   646  2287  4491   647  4493  5511
                               2259  2258
 
    ELEM MAT TYP REL ESY SEC        NODES
 
    2381   3   1   1   0   1   3261  2292  3214  2282  6886  6878  5243  4192
                               2235  5245
    2382   3   1   1   0   1   3541  3002  3003  2974  7720  2596  7383  7721
                               2620  2619
    2383   3   1   1   0   1   3157  2282  2298  2278  3811  2203  3805  4189
                               2247  2202
    2384   3   1   1   0   1   3394  3260  3194  3158  6642  6552  6632  6637
                               4180  7722
    2385   3   1   1   0   1   3194  3188  3255  3158  3942  7723  7724  7722
                               7725  7726
    2386   3   1   1   0   1   3214  3260  3158  3188  5244  4180  7727  5978
                               6551  7725
    2387   3   1   1   0   1   3258  2193  2185  2919  5885  2137  6581  5888
                               5887  6583
    2388   3   1   1   0   1   3456  3005  3006  3015  5259  2557  5427  5256
                               2543  2547
    2389   3   1   1   0   1   3299   815   817  2432  5066   816  7728  4554
                               2394  2395
    2390   3   1   1   0   1    936  2443  2921  2922  2406  7284  2869  2866
                               6196  2804
 
    ELEM MAT TYP REL ESY SEC        NODES
 
    2391   3   1   1   0   1   3302  3299   721  3315  4558  4411  4540  4541
                               4547  4538
    2392   3   1   1   0   1   3020    13  2193   943  2525  2140  4160  2523
                                942  2139
    2393   3   1   1   0   1   3302  1880  3315  1985  5899  6816  4541  4542
                               1477  4539
    2394   3   1   1   0   1   3560  2290  2291  2293  7729  2237  7628  7629
                               2219  2218
    2395   3   1   1   0   1   3394  3301  3395  3300  6635  7411  7410  4827
                               4428  4833
    2396   3   1   1   0   1   3298  1902   719   717  4421  1795  4418  4422
                               1796   718
    2397   3   1   1   0   1   3390  1902  1941  3302  7551  1646  6983  4836
                               4431  7599
    2398   3   1   1   0   1   3151  3342  3229  3264  4646  6891  4221  4201
                               5013  4220
    2399   3   1   1   0   1   3004  3135  2980  2994  6743  7125  2593  2572
                               5274  2603
    2400   3   1   1   0   1   3210  2947  3131  2981  7183  7198  4012  7182
                               2670  7199
 
    ELEM MAT TYP REL ESY SEC        NODES
 
    2401   3   1   1   0   1   2919  2918   945  2185  2807  2874  2873  6583
                               6582  2172
    2402   3   1   1   0   1   3123  3122  3129  3125  3693  3707  3706  3697
                               3696  5077
    2403   3   1   1   0   1   3370  3369  3439  3334  4762  7730  5036  4752
                               6376  6521
    2404   3   1   1   0   1   3501  2442  2453  2441  6592  2302  5818  5820
                               2384  2374
    2405   3   1   1   0   1   3370  1886  1887   967  7731  1765  5815  5814
                               1827  1826
    2406   3   1   1   0   1   3377  3451  3380  3379  7732  5167  4777  4776
                               6529  4779
    2407   3   1   1   0   1   3371  1927  1888  1887  5809  1705  5823  5822
                               1706  1764
    2408   3   1   1   0   1   3139  3131  2982  3135  7200  7270  5435  7269
                               3738  7651
    2409   3   1   1   0   1   3135  3131  2982  2981  3738  7270  7651  7195
                               7199  2614
    2410   3   1   1   0   1   3160  3212  3439  3244  4119  5962  6510  4107
                               6195  6511
 
    ELEM MAT TYP REL ESY SEC        NODES
 
    2411   3   1   1   0   1   3501  2442  2441  1889  6592  2384  5820  6604
                               4472  4860
    2412   3   1   1   0   1   2441  2442   963  1889  2384  2409  2412  4860
                               4472  1822
    2413   3   1   1   0   1   3256  2957  2954  2918  5892  2702  4153  5889
                               2756  2755
    2414   3   1   1   0   1   2454   813  3156  2100  2372  3801  4182  7417
                               2095  3802
    2415   3   1   1   0   1   3248  3518  2456  2452  7191  6433  5193  5034
                               6434  2353
    2416   3   1   1   0   1   3370  2439  1886   967  5032  7733  7731  5814
                               2416  1827
    2417   3   1   1   0   1   3232  3206  3205  3348  4682  4002  5755  4689
                               4706  5684
    2418   3   1   1   0   1   3156    39   813  2454  3799   812  3801  4182
                               2371  2372
    2419   3   1   1   0   1   3420  1448  1441  3286  5174  1359  5190  4954
                               5176  4334
    2420   3   1   1   0   1   3287  3243  3421  1919  5947  4968  5943  5940
                               4960  5942
 
    ELEM MAT TYP REL ESY SEC        NODES
 
    2421   3   1   1   0   1   3287  3243  2188  3452  5947  5946  5945  5952
                               6358  5196
    2422   3   1   1   0   1   3232  3350  3241  3238  4694  6468  5735  5333
                               7536  4099
    2423   3   1   1   0   1   3299   817   815  2099  7728   816  5066  7367
                               2098  2097
    2424   3   1   1   0   1   3298   721  2103   719  4410  4414  4413  4418
                                720  4429
    2425   3   1   1   0   1   3386  1906  3485   709  7511  7656  6690  6686
                               1788  6689
    2426   3   1   1   0   1   3386  1906  3554  3485  7511  7473  7734  6690
                               7656  7735
    2427   3   1   1   0   1   1907  3386  1906  3554  4796  7511  1745  7474
                               7734  7473
    2428   3   1   1   0   1   3386  3385  3485  3554  4797  7736  6690  7734
                               7737  7735
    2429   3   1   1   0   1   3157  2298   810  2278  3805  2205  3806  4189
                               2202  2277
    2430   3   1   1   0   1   3262  1921  3280  3121  5912  5917  5916  5918
                               5920  6003
 
    ELEM MAT TYP REL ESY SEC        NODES
 
    2431   3   1   1   0   1   2908  3131  2907  2949  5087  7475  2816  2773
                               7549  2772
    2432   3   1   1   0   1   2454   815  2100  3315  2310  2096  7417  6562
                               5067  4549
    2433   3   1   1   0   1   2113  3298  2105  3301  4552  4424  2020  4551
                               4426  4425
    2434   3   1   1   0   1   3123  3130  3129  3131  3709  5076  3706  3712
                               3714  3716
    2435   3   1   1   0   1   3263  3531  3341  3307  6839  6436  4644  4463
                               7644  5404
    2436   3   1   1   0   1   3431  3479  3187  3138  6131  5558  6127  6129
                               6132  3918
    2437   3   1   1   0   1   3431  3122  3128  3138  6128  3734  5485  6129
                               3736  3735
    2438   3   1   1   0   1   3341  3472  3307  3531  5403  5395  5404  6436
                               7738  7644
    2439   3   1   1   0   1   3295  3011  3010  2990  4393  2553  5381  6852
                               2576  2579
    2440   3   1   1   0   1   3336  3386  3494  3485  7541  5664  7424  6695
                               6690  7739
 
    ELEM MAT TYP REL ESY SEC        NODES
 
    2441   3   1   1   0   1   3340  3436  1964  3447  5210  5019  6731  5207
                               5195  7740
    2442   3   1   1   0   1   3450  3536  3380  3379  6541  6539  5164  5825
                               7741  4779
    2443   3   1   1   0   1   3517  1954  1924  1953  7166  1611  7077  6184
                               1569  1612
    2444   3   1   1   0   1   3250  2964  2992  2963  6049  2646  4514  4126
                               2696  2645
    2445   3   1   1   0   1   3105  3304  3244  3099  7154  4447  6903  3659
                               4446  4448
    2446   3   1   1   0   1   3463  3225  3402  3409  5302  6153  5328  5322
                               5650  6158
    2447   3   1   1   0   1   3106  3117  3120  3118  3679  3688  3686  3681
                               3680  3689
    2448   3   1   1   0   1   3522  2946  2976  2930  6423  2693  6319  6316
                               2735  2499
    2449   3   1   1   0   1   3343  3436  3340  3447  5137  5210  4651  5205
                               5195  5207
    2450   3   1   1   0   1   3437  1964  3340  3436  5015  6731  6440  5020
                               5019  5210
 
    ELEM MAT TYP REL ESY SEC        NODES
 
    2451   3   1   1   0   1   3249  3250  2446  3521  4124  4149  4148  7742
                               6220  6572
    2452   3   1   1   0   1   3531  3530  3437  3341  6443  6735  6439  6436
                               6429  6438
    2453   3   1   1   0   1   3237  3239  3240  3466  4090  5550  4092  5739
                               5589  5588
    2454   3   1   1   0   1   1956  3367  1927  1940  4744  5807  1606  1593
                               4759  1605
    2455   3   1   1   0   1   3566  3556  3489  3337  7349  7347  7330  7743
                               7744  7745
    2456   3   1   1   0   1   3364  1954  1974  1960  6922  1539  7746  6920
                               1538  1530
    2457   3   1   1   0   1   3537  3337  3566  3489  7747  7743  7314  7748
                               7745  7330
    2458   3   1   1   0   1   3382  3416  3470  3472  7337  7749  5386  5400
                               7338  6239
    2459   3   1   1   0   1   3415  3416  3233  3555  4939  4942  4937  7750
                               7751  7752
    2460   3   1   1   0   1   3371  2440  2441  2453  5029  2385  5819  5026
                               2373  2374
 
    ELEM MAT TYP REL ESY SEC        NODES
 
    2461   3   1   1   0   1   3371  2441  2440   965  5819  2385  5029  5821
                               2411  2414
    2462   3   1   1   0   1   3566  3416  3338  3508  7336  7753  7316  7344
                               7345  7754
    2463   3   1   1   0   1   3423  3425  3536  3562  4976  6936  6934  7755
                               7162  7161
    2464   3   1   1   0   1   3426  3423  3532  3536  4981  6932  6471  7756
                               6934  6933
    2465   3   1   1   0   1   3423  3430  3490  3476  6160  7757  7607  6475
                               6476  7758
    2466   3   1   1   0   1   3532  3550  3223  3549  6926  7030  6474  6938
                               7060  6911
    2467   3   1   1   0   1   3427  3422  3428  3223  4980  4983  7759  6906
                               6154  6156
    2468   3   1   1   0   1   3532  3426  3536  3549  6471  7756  6933  6938
                               6937  7482
    2469   3   1   1   0   1   3114  2450  2455  2449  3823  2358  3837  7035
                               2359  2361
    2470   3   1   1   0   1   3331  1955  1961  1956  4742  1536  6374  4745
                               1567  1562
 
    ELEM MAT TYP REL ESY SEC        NODES
 
    2471   3   1   1   0   1   3218  3549  3380  3536  7591  7483  6537  6538
                               7482  6539
    2472   3   1   1   0   1   3318  3544  3561  3399  7760  7531  7395  7391
                               7761  7394
    2473   3   1   1   0   1   3461  3193  3388  3108  6426  6641  6677  5291
                               6146  6016
    2474   3   1   1   0   1   3389  3530  1935  3572  6997  6736  7762  7508
                               7507  7582
    2475   3   1   1   0   1   3300  3389  1903  3572  4834  7500  7493  7491
                               7508  7492
    2476   3   1   1   0   1   3162  3280  3388  3108  4284  5998  6000  4287
                               4286  6016
    2477   3   1   1   0   1   3367  3370  3368  1926  4753  4761  4746  7243
                               7640  7471
    2478   3   1   1   0   1   3394  3301  3315  3158  6635  4548  6643  6637
                               6636  6644
    2479   3   1   1   0   1   3200  3392  3162  2458  6167  5999  4242  6177
                               6563  6178
    2480   3   1   1   0   1   3461  3341  3530  3509  6427  6429  6431  6676
                               6442  6441
 
    ELEM MAT TYP REL ESY SEC        NODES
 
    2481   3   1   1   0   1   1903  3389  1935  3572  7500  7762  1682  7492
                               7508  7582
    2482   3   1   1   0   1   3499  1979  3458  3459  5780  6665  6760  6745
                               6726  5277
    2483   3   1   1   0   1   3113  3455  1145  1138  6347  5237  7118  7704
                               5238  1077
    2484   3   1   1   0   1   1430  1142  3113  3111  7660  7051  7574  5112
                               7032  3671
    2485   3   1   1   0   1   3443  3110  1133  3111  5104  5103  5102  5108
                               3667  5114
    2486   3   1   1   0   1   1302  1318  3558  3291  1230  7201  7202  7267
                               7351  7087
    2487   3   1   1   0   1   3291  1318  3558  3277  7351  7201  7087  4362
                               5607  7105
    2488   3   1   1   0   1   1149    85  1143  3113  1059  1100  1051  7219
                               6649  6650
    2489   3   1   1   0   1   2433   808  3097  2454  2393  4499  3641  2336
                               2369  3642
    2490   3   1   1   0   1   2288  3261  2292  3527  7025  6886  2223  6875
                               6553  6877
 
    ELEM MAT TYP REL ESY SEC        NODES
 
    2491   3   1   1   0   1   3112  3455  3558  3291  6348  7088  7104  6351
                               7090  7087
    2492   3   1   1   0   1   3112  1443  3558  3113  5221  7700  7104  3672
                               6341  7699
    2493   3   1   1   0   1   3443  1911  3444  3446  6105  6113  5117  5120
                               6106  5121
    2494   3   1   1   0   1   3142  3143  3445  3140  3747  5217  6120  3744
                               3745  7572
    2495   3   1   1   0   1   3265  1969  3436  3146  5011  6740  5006  4652
                               5010  5021
    2496   3   1   1   0   1   3342  3264  3345  3229  5013  7643  7369  6891
                               4220  4673
    2497   3   1   1   0   1   3293  2295  2286  2287  4382  2225  4386  5511
                               2224  2241
    2498   3   1   1   0   1   2489   650  2296    37  2464  2213  3797  2466
                                651  2214
    2499   3   1   1   0   1   2278  3155   808  3157  4190  4498  2276  4189
                               4186  5635
    2500   3   1   1   0   1   3144  3464  3229  3342  6757  7600  6248  6890
                               7372  6891
 
    ELEM MAT TYP REL ESY SEC        NODES
 
    2501   3   1   1   0   1   3147  1945  3149  3146  5783  5782  3758  3754
                               5784  3757
    2502   3   1   1   0   1   3149  3146  1945  1968  3757  5784  5782  7693
                               5009  1554
    2503   3   1   1   0   1   1919  3419  1918  1878  4958  7317  1666  1722
                               4952  1723
    2504   3   1   1   0   1   3493  3421  3384  3507  5667  4965  5665  5923
                               5953  5924
    2505   3   1   1   0   1   3493  3287  3452  3243  5933  5952  5658  5939
                               5947  6358
    2506   3   1   1   0   1   3242  3239  3238  2190  5551  4091  4100  5547
                               6382  6882
    2507   3   1   1   0   1    808  3155  2279  2433  4498  3790  2275  2393
                               4497  3793
    2508   3   1   1   0   1   3287  1919  1928  1891  5940  1657  5702  5706
                               1699  1702
    2509   3   1   1   0   1   3287  3145  1928  3507  5699  5703  5702  5934
                               5935  6412
    2510   3   1   1   0   1   3419  3384  3421  3204  4966  4965  4962  5936
                               5930  5932
 
    ELEM MAT TYP REL ESY SEC        NODES
 
    2511   3   1   1   0   1   3386  3494  3385  3384  5664  7763  4797  4795
                               5666  4794
    2512   3   1   1   0   1   3384  1949  3204  3385  5929  5931  5930  4794
                               5646  7443
    2513   3   1   1   0   1   3285  2189  3287  3243  4328  4327  4326  4321
                               5948  5947
    2514   3   1   1   0   1   3421  1918  3204  1949  5748  5188  5932  5749
                               1622  5931
    2515   3   1   1   0   1   3459  3107  1978  1980  6668  6988  6995  7512
                               6060  1498
    2516   3   1   1   0   1   3391  3454  3284  3393  6482  5361  4820  4817
                               6470  6173
    2517   3   1   1   0   1   3499  1979  3459  3149  5780  6726  6745  6747
                               6729  6728
    2518   3   1   1   0   1   3467  2920   938  2921  7286  2871  7283  5528
                               2805  2868
    2519   3   1   1   0   1   3283  2959  3198  3195  5532  7389  4311  4302
                               5533  3953
    2520   3   1   1   0   1   1981  3107  1972  3109  6062  6061  1503  6673
                               3665  7764
 
    ELEM MAT TYP REL ESY SEC        NODES
 
    2521   3   1   1   0   1   3164  2923   932  2924  7581  2865  6647  3843
                               2802  2862
    2522   3   1   1   0   1   3107  3109  1951  1972  3665  7513  6008  6061
                               7764  1544
    2523   3   1   1   0   1   3557  3115  3246  3517  7080  7034  7641  7073
                               6185  7642
    2524   3   1   1   0   1   3114  2450  3159  2455  3823  3822  3817  3837
                               2358  6587
    2525   3   1   1   0   1   3280  1971  1950  3390  6009  1546  5915  6015
                               6013  5921
    2526   3   1   1   0   1   3389  1935  3530  1962  7762  6736  6997  6998
                               1590  6734
    2527   3   1   1   0   1   3106  3115  3117  3119  3675  6462  3679  3682
                               6271  3683
    2528   3   1   1   0   1   3280  3121  1951  3107  6003  6007  6006  4283
                               6011  6008
    2529   3   1   1   0   1   3523  3491  3529  3476  7264  7184  6393  6388
                               7765  7766
    2530   3   1   1   0   1   3515  3476  3411  3319  6389  7388  6288  6102
                               7767  7768
 
    ELEM MAT TYP REL ESY SEC        NODES
 
    2531   3   1   1   0   1   3523  3515  3524  3528  6283  6286  6285  6390
                               6392  7213
    2532   3   1   1   0   1   3370  3371  2440  1887  4756  5029  5028  5815
                               5822  5816
    2533   3   1   1   0   1   3557  1884  1924  1885  7769  1712  7076  7079
                               1767  1711
    2534   3   1   1   0   1   3253  3169  2445  3168  6588  6235  6237  6238
                               3984  6046
    2535   3   1   1   0   1   3213  3102  3253  3251  4022  5972  5967  5969
                               5973  4137
    2536   3   1   1   0   1   3160  3246  3244  3247  4113  4732  4107  4115
                               4114  6507
    2537   3   1   1   0   1   3117  3119  3115  3545  3683  6271  6462  7515
                               6811  7577
    2538   3   1   1   0   1   2281   764   636   638  4484  2473  2248  2249
                               2476   637
    2539   3   1   1   0   1   3557  2438  2437   971  7082  2388  7648  7083
                               2417  2420
    2540   3   1   1   0   1   3557  3246  3115  3161  7641  7034  7080  7649
                               7111  6461
 
    ELEM MAT TYP REL ESY SEC        NODES
 
    2541   3   1   1   0   1   3335  2182   705  2101  6413  7236  7575  6693
                               7222  5733
    2542   3   1   1   0   1   3118  3119  1883  1922  3684  6812  6804  6807
                               6808  1715
    2543   3   1   1   0   1   3117  3115  3161  3545  6462  6461  6459  7515
                               7577  7516
    2544   3   1   1   0   1   3118  1883  3545  2436  6804  6810  6809  6802
                               7579  7517
    2545   3   1   1   0   1   3106  3245  3116  3115  4279  4109  3676  3675
                               4112  3678
    2546   3   1   1   0   1   3419  3236  3384  3495  4963  4967  4966  5937
                               5676  5669
    2547   3   1   1   0   1   3543  3358  3542  3564  7712  7770  6779  7771
                               7290  7303
    2548   3   1   1   0   1   3208  3204  3209  3495  4464  6401  4009  5938
                               6465  7772
    2549   3   1   1   0   1   3241  1448  1444  3350  6466  1340  7450  6468
                               6467  7539
    2550   3   1   1   0   1   3346  3348  3353  3206  4692  5717  4704  4683
                               4706  5681
 
    ELEM MAT TYP REL ESY SEC        NODES
 
    2551   3   1   1   0   1   3570  1937  1966  1965  7773  1581  7435  7434
                               1584  1559
    2552   3   1   1   0   1   3232  3208  3347  3233  4076  7774  4685  4073
                               4077  4688
    2553   3   1   1   0   1    932  2923  3164   934  2865  7581  6647   933
                               2864  3841
    2554   3   1   1   0   1   3150  2288   646   644  3766  2257  3765  7775
                               2256   645
    2555   3   1   1   0   1   3153  2433  3155  3154  3781  4497  3788  3782
                               3784  5246
    2556   3   1   1   0   1   3498  3466  3259  3361  6881  5741  5761  5762
                               5740  5737
    2557   3   1   1   0   1   3361  3257  3434  3259  5763  7696  5148  5737
                               5171  6955
    2558   3   1   1   0   1   3454  3261  3097  3297  5233  4500  5358  5235
                               4397  4501
    2559   3   1   1   0   1   3155  3154  2433  3097  5246  3784  4497  4496
                               5247  3641
    2560   3   1   1   0   1   3154  3467  2938  3022  5351  6681  5520  5515
                               5514  2500
 
    ELEM MAT TYP REL ESY SEC        NODES
 
    2561   3   1   1   0   1   3525  3190  3508  3551  6290  5983  6296  7776
                               7609  7777
    2562   3   1   1   0   1   3288  3289  3125  1449  4348  4352  4351  4356
                               5100  4355
    2563   3   1   1   0   1   2489  2433    15    37  3791  2429  2467  2466
                               2312  2299
    2564   3   1   1   0   1   3153  2296  2489   650  5239  3797  3794  3795
                               2213  2464
    2565   3   1   1   0   1   3098  3096  2973  2972  5541  5543  5542  7778
                               6859  2679
    2566   3   1   1   0   1   3344  3383  3189  3187  6241  5562  5384  4667
                               5561  5756
    2567   3   1   1   0   1   3436  3264  3341  3437  5007  5776  7374  5020
                               6730  6438
    2568   3   1   1   0   1   3509  3193  3461  3341  7717  6426  6676  6442
                               6425  6427
    2569   3   1   1   0   1   3263  3341  3264  3307  4644  5776  4202  4463
                               5404  6841
    2570   3   1   1   0   1   2915  1213  1018  2916  4903  1205  2880  2809
                               5789  2879
 
    ELEM MAT TYP REL ESY SEC        NODES
 
    2571   3   1   1   0   1   2455  3162  3163  3114  3838  3827  4243  3837
                               3826  3828
    2572   3   1   1   0   1   3378  1315  1309  1310  7095  1246  6775  7092
                               1245  1262
    2573   3   1   1   0   1   3115  1923  1953  3517  7110  1613  6186  6185
                               7779  6184
    2574   3   1   1   0   1   3019    17   920  2447  2529   919  2528  4898
                               2314  2396
    2575   3   1   1   0   1   3179  2937  2936  2977  5883  2789  5874  5875
                               2497  2685
    2576   3   1   1   0   1   3370  3438  3439  2453  5023  6522  5036  5027
                               6609  7228
    2577   3   1   1   0   1   3294  2969  2935  2934  4387  2727  7780  4388
                               2728  2791
    2578   3   1   1   0   1   3546  3553  3506  3296  7254  6977  7781  7677
                               7782  7783
    2579   3   1   1   0   1   3249  3274  3165  2963  6569  6224  6041  4125
                               6223  6043
    2580   3   1   1   0   1   3121  1952  1951  3109  7687  1571  6007  7386
                               7106  7513
 
    ELEM MAT TYP REL ESY SEC        NODES
 
    2581   3   1   1   0   1   3245  1953  3115  3281  6183  6186  4112  4433
                               6190  4434
    2582   3   1   1   0   1   3535  2936   898  3451  7564  2839  7560  6532
                               7566  7559
    2583   3   1   1   0   1   3117  3120  2436  2448  3688  6805  4166  3833
                               3832  2304
    2584   3   1   1   0   1   3118  1883  1882  1922  6804  1769  6803  6807
                               1715  1716
    2585   3   1   1   0   1   3315  3392  1880  3302  6560  5898  6816  4541
                               4837  5899
    2586   3   1   1   0   1   3185  2937  2977  2955  5880  2497  5884  6970
                               2724  2684
    2587   3   1   1   0   1   3367  1956  1926  1955  4744  1607  7243  4741
                               1567  1608
    2588   3   1   1   0   1   3106  3119  3118  3121  3682  3684  3681  3690
                               6806  3691
    2589   3   1   1   0   1   3137   762   764  2945  3732   763  4480  4479
                               2820  2821
    2590   3   1   1   0   1   3361  3358  3448  3359  7404  5338  5146  5149
                               4715  5150
 
    ELEM MAT TYP REL ESY SEC        NODES
 
    2591   3   1   1   0   1   3418  3237  3466  3351  5346  5739  5342  5343
                               5732  5340
    2592   3   1   1   0   1   3140  3143  3445  1445  3745  5217  7572  5796
                               5955  7571
    2593   3   1   1   0   1   3351  3237  3466  3448  5732  5739  5340  5336
                               6880  5339
    2594   3   1   1   0   1   3504  2970  2936  2935  7595  2725  5836  7784
                               2726  2790
    2595   3   1   1   0   1   3182  3184  3218  3181  3903  4035  6834  3896
                               3904  6709
    2596   3   1   1   0   1   3498  3257  2957  2979  5760  5891  5894  5771
                               5770  2674
    2597   3   1   1   0   1   1037  1035  1432  2908  1036  1419  1420  2894
                               2895  5090
    2598   3   1   1   0   1   3308  3362  3320  3240  5444  5443  5442  5586
                               7178  6574
    2599   3   1   1   0   1    778  3153  2433  2489  3779  3781  3780  2465
                               3794  3791
    2600   3   1   1   0   1   3259  3257  3434  3349  5171  7696  6955  7398
                               7506  5001
 
    ELEM MAT TYP REL ESY SEC        NODES
 
    2601   3   1   1   0   1   1429  2904  3024  1045  6421  2506  4266  1427
                               2902  2507
    2602   3   1   1   0   1   1436  1002  3446  1000  1410  7432  5794  1411
                               1001  7519
    2603   3   1   1   0   1   3108  3107  3106  3162  3662  3661  3663  4287
                               4285  3834
    2604   3   1   1   0   1   3568  2107  2115  2116  7785  2049  7622  7624
                               2046  2038
    2605   3   1   1   0   1   3281  3109  1973  1952  4292  4444  4443  7107
                               7106  1542
    2606   3   1   1   0   1   2450  3248  3161  3159  5194  7786  3824  3822
                               7787  3816
    2607   3   1   1   0   1   3557  3368  3248  2438  7075  6513  7788  7082
                               7632  7631
    2608   3   1   1   0   1   3276  2904  2930  3024  6313  2491  4261  4264
                               2506  2505
    2609   3   1   1   0   1   3545  1883  1923  1884  6810  1714  7576  7580
                               1768  1713
    2610   3   1   1   0   1   3114  2449  3161  2450  7035  6460  3819  3823
                               2359  3824
 
    ELEM MAT TYP REL ESY SEC        NODES
 
    2611   3   1   1   0   1   3113  1138  1143  1149  7704  1087  6650  7219
                               1058  1051
    2612   3   1   1   0   1   3557  3248  3246  3161  7788  4117  7641  7649
                               7786  7111
    2613   3   1   1   0   1   3496  2909  1035  1033  6261  2892  6263  6254
                               2893  1034
    2614   3   1   1   0   1   3302  3389  3390  1902  6674  4811  4836  4431
                               7499  7551
    2615   3   1   1   0   1   3497  3007  2983  2984  6454  2587  6202  6203
                               2588  2612
    2616   3   1   1   0   1   3467  2921  2958  2920  5528  2753  5530  7286
                               2805  2752
    2617   3   1   1   0   1   2109  3158  2100  2114  3808  3810  2017  2053
                               7598  2018
    2618   3   1   1   0   1   3453  3210  2947  3131  5215  7183  7193  5959
                               4012  7198
    2619   3   1   1   0   1   3315  1985  1880  2432  4539  1477  6816  4553
                               6134  6817
    2620   3   1   1   0   1   3262  1920  1880  3302  5914  1720  5901  5902
                               7420  5899
 
    ELEM MAT TYP REL ESY SEC        NODES
 
    2621   3   1   1   0   1   3284  2454  3315  2461  5632  6562  4824  5633
                               2315  6561
    2622   3   1   1   0   1     17  3019  1221   107  2529  5954  1173   108
                               4895  1171
    2623   3   1   1   0   1   2928   924  2447   922  2854  2308  5099  2855
                                923  2397
    2624   3   1   1   0   1   3453  2946  2905  2947  6422  2779  6416  7193
                               2711  2776
    2625   3   1   1   0   1   3227  3211  3226  3522  6247  4054  6034  6250
                               6252  7128
    2626   3   1   1   0   1   3408  1217  3178  1213  6715  3891  5877  4900
                               1183  3894
    2627   3   1   1   0   1   3185  2955  2956  2915  6970  2703  5867  6965
                               2760  2759
    2628   3   1   1   0   1   2916  3019  1221  1016  2526  5954  5787  2878
                               2527  1172
    2629   3   1   1   0   1   3407  2928  2446  2447  5098  4274  6568  5096
                               5099  2337
    2630   3   1   1   0   1   3131  2948  2947  2906  7476  2710  7198  5960
                               2774  2777
 
    ELEM MAT TYP REL ESY SEC        NODES
 
    2631   3   1   1   0   1   3277    50  1443    48  5608  1385  5226  7789
                                 49  1384
    2632   3   1   1   0   1   3440  2931  3414  2932  6327  6326  5051  5044
                               2794  5642
    2633   3   1   1   0   1   3432  2985  3003  3002  7380  2584  7378  5857
                               2586  2596
    2634   3   1   1   0   1   3320  2280  2285  2293  5458  2195  6950  5451
                               2232  2231
    2635   3   1   1   0   1   3325  3488  3537  3568  6683  7790  6556  7418
                               7791  7419
    2636   3   1   1   0   1   3522  2946  2930  2904  6423  2735  6316  6314
                               2778  2491
    2637   3   1   1   0   1   3453  2904  2905  2946  6420  2819  6416  6422
                               2778  2779
    2638   3   1   1   0   1   3150   774   644   646  4407  2482  7775  3765
                               2485   645
    2639   3   1   1   0   1   3137  2488    43  2183  4487  2471  3731  5577
                               7792  2178
    2640   3   1   1   0   1   3135  3004  2981  3005  6743  2594  7195  5261
                               2558  2591
 
    ELEM MAT TYP REL ESY SEC        NODES
 
    2641   3   1   1   0   1   3092  3088  3091  2971  3629  3628  3626  5690
                               5714  5691
    2642   3   1   1   0   1   3173  3014  3008  3017  3869  2549  6659  3866
                               2535  2541
    2643   3   1   1   0   1   3245  3267  1973  3279  6787  6446  6187  4282
                               4437  4445
    2644   3   1   1   0   1   3100  3217  3103  3428  4032  4034  3653  6785
                               7793  6789
    2645   3   1   1   0   1   3303  3266  3363  3267  4439  6205  6204  4436
                               4212  6213
    2646   3   1   1   0   1   3204  1949  1918  1917  5931  1622  5188  5182
                               1623  1667
    2647   3   1   1   0   1   3172  3016  3005  3015  3860  2545  5258  5257
                               2533  2543
    2648   3   1   1   0   1   3197  3010  3018  3009  5372  2540  5370  5621
                               2554  2539
    2649   3   1   1   0   1   3537  3568  3566  3326  7419  7324  7314  6559
                               7325  7315
    2650   3   1   1   0   1   3303  3103  3099  3304  4441  3654  4449  4450
                               4729  4446
 
    ELEM MAT TYP REL ESY SEC        NODES
 
    2651   3   1   1   0   1   2918   947   945  2185  2875   946  2874  6582
                               2171  2172
    2652   3   1   1   0   1   3100  3222  3216  3223  4043  6908  6820  4046
                               4048  6822
    2653   3   1   1   0   1   3422  3429  3428  3221  4985  4984  4983  5326
                               6790  6157
    2654   3   1   1   0   1   3135  2982  3005  2981  7651  2592  5261  7195
                               2614  2591
    2655   3   1   1   0   1   3431  3471  3479  3354  6125  7698  6131  6123
                               6126  7794
    2656   3   1   1   0   1    806  3153  2489  2433  3792  3794  3796  2392
                               3781  3791
    2657   3   1   1   0   1   2978  2958  3091  2987  2683  5519  5523  2628
                               2655  5526
    2658   3   1   1   0   1   3368  3246  3364  3517  6509  4736  6508  7074
                               7642  7416
    2659   3   1   1   0   1   3170  2443  2460  2444  4310  2320  6176  6198
                               2340  2317
    2660   3   1   1   0   1   3370  3371  3438  2453  4756  5024  5023  5027
                               5026  6609
 
    ELEM MAT TYP REL ESY SEC        NODES
 
    2661   3   1   1   0   1   3334  3333  1927  1940  4615  6608  5808  6363
                               7470  1605
    2662   3   1   1   0   1   3371  3438  2453  3501  5024  6609  5026  5817
                               6607  5818
    2663   3   1   1   0   1   3328  1222  1214  1220  6600  1166  6338  6598
                               1162  1156
    2664   3   1   1   0   1   3496  2910  3433  2951  6257  6325  5719  5721
                               2769  5722
    2665   3   1   1   0   1   1212  1219  3310  3177  1154  4520  4528  6100
                               4522  4521
    2666   3   1   1   0   1   3438  3252  3516  3439  7226  7014  6525  6522
                               7016  6524
    2667   3   1   1   0   1   3415  3233  3351  3555  4937  4938  4936  7750
                               7752  7795
    2668   3   1   1   0   1   3231  3237  3232  3238  4086  5332  4072  4088
                               4087  5333
    2669   3   1   1   0   1   3432  2984  2985  3002  7548  2611  7380  5857
                               2585  2586
    2670   3   1   1   0   1   3321  2285  2297   653  7305  2207  7306  7796
                               2263  2209
 
    ELEM MAT TYP REL ESY SEC        NODES
 
    2671   3   1   1   0   1   3367  3370  1887  3371  4753  5815  7639  4754
                               4756  5822
    2672   3   1   1   0   1    824  1136   843  3410  1117  6244  3065  7615
                               7053  6943
    2673   3   1   1   0   1   3435  3432  3541  3477  6452  6772  6771  6768
                               7797  6783
    2674   3   1   1   0   1   3410   824  1137   822  7615  1114  7798  5498
                                823  1115
    2675   3   1   1   0   1   3447  1965  1970  1964  5135  1523  5144  7740
                               1455  1522
    2676   3   1   1   0   1   3137  3308  2183  3482  4477  5578  5577  7225
                               5582  7119
    2677   3   1   1   0   1   3356  3358  3362  3361  4712  7405  4719  4718
                               7404  4721
    2678   3   1   1   0   1   3126  1433  3289  3348  5093  5095  5091  6121
                               5685  5683
    2679   3   1   1   0   1   3300  1902   717  1903  4420  1796  4423  7493
                               1749  1793
    2680   3   1   1   0   1   3410  3544  3329  3413  6944  7799  5493  4928
                               7800  7440
 
    ELEM MAT TYP REL ESY SEC        NODES
 
    2681   3   1   1   0   1   3278  2965  2993  2964  5869  2644  6967  6050
                               2695  2643
    2682   3   1   1   0   1   3369  3367  3331  3365  4748  4743  7801  6377
                               5813  6368
    2683   3   1   1   0   1   3406  1221  2916  3019  5788  5787  4907  4896
                               5954  2526
    2684   3   1   1   0   1   1898  3329   841  3544  4851  7802  1804  6796
                               7799  6946
    2685   3   1   1   0   1   3165   930  2925  2924  6229  2860  6042  3844
                               2863  2801
    2686   3   1   1   0   1   3329   841  3544  3410  7802  6946  7799  5493
                               5497  6944
    2687   3   1   1   0   1   3410  3412   843  3544  4927  7522  6943  6944
                               7533  6945
    2688   3   1   1   0   1   3172  3015  3014  3016  5257  2548  3875  3860
                               2533  2534
    2689   3   1   1   0   1   3311  3410  3329  3413  5494  5493  4601  6515
                               4928  7440
    2690   3   1   1   0   1   3227  3224  3130  1450  4060  4056  5211  4064
                               4063  4134
 
    ELEM MAT TYP REL ESY SEC        NODES
 
    2691   3   1   1   0   1   3249  2463  2445  3253  4131  2323  4142  6236
                               4136  6237
    2692   3   1   1   0   1   3095  3189  3383  3187  3948  5562  5559  3917
                               5756  5561
    2693   3   1   1   0   1   3131  2981  2947  2948  7199  2670  7198  7476
                               2671  2710
    2694   3   1   1   0   1   3529  1147  1136  1146  6394  1078  7054  7023
                               1066  1081
    2695   3   1   1   0   1   3424  3511  3425  3563  6039  7803  4977  7307
                               7804  7604
    2696   3   1   1   0   1   3314  2964  2993  2992  6051  2643  7805  4517
                               2646  2604
    2697   3   1   1   0   1   3137  2488  2183   664  4487  7792  5577  4488
                               4489  2167
    2698   3   1   1   0   1   3293   776  3154  2939  4492  4495  4400  4403
                               2833  4404
    2699   3   1   1   0   1   3261  2292  2282  2278  6886  2235  4192  4191
                               2234  2247
    2700   3   1   1   0   1   3475  3432  3435  3477  5727  6452  6766  6449
                               7797  6768
 
    ELEM MAT TYP REL ESY SEC        NODES
 
    2701   3   1   1   0   1   3135  3004  3005  3016  6743  2558  5261  3864
                               2544  2545
    2702   3   1   1   0   1   3477  3001  3002  2973  5852  2492  5855  5535
                               2622  2621
    2703   3   1   1   0   1   3464  3225  3229  3345  5314  4068  7600  7373
                               7718  4673
    2704   3   1   1   0   1   3496  3433  3133  3348  5719  6701  6253  6448
                               7002  7239
    2705   3   1   1   0   1   3203  3447  3077  3202  6406  5208  3993  3994
                               5209  3990
    2706   3   1   1   0   1   3422  3221  3463  3429  5326  5325  5316  4985
                               6790  5309
    2707   3   1   1   0   1   3103  3304  3217  3105  4729  7806  4034  3660
                               7154  4033
    2708   3   1   1   0   1   3200  2458  2455  2460  6177  2303  4244  6172
                               2344  2345
    2709   3   1   1   0   1   3103  3428  3217  3304  6789  7793  4034  4729
                               7807  7806
    2710   3   1   1   0   1   3278  3314  2964  2993  6048  6051  6050  6967
                               7805  2643
 
    ELEM MAT TYP REL ESY SEC        NODES
 
    2711   3   1   1   0   1   3250  2963  2926  2964  4126  2743  6227  6049
                               2696  2740
    2712   3   1   1   0   1   3512  3438  2459  3252  7005  6610  6066  7070
                               7226  7069
    2713   3   1   1   0   1   3164   934  2444   932  3841  2405  3842  6647
                                933  2404
    2714   3   1   1   0   1   3215  3217  3548  3105  6907  7463  7275  4028
                               4033  7459
    2715   3   1   1   0   1   2911  3133  2952  2953  6381  7247  2767  2764
                               7249  2705
    2716   3   1   1   0   1   3313  2992  2997  2991  4516  2575  7526  7152
                               2605  2574
    2717   3   1   1   0   1   3319  3571  3220  3218  7808  7458  7713  7705
                               7809  4038
    2718   3   1   1   0   1   2946  3210  2947  3453  7181  7183  2711  6422
                               5215  7193
    2719   3   1   1   0   1   3266  3104  3267  3279  6212  6210  4212  4438
                               4456  4437
    2720   3   1   1   0   1   3079  3081  3083  3077  3590  3594  3593  3579
                               3989  3992
 
    ELEM MAT TYP REL ESY SEC        NODES
 
    2721   3   1   1   0   1   3078  3146  1946  1914  5202  5200  5201  7010
                               5786  1629
    2722   3   1   1   0   1   3469  2968  2967  2996  7197  2689  7282  5379
                               2635  2636
    2723   3   1   1   0   1   3113  1143  1138  1144  6650  1087  7704  7050
                               1069  1048
    2724   3   1   1   0   1   3265  3459  3342  3264  6725  5285  4647  4208
                               7688  5013
    2725   3   1   1   0   1   3377   900   902  2934  4780   901  4781  7810
                               2842  2843
    2726   3   1   1   0   1   3099  3105  3212  3244  3659  5961  4018  4448
                               6903  6195
    2727   3   1   1   0   1   3436  1970  3146  1969  5142  5199  5021  6740
                               1519  5010
    2728   3   1   1   0   1   3344  3471  3122  3307  5391  5393  4663  5394
                               6842  4474
    2729   3   1   1   0   1   3356  2944  3360   766  7620  7811  4716  7812
                               2823  7148
    2730   3   1   1   0   1   3569  2974  2975  2943  7357  2677  7356  7813
                               2715  2714
 
    ELEM MAT TYP REL ESY SEC        NODES
 
    2731   3   1   1   0   1   3289  3205  1447  1446  4368  6463  5686  4366
                               4369  1365
    2732   3   1   1   0   1   3263  3306  3343  3340  4459  5203  4649  4641
                               5206  4651
    2733   3   1   1   0   1   3258  2185  2192  2191  6581  2124  6580  5895
                               2148  2147
    2734   3   1   1   0   1   3300  3394  3391  3395  4827  4826  4828  4833
                               7410  4831
    2735   3   1   1   0   1   3350  3205  1448  1447  7814  5754  6467  7703
                               6463  1362
    2736   3   1   1   0   1   1977  3437  1962  3459  5018  6733  1526  7692
                               6738  6737
    2737   3   1   1   0   1   3288  3147  3078  3082  4343  7011  5158  4340
                               4344  5469
    2738   3   1   1   0   1   3525  2290  2293  2294  7815  2219  7816  7817
                               2220  2215
    2739   3   1   1   0   1   3133  1029  1031  1434  3722  1030  6258  3719
                               1415  1416
    2740   3   1   1   0   1   3283  2922  2959  2921  6798  2751  5532  5529
                               2804  2750
 
    ELEM MAT TYP REL ESY SEC        NODES
 
    2741   3   1   1   0   1   3103  3304  3519  3428  4729  6208  6207  6789
                               7807  7818
    2742   3   1   1   0   1   3213  3212  3439  3518  4019  5962  5964  7280
                               7048  7190
    2743   3   1   1   0   1   3245  3517  1953  1974  6182  6184  6183  6188
                               7467  1540
    2744   3   1   1   0   1   2919   943  2185   945  2872  2170  6583  2873
                                944  2172
    2745   3   1   1   0   1   3080  3343  3447  3436  5136  5205  5131  5138
                               5137  5195
    2746   3   1   1   0   1   3325  3488  3568  2116  6683  7791  7418  4636
                               6684  7624
    2747   3   1   1   0   1   3165  2963  2962  2925  6043  2697  6225  6042
                               2742  2745
    2748   3   1   1   0   1   3162  2455  2458  2448  3838  2303  6178  3836
                               2360  2349
    2749   3   1   1   0   1   3220  3506  3533  3521  6533  7686  6501  7066
                               6503  7466
    2750   3   1   1   0   1   3109  1952  1951  1972  7106  1571  7513  7764
                               1543  1544
 
    ELEM MAT TYP REL ESY SEC        NODES
 
    2751   3   1   1   0   1   3250  2926  2927  2964  6227  2799  6052  6049
                               2740  2741
    2752   3   1   1   0   1   3109  1973  1972  1981  4444  1517  7764  6673
                               1502  1503
    2753   3   1   1   0   1   3165  2924  2925  2962  3844  2801  6042  6225
                               2744  2745
    2754   3   1   1   0   1   3281  3115  3119  1923  4434  6271  6180  7112
                               7110  7113
    2755   3   1   1   0   1   3557  1923  1924  1884  7109  1662  7076  7769
                               1713  1712
    2756   3   1   1   0   1   3482  2917   947   949  7122  2876  7121  7120
                               2877   948
    2757   3   1   1   0   1   3160  3116  3212  3244  3820  4120  4119  4107
                               4106  6195
    2758   3   1   1   0   1   3137   764   636  2281  4480  2473  5440  4486
                               4484  2248
    2759   3   1   1   0   1   3381  3358  3418  3417  7287  5344  4949  4945
                               7288  4948
    2760   3   1   1   0   1   3137  2945  3308  3482  4479  4478  4477  7225
                               5773  5582
 
    ELEM MAT TYP REL ESY SEC        NODES
 
    2761   3   1   1   0   1   3121  1922  1951  1952  6457  1616  6007  7687
                               1615  1571
    2762   3   1   1   0   1   3161  2450  2437  2438  3824  2379  6458  7819
                               2380  2388
    2763   3   1   1   0   1   3482  2945  2957  2917  5773  2712  5897  7122
                               2780  2757
    2764   3   1   1   0   1   2488  2183   664    36  7792  2167  4489  2469
                               2130   663
    2765   3   1   1   0   1   3557  3161  3115  3545  7649  6461  7080  7647
                               7516  7577
    2766   3   1   1   0   1   3185  2977  2965  2956  5884  2642  5868  5867
                               2657  2694
    2767   3   1   1   0   1   3245  1974  3364  1954  6188  7746  7160  7415
                               1539  6922
    2768   3   1   1   0   1   3227  1450  3112  3228  4064  5223  5222  4061
                               4065  6353
    2769   3   1   1   0   1   1430  1436  1002  3445  1375  1410  1412  6110
                               7430  7431
    2770   3   1   1   0   1   2193  2192    92  1435  2131  2132  2138  4161
                               6700  1389
 
    ELEM MAT TYP REL ESY SEC        NODES
 
    2771   3   1   1   0   1   3300  3389  3572  3395  4834  7508  7491  4833
                               4832  7820
    2772   3   1   1   0   1   3443  3110  3111  3398  5104  3667  5108  5127
                               4847  6114
    2773   3   1   1   0   1   3444  3144  3228  3445  6888  6554  6111  5118
                               6033  6555
    2774   3   1   1   0   1   3133  2952  2910  2911  7247  2766  6256  6381
                               2767  2813
    2775   3   1   1   0   1   3171  3016  3017  3012  3861  2531  3867  3872
                               2538  2530
    2776   3   1   1   0   1   3400   845  3561  1896  7157  7156  7155  7529
                               1808  7530
    2777   3   1   1   0   1   3250  2445   926  2926  4143  2400  6053  6227
                               6228  2859
    2778   3   1   1   0   1   3396  3268  3397  3398  5407  4854  4841  4846
                               5408  4849
    2779   3   1   1   0   1   3396  3397  3400  1135  4841  4858  5410  5415
                               5424  5416
    2780   3   1   1   0   1   3503  2977  2993  2965  5876  2629  6966  6968
                               2642  2644
 
    ELEM MAT TYP REL ESY SEC        NODES
 
    2781   3   1   1   0   1   3256  3020  2193  2919  4156  4160  4159  5886
                               2504  5887
    2782   3   1   1   0   1   3250  2926   926  2927  6227  2859  6053  6052
                               2799  2856
    2783   3   1   1   0   1   3534  3181  3450  1300  6528  5169  6623  6626
                               7211  6627
    2784   3   1   1   0   1   2445  2925   928  2926  4144  2861  2401  6228
                               2800  2858
    2785   3   1   1   0   1   3250  2963  2925  2926  4126  2742  4123  6227
                               2743  2800
    2786   3   1   1   0   1   3506  3449  3505  3553  5846  5843  5847  6977
                               6978  7821
    2787   3   1   1   0   1    894  3178  3023  2937  3884  7822  2511  2836
                               5881  2503
    2788   3   1   1   0   1   3178  2915  2914  2955  6964  2810  7612  6969
                               2760  2761
    2789   3   1   1   0   1   3503  2970  2936  3504  6975  2725  5832  5835
                               7595  5836
    2790   3   1   1   0   1   3406  3185  2956  2915  7065  5867  5949  4902
                               6965  2759
 
    ELEM MAT TYP REL ESY SEC        NODES
 
    2791   3   1   1   0   1   3178  2914  3023  2937  7612  2510  7822  5881
                               2788  2503
    2792   3   1   1   0   1   3020  2919   943  2193  2504  2872  2523  4160
                               5887  2139
    2793   3   1   1   0   1   3183  3179  3534  3535  3899  6527  6526  6530
                               6619  6618
    2794   3   1   1   0   1   3572  3395  3509  3531  7820  7342  7509  7625
                               7673  6444
    2795   3   1   1   0   1   3509  3530  3572  3531  6441  7507  7509  6444
                               6443  7625
    2796   3   1   1   0   1   3292  2984  2950  2951  4971  2664  4970  5720
                               2665  2707
    2797   3   1   1   0   1   3437  1935  3530  3539  6719  6736  6735  6718
                               6717  7626
    2798   3   1   1   0   1   3341  3186  3509  3193  6432  5985  6442  6425
                               3940  7717
    2799   3   1   1   0   1   3125  3141  3152  3140  3771  3776  4193  4354
                               3742  5778
    2800   3   1   1   0   1   3446  3445  1870  1002  5122  7596  6108  7432
                               7431  1859
 
    ELEM MAT TYP REL ESY SEC        NODES
 
    2801   3   1   1   0   1   3292  3496  2951  3442  5718  5721  5720  7242
                               6260  6259
    2802   3   1   1   0   1   3140  1437  1445  1436  5466  1370  5796  5793
                               1383  1369
    2803   3   1   1   0   1   1873  1437  1874  1914  7452  5463  1777  1732
                               5462  1731
    2804   3   1   1   0   1   3133  1433  3496  3348  7244  6264  6253  7239
                               5685  6448
    2805   3   1   1   0   1   3083  3205  1446  1442  4003  4369  4470  5186
                               6464  1368
    2806   3   1   1   0   1   1043  1429  2904  1431  1424  6421  2903  1423
                               1380  6424
    2807   3   1   1   0   1   3149  1967  1968  1944  7170  1521  7693  3769
                               1556  1555
    2808   3   1   1   0   1   3528  3491  1305   790  7823  7824  7220  7218
                               7265  1288
    2809   3   1   1   0   1   3474  3497  3138  3475  5860  5863  5432  6450
                               5726  6130
    2810   3   1   1   0   1   3342  3345  3464  3229  7369  7373  7372  6891
                               4673  7600
 
    ELEM MAT TYP REL ESY SEC        NODES
 
    2811   3   1   1   0   1   3215  3220  3571  3533  6500  7458  7464  6497
                               6501  7825
    2812   3   1   1   0   1   3307  3531  3472  3473  7644  7738  5395  5398
                               7645  5399
    2813   3   1   1   0   1   3440  2931  2932   906  6327  2794  5044  5049
                               2848  2847
    2814   3   1   1   0   1   1970  3146  3078  3436  5199  5202  5141  5142
                               5021  5139
    2815   3   1   1   0   1   3528  1305  3450  3524  7220  6919  7215  7213
                               7221  7212
    2816   3   1   1   0   1   3451  2936   898  2935  7566  2839  7559  7826
                               2790  2840
    2817   3   1   1   0   1   3319  3476  3316  3427  7767  6479  4563  7827
                               5486  7828
    2818   3   1   1   0   1   3254  2456  2463  2462  7045  2327  4138  7043
                               2329  2326
    2819   3   1   1   0   1   3331  1960  1932  1961  7829  1597  4604  6374
                               1563  1594
    2820   3   1   1   0   1   3553  2998  2969  2997  7830  2632  7831  7832
                               2600  2633
 
    ELEM MAT TYP REL ESY SEC        NODES
 
    2821   3   1   1   0   1   3312  3327  3512  3180  4593  6139  6092  6090
                               6095  6091
    2822   3   1   1   0   1   3515  3476  3319  3218  6389  7767  6102  6706
                               5488  7705
    2823   3   1   1   0   1   3498  2944  2979  2945  5767  2675  5771  5764
                               2781  2496
    2824   3   1   1   0   1   3308  3466  3361  3362  5587  5740  5769  5444
                               7177  4721
    2825   3   1   1   0   1   3482  2185  2183   947  7694  2158  7119  7121
                               2171  2173
    2826   3   1   1   0   1   3299  2099   815  2100  7367  2097  5066  4546
                               2067  2096
    2827   3   1   1   0   1   3482  2957  2918  2917  5897  2756  6577  7122
                               2757  2808
    2828   3   1   1   0   1   3297  3097  3454  3284  4501  5358  5235  5362
                               5630  5361
    2829   3   1   1   0   1   3437  3531  3340  3539  6439  6437  6440  6718
                               7448  6732
    2830   3   1   1   0   1   3137   664   666  2281  4488   665  5455  4486
                               2271  2270
 
    ELEM MAT TYP REL ESY SEC        NODES
 
    2831   3   1   1   0   1   3509  3391  3388  3194  6633  4812  6675  5986
                               6614  6613
    2832   3   1   1   0   1   3241  1444  3238  3350  7450  7540  4099  6468
                               7539  7536
    2833   3   1   1   0   1   3394  3194  3509  3255  6632  5986  6634  7695
                               7724  7340
    2834   3   1   1   0   1   3482  2918  2185   947  6577  6582  7694  7121
                               2875  2171
    2835   3   1   1   0   1   3426  3427  3218  3549  4979  5487  5490  6937
                               6913  7591
    2836   3   1   1   0   1   3098  2941  2972  2973  5712  2719  7778  5542
                               2718  2679
    2837   3   1   1   0   1   3288  3152  3289  3081  4350  4349  4348  4364
                               4370  4475
    2838   3   1   1   0   1   3549  3426  3536  3218  6937  7756  7482  7591
                               5490  6538
    2839   3   1   1   0   1   3423  3562  3476  3490  7755  7833  6475  7607
                               7834  7758
    2840   3   1   1   0   1   3528  3562  3476  3450  7835  7833  6391  7215
                               7836  7837
 
    ELEM MAT TYP REL ESY SEC        NODES
 
    2841   3   1   1   0   1   3476  3529  3490  3491  7766  7186  7758  7765
                               7184  5636
    2842   3   1   1   0   1   3360   766  2944   764  7148  2823  7811  7138
                                765  2822
    2843   3   1   1   0   1   2290  3526   770  2289  7838  7617  7839  2238
                               7020  7840
    2844   3   1   1   0   1   3524  3181  1300  3450  7209  7211  7210  7212
                               5169  6627
    2845   3   1   1   0   1   3528  3491  3476  3562  7823  7765  6391  7835
                               7841  7833
    2846   3   1   1   0   1   3569  2943  2975  2944  7813  2714  7356  7618
                               2782  2713
    2847   3   1   1   0   1   3476  3411  3316  3529  7388  7842  6479  7766
                               6395  7843
    2848   3   1   1   0   1   3449  3182  3218  3450  5172  6834  5842  5163
                               5168  6540
    2849   3   1   1   0   1   3480   770  3526  2289  7009  7617  7017  7019
                               7840  7020
    2850   3   1   1   0   1   3326  2116  3568  2111  4637  7624  7325  7844
                               2042  7623
 
    ELEM MAT TYP REL ESY SEC        NODES
 
    2851   3   1   1   0   1   3095  3500  3098  2973  5804  5803  3945  5536
                               6861  5542
    2852   3   1   1   0   1   3357   768   770  2942  7135   769  7845  7846
                               2826  2827
    2853   3   1   1   0   1   2928   924  2927  2446  2854  2857  2798  4274
                               2398  4277
    2854   3   1   1   0   1   3278  2927  2965  2964  4276  2738  5869  6050
                               2741  2695
    2855   3   1   1   0   1   3405  2994  2966  3414  5273  2639  7072  4932
                               6308  6309
    2856   3   1   1   0   1   3178  3185  2955  2937  3906  6970  6969  5881
                               5880  2724
    2857   3   1   1   0   1    926  2927   924  2446  2856  2857   925  2399
                               4277  2398
    2858   3   1   1   0   1   3528  3476  3218  3450  6391  5488  7387  7215
                               7837  6540
    2859   3   1   1   0   1   3450  3562  3536  3559  7836  7161  6541  7847
                               7165  7164
    2860   3   1   1   0   1   3269  3399  3519  3318  7393  6217  7848  7392
                               7391  7114
 
    ELEM MAT TYP REL ESY SEC        NODES
 
    2861   3   1   1   0   1   3450  3562  1313  1305  7836  7256  6624  6919
                               7257  1256
    2862   3   1   1   0   1   3450  1313  3562  3559  6624  7256  7836  7847
                               7849  7165
    2863   3   1   1   0   1   3534  1313  3379  1311  6625  7568  7567  7563
                               1243  7850
    2864   3   1   1   0   1   3485  2108   709   692  7851  7852  6689  7853
                               2079  2003
    2865   3   1   1   0   1     94    92  2192  1435    93  2132  2145  1388
                               1389  6700
    2866   3   1   1   0   1   3339  2108   709  3485  4633  7852  6685  6688
                               7851  6689
    2867   3   1   1   0   1   3496  1033  2910  2909  6254  2890  6257  6261
                               2893  2814
    2868   3   1   1   0   1   3485  1906  3484   711  7656  7621  5591  7657
                               1787  7854
    2869   3   1   1   0   1   3485  3554  3484  1906  7735  7855  5591  7656
                               7473  7621
    2870   3   1   1   0   1   3256  3258  2193  1435  4172  5885  4159  4158
                               4174  4161
 
    ELEM MAT TYP REL ESY SEC        NODES
 
    2871   3   1   1   0   1   3450  1313  3559  3379  6624  7849  7847  5825
                               7568  7856
    2872   3   1   1   0   1   3562  1304  3559  1313  7255  7401  7165  7256
                               1251  7849
    2873   3   1   1   0   1   3523  1147  3529  1140  6280  6394  6393  7097
                               1073  7024
    2874   3   1   1   0   1   3319  3547  3516  3571  7857  6896  7858  7808
                               7859  7456
    2875   3   1   1   0   1   1435  1027  2912  1029  1414  2887  4168  1327
                               1028  2886
    2876   3   1   1   0   1   3523  3528   790  3491  6390  7218  7217  7264
                               7823  7265
    2877   3   1   1   0   1   1136  3412  3529  3400  7524  7860  7054  7523
                               7521  7861
    2878   3   1   1   0   1   3136  3229  3345  3264  4661  4673  4672  4676
                               4220  7643
    2879   3   1   1   0   1   3561  3544  1897   843  7531  6795  7862  7159
                               6945  1806
    2880   3   1   1   0   1   3268  3561  1931  1896  7527  7863  7103  7528
                               7530  1692
 
    ELEM MAT TYP REL ESY SEC        NODES
 
    2881   3   1   1   0   1   3561  3318  3269  3330  7395  7392  7396  7864
                               7865  7866
    2882   3   1   1   0   1   3513  3398  3465  3268  6080  6081  6083  6073
                               5408  6069
    2883   3   1   1   0   1    671   896  1301   894  3034  7867  1274  3035
                                895  7868
    2884   3   1   1   0   1   3268  3561  3399  3269  7527  7394  4853  4217
                               7396  7393
    2885   3   1   1   0   1   3267  1930  3268  3269  5993  6076  4213  4216
                               6724  4217
    2886   3   1   1   0   1    902  1310   677   900  4784  1279  3040   901
                               4782  3041
    2887   3   1   1   0   1   3277  1429    48  1443  4269  1395  7789  5226
                               1374  1384
    2888   3   1   1   0   1   3552  3567  3566  3508  7869  7321  7870  7871
                               7872  7344
    2889   3   1   1   0   1   1211  3049     7     6  7873  3032  1209  1164
                               3030  1151
    2890   3   1   1   0   1   3524  1215  1148  1317  7208  3957  6384  7251
                               7874  7252
 
    ELEM MAT TYP REL ESY SEC        NODES
 
    2891   3   1   1   0   1   3549  3505  3218  3380  7063  5844  7591  7483
                               7875  6537
    2892   3   1   1   0   1   1431  1429  3453  3227  1380  6419  5228  5227
                               6349  5213
    2893   3   1   1   0   1   3422  3532  3409  3402  6472  7570  5320  5327
                               6939  6158
    2894   3   1   1   0   1   3465  3430  3399  3397  6164  6165  6068  7313
                               7355  4855
    2895   3   1   1   0   1   3228  3464  3398  3465  5315  6056  6112  7026
                               5307  6081
    2896   3   1   1   0   1   3377  2934  2933  3373  7810  2792  4771  4770
                               7277  4773
    2897   3   1   1   0   1   3401  3211  3225  3134  6311  4053  5651  4886
                               4017  7194
    2898   3   1   1   0   1   3277  3558  1443  1318  7105  7700  5226  5607
                               7201  7204
    2899   3   1   1   0   1   3226  3409  3225  3230  5506  5650  4050  6031
                               7876  5303
    2900   3   1   1   0   1   1307  3440   908  3441  5050  7262  4259  5064
                               5063  5057
 
    ELEM MAT TYP REL ESY SEC        NODES
 
    2901   3   1   1   0   1   3463  3409  3230  3225  5322  7876  5300  5302
                               5650  5303
    2902   3   1   1   0   1   3290  3511  3275  3441  6038  6266  4360  5507
                               6270  6268
    2903   3   1   1   0   1   3266  3269  3268  3399  4215  4217  4214  6070
                               7393  4853
    2904   3   1   1   0   1   3290  3424  3409  3230  5500  5321  5504  5501
                               5324  7876
    2905   3   1   1   0   1   3424  3425  3511  3374  4977  7803  6039  7606
                               7602  6025
    2906   3   1   1   0   1   3573  3570  3494  3495  7556  7558  7542  7877
                               7878  5671
    2907   3   1   1   0   1   3573  3494  3556  3235  7542  7546  7545  7879
                               7880  7881
    2908   3   1   1   0   1   3531  3486  3556  3573  7882  7547  7883  7884
                               7544  7545
    2909   3   1   1   0   1   3499  1976  1967  1958  5779  1515  5781  6753
                               1531  1535
    2910   3   1   1   0   1   3573  3306  3207  3556  7885  7886  7887  7545
                               7888  7889
 
    ELEM MAT TYP REL ESY SEC        NODES
 
    2911   3   1   1   0   1   3085   910  2930   908  3602  2851  4262  4258
                                909  2850
    2912   3   1   1   0   1   3481  3357  3564  3526  7890  7891  7892  7616
                               7893  7894
    2913   3   1   1   0   1   3480  3526  3481  3192  7017  7616  5573  5575
                               7361  5576
    2914   3   1   1   0   1    853  1150  1132   834  7638  1054  5130  3074
                               1055  1124
    2915   3   1   1   0   1   3481  2942  2974  3357  7895  2716  7896  7890
                               7846  7897
    2916   3   1   1   0   1   3098  3481  2941  2973  5574  7365  5712  5542
                               7898  2718
    2917   3   1   1   0   1   1043  1041  1431  2905  1042  1422  1423  2900
                               2901  6415
    2918   3   1   1   0   1   3098  3500  3192  3481  5803  5805  3934  5574
                               7899  5576
    2919   3   1   1   0   1   3400  1146  1136  1135  6782  1081  7523  5416
                               1080  1095
    2920   3   1   1   0   1   3439  2457  2452  2453  7900  2350  7192  7228
                               2351  2352
 
    ELEM MAT TYP REL ESY SEC        NODES
 
    2921   3   1   1   0   1   1147  3311  1137  1131  6397  6331  1079  1071
                               4510  1086
    2922   3   1   1   0   1   3310  3199  3515  1215  4508  6284  6141  4525
                               3960  6142
    2923   3   1   1   0   1   2976  3492  3414  2994  6318  5644  6310  2640
                               7126  6308
    2924   3   1   1   0   1   3098  3481  3480  2941  5574  5573  5567  5712
                               7365  5713
    2925   3   1   1   0   1   3573  3487  3539  3531  7901  7902  7903  7884
                               7904  7448
    2926   3   1   1   0   1   3539  3531  3487  3572  7448  7904  7902  7627
                               7625  7905
    2927   3   1   1   0   1   3554  3385  1938  1907  7737  5647  6991  7474
                               4793  1677
    2928   3   1   1   0   1   3570  3485  3494  3554  7906  7739  7558  7907
                               7735  7908
    2929   3   1   1   0   1   3554  3385  3570  3203  7737  7689  7907  7909
                               7444  7690
    2930   3   1   1   0   1   3554  1966  3570  1937  6989  7435  7907  6990
                               1581  7773
 
    ELEM MAT TYP REL ESY SEC        NODES
 
    2931   3   1   1   0   1   3554  3484  1906  1937  7855  7621  7473  6990
                               7497  1679
    2932   3   1   1   0   1   3560  3526  3357   768  7910  7893  7144  7145
                               7911  7135
    2933   3   1   1   0   1   3476  3536  3450  3562  7912  6541  7837  7833
                               7161  7836
    2934   3   1   1   0   1   3314  2998  2992  2993  6974  2573  4517  7805
                               2599  2604
    2935   3   1   1   0   1   3112  3110  3455  3228  3669  5421  6348  6353
                               6345  6346
    2936   3   1   1   0   1   3360  3560   640  2291  7141  7147  7149  5461
                               7628  2251
    2937   3   1   1   0   1   3560  3417  3526  3525  7913  6292  7910  7914
                               6289  6293
    2938   3   1   1   0   1   3558  1138  1149   796  7702  1058  7701  7203
                               1111  1060
    2939   3   1   1   0   1   1302  1314  3511  1303  1254  6269  6274  1268
                               1255  7169
    2940   3   1   1   0   1   3422  3423  3425  3532  4972  4976  4975  6472
                               6932  6935
 
    ELEM MAT TYP REL ESY SEC        NODES
 
    2941   3   1   1   0   1   3558  1318  1149  1443  7201  7206  7701  7700
                               7204  7205
    2942   3   1   1   0   1   3085  2930   910  3024  4262  2851  3602  4263
                               2505  2508
    2943   3   1   1   0   1   3110  3398  3228  3111  4847  6112  6345  3667
                               6114  6116
    2944   3   1   1   0   1   3560  3525  2290  2293  7914  7815  7729  7629
                               7816  2219
    2945   3   1   1   0   1   3487  3486  3570  3484  7915  7557  7916  7917
                               5594  7918
    2946   3   1   1   0   1   3487  3539  3572  1936  7902  7627  7905  7498
                               7480  7584
    2947   3   1   1   0   1   1430  1142    89    87  7660  1103  1397  1396
                               1102    88
    2948   3   1   1   0   1   3483  1904  3572   715  5599  7583  7919  7552
                               1791  7494
    2949   3   1   1   0   1   3396  1145  1135  1134  4838  1083  5415  5417
                               1082  1096
    2950   3   1   1   0   1   3110  3113  1144  3111  3670  7050  7920  3667
                               3671  7031
 
    ELEM MAT TYP REL ESY SEC        NODES
 
    2951   3   1   1   0   1   3110  1133  1144  1145  5103  1085  7920  4839
                               1049  1068
    2952   3   1   1   0   1   3486  3556  3494  3337  7547  7546  7543  7921
                               7744  7423
    2953   3   1   1   0   1   3486  3485  3494  3570  5595  7739  7543  7557
                               7906  7558
    2954   3   1   1   0   1   3483  3485  3484   711  5592  5591  5590  5615
                               7657  7854
    2955   3   1   1   0   1   3483  3488  2107  3489  5604  7922  5612  5616
                               5618  7635
    2956   3   1   1   0   1   1212    12  1013  1987  1208  1014  1207  6101
                               1472  1470
    2957   3   1   1   0   1   3535   673   898   896  7230  3036  7560  7923
                               3037   897
    2958   3   1   1   0   1   3336  3486  3337  3488  7924  7921  4628  6698
                               5605  7421
    2959   3   1   1   0   1   3485  3484  3570  3486  5591  7918  7906  5595
                               5594  7557
    2960   3   1   1   0   1   2973  2942  2974  3481  2717  2716  2678  7898
                               7895  7896
 
    ELEM MAT TYP REL ESY SEC        NODES
 
    2961   3   1   1   0   1   3481  3357   770  2942  7890  7845  7366  7895
                               7846  2827
    2962   3   1   1   0   1   3443  1870  1986  1893  6107  1473  7658  7012
                               1454  1466
    2963   3   1   1   0   1   3504  2969  2970  2935  7593  2687  7595  7784
                               2727  2726
    2964   3   1   1   0   1   3357   768  3526   770  7135  7911  7893  7845
                                769  7617
    2965   3   1   1   0   1   3177  1987  1212  1013  6099  6101  6100  6337
                               1470  1207
    2966   3   1   1   0   1   3356  3357  3564  3358  4710  7891  7553  4712
                               4711  7290
    2967   3   1   1   0   1   3357  3543  3569  2974  7711  7925  7503  7897
                               7926  7357
    2968   3   1   1   0   1   3357  3569  2943  2974  7503  7813  7137  7897
                               7357  2715
    2969   3   1   1   0   1    788    44  1317  1148   787  1237  1236  1063
                               1065  7252
    2970   3   1   1   0   1   3085   683  1307  1306  4257  1285  4256  4272
                               1286  1265
 
    ELEM MAT TYP REL ESY SEC        NODES
 
    2971   3   1   1   0   1   3357  3543  3481  3564  7711  7927  7890  7891
                               7771  7892
    2972   3   1   1   0   1   3357  3543  3359  3569  7711  7710  4714  7503
                               7925  7504
    2973   3   1   1   0   1   3543  3002  3477  3541  7928  5855  6780  7929
                               7720  6783
    2974   3   1   1   0   1   1215   915  1131   913  1193  1126  3956  1194
                                914  1127
    2975   3   1   1   0   1   3543  3002  2973  3477  7928  2621  7930  6780
                               5855  5535
    2976   3   1   1   0   1   1211  3049   894     7  7873  3031  3887  1209
                               3032   893
    2977   3   1   1   0   1   3543  3477  2973  3500  6780  5535  7930  7931
                               6860  6861
    2978   3   1   1   0   1   3372  1961  1933  1956  6373  1595  6372  4760
                               1562  1592
    2979   3   1   1   0   1   3562  3491  3490  3563  7841  5636  7834  7399
                               7932  7308
    2980   3   1   1   0   1     44   913  1215  1148   912  1194  1192  1065
                               1064  3957
 
    ELEM MAT TYP REL ESY SEC        NODES
 
    2981   3   1   1   0   1   3543  3359  3352  3542  7710  7933  6781  6779
                               7934  6778
    2982   3   1   1   0   1   3543  3541  3477  3352  7929  6783  6780  6781
                               6784  6769
    2983   3   1   1   0   1   1301  3049   894  1211  7935  3031  7868  7153
                               7873  3887
    2984   3   1   1   0   1   3356  3362  3358  3560  4719  7405  4712  7140
                               7142  7555
    2985   3   1   1   0   1   3356  2944  2943  3569  7620  2782  7136  7502
                               7618  7813
    2986   3   1   1   0   1   3361  3359  3434  2944  5149  5151  5148  5766
                               7619  7936
    2987   3   1   1   0   1   3327  3516  3180  3319  6138  6137  6095  6103
                               7858  6104
    2988   3   1   1   0   1   3356  3361  3359  3358  4718  5149  4713  4712
                               7404  4715
    2989   3   1   1   0   1   3560  3417  3358  3564  7913  7288  7555  7554
                               7291  7290
    2990   3   1   1   0   1   3543  3358  3359  3542  7712  4715  7710  6779
                               7770  7934
 
    ELEM MAT TYP REL ESY SEC        NODES
 
    2991   3   1   1   0   1   3520  3506  3314  3521  6486  7937  6219  6221
                               6503  6222
    2992   3   1   1   0   1   3520  3546  3314  3506  7670  6833  6219  6486
                               7781  7937
    2993   3   1   1   0   1   3520  3296  3506  3272  7675  7783  6486  6489
                               7938  6490
    2994   3   1   1   0   1   3178  2914  2937  2955  7612  2788  5881  6969
                               2761  2724
    2995   3   1   1   0   1   3520  3274  3271  3272  6495  4235  7678  6489
                               4236  4230
    2996   3   1   1   0   1   3451   898   900  2935  7559   899  7562  7826
                               2840  2841
    2997   3   1   1   0   1   3425  3559  1315  3378  7163  7094  7605  7601
                               7091  7095
    2998   3   1   1   0   1   1315  3425  3511  3563  7605  7803  7168  7272
                               7604  7804
    2999   3   1   1   0   1   3082  1438  1446  1437  3612  1367  4347  4341
                               1381  1364
    3000   3   1   1   0   1   3179  2936  2937   896  5874  2789  5883  7939
                               2838  2837
 
    ELEM MAT TYP REL ESY SEC        NODES
 
    3001   3   1   1   0   1   3559  3379  1313  1310  7856  7568  7849  7093
                               7940  1244
    3002   3   1   1   0   1   1300  1216   803   801  6630  1189  1298  1299
                               1190   802
    3003   3   1   1   0   1   3379  1310  1311  1313  7940  1261  7850  7568
                               1244  1243
    3004   3   1   1   0   1   3275  1312  3277  1316  4255  5606  4359  4253
                               1241  6276
    3005   3   1   1   0   1   3294   900  2934  2935  7941  2842  4388  7780
                               2841  2791
    3006   3   1   1   0   1   3559  3563  1315  1304  7400  7272  7094  7401
                               7273  1253
    3007   3   1   1   0   1   3378  3374  3375  3373  4804  4764  6930  4805
                               4763  4765
    3008   3   1   1   0   1   3379   900   675  1310  7942  3038  7943  7940
                               4782  1278
    3009   3   1   1   0   1   3290  3414  3409  3374  5062  5505  5504  5072
                               5073  4911
    3010   3   1   1   0   1   3559  1315  1313  1304  7094  1239  7849  7401
                               1253  1251
 
    ELEM MAT TYP REL ESY SEC        NODES
 
    3011   3   1   1   0   1   1444  2192    94    96  6699  2145  1372  1346
                               2126    95
    3012   3   1   1   0   1   3273  3296  3272  3550  6847  7938  4234  7033
                               7944  7945
    3013   3   1   1   0   1   3404  3375  2967  3403  4909  4918  4914  4881
                               4921  4913
    3014   3   1   1   0   1   3404  3376  3414  2967  4919  5641  4931  4914
                               4920  4933
    3015   3   1   1   0   1   3132  3133  3349  3350  3718  7241  7245  7535
                               7237  4696
    3016   3   1   1   0   1   3132  1435  1029  1434  6579  1327  3721  3720
                               1376  1415
    3017   3   1   1   0   1   3377  3451  3379   900  7732  6529  4776  4780
                               7562  7942
    3018   3   1   1   0   1   3258  2191  3482  2185  5895  5584  5896  6581
                               2148  7694
    3019   3   1   1   0   1   2933  2968  3376  3373  2730  7946  4772  4773
                               7276  4766
    3020   3   1   1   0   1   3377  3376   904  3374  4769  5042  7947  4803
                               4767  7948
 
    ELEM MAT TYP REL ESY SEC        NODES
 
    3021   3   1   1   0   1   3440   904  3376  3374  5043  5042  5041  5070
                               7948  4767
    3022   3   1   1   0   1   3224  3144  3225  3229  6032  7573  4049  4067
                               6248  4068
    3023   3   1   1   0   1   3160  3244  3246  3245  4107  4732  4113  4108
                               4110  4733
    3024   3   1   1   0   1   3323   655  3321  2112  7662  7661  4589  4591
                               2070  4592
    3025   3   1   1   0   1   3131  2982  2948  2949  7270  2668  7476  7549
                               2669  2709
    3026   3   1   1   0   1   3149  1979  1968  1967  6729  1507  7693  7170
                               1508  1521
    3027   3   1   1   0   1   3131  2981  2948  2982  7199  2671  7476  7270
                               2614  2668
    3028   3   1   1   0   1   3442  2908  2950  2949  5086  2770  6704  6703
                               2773  2708
    3029   3   1   1   0   1   3257  2954  2979  2953  4154  2659  5770  6378
                               2704  2658
    3030   3   1   1   0   1   3134  3225  3345  3229  7194  7718  4674  4660
                               4068  4673
 
    ELEM MAT TYP REL ESY SEC        NODES
 
    3031   3   1   1   0   1   3212  3244  3105  3439  6195  6903  5961  5962
                               6511  5963
    3032   3   1   1   0   1   3248  3161  2438  2450  7786  7819  7631  5194
                               3824  2380
    3033   3   1   1   0   1   3432  3007  2984  3002  5859  2588  7548  5857
                               2559  2585
    3034   3   1   1   0   1   3387  1963  1934  1962  7479  1588  6999  6994
                               1560  1589
    3035   3   1   1   0   1   3139  2982  2983  3006  5435  2613  6201  5436
                               2589  2590
    3036   3   1   1   0   1   3249  3253  3251  2463  6236  4137  4130  4131
                               4136  4127
    3037   3   1   1   0   1   3518  2463  3251  3254  6491  4127  6192  7949
                               4138  4140
    3038   3   1   1   0   1   3077  3204  1917  1949  3996  5182  3588  6399
                               5931  1623
    3039   3   1   1   0   1   3086   992  1439  1438  7364  1403  3623  3610
                               1406  1382
    3040   3   1   1   0   1   1436  1437  1000  1872  1383  1326  1411  5795
                               5800  1856
 
    ELEM MAT TYP REL ESY SEC        NODES
 
    3041   3   1   1   0   1   3254  2456  3518  2463  7045  6433  7949  4138
                               2327  6491
    3042   3   1   1   0   1   3201  3282  3197  3174  6149  5628  3974  4224
                               6744  4226
    3043   3   1   1   0   1   2462  3253  3159  3169  6653  6199  6585  6586
                               6588  6584
    3044   3   1   1   0   1   3303  3245  3363  3364  4730  6786  6204  4734
                               7160  4722
    3045   3   1   1   0   1   3548  3571  3547  3217  7457  7859  6893  7463
                               7465  7462
    3046   3   1   1   0   1   3247  3246  3368  3248  4114  6509  5040  4118
                               4117  6513
    3047   3   1   1   0   1   3111  1150  1132   853  7659  1054  5116  5109
                               7638  5130
    3048   3   1   1   0   1     87  1443  3113    85  1333  6341  6651    86
                               1387  6649
    3049   3   1   1   0   1   3370  3369  3247  3439  4762  5039  5035  5036
                               7730  5037
    3050   3   1   1   0   1   3224  3227  3211  3226  4060  6247  4052  4051
                               6034  4054
 
    ELEM MAT TYP REL ESY SEC        NODES
 
    3051   3   1   1   0   1   3557  3545  1923  1884  7647  7576  7109  7769
                               7580  1713
    3052   3   1   1   0   1   3397  3455  1139  1145  5423  5236  6361  4842
                               5237  1076
    3053   3   1   1   0   1   3557  3248  3161  2438  7788  7786  7649  7082
                               7631  7819
    3054   3   1   1   0   1   3518  3213  3548  3439  7280  7279  7274  7190
                               5964  6898
    3055   3   1   1   0   1   3160  3212  3518  3439  4119  7048  7047  6510
                               5962  7190
    3056   3   1   1   0   1   1303  3491   792  1304  5640  5637  1293  1267
                               7950  1290
    3057   3   1   1   0   1   3304  3366  3547  3217  6792  6892  7951  7806
                               7461  7462
    3058   3   1   1   0   1     10  1150  1430  3075  1057  7654  1330  3056
                               7052  7655
    3059   3   1   1   0   1   3160  3248  3247  3439  4116  4118  4115  6510
                               5038  5037
    3060   3   1   1   0   1   3557  3368  3246  3248  7075  6509  7641  7788
                               6513  4117
 
    ELEM MAT TYP REL ESY SEC        NODES
 
    3061   3   1   1   0   1   2456  3248  3159  3518  5193  7787  7044  6433
                               7191  7049
    3062   3   1   1   0   1    839   841  3176   822   840  5495  4502  3062
                               3063  5496
    3063   3   1   1   0   1   3199  3515  1215  1148  6284  6142  3960  3958
                               6385  3957
    3064   3   1   1   0   1   1215  3181  3524  3515  6710  7209  7208  6142
                               6708  6286
    3065   3   1   1   0   1   3523  3411  3476  3529  6279  7388  6388  6393
                               6395  7766
    3066   3   1   1   0   1   3410  3412  3411  3529  4927  4926  4925  7055
                               7860  6395
    3067   3   1   1   0   1   3410  3311  1137  1147  5494  6331  7798  7056
                               6397  1079
    3068   3   1   1   0   1   3311  3411  1147  3410  6396  6282  6397  5494
                               4925  7056
    3069   3   1   1   0   1   3330  1931  1932  1960  7952  1651  4605  7953
                               1596  1597
    3070   3   1   1   0   1   3204  3421  3419  1918  5932  4962  5936  5188
                               5748  7317
 
    ELEM MAT TYP REL ESY SEC        NODES
 
    3071   3   1   1   0   1   3202  3204  3083  3077  3995  5178  3991  3990
                               3996  3992
    3072   3   1   1   0   1   3202  3306  3307  3207  4458  4462  4461  4004
                               7886  5156
    3073   3   1   1   0   1   3317  3423  3316  3430  7954  6477  4560  7955
                               6160  6478
    3074   3   1   1   0   1   3317  3519  3428  3430  7956  7818  7957  7955
                               7958  4987
    3075   3   1   1   0   1   3317  3304  3519  3318  7959  6208  7956  4561
                               7115  7114
    3076   3   1   1   0   1   3427  3423  3316  3317  4982  6477  7828  7960
                               7954  4560
    3077   3   1   1   0   1   3389  1935  1962  1934  7762  1590  6998  7000
                               1644  1589
    3078   3   1   1   0   1   3082  1875  1874  1915  3613  1776  5465  5470
                               1729  1730
    3079   3   1   1   0   1   3318  3319  3413  3316  4565  6514  7706  4562
                               4563  7709
    3080   3   1   1   0   1   3387  1963  1962  1978  7479  1560  6994  6987
                               1524  1525
 
    ELEM MAT TYP REL ESY SEC        NODES
 
    3081   3   1   1   0   1   3318  3365  3413  3319  7961  6518  7706  4565
                               7962  6514
    3082   3   1   1   0   1   3505  3218  3380  3449  5844  6537  7875  5843
                               5842  5160
    3083   3   1   1   0   1   3180  3220  3184  3218  6980  4039  6979  6707
                               4038  4035
    3084   3   1   1   0   1   3389  3395  3509  3572  4832  7342  6678  7508
                               7820  7509
    3085   3   1   1   0   1   3407  3521  3220  3252  6571  7066  6984  7068
                               7963  6504
    3086   3   1   1   0   1   3459  1977  1978  1962  7692  1509  6995  6737
                               1526  1525
    3087   3   1   1   0   1   3459  1979  1980  1978  6726  1493  7512  6995
                               1496  1498
    3088   3   1   1   0   1   3512  3220  3516  3252  6982  7454  6140  7070
                               6504  7014
    3089   3   1   1   0   1   3499  3342  3459  3458  6746  5285  6745  6760
                               5284  5277
    3090   3   1   1   0   1   3319  3365  3413  3516  7962  6518  6514  7858
                               6517  6519
 
    ELEM MAT TYP REL ESY SEC        NODES
 
    3091   3   1   1   0   1   3334  3439  3516  3369  6521  6524  6523  6376
                               7730  7964
    3092   3   1   1   0   1   3146  1945  1968  1969  5784  1554  5009  5010
                               1553  1520
    3093   3   1   1   0   1   3319  3316  3476  3411  4563  6479  7767  7768
                               7842  7388
    3094   3   1   1   0   1   3146  1945  1946  1914  5784  1576  5200  5786
                               1630  1629
    3095   3   1   1   0   1   3289  3205  3348  1447  4368  5684  5683  5686
                               6463  5687
    3096   3   1   1   0   1   3363  1960  1974  1959  7965  1530  6947  7537
                               1564  1529
    3097   3   1   1   0   1   3319  3571  3516  3220  7808  7456  7858  7713
                               7458  7454
    3098   3   1   1   0   1   3515  3312  3327  3311  6097  4593  6098  6143
                               4609  6145
    3099   3   1   1   0   1   3281  1973  1953  1952  4443  1541  6190  7107
                               1542  1570
    3100   3   1   1   0   1   3197  2988  2989  3009  5623  2608  3964  5621
                               2580  2581
 
    ELEM MAT TYP REL ESY SEC        NODES
 
    3101   3   1   1   0   1   3572  1903   715  1904  7492  1794  7494  7583
                               1748  1791
    3102   3   1   1   0   1    644  3480  3150  3478  7007  5572  7775  7021
                               5571  5570
    3103   3   1   1   0   1   3458  3464  3345  3104  6761  7373  7371  6054
                               6209  4865
    3104   3   1   1   0   1   3319  3218  3427  3571  7705  5487  7827  7808
                               7809  7966
    3105   3   1   1   0   1   3220  3506  3218  3533  6533  5845  4038  6501
                               7686  7590
    3106   3   1   1   0   1   3341  3437  3340  3436  6438  6440  4645  7374
                               5020  5210
    3107   3   1   1   0   1   1895  3444  3398  1894  6869  5128  4848  1757
                               5126  5129
    3108   3   1   1   0   1   3437  1962  1935  1977  6733  1590  6719  5018
                               1526  1457
    3109   3   1   1   0   1   3220  3218  3571  3533  4038  7809  7458  6501
                               7590  7825
    3110   3   1   1   0   1   1881  2434   979   977  4195  2425  1838  1837
                               2426   978
 
    ELEM MAT TYP REL ESY SEC        NODES
 
    3111   3   1   1   0   1   1884   973   971  2437  1832   972  1831  7967
                               2419  2420
    3112   3   1   1   0   1   3213  3212  3518  3254  4019  7048  7280  5966
                               5965  7949
    3113   3   1   1   0   1   3245  3517  1974  1954  6182  7467  6188  7415
                               7166  1539
    3114   3   1   1   0   1   3112  3445  3228  1450  6343  6555  6353  5223
                               5218  4065
    3115   3   1   1   0   1    713  1905  3483  1904  1789  5598  5613  1792
                               1747  5599
    3116   3   1   1   0   1   3396  3268  1895   847  5407  5409  4845  5412
                               7968  1810
    3117   3   1   1   0   1   3345  3342  3458  3305  7369  5284  7371  5292
                               5283  5280
    3118   3   1   1   0   1   3545  2437   973  1884  7514  2419  7578  7580
                               7967  1832
    3119   3   1   1   0   1   3279  3303  3245  3267  4435  4730  4282  4437
                               4436  6787
    3120   3   1   1   0   1   3460  1981  3514  3109  6670  6741  6078  5289
                               6673  6672
 
    ELEM MAT TYP REL ESY SEC        NODES
 
    3121   3   1   1   0   1   3266  3519  3363  3269  6206  7116  6205  4215
                               7848  6214
    3122   3   1   1   0   1   3557   971  1884  1885  7083  1831  7769  7079
                               1830  1767
    3123   3   1   1   0   1   3269  1960  3363  1959  7472  7965  6214  6722
                               1564  7537
    3124   3   1   1   0   1   3469  3296  3550  3505  6848  7944  7481  7969
                               7970  7062
    3125   3   1   1   0   1   3180  3516  3512  3220  6137  6140  6091  6980
                               7454  6982
    3126   3   1   1   0   1   3469  3294  3373  2968  7971  7972  7477  7197
                               4389  7276
    3127   3   1   1   0   1   3469  2997  3553  2969  6850  7832  7973  7196
                               2633  7831
    3128   3   1   1   0   1   3370  3368  1926  1886  4761  7471  7640  7731
                               5995  1708
    3129   3   1   1   0   1   3370  3439  3248  2452  5036  5038  5030  5033
                               7192  5034
    3130   3   1   1   0   1   3371  3333  3334  3438  6606  4615  4755  5024
                               6136  5025
 
    ELEM MAT TYP REL ESY SEC        NODES
 
    3131   3   1   1   0   1   2967  3376  2968  3469  4920  7946  2689  7282
                               7478  7197
    3132   3   1   1   0   1   3180  1219  1215  1217  6093  1178  6711  3892
                               1159  1157
    3133   3   1   1   0   1   3562  3528  1305  3450  7835  7220  7257  7836
                               7215  6919
    3134   3   1   1   0   1   3445  1436  1445  1450  7430  1369  7571  5218
                               1349  1344
    3135   3   1   1   0   1   3469  3295  3296  2996  6846  4391  6848  5379
                               4390  4392
    3136   3   1   1   0   1   3483  3489  3487  3486  5616  7974  5601  5593
                               5617  7915
    3137   3   1   1   0   1   3147  3140  3446  1872  5775  5790  7588  5799
                               5792  5791
    3138   3   1   1   0   1   3224  3227  3226  3230  4060  6034  4051  4070
                               4069  6031
    3139   3   1   1   0   1   3483  3487  1905  3484  5601  5600  5598  5590
                               7917  7496
    3140   3   1   1   0   1   3554  3570  1966  3203  7907  7435  6989  7909
                               7690  6405
 
    ELEM MAT TYP REL ESY SEC        NODES
 
    3141   3   1   1   0   1   3147  1913  1872  1912  7188  1734  5799  5797
                               1672  1735
    3142   3   1   1   0   1   3446  1871  1912  1872  7520  1736  7171  5791
                               1779  1735
    3143   3   1   1   0   1   3270  3013  3010  2996  7101  2550  5371  5378
                               2568  2493
    3144   3   1   1   0   1   3487  1905  3484  1936  5600  7496  7917  7498
                               1681  7495
    3145   3   1   1   0   1   3484  3539  1936  1937  7975  7480  7495  7497
                               7550  1641
    3146   3   1   1   0   1   3400   845  1896   847  7157  1808  7529  5411
                                846  1807
    3147   3   1   1   0   1   3487  3539  3484  3570  7902  7975  7917  7916
                               7484  7918
    3148   3   1   1   0   1    849  1133   830   851  5420  1123  3071   850
                               5106  3072
    3149   3   1   1   0   1   3397  1145  1146  1135  4842  1067  6362  5424
                               1083  1080
    3150   3   1   1   0   1   3485  3554  3385  3494  7735  7737  7736  7739
                               7908  7763
 
    ELEM MAT TYP REL ESY SEC        NODES
 
    3151   3   1   1   0   1   3400  3399  3561  3412  4856  7394  7155  7521
                               7352  7532
    3152   3   1   1   0   1   3502  3142  3144  3444  6871  3750  6758  6058
                               6118  6888
    3153   3   1   1   0   1   3268   847  1896  1895  7968  1807  7528  5409
                               1810  1756
    3154   3   1   1   0   1    828   830   849  1134   829  3071  3070  1121
                               1120  3574
    3155   3   1   1   0   1   3086   990  1439   992  4899  1404  3623  7364
                                991  1403
    3156   3   1   1   0   1   3268  3397  3465  3399  4854  7313  6069  4853
                               4855  6068
    3157   3   1   1   0   1   3268  1931  3561  3269  7103  7863  7527  4217
                               6723  7396
    3158   3   1   1   0   1   3152  3122  3125  3289  4211  3696  4193  4349
                               4476  4352
    3159   3   1   1   0   1   3400  3397  3399  3412  4858  4855  4856  7521
                               7353  7352
    3160   3   1   1   0   1   3420  1876  1917  1877  5183  1726  5180  7976
                               1774  1725
 
    ELEM MAT TYP REL ESY SEC        NODES
 
    3161   3   1   1   0   1   3399  3412  3430  3316  7352  7354  6165  7708
                               7977  6478
    3162   3   1   1   0   1   3462  3514  1976  1975  6079  6923  6867  6941
                               6322  1513
    3163   3   1   1   0   1   3561  3399  3544  3412  7394  7761  7531  7532
                               7352  7533
    3164   3   1   1   0   1   3266  3399  3519  3269  6070  6217  6206  4215
                               7393  7848
    3165   3   1   1   0   1   3451  3294  2935   900  5840  7780  7826  7562
                               7941  2841
    3166   3   1   1   0   1   3449  3380  3553  3294  5160  7978  6978  5838
                               5841  7979
    3167   3   1   1   0   1   3376  2933  2967  2968  4772  2731  4920  7946
                               2730  2689
    3168   3   1   1   0   1    675  3535   900  3379  7569  7561  3038  7943
                               6531  7942
    3169   3   1   1   0   1   3535  3179  1301   896  6619  6622  6621  7923
                               7939  7867
    3170   3   1   1   0   1    896  1301   894  3179  7867  7868   895  7939
                               6622  3883
 
    ELEM MAT TYP REL ESY SEC        NODES
 
    3171   3   1   1   0   1   3183  3449  3450  3182  5159  5163  5162  3900
                               5172  5168
    3172   3   1   1   0   1   3108  3162  3393  3388  4287  6179  6020  6016
                               6000  4819
    3173   3   1   1   0   1   3300   717   715  1903  4423   716  7490  7493
                               1793  1794
    3174   3   1   1   0   1   1901  3302   719   721  4543  4559  1798  1797
                               4540   720
    3175   3   1   1   0   1   3451  3504  2936  2935  5837  5836  7566  7826
                               7784  2790
    3176   3   1   1   0   1   3539  3531  3447  3573  7448  7447  7446  7903
                               7884  7980
    3177   3   1   1   0   1   3394  3302  3301  3300  4830  7414  6635  4827
                               4432  4428
    3178   3   1   1   0   1   3487  3486  3489  3531  7915  5617  7974  7904
                               7882  7674
    3179   3   1   1   0   1   3371  2441   965  1888  5819  2411  5821  5823
                               4859  1824
    3180   3   1   1   0   1   3459  3264  3265  3437  7688  4208  6725  6738
                               6730  5014
 
    ELEM MAT TYP REL ESY SEC        NODES
 
    3181   3   1   1   0   1   3539  3530  3437  3531  7626  6735  6718  7448
                               6443  6439
    3182   3   1   1   0   1   3265  1968  1977  1969  5012  1506  5017  5011
                               1520  1510
    3183   3   1   1   0   1   3148  3146  3436  3078  3756  5021  5008  4657
                               5202  5139
    3184   3   1   1   0   1   3078  1915  3082  1914  5467  5470  5469  7010
                               1670  5464
    3185   3   1   1   0   1   3077  3083  1917  3204  3992  5181  3588  3996
                               5178  5182
    3186   3   1   1   0   1   3340  3539  3447  1964  6732  7446  5207  6731
                               6716  7740
    3187   3   1   1   0   1   3531  3473  3306  3556  7645  7646  6840  7883
                               7039  7888
    3188   3   1   1   0   1   3147  3288  3078  3148  4343  5158  7011  3755
                               4469  4657
    3189   3   1   1   0   1   3340  3306  3447  3531  5206  5204  5207  6437
                               6840  7447
    3190   3   1   1   0   1   3319  3316  3317  3427  4563  4560  4564  7827
                               7828  7960
 
    ELEM MAT TYP REL ESY SEC        NODES
 
    3191   3   1   1   0   1   2945  3361   764  3308  5765  7139  2821  4478
                               5769  4481
    3192   3   1   1   0   1   3401  3405  3404  3414  4880  4879  4878  5652
                               4932  4931
    3193   3   1   1   0   1   3426  3427  3549  3223  4979  6913  6937  6473
                               6906  6911
    3194   3   1   1   0   1   3195  2988  3009  3008  5625  2580  5626  6660
                               2583  2555
    3195   3   1   1   0   1   3429  3103  3519  3428  6161  6207  6216  4984
                               6789  7818
    3196   3   1   1   0   1   3219  3506  3521  3314  6534  6503  7067  6565
                               7937  6222
    3197   3   1   1   0   1   3422  3430  3429  3465  4986  4988  4985  5318
                               6164  5306
    3198   3   1   1   0   1   3423  3428  3317  3427  7304  7957  7954  4982
                               7759  7960
    3199   3   1   1   0   1   3269  3330  1960  1931  7866  7953  7472  6723
                               7952  1596
    3200   3   1   1   0   1   3330  3318  3363  3365  7865  7117  7981  7982
                               7961  4724
 
    ELEM MAT TYP REL ESY SEC        NODES
 
    3201   3   1   1   0   1   3330  3544  3329  3332  7983  7799  7984  4606
                               7985  6371
    3202   3   1   1   0   1   3330  3544  3561  3318  7983  7531  7864  7865
                               7760  7395
    3203   3   1   1   0   1   3269  3363  3318  3519  6214  7117  7392  7848
                               7116  7114
    3204   3   1   1   0   1   1308   679   904  1309  1282  3044  6232  1263
                               1281  4798
    3205   3   1   1   0   1   3377  3451   900  3294  7732  7562  4780  7986
                               5840  7941
    3206   3   1   1   0   1   3335  2102   783  2101  4640  2091  7223  6693
                               2066  2094
    3207   3   1   1   0   1   3285  2194  2184  2189  4315  2133  4329  4328
                               2127  2123
    3208   3   1   1   0   1   3077  1948  1949  1917  3585  1573  6399  3588
                               1624  1623
    3209   3   1   1   0   1   3309  2281  2280  2291  4483  2245  5457  5448
                               2236  2233
    3210   3   1   1   0   1   3531  3447  3573  3306  7447  7980  7884  6840
                               5204  7885
 
    ELEM MAT TYP REL ESY SEC        NODES
 
    3211   3   1   1   0   1   3326  2116  2111  2112  4637  2042  7844  4584
                               2041  2057
    3212   3   1   1   0   1   3110  1133  3111  1144  5103  5114  3667  7920
                               1085  7031
    3213   3   1   1   0   1   3174  3012  3013  2995  3870  2551  7281  7098
                               2570  2569
    3214   3   1   1   0   1   3202  3209  3203  3447  4007  6402  3994  5209
                               7987  6406
    3215   3   1   1   0   1   1309   904  3440  3374  4798  5043  5071  5068
                               7948  5070
    3216   3   1   1   0   1   3366  3369  3364  3365  7988  7650  4739  6793
                               6377  4723
    3217   3   1   1   0   1   3114  2449  2455  2448  7035  2361  3837  3831
                               2362  2360
    3218   3   1   1   0   1   3100  3104  3101  3221  3656  4452  3648  4041
                               4871  4042
    3219   3   1   1   0   1   3304  3318  3365  3363  7115  7961  4727  4725
                               7117  4724
    3220   3   1   1   0   1   3325  2108  2116  2102  4634  2047  4636  4587
                               2052  2040
 
    ELEM MAT TYP REL ESY SEC        NODES
 
    3221   3   1   1   0   1   3366  3547  3365  3304  6892  7989  6793  6792
                               7951  4727
    3222   3   1   1   0   1   3324  2112  2117  2102  4580  2022  6956  4586
                               2016  2033
    3223   3   1   1   0   1   3100  3217  3428  3223  4032  7793  6785  4046
                               6819  6156
    3224   3   1   1   0   1   3322  2187  2190  2186  6827  2142  5548  4571
                               2155  2125
    3225   3   1   1   0   1   3212  3254  3159  3518  5965  7042  4121  7048
                               7949  7049
    3226   3   1   1   0   1   3327  3334  3438  3516  4616  5025  6135  6138
                               6523  6525
    3227   3   1   1   0   1   3316  3413  3411  3319  7709  4929  7842  4563
                               6514  7768
    3228   3   1   1   0   1   3188  3186  3509  3382  3944  5985  5984  5806
                               5388  7442
    3229   3   1   1   0   1   3158  2110  2109   659  7597  2059  3808  6797
                               2074  2075
    3230   3   1   1   0   1   3328  1869  1214  1222  6899  4199  6338  6600
                               4319  1166
 
    ELEM MAT TYP REL ESY SEC        NODES
 
    3231   3   1   1   0   1   3175  3372  1899  1940  6087  6086  4610  7422
                               4758  1649
    3232   3   1   1   0   1   3175  3333  3334  1940  4612  4615  4614  7422
                               7470  6363
    3233   3   1   1   0   1   3156   661  2282  2109  3813  2268  3812  3807
                               2076  4141
    3234   3   1   1   0   1   3280  3387  3107  1971  6014  6018  4283  6009
                               6012  6010
    3235   3   1   1   0   1   3372  3365  3329  3331  5812  6367  6088  6369
                               6368  7990
    3236   3   1   1   0   1   3389  1934  1902  1903  7000  1684  7499  7500
                               1685  1749
    3237   3   1   1   0   1   3572  1935  1903  1904  7582  1682  7492  7583
                               1683  1748
    3238   3   1   1   0   1   3188  3508  3255  3214  5982  7991  7723  5978
                               7716  7719
    3239   3   1   1   0   1   3330  3332  3329  3331  4606  6371  7984  4603
                               4607  7990
    3240   3   1   1   0   1   3298   700  2103  2104  4416  2090  4413  7328
                               2087  2065
 
    ELEM MAT TYP REL ESY SEC        NODES
 
    3241   3   1   1   0   1   3329  1933  3332  1898  4850  5230  6371  4851
                               1688  5229
    3242   3   1   1   0   1   3188  3454  3214  3260  6545  6546  5978  6551
                               5357  5244
    3243   3   1   1   0   1   3481   770  3357  3526  7366  7845  7890  7616
                               7617  7893
    3244   3   1   1   0   1   3150  2940  2939  3088  5708  2786  4409  5525
                               5565  4405
    3245   3   1   1   0   1   3087  3098  3192  3478  3645  3934  3936  5556
                               5553  7992
    3246   3   1   1   0   1   3098  3481  2973  3500  5574  7898  5542  5803
                               7899  6861
    3247   3   1   1   0   1   3483   711  3484  1905  5615  7854  5590  5598
                               1790  7496
    3248   3   1   1   0   1   2182    40    42  2014  2129  1988  2181  7409
                               1996  1997
    3249   3   1   1   0   1   3384  3385  3495  3494  4794  7993  5669  5666
                               7763  5671
    3250   3   1   1   0   1    692  2107   711  3485  2082  5614  2004  7853
                               7994  7657
 
    ELEM MAT TYP REL ESY SEC        NODES
 
    3251   3   1   1   0   1   3573  3556  3531  3306  7545  7883  7884  7885
                               7888  6840
    3252   3   1   1   0   1   3395  3487  3531  3572  7995  7904  7673  7820
                               7905  7625
    3253   3   1   1   0   1   3414  2967  2932  2966  4933  2732  5642  6309
                               2690  2733
    3254   3   1   1   0   1   3339   707   690  2101  6692  2001  6691  6694
                               5734  2077
    3255   3   1   1   0   1   3273  3550  3469  3296  7033  7481  5373  6847
                               7944  6848
    3256   3   1   1   0   1   3339  2101  2108  2102  6694  2060  4633  4635
                               2066  2052
    3257   3   1   1   0   1    785  2101  2182   783  2093  7222  2168   784
                               2094  2169
    3258   3   1   1   0   1   3573  3306  3447  3209  7885  5204  7980  7996
                               7997  7987
    3259   3   1   1   0   1   3573  3570  3495  3209  7556  7878  7877  7996
                               7691  7772
    3260   3   1   1   0   1   3494  3235  3495  3337  7880  7425  5671  7423
                               7998  5675
 
    ELEM MAT TYP REL ESY SEC        NODES
 
    3261   3   1   1   0   1   3285    98  2194  2189  4335  2135  4315  4328
                               2128  2127
    3262   3   1   1   0   1   3494  3556  3235  3337  7546  7881  7880  7423
                               7744  7998
    3263   3   1   1   0   1   3535   896   898  2936  7923   897  7560  7564
                               2838  2839
    3264   3   1   1   0   1   3558  1318   796  1149  7201  1231  7203  7701
                               7206  1060
    3265   3   1   1   0   1   2194   952    14  1982  2134   951  2136  4317
                               1491  1492
    3266   3   1   1   0   1   3535   898   675   900  7560  3039  7569  7561
                                899  3038
    3267   3   1   1   0   1   3377  3379  1310   900  4776  7940  4783  4780
                               7942  4782
    3268   3   1   1   0   1   3535  3379   675  1311  6531  7943  7569  7229
                               7850  1277
    3269   3   1   1   0   1   3218  3536  3476  3426  6538  7912  5488  5490
                               7756  5489
    3270   3   1   1   0   1   3324  2102  2186  3335  4586  4625  4619  4617
                               4640  4618
 
    ELEM MAT TYP REL ESY SEC        NODES
 
    3271   3   1   1   0   1   2280  3308   666  2281  5456  5454  2273  2245
                               5453  2270
    3272   3   1   1   0   1   2957  3258  3256  3257  5893  4172  5892  5891
                               5170  4150
    3273   3   1   1   0   1   3379  3559  3378  1310  7856  7091  4775  7940
                               7093  7092
    3274   3   1   1   0   1   3450  3379  3559  3536  5825  7856  7847  6541
                               7741  7164
    3275   3   1   1   0   1   3498  3239  3258  3259  6879  5709  5759  5761
                               5710  4176
    3276   3   1   1   0   1   3377  3379  3378  1310  4776  4775  4774  4783
                               7940  7092
    3277   3   1   1   0   1   3379  3536  3380  3378  7741  6539  4779  4775
                               7999  4778
    3278   3   1   1   0   1   3438  3327  3512  3328  6135  6139  7005  6520
                               4597  6597
    3279   3   1   1   0   1   3223  3426  3427  3422  6473  4979  6906  6154
                               4978  4980
    3280   3   1   1   0   1   3308  2191  2187  2183  5581  2146  6864  5578
                               2121  2156
 
    ELEM MAT TYP REL ESY SEC        NODES
 
    3281   3   1   1   0   1   3190  3188  3191  3508  3926  3931  5977  5983
                               5982  6295
    3282   3   1   1   0   1   3532  3375  3378  3409  6925  6930  6929  7570
                               4912  7603
    3283   3   1   1   0   1   3440  3276  2931   908  5053  6328  6327  7262
                               4278  2849
    3284   3   1   1   0   1   3227  1429  3276  3277  6349  4265  6036  5224
                               4269  4268
    3285   3   1   1   0   1   3424  3511  3563  3291  6039  7804  7307  5502
                               6040  7310
    3286   3   1   1   0   1   3308   666  2183  2187  5454  2166  5578  6864
                               2161  2156
    3287   3   1   1   0   1   3425  3562  3563  3559  7162  7399  7604  7163
                               7165  7400
    3288   3   1   1   0   1   3482  2191  2183  2185  5584  2121  7119  7694
                               2148  2158
    3289   3   1   1   0   1   3425  3374  3378  3511  7602  4804  7601  7803
                               6025  8000
    3290   3   1   1   0   1   3530  1935  3572  3539  6736  7582  7507  7626
                               6717  7627
 
    ELEM MAT TYP REL ESY SEC        NODES
 
    3291   3   1   1   0   1   3573  3487  3531  3486  7901  7904  7884  7544
                               7915  7882
    3292   3   1   1   0   1   3481  2973  2942  2941  7898  2717  7895  7365
                               2718  2784
    3293   3   1   1   0   1   3415  3416  3470  3382  4939  7749  8001  7427
                               7337  5386
    3294   3   1   1   0   1   3560  2290   768   640  7729  8002  7145  7147
                               2252  2477
    3295   3   1   1   0   1   2291  3320  2293  2280  5449  5451  2218  2233
                               5458  2232
    3296   3   1   1   0   1   3286  3419  3285  1878  4953  4956  4323  4955
                               4952  7350
    3297   3   1   1   0   1   3359  3569  3003  2975  7504  7358  8003  8004
                               7356  2618
    3298   3   1   1   0   1   3171  3174  3401  3405  3873  4874  5269  5271
                               7100  4880
    3299   3   1   1   0   1   2974  3481  3543  2973  7896  7927  7926  2678
                               7898  7930
    3300   3   1   1   0   1   3172  3282  3094  3134  5252  5746  4668  4671
                               4885  4669
 
    ELEM MAT TYP REL ESY SEC        NODES
 
    3301   3   1   1   0   1   3260  3391  3394  3194  4822  4826  6642  6552
                               6614  6632
    3302   3   1   1   0   1   3188  3255  3509  3194  7723  7340  5984  3942
                               7724  5986
    3303   3   1   1   0   1   3189  3470  3382  3383  5387  5386  5383  5562
                               6242  4786
    3304   3   1   1   0   1   3509  3531  3489  3472  6444  7674  7460  7359
                               7738  7348
    3305   3   1   1   0   1   2293  3320  3362  3551  5451  5443  5452  7402
                               6953  8005
    3306   3   1   1   0   1   3472  3555  3473  3556  8006  7037  5399  7346
                               7040  7039
    3307   3   1   1   0   1   3481  3564  3192  3526  7892  7302  5576  7616
                               7894  7361
    3308   3   1   1   0   1   3478  3087  3191  3192  5556  3932  6302  7992
                               3936  5552
    3309   3   1   1   0   1    768  3526   770  2290  7911  7617   769  8002
                               7838  7839
    3310   3   1   1   0   1   3344  3470  3471  3473  5385  8007  5391  5397
                               6240  6844
 
    ELEM MAT TYP REL ESY SEC        NODES
 
    3311   3   1   1   0   1   3475  3479  3138  3477  6133  6132  6130  6449
                               6857  6451
    3312   3   1   1   0   1   3095  3477  3479  3500  5534  6857  5557  5804
                               6860  8008
    3313   3   1   1   0   1   2015    41  2119   702  1991  2028  8009  1990
                                703  2026
    3314   3   1   1   0   1   3432  3477  3002  3541  7797  5855  5857  6772
                               6783  7720
    3315   3   1   1   0   1   3540  3432  3003  3541  6770  7378  7377  6773
                               6772  7383
    3316   3   1   1   0   1   3360  2291   640   638  5461  2251  7149  5460
                               2250   639
    3317   3   1   1   0   1   3477  3479  3542  3352  6857  7684  6777  6769
                               6455  6778
    3318   3   1   1   0   1   3357  3543  3564  3358  7711  7771  7891  4711
                               7712  7290
    3319   3   1   1   0   1   3543  2974  3541  3569  7926  7721  7929  7925
                               7357  8010
    3320   3   1   1   0   1    650  3153  2286   648  3795  3786  2261   649
                               6887  2260
 
    ELEM MAT TYP REL ESY SEC        NODES
 
    3321   3   1   1   0   1   2974  3543  3002  2973  7926  7928  2620  2678
                               7930  2621
    3322   3   1   1   0   1   3477  3542  3479  3500  6777  7684  6857  6860
                               8011  8008
    3323   3   1   1   0   1   3476  3529  3430  3490  7766  8012  6476  7758
                               7186  7757
    3324   3   1   1   0   1   1146  3529  1140  3397  7023  7024  1074  6362
                               8013  7133
    3325   3   1   1   0   1   3411  3316  3529  3412  7842  7843  6395  4926
                               7977  7860
    3326   3   1   1   0   1    794  3455  1139  1303  7089  5236  1109  1292
                               8014  7278
    3327   3   1   1   0   1   3252  2446  2457  2459  6948  2342  7390  7069
                               2301  2346
    3328   3   1   1   0   1   3512  1218  2459  1220  6064  6067  6066  6595
                               1175  6590
    3329   3   1   1   0   1   3397  3400  1146  3529  4858  6782  6362  8013
                               7861  7023
    3330   3   1   1   0   1   3529  3400  1146  1136  7861  6782  7023  7054
                               7523  1081
 
    ELEM MAT TYP REL ESY SEC        NODES
 
    3331   3   1   1   0   1    772   644  3480  3150  2483  7007  7008  7363
                               7775  5572
    3332   3   1   1   0   1   3410  3529  1136  3412  7055  7054  7053  4927
                               7860  7524
    3333   3   1   1   0   1   3294  2969  3504  2935  4387  7593  5839  7780
                               2727  7784
    3334   3   1   1   0   1   2015  3299   721   702  4556  4411  1992  1990
                               4567  2013
    3335   3   1   1   0   1   3271  2991  2990  2962  5084  2606  6854  7587
                               2647  2650
    3336   3   1   1   0   1   3449  3504  3294  3553  5834  5839  5838  6978
                               7253  7979
    3337   3   1   1   0   1   3467  2958  2938  2920  5530  2723  6681  7286
                               2752  2490
    3338   3   1   1   0   1   3108  3193  3468  3345  6146  5744  5439  5294
                               5743  5438
    3339   3   1   1   0   1   3377  3294  3373  3380  7986  7972  4770  4777
                               5841  7058
    3340   3   1   1   0   1   3167  2962  2990  2961  6648  2650  5471  7518
                               2698  2649
 
    ELEM MAT TYP REL ESY SEC        NODES
 
    3341   3   1   1   0   1   3531  3472  3556  3489  7738  7346  7883  7674
                               7348  7347
    3342   3   1   1   0   1   3415  3381  3470  3565  4946  7292  8001  7295
                               7294  7438
    3343   3   1   1   0   1   3344  3471  3307  3473  5391  6842  5394  5397
                               6844  5398
    3344   3   1   1   0   1   3306  3556  3473  3207  7888  7039  7646  7886
                               7889  6837
    3345   3   1   1   0   1   2434  1880   979  2432  5904  1839  2425  2364
                               6817  2427
    3346   3   1   1   0   1   3392  1880  2434  2432  5898  5904  6818  6813
                               6817  2364
    3347   3   1   1   0   1   2432  2015  2119  3299  4557  8009  8015  4554
                               4556  4566
    3348   3   1   1   0   1   3467  2443   938  2433  5631  2407  7283  5516
                               2341  2408
    3349   3   1   1   0   1   3202  3447  3306  3209  5209  5204  4458  4007
                               7987  7997
    3350   3   1   1   0   1   3288  1446  3083  3205  4346  4470  4365  4367
                               4369  4003
 
    ELEM MAT TYP REL ESY SEC        NODES
 
    3351   3   1   1   0   1   3347  3206  3307  3207  4686  5155  6838  6835
                               4655  5156
    3352   3   1   1   0   1   3367  3370  3334  3369  4753  4752  4751  4748
                               4762  6376
    3353   3   1   1   0   1   3299  2119   817  2099  4566  2027  7728  7367
                               2024  2098
    3354   3   1   1   0   1   3531  3473  3556  3472  7645  7039  7883  7738
                               5399  7346
    3355   3   1   1   0   1   3573  3306  3209  3207  7885  7997  7996  7887
                               7886  4008
    3356   3   1   1   0   1   3473  3471  3555  3470  6844  8016  7037  6240
                               8007  8017
    3357   3   1   1   0   1   3299  2119   702  2015  4566  2026  4567  4556
                               8009  1990
    3358   3   1   1   0   1   2015    24  2432    41  1993  2430  4557  1991
                               1989  2311
    3359   3   1   1   0   1   3251  3216  3533  3215  5971  8018  6498  5970
                               4026  6497
    3360   3   1   1   0   1   3100  3105  3217  3216  3658  4033  4032  6820
                               4027  6821
 
    ELEM MAT TYP REL ESY SEC        NODES
 
    3361   3   1   1   0   1   3201  3102  3274  3167  4228  4241  4240  3975
                               6652  6646
    3362   3   1   1   0   1   3317  3217  3304  3547  8019  7806  7959  8020
                               7462  7951
    3363   3   1   1   0   1   3262  1882  3121  3120  5908  5919  5918  5905
                               5909  3692
    3364   3   1   1   0   1   3476  3529  3316  3430  7766  7843  6479  6476
                               8012  6478
    3365   3   1   1   0   1   3491  3563  1303  3490  7932  7271  5640  5636
                               7308  5639
    3366   3   1   1   0   1   3490  1140   792  3491  7132  1107  5638  5636
                               7185  5637
    3367   3   1   1   0   1   1139  3490  1140   792  7131  7132  1091  1108
                               5638  1107
    3368   3   1   1   0   1   3423  3422  3428  3427  4972  4983  7304  4982
                               4980  7759
    3369   3   1   1   0   1   3523  1141  3199  1147  6386  4799  6277  6280
                               1072  6281
    3370   3   1   1   0   1   3524  1305  1317   788  7221  1234  7251  7250
                               1289  1236
 
    ELEM MAT TYP REL ESY SEC        NODES
 
    3371   3   1   1   0   1   3557  3115  1923  3545  7080  7110  7109  7647
                               7577  7576
    3372   3   1   1   0   1   3092  3468  3173  3195  5693  5695  5267  5696
                               6542  5627
    3373   3   1   1   0   1   3087  3297  3089  3088  5232  5802  3616  3614
                               4398  3615
    3374   3   1   1   0   1   3093  3187  3136  3186  3916  4665  3911  3909
                               5390  3913
    3375   3   1   1   0   1   3557  3545  1884  2437  7647  7580  7769  7648
                               7514  7967
    3376   3   1   1   0   1   2015  2432    24   721  4557  2430  1993  1992
                               4555   722
    3377   3   1   1   0   1   3188  3191  3508  3214  3931  6295  5982  5978
                               5980  7716
    3378   3   1   1   0   1   3387  1963  3390  1934  7479  7293  4809  6999
                               1588  7001
    3379   3   1   1   0   1   3172  3005  3016  3135  5258  2545  3860  3863
                               5261  3864
    3380   3   1   1   0   1   3560  2290   640  2291  7729  2252  7147  7628
                               2237  2251
 
    ELEM MAT TYP REL ESY SEC        NODES
 
    3381   3   1   1   0   1   3200  2458  2460  2443  6177  2344  6172  6175
                               2319  2320
    3382   3   1   1   0   1   3167  2990  2989  2961  5471  2607  3967  7518
                               2649  2652
    3383   3   1   1   0   1   3096  2972  3000  3015  6859  2624  7266  6863
                               2494  2562
    3384   3   1   1   0   1   3463  3103  3464  3429  6788  6162  5308  5309
                               6161  5305
    3385   3   1   1   0   1   3505  3296  3272  3506  7970  7938  8021  5847
                               7783  6490
    3386   3   1   1   0   1   3283  2921  3467  2443  5529  5528  5513  4306
                               7284  5631
    3387   3   1   1   0   1   3164  2924  2961  2923  3843  2747  3846  7581
                               2802  2746
    3388   3   1   1   0   1   3279  3305  3109  3108  4454  5287  4290  4294
                               4455  3666
    3389   3   1   1   0   1   3467   938   940  2433  7283   939  7285  5516
                               2408  2428
    3390   3   1   1   0   1   3099  3245  3279  3303  4740  4282  6028  4449
                               4730  4435
 
    ELEM MAT TYP REL ESY SEC        NODES
 
    3391   3   1   1   0   1   1985  2432   721    24  6134  4555  1478  1480
                               2430   722
    3392   3   1   1   0   1   3293  2939  3088  3150  4403  4405  4399  4406
                               4409  5525
    3393   3   1   1   0   1   3154  2958  2978  2938  5517  2683  5522  5520
                               2723  2498
    3394   3   1   1   0   1   3107  1978  1980  1971  6988  1498  6060  6010
                               1512  1505
    3395   3   1   1   0   1    648  3153  2286  3293  6887  3786  2260  4491
                               4385  4386
    3396   3   1   1   0   1   3156  2282   661  2298  3812  2268  3813  3798
                               2203  2204
    3397   3   1   1   0   1   3154  3467  3283  2958  5351  5513  5356  5517
                               5530  5518
    3398   3   1   1   0   1   3186  3194  3509  3193  3943  5986  5985  3940
                               5976  7717
    3399   3   1   1   0   1   3344  3382  3470  3472  5382  5386  5385  5396
                               5400  6239
    3400   3   1   1   0   1   3454  3388  3194  3193  6481  6613  5975  5758
                               6641  5976
 
    ELEM MAT TYP REL ESY SEC        NODES
 
    3401   3   1   1   0   1   3527  2294  2292  2288  6874  2216  6877  6875
                               2222  2223
    3402   3   1   1   0   1     41  2015  2119  2432  1991  8009  2028  2311
                               4557  8015
    3403   3   1   1   0   1   3001  3457  3096  2973  5864  5544  6858  2622
                               5539  5543
    3404   3   1   1   0   1   3135  2980  2981  3004  7125  2615  7195  6743
                               2593  2594
    3405   3   1   1   0   1   3377  3378  1309  1310  4774  6775  6774  4783
                               7092  1262
    3406   3   1   1   0   1   3090  3093  3092  3094  3630  3921  3627  3632
                               3631  5249
    3407   3   1   1   0   1   3356  3564  3357  3560  7553  7891  4710  7140
                               7554  7144
    3408   3   1   1   0   1   3560  3357  3526  3564  7144  7893  7910  7554
                               7891  7894
    3409   3   1   1   0   1   3277  1316  1312    48  6276  1241  5606  7789
                               1227  1272
    3410   3   1   1   0   1   3089  3188  3194  3454  3927  3942  3941  5801
                               6545  5975
 
    ELEM MAT TYP REL ESY SEC        NODES
 
    3411   3   1   1   0   1   3192  3526  3417  3190  7361  6292  8022  6885
                               6294  6291
    3412   3   1   1   0   1   3192  3500  3383  3542  5805  8023  5564  7300
                               8011  7301
    3413   3   1   1   0   1   3481  3500  3192  3564  7899  5805  5576  7892
                               8024  7302
    3414   3   1   1   0   1   3350  3348  1447  1434  4695  5687  7703  7238
                               7240  1358
    3415   3   1   1   0   1   3171  3174  3018  3173  3873  3871  3874  3865
                               6658  5620
    3416   3   1   1   0   1   3339   690   709  2108  6691  2002  6685  4633
                               2080  7852
    3417   3   1   1   0   1   3171  3016  3012  3004  3861  2538  3872  6742
                               2544  2552
    3418   3   1   1   0   1   2986  3359  3003  2975  8025  8003  2595  2617
                               8004  2618
    3419   3   1   1   0   1   3241  1444  1448  1451  7450  1340  6466  4339
                               1341  1343
    3420   3   1   1   0   1   3285  3241  1451  2189  4324  4339  4331  4328
                               6824  4338
 
    ELEM MAT TYP REL ESY SEC        NODES
 
    3421   3   1   1   0   1   3231  3236  3234  3242  4084  4083  4078  4098
                               4102  5349
    3422   3   1   1   0   1   3540  3003  2985  2986  7377  2584  7379  7384
                               2595  2610
    3423   3   1   1   0   1   3436  1970  1969  1964  5142  1519  6740  5019
                               1522  1511
    3424   3   1   1   0   1   3487  3484  3539  1936  7917  7975  7902  7498
                               7495  7480
    3425   3   1   1   0   1   3324  3326  3325  3338  4583  4585  4582  6575
                               6558  4630
    3426   3   1   1   0   1   1939  3142  1943  3502  6873  6751  1604  6872
                               6871  6754
    3427   3   1   1   0   1   3129  1432  1449  1433  5080  1351  5101  5094
                               1378  1356
    3428   3   1   1   0   1   3356   640   768   766  7146  2477  7134  7812
                               2478   767
    3429   3   1   1   0   1   3573  3570  3487  3486  7556  7916  7901  7544
                               7557  7915
    3430   3   1   1   0   1   3560  3525  3551  3417  7914  7776  8026  7913
                               6289  7429
 
    ELEM MAT TYP REL ESY SEC        NODES
 
    3431   3   1   1   0   1   3362  3551  3560  2293  8005  8026  7142  5452
                               7402  7629
    3432   3   1   1   0   1   3497  2983  3007  3006  6202  2587  6454  5861
                               2590  2556
    3433   3   1   1   0   1   3323  3322  3324  3321  4574  4578  4577  4589
                               4573  4590
    3434   3   1   1   0   1   3459  1977  1979  1978  7692  1497  6726  6995
                               1509  1496
    3435   3   1   1   0   1   3308  3320  2280  2187  5442  5458  5456  6864
                               6866  7179
    3436   3   1   1   0   1   3147  1945  1914  1913  5783  1630  5785  7188
                               1631  1671
    3437   3   1   1   0   1   3274  3253  3102  3272  6494  5972  4241  4236
                               6493  6910
    3438   3   1   1   0   1   3191  2284  3508  2283  7360  8027  6295  6300
                               2243  7715
    3439   3   1   1   0   1   3423  3476  3427  3316  6475  5486  4982  6477
                               6479  7828
    3440   3   1   1   0   1   3015  3457  3096  3001  6862  5544  6863  2561
                               5864  6858
 
    ELEM MAT TYP REL ESY SEC        NODES
 
    3441   3   1   1   0   1   3474  3007  3002  3001  5858  2559  5854  5853
                               2560  2492
    3442   3   1   1   0   1   3474  3006  3007  3001  5428  2556  5858  5853
                               2546  2560
    3443   3   1   1   0   1   3317  3519  3316  3318  7956  8028  4560  4561
                               7114  4562
    3444   3   1   1   0   1   3123  3139  3456  3135  3739  5431  6414  3725
                               7269  5260
    3445   3   1   1   0   1   3106  3162  3114  3116  3834  3826  3673  3676
                               3829  3677
    3446   3   1   1   0   1   3317  3217  3428  3304  8019  7793  7957  7959
                               7806  7807
    3447   3   1   1   0   1   3427  3217  3547  3571  6905  7462  8029  7966
                               7465  7859
    3448   3   1   1   0   1   3216  3215  3217  3571  4026  6907  6821  8030
                               7464  7465
    3449   3   1   1   0   1   3327  3512  3516  3438  6139  6140  6138  6135
                               7005  6525
    3450   3   1   1   0   1   3295  3011  2996  3010  4393  2567  4390  5381
                               2553  2493
 
    ELEM MAT TYP REL ESY SEC        NODES
 
    3451   3   1   1   0   1   3327  3516  3319  3413  6138  7858  6103  6516
                               6519  6514
    3452   3   1   1   0   1   3313  3546  2998  3314  7671  6973  7525  4519
                               6833  6974
    3453   3   1   1   0   1   3499  3149  1967  1979  6747  7170  5781  5780
                               6729  1508
    3454   3   1   1   0   1   3357  2942  2974  2943  7846  2716  7897  7137
                               2783  2715
    3455   3   1   1   0   1   3418  3551  3560  3362  6959  8026  8031  7406
                               8005  7142
    3456   3   1   1   0   1   3360   764  2944  3361  7138  2822  7811  4717
                               7139  5766
    3457   3   1   1   0   1   3173  3008  3014  2999  6659  2549  3869  5698
                               2565  2564
    3458   3   1   1   0   1   3317  3428  3217  3427  7957  7793  8019  7960
                               7759  6905
    3459   3   1   1   0   1   1931  3330  1932  3561  7952  4605  1651  7863
                               7864  8032
    3460   3   1   1   0   1   3330  3413  3318  3365  8033  7706  7865  7982
                               6518  7961
 
    ELEM MAT TYP REL ESY SEC        NODES
 
    3461   3   1   1   0   1   3331  3330  3365  3329  4603  7982  6368  7990
                               7984  6367
    3462   3   1   1   0   1   3269  3363  3330  3318  6214  7981  7866  7392
                               7117  7865
    3463   3   1   1   0   1   3269  1960  3330  3363  7472  7953  7866  6214
                               7965  7981
    3464   3   1   1   0   1   3292  3442  2950  3127  7242  6704  4970  4377
                               5989  6705
    3465   3   1   1   0   1   3127  2950  2983  2949  6705  2667  6453  6702
                               2708  2666
    3466   3   1   1   0   1   3304  3547  3365  3317  7951  7989  4727  7959
                               8020  8034
    3467   3   1   1   0   1   3330  3365  3329  3413  7982  6367  7984  8033
                               6518  7440
    3468   3   1   1   0   1   3314  2970  2993  3503  6972  2630  7805  6567
                               6975  6966
    3469   3   1   1   0   1   3503  3182  3184  3219  5831  3903  6536  5850
                               5849  4036
    3470   3   1   1   0   1   2908  3442  1035  1432  5086  6265  2895  5090
                               5089  1419
 
    ELEM MAT TYP REL ESY SEC        NODES
 
    3471   3   1   1   0   1   3122  3471  3206  3307  5393  7003  5153  4474
                               6842  5155
    3472   3   1   1   0   1   1432  3131  3442  3129  5088  5085  5089  5080
                               3716  5987
    3473   3   1   1   0   1   3219  3314  3546  3506  6565  6833  6830  6534
                               7937  7781
    3474   3   1   1   0   1   3185  2977  3503  2965  5884  5876  6535  5868
                               2642  6968
    3475   3   1   1   0   1   3368  2438  1885  2439  7632  7084  5996  7633
                               2387  8035
    3476   3   1   1   0   1   3250  3278  3521  3314  6047  6570  6220  4518
                               6048  6222
    3477   3   1   1   0   1   3274  3165  3168  3249  6224  3987  6645  6569
                               6041  6044
    3478   3   1   1   0   1   2438  2439   969  1885  2387  2415  2418  7084
                               8035  1829
    3479   3   1   1   0   1   3524  1317  1216  1215  7251  8036  7207  7208
                               7874  1184
    3480   3   1   1   0   1   3314  3313  2992  2998  4519  4516  4517  6974
                               7525  2573
 
    ELEM MAT TYP REL ESY SEC        NODES
 
    3481   3   1   1   0   1   2998  2970  2993  3314  2631  2630  2599  6974
                               6972  7805
    3482   3   1   1   0   1   3557  3161  2437  2438  7649  6458  7648  7082
                               7819  2388
    3483   3   1   1   0   1   3401  3211  3134  3135  6311  4017  4886  5270
                               4016  3726
    3484   3   1   1   0   1   1979  3265  1968  1977  6727  5012  1507  1497
                               5017  1506
    3485   3   1   1   0   1   3479  3565  3354  3471  7682  8037  7794  7698
                               8038  6126
    3486   3   1   1   0   1   2915  1213  1020  1018  4903  1204  2881  2880
                               1205  1019
    3487   3   1   1   0   1   3293  2295  3155  2286  4382  4381  4380  4386
                               2225  3787
    3488   3   1   1   0   1   3293  3150  2287   646  4406  3767  5511  4493
                               3765  2258
    3489   3   1   1   0   1   3478  2288  2289  2294  6876  2239  7018  6306
                               2222  2221
    3490   3   1   1   0   1   3474  3475  3477  3432  6450  6449  5851  5856
                               5727  7797
 
    ELEM MAT TYP REL ESY SEC        NODES
 
    3491   3   1   1   0   1   3565  3471  3383  3470  8038  8039  7439  7438
                               8007  6242
    3492   3   1   1   0   1   3565  3471  3555  3354  8038  8016  8040  8037
                               6126  8041
    3493   3   1   1   0   1   3480   772  2940  2941  7008  2830  5569  5713
                               2829  2785
    3494   3   1   1   0   1   1968  3146  3265  3149  5009  4652  5012  7693
                               3757  4209
    3495   3   1   1   0   1   3481  2942   770  2941  7895  2827  7366  7365
                               2784  2828
    3496   3   1   1   0   1   3381  3192  3190  3383  7298  6885  4788  4787
                               5564  4790
    3497   3   1   1   0   1   3415  3382  3508  3416  7427  5981  8042  4939
                               7337  7345
    3498   3   1   1   0   1   3164  2923  2961  2960  7581  2746  3846  6656
                               2749  2699
    3499   3   1   1   0   1    930  2445  2925   928  2402  4144  2860   929
                               2401  2861
    3500   3   1   1   0   1   3381  3565  3351  3448  7294  7297  7296  8043
                               8044  5336
 
    ELEM MAT TYP REL ESY SEC        NODES
 
    3501   3   1   1   0   1   3385  3209  3495  3570  7445  7772  7993  7689
                               7691  7878
    3502   3   1   1   0   1   3287  3507  1928  3421  5934  6412  5702  5943
                               5953  5944
    3503   3   1   1   0   1   3485  3386  3494  3385  6690  5664  7739  7736
                               4797  7763
    3504   3   1   1   0   1   3336  3488  3485  3486  6698  5603  6695  7924
                               5605  5595
    3505   3   1   1   0   1   3496  2909  3442  1035  6261  6262  6260  6263
                               2892  6265
    3506   3   1   1   0   1   3386  3385  3554  1907  4797  7737  7734  4796
                               4793  7474
    3507   3   1   1   0   1   3494  3385  3495  3570  7763  7993  5671  7558
                               7689  7878
    3508   3   1   1   0   1   3554  3484  1937  3570  7855  7497  6990  7907
                               7918  7773
    3509   3   1   1   0   1   3540  2986  2952  2953  7384  2660  7376  7375
                               2661  2705
    3510   3   1   1   0   1   3554  3484  3570  3485  7855  7918  7907  7735
                               5591  7906
 
    ELEM MAT TYP REL ESY SEC        NODES
 
    3511   3   1   1   0   1   3292  2983  3127  2950  4969  6453  4377  4970
                               2667  6705
    3512   3   1   1   0   1   2986  2953  3434  2979  2661  7697  7668  2616
                               2658  7669
    3513   3   1   1   0   1   3133  2911  2910  1031  6381  2813  6256  6258
                               2888  2891
    3514   3   1   1   0   1   3201  3273  3401  3174  6720  4875  7028  4224
                               4877  4874
    3515   3   1   1   0   1   3524  1300  1305  3450  7210  1223  7221  7212
                               6627  6919
    3516   3   1   1   0   1   3469  3296  3505  3553  6848  7970  7969  7973
                               7782  7821
    3517   3   1   1   0   1   3423  3425  3562  3490  4976  7162  7755  7607
                               7608  7834
    3518   3   1   1   0   1   3423  3430  3424  3490  6160  6159  4973  7607
                               7757  7309
    3519   3   1   1   0   1   2914  1020  2915  1213  2882  2881  2810  7613
                               1204  4903
    3520   3   1   1   0   1   3023     7  1211   894  2513  1209  8045  2511
                                893  3887
 
    ELEM MAT TYP REL ESY SEC        NODES
 
    3521   3   1   1   0   1   3440  3290  3441  3374  5061  5507  5063  5070
                               5072  7261
    3522   3   1   1   0   1   3376  3375  3469  2967  4768  7096  7478  4920
                               4918  7282
    3523   3   1   1   0   1      1     5  1429  3050  1319  1428  1331  3027
                               3028  3598
    3524   3   1   1   0   1   3532  3380  3505  3549  7057  7875  7061  6938
                               7483  7063
    3525   3   1   1   0   1   3469  3550  3380  3505  7481  7059  8046  7969
                               7062  7875
    3526   3   1   1   0   1   3216  3571  3427  3533  8030  7966  6904  8018
                               7825  7589
    3527   3   1   1   0   1   3532  3425  3409  3378  6935  6931  7570  6929
                               7601  7603
    3528   3   1   1   0   1    902  3377  2934  2933  4781  7810  2843  2844
                               4771  2792
    3529   3   1   1   0   1   3429  3430  3428  3519  4988  4987  4984  6216
                               7958  7818
    3530   3   1   1   0   1   3566  3537  3489  3568  7314  7748  7330  7324
                               7419  8047
 
    ELEM MAT TYP REL ESY SEC        NODES
 
    3531   3   1   1   0   1    683   908  1307   681  3033  4259  1285   682
                               3045  1284
    3532   3   1   1   0   1   3464  3502  3398  3513  6055  6057  6056  6082
                               6071  6080
    3533   3   1   1   0   1   3443  1894  1893   851  5125  1758  7012  5105
                               1811  1814
    3534   3   1   1   0   1   2976  3414  3276  2931  6310  5052  6317  2692
                               6326  6328
    3535   3   1   1   0   1   3567  2111  3568  2115  7437  7623  7326  7320
                               2043  7622
    3536   3   1   1   0   1   2105  3538  3301  3395  7486  6639  4425  7501
                               7332  7411
    3537   3   1   1   0   1   3538  2106  3395  2105  7634  7630  7332  7486
                               2063  7501
    3538   3   1   1   0   1   3538  3395  2106  3489  7332  7630  7634  7329
                               7333  7637
    3539   3   1   1   0   1      2  1149   796  1318  1061  1060   797  1233
                               7206  1231
    3540   3   1   1   0   1   3301  3538  2114  3158  6639  7487  7488  6636
                               6640  7598
 
    ELEM MAT TYP REL ESY SEC        NODES
 
    3541   3   1   1   0   1   3394  3255  3538  3158  7695  7653  6638  6637
                               7726  6640
    3542   3   1   1   0   1   3557  2437  1884   971  7648  7967  7769  7083
                               2420  1831
    3543   3   1   1   0   1   3449  2936  3451  3504  5833  7566  5165  5834
                               5836  5837
    3544   3   1   1   0   1   3532  3380  3378  3373  7057  4778  6929  6924
                               7058  4805
    3545   3   1   1   0   1   3532  3380  3550  3505  7057  7059  6926  7061
                               7875  7062
    3546   3   1   1   0   1   3218  3533  3506  3505  7590  7686  5845  5844
                               8048  5847
    3547   3   1   1   0   1   3463  3221  3104  3103  5325  4871  6150  6788
                               6791  3657
    3548   3   1   1   0   1   3449  3219  3504  3553  5848  6829  5834  6978
                               6976  7253
    3549   3   1   1   0   1   3469  2969  3294  2968  7196  4387  7971  7197
                               2688  4389
    3550   3   1   1   0   1   3505  3553  3296  3506  7821  7782  7970  5847
                               6977  7783
 
    ELEM MAT TYP REL ESY SEC        NODES
 
    3551   3   1   1   0   1   3078  1946  1915  1914  5201  1628  5467  7010
                               1629  1670
    3552   3   1   1   0   1   3505  3533  3272  3549  8048  8049  8021  7063
                               7592  6914
    3553   3   1   1   0   1   3471  3354  3347  3555  6126  7006  6843  8016
                               8041  7038
    3554   3   1   1   0   1   3529  3430  3412  3316  8012  7354  7860  7843
                               6478  7977
    3555   3   1   1   0   1   3175  1940  1899  1900  7422  1649  4610  3879
                               1460  1752
    3556   3   1   1   0   1   3135  3492  3210  2994  7173  7172  6249  5274
                               7126  7123
    3557   3   1   1   0   1   3126  3355  3353  3431  5074  4709  6122  5483
                               4990  4989
    3558   3   1   1   0   1    822   820  1130  3176   821  1113  1112  5496
                               4504  5479
    3559   3   1   1   0   1   3397  3529  1140  3490  8013  7024  7133  7130
                               7186  7132
    3560   3   1   1   0   1   3399  3519  3316  3430  6217  8028  7708  6165
                               7958  6478
 
    ELEM MAT TYP REL ESY SEC        NODES
 
    3561   3   1   1   0   1   3310   917  3076  1130  4527  4530  4529  5478
                               1128  8050
    3562   3   1   1   0   1   3249  3313  3520  3274  7680  7672  6496  6569
                               7681  6495
    3563   3   1   1   0   1   3274  2962  2963  3313  6226  2697  6223  7681
                               7150  7151
    3564   3   1   1   0   1   3546  2997  3553  3296  8051  7832  7254  7677
                               6849  7782
    3565   3   1   1   0   1   2997  3546  2998  3313  8051  6973  2600  7526
                               7671  7525
    3566   3   1   1   0   1   3175  3334  3372  1940  4614  5810  6087  7422
                               6363  4758
    3567   3   1   1   0   1   3561  1897   845   843  7862  1805  7156  7159
                               1806   844
    3568   3   1   1   0   1   2949  3442  2908  3131  6703  5086  2773  7549
                               5085  5087
    3569   3   1   1   0   1    820   839  3176   822  3061  4502  4504   821
                               3062  5496
    3570   3   1   1   0   1   3449  3179  3451  2936  5173  7565  5165  5833
                               5874  7566
 
    ELEM MAT TYP REL ESY SEC        NODES
 
    3571   3   1   1   0   1   3518  2456  2457  2463  6433  2300  6435  6491
                               2327  2324
    3572   3   1   1   0   1   3311  1130  1137  1131  5480  1093  6331  4510
                               1099  1086
    3573   3   1   1   0   1   3226  3522  3211  3492  7128  6252  4054  5643
                               6320  5655
    3574   3   1   1   0   1   3006  3456  3139  3005  5427  5431  5436  2557
                               5259  5434
    3575   3   1   1   0   1   3473  3347  3207  3556  6836  6835  6837  7039
                               7041  7889
    3576   3   1   1   0   1   1212    12  1987   837  1208  1472  6101  4536
                                836  1471
    3577   3   1   1   0   1   3288  1437  1446  1449  4342  1364  4346  4356
                               1322  1360
    3578   3   1   1   0   1   3237  3234  3351  3418  4094  4935  5732  5346
                               5345  5343
    3579   3   1   1   0   1   3207  3347  3235  3556  6835  8052  8053  7889
                               7041  7881
    3580   3   1   1   0   1   3176   837  1900   839  4503  1800  3880  4502
                                838  1799
 
    ELEM MAT TYP REL ESY SEC        NODES
 
    3581   3   1   1   0   1   2938   776  3154   778  2834  4495  5520  2835
                                777  3783
    3582   3   1   1   0   1   2279  2278  3155   808  2246  4190  3790  2275
                               2276  4498
    3583   3   1   1   0   1   3377  2934  3294   900  7810  4388  7986  4780
                               2842  7941
    3584   3   1   1   0   1   3377  3294  2934  3373  7986  4388  7810  4770
                               7972  7277
    3585   3   1   1   0   1   1868  1910  3333  1909  1739  7397  7468  1742
                               1674  7469
    3586   3   1   1   0   1   3377  3378  3380  3373  4774  4778  4777  4770
                               4805  7058
    3587   3   1   1   0   1   3377  3380  3451  3294  4777  5167  7732  7986
                               5841  5840
    3588   3   1   1   0   1   3552   655  2111   657  8054  2071  8055  8056
                                656  2072
    3589   3   1   1   0   1   3372  1961  3332  1933  6373  6375  6370  6372
                               1595  5230
    3590   3   1   1   0   1   3330  1932  3331  1960  4605  4604  4603  7953
                               1597  7829
 
    ELEM MAT TYP REL ESY SEC        NODES
 
    3591   3   1   1   0   1   3330  3331  3363  1960  4603  8057  7981  7953
                               7829  7965
    3592   3   1   1   0   1   3331  1932  3332  1961  4604  4608  4607  6374
                               1594  6375
    3593   3   1   1   0   1   1889  1869  1910  3333  1762  1740  1703  6605
                               6901  7397
    3594   3   1   1   0   1   3331  1960  3364  3363  7829  6920  8058  8057
                               7965  4722
    3595   3   1   1   0   1   3352  3434  3359  3541  6776  5151  7933  6784
                               7381  8059
    3596   3   1   1   0   1   3479  3500  3542  3383  8008  8011  7684  5560
                               8023  7301
    3597   3   1   1   0   1   3501  1889  1869  1222  6604  1762  6900  6599
                               4320  4319
    3598   3   1   1   0   1   3474  3497  3007  3006  5860  6454  5858  5428
                               5861  2556
    3599   3   1   1   0   1   3431  3354  3479  3352  6123  7794  6131  4991
                               4702  6455
    3600   3   1   1   0   1   2953  3133  2952  3433  7249  7247  2705  7248
                               6701  6324
 
    ELEM MAT TYP REL ESY SEC        NODES
 
    3601   3   1   1   0   1   3327  3512  3328  3312  6139  6597  4597  4593
                               6092  4596
    3602   3   1   1   0   1   3310   820  1130  3076  5491  1113  5478  4529
                               3051  8050
    3603   3   1   1   0   1   1220  1218  2459   103  1175  6067  6590  1176
                               1174  2332
    3604   3   1   1   0   1   3126  3431  3122  3128  5483  6128  3705  3702
                               5485  3734
    3605   3   1   1   0   1   3463  3465  3464  3228  5310  5307  5308  5301
                               7026  5315
    3606   3   1   1   0   1   3355  3434  3349  3352  4998  5001  5000  4708
                               6776  7013
    3607   3   1   1   0   1   1222  1220  2442   101  1162  6589  8060  1168
                               1165  2365
    3608   3   1   1   0   1   3501  2453  2442  2459  5818  2302  6592  6593
                               2347  2343
    3609   3   1   1   0   1   3352  3542  3359  3448  6778  7934  7933  8061
                               8062  5150
    3610   3   1   1   0   1   3501  1869  3328  1222  6900  6899  6596  6599
                               4319  6600
 
    ELEM MAT TYP REL ESY SEC        NODES
 
    3611   3   1   1   0   1     16  2442  1222  1983  2313  8060  1169  1488
                               4471  4318
    3612   3   1   1   0   1   3371  3333  3501  1888  6606  6603  5817  5823
                               6602  6601
    3613   3   1   1   0   1   3202  3447  3343  3306  5209  5205  5157  4458
                               5204  5203
    3614   3   1   1   0   1   3288  1446  3289  1449  4346  4366  4348  4356
                               1360  5100
    3615   3   1   1   0   1   3347  3233  3555  3354  4688  7752  7038  7006
                               8063  8041
    3616   3   1   1   0   1   3181  1216  1211  1217  6628  1185  6616  3893
                               1181  1153
    3617   3   1   1   0   1   3423  3476  3536  3426  6475  7912  6934  4981
                               5489  7756
    3618   3   1   1   0   1   3179  1211  1301   894  3886  7153  6622  3883
                               3887  7868
    3619   3   1   1   0   1      6  1211  1301   799  1164  7153  1225   798
                               1196  1297
    3620   3   1   1   0   1    671   894  1301  3049  3035  7868  1274  3029
                               3031  7935
 
    ELEM MAT TYP REL ESY SEC        NODES
 
    3621   3   1   1   0   1   3419  3384  3204  3495  4966  5930  5936  5937
                               5669  6465
    3622   3   1   1   0   1   3565  3471  3470  3555  8038  8007  7438  8040
                               8016  8017
    3623   3   1   1   0   1   3493  3386  3335  3507  5662  6410  5656  5923
                               5925  6360
    3624   3   1   1   0   1   3384  3495  3385  3204  5669  7993  4794  5930
                               6465  7443
    3625   3   1   1   0   1   3232  3347  3208  3206  4685  7774  4076  4682
                               4686  4654
    3626   3   1   1   0   1   3208  3235  3236  3495  7614  4085  5330  5938
                               7425  5676
    3627   3   1   1   0   1   3077  1948  3203  1949  3585  6404  3993  6399
                               1573  6400
    3628   3   1   1   0   1   3349  2953  3434  3433  8064  7697  5001  5002
                               7248  4999
    3629   3   1   1   0   1   3208  3206  3347  3207  4654  4686  7774  4005
                               4655  6835
    3630   3   1   1   0   1   3324  2117  2112  3321  6956  2022  4580  4590
                               7664  4592
 
    ELEM MAT TYP REL ESY SEC        NODES
 
    3631   3   1   1   0   1   3573  3207  3235  3556  7887  8053  7879  7545
                               7889  7881
    3632   3   1   1   0   1   3202  3207  3209  3306  4004  4008  4007  4458
                               7886  7997
    3633   3   1   1   0   1   1211  3178  3023   894  3885  7822  8045  3887
                               3884  2511
    3634   3   1   1   0   1   3573  3495  3494  3235  7877  5671  7542  7879
                               7425  7880
    3635   3   1   1   0   1     44  1317  1148  1215  1237  7252  1065  1192
                               7874  3957
    3636   3   1   1   0   1     44   803  1317  1215   804  1235  1237  1192
                               1191  7874
    3637   3   1   1   0   1   1317  1216  1215   803  8036  1184  7874  1235
                               1189  1191
    3638   3   1   1   0   1   3433  3132  3349  2953  7246  7245  5002  7248
                               6379  8064
    3639   3   1   1   0   1   3208  3207  3347  3235  4005  6835  7774  7614
                               8053  8052
    3640   3   1   1   0   1   3132  1434  3133  3350  3720  3719  3718  7535
                               7238  7237
 
    ELEM MAT TYP REL ESY SEC        NODES
 
    3641   3   1   1   0   1   3346  3355  3348  3349  4707  5716  4692  4693
                               5000  4690
    3642   3   1   1   0   1   3233  3354  3346  3351  8063  4705  4687  4938
                               8065  4698
    3643   3   1   1   0   1   3347  3354  3346  3233  7006  4705  4684  4688
                               8063  4687
    3644   3   1   1   0   1   1301  1211  1216   801  7153  1185  6631  1296
                               1195  1190
    3645   3   1   1   0   1   3259  3238  3256  3132  4177  4170  4175  7505
                               6578  4152
    3646   3   1   1   0   1   1300  1216  1317   803  6630  8036  1229  1298
                               1189  1235
    3647   3   1   1   0   1   3534  1313  1311  1300  6625  1243  7563  6626
                               1257  1258
    3648   3   1   1   0   1   3535  3179   896  2936  6619  7939  7923  7564
                               5874  2838
    3649   3   1   1   0   1   3524  1317  1305  1300  7251  1234  7221  7210
                               1229  1223
    3650   3   1   1   0   1   3346  3354  3347  3353  4705  7006  4684  4704
                               4701  7004
 
    ELEM MAT TYP REL ESY SEC        NODES
 
    3651   3   1   1   0   1    906   679   904  1308  3043  3044   905  5047
                               1282  6232
    3652   3   1   1   0   1   3558   794  1138   796  7085  1110  7702  7203
                                795  1111
    3653   3   1   1   0   1   2433  3155  2279  3153  4497  3790  3793  3781
                               3788  3789
    3654   3   1   1   0   1   3377  1309  3374   904  6774  5068  4803  7947
                               4798  7948
    3655   3   1   1   0   1   3540  3541  2986  3434  6773  7385  7384  6763
                               7381  7668
    3656   3   1   1   0   1   3415  3470  3555  3565  8001  8017  7750  7295
                               7438  8040
    3657   3   1   1   0   1   3565  3352  3448  3542  7685  8061  8044  7683
                               6778  8062
    3658   3   1   1   0   1   3565  3555  3351  3354  8040  7795  7297  8037
                               8041  8065
    3659   3   1   1   0   1   3401  3403  3405  3174  4872  4882  4880  4874
                               4873  7100
    3660   3   1   1   0   1   3271  3011  2990  2991  5083  2576  6854  5084
                               2577  2606
 
    ELEM MAT TYP REL ESY SEC        NODES
 
    3661   3   1   1   0   1   3559  1313  1315  1310  7849  1239  7094  7093
                               1244  1245
    3662   3   1   1   0   1   3416  3472  3556  3555  7338  7346  8066  7751
                               8006  7040
    3663   3   1   1   0   1   3416  3470  3472  3555  7749  6239  7338  7751
                               8017  8006
    3664   3   1   1   0   1   3472  3473  3555  3470  5399  7037  8006  6239
                               6240  8017
    3665   3   1   1   0   1   3416  3555  3556  3233  7751  7040  8066  4942
                               7752  8067
    3666   3   1   1   0   1   3141  3499  3342  3149  6762  6746  6889  3768
                               6747  4648
    3667   3   1   1   0   1   3517  1924  1923  1953  7077  1662  7779  6184
                               1612  1613
    3668   3   1   1   0   1   3331  3364  3369  3365  8058  7650  7801  6368
                               4723  6377
    3669   3   1   1   0   1   3367  3331  1955  3369  4743  4742  4741  4748
                               7801  4750
    3670   3   1   1   0   1   1955  3331  1960  3364  4742  7829  1537  6921
                               8058  6920
 
    ELEM MAT TYP REL ESY SEC        NODES
 
    3671   3   1   1   0   1   3415  3234  3233  3337  4934  4081  4937  4941
                               5610  4943
    3672   3   1   1   0   1   1301   801   799  1211  1296   800  1297  7153
                               1195  1196
    3673   3   1   1   0   1   3247  3368  3364  3369  5040  6508  6506  5039
                               4747  7650
    3674   3   1   1   0   1   3179   894   896  2937  3883   895  7939  5883
                               2836  2837
    3675   3   1   1   0   1   3084     1  1306    46  4270  1226  8068  4271
                                 45  1270
    3676   3   1   1   0   1   3084  1306  1429    46  8068  7258  3596  4271
                               1270  1394
    3677   3   1   1   0   1   1310  3377   902  1309  4783  4781  4784  1262
                               6774  4791
    3678   3   1   1   0   1   3534  1216  3181  1300  6629  6628  6528  6626
                               6630  7211
    3679   3   1   1   0   1   1955  1954  1925  3368  1568  1610  1609  4749
                               7167  5994
    3680   3   1   1   0   1   3049     6  1211  1301  3030  1164  7873  7935
                               1225  7153
 
    ELEM MAT TYP REL ESY SEC        NODES
 
    3681   3   1   1   0   1   3050     1  3084  1429  3027  4270  3597  3598
                               1331  3596
    3682   3   1   1   0   1   3364  3363  1960  1974  4722  7965  6920  7746
                               6947  1530
    3683   3   1   1   0   1   3288  3152  3147  3140  4350  5777  4343  4357
                               5778  5775
    3684   3   1   1   0   1   3420  1877  1878  1440  7976  1773  4951  6483
                               6480  6484
    3685   3   1   1   0   1   3171  3016  3014  3017  3861  2534  3868  3867
                               2531  2535
    3686   3   1   1   0   1   1441  1452   984  1879  1336  1338  1398  4802
                               4801  1841
    3687   3   1   1   0   1   3145  3335  2182   705  5660  6413  3752  7234
                               7575  7236
    3688   3   1   1   0   1   3095  3479  3383  3500  5557  5560  5559  5804
                               8008  8023
    3689   3   1   1   0   1   3277    50    48  1312  5608    49  7789  5606
                               1273  1272
    3690   3   1   1   0   1   2976  2994  2980  3210  2640  2603  2641  7180
                               7123  7124
 
    ELEM MAT TYP REL ESY SEC        NODES
 
    3691   3   1   1   0   1   3148  3436  3341  3340  5008  7374  4643  4642
                               5210  4645
    3692   3   1   1   0   1   3492  3135  3405  2994  7173  5272  7127  7126
                               5274  5273
    3693   3   1   1   0   1   3420  3205  1442  1448  5187  6464  5185  5174
                               5754  1363
    3694   3   1   1   0   1   3440  2931   906   908  6327  2848  5049  7262
                               2849   907
    3695   3   1   1   0   1   3140  1449  1445  1437  4353  1345  5796  5466
                               1322  1370
    3696   3   1   1   0   1   3202  3204  3205  3083  3995  4465  3999  3991
                               5178  4003
    3697   3   1   1   0   1   3147  3446  3140  3142  7588  5790  5775  3764
                               6119  3744
    3698   3   1   1   0   1   3459  3461  3264  3530  7370  6428  7688  6739
                               6431  6430
    3699   3   1   1   0   1   3130  1431  1445  1432  4133  1353  4135  5081
                               1379  1352
    3700   3   1   1   0   1   3347  3235  3556  3233  8052  7881  7041  4688
                               4082  8067
 
    ELEM MAT TYP REL ESY SEC        NODES
 
    3701   3   1   1   0   1   3209  3570  3203  3447  7691  7690  6402  7987
                               7433  6406
    3702   3   1   1   0   1   3384  3385  1942  1949  4794  5648  5927  5929
                               5646  1580
    3703   3   1   1   0   1   3384  3507  3421  1942  5924  5953  4965  5927
                               5926  5750
    3704   3   1   1   0   1   3573  3235  3209  3495  7879  8069  7996  7877
                               7425  7772
    3705   3   1   1   0   1   3079  1917  3077  3083  3587  3588  3579  3593
                               5181  3992
    3706   3   1   1   0   1   1429     5  3024   910  1428  2509  4266  3603
                                911  2508
    3707   3   1   1   0   1   3085  3441  1316  1307  5059  6272  7259  4256
                               5064  1249
    3708   3   1   1   0   1   3085   908   685   910  4258  3048  3604  3602
                                909  3047
    3709   3   1   1   0   1   3110  1145  3455  3397  4839  5237  5421  4843
                               4842  5423
    3710   3   1   1   0   1   3429  3430  3519  3399  4988  7958  6216  6163
                               6165  6217
 
    ELEM MAT TYP REL ESY SEC        NODES
 
    3711   3   1   1   0   1   3511  1308  1314  3441  6026  1248  6269  6270
                               5065  6267
    3712   3   1   1   0   1   3400  3268   847  1896  4857  7968  5411  7529
                               7528  1807
    3713   3   1   1   0   1   3223  3550  3272  3549  7030  7945  6915  6911
                               7060  6914
    3714   3   1   1   0   1   3317  3428  3519  3304  7957  7818  7956  7959
                               7807  6208
    3715   3   1   1   0   1   3181  3528  3218  3450  7214  7387  6709  5169
                               7215  6540
    3716   3   1   1   0   1   3216  3533  3215  3571  8018  6497  4026  8030
                               7825  7464
    3717   3   1   1   0   1   3499  1958  1967  1943  6753  1535  5781  6748
                               1566  1557
    3718   3   1   1   0   1   3446  1912  1871  1911  7171  1736  7520  6106
                               1673  1737
    3719   3   1   1   0   1   3317  3217  3547  3427  8019  7462  8020  7960
                               6905  8029
    3720   3   1   1   0   1   3113    87  1430  1443  6651  1396  7574  6341
                               1333  1371
 
    ELEM MAT TYP REL ESY SEC        NODES
 
    3721   3   1   1   0   1   3446  1911  1871  1870  6106  1737  7520  6108
                               1738  1780
    3722   3   1   1   0   1   3140  3142  3446  3445  3744  6119  5790  7572
                               6120  5122
    3723   3   1   1   0   1   3121  3280  3162  3107  6003  4284  6005  6011
                               4283  4285
    3724   3   1   1   0   1   3376  3377  3373  3374  4769  4770  4766  4767
                               4803  4763
    3725   3   1   1   0   1   3183  3379  3534  3450  5824  7567  6526  5162
                               5825  6623
    3726   3   1   1   0   1   3113  1144  1138  1145  7050  1048  7704  7118
                               1068  1077
    3727   3   1   1   0   1   3443  1911  1893  1939  6105  1698  7012  5124
                               1655  1462
    3728   3   1   1   0   1   3381  3192  3417  3190  7298  8022  4945  4788
                               6885  6291
    3729   3   1   1   0   1   3224  3230  3225  3228  4070  5303  4049  4062
                               4071  5304
    3730   3   1   1   0   1   3430  3428  3317  3423  4987  7957  7955  6160
                               7304  7954
 
    ELEM MAT TYP REL ESY SEC        NODES
 
    3731   3   1   1   0   1   3108  3101  3104  3345  4289  4452  4453  5294
                               4862  4865
    3732   3   1   1   0   1   3387  1971  1963  1978  6012  1528  7479  6987
                               1512  1524
    3733   3   1   1   0   1   3185  3184  3408  3407  3905  5879  5878  5870
                               5872  4893
    3734   3   1   1   0   1   3251  3506  3533  3272  6487  7686  6498  6488
                               6490  8049
    3735   3   1   1   0   1   3249  3251  3521  3252  4130  6502  7742  4132
                               4129  7963
    3736   3   1   1   0   1   3505  3533  3506  3272  8048  7686  5847  8021
                               8049  6490
    3737   3   1   1   0   1   3298  3302  3301  3315  4430  7414  4426  7407
                               4541  4548
    3738   3   1   1   0   1   3300   715  3395  3572  7490  7586  4833  7491
                               7494  7820
    3739   3   1   1   0   1   3527  2283  2292  2294  6299  2230  6877  6874
                               2228  2216
    3740   3   1   1   0   1   3262  3392  2434  3510  5900  6818  4194  6612
                               6611  6814
 
    ELEM MAT TYP REL ESY SEC        NODES
 
    3741   3   1   1   0   1   2106  2105   696   715  2063  2086  2083  5596
                               7489  2008
    3742   3   1   1   0   1   3212  3253  3102  3163  5968  5972  4021  4248
                               6200  4246
    3743   3   1   1   0   1   3280  1951  1950  1971  6006  1572  5915  6009
                               1545  1546
    3744   3   1   1   0   1   3149  1945  1944  1968  5782  1577  3769  7693
                               1554  1555
    3745   3   1   1   0   1   3147  1945  1913  1944  5783  1631  7188  3761
                               1577  1632
    3746   3   1   1   0   1   3483  3395   715  3572  8070  7586  7552  7919
                               7820  7494
    3747   3   1   1   0   1   1943  3502  1958  1939  6754  5828  1566  1604
                               6872  1600
    3748   3   1   1   0   1   3104  3103  3266  3464  3657  4442  6212  6209
                               6162  5313
    3749   3   1   1   0   1   3281  1952  1953  1923  7107  1570  6190  7112
                               1614  1613
    3750   3   1   1   0   1   3248  3161  3159  3160  7786  3816  7787  4116
                               3815  3814
 
    ELEM MAT TYP REL ESY SEC        NODES
 
    3751   3   1   1   0   1   3566  3552  3338  3326  7870  6963  7316  7315
                               6962  6558
    3752   3   1   1   0   1   3342  3461  3264  3459  7368  6428  5013  5285
                               7370  7688
    3753   3   1   1   0   1   1883   975   973  2436  1834   974  1833  7579
                               2421  2422
    3754   3   1   1   0   1   3556  3416  3566  3472  8066  7336  7349  7346
                               7338  7335
    3755   3   1   1   0   1   3489  3487  3531  3395  7974  7904  7674  7333
                               7995  7673
    3756   3   1   1   0   1   3262  1881  1921  1882  4196  1718  5912  5908
                               1770  1717
    3757   3   1   1   0   1   3246  3245  3364  3517  4733  7160  4736  7642
                               6182  7416
    3758   3   1   1   0   1   3118   975  1883  2436  6801  1834  6804  6802
                               2421  7579
    3759   3   1   1   0   1   3483  3572  3487  3395  7919  7905  5601  8070
                               7820  7995
    3760   3   1   1   0   1   3117  3545  2437  2436  7515  7514  4164  4166
                               7517  2389
 
    ELEM MAT TYP REL ESY SEC        NODES
 
    3761   3   1   1   0   1   3545  2437  2436   973  7514  2389  7517  7578
                               2419  2422
    3762   3   1   1   0   1   3538  2115  3489  2106  7319  8071  7329  7634
                               2048  7637
    3763   3   1   1   0   1   3434  2944  2979  3361  7936  2675  7669  5148
                               5766  5772
    3764   3   1   1   0   1   3466  3362  3358  3361  7177  7405  5341  5740
                               4721  7404
    3765   3   1   1   0   1   3240  3362  3320  3418  7178  5443  6574  5347
                               7406  6958
    3766   3   1   1   0   1   3370  2439  3368  1886  5032  7633  4761  7731
                               7733  5995
    3767   3   1   1   0   1   3359  3434  2986  3541  5151  7668  8025  8059
                               7381  7385
    3768   3   1   1   0   1   3352  3448  3434  3349  8061  5147  6776  7013
                               7611  5001
    3769   3   1   1   0   1   3410  1137   824  1136  7798  1114  7615  7053
                               1094  1117
    3770   3   1   1   0   1   3257  2953  3434  3349  6378  7697  7696  7506
                               8064  5001
 
    ELEM MAT TYP REL ESY SEC        NODES
 
    3771   3   1   1   0   1   3370  2452  2440  2453  5033  2376  5028  5027
                               2352  2373
    3772   3   1   1   0   1   3515  3411  3311  3319  6288  6396  6143  6102
                               7768  6144
    3773   3   1   1   0   1   3248  2451  2450  2438  5192  2357  5194  7631
                               2377  2380
    3774   3   1   1   0   1   2953  3132  3349  3257  6379  7245  8064  6378
                               4151  7506
    3775   3   1   1   0   1   2975  3434  2986  3359  7667  7668  2617  8004
                               5151  8025
    3776   3   1   1   0   1   1895   847  3110  3396  1810  5419  4844  4845
                               5412  4840
    3777   3   1   1   0   1   2975  2944  2979  3434  2713  2675  2676  7667
                               7936  7669
    3778   3   1   1   0   1   3464  3104  3225  3345  6209  6151  5314  7373
                               4865  7718
    3779   3   1   1   0   1   1983  1222  1889  2442  4318  4320  1467  4471
                               8060  4472
    3780   3   1   1   0   1   3317  3519  3430  3316  7956  7958  7955  4560
                               8028  6478
 
    ELEM MAT TYP REL ESY SEC        NODES
 
    3781   3   1   1   0   1   3438  2453  2459  3252  6609  2347  6610  7226
                               7227  7069
    3782   3   1   1   0   1   3460  3107  3459  1980  6669  6668  5278  6671
                               6060  7512
    3783   3   1   1   0   1   3443  1870  1430  1986  6107  7129  5111  7658
                               1473  7036
    3784   3   1   1   0   1   3444  1939  1894  1929  5123  1656  5126  6868
                               1653  1696
    3785   3   1   1   0   1   1440   988   990  1877  1402   989  1401  6480
                               1845  1846
    3786   3   1   1   0   1   3420  1439  1440  1442  5184  1392  6483  5185
                               1390  1391
    3787   3   1   1   0   1   1438   992  1875  3086  1406  1849  3607  3610
                               7364  3611
    3788   3   1   1   0   1   3476  3562  3491  3490  7833  7841  7765  7758
                               7834  5636
    3789   3   1   1   0   1   3520  3506  3296  3546  6486  7783  7675  7670
                               7781  7677
    3790   3   1   1   0   1   3278  2927  2928  2965  4276  2798  4275  5869
                               2738  2739
 
    ELEM MAT TYP REL ESY SEC        NODES
 
    3791   3   1   1   0   1   3420  1876  1877  1440  5183  1774  7976  6483
                               6469  6480
    3792   3   1   1   0   1   3480  2289   644   770  7019  2255  7007  7009
                               7840  2481
    3793   3   1   1   0   1   3249  3251  3520  3521  4130  6485  6496  7742
                               6502  6221
    3794   3   1   1   0   1   3249  3250  3313  2963  4124  4515  7680  4125
                               4126  7151
    3795   3   1   1   0   1   3215  3220  3548  3571  6500  7455  7275  7464
                               7458  7457
    3796   3   1   1   0   1   3251  3521  3252  3220  6502  7963  4129  6499
                               7066  6504
    3797   3   1   1   0   1   3252  3249  2446  3521  4132  4148  6948  7963
                               7742  6572
    3798   3   1   1   0   1   3560  2293  3551  3525  7629  7402  8026  7914
                               7816  7776
    3799   3   1   1   0   1   3321  2285  3323  3320  7305  6949  4589  4569
                               6950  4588
    3800   3   1   1   0   1   2439  1886   969  1885  7733  1828  2415  8035
                               1766  1829
 
    ELEM MAT TYP REL ESY SEC        NODES
 
    3801   3   1   1   0   1   3415  3555  3351  3565  7750  7795  4936  7295
                               8040  7297
    3802   3   1   1   0   1   3360  3362  3560  2291  4720  7142  7141  5461
                               5450  7628
    3803   3   1   1   0   1   3381  3383  3565  3542  4787  7439  7294  7299
                               7301  7683
    3804   3   1   1   0   1   3415  3418  3338  3551  4947  6960  5634  7428
                               6959  7666
    3805   3   1   1   0   1   3370  1926  1887  1886  7640  1707  5815  7731
                               1708  1765
    3806   3   1   1   0   1   3367  1887  1926  1927  7639  1707  7243  5807
                               1706  1659
    3807   3   1   1   0   1   3381  3417  3192  3564  4945  8022  7298  7289
                               7291  7302
    3808   3   1   1   0   1   3145  2184   956  2182  5705  2176  3753  3752
                               2159  2177
    3809   3   1   1   0   1   3290  3226  3230  3409  5060  6031  5501  5504
                               5506  7876
    3810   3   1   1   0   1   3440  3276  3441  3226  5053  5058  5063  5054
                               5056  5508
 
    ELEM MAT TYP REL ESY SEC        NODES
 
    3811   3   1   1   0   1   3277  3275  3291  1318  4359  4363  4362  5607
                               6275  7351
    3812   3   1   1   0   1    785    40  2182  2101   786  2129  2168  2093
                               2021  7222
    3813   3   1   1   0   1   3291  3455   794  1303  7090  7089  7086  7268
                               8014  1292
    3814   3   1   1   0   1   3483  3487  3484  3486  5601  7917  5590  5593
                               7915  5594
    3815   3   1   1   0   1   3291  3563  1303  3511  7310  7271  7268  6040
                               7804  7169
    3816   3   1   1   0   1   3208  3209  3207  3235  4009  4008  4005  7614
                               8069  8053
    3817   3   1   1   0   1   2108   692   690   709  2079   691  2080  7852
                               2003  2002
    3818   3   1   1   0   1   3091  2978  2971  2939  5523  2681  5691  5521
                               2682  2722
    3819   3   1   1   0   1   3436  1964  3447  1970  5019  7740  5195  5142
                               1522  5144
    3820   3   1   1   0   1   1303  1302  3291  3511  1268  7267  7268  7169
                               6274  6040
 
    ELEM MAT TYP REL ESY SEC        NODES
 
    3821   3   1   1   0   1   3463  3228  3230  3465  5301  4071  5300  5310
                               7026  5323
    3822   3   1   1   0   1   3147  3142  1912  3446  3764  5798  5797  7588
                               6119  7171
    3823   3   1   1   0   1   3174  3405  3012  2995  7100  7453  3870  7098
                               7071  2570
    3824   3   1   1   0   1   3485   709   711   692  6689   710  7657  7853
                               2003  2004
    3825   3   1   1   0   1   3424  3425  3490  3563  4977  7608  7309  7307
                               7604  7308
    3826   3   1   1   0   1   3558  3455  3113  1138  7088  6347  7699  7702
                               5238  7704
    3827   3   1   1   0   1   3381  3565  3448  3542  7294  8044  8043  7299
                               7683  8062
    3828   3   1   1   0   1   3386  1907   709   707  4796  1785  6686  7231
                               1786   708
    3829   3   1   1   0   1   3276  2976  2931  2930  6317  2692  6328  4261
                               2499  2795
    3830   3   1   1   0   1   3089  3189  3190  3192  3928  3925  3929  3935
                               3949  6885
 
    ELEM MAT TYP REL ESY SEC        NODES
 
    3831   3   1   1   0   1   3488  2108  2107  2116  6682  2061  7922  6684
                               2047  2046
    3832   3   1   1   0   1   2980  2976  3210  2946  2641  7180  7124  2672
                               2693  7181
    3833   3   1   1   0   1   3211  3492  3135  3405  5655  7173  4016  6312
                               7127  5272
    3834   3   1   1   0   1   3230  3291  3277  3290  5503  4362  6245  5501
                               4361  4358
    3835   3   1   1   0   1   3299  2432   817  2119  4554  2395  7728  4566
                               8015  2027
    3836   3   1   1   0   1   3130  1432  3131  2906  5081  5088  3714  5956
                               7412  5960
    3837   3   1   1   0   1   3228  3111  3112  3110  6116  3668  6353  6345
                               3667  3669
    3838   3   1   1   0   1   3331  3364  1955  3369  8058  6921  4742  7801
                               7650  4750
    3839   3   1   1   0   1   3494  3495  3493  3337  5671  5670  5663  7423
                               5675  5674
    3840   3   1   1   0   1    713  3483  2106   715  5613  7636  5597   714
                               7552  5596
 
    ELEM MAT TYP REL ESY SEC        NODES
 
    3841   3   1   1   0   1   3330  3329  3544  3413  7984  7799  7983  8033
                               7440  7800
    3842   3   1   1   0   1   3137  2488   636   762  4487  2468  5440  3732
                               2470  2474
    3843   3   1   1   0   1    711   692   694  2107  2004   693  2005  5614
                               2082  2081
    3844   3   1   1   0   1   2108  3485  2107   692  7851  7994  2061  2079
                               7853  2082
    3845   3   1   1   0   1   3232  3238  3349  3350  5333  5335  4691  4694
                               7536  4696
    3846   3   1   1   0   1   3285  3287  1892  1919  4326  5941  4313  4957
                               5940  1700
    3847   3   1   1   0   1   3182  3450  3181  3218  5168  5169  3896  6834
                               6540  6709
    3848   3   1   1   0   1   3332  3544  1898  1932  7985  6796  5229  4608
                               6794  1691
    3849   3   1   1   0   1   3330  3544  3318  3413  7983  7760  7865  8033
                               7800  7706
    3850   3   1   1   0   1   3567  2115  3538  2110  7320  7319  7318  7436
                               2044  7585
 
    ELEM MAT TYP REL ESY SEC        NODES
 
    3851   3   1   1   0   1   3258  1435  3238  2192  4174  4173  4171  6580
                               6700  6884
    3852   3   1   1   0   1   3486  3337  3537  3489  7921  7747  8072  5617
                               7745  7748
    3853   3   1   1   0   1   3568  3489  2107  3488  8047  7635  7785  7791
                               5618  7922
    3854   3   1   1   0   1    101    16  2442  1222   100  2313  2365  1168
                               1169  8060
    3855   3   1   1   0   1     13  1435  1025  3020  1332  1413  1024  2525
                               4157  2524
    3856   3   1   1   0   1   3315   815  2432  2454  5067  2394  4553  6562
                               2310  2335
    3857   3   1   1   0   1   3326  2112  2111  3552  4584  2057  7844  6962
                               7403  8055
    3858   3   1   1   0   1   3214  3158  2282   659  7727  4178  5245  4024
                               6797  2269
    3859   3   1   1   0   1   3568  3488  2107  2116  7791  7922  7785  7624
                               6684  2046
    3860   3   1   1   0   1   3319  3547  3427  3317  7857  8029  7827  4564
                               8020  7960
 
    ELEM MAT TYP REL ESY SEC        NODES
 
    3861   3   1   1   0   1   3327  3365  3334  3516  6366  5811  4616  6138
                               6517  6523
    3862   3   1   1   0   1   3372  3329  3332  3331  6088  6371  6370  6369
                               7990  4607
    3863   3   1   1   0   1   3516  3547  3319  3365  6896  7857  7858  6517
                               7989  7962
    3864   3   1   1   0   1   3331  3363  3364  3365  8057  4722  8058  6368
                               4724  4723
    3865   3   1   1   0   1   3319  3317  3318  3365  4564  4561  4565  7962
                               8034  7961
    3866   3   1   1   0   1   3548  3105  3366  3439  7459  6902  6894  6898
                               5963  6512
    3867   3   1   1   0   1   2488    36    43  2183  2469  2120  2471  7792
                               2130  2178
    3868   3   1   1   0   1   3425  3563  3562  3490  7604  7399  7162  7608
                               7308  7834
    3869   3   1   1   0   1   3220  3184  3219  3521  4039  4036  4040  7066
                               7022  7067
    3870   3   1   1   0   1   3137  3309  3308   764  4485  5445  4477  4480
                               4482  4481
 
    ELEM MAT TYP REL ESY SEC        NODES
 
    3871   3   1   1   0   1   2944  3359  3434  2975  7619  5151  7936  2713
                               8004  7667
    3872   3   1   1   0   1   3137    43  3021  2183  3731  2521  3733  5577
                               2178  3825
    3873   3   1   1   0   1   3482  3021  2945  2917  7224  2501  5773  7122
                               2518  2780
    3874   3   1   1   0   1   3562  1305  3491  1304  7257  7824  7841  7255
                               1266  7950
    3875   3   1   1   0   1     38   781  2186  2117   780  2165  2163  2036
                               2035  4624
    3876   3   1   1   0   1   2281  2488   636  3137  4490  2468  2248  4486
                               4487  5440
    3877   3   1   1   0   1   2488   664  2281    36  4489  2271  4490  2469
                                663  2199
    3878   3   1   1   0   1   3523  3476  3528  3491  6388  6391  6390  7264
                               7765  7823
    3879   3   1   1   0   1   3563  1303  3511  1315  7271  7169  7804  7272
                               1252  7168
    3880   3   1   1   0   1   3423  3536  3476  3562  6934  7912  6475  7755
                               7161  7833
 
    ELEM MAT TYP REL ESY SEC        NODES
 
    3881   3   1   1   0   1   3425  3559  3378  3536  7163  7091  7601  6936
                               7164  7999
    3882   3   1   1   0   1   3294  3469  3380  3553  7971  8046  5841  7979
                               7973  7978
    3883   3   1   1   0   1    642   640   768  2290   641  2477  2480  2253
                               2252  8002
    3884   3   1   1   0   1   3534  3379  3535  1311  7567  6531  6618  7563
                               7850  7229
    3885   3   1   1   0   1   3451  3294  3504  2935  5840  5839  5837  7826
                               7780  7784
    3886   3   1   1   0   1   3449  3219  3506  3218  5848  6534  5846  5842
                               4037  5845
    3887   3   1   1   0   1   3521  3220  3506  3219  7066  6533  6503  7067
                               4040  6534
    3888   3   1   1   0   1   3179  2977  3503  3185  5875  5876  5829  5882
                               5884  6535
    3889   3   1   1   0   1   2289   770   642   644  7840  2479  2254  2255
                               2481   643
    3890   3   1   1   0   1   3526  2290  2294  2289  7838  2220  6307  7020
                               2238  2221
 
    ELEM MAT TYP REL ESY SEC        NODES
 
    3891   3   1   1   0   1   3480  2941   770   772  5713  2828  7009  7008
                               2829   771
    3892   3   1   1   0   1   3150  3478  2288   644  5570  6876  3766  7775
                               7021  2256
    3893   3   1   1   0   1   3154  2978  2939  2938  5522  2682  4404  5520
                               2498  2787
    3894   3   1   1   0   1   3218  3449  3219  3182  5842  5848  4037  6834
                               5172  5849
    3895   3   1   1   0   1   3504  2969  3553  2998  7593  7831  7253  7594
                               2632  7830
    3896   3   1   1   0   1   3294  3504  2969  3553  5839  7593  4387  7979
                               7253  7831
    3897   3   1   1   0   1   3449  3380  3505  3553  5160  7875  5843  6978
                               7978  7821
    3898   3   1   1   0   1   3293  2287  2286   648  5511  2241  4386  4491
                               2259  2260
    3899   3   1   1   0   1   3377  3376  2933   904  4769  4772  4771  7947
                               5042  2845
    3900   3   1   1   0   1   3550  3549  3505  3272  7060  7063  7062  7945
                               6914  8021
 
    ELEM MAT TYP REL ESY SEC        NODES
 
    3901   3   1   1   0   1   3222  3272  3223  3550  4231  6915  4048  7029
                               7945  7030
    3902   3   1   1   0   1   3511  1302  3291  3275  6274  7267  6040  6266
                               6273  4363
    3903   3   1   1   0   1   3469  3380  3550  3373  8046  7059  7481  7477
                               7058  6927
    3904   3   1   1   0   1   3287  3145  3452  2188  5699  5661  5952  5945
                               5951  5196
    3905   3   1   1   0   1   3153  2286  2279  2296  3786  2196  3789  5239
                               2201  2211
    3906   3   1   1   0   1   3153  3293  3154  3155  4385  4400  3782  3788
                               4380  5246
    3907   3   1   1   0   1   3375  3409  3374  3378  4912  4911  4764  6930
                               7603  4804
    3908   3   1   1   0   1   3115  3517  3245  3246  6185  6182  4112  7034
                               7642  4733
    3909   3   1   1   0   1   3119  1922  1952  1923  6808  1615  7108  7113
                               1663  1614
    3910   3   1   1   0   1   3267  1959  3363  1974  5991  7537  6213  6445
                               1529  6947
 
    ELEM MAT TYP REL ESY SEC        NODES
 
    3911   3   1   1   0   1   3462  3267  3514  1975  6917  6916  6079  6941
                               5992  6322
    3912   3   1   1   0   1   2434  3392  2432  2461  6818  6813  2364  2331
                               6168  2330
    3913   3   1   1   0   1   3222  3273  3272  3550  4232  4234  4231  7029
                               7033  7945
    3914   3   1   1   0   1   1882   977   975  2435  1836   976  1835  5910
                               2423  2424
    3915   3   1   1   0   1   3273  3271  3272  3296  4233  4230  4234  6847
                               6856  7938
    3916   3   1   1   0   1   3191  3525  3508  2284  6297  6296  6295  7360
                               8073  8027
    3917   3   1   1   0   1   3525  3508  2284  3551  6296  8027  8073  7776
                               7777  8074
    3918   3   1   1   0   1   3560  3526  2290  3525  7910  7838  7729  7914
                               6293  7815
    3919   3   1   1   0   1   3362  3560  3418  3358  7142  8031  7406  7405
                               7555  5344
    3920   3   1   1   0   1   3560  3418  3417  3551  8031  4948  7913  8026
                               6959  7429
 
    ELEM MAT TYP REL ESY SEC        NODES
 
    3921   3   1   1   0   1   1985   981  1880  2432  1479  1840  1477  6134
                               2431  6817
    3922   3   1   1   0   1   2119  2432   817    41  8015  2395  2027  2028
                               2311   818
    3923   3   1   1   0   1   3165   930  2444  2445  6229  2403  6230  6045
                               2402  2339
    3924   3   1   1   0   1   3525  3526  2290  2294  6293  7838  7815  7817
                               6307  2220
    3925   3   1   1   0   1   3417  3525  3551  3190  6289  7776  7429  6291
                               6290  7609
    3926   3   1   1   0   1   3165  2962  2961  2924  6225  2698  3847  3844
                               2744  2747
    3927   3   1   1   0   1   2445   928   926  2926  2401   927  2400  6228
                               2858  2859
    3928   3   1   1   0   1   3525  3551  2284  2293  7776  8074  8073  7816
                               7402  2227
    3929   3   1   1   0   1   3218  3533  3505  3549  7590  8048  5844  7591
                               7592  7063
    3930   3   1   1   0   1   2991  3271  3313  2962  5084  7679  7152  2647
                               7587  7150
 
    ELEM MAT TYP REL ESY SEC        NODES
 
    3931   3   1   1   0   1   2440   965   967  1887  2414   966  2413  5816
                               1825  1826
    3932   3   1   1   0   1   3546  2998  3504  3553  6973  7594  6832  7254
                               7830  7253
    3933   3   1   1   0   1   3180  3516  3220  3319  6137  7454  6980  6104
                               7858  7713
    3934   3   1   1   0   1   3469  3505  3380  3553  7969  7875  8046  7973
                               7821  7978
    3935   3   1   1   0   1   3550  3505  3296  3272  7062  7970  7944  7945
                               8021  7938
    3936   3   1   1   0   1   3183  3379  3380  3451  5824  4779  5161  5166
                               6529  5167
    3937   3   1   1   0   1   3532  3378  3380  3536  6929  4778  7057  6933
                               7999  6539
    3938   3   1   1   0   1   3546  3553  2997  2998  7254  7832  8051  6973
                               7830  2600
    3939   3   1   1   0   1   3171  3401  3174  3282  5269  4874  3873  5251
                               4884  6744
    3940   3   1   1   0   1   3123  3126  3122  3128  3699  3705  3693  3703
                               3702  3734
 
    ELEM MAT TYP REL ESY SEC        NODES
 
    3941   3   1   1   0   1   3520  3272  3271  3296  6489  4230  7678  7675
                               7938  6856
    3942   3   1   1   0   1   3270  3273  3174  3403  5375  4877  4223  5377
                               4876  4873
    3943   3   1   1   0   1   3406  1213  2915  2916  4901  4903  4902  4907
                               5789  2809
    3944   3   1   1   0   1   3201  3401  3101  3282  7028  4861  4227  6149
                               4884  4296
    3945   3   1   1   0   1   3406  2928  2929  2956  5097  2797  4905  5949
                               2736  2737
    3946   3   1   1   0   1   2963  2992  3250  3313  2645  4514  4126  7151
                               4516  4515
    3947   3   1   1   0   1   3167  3271  2962  3274  6855  7587  6648  6646
                               4235  6226
    3948   3   1   1   0   1   2962  3271  3313  3274  7587  7679  7150  6226
                               4235  7681
    3949   3   1   1   0   1   3271  2997  3296  3011  5082  6849  6856  5083
                               2566  4394
    3950   3   1   1   0   1   3313  3271  2991  2997  7679  5084  7152  7526
                               5082  2574
 
    ELEM MAT TYP REL ESY SEC        NODES
 
    3951   3   1   1   0   1   3313  2997  3546  3296  7526  8051  7671  7676
                               6849  7677
    3952   3   1   1   0   1   2929   922  2447   920  2852  2397  4906  2853
                                921  2396
    3953   3   1   1   0   1   3573  3235  3207  3209  7879  8053  7887  7996
                               8069  4008
    3954   3   1   1   0   1   3485  2107   711  3483  7994  5614  7657  5592
                               5612  5615
    3955   3   1   1   0   1   3570  1965  3539  1937  7434  7485  7484  7773
                               1584  7550
    3956   3   1   1   0   1   3554  1938  3203  1966  6991  7665  7909  6989
                               1582  6405
    3957   3   1   1   0   1   3145   958  1890  1984  3751  1819  5700  7233
                               1482  1481
    3958   3   1   1   0   1   3484  1937  3570  3539  7497  7773  7918  7975
                               7550  7484
    3959   3   1   1   0   1   3079  3081  3078  3082  3590  4656  3580  3592
                               3591  5469
    3960   3   1   1   0   1   3554  1938  3385  3203  6991  5647  7737  7909
                               7665  7444
 
    ELEM MAT TYP REL ESY SEC        NODES
 
    3961   3   1   1   0   1   3566  3538  2115  3489  7322  7319  7323  7330
                               7329  8071
    3962   3   1   1   0   1   3326  3567  2111  3568  7327  7437  7844  7325
                               7326  7623
    3963   3   1   1   0   1   2115  3566  3568  3567  7323  7324  7622  7320
                               7321  7326
    3964   3   1   1   0   1   3508   657  2284  3552  7714  2264  8027  7871
                               8056  8075
    3965   3   1   1   0   1   2283  3508   657  2284  7715  7714  2267  2243
                               8027  2264
    3966   3   1   1   0   1   3120  2435  2436  2448  5907  2391  6805  3832
                               2383  2304
    3967   3   1   1   0   1   3323  3551  2285  3552  6952  6951  6949  6961
                               8076  8077
    3968   3   1   1   0   1   3324  2112  3326  3323  4580  4584  4583  4577
                               4591  6823
    3969   3   1   1   0   1   3262  1881  1920  1921  4196  1719  5914  5912
                               1718  1665
    3970   3   1   1   0   1   3118  2436  3120  2435  6802  6805  3689  6800
                               2391  5907
 
    ELEM MAT TYP REL ESY SEC        NODES
 
    3971   3   1   1   0   1   3118  3120  1882  2435  3689  5909  6803  6800
                               5907  5910
    3972   3   1   1   0   1   3390  3280  3262  1950  6015  5916  5911  5921
                               5915  5913
    3973   3   1   1   0   1   3510  2458  3392  2434  6615  6563  6611  6814
                               2307  6818
    3974   3   1   1   0   1   3174  3012  3018  3013  3870  2537  3871  7281
                               2551  2536
    3975   3   1   1   0   1   3552  2284  3551  2285  8075  8074  8076  8077
                               2242  6951
    3976   3   1   1   0   1   3245  3363  3364  1974  6786  4722  7160  6188
                               6947  7746
    3977   3   1   1   0   1   3567  3552   657  3508  7869  8056  8078  7872
                               7871  7714
    3978   3   1   1   0   1   3112  1443  3277  3558  5221  5226  5225  7104
                               7700  7105
    3979   3   1   1   0   1   3092  3000  2971  2999  6544  2625  5690  5689
                               2597  2626
    3980   3   1   1   0   1   3270  3013  3018  3010  7101  2536  5369  5371
                               2550  2540
 
    ELEM MAT TYP REL ESY SEC        NODES
 
    3981   3   1   1   0   1   3403  2967  2995  3013  4913  2637  7099  7102
                               2495  2569
    3982   3   1   1   0   1   3166  3169  3163  3102  3854  3972  3970  3983
                               3982  4246
    3983   3   1   1   0   1   3272  3253  3102  3251  6493  5972  6910  6488
                               4137  5973
    3984   3   1   1   0   1   3092  2999  3014  3000  5689  2564  5268  6544
                               2597  2563
    3985   3   1   1   0   1   3106  3108  3116  3279  3663  6030  3676  4280
                               4294  4281
    3986   3   1   1   0   1   3428  3223  3217  3427  6156  6819  7793  7759
                               6906  6905
    3987   3   1   1   0   1   3191  3214  2283  3508  5980  4023  6300  6295
                               7716  7715
    3988   3   1   1   0   1   3090  3088  3098  3087  3618  5554  3643  3617
                               3614  3645
    3989   3   1   1   0   1   3270  3197  3295  3010  4225  5368  5367  5371
                               5372  5381
    3990   3   1   1   0   1   3251  3533  3216  3272  6498  8018  5971  6488
                               8049  6909
 
    ELEM MAT TYP REL ESY SEC        NODES
 
    3991   3   1   1   0   1   3172  3000  3014  3015  6543  2563  3875  5257
                               2562  2548
    3992   3   1   1   0   1   3173  3008  3009  3017  6659  2555  5619  3866
                               2541  2542
    3993   3   1   1   0   1   3439  2457  3252  3518  7900  7390  7016  7190
                               6435  6194
    3994   3   1   1   0   1   3366  3439  3369  3516  6512  7730  7988  6895
                               6524  7964
    3995   3   1   1   0   1   3479  3471  3187  3383  7698  5392  5558  5560
                               8039  5561
    3996   3   1   1   0   1   3557  1885  3368  2438  7079  5996  7075  7082
                               7084  7632
    3997   3   1   1   0   1   3415  3381  3351  3418  4946  7296  4936  4947
                               4949  5343
    3998   3   1   1   0   1   3172  3456  3134  3138  5255  5276  4671  5263
                               5262  5751
    3999   3   1   1   0   1   1432  3131  2907  2908  5088  7475  7046  5090
                               5087  2816
    4000   3   1   1   0   1   3129  1432  1445  1449  5080  1352  5078  5101
                               1351  1345
 
    ELEM MAT TYP REL ESY SEC        NODES
 
    4001   3   1   1   0   1   3096  2940  2971  2972  7362  2721  5715  6859
                               2720  2680
    4002   3   1   1   0   1   3096  2972  2971  3000  6859  2680  5715  7266
                               2624  2625
    4003   3   1   1   0   1   3320  2187  2186   668  6866  2155  4568  7176
                               2160  2162
    4004   3   1   1   0   1   3481  3543  2973  3500  7927  7930  7898  7899
                               7931  6861
    4005   3   1   1   0   1   3358  3542  3448  3359  7770  8062  5338  4715
                               7934  5150
    4006   3   1   1   0   1   3565  3352  3354  3448  7685  4702  8037  8044
                               8061  8079
    4007   3   1   1   0   1   3198  2960  2959  2922  6655  2700  7389  6799
                               2748  2751
    4008   3   1   1   0   1   3403  3174  3013  2995  4873  7281  7102  7099
                               7098  2569
    4009   3   1   1   0   1   3195  2988  2987  2959  5625  2609  5531  5533
                               2653  2656
    4010   3   1   1   0   1   3308   666  2187  2280  5454  2161  6864  5456
                               2273  7179
 
    ELEM MAT TYP REL ESY SEC        NODES
 
    4011   3   1   1   0   1   3501  1888  1889  2441  6601  1763  6604  5820
                               4859  4860
    4012   3   1   1   0   1   3164  3166  3198  2989  3848  3962  6654  6657
                               3963  3965
    4013   3   1   1   0   1   3266  3304  3363  3519  4728  4725  6205  6206
                               6208  7116
    4014   3   1   1   0   1   3017  3009  3173  3018  2542  5619  3866  2532
                               2539  5620
    4015   3   1   1   0   1   3317  3547  3365  3319  8020  7989  8034  4564
                               7857  7962
    4016   3   1   1   0   1   3213  3251  3254  3518  5969  4140  5966  7280
                               6192  7949
    4017   3   1   1   0   1   3399  3318  3316  3519  7391  4562  7708  6217
                               7114  8028
    4018   3   1   1   0   1   3319  3547  3571  3427  7857  7859  7808  7827
                               8029  7966
    4019   3   1   1   0   1   3185  3278  2965  3503  5865  5869  5868  6535
                               6566  6968
    4020   3   1   1   0   1   3130  2906  1431  1432  5956  5958  4133  5081
                               7412  1379
 
    ELEM MAT TYP REL ESY SEC        NODES
 
    4021   3   1   1   0   1   3346  3351  3354  3448  4698  8065  4705  7610
                               5336  8079
    4022   3   1   1   0   1   1041  1432  1431  2906  1329  1379  1422  2898
                               7412  5958
    4023   3   1   1   0   1   1037  2907  2908  1432  2897  2816  2894  1420
                               7046  5090
    4024   3   1   1   0   1   3497  3007  2984  3432  6454  2588  6203  5724
                               5859  7548
    4025   3   1   1   0   1   2188  2190  3452  3243  2151  5198  5196  5946
                               6825  6358
    4026   3   1   1   0   1   3127  2949  2983  2982  6702  2666  6453  7263
                               2669  2613
    4027   3   1   1   0   1   3131  2948  2907  2949  7476  2775  7475  7549
                               2709  2772
    4028   3   1   1   0   1   3415  3381  3382  3470  4946  4785  7427  8001
                               7292  5386
    4029   3   1   1   0   1   3415  3381  3417  3190  4946  4945  4944  7426
                               4788  6291
    4030   3   1   1   0   1   3350  1444  1434  1448  7539  1350  7238  6467
                               1340  1323
 
    ELEM MAT TYP REL ESY SEC        NODES
 
    4031   3   1   1   0   1   3381  3358  3351  3418  7287  5337  7296  4949
                               5344  5343
    4032   3   1   1   0   1   3511  1309  1315  1314  6027  1246  7168  6269
                               1247  1240
    4033   3   1   1   0   1   3234  3418  3320  3323  5345  6958  6573  4576
                               6957  4588
    4034   3   1   1   0   1   3376  2932  2967  2933  5045  2732  4920  4772
                               2793  2731
    4035   3   1   1   0   1    904  3377  1309   902  7947  6774  4798   903
                               4781  4791
    4036   3   1   1   0   1   3374  3378  3511  1309  4804  8000  6025  5068
                               6775  6027
    4037   3   1   1   0   1   3375  3403  3469  2967  4921  5374  7096  4918
                               4913  7282
    4038   3   1   1   0   1   1309  1308  1314  3511  1263  1248  1247  6027
                               6026  6269
    4039   3   1   1   0   1   3231  3233  3351  3234  4074  4938  5331  4078
                               4081  4935
    4040   3   1   1   0   1   1309  1310   677   902  1262  1279  1280  4791
                               4784  3040
 
    ELEM MAT TYP REL ESY SEC        NODES
 
    4041   3   1   1   0   1   2914  1211  1020  1213  7189  1206  2882  7613
                               1188  1204
    4042   3   1   1   0   1   3381  3448  3358  3542  8043  5338  7287  7299
                               8062  7770
    4043   3   1   1   0   1   3023  2914  1211  1022  2510  7189  8045  2512
                               2883  1210
    4044   3   1   1   0   1   3178  2914  2915  1213  7612  2810  6964  3894
                               7613  4903
    4045   3   1   1   0   1   3150   644   774   772  7775  2482  4407  7363
                               2483   773
    4046   3   1   1   0   1   3087  3527  3191  3214  6547  6298  3932  5979
                               6301  5980
    4047   3   1   1   0   1   3439  2457  3518  2452  7900  6435  7190  7192
                               2350  6434
    4048   3   1   1   0   1   3208  3233  3235  3347  4077  4082  7614  7774
                               4688  8052
    4049   3   1   1   0   1   3185  3278  3407  2956  5865  5871  5870  5867
                               5866  5950
    4050   3   1   1   0   1   3297  3088  3087  3150  4398  3614  5232  5524
                               5525  6549
 
    ELEM MAT TYP REL ESY SEC        NODES
 
    4051   3   1   1   0   1   3407  2459  2447  2446  6065  2334  5096  6568
                               2301  2337
    4052   3   1   1   0   1   3098  2941  2940  2972  5712  2785  5566  7778
                               2719  2720
    4053   3   1   1   0   1   3252  3518  2457  2463  6194  6435  7390  4128
                               6491  2324
    4054   3   1   1   0   1   3088  2940  2939  2971  5565  2786  4405  5714
                               2721  2722
    4055   3   1   1   0   1   3357   768  2942  2943  7135  2826  7846  7137
                               2825  2783
    4056   3   1   1   0   1   3489  3566  3568  2115  7330  7324  8047  8071
                               7323  7622
    4057   3   1   1   0   1   3258  1435  2192  2193  4174  6700  6580  5885
                               4161  2131
    4058   3   1   1   0   1   3216  3549  3272  3533  6912  6914  6909  8018
                               7592  8049
    4059   3   1   1   0   1   3566  3508  3567  3255  7344  7872  7321  7341
                               7991  7652
    4060   3   1   1   0   1   2100  3156  2454  3158  3802  4182  7417  3810
                               3809  4184
 
    ELEM MAT TYP REL ESY SEC        NODES
 
    4061   3   1   1   0   1   3329  3332  3544  1898  6371  7985  7799  4851
                               5229  6796
    4062   3   1   1   0   1   1039  2907  1432  2906  2896  7046  1421  2899
                               2817  7412
    4063   3   1   1   0   1   3176  1899   841   839  4611  1801  5495  4502
                               1802   840
    4064   3   1   1   0   1   3175  3311  3329  3327  4598  4601  4600  4594
                               6145  6364
    4065   3   1   1   0   1   3410  3544  3413  3412  6944  7800  4928  4927
                               7533  4930
    4066   3   1   1   0   1   3268  3397  3400  3396  4854  4858  4857  5407
                               4841  5410
    4067   3   1   1   0   1   3400   845   826   843  7157  3067  7534  7158
                                844  3066
    4068   3   1   1   0   1   1433  1434  3133  1033  1377  3719  7244  1417
                               1328  6255
    4069   3   1   1   0   1   3285  1878  1919  1879  7350  1722  4957  4800
                               1772  1721
    4070   3   1   1   0   1   3300  3302  1902  3389  4432  4431  4420  4834
                               6674  7499
 
    ELEM MAT TYP REL ESY SEC        NODES
 
    4071   3   1   1   0   1      6  1301  3049   671  1225  7935  3030   670
                               1274  3029
    4072   3   1   1   0   1   3242  3452  3236  3234  6356  6359  4102  5349
                               5679  4083
    4073   3   1   1   0   1    896   671  1301   673  3034  1274  7867  3037
                                672  1275
    4074   3   1   1   0   1   3339  2108  2101   690  4633  2060  6694  6691
                               2080  2077
    4075   3   1   1   0   1   3486  3488  3537  3337  5605  7790  8072  7921
                               7421  7747
    4076   3   1   1   0   1   3488  2108  3485  2107  6682  7851  5603  7922
                               2061  7994
    4077   3   1   1   0   1   3350  3348  3205  1447  4695  5684  7814  7703
                               5687  6463
    4078   3   1   1   0   1   3344  3470  3383  3471  5385  6242  6241  5391
                               8007  8039
    4079   3   1   1   0   1   3183  3535  3534  3379  6530  6618  6526  5824
                               6531  7567
    4080   3   1   1   0   1   3535   900  3379  3451  7561  7942  6531  6532
                               7562  6529
 
    ELEM MAT TYP REL ESY SEC        NODES
 
    4081   3   1   1   0   1   3307  3207  3306  3473  5156  7886  4462  5398
                               6837  7646
    4082   3   1   1   0   1   3480  3098  3088  3478  5567  5554  5568  5571
                               5553  5555
    4083   3   1   1   0   1   1973  3279  3514  3109  4445  6077  6321  4444
                               4290  6672
    4084   3   1   1   0   1   3188  3566  3255  3508  7441  7341  7723  5982
                               7344  7991
    4085   3   1   1   0   1    917  1130    11  3076  1128  1050   918  4530
                               8050  3053
    4086   3   1   1   0   1   3107  1971  1972  1951  6010  1518  6061  6008
                               1545  1544
    4087   3   1   1   0   1    774  3150  2940  2939  4407  5708  2831  2832
                               4409  2786
    4088   3   1   1   0   1   3076   917  1212    11  4530  1197  4531  3053
                                918  1163
    4089   3   1   1   0   1   3319  3476  3427  3218  7767  5486  7827  7705
                               5488  5487
    4090   3   1   1   0   1   1303  3455  1139  3490  8014  5236  7278  5639
                               8080  7131
 
    ELEM MAT TYP REL ESY SEC        NODES
 
    4091   3   1   1   0   1   3490  3455  3397  3424  8080  5423  7130  7309
                               6352  7312
    4092   3   1   1   0   1   3291  3563  3490  1303  7310  7308  7311  7268
                               7271  5639
    4093   3   1   1   0   1   1304  3563  1303  3491  7273  7271  1267  7950
                               7932  5640
    4094   3   1   1   0   1   1303  3291  3455  3490  7268  7090  8014  5639
                               7311  8080
    4095   3   1   1   0   1   3483  3487  3489  3395  5601  7974  5616  8070
                               7995  7333
    4096   3   1   1   0   1   3539  3447  1964  1965  7446  7740  6716  7485
                               5135  1455
    4097   3   1   1   0   1   3539  3572  1936  1935  7627  7584  7480  6717
                               7582  1642
    4098   3   1   1   0   1   3327  3365  3413  3329  6366  6518  6516  6364
                               6367  7440
    4099   3   1   1   0   1   3076   837  3310   820  3052  4533  4529  3051
                               3060  5491
    4100   3   1   1   0   1   3136  3345  3193  3264  4672  5743  4677  4676
                               7643  4678
 
    ELEM MAT TYP REL ESY SEC        NODES
 
    4101   3   1   1   0   1   1130    11  3076   820  1050  3053  8050  1113
                                819  3051
    4102   3   1   1   0   1   3461  3345  3264  3193  5293  7643  6428  6426
                               5743  4678
    4103   3   1   1   0   1   3141  3499  3144  3342  6762  6756  3749  6889
                               6746  6890
    4104   3   1   1   0   1   3176   820  1130  3310  4504  1113  5479  4532
                               5491  5478
    4105   3   1   1   0   1   3483  3488  3485  2107  5604  5603  5592  5612
                               7922  7994
    4106   3   1   1   0   1   3473  3555  3471  3347  7037  8016  6844  6836
                               7038  6843
    4107   3   1   1   0   1   3410  3329   841  1899  5493  7802  5497  5499
                               4852  1801
    4108   3   1   1   0   1     87  1142  1143  3113  1102  1088  1101  6651
                               7051  6650
    4109   3   1   1   0   1   3566  3416  3337  3338  7336  4940  7743  7316
                               7753  4626
    4110   3   1   1   0   1   3445  1450  1443  1430  5218  1347  6344  6110
                               1348  1371
 
    ELEM MAT TYP REL ESY SEC        NODES
 
    4111   3   1   1   0   1   3387  3459  3107  1978  6993  6668  6018  6987
                               6995  6988
    4112   3   1   1   0   1   3089  3094  3454  3193  3634  5757  5801  3939
                               3938  5758
    4113   3   1   1   0   1   3260  2282  3214  3158  4181  5245  5244  4180
                               4178  7727
    4114   3   1   1   0   1   3399  3318  3544  3413  7391  7760  7761  7707
                               7706  7800
    4115   3   1   1   0   1   3561  1897  1896   845  7862  1755  7530  7156
                               1805  1808
    4116   3   1   1   0   1   3396   847  3400  3268  5412  5411  5410  5407
                               7968  4857
    4117   3   1   1   0   1   3214  3158   659  3255  7727  6797  4024  7719
                               7726  4146
    4118   3   1   1   0   1   3087  3478  3150  3088  5556  5570  6549  3614
                               5555  5525
    4119   3   1   1   0   1   3478  3480  3192  3526  5571  5575  7992  6303
                               7017  7361
    4120   3   1   1   0   1   3098  3096  2972  2940  5541  6859  7778  5566
                               7362  2720
 
    ELEM MAT TYP REL ESY SEC        NODES
 
    4121   3   1   1   0   1   3350  1444  1435  1434  7539  1373  7538  7238
                               1350  1376
    4122   3   1   1   0   1   3089  3186  3193  3194  3908  3940  3939  3941
                               3943  5976
    4123   3   1   1   0   1   3158  3188  3255  3214  7725  7723  7726  7727
                               5978  7719
    4124   3   1   1   0   1   3260  3454  3284  3391  5357  5361  4821  4822
                               6482  4820
    4125   3   1   1   0   1     87  1430  1142  3113  1396  7660  1102  6651
                               7574  7051
    4126   3   1   1   0   1   3132  2912  2954  2953  4162  2762  4155  6379
                               2765  2704
    4127   3   1   1   0   1   3258  2193  2192  2185  5885  2131  6580  6581
                               2137  2124
    4128   3   1   1   0   1   3285  2189  3243  3241  4328  5948  4321  4324
                               6824  4104
    4129   3   1   1   0   1   3110  1145  1144  3113  4839  1068  7920  3670
                               7118  7050
    4130   3   1   1   0   1   3508   657  3255  3214  7714  4145  7991  7716
                               4025  7719
 
    ELEM MAT TYP REL ESY SEC        NODES
 
    4131   3   1   1   0   1   3191  2294  3525  2284  6305  7817  6297  7360
                               2229  8073
    4132   3   1   1   0   1   3189  3190  3192  3383  3925  6885  3949  5562
                               4790  5564
    4133   3   1   1   0   1   3111  1150  1142  1132  7659  1052  7032  5116
                               1054  1089
    4134   3   1   1   0   1   3566  3537  3338  3337  7314  6557  7316  7743
                               7747  4626
    4135   3   1   1   0   1   3313  3271  2997  3296  7679  5082  7526  7676
                               6856  6849
    4136   3   1   1   0   1   3415  3470  3416  3555  8001  7749  4939  7750
                               8017  7751
    4137   3   1   1   0   1   3326  3567  3566  3552  7327  7321  7315  6962
                               7869  7870
    4138   3   1   1   0   1   3567  3552  2111   657  7869  8055  7437  8078
                               8056  2072
    4139   3   1   1   0   1   3334  3369  3516  3365  6376  7964  6523  5811
                               6377  6517
    4140   3   1   1   0   1   3524  1216  1317  1300  7207  8036  7251  7210
                               6630  1229
 
    ELEM MAT TYP REL ESY SEC        NODES
 
    4141   3   1   1   0   1   3566  3382  3509  3472  7334  7442  7339  7335
                               5400  7359
    4142   3   1   1   0   1   3439  3252  2457  2453  7016  7390  7900  7228
                               7227  2351
    4143   3   1   1   0   1   1307   908   906   681  4259   907  5046  1284
                               3045  3046
    4144   3   1   1   0   1   1309  1308  3440   904  1263  5048  5071  4798
                               6232  5043
    4145   3   1   1   0   1   3364  3303  3304  3363  4734  4450  4726  4722
                               6204  4725
    4146   3   1   1   0   1   3112  3230  3291  3277  6246  5503  6351  5225
                               6245  4362
    4147   3   1   1   0   1   3440   904   906  2932  5043   905  5049  5044
                               2846  2847
    4148   3   1   1   0   1   1043  1429  1045  2904  1424  1427  1044  2903
                               6421  2902
    4149   3   1   1   0   1   3248  3159  3518  3160  7787  7049  7191  4116
                               3814  7047
    4150   3   1   1   0   1   3254  2462  3253  3159  7043  6653  4139  7042
                               6585  6199
 
    ELEM MAT TYP REL ESY SEC        NODES
 
    4151   3   1   1   0   1   3453  1431  2904  1429  5228  6424  6420  6419
                               1380  6421
    4152   3   1   1   0   1   3168  3249  3253  3274  6044  6236  6238  6645
                               6569  6494
    4153   3   1   1   0   1   3278  2965  2928  2956  5869  2739  4275  5866
                               2694  2736
    4154   3   1   1   0   1   3213  3254  3251  3253  5966  4140  5969  5967
                               4139  4137
    4155   3   1   1   0   1    849  1894  3110   851  1812  5405  5406   850
                               1811  5107
    4156   3   1   1   0   1   3247  3366  3439  3369  6505  6512  5037  5039
                               7988  7730
    4157   3   1   1   0   1   3168  3253  3102  3274  6238  5972  3985  6645
                               6494  4241
    4158   3   1   1   0   1   3401  3409  3402  3225  5649  6158  4868  5651
                               5650  6153
    4159   3   1   1   0   1   3529  3412  3430  3397  7860  7354  8012  8013
                               7353  7355
    4160   3   1   1   0   1   3398  3397  3455  3465  4849  5423  5422  6081
                               7313  7027
 
    ELEM MAT TYP REL ESY SEC        NODES
 
    4161   3   1   1   0   1   3512  3408  1218  1217  6714  4892  6064  6712
                               6715  1182
    4162   3   1   1   0   1   3446  1871  1002  1870  7520  1858  7432  6108
                               1780  1859
    4163   3   1   1   0   1   3450  3218  3536  3476  6540  6538  6541  7837
                               5488  7912
    4164   3   1   1   0   1   3278  3503  3314  2993  6566  6567  6048  6967
                               6966  7805
    4165   3   1   1   0   1   3424  3374  3290  3409  7606  5072  5500  5321
                               4911  5504
    4166   3   1   1   0   1   3401  3404  3402  3409  4878  4924  4868  5649
                               4910  6158
    4167   3   1   1   0   1   3446  1000  1871  1872  7519  1857  7520  5791
                               1856  1779
    4168   3   1   1   0   1   3463  3104  3225  3464  6150  6151  5302  5308
                               6209  5314
    4169   3   1   1   0   1   3445  1430  1436  1450  6110  1375  7430  5218
                               1348  1349
    4170   3   1   1   0   1   3454  3194  3391  3260  5975  6614  6482  5357
                               6552  4822
 
    ELEM MAT TYP REL ESY SEC        NODES
 
    4171   3   1   1   0   1   3142  1912  1943  1944  5798  1634  6751  3763
                               1633  1578
    4172   3   1   1   0   1   3397  3490  1139  3455  7130  7131  6361  5423
                               8080  5236
    4173   3   1   1   0   1   3491   790   792  1304  7265   791  5637  7950
                               1291  1290
    4174   3   1   1   0   1   3411  3412  3413  3316  4926  4930  4929  7842
                               7977  7709
    4175   3   1   1   0   1   3216  3217  3427  3571  6821  6905  6904  8030
                               7465  7966
    4176   3   1   1   0   1   3562  3563  1304  3491  7399  7273  7255  7841
                               7932  7950
    4177   3   1   1   0   1   1430    89  1142  1150  1397  1103  7660  7654
                               1056  1052
    4178   3   1   1   0   1   3490  1303   792  1139  5639  1293  5638  7131
                               7278  1108
    4179   3   1   1   0   1   3397  3424  3430  3490  7312  6159  7355  7130
                               7309  7757
    4180   3   1   1   0   1   1430   853  1986    27  5113  1474  7036  1425
                                854  1476
 
    ELEM MAT TYP REL ESY SEC        NODES
 
    4181   3   1   1   0   1    853   851   834  1132   852  3073  3074  5130
                               7143  1124
    4182   3   1   1   0   1    770  2290   642   768  7839  2253  2479   769
                               8002  2480
    4183   3   1   1   0   1   3443   853  1893  1986  5110  1813  7012  7658
                               1474  1466
    4184   3   1   1   0   1   3415  3234  3418  3351  4934  5345  4947  4936
                               4935  5343
    4185   3   1   1   0   1   3075    10    27  1430  3056  1320  3058  7655
                               1330  1425
    4186   3   1   1   0   1   2289  2290   642   770  2238  2253  2254  7840
                               7839  2479
    4187   3   1   1   0   1   3567  3508   657  3255  7872  7714  8078  7652
                               7991  4145
    4188   3   1   1   0   1   3323  3551  3552  3338  6952  8076  6961  6576
                               7666  6963
    4189   3   1   1   0   1   3325  3326  2116  3568  4585  4637  4636  7418
                               7325  7624
    4190   3   1   1   0   1   3415  3338  3508  3551  5634  7754  8042  7428
                               7666  7777
 
    ELEM MAT TYP REL ESY SEC        NODES
 
    4191   3   1   1   0   1   3191  3478  3192  3526  6302  7992  5552  6304
                               6303  7361
    4192   3   1   1   0   1   3502  3268  1930  1895  6072  6076  6075  6870
                               5409  1694
    4193   3   1   1   0   1   3514  1976  1975  1981  6923  1513  6322  6741
                               1499  1500
    4194   3   1   1   0   1   3464  3104  3462  3267  6209  5297  6663  6211
                               6210  6917
    4195   3   1   1   0   1   3525  3190  3526  3191  6290  6294  6293  6297
                               5977  6304
    4196   3   1   1   0   1   3321   655  2285   653  7661  2262  7305  7796
                                654  2263
    4197   3   1   1   0   1   3336  3337  3493  3234  4628  5674  5678  4623
                               5610  5672
    4198   3   1   1   0   1   3177  1867  1987  1013  5474  1469  6099  6337
                               1865  1470
    4199   3   1   1   0   1   3502  1958  1939  1929  5828  1600  6872  5826
                               1601  1653
    4200   3   1   1   0   1   3115  1923  3517  1924  7110  7779  6185  7081
                               1662  7077
 
    ELEM MAT TYP REL ESY SEC        NODES
 
    4201   3   1   1   0   1   3560  3564  3526  3417  7554  7894  7910  7913
                               7291  6292
    4202   3   1   1   0   1   3418  3466  3240  3362  5342  5588  5347  7406
                               7177  7178
    4203   3   1   1   0   1   3249  3274  2963  3313  6569  6223  4125  7680
                               7681  7151
    4204   3   1   1   0   1   3347  3555  3233  3556  7038  7752  4688  7041
                               7040  8067
    4205   3   1   1   0   1   1961  1955  3331  1960  1536  4742  6374  1563
                               1537  7829
    4206   3   1   1   0   1   1134   847   828  3396  3575  3069  1121  5417
                               5412  5413
    4207   3   1   1   0   1   3307  3263  3122  3264  4463  4374  4474  6841
                               4202  4218
    4208   3   1   1   0   1   3479  3565  3383  3542  7682  7439  5560  7684
                               7683  7301
    4209   3   1   1   0   1   3551  3320  3362  3418  6953  5443  8005  6959
                               6958  7406
    4210   3   1   1   0   1   3502  3398  3268  1895  6057  5408  6072  6870
                               4848  5409
 
    ELEM MAT TYP REL ESY SEC        NODES
 
    4211   3   1   1   0   1   3234  3418  3240  3320  5345  5347  4095  6573
                               6958  6574
    4212   3   1   1   0   1   3113  1142  1143  1144  7051  1088  6650  7050
                               1070  1069
    4213   3   1   1   0   1   3356  3360   640   766  4716  7149  7146  7812
                               7148  2478
    4214   3   1   1   0   1   3460  3458  1979  3459  5279  6665  6664  5278
                               5277  6726
    4215   3   1   1   0   1   3202  3077  3081  3343  3990  3989  3988  5157
                               5145  4653
    4216   3   1   1   0   1   3568  3537  3489  3488  7419  7748  8047  7791
                               7790  5618
    4217   3   1   1   0   1   3560  3358  3417  3418  7555  7288  7913  8031
                               5344  4948
    4218   3   1   1   0   1   3280  1921  1950  1951  5917  1618  5915  6006
                               1617  1572
    4219   3   1   1   0   1   3118  1882   975  2435  6803  1835  6801  6800
                               5910  2424
    4220   3   1   1   0   1   3566  3255  3567  3538  7341  7652  7321  7322
                               7653  7318
 
    ELEM MAT TYP REL ESY SEC        NODES
 
    4221   3   1   1   0   1   3121  1921  1922  1882  5920  1664  6457  5919
                               1717  1716
    4222   3   1   1   0   1   1881   977  1882  2435  1837  1836  1770  4198
                               2423  5910
    4223   3   1   1   0   1   3234  3233  3337  3235  4081  4943  5610  4079
                               4082  7998
    4224   3   1   1   0   1   3324  3325  3335  3336  4582  4638  4617  4621
                               4631  6357
    4225   3   1   1   0   1   3488  3325  3537  3337  6683  6556  7790  7421
                               4629  7747
    4226   3   1   1   0   1   3235  3231  3208  3236  4080  4075  7614  4085
                               4084  5330
    4227   3   1   1   0   1   1983  1222  1007  1869  4318  1167  1487  1485
                               4319  1862
    4228   3   1   1   0   1   3501  1889  1222  2442  6604  4320  6599  6592
                               4472  8060
    4229   3   1   1   0   1   3501  3333  3438  3328  6603  6136  6607  6596
                               6089  6520
    4230   3   1   1   0   1   3337  3234  3235  3495  5610  4079  7998  5675
                               5673  7425
 
    ELEM MAT TYP REL ESY SEC        NODES
 
    4231   3   1   1   0   1   3337  3338  3325  3537  4626  4630  4629  7747
                               6557  6556
    4232   3   1   1   0   1   3415  3416  3338  3337  4939  7753  5634  4941
                               4940  4626
    4233   3   1   1   0   1   3573  3487  3570  3539  7901  7916  7556  7903
                               7902  7484
    4234   3   1   1   0   1   3177  1011  1214  1868  6336  1201  6339  6334
                               1863  4505
    4235   3   1   1   0   1   3521  3249  3250  3520  7742  4124  6220  6221
                               6496  6218
    4236   3   1   1   0   1   1869  1910  3333  1868  1740  7397  6901  1781
                               1739  7468
    4237   3   1   1   0   1   3501  2442  1222  1220  6592  8060  6599  6591
                               6589  1162
    4238   3   1   1   0   1   1007  1214  1869  1222  1199  4199  1862  1167
                               1166  4319
    4239   3   1   1   0   1   3262  3510  2434  3120  6612  6814  4194  5905
                               6084  5906
    4240   3   1   1   0   1   3375  3373  3469  3550  4765  7477  7096  6928
                               6927  7481
 
    ELEM MAT TYP REL ESY SEC        NODES
 
    4241   3   1   1   0   1   3401  3345  3225  3104  4863  7718  5651  4864
                               4865  6151
    4242   3   1   1   0   1   1875  1874   994  1438  1776  1851  1850  3607
                               5473  1405
    4243   3   1   1   0   1   3201  3271  3167  3274  6721  6855  3975  4240
                               4235  6646
    4244   3   1   1   0   1   3283  2958  2959  2987  5518  2701  5532  5527
                               2655  2656
    4245   3   1   1   0   1   3566  3255  3538  3395  7341  7653  7322  7331
                               7343  7332
    4246   3   1   1   0   1   3543  3500  3564  3542  7931  8024  7771  6779
                               8011  7303
    4247   3   1   1   0   1    994  1438   992  1875  1405  1406   993  1850
                               3607  1849
    4248   3   1   1   0   1   3483  3395  3489  2106  8070  7333  5616  7636
                               7630  7637
    4249   3   1   1   0   1   3233  3337  3556  3416  4943  7744  8067  4942
                               4940  8066
    4250   3   1   1   0   1   3415  3382  3190  3508  7427  4789  7426  8042
                               5981  5983
 
    ELEM MAT TYP REL ESY SEC        NODES
 
    4251   3   1   1   0   1   3508  3552  3338  3566  7871  6963  7754  7344
                               7870  7316
    4252   3   1   1   0   1   3323  2112  3552   655  4591  7403  6961  7662
                               2070  8054
    4253   3   1   1   0   1   3298  2113  3299  3301  4552  4550  4412  4426
                               4551  4544
    4254   3   1   1   0   1   3370  2440  2439   967  5028  2386  5032  5814
                               2413  2416
    4255   3   1   1   0   1   3191  3526  3525  2294  6304  6293  6297  6305
                               6307  7817
    4256   3   1   1   0   1   3158  3538  2110  3255  6640  7585  7597  7726
                               7653  4147
    4257   3   1   1   0   1   2114  3158  3538  2110  7598  6640  7487  2045
                               7597  7585
    4258   3   1   1   0   1   3121  3119  1952  3109  6806  7108  7687  7386
                               6181  7106
    4259   3   1   1   0   1   3543  3481  3564  3500  7927  7892  7771  7931
                               7899  8024
    4260   3   1   1   0   1   3315  2432  2461  2454  4553  2330  6561  6562
                               2335  2315
 
    ELEM MAT TYP REL ESY SEC        NODES
 
    4261   3   1   1   0   1   3484   711  1906  1905  7854  1787  7621  7496
                               1790  1746
    4262   3   1   1   0   1   3196  3284  3468  3393  4304  5363  6166  6019
                               6173  6147
    4263   3   1   1   0   1    711   694   713  2107  2005  2006   712  5614
                               2081  5611
    4264   3   1   1   0   1   3098  3480  3192  3478  5567  5575  3934  5553
                               5571  7992
    4265   3   1   1   0   1   3538  2106  2105  2114  7634  2063  7486  7487
                               2019  2050
    4266   3   1   1   0   1   2107   694   713  2106  2081  2006  5611  2062
                               2084  5597
    4267   3   1   1   0   1   2107  2115  3489  3568  2049  8071  7635  7785
                               7622  8047
    4268   3   1   1   0   1   3197  2989  3010  3009  3964  2578  5372  5621
                               2581  2554
    4269   3   1   1   0   1   3196  3108  3393  3468  4250  6020  6019  6166
                               5439  6147
    4270   3   1   1   0   1   1934  1902  1941  3390  1684  1646  1643  7001
                               7551  6983
 
    ELEM MAT TYP REL ESY SEC        NODES
 
    4271   3   1   1   0   1   3301  2113  2114  2105  4551  2039  7488  4425
                               2020  2050
    4272   3   1   1   0   1   3169  2460  2455  2462  6024  2345  6022  6586
                               2325  2328
    4273   3   1   1   0   1   3313  3520  3314  3250  7672  6219  4519  4515
                               6218  4518
    4274   3   1   1   0   1   3546  3504  2998  2970  6832  7594  6973  6971
                               7595  2631
    4275   3   1   1   0   1   3335  2186  2182   783  4618  2157  6413  7223
                               2164  2169
    4276   3   1   1   0   1    705  2182  1984    42  7236  7235  1483   704
                               2181  1484
    4277   3   1   1   0   1   3154  2939   776  2938  4404  2833  4495  5520
                               2787  2834
    4278   3   1   1   0   1   3156  2454   810    39  4182  2370  3800  3799
                               2371   811
    4279   3   1   1   0   1   3435  3434  3352  3541  5005  6776  6767  6771
                               7381  6784
    4280   3   1   1   0   1   3308  3361  3360  3362  5769  4717  5585  5444
                               4721  4720
 
    ELEM MAT TYP REL ESY SEC        NODES
 
    4281   3   1   1   0   1   3243  3285  1919  3287  4321  4957  4960  5947
                               4326  5940
    4282   3   1   1   0   1    958  2182    42  1984  2180  2181   959  1482
                               7235  1484
    4283   3   1   1   0   1   3543  3352  3359  3541  6781  7933  7710  7929
                               6784  8059
    4284   3   1   1   0   1   3507  1907  1908  1942  5928  1744  6407  5926
                               1639  1459
    4285   3   1   1   0   1   3145  1890  1928  1908  5700  1701  5703  6409
                               1743  1675
    4286   3   1   1   0   1   3541  3003  3359  3569  7383  8003  8059  8010
                               7358  7504
    4287   3   1   1   0   1   3325  2112  2102  2116  4581  2016  4587  4636
                               2041  2040
    4288   3   1   1   0   1   3543  3002  3541  2974  7928  7720  7929  7926
                               2620  7721
    4289   3   1   1   0   1   3381  3358  3448  3351  7287  5338  8043  7296
                               5337  5336
    4290   3   1   1   0   1   3188  3566  3508  3382  7441  7344  5982  5806
                               7334  5981
 
    ELEM MAT TYP REL ESY SEC        NODES
 
    4291   3   1   1   0   1   3486  3537  3488  3489  8072  7790  5605  5617
                               7748  5618
    4292   3   1   1   0   1   3353  3122  3471  3206  5682  5393  6124  5681
                               5153  7003
    4293   3   1   1   0   1   3483  3487  3572  1904  5601  7905  7919  5599
                               5602  7583
    4294   3   1   1   0   1   1892   952  2194  1982  1816  2134  4314  1465
                               1491  4317
    4295   3   1   1   0   1   3337  3416  3566  3556  4940  7336  7743  7744
                               8066  7349
    4296   3   1   1   0   1   3287  2188  2189  2184  5945  2152  4327  4330
                               2154  2123
    4297   3   1   1   0   1   1892   952   954  2184  1816   953  1815  6986
                               2174  2175
    4298   3   1   1   0   1   3346  3448  3352  3349  7610  8061  4703  4693
                               7611  7013
    4299   3   1   1   0   1   3421  1919  3419  1918  5942  4958  4962  5748
                               1666  7317
    4300   3   1   1   0   1   3287  1891   956  2184  5706  1817  5704  4330
                               6985  2176
 
    ELEM MAT TYP REL ESY SEC        NODES
 
    4301   3   1   1   0   1   3573  3447  3539  3570  7980  7446  7903  7556
                               7433  7484
    4302   3   1   1   0   1   3201  3295  3167  3271  5366  6853  3975  6721
                               6851  6855
    4303   3   1   1   0   1   3503  3504  3546  2970  5835  6832  6831  6975
                               7595  6971
    4304   3   1   1   0   1   3378  3425  3511  1315  7601  7803  8000  7095
                               7605  7168
    4305   3   1   1   0   1     38  2297  2186   668  2210  7174  2163   669
                               2208  2162
    4306   3   1   1   0   1   3551  2293  2285  2284  7402  2231  6951  8074
                               2227  2242
    4307   3   1   1   0   1   3414  3405  2967  2966  4932  4915  4933  6309
                               7072  2690
    4308   3   1   1   0   1   3469  3376  2968  3373  7478  7946  7197  7477
                               4766  7276
    4309   3   1   1   0   1   3107  1971  1980  1972  6010  1505  6060  6061
                               1518  1504
    4310   3   1   1   0   1   3532  3425  3378  3536  6935  7601  6929  6933
                               6936  7999
 
    ELEM MAT TYP REL ESY SEC        NODES
 
    4311   3   1   1   0   1   3320  2297  2280   668  7175  2200  5458  7176
                               2208  2272
    4312   3   1   1   0   1   3366  3547  3516  3365  6892  6896  6895  6793
                               7989  6517
    4313   3   1   1   0   1   3352  3434  3448  3359  6776  5147  8061  7933
                               5151  5150
    4314   3   1   1   0   1   3262  2434  3392  1880  4194  6818  5900  5901
                               5904  5898
    4315   3   1   1   0   1     38   653  2117  2297   652  2034  2036  2210
                               2209  7663
    4316   3   1   1   0   1   3367  3372  1956  3331  4757  4760  4744  4743
                               6369  4745
    4317   3   1   1   0   1   3321  3322  3324  2186  4573  4578  4590  4570
                               4571  4619
    4318   3   1   1   0   1   3119  1922  1923  1883  6808  1663  7113  6812
                               1715  1714
    4319   3   1   1   0   1    666  2187  2280   668  2161  7179  2273   667
                               2160  2272
    4320   3   1   1   0   1   1934  1903  3389  1935  1685  7500  7000  1644
                               1682  7762
 
    ELEM MAT TYP REL ESY SEC        NODES
 
    4321   3   1   1   0   1   3365  3317  3318  3304  8034  4561  7961  4727
                               7959  7115
    4322   3   1   1   0   1   3552   655  2112  2111  8054  2070  7403  8055
                               2071  2057
    4323   3   1   1   0   1   3477  3002  3474  3432  5855  5854  5851  7797
                               5857  5856
    4324   3   1   1   0   1   3460  1979  1976  1980  6664  1501  6666  6671
                               1493  1494
    4325   3   1   1   0   1   3543  3477  3500  3542  6780  6860  7931  6779
                               6777  8011
    4326   3   1   1   0   1   3477  3475  3479  3352  6449  6133  6857  6769
                               6456  6455
    4327   3   1   1   0   1   3541  3359  3003  2986  8059  8003  7383  7385
                               8025  2595
    4328   3   1   1   0   1   3525  2284  2294  2293  8073  2229  7817  7816
                               2227  2215
    4329   3   1   1   0   1   3137   664  2183   666  4488  2167  5577  5455
                                665  2166
    4330   3   1   1   0   1   3292  3433  3432  2951  4997  4996  4993  5720
                               5722  7510
 
    ELEM MAT TYP REL ESY SEC        NODES
 
    4331   3   1   1   0   1   3432  3541  3002  3003  6772  7720  5857  7378
                               7383  2596
    4332   3   1   1   0   1   3005  3456  3139  3135  5259  5431  5434  5261
                               5260  7269
    4333   3   1   1   0   1   2186  3324  3321  2117  4619  4590  4570  4624
                               6956  7664
    4334   3   1   1   0   1   3095  3383  3192  3500  5559  5564  5563  5804
                               8023  5805
    4335   3   1   1   0   1    772  2940  3150  3480  2830  5708  7363  7008
                               5569  5572
    4336   3   1   1   0   1   3192  3564  3500  3542  7302  8024  5805  7300
                               7303  8011
    4337   3   1   1   0   1     38  2186  2297  2117  2163  7174  2210  2036
                               4624  7663
    4338   3   1   1   0   1   3474  3432  3497  3475  5856  5724  5860  6450
                               5727  5726
    4339   3   1   1   0   1   3540  2953  3433  3434  7375  7248  6765  6763
                               7697  4999
    4340   3   1   1   0   1   3093  3095  3457  3138  3635  5537  5745  3915
                               3914  5266
 
    ELEM MAT TYP REL ESY SEC        NODES
 
    4341   3   1   1   0   1   3471  3187  3383  3344  5392  5561  8039  5391
                               4667  6241
    4342   3   1   1   0   1   3172  3015  3096  3000  5257  6863  3920  6543
                               2562  7266
    4343   3   1   1   0   1   3541  3569  2974  3003  8010  7357  7721  7383
                               7358  2619
    4344   3   1   1   0   1   3321   655   653  2112  7661   654  7796  4592
                               2070  2069
    4345   3   1   1   0   1   2118  2109  3156  2100  2029  3807  3803  2023
                               2017  3802
    4346   3   1   1   0   1   3321  2117  2112   653  7664  2022  4592  7796
                               2034  2069
    4347   3   1   1   0   1   3321  2117   653  2297  7664  2034  7796  7306
                               7663  2209
    4348   3   1   1   0   1   3552  3508  3551  2284  7871  7777  8076  8075
                               8027  8074
    4349   3   1   1   0   1   3336  3485  3494  3486  6695  7739  7424  7924
                               5595  7543
    4350   3   1   1   0   1   3479  3565  3352  3354  7682  7685  6455  7794
                               8037  4702
 
    ELEM MAT TYP REL ESY SEC        NODES
 
    4351   3   1   1   0   1   3346  3352  3448  3354  4703  8061  7610  4705
                               4702  8079
    4352   3   1   1   0   1   3253  2463  2445  2462  4136  2323  6237  6653
                               2326  2322
    4353   3   1   1   0   1   3357  3481  3543  2974  7890  7927  7711  7897
                               7896  7926
    4354   3   1   1   0   1   3543  3569  3541  3359  7925  8010  7929  7710
                               7504  8059
    4355   3   1   1   0   1   3561  3269  1931  3330  7396  6723  7863  7864
                               7866  7952
    4356   3   1   1   0   1   3368  1885  1886  2439  5996  1766  5995  7633
                               8035  7733
    4357   3   1   1   0   1   3248  2452  2451  2439  5034  2354  5192  5031
                               2375  2378
    4358   3   1   1   0   1   2438   971  1885   969  2417  1830  7084  2418
                                970  1829
    4359   3   1   1   0   1   3368  1886  1925  1926  5995  1709  5994  7471
                               1708  1660
    4360   3   1   1   0   1   2439   967   969  1886  2416   968  2415  7733
                               1827  1828
 
    ELEM MAT TYP REL ESY SEC        NODES
 
    4361   3   1   1   0   1   3400  3412  3529  3397  7521  7860  7861  4858
                               7353  8013
    4362   3   1   1   0   1   3370  2439  2440  2452  5032  2386  5028  5033
                               2375  2376
    4363   3   1   1   0   1   3160  3439  3518  3248  6510  7190  7047  4116
                               5038  7191
    4364   3   1   1   0   1   3248  2438  2439  2451  7631  2387  5031  5192
                               2377  2378
    4365   3   1   1   0   1   3544  3561  1897  1932  7531  7862  6795  6794
                               8032  1690
    4366   3   1   1   0   1   3301  2114  2113  2100  7488  2039  4551  4545
                               2018  2054
    4367   3   1   1   0   1   3330  3332  1932  3544  4606  4608  4605  7983
                               7985  6794
    4368   3   1   1   0   1   3510  2458  2434  2448  6615  2307  6814  6815
                               2349  2363
    4369   3   1   1   0   1   3399  3544  3412  3413  7761  7533  7352  7707
                               7800  4930
    4370   3   1   1   0   1   3399  3413  3412  3316  7707  4930  7352  7708
                               7709  7977
 
    ELEM MAT TYP REL ESY SEC        NODES
 
    4371   3   1   1   0   1   3356   768  2943   766  7134  2825  7136  7812
                                767  2824
    4372   3   1   1   0   1   3276  3522  2904  1429  6315  6314  6313  4265
                               6418  6421
    4373   3   1   1   0   1   3227  1450  1431  1429  4064  1354  5227  6349
                               1355  1380
    4374   3   1   1   0   1   3398  3465  3268  3397  6081  6069  5408  4849
                               7313  4854
    4375   3   1   1   0   1   3529  3397  3430  3490  8013  7355  8012  7186
                               7130  7757
    4376   3   1   1   0   1   3424  3409  3425  3374  5321  6931  4977  7606
                               4911  7602
    4377   3   1   1   0   1   3201  3222  3102  3101  4239  4238  4228  4227
                               4045  3652
    4378   3   1   1   0   1   3192  3526  3564  3417  7361  7894  7302  8022
                               6292  7291
    4379   3   1   1   0   1   3462  1975  1957  1930  6941  1533  6918  6942
                               1458  1603
    4380   3   1   1   0   1   3196  3195  3197  3282  3950  3952  3951  4297
                               5629  5628
 
    ELEM MAT TYP REL ESY SEC        NODES
 
    4381   3   1   1   0   1   3463  3424  3230  3409  5317  5324  5300  5322
                               5321  7876
    4382   3   1   1   0   1   3414  2932  2931  2966  5642  2794  6326  6309
                               2733  2734
    4383   3   1   1   0   1   3160  3246  3248  3161  4113  4117  4116  3815
                               7111  7786
    4384   3   1   1   0   1   3227  3276  1429  3522  6036  4265  6349  6250
                               6315  6418
    4385   3   1   1   0   1   3422  3223  3532  3402  6154  6474  6472  5327
                               6155  6939
    4386   3   1   1   0   1   3277  1443  3227  1429  5226  5220  5224  4269
                               1374  6349
    4387   3   1   1   0   1   3465  3424  3430  3397  5319  6159  6164  7313
                               7312  7355
    4388   3   1   1   0   1   3567  2110  3255   657  7436  4147  7652  8078
                               2073  4145
    4389   3   1   1   0   1   3023     7  1022  1211  2513  1023  2512  8045
                               1209  1210
    4390   3   1   1   0   1   3178  2914  1211  3023  7612  7189  3885  7822
                               2510  8045
 
    ELEM MAT TYP REL ESY SEC        NODES
 
    4391   3   1   1   0   1   3552   655   657  2284  8054   656  8056  8075
                               2265  2264
    4392   3   1   1   0   1   3195  2987  3008  2999  5531  2582  6660  5697
                               2598  2565
    4393   3   1   1   0   1   3323  3552  2285   655  6961  8077  6949  7662
                               8054  2262
    4394   3   1   1   0   1   3560  2290  3526   768  7729  7838  7910  7145
                               8002  7911
    4395   3   1   1   0   1   3326  2111  3567  3552  7844  7437  7327  6962
                               8055  7869
    4396   3   1   1   0   1   3385  1949  3203  1938  5646  6400  7444  5647
                               1579  7665
    4397   3   1   1   0   1   3204  3203  3385  1949  3997  7444  7443  5931
                               6400  5646
    4398   3   1   1   0   1   3091  2987  2999  2978  5526  2598  5688  5523
                               2628  2627
    4399   3   1   1   0   1   3336  3337  3486  3494  4628  7921  7924  7424
                               7423  7543
    4400   3   1   1   0   1   3415  3418  3234  3338  4947  5345  4934  5634
                               6960  5609
 
    ELEM MAT TYP REL ESY SEC        NODES
 
    4401   3   1   1   0   1   3507  1928  1942  1908  6412  1637  5926  6407
                               1675  1459
    4402   3   1   1   0   1   3171  3173  3282  3174  3865  5253  5251  3873
                               6658  6744
    4403   3   1   1   0   1   3156  3158  2109  2282  3809  3808  3807  3812
                               4178  4141
    4404   3   1   1   0   1   3208  3209  3235  3495  4009  8069  7614  5938
                               7772  7425
    4405   3   1   1   0   1   3401  3225  3221  3104  5651  6152  4866  4864
                               6151  4871
    4406   3   1   1   0   1   3198  2959  2960  2988  7389  2700  6655  5624
                               2653  2654
    4407   3   1   1   0   1   3384  1942  3385  1907  5927  5648  4794  4792
                               1639  4793
    4408   3   1   1   0   1   3204  3495  3385  3209  6465  7993  7443  6401
                               7772  7445
    4409   3   1   1   0   1   3528  3491  3562  1305  7823  7841  7835  7220
                               7824  7257
    4410   3   1   1   0   1   3469  3553  2997  3296  7973  7832  6850  6848
                               7782  6849
 
    ELEM MAT TYP REL ESY SEC        NODES
 
    4411   3   1   1   0   1   3198  2989  2988  2960  3965  2608  5624  6655
                               2651  2654
    4412   3   1   1   0   1   3195  3008  2987  2988  6660  2582  5531  5625
                               2583  2609
    4413   3   1   1   0   1   3201  3197  3167  3295  3974  3966  3975  5366
                               5368  6853
    4414   3   1   1   0   1   3216  3549  3533  3427  6912  7592  8018  6904
                               6913  7589
    4415   3   1   1   0   1   3283  2959  2958  2921  5532  2701  5518  5529
                               2750  2753
    4416   3   1   1   0   1   3164  2989  2961  3167  6657  2652  3846  3850
                               3967  7518
    4417   3   1   1   0   1   3356  2943  2944   766  7136  2782  7620  7812
                               2824  2823
    4418   3   1   1   0   1   3164  2960  2961  2989  6656  2699  3846  6657
                               2651  2652
    4419   3   1   1   0   1   3164  2922  2923  2960  3840  2803  7581  6656
                               2748  2749
    4420   3   1   1   0   1   3403  2967  3013  2996  4913  2495  7102  5380
                               2636  2568
 
    ELEM MAT TYP REL ESY SEC        NODES
 
    4421   3   1   1   0   1   3536  3379  3559  3378  7741  7856  7164  7999
                               4775  7091
    4422   3   1   1   0   1   3012  3171  3004  2994  3872  6742  2552  2571
                               5275  2572
    4423   3   1   1   0   1    696   717  2105   698  2009  7413  2086   697
                               2010  2085
    4424   3   1   1   0   1   3131  2907  2906  1432  7475  2817  5960  5088
                               7046  7412
    4425   3   1   1   0   1   3377   902   904  2933  4781   903  7947  4771
                               2844  2845
    4426   3   1   1   0   1   3373  3294  3469  3380  7972  7971  7477  7058
                               5841  8046
    4427   3   1   1   0   1   3407  3512  2459  3252  6063  6066  6065  7068
                               7070  7069
    4428   3   1   1   0   1   3410   843   824   841  6943  3065  7615  5497
                                842  3064
    4429   3   1   1   0   1   3136  3123  3124  3122  3728  3694  3729  4662
                               3693  3695
    4430   3   1   1   0   1   2980  2946  3210  2947  2672  7181  7124  2673
                               2711  7183
 
    ELEM MAT TYP REL ESY SEC        NODES
 
    4431   3   1   1   0   1   3544   841  1898   843  6946  1804  6796  6945
                                842  1803
    4432   3   1   1   0   1   3329   841  1899  1898  7802  1801  4852  4851
                               1804  1753
    4433   3   1   1   0   1   3126  3292  3127  3442  4378  4377  3701  5988
                               7242  5989
    4434   3   1   1   0   1   1027  2912  2913  1435  2887  2811  2884  1414
                               4168  4167
    4435   3   1   1   0   1   3366  3105  3217  3304  6902  4033  7461  6792
                               7154  7806
    4436   3   1   1   0   1   3407  3252  2446  3521  7068  6948  6568  6571
                               7963  6572
    4437   3   1   1   0   1   1435    13  2193  3020  1332  2140  4161  4157
                               2525  4160
    4438   3   1   1   0   1   3256  2919  2918  2954  5886  2807  5889  4153
                               2754  2755
    4439   3   1   1   0   1   3256  3132  1435  2912  4152  6579  4158  4163
                               4162  4168
    4440   3   1   1   0   1   3283  3091  2987  3195  4299  5526  5527  4302
                               4301  5531
 
    ELEM MAT TYP REL ESY SEC        NODES
 
    4441   3   1   1   0   1   3512  1217  1220  1219  6712  1158  6595  6094
                               1159  1177
    4442   3   1   1   0   1   3159  3248  2456  2450  7787  5193  7044  3822
                               5194  2355
    4443   3   1   1   0   1   3293   776   774   646  4492   775  4408  4493
                               2484  2485
    4444   3   1   1   0   1   3153   778   776   650  3779   777  4494  3795
                               2486  2487
    4445   3   1   1   0   1   3293  3150   646   774  4406  3765  4493  4408
                               4407  2485
    4446   3   1   1   0   1   3185  2977  2956  2955  5884  2657  5867  6970
                               2684  2703
    4447   3   1   1   0   1   3463  3429  3221  3103  5309  6790  5325  6788
                               6161  6791
    4448   3   1   1   0   1   3293   776   648  3153  4492  2472  4491  4385
                               4494  6887
    4449   3   1   1   0   1   3548  3105  3217  3366  7459  4033  7463  6894
                               6902  7461
    4450   3   1   1   0   1   3215  3213  3518  3251  4029  7280  6193  5970
                               5969  6192
 
    ELEM MAT TYP REL ESY SEC        NODES
 
    4451   3   1   1   0   1   3333  1927  1940  1910  6608  1605  7470  7397
                               1658  1636
    4452   3   1   1   0   1   3165  2444   932  3164  6230  2404  6231  3845
                               3842  6647
    4453   3   1   1   0   1   3080  3447  3077  3203  5131  5208  3582  6403
                               6406  3993
    4454   3   1   1   0   1   3080  1966  3203  1948  5133  6405  6403  5143
                               1547  6404
    4455   3   1   1   0   1   3486  3556  3337  3489  7547  7744  7921  5617
                               7347  7745
    4456   3   1   1   0   1   3570  3447  1966  3203  7433  5132  7435  7690
                               6406  6405
    4457   3   1   1   0   1   3265  1964  1969  1977  5016  1511  5011  5017
                               1527  1510
    4458   3   1   1   0   1   3082  1914  1915  1874  5464  1670  5470  5465
                               1731  1730
    4459   3   1   1   0   1   3298  3299  3315  3301  4412  4547  7407  4426
                               4544  4548
    4460   3   1   1   0   1   3237  3448  3351  3349  6880  5336  5732  5334
                               7611  4699
 
    ELEM MAT TYP REL ESY SEC        NODES
 
    4461   3   1   1   0   1   3356  3360  2944  3361  4716  7811  7620  4718
                               4717  5766
    4462   3   1   1   0   1   2106  2107  2115  3489  2062  2049  2048  7637
                               7635  8071
    4463   3   1   1   0   1   3235  3233  3337  3556  4082  4943  7998  7881
                               8067  7744
    4464   3   1   1   0   1   3278  3219  3521  3314  6564  7067  6570  6048
                               6565  6222
    4465   3   1   1   0   1   3183  3449  3179  3451  5159  5173  3899  5166
                               5165  7565
    4466   3   1   1   0   1   3379  1311  1310   675  7850  1261  7940  7943
                               1277  1278
    4467   3   1   1   0   1   3535  1311   675   673  7229  1277  7569  7230
                               1276   674
    4468   3   1   1   0   1   3554  3385  3494  3570  7737  7763  7908  7907
                               7689  7558
    4469   3   1   1   0   1   3487  1904  1936  3572  5602  1680  7498  7905
                               7583  7584
    4470   3   1   1   0   1   3565  3354  3351  3448  8037  8065  7297  8044
                               8079  5336
 
    ELEM MAT TYP REL ESY SEC        NODES
 
    4471   3   1   1   0   1   3176  1137   822  3410  6332  1115  5496  5492
                               7798  5498
    4472   3   1   1   0   1   3410  1137  1136  1147  7798  1094  7053  7056
                               1079  1078
    4473   3   1   1   0   1   3493  3452  3236  3243  5658  6359  5668  5939
                               6358  4103
    4474   3   1   1   0   1   3400  1136   826  1135  7523  1116  7534  5416
                               1095  1119
    4475   3   1   1   0   1   3339  3336  3485  3386  6696  6695  6688  6687
                               7541  6690
    4476   3   1   1   0   1   3415  3508  3190  3551  8042  5983  7426  7428
                               7777  7609
    4477   3   1   1   0   1   3489  3531  3486  3556  7674  7882  5617  7347
                               7883  7547
    4478   3   1   1   0   1   3462  1976  1957  1975  6867  1532  6918  6941
                               1513  1533
    4479   3   1   1   0   1   3407  1218  3512  3408  4889  6064  6063  4893
                               4892  6714
    4480   3   1   1   0   1   3443   853  1132   851  5110  5130  5115  5105
                                852  7143
 
    ELEM MAT TYP REL ESY SEC        NODES
 
    4481   3   1   1   0   1   3075  1430    27   853  7655  1425  3058  3057
                               5113   854
    4482   3   1   1   0   1   2106  2107  3483   713  2062  5612  7636  5597
                               5611  5613
    4483   3   1   1   0   1   3140  1437  1436  1872  5466  1383  5793  5792
                               5800  5795
    4484   3   1   1   0   1   3290  3275  3277  3441  4360  4359  4358  5507
                               6268  6037
    4485   3   1   1   0   1   3219  3506  3546  3553  6534  7781  6830  6976
                               6977  7254
    4486   3   1   1   0   1   3502  1929  1930  1957  5826  1654  6075  5827
                               1602  1603
    4487   3   1   1   0   1   3142  1939  1943  1911  6873  1604  6751  6117
                               1655  1635
    4488   3   1   1   0   1   3177  1212  1214  1011  6100  1187  6339  6336
                               1202  1201
    4489   3   1   1   0   1   3390  1934  1963  1941  7001  1588  7293  6983
                               1643  1587
    4490   3   1   1   0   1   3189  3188  3382  3186  3924  5806  5383  5389
                               3944  5388
 
    ELEM MAT TYP REL ESY SEC        NODES
 
    4491   3   1   1   0   1   1009  1869  1214  1868  1861  4199  1200  1864
                               1781  4505
    4492   3   1   1   0   1   3159  3518  3254  2456  7049  7949  7042  7044
                               6433  7045
    4493   3   1   1   0   1   3325  3339  3336  3488  4632  6696  4631  6683
                               6697  6698
    4494   3   1   1   0   1   3335   707   705  1908  7232   706  7575  6408
                               1783  1784
    4495   3   1   1   0   1   3226  3227  3277  3230  6034  5224  6035  6031
                               4069  6245
    4496   3   1   1   0   1   1308   681   906   679  1283  3046  5047  1282
                                680  3043
    4497   3   1   1   0   1   3441  1307  1314  1316  5064  1224  6267  6272
                               1249  1238
    4498   3   1   1   0   1     46    48  1306  1429    47  1271  1270  1394
                               1395  7258
    4499   3   1   1   0   1   3188  3260  3158  3194  6551  4180  7725  3942
                               6552  7722
    4500   3   1   1   0   1   3410  3311  3176  1137  5494  4599  5492  7798
                               6331  6332
 
    ELEM MAT TYP REL ESY SEC        NODES
 
    4501   3   1   1   0   1   3050  1429   910     5  3598  3603  3026  3028
                               1428   911
    4502   3   1   1   0   1   3464  3144  3444  3502  6757  6888  6059  6055
                               6758  6058
    4503   3   1   1   0   1   3158  3255  2110   659  7726  4147  7597  6797
                               4146  2074
    4504   3   1   1   0   1   3394  3395  3255  3509  7410  7343  7695  6634
                               7342  7340
    4505   3   1   1   0   1   3294  3373  2968  2934  7972  7276  4389  4388
                               7277  2729
    4506   3   1   1   0   1   3085   683   685   908  4257   684  3604  4258
                               3033  3048
    4507   3   1   1   0   1   1429  3277  1316  3085  4269  6276  7260  3599
                               4267  7259
    4508   3   1   1   0   1   2104  2113  3298  2105  2051  4552  7328  2064
                               2020  4424
    4509   3   1   1   0   1     48  3277  1316  1429  7789  6276  1227  1395
                               4269  7260
    4510   3   1   1   0   1   3440   908  3441  3276  7262  5057  5063  5053
                               4278  5058
 
    ELEM MAT TYP REL ESY SEC        NODES
 
    4511   3   1   1   0   1   3479  3383  3565  3471  5560  7439  7682  7698
                               8039  8038
    4512   3   1   1   0   1   3276  2930  2931   908  4261  2795  6328  4278
                               2850  2849
    4513   3   1   1   0   1   3211  3492  3522  3210  5655  6320  6252  4015
                               7172  6251
    4514   3   1   1   0   1   3112  3424  3455  3291  6350  6352  6348  6351
                               5502  7090
    4515   3   1   1   0   1   3084  3085  1306   685  3600  4272  8068  3605
                               3604  1287
    4516   3   1   1   0   1   3415  3416  3508  3338  4939  7345  8042  5634
                               7753  7754
    4517   3   1   1   0   1   3298  2105  3300   717  4424  4427  4419  4422
                               7413  4423
    4518   3   1   1   0   1   3420  1440  1441  1442  6483  1393  5190  5185
                               1391  1324
    4519   3   1   1   0   1   3419  3204  3205  3208  5936  4465  5753  5731
                               4464  4466
    4520   3   1   1   0   1   3555  3351  3354  3233  7795  8065  8041  7752
                               4938  8063
 
    ELEM MAT TYP REL ESY SEC        NODES
 
    4521   3   1   1   0   1   3321  2186  2297  3320  4570  7174  7306  4569
                               4568  7175
    4522   3   1   1   0   1   3573  3570  3209  3447  7556  7691  7996  7980
                               7433  7987
    4523   3   1   1   0   1   3084  3085  1429  1306  3600  3599  3596  8068
                               4272  7258
    4524   3   1   1   0   1   3232  3205  3350  3348  5755  7814  4694  4689
                               5684  4695
    4525   3   1   1   0   1   3263  3307  3306  3531  4463  4462  4459  6839
                               7644  6840
    4526   3   1   1   0   1   3079  3082  1875  3083  3592  3613  6398  3593
                               3595  3608
    4527   3   1   1   0   1   3084  1306     1   685  8068  1226  4270  3605
                               1287   686
    4528   3   1   1   0   1   3241    96  2189  2192  7451  2149  6824  7449
                               2126  2141
    4529   3   1   1   0   1   3242  3241  3243  2190  4097  4104  4101  5547
                               6826  6825
    4530   3   1   1   0   1   3237  3434  3448  3349  6954  5147  6880  5334
                               5001  7611
 
    ELEM MAT TYP REL ESY SEC        NODES
 
    4531   3   1   1   0   1   3158  2100  2114  3301  3810  2018  7598  6636
                               4545  7488
    4532   3   1   1   0   1   3241  2189  2190  2192  6824  2150  6826  7449
                               2141  2144
    4533   3   1   1   0   1   3435  3540  3432  3433  6764  6770  6452  5004
                               6765  4996
    4534   3   1   1   0   1   3433  2952  2985  2951  6324  2663  7382  5722
                               2706  2662
    4535   3   1   1   0   1   3164  3198  2922  2960  6654  6799  3840  6656
                               6655  2748
    4536   3   1   1   0   1   3388  3387  3461  3107  4806  6996  6677  6017
                               6018  6680
    4537   3   1   1   0   1   1002  3445  1870  1430  7431  7596  1859  1412
                               6110  7129
    4538   3   1   1   0   1   3145  1984  1908   705  7233  1463  6409  7234
                               1483  1784
    4539   3   1   1   0   1   3232  1448  3350  3205  5752  6467  4694  5755
                               5754  7814
    4540   3   1   1   0   1   3420  1878  1877  1918  4951  1773  7976  5189
                               1723  1724
 
    ELEM MAT TYP REL ESY SEC        NODES
 
    4541   3   1   1   0   1   3091  2971  2978  2999  5691  2681  5523  5688
                               2626  2627
    4542   3   1   1   0   1   3385  1938  1907  1942  5647  1677  4793  5648
                               1638  1639
    4543   3   1   1   0   1    956  1891   954  2184  1817  1818   955  2176
                               6985  2175
    4544   3   1   1   0   1   3552  2284  2285   655  8075  2242  8077  8054
                               2265  2262
    4545   3   1   1   0   1   3249  2446  2445  2463  4148  2338  4142  4131
                               2321  2323
    4546   3   1   1   0   1   3145  2182   958  1984  3752  2180  3751  7233
                               7235  1482
    4547   3   1   1   0   1   3214  2283   659  2282  4023  2266  4024  5245
                               2244  2269
    4548   3   1   1   0   1   3145  3335   705  1908  5660  7575  7234  6409
                               6408  1784
    4549   3   1   1   0   1    705   688  2101  2014  1999  2078  5733  1995
                               1994  7408
    4550   3   1   1   0   1   3214  2283  2282  2292  4023  2244  5245  6878
                               2230  2235
 
    ELEM MAT TYP REL ESY SEC        NODES
 
    4551   3   1   1   0   1   3567  2110   657  2111  7436  2073  8078  7437
                               2058  2072
    4552   3   1   1   0   1   3310  1212  1987   837  4528  6101  4534  4533
                               4536  1471
    4553   3   1   1   0   1   3491  1305   790  1304  7824  1288  7265  7950
                               1266  1291
    4554   3   1   1   0   1   3535   673   896  1301  7230  3037  7923  6621
                               1275  7867
    4555   3   1   1   0   1   1932  3561  1897  1931  8032  7862  1690  1651
                               7863  1693
    4556   3   1   1   0   1   3524  1141   790   788  6387  1105  7216  7250
                               1104   789
    4557   3   1   1   0   1   3460  1981  1980  1976  6670  1495  6671  6666
                               1499  1494
    4558   3   1   1   0   1   3378  1315  3511  1309  7095  7168  8000  6775
                               1246  6027
    4559   3   1   1   0   1   3469  2968  2996  2997  7197  2635  5379  6850
                               2634  2601
    4560   3   1   1   0   1   3413  3411  3319  3311  4929  7768  6514  6515
                               6396  6144
 
    ELEM MAT TYP REL ESY SEC        NODES
 
    4561   3   1   1   0   1   3561  1897  1931  1896  7862  1693  7863  7530
                               1755  1692
    4562   3   1   1   0   1   3561  3330  1932  3544  7864  4605  8032  7531
                               7983  6794
    4563   3   1   1   0   1   3313  2992  2991  2963  4516  2605  7152  7151
                               2645  2648
    4564   3   1   1   0   1   3109  1952  1972  1973  7106  1543  7764  4444
                               1542  1517
    4565   3   1   1   0   1   3083  1439  1442  1446  3622  1390  5186  4470
                               1325  1368
    4566   3   1   1   0   1   3420  1918  1877  1917  5189  1724  7976  5180
                               1667  1725
    4567   3   1   1   0   1   3247  3366  3369  3364  6505  7988  5039  6506
                               4739  7650
    4568   3   1   1   0   1   3419  3232  1448  3241  5730  5752  5175  4961
                               5735  6466
    4569   3   1   1   0   1   3356  2943  3357  3569  7136  7137  4710  7502
                               7813  7503
    4570   3   1   1   0   1   3498  2957  3482  2945  5894  5897  5774  5764
                               2712  5773
 
    ELEM MAT TYP REL ESY SEC        NODES
 
    4571   3   1   1   0   1   3341  3472  3531  3509  5403  7738  6436  6442
                               7359  6444
    4572   3   1   1   0   1   2108  3488  3485  3339  6682  5603  7851  4633
                               6697  6688
    4573   3   1   1   0   1   3166  3197  3282  3196  3961  5628  4295  3978
                               3951  4297
    4574   3   1   1   0   1   3490  3291  3455  3424  7311  7090  8080  7309
                               5502  6352
    4575   3   1   1   0   1   3512  3438  3252  3516  7005  7226  7070  6140
                               6525  7014
    4576   3   1   1   0   1   3372  1933  3329  1899  6372  4850  6088  6086
                               1689  4852
    4577   3   1   1   0   1   3188  3255  3566  3509  7723  7341  7441  5984
                               7340  7339
    4578   3   1   1   0   1   3552  3508  3338  3551  7871  7754  6963  8076
                               7777  7666
    4579   3   1   1   0   1   3381  3542  3358  3564  7299  7770  7287  7289
                               7303  7290
    4580   3   1   1   0   1   3498  3259  3466  3239  5761  5741  6881  6879
                               5710  5589
 
    ELEM MAT TYP REL ESY SEC        NODES
 
    4581   3   1   1   0   1   3330  3363  3331  3365  7981  8057  4603  7982
                               4724  6368
    4582   3   1   1   0   1   3256  2954  2913  2919  4153  2763  4169  5886
                               2754  2806
    4583   3   1   1   0   1   3356   640  3360  3560  7146  7149  4716  7140
                               7147  7141
    4584   3   1   1   0   1   1869  3501  3333  1889  6900  6603  6901  1762
                               6604  6605
    4585   3   1   1   0   1   3372  1933  1899  1940  6372  1689  6086  4758
                               1648  1649
    4586   3   1   1   0   1   3366  3365  3516  3369  6793  6517  6895  7988
                               6377  7964
    4587   3   1   1   0   1   3394  3255  3158  3194  7695  7726  6637  6632
                               7724  7722
    4588   3   1   1   0   1   2944  3359  3356  3361  7619  4713  7620  5766
                               5149  4718
    4589   3   1   1   0   1   3359  3569  2975  2944  7504  7356  8004  7619
                               7618  2713
    4590   3   1   1   0   1   3262  1920  1881  1880  5914  1719  4196  5901
                               1720  1771
 
    ELEM MAT TYP REL ESY SEC        NODES
 
    4591   3   1   1   0   1   1881  2434   977  2435  4195  2426  1837  4198
                               2390  2423
    4592   3   1   1   0   1   3262  2435  1881  1882  4197  4198  4196  5908
                               5910  1770
    4593   3   1   1   0   1   3437  1964  1977  1935  5015  1527  5018  6719
                               1585  1457
    4594   3   1   1   0   1   3483  3395  2106   715  8070  7630  7636  7552
                               7586  5596
    4595   3   1   1   0   1   3328  1214  1869  1868  6338  4199  6899  6335
                               4505  1781
    4596   3   1   1   0   1   3177  1214  3328  1868  6339  6338  5476  6334
                               4505  6335
    4597   3   1   1   0   1   3339  3386  3335  3336  6687  6410  4639  6696
                               7541  6357
    4598   3   1   1   0   1   3177  1013  1212  1011  6337  1207  6100  6336
                               1012  1202
    4599   3   1   1   0   1   3146  1946  1945  1969  5200  1576  5784  5010
                               1552  1553
    4600   3   1   1   0   1   3333  1940  1909  1910  7470  1647  7469  7397
                               1636  1674
 
    ELEM MAT TYP REL ESY SEC        NODES
 
    4601   3   1   1   0   1   3372  1933  1940  1956  6372  1648  4758  4760
                               1592  1593
    4602   3   1   1   0   1   3540  2953  3434  2986  7375  7697  6763  7384
                               2661  7668
    4603   3   1   1   0   1   3177  1900  1987  1867  3881  1468  6099  5474
                               1751  1469
    4604   3   1   1   0   1   3094  3134  3282  3345  4669  4885  5746  5022
                               4674  4887
    4605   3   1   1   0   1   3534  1300  1311  1301  6626  1258  7563  6620
                               1269  1260
    4606   3   1   1   0   1   3218  3427  3571  3533  5487  7966  7809  7590
                               7589  7825
    4607   3   1   1   0   1   3421  1928  1919  1942  5944  1657  5942  5750
                               1637  1620
    4608   3   1   1   0   1   3548  3516  3547  3571  6897  6896  6893  7457
                               7456  7859
    4609   3   1   1   0   1   3285  1892  3287  2184  4313  5941  4326  4329
                               6986  4330
    4610   3   1   1   0   1   3145  1984  1890  1908  7233  1481  5700  6409
                               1463  1743
 
    ELEM MAT TYP REL ESY SEC        NODES
 
    4611   3   1   1   0   1   3285  1452  1982  2194  4336  6330  4316  4315
                               4337  4317
    4612   3   1   1   0   1   3469  3294  2969  3553  7971  4387  7196  7973
                               7979  7831
    4613   3   1   1   0   1   1919  3243  3421  3419  4960  4968  5942  4958
                               4959  4962
    4614   3   1   1   0   1   1892   954  1891  2184  1815  1818  1760  6986
                               2175  6985
    4615   2   1   1   0   1    619   212   288 10317 10129 10496  9607 10497
                              10498 10499
    4616   2   1   1   0   1  10318  9237 10319 10320 10500 10501 10502 10503
                              10504 10505
    4617   2   1   1   0   1    445   332 10321   330  9330 10506 10507  9329
                                331 10508
    4618   2   1   1   0   1    621   619   212   288   620 10129 10130  9606
                               9607 10496
    4619   2   1   1   0   1  10317   210   619   212 10509 10128 10497 10498
                                211 10129
    4620   2   1   1   0   1  10317   389   210   212 10510  9309 10509 10498
                               9308   211
 
    ELEM MAT TYP REL ESY SEC        NODES
 
    4621   2   1   1   0   1  10317   286   389   288 10511  9825 10510 10499
                                287  9822
    4622   2   1   1   0   1    615   613   206   282   614 10123 10124  9600
                               9601 10512
    4623   2   1   1   0   1    395   613   282   206 10513  9601  9828  9314
                              10123 10512
    4624   2   1   1   0   1    332 10321   330   565 10506 10508   331 10109
                              10514 10146
    4625   2   1   1   0   1    567 10321   498   565 10515 10516  9618   566
                              10514  9584
    4626   2   1   1   0   1  10322 10323   278   611 10517 10518 10519 10520
                              10521  9596
    4627   2   1   1   0   1  10321   443   567   498 10522 10523 10515 10516
                               9849  9618
    4628   2   1   1   0   1    611 10322   280   278 10520 10524  9599  9596
                              10519   279
    4629   2   1   1   0   1  10323   609   200   278 10525 10118 10526 10518
                               9597 10527
    4630   2   1   1   0   1    278   609   200   276  9597 10118 10527   277
                               9594 10528
 
    ELEM MAT TYP REL ESY SEC        NODES
 
    4631   2   1   1   0   1    445 10321   498   443 10507 10516  9850   444
                              10522  9849
    4632   2   1   1   0   1  10323   609   202   200 10525 10119 10529 10526
                              10118   201
    4633   2   1   1   0   1    200   278   401 10323 10527  9833  9320 10526
                              10518 10530
    4634   2   1   1   0   1  10323   401   200   202 10530  9320 10526 10529
                               9319   201
    4635   2   1   1   0   1  10323 10322   204   611 10517 10531 10532 10521
                              10520 10121
    4636   2   1   1   0   1    498 10321   500   565 10516 10533   499  9584
                              10514  9583
    4637   2   1   1   0   1    623   216   292 10324 10133 10534  9610 10535
                              10536 10537
    4638   2   1   1   0   1    385   292   216 10324  9812 10534  9304 10538
                              10537 10536
    4639   2   1   1   0   1    625   623   216   292   624 10133 10134  9611
                               9610 10534
    4640   2   1   1   0   1  10324   214   623   216 10539 10132 10535 10536
                                215 10133
 
    ELEM MAT TYP REL ESY SEC        NODES
 
    4641   2   1   1   0   1  10324   385   214   216 10538  9305 10539 10536
                               9304   215
    4642   2   1   1   0   1  10324   292   623   290 10537  9610 10535 10540
                                291  9608
    4643   2   1   1   0   1    186 10325   597 10326 10541 10542 10152 10543
                              10544 10545
    4644   2   1   1   0   1    597 10326   595   186 10545 10546   596 10152
                              10543 10158
    4645   2   1   1   0   1  10326 10325   597   262 10544 10542 10545 10547
                              10548  9624
    4646   2   1   1   0   1    262 10326   595   597 10547 10546  9630  9624
                              10545   596
    4647   2   1   1   0   1  10325 10326   415   262 10544 10549 10550 10548
                              10547  9888
    4648   2   1   1   0   1  10325 10326   186   415 10544 10543 10541 10550
                              10549  9374
    4649   2   1   1   0   1  10325   262   415   264 10548  9888 10550 10551
                                263  9883
    4650   2   1   1   0   1    751 10327   749   642 10552 10553   750 10554
                              10555 10556
 
    ELEM MAT TYP REL ESY SEC        NODES
 
    4651   2   1   1   0   1    439   441   492   324   440  9885  9890  9376
                               9366 10557
    4652   2   1   1   0   1    492 10328   326   441 10558 10559 10560  9885
                              10561  9365
    4653   2   1   1   0   1    571 10328   326   492 10562 10559 10154  9632
                              10558 10560
    4654   2   1   1   0   1    441   492   324   326  9885 10557  9366  9365
                              10560   325
    4655   2   1   1   0   1    326   492   324   571 10560 10557   325 10154
                               9632 10157
    4656   2   1   1   0   1  10328   571   494   492 10562  9628 10563 10558
                               9632   493
    4657   2   1   1   0   1  10328   441   492   494 10561  9885 10558 10563
                               9886   493
    4658   2   1   1   0   1  10329 10330 10331 10332 10564 10565 10566 10567
                              10568 10569
    4659   2   1   1   0   1  10329 10331  9773   591 10566 10570 10571 10572
                              10573  9642
    4660   2   1   1   0   1  10329   591  9776   593 10572  9636 10574 10575
                                592  9634
 
    ELEM MAT TYP REL ESY SEC        NODES
 
    4661   2   1   1   0   1  10329 10040 10332 10333 10576 10577 10567 10578
                              10579 10580
    4662   2   1   1   0   1  10307 10332 10311 10329 10581 10582 10167 10583
                              10567 10584
    4663   2   1   1   0   1  10334   352   467   354 10585  9351 10586 10587
                                353  9352
    4664   2   1   1   0   1  10329 10333 10311   593 10578 10588 10584 10575
                              10589 10156
    4665   2   1   1   0   1  10335 10331 10332 10307 10590 10569 10591 10592
                              10593 10581
    4666   2   1   1   0   1  10331 10332 10307 10329 10569 10581 10593 10566
                              10567 10583
    4667   2   1   1   0   1  10336 10337 10338 10309 10594 10595 10596 10597
                              10598 10599
    4668   2   1   1   0   1  10339 10041 10337 10338 10600 10601 10602 10603
                              10604 10595
    4669   2   1   1   0   1  10339 10340 10338 10309 10605 10606 10603 10607
                              10608 10599
    4670   2   1   1   0   1  10339 10341 10342 10343 10609 10610 10611 10612
                              10613 10614
 
    ELEM MAT TYP REL ESY SEC        NODES
 
    4671   2   1   1   0   1  10344 10339 10041   486 10615 10600 10616 10617
                              10618  9909
    4672   2   1   1   0   1  10339   575 10309 10337 10619 10169 10607 10602
                              10620 10598
    4673   2   1   1   0   1  10339 10337  9775   575 10602 10621 10622 10619
                              10620  9637
    4674   2   1   1   0   1   9767 10345 10344 10339 10623 10624 10625 10626
                              10627 10615
    4675   2   1   1   0   1    471 10334   522   469 10628 10629  9871   470
                              10630  9870
    4676   2   1   1   0   1   9767   486  9775 10339  9654  9643  9644 10626
                              10618 10622
    4677   2   1   1   0   1  10346 10347  8627  8614 10631 10632 10633 10634
                              10635  8209
    4678   2   1   1   0   1  10326 10348   184   417 10636 10637 10638 10639
                              10640  9378
    4679   2   1   1   0   1  10326   260 10333 10040 10641 10642 10643 10644
                               9792 10579
    4680   2   1   1   0   1  10326   184 10348 10311 10638 10637 10636 10645
                              10162 10646
 
    ELEM MAT TYP REL ESY SEC        NODES
 
    4681   2   1   1   0   1  10325   262   264   597 10548   263 10551 10542
                               9624  9625
    4682   2   1   1   0   1    413   266   190 10325  9880 10647  9367 10648
                              10649 10650
    4683   2   1   1   0   1  10326 10333   260   595 10643 10642 10641 10546
                              10651  9635
    4684   2   1   1   0   1  10347 10349  8616  8589 10652 10653 10654 10655
                              10656  8265
    4685   2   1   1   0   1  10347 10350  8609  8616 10657 10658 10659 10654
                              10660  8130
    4686   2   1   1   0   1  10347 10351  8608 10350 10661 10662 10663 10657
                              10664 10665
    4687   2   1   1   0   1  10347 10351  8627  8608 10661 10666 10632 10663
                              10662  8218
    4688   2   1   1   0   1  10347 10351 10352 10353 10661 10667 10668 10669
                              10670 10671
    4689   2   1   1   0   1    759 10354   757   650 10672 10673   758 10674
                              10675 10676
    4690   2   1   1   0   1  10354 10355 10016 10031 10677 10678 10679 10680
                              10681  9962
 
    ELEM MAT TYP REL ESY SEC        NODES
 
    4691   2   1   1   0   1  10354 10355   650 10016 10677 10682 10675 10679
                              10678 10683
    4692   2   1   1   0   1      9   759 10045 10031   760 10684  9798  9973
                              10685  9797
    4693   2   1   1   0   1    759 10045 10031 10354 10684  9797 10685 10672
                              10686 10680
    4694   2   1   1   0   1    648   757   646 10355 10687 10688   647 10689
                              10690 10691
    4695   2   1   1   0   1  10018 10356   757 10031 10692 10693 10694  9955
                              10695 10696
    4696   2   1   1   0   1    524 10334   522   471 10697 10629   523  9872
                              10628  9871
    4697   2   1   1   0   1    539 10334   522   524 10698 10629  9559  9560
                              10697   523
    4698   2   1   1   0   1  10357  8592 10358 10359 10699 10700 10701 10702
                              10703 10704
    4699   2   1   1   0   1  10358 10360  8592  8556 10705 10706 10700 10707
                              10708  8350
    4700   2   1   1   0   1  10358 10349 10357 10361 10709 10710 10701 10711
                              10712 10713
 
    ELEM MAT TYP REL ESY SEC        NODES
 
    4701   2   1   1   0   1  10358  8591 10357  8590 10714 10715 10701 10716
                               8310 10717
    4702   2   1   1   0   1  10358  8554   231  8555 10718  8474 10719 10720
                               8416  8473
    4703   2   1   1   0   1  10362   822 10363   824 10721 10722 10723 10724
                                823 10725
    4704   2   1   1   0   1  10362 10364   864   826 10726 10727 10728 10729
                              10730 10731
    4705   2   1   1   0   1  10362 10365 10366 10367 10732 10733 10734 10735
                              10736 10737
    4706   2   1   1   0   1  10362   860 10368 10365 10738 10739 10740 10732
                              10741 10742
    4707   2   1   1   0   1  10362   864 10368   862 10728 10743 10740 10744
                                863 10745
    4708   2   1   1   0   1  10369 10370  8636  8637 10746 10747 10748 10749
                              10750  8170
    4709   2   1   1   0   1  10371 10369  8632 10372 10751 10752 10753 10754
                              10755 10756
    4710   2   1   1   0   1  10369 10372 10371 10330 10755 10754 10751 10757
                              10758 10759
 
    ELEM MAT TYP REL ESY SEC        NODES
 
    4711   2   1   1   0   1  10369  8606 10371  8617 10760 10761 10751 10762
                               8237 10763
    4712   2   1   1   0   1   8617 10369  8632 10371 10762 10752  8205 10763
                              10751 10753
    4713   2   1   1   0   1  10369 10370 10373 10332 10746 10764 10765 10766
                              10767 10768
    4714   2   1   1   0   1  10369  8632 10373  8637 10752 10769 10765 10749
                               8178 10770
    4715   2   1   1   0   1    541 10334   522   539 10771 10629  9555   540
                              10698  9559
    4716   2   1   1   0   1  10374 10375  8570  8529 10772 10773 10774 10775
                              10776  8401
    4717   2   1   1   0   1  10331 10373 10330 10376 10777 10778 10565 10779
                              10780 10781
    4718   2   1   1   0   1  10374 10335  8601  8571 10782 10783 10784 10785
                              10786  8296
    4719   2   1   1   0   1  10374 10373  8623  8601 10787 10788 10789 10784
                              10790  8228
    4720   2   1   1   0   1  10374 10375 10364 10331 10772 10791 10792 10793
                              10794 10795
 
    ELEM MAT TYP REL ESY SEC        NODES
 
    4721   2   1   1   0   1    522 10334   520   469 10629 10796   521  9870
                              10630  9869
    4722   2   1   1   0   1  10347 10377 10378 10349 10797 10798 10799 10652
                              10800 10801
    4723   2   1   1   0   1  10351 10332 10379 10353 10802 10803 10804 10670
                              10805 10806
    4724   2   1   1   0   1  10346  8638 10351 10370 10807 10808 10809 10810
                              10811 10812
    4725   2   1   1   0   1  10351  8580 10350 10380 10813 10814 10664 10815
                              10816 10817
    4726   2   1   1   0   1  10347 10349 10353 10352 10652 10818 10669 10668
                              10819 10671
    4727   2   1   1   0   1  10351 10370 10332 10378 10812 10767 10802 10820
                              10821 10822
    4728   2   1   1   0   1  10346 10377 10292 10378 10823 10824 10825 10826
                              10798 10827
    4729   2   1   1   0   1   8570 10374  8571 10335 10774 10785  8329 10828
                              10782 10786
    4730   2   1   1   0   1  10335 10375  8570 10374 10829 10773 10828 10782
                              10772 10774
 
    ELEM MAT TYP REL ESY SEC        NODES
 
    4731   2   1   1   0   1   8529 10374  8571  8570 10775 10785  8397  8401
                              10774  8329
    4732   2   1   1   0   1  10331 10364 10381 10375 10795 10830 10831 10794
                              10791 10832
    4733   2   1   1   0   1  10366 10331 10364 10381 10833 10795 10834 10835
                              10831 10830
    4734   2   1   1   0   1  10375 10285 10335  8570 10836 10837 10829 10773
                              10838 10828
    4735   2   1   1   0   1  10375   870 10381 10299 10839 10840 10832 10841
                              10842 10843
    4736   2   1   1   0   1  10375   872 10285  8528 10844 10845 10836 10846
                               8526 10847
    4737   2   1   1   0   1  10375 10299   872   870 10841 10848 10844 10839
                              10842   871
    4738   2   1   1   0   1  10382 10332 10383 10036 10849 10850 10851 10852
                              10853 10854
    4739   2   1   1   0   1  10382 10348   182 10311 10855 10856 10857 10858
                              10646 10163
    4740   2   1   1   0   1  10382 10332 10348 10311 10849 10859 10855 10858
                              10582 10646
 
    ELEM MAT TYP REL ESY SEC        NODES
 
    4741   2   1   1   0   1  10332 10353 10308 10382 10805 10860 10861 10849
                              10862 10863
    4742   2   1   1   0   1  10378 10332 10353 10308 10822 10805 10864 10865
                              10861 10860
    4743   2   1   1   0   1  10382   180 10353 10308 10866 10867 10862 10863
                              10176 10860
    4744   2   1   1   0   1  10382 10348  9525   182 10855 10868 10869 10857
                              10856  9385
    4745   2   1   1   0   1  10384  9236 10385 10386 10870 10871 10872 10873
                              10874 10875
    4746   2   1   1   0   1  10384  9169  9170 10290 10876  9035 10877 10878
                              10879 10880
    4747   2   1   1   0   1  10290 10386 10298 10384 10881 10882 10202 10878
                              10873 10883
    4748   2   1   1   0   1  10387  2110 10388  2111 10884 10885 10886 10887
                               2058 10888
    4749   2   1   1   0   1  10384  9171  9170  9207 10889  9034 10877 10890
                               8973  8972
    4750   2   1   1   0   1  10389  9214  9213  9241 10891  8919 10892 10893
                               8864  8863
 
    ELEM MAT TYP REL ESY SEC        NODES
 
    4751   2   1   1   0   1   9179  9214  9213 10389  8957  8919  8960 10894
                              10891 10892
    4752   2   1   1   0   1  10390 10389  9179 10027 10895 10894 10896 10897
                              10898 10899
    4753   2   1   1   0   1  10390 10028 10344 10041 10900 10901 10902 10903
                               9913 10616
    4754   2   1   1   0   1  10390 10391 10392 10345 10904 10905 10906 10907
                              10908 10909
    4755   2   1   1   0   1  10390 10028 10391 10345 10900 10910 10904 10907
                              10911 10908
    4756   2   1   1   0   1  10393  9227  9195 10394 10912  8896 10913 10914
                              10915 10916
    4757   2   1   1   0   1   9194 10393  9227  9195 10917 10912  8897  8938
                              10913  8896
    4758   2   1   1   0   1  10394  9195 10395  9228 10916 10918 10919 10920
                               8895 10921
    4759   2   1   1   0   1  10394 10318  9247  9257 10922 10923 10924 10925
                              10926  8788
    4760   2   1   1   0   1  10394 10393  9227  9247 10914 10912 10915 10924
                              10927  8826
 
    ELEM MAT TYP REL ESY SEC        NODES
 
    4761   2   1   1   0   1  10394 10396 10395 10393 10928 10929 10919 10914
                              10930 10931
    4762   2   1   1   0   1  10397  1138 10301  1143 10932 10933 10934 10935
                               1087 10936
    4763   2   1   1   0   1  10397 10398  1139  1146 10937 10938 10939 10940
                              10941  1075
    4764   2   1   1   0   1  10397 10399 10398 10400 10942 10943 10937 10944
                              10945 10946
    4765   2   1   1   0   1  10397 10401 10402 10304 10947 10948 10949 10950
                              10951 10952
    4766   2   1   1   0   1  10397 10403 10381  1134 10953 10954 10955 10956
                              10957 10958
    4767   2   1   1   0   1  10397 10403 10287 10381 10953 10959 10960 10955
                              10954 10961
    4768   2   1   1   0   1  10397 10403  1133  1144 10953 10962 10963 10964
                              10965  1085
    4769   2   1   1   0   1  10397 10398  1146 10400 10937 10941 10940 10944
                              10946 10966
    4770   2   1   1   0   1    753   755  9154 10404   754  9123  9122 10967
                              10968 10969
 
    ELEM MAT TYP REL ESY SEC        NODES
 
    4771   2   1   1   0   1  10387   653  2117  9519 10970  2034 10971 10972
                              10973 10974
    4772   2   1   1   0   1  10404 10405 10327 10356 10975 10976 10977 10978
                              10979 10980
    4773   2   1   1   0   1  10404 10406 10407 10395 10981 10982 10983 10984
                              10985 10986
    4774   2   1   1   0   1  10404 10395 10396 10406 10984 10929 10987 10981
                              10985 10988
    4775   2   1   1   0   1  10037 10356 10408 10406 10989 10990 10991 10992
                              10993 10994
    4776   2   1   1   0   1  10356 10408 10406 10404 10990 10994 10993 10978
                              10995 10981
    4777   2   1   1   0   1  10404 10408 10396 10409 10995 10996 10987 10997
                              10998 10999
    4778   2   1   1   0   1  10410 10411  9189  9147 11000 11001 11002 11003
                              11004  9013
    4779   2   1   1   0   1  10411 10344 10410 10412 11005 11006 11000 11007
                              11008 11009
    4780   2   1   1   0   1  10411 10344 10341 10410 11005 11010 11011 11000
                              11006 11012
 
    ELEM MAT TYP REL ESY SEC        NODES
 
    4781   2   1   1   0   1   9221 10411  9189 10410 11013 11001  8908 11014
                              11000 11002
    4782   2   1   1   0   1  10346 10370  8628  8629 10810 11015 11016 11017
                              11018  8195
    4783   2   1   1   0   1  10346 10377  8587 10292 10823 11019 11020 10825
                              10824 11021
    4784   2   1   1   0   1  10335  8628  8600 10413 11022  8215 11023 11024
                              11025 11026
    4785   2   1   1   0   1   8622  8628  8600 10335  8199  8215  8230 11027
                              11022 11023
    4786   2   1   1   0   1  10351 10379  8538 10380 10804 11028 11029 10815
                              11030 11031
    4787   2   1   1   0   1  10346  8628 10370 10413 11016 11015 10810 11032
                              11025 11033
    4788   2   1   1   0   1  10369 10351 10332 10379 11034 10802 10766 11035
                              10804 10803
    4789   2   1   1   0   1  10370 10373  8622  8634 10764 11036 11037 11038
                              11039  8188
    4790   2   1   1   0   1  10369 10370  8637 10373 10746 10750 10749 10765
                              10764 10770
 
    ELEM MAT TYP REL ESY SEC        NODES
 
    4791   2   1   1   0   1  10370 10369 10351 10332 10746 11034 10812 10767
                              10766 10802
    4792   2   1   1   0   1  10370 10335 10373 10332 11040 11041 10764 10767
                              10591 10768
    4793   2   1   1   0   1  10370  8637 10373  8634 10750 10770 10764 11038
                               8167 11039
    4794   2   1   1   0   1     37 10045  2489   650  9799 11042  2466   651
                              11043  2464
    4795   2   1   1   0   1  10414   650  2286   648 11044  2261 11045 11046
                                649  2260
    4796   2   1   1   0   1  10355 10415 10033 10035 11047 11048 11049 11050
                              11051  9946
    4797   2   1   1   0   1  10355 10415 10356   646 11047 11052 11053 10691
                              11054 11055
    4798   2   1   1   0   1  10031 10356   757 10355 10695 10693 10696 10681
                              11053 10690
    4799   2   1   1   0   1  10416  2284  2294  2283 11056  2229 11057 11058
                               2243  2228
    4800   2   1   1   0   1  10354    37 10016   650 11059 10012 10679 10675
                                651 10683
 
    ELEM MAT TYP REL ESY SEC        NODES
 
    4801   2   1   1   0   1  10354    37 10031 10016 11059  9972 10680 10679
                              10012  9962
    4802   2   1   1   0   1  10355 10415 10035 10031 11047 11051 11050 10681
                              11060  9950
    4803   2   1   1   0   1   9230  9236 10417 10418  8820 11061 11062 11063
                              11064 11065
    4804   2   1   1   0   1  10384 10385  9236  9206 10872 10871 10870 11066
                              11067  8877
    4805   2   1   1   0   1  10385  9235 10418  9236 11068 11069 11070 10871
                               8847 11064
    4806   2   1   1   0   1  10385 10418  9235  9234 11070 11069 11068 11071
                              11072  8848
    4807   2   1   1   0   1  10290 10385 10297 10386 11073 11074 10204 10881
                              10875 11075
    4808   2   1   1   0   1  10385  9167  9204  9168 11076  8978 11077 11078
                               9037  8979
    4809   2   1   1   0   1  10385  9168  9205  9169 11078  8976 11079 11080
                               9036  8977
    4810   2   1   1   0   1  10419  9758   587 10402 11081  9671 11082 11083
                              11084 11085
 
    ELEM MAT TYP REL ESY SEC        NODES
 
    4811   2   1   1   0   1  10419 10398  9758 10402 11086 11087 11081 11083
                              11088 11084
    4812   2   1   1   0   1  10420 10421 10422 10423 11089 11090 11091 11092
                              11093 11094
    4813   2   1   1   0   1  10402 10424   790  9772 11095 11096 11097 11098
                              11099 11100
    4814   2   1   1   0   1  10398 10401 10402 10397 11101 10948 11088 10937
                              10947 10949
    4815   2   1   1   0   1  10402   587 10304   585 11085 10201 10952 11102
                                586 10221
    4816   2   1   1   0   1   2296    37   650 10016  2214   651  2213 11103
                              10012 10683
    4817   2   1   1   0   1  10425  1137 10426 10363 11104 11105 11106 11107
                              11108 11109
    4818   2   1   1   0   1  10425 10367  9761  9748 11110 11111 11112 11113
                              11114  9530
    4819   2   1   1   0   1  10425 10399  9758  9770 11115 11116 11117 11118
                              11119  9675
    4820   2   1   1   0   1  10425 10367   822 10363 11110 11120 11121 11107
                              11122 10722
 
    ELEM MAT TYP REL ESY SEC        NODES
 
    4821   2   1   1   0   1  10425 10426  9758 10399 11106 11123 11117 11115
                              11124 11116
    4822   2   1   1   0   1  10425 10363 10366 10367 11107 11125 11126 11110
                              11122 10737
    4823   2   1   1   0   1  10427 10422  2108  2101 11127 11128 11129 11130
                              11131  2060
    4824   2   1   1   0   1  10427 10428 10429 10430 11132 11133 11134 11135
                              11136 11137
    4825   2   1   1   0   1  10427 10423  9507  9513 11138 11139 11140 11141
                              11142  9425
    4826   2   1   1   0   1  10427 10428 10423  9513 11132 11143 11138 11141
                              11144 11142
    4827   2   1   1   0   1  10427  9507 10423 10422 11140 11139 11138 11127
                              11145 11094
    4828   2   1   1   0   1  10427   688  2101   690 11146  2078 11130 11147
                                689  2077
    4829   2   1   1   0   1  10427   688 10429  9497 11146 11148 11134 11149
                              11150 11151
    4830   2   1   1   0   1  10431  2278   810  2298 11152  2277 11153 11154
                               2202  2205
 
    ELEM MAT TYP REL ESY SEC        NODES
 
    4831   2   1   1   0   1  10431 10416 10039 10432 11155 11156 11157 11158
                              11159 11160
    4832   2   1   1   0   1  10431 10433 10416 10432 11161 11162 11155 11158
                              11163 11159
    4833   2   1   1   0   1  10431  2292 10434  2295 11164 11165 11166 11167
                               2217 11168
    4834   2   1   1   0   1  10431 10414  2295 10434 11169 11170 11167 11166
                              11171 11168
    4835   2   1   1   0   1  10431 10414 10434 10033 11169 11171 11166 11172
                              11173 11174
    4836   2   1   1   0   1  10407 10435  9152  9193 11175 11176 11177 11178
                              11179  9003
    4837   2   1   1   0   1  10404 10407 10406 10356 10983 10982 10981 10978
                              11180 10993
    4838   2   1   1   0   1  10407 10356   757 10406 11180 10693 11181 10982
                              10993 11182
    4839   2   1   1   0   1  10407  9152 10406   757 11177 11183 10982 11181
                               9126 11182
    4840   2   1   1   0   1  10407 10393  9217  9194 11184 11185 11186 11187
                              10917  8939
 
    ELEM MAT TYP REL ESY SEC        NODES
 
    4841   2   1   1   0   1  10407 10393  9194  9154 11184 10917 11187 11188
                              11189  9001
    4842   2   1   1   0   1  10407 10393 10395 10406 11184 10931 10986 10982
                              11190 10985
    4843   2   1   1   0   1  10347  8616 10349 10357 10654 10653 10652 11191
                              11192 10710
    4844   2   1   1   0   1  10347 10378 10351 10353 10799 10820 10661 10669
                              10864 10670
    4845   2   1   1   0   1  10352 10361 10353 10436 11193 11194 10671 11195
                              11196 11197
    4846   2   1   1   0   1  10352 10353 10437 10436 10671 11198 11199 11195
                              11197 11200
    4847   2   1   1   0   1  10352 10349 10353 10361 10819 10818 10671 11193
                              10712 11194
    4848   2   1   1   0   1  10428 10034 10438  9513 11201 11202 11203 11144
                              11204 11205
    4849   2   1   1   0   1  10428 10438 10034 10439 11203 11202 11201 11206
                              11207 11208
    4850   2   1   1   0   1    644   770   753   772  2481  8707 11209  2483
                                771  8728
 
    ELEM MAT TYP REL ESY SEC        NODES
 
    4851   2   1   1   0   1    425   423  9512 10428   424  9402  9403 11210
                              11211 11212
    4852   2   1   1   0   1  10428 10440  9509 10429 11213 11214 11215 11133
                              11216 11217
    4853   2   1   1   0   1  10428  9509 10440  9512 11215 11214 11213 11212
                               9448 11218
    4854   2   1   1   0   1  10392  9160  9192  9151 11219  9005 11220 11221
                               9052  9006
    4855   2   1   1   0   1  10392  9191 10441  9150 11222 11223 11224 11225
                               9008 11226
    4856   2   1   1   0   1  10378 10292 10308 10293 10827 10196 10865 11227
                              10208 10195
    4857   2   1   1   0   1  10392 10442  9200  9161 11228 11229 11230 11231
                              11232  8988
    4858   2   1   1   0   1  10392 10443  9191  9224 11233 11234 11222 11235
                              11236  8903
    4859   2   1   1   0   1  10390 10392 10441 10345 10906 11224 11237 10907
                              10909 11238
    4860   2   1   1   0   1  10392 10345 10391 10442 10909 10908 10905 11228
                              11239 11240
 
    ELEM MAT TYP REL ESY SEC        NODES
 
    4861   2   1   1   0   1  10392 10442  9161 10444 11228 11232 11231 11241
                              11242 11243
    4862   2   1   1   0   1  10372 10376  8620 10445 11244 11245 11246 11247
                              11248 11249
    4863   2   1   1   0   1  10371  8618  8595 10372 11250  8257 11251 10754
                              11252 11253
    4864   2   1   1   0   1   8594 10371  8618  8595 11254 11250  8258  8306
                              11251  8257
    4865   2   1   1   0   1   8620 10372  8624 10376 11246 11255  8200 11245
                              11244 11256
    4866   2   1   1   0   1  10372 10022 10371 10330 11257 11258 10754 10758
                              11259 10759
    4867   2   1   1   0   1  10372 10376 10330 10373 11244 10781 10758 11260
                              10780 10778
    4868   2   1   1   0   1  10327 10405 10415 10356 10976 11261 11262 10980
                              10979 11052
    4869   2   1   1   0   1  10404 10395  9154  9155 10984 11263 10969 11264
                              11265  9049
    4870   2   1   1   0   1  10420 10421 10446 10388 11089 11266 11267 11268
                              11269 11270
 
    ELEM MAT TYP REL ESY SEC        NODES
 
    4871   2   1   1   0   1  10327 10356   646   755 10980 11055 11271 11272
                              11273 11274
    4872   2   1   1   0   1    755 10327 10404   753 11272 10977 10968   754
                              11275 10967
    4873   2   1   1   0   1  10327 10447   642 10448 11276 11277 10555 11278
                              11279 11280
    4874   2   1   1   0   1    751 10404   749 10327 11281 11282   750 10552
                              10977 10553
    4875   2   1   1   0   1  10342 10449 10450 10341 11283 11284 11285 10610
                              11286 11287
    4876   2   1   1   0   1  10342 10450  9765 10343 11285 11288 11289 10614
                              11290 11291
    4877   2   1   1   0   1   9774 10342  9765 10343 11292 11289  9652 11293
                              10614 11291
    4878   2   1   1   0   1  10339 10342  9774 10343 10611 11292 11294 10612
                              10614 11293
    4879   2   1   1   0   1  10306  9761   591   589 11295  9641 10182 10174
                               9677   590
    4880   2   1   1   0   1  10362 10365 10367   860 10732 10736 10735 10738
                              10741 11296
 
    ELEM MAT TYP REL ESY SEC        NODES
 
    4881   2   1   1   0   1  10366 10364 10363 10400 10834 11297 11125 11298
                              11299 11300
    4882   2   1   1   0   1  10425 10366 10399  9770 11126 11301 11115 11118
                              11302 11119
    4883   2   1   1   0   1  10366 10364 10331 10365 10834 10795 10833 10733
                              11303 11304
    4884   2   1   1   0   1  10366 10381 10364 10400 10835 10830 10834 11298
                              11305 11299
    4885   2   1   1   0   1  10366 10306 10381  9770 11306 11307 10835 11302
                              11308 11309
    4886   2   1   1   0   1  10415 10433 10448 10434 11310 11311 11312 11313
                              11314 11315
    4887   2   1   1   0   1  10415 10033 10432 10434 11048 11316 11317 11313
                              11174 11318
    4888   2   1   1   0   1  10415 10432  9518 10451 11317 11319 11320 11321
                              11322 11323
    4889   2   1   1   0   1  10415 10432 10451 10433 11317 11322 11321 11310
                              11163 11324
    4890   2   1   1   0   1  10327 10415 10448   644 11262 11312 11278 11325
                              11326 11327
 
    ELEM MAT TYP REL ESY SEC        NODES
 
    4891   2   1   1   0   1  10415  9518 10405 10451 11320 11328 11261 11321
                              11323 11329
    4892   2   1   1   0   1    778   650   759   776  2486 10674  8719   777
                               2487  8710
    4893   2   1   1   0   1  10431 10039 10033 10432 11157  9927 11172 11158
                              11160 11316
    4894   2   1   1   0   1  10368 10452 10331  9773 11330 11331 11332 11333
                              11334 10570
    4895   2   1   1   0   1  10329  9773  9776   591 10571  9645 10574 10572
                               9642  9636
    4896   2   1   1   0   1  10375 10331 10335 10285 10794 10590 10829 10836
                              11335 10837
    4897   2   1   1   0   1   9761 10331  9773 10365 11336 10570  9647 11337
                              11304 11338
    4898   2   1   1   0   1  10331 10307 10335 10285 10593 10592 10590 11335
                              10198 10837
    4899   2   1   1   0   1  10425 10366  9761 10367 11126 11339 11112 11110
                              10737 11111
    4900   2   1   1   0   1  10425 10366  9770  9761 11126 11302 11118 11112
                              11339  9683
 
    ELEM MAT TYP REL ESY SEC        NODES
 
    4901   2   1   1   0   1  10431 10416  2294  2283 11155 11057 11340 11341
                              11058  2228
    4902   2   1   1   0   1  10367 10365  9773  9750 10736 11338 11342 11343
                              11344  9659
    4903   2   1   1   0   1  10425 10367  9748   820 11110 11114 11113 11345
                              11346 11347
    4904   2   1   1   0   1  10425 10366 10363 10399 11126 11125 11107 11115
                              11301 11348
    4905   2   1   1   0   1  10367  9773 10365  9761 11342 11338 10736 11111
                               9647 11337
    4906   2   1   1   0   1  10430 10453 10380   732 11349 11350 11351 11352
                              11353 11354
    4907   2   1   1   0   1  10430 10454   694   692 11355 11356 11357 11358
                              11359   693
    4908   2   1   1   0   1  10430 10437 10380 10455 11360 11361 11351 11362
                              11363 11364
    4909   2   1   1   0   1  10428 10454 10423 10438 11365 11366 11143 11203
                              11367 11368
    4910   2   1   1   0   1  10438 10454 10456 10428 11367 11369 11370 11203
                              11365 11371
 
    ELEM MAT TYP REL ESY SEC        NODES
 
    4911   2   1   1   0   1  10339 10342   579  9774 10611 11372 11373 11294
                              11292  9651
    4912   2   1   1   0   1  10337 10338 10309 10339 10595 10599 10598 10602
                              10603 10607
    4913   2   1   1   0   1  10337 10457   490   573 11374 11375 11376 11377
                              11378  9633
    4914   2   1   1   0   1    577 10339   575 10309 11379 10619   576 10172
                              10607 10169
    4915   2   1   1   0   1  10337 10457   573   575 11374 11378 11377 10620
                              11380   574
    4916   2   1   1   0   1   2278 10033   810   808 11381  9963  2277  2276
                               9964   809
    4917   2   1   1   0   1  10376  8623 10373  8624 11382 10788 10780 11256
                               8198 11383
    4918   2   1   1   0   1  10376 10445 10452 10458 11248 11384 11385 11386
                              11387 11388
    4919   2   1   1   0   1  10372 10022  8561  8595 11257 11389 11390 11253
                              11391  8343
    4920   2   1   1   0   1  10372  8561 10022 10023 11390 11389 11257 11392
                              11393  9938
 
    ELEM MAT TYP REL ESY SEC        NODES
 
    4921   2   1   1   0   1  10372  8624 10376 10373 11255 11256 11244 11260
                              11383 10780
    4922   2   1   1   0   1  10376 10445  8621  8620 11248 11394 11395 11245
                              11249  8233
    4923   2   1   1   0   1  10372  8620  8596 10445 11246  8254 11396 11247
                              11249 11397
    4924   2   1   1   0   1  10459 10446 10388  2110 11398 11270 11399 11400
                              11401 10885
    4925   2   1   1   0   1  10368 10452 10376 10331 11330 11385 11402 11332
                              11331 10779
    4926   2   1   1   0   1  10412  9243 10410  9244 11403 11404 11009 11405
                               8805 11406
    4927   2   1   1   0   1  10412 10318  9254  9255 11407 11408 11409 11410
                              11411  8740
    4928   2   1   1   0   1  10412 10410  9254 10460 11009 11412 11409 11413
                              11414 11415
    4929   2   1   1   0   1  10318 10412 10319  9252 11407 11416 10502 11417
                              11418 11419
    4930   2   1   1   0   1  10412 10319  9238  9239 11416 11420 11421 11422
                              11423  8843
 
    ELEM MAT TYP REL ESY SEC        NODES
 
    4931   2   1   1   0   1  10412 10340 10410 10460 11424 11425 11009 11413
                              11426 11414
    4932   2   1   1   0   1  10340 10319 10318 10412 11427 10502 11428 11424
                              11416 11407
    4933   2   1   1   0   1  10338 10340 10319 10318 10606 11427 11429 11430
                              11428 10502
    4934   2   1   1   0   1   9237 10319 10320  9238 10501 10505 10504  8844
                              11420 11431
    4935   2   1   1   0   1  10412  9252 10318  9255 11418 11417 11407 11410
                               8780 11411
    4936   2   1   1   0   1  10411 10443  9191 10441 11432 11234 11433 11434
                              11435 11223
    4937   2   1   1   0   1  10390 10411 10441 10443 11436 11434 11237 11437
                              11432 11435
    4938   2   1   1   0   1  10390  9241 10389  9240 11438 10893 10895 11439
                               8841 11440
    4939   2   1   1   0   1   9240 10443  9222 10411 11441 11442  8831 11443
                              11432 11444
    4940   2   1   1   0   1  10390 10443 10391  9214 11437 11445 10904 11446
                              11447 11448
 
    ELEM MAT TYP REL ESY SEC        NODES
 
    4941   2   1   1   0   1  10443 10391  9214  9224 11445 11448 11447 11236
                              11449  8735
    4942   2   1   1   0   1  10411 10412  9221  9245 11007 11450 11013 11451
                              11452  8833
    4943   2   1   1   0   1  10376  8604 10445 10458 11453 11454 11248 11386
                              11455 11387
    4944   2   1   1   0   1  10445 10452 10458 10461 11384 11388 11387 11456
                              11457 11458
    4945   2   1   1   0   1  10445 10458  8604  8605 11387 11455 11454 11459
                              11460  8247
    4946   2   1   1   0   1  10445 10452 10023 10330 11384 11461 11462 11463
                              11464 11465
    4947   2   1   1   0   1  10445 10023  8563  8597 11462 11466 11467 11468
                              11469  8339
    4948   2   1   1   0   1    425 10034   423 10428  9910  9922   424 11210
                              11201 11211
    4949   2   1   1   0   1  10428   423  9512 10462 11211  9402 11212 11470
                              11471 11472
    4950   2   1   1   0   1  10431 10416  2283  2282 11155 11058 11341 11473
                              11474  2244
 
    ELEM MAT TYP REL ESY SEC        NODES
 
    4951   2   1   1   0   1  10455 10453 10428 10439 11475 11476 11477 11478
                              11479 11206
    4952   2   1   1   0   1  10438 10030 10463 10015 11480 11481 11482 11483
                               9969 11484
    4953   2   1   1   0   1  10439 10456 10428 10438 11485 11371 11206 11207
                              11370 11203
    4954   2   1   1   0   1  10438 10030 10456 10463 11480 11486 11370 11482
                              11481 11487
    4955   2   1   1   0   1  10464 10424 10302 10465 11488 11489 11490 11491
                              11492 11493
    4956   2   1   1   0   1  10466 10467   671   673 11494 11495 11496 11497
                              11498   672
    4957   2   1   1   0   1  10466   877   673   671 11499 11500 11497 11496
                              11501   672
    4958   2   1   1   0   1  10466 10467   673   675 11494 11498 11497 11502
                              11503   674
    4959   2   1   1   0   1  10468 10469 10467 10450 11504 11505 11506 11507
                              11508 11509
    4960   2   1   1   0   1  10469 10467 10450 10466 11505 11509 11508 11510
                              11494 11511
 
    ELEM MAT TYP REL ESY SEC        NODES
 
    4961   2   1   1   0   1  10466 10470   879   877 11512 11513 11514 11499
                              11515   878
    4962   2   1   1   0   1  10421   425 10034   427 11516  9910 11517 11518
                                426  9947
    4963   2   1   1   0   1  10421  9513   425   427 11519  9404 11516 11518
                               9418   426
    4964   2   1   1   0   1  10421 10459 10038 10446 11520 11521 11522 11266
                              11398 11523
    4965   2   1   1   0   1  10421 10422 10423  9507 11090 11094 11093 11524
                              11145 11139
    4966   2   1   1   0   1  10420 10421 10388 10422 11089 11269 11268 11091
                              11090 11525
    4967   2   1   1   0   1  10421  9507 10423  9513 11524 11139 11093 11519
                               9425 11142
    4968   2   1   1   0   1  10421  9519 10388  9507 11526 11527 11269 11524
                               9416 11528
    4969   2   1   1   0   1  10420  2113 10463  2105 11529 11530 11531 11532
                               2020 11533
    4970   2   1   1   0   1  10034 10438  9513 10421 11202 11205 11204 11517
                              11534 11519
 
    ELEM MAT TYP REL ESY SEC        NODES
 
    4971   2   1   1   0   1  10421 10446 10038 10032 11266 11523 11522 11535
                              11536  9931
    4972   2   1   1   0   1  10471 10433  2293  2290 11537 11538 11539 11540
                              11541  2219
    4973   2   1   1   0   1  10471  2280  9508   666 11542 11543 11544 11545
                               2273  9464
    4974   2   1   1   0   1  10471 10451 10432 10433 11546 11322 11547 11537
                              11324 11163
    4975   2   1   1   0   1  10471 10432 10472 10433 11547 11548 11549 11537
                              11163 11550
    4976   2   1   1   0   1  10471 10472  2280  2293 11549 11551 11542 11539
                              11552  2232
    4977   2   1   1   0   1  10415 10405 10035 10031 11261 11553 11051 11060
                              11554  9950
    4978   2   1   1   0   1  10355 10033 10414 10016 11049 11173 11555 10678
                               9954 11556
    4979   2   1   1   0   1  10405 10356 10031 10415 10979 10695 11554 11261
                              11052 11060
    4980   2   1   1   0   1  10408 10356 10037 10405 10990 10989 10991 11557
                              10979 11558
 
    ELEM MAT TYP REL ESY SEC        NODES
 
    4981   2   1   1   0   1  10473 10404 10405 10447 11559 10975 11560 11561
                              11562 11563
    4982   2   1   1   0   1  10404 10409 10447 10473 10997 11564 11562 11559
                              11565 11561
    4983   2   1   1   0   1    751 10409   749 10404 11566 11567   750 11281
                              10997 11282
    4984   2   1   1   0   1  10355 10414   646   648 11555 11568 10691 10689
                              11046   647
    4985   2   1   1   0   1    757 10031   759 10018 10696 10685   758 10694
                               9955 11569
    4986   2   1   1   0   1  10354 10031   759   757 10680 10685 10672 10673
                              10696   758
    4987   2   1   1   0   1    757   646 10355 10356 10688 10691 10690 10693
                              11055 11053
    4988   2   1   1   0   1  10356 10406 10018   757 10993 11570 10692 10693
                              11182 10694
    4989   2   1   1   0   1  10347 10377  8589  8588 10797 11571 10655 11572
                              11573  8312
    4990   2   1   1   0   1  10351 10380 10352 10353 10815 11574 10667 10670
                              11575 10671
 
    ELEM MAT TYP REL ESY SEC        NODES
 
    4991   2   1   1   0   1  10349 10377 10378 10293 10800 10798 10801 11576
                              11577 11227
    4992   2   1   1   0   1  10349  8553 10377 10293 11578 11579 10800 11576
                              11580 11577
    4993   2   1   1   0   1  10358 10349  8590 10357 10709 11581 10716 10701
                              10710 10717
    4994   2   1   1   0   1  10352 10357 10349 10361 11582 10710 10819 11193
                              10713 10712
    4995   2   1   1   0   1  10349 10353 10361 10289 10818 11194 10712 11583
                              11584 11585
    4996   2   1   1   0   1     76 10320    78 10026 11586 11587    77  9984
                              11588  9784
    4997   2   1   1   0   1  10320  9176    76  9175 11589  9078 11586 11590
                               9030  9081
    4998   2   1   1   0   1  10320 10318 10435 10319 10503 11591 11592 10505
                              10502 11593
    4999   2   1   1   0   1  10320 10435  9237  9209 11592 11594 10504 11595
                              11596  8871
    5000   2   1   1   0   1  10319  9211 10026 10320 11597 11598 11599 10505
                              11600 11588
 
    ELEM MAT TYP REL ESY SEC        NODES
 
    5001   2   1   1   0   1  10389 10319  9211 10026 11601 11597 11602 11603
                              11599 11598
    5002   2   1   1   0   1  10320 10319  9211  9238 10505 11597 11600 11431
                              11420  8870
    5003   2   1   1   0   1  10320 10026  9176  9211 11588 11604 11589 11600
                              11598  8963
    5004   2   1   1   0   1  10320 10435 10025 10319 11592 11605 11606 10505
                              11593 11607
    5005   2   1   1   0   1  10440 10474 10437 10475 11608 11609 11610 11611
                              11612 11613
    5006   2   1   1   0   1  10431  2282  2278  2298 11473  2247 11152 11154
                               2203  2202
    5007   2   1   1   0   1  10474 10429  9511 10440 11614 11615 11616 11608
                              11216 11617
    5008   2   1   1   0   1  10440 10462  9512 10475 11618 11472 11218 11611
                              11619 11620
    5009   2   1   1   0   1  10440 10455 10462 10475 11621 11622 11618 11611
                              11623 11619
    5010   2   1   1   0   1  10440 10429  9511  9509 11216 11615 11617 11214
                              11217  9451
 
    ELEM MAT TYP REL ESY SEC        NODES
 
    5011   2   1   1   0   1  10401   790   792  1140 11624   791 11625 11626
                               1106  1107
    5012   2   1   1   0   1   9772   790   788 10424 11100   789 11627 11099
                              11096 11628
    5013   2   1   1   0   1  10402 10424   585 10401 11095 11629 11102 10948
                              11630 11631
    5014   2   1   1   0   1  10396 10338 10393 10318 11632 11633 10930 11634
                              11430 11635
    5015   2   1   1   0   1  10396 10386 10418 10409 11636 11637 11638 10999
                              11639 11640
    5016   2   1   1   0   1  10404 10396 10408 10406 10987 10996 10995 10981
                              10988 10994
    5017   2   1   1   0   1   9776 10452  9773 10329 11641 11334  9645 10574
                              11642 10571
    5018   2   1   1   0   1  10331 10368  9773 10365 11332 11333 10570 11304
                              10742 11338
    5019   2   1   1   0   1  10375   868 10364 10381 11643 11644 10791 10832
                              11645 10830
    5020   2   1   1   0   1  10362 10368 10364 10365 10740 11646 10726 10732
                              10742 11303
 
    ELEM MAT TYP REL ESY SEC        NODES
 
    5021   2   1   1   0   1  10374   866   864 10364 11647   865 11648 10792
                              11649 10727
    5022   2   1   1   0   1  10374 10368 10331 10364 11650 11332 10793 10792
                              11646 10795
    5023   2   1   1   0   1  10374 10375 10331 10335 10772 10794 10793 10782
                              10829 10590
    5024   2   1   1   0   1  10387 10472   653  9520 11651 11652 10970 11653
                              11654 11655
    5025   2   1   1   0   1  10387 10039   429 10038 11656  9926 11657 11658
                               9929  9925
    5026   2   1   1   0   1  10387   657 10416 10459 11659 11660 11661 11662
                              11663 11664
    5027   2   1   1   0   1  10387 10388  9519  2117 10886 11527 10972 10971
                              11665 10974
    5028   2   1   1   0   1  10421 10388 10387 10459 11269 10886 11666 11520
                              11399 11662
    5029   2   1   1   0   1  10423  2106 10454  2107 11667 11668 11366 11669
                               2062 11670
    5030   2   1   1   0   1  10423   692 10422  2107 11671 11672 11094 11669
                               2082 11673
 
    ELEM MAT TYP REL ESY SEC        NODES
 
    5031   2   1   1   0   1  10430 10427 10423   692 11135 11138 11674 11358
                              11675 11671
    5032   2   1   1   0   1  10427  9497 10429  9509 11149 11151 11134 11676
                               9460 11217
    5033   2   1   1   0   1  10427  9507 10422  9497 11140 11145 11127 11149
                               9457 11677
    5034   2   1   1   0   1  10421 10387 10388  9519 11666 10886 11269 11526
                              10972 11527
    5035   2   1   1   0   1  10420  2115 10446  2114 11678 11679 11267 11680
                               2037 11681
    5036   2   1   1   0   1  10420 10422 10388  2115 11091 11525 11268 11678
                              11682 11683
    5037   2   1   1   0   1  10428 10438 10423  9513 11203 11368 11143 11144
                              11205 11142
    5038   2   1   1   0   1  10428 10454 10456 10430 11365 11369 11371 11136
                              11355 11684
    5039   2   1   1   0   1  10414  2288  2287  2295 11685  2240 11686 11170
                               2197  2224
    5040   2   1   1   0   1  10338 10393 10435 10406 11633 11687 11688 11689
                              11190 11690
 
    ELEM MAT TYP REL ESY SEC        NODES
 
    5041   2   1   1   0   1  10394 10318 10396 10393 10922 11634 10928 10914
                              11635 10930
    5042   2   1   1   0   1  10396 10338 10340 10476 11632 10606 11691 11692
                              11693 11694
    5043   2   1   1   0   1  10396 10338 10406 10393 11632 11689 10988 10930
                              11633 11190
    5044   2   1   1   0   1  10338 10435 10319 10025 11688 11593 11429 11695
                              11605 11607
    5045   2   1   1   0   1  10338 10406 10025 10037 11689 11696 11695 11697
                              10992  9941
    5046   2   1   1   0   1  10337 10336 10338 10041 10594 10596 10595 10601
                              11698 10604
    5047   2   1   1   0   1  10338 10396 10406 10336 11632 10988 11689 10596
                              11699 11700
    5048   2   1   1   0   1  10390 10443  9214  9241 11437 11447 11446 11438
                              11701  8864
    5049   2   1   1   0   1  10390 10319  9240 10389 11702 11703 11439 10895
                              11601 11440
    5050   2   1   1   0   1  10389 10319  9239  9211 11601 11423 11704 11602
                              11597  8867
 
    ELEM MAT TYP REL ESY SEC        NODES
 
    5051   2   1   1   0   1  10389 10026  9211  9177 11603 11598 11602 11705
                              11706  8964
    5052   2   1   1   0   1  10027  9178  9177 10389 11707  9028 11708 10898
                              11709 11705
    5053   2   1   1   0   1     72 10027  9178  9177  9981 11707  9074  9077
                              11708  9028
    5054   2   1   1   0   1  10389 10319  9240  9239 11601 11703 11440 11704
                              11423  8842
    5055   2   1   1   0   1  10389 10027  9178  9179 10898 11707 11709 10894
                              10899  9027
    5056   2   1   1   0   1  10394 10396 10418 10395 10928 11638 11710 10919
                              10929 11711
    5057   2   1   1   0   1  10418 10460  9251  9234 11712 11713 11714 11072
                              11715  8816
    5058   2   1   1   0   1  10385  9203 10476  9234 11716 11717 11718 11071
                               8880 11719
    5059   2   1   1   0   1  10385 10418  9234 10476 11070 11072 11071 11718
                              11720 11719
    5060   2   1   1   0   1  10394  9249  9248  9228 11721  8802 11722 10920
                               8823  8824
 
    ELEM MAT TYP REL ESY SEC        NODES
 
    5061   2   1   1   0   1  10418 10395  9196  9228 11711 11723 11724 11725
                              10921  8894
    5062   2   1   1   0   1  10408 10336 10037 10406 11726 11727 10991 10994
                              11700 10992
    5063   2   1   1   0   1  10396 10338 10476 10336 11632 11693 11692 11699
                              10596 11728
    5064   2   1   1   0   1  10396 10418 10395 10409 11638 11711 10929 10999
                              11640 11729
    5065   2   1   1   0   1  10477 10478   679   677 11730 11731 11732 11733
                              11734   678
    5066   2   1   1   0   1  10479  1315  1310 10477 11735  1245 11736 11737
                              11738 11739
    5067   2   1   1   0   1   1313 10479  1315  1310 11740 11735  1239  1244
                              11736  1245
    5068   2   1   1   0   1   1311 10479  1310 10469 11741 11736  1261 11742
                              11743 11744
    5069   2   1   1   0   1  10415   644 10434 10448 11326 11745 11313 11312
                              11327 11315
    5070   2   1   1   0   1  10477 10469   677  1310 11746 11747 11733 11739
                              11744  1279
 
    ELEM MAT TYP REL ESY SEC        NODES
 
    5071   2   1   1   0   1   8587  8551 10292 10377  8360 11748 11021 11019
                              11749 10824
    5072   2   1   1   0   1  10420 10446 10032  2100 11267 11536 11750 11751
                              11752 11753
    5073   2   1   1   0   1  10346 10351  8638  8627 10809 10808 10807 10633
                              10666  8126
    5074   2   1   1   0   1  10346 10378 10347 10377 10826 10799 10631 10823
                              10798 10797
    5075   2   1   1   0   1   8612  8613  8586 10413  8242  8271  8272 11754
                              11755 11756
    5076   2   1   1   0   1  10413  8613  8586  8587 11755  8271 11756 11757
                               8270  8314
    5077   2   1   1   0   1  10346 10377  8614  8587 10823 11758 10634 11020
                              11019  8269
    5078   2   1   1   0   1  10346 10413 10378 10292 11032 11759 10826 10825
                              11760 10827
    5079   2   1   1   0   1  10480  9231 10417  9199 11761 11762 11763 11764
                               8888 11765
    5080   2   1   1   0   1  10384 10480  9231 10417 11766 11761 11767 11768
                              11763 11762
 
    ELEM MAT TYP REL ESY SEC        NODES
 
    5081   2   1   1   0   1  10385 10384 10290  9169 10872 10878 11073 11080
                              10876 10879
    5082   2   1   1   0   1  10384 10480 10386 10298 11766 11769 10873 10883
                              11770 10882
    5083   2   1   1   0   1  10384  9172  9171  9208 11771  9033 10889 11772
                               8971  8970
    5084   2   1   1   0   1  10480   314 10298  9502 11773 10230 11770 11774
                               9455 11775
    5085   2   1   1   0   1  10480   314   316 10298 11773   315 11776 11770
                              10230 10219
    5086   2   1   1   0   1    683 10288 10300 10481 11777 10243 11778 11779
                              11780 11781
    5087   2   1   1   0   1  10480  9184  9502  9185 11782 11783 11774 11784
                               9021 11785
    5088   2   1   1   0   1  10386 10480 10408 10310 11769 11786 11787 11788
                              11789 11790
    5089   2   1   1   0   1  10447   745 10473   747 11791 11792 11561 11793
                                746 11794
    5090   2   1   1   0   1  10447 10448   640   642 11279 11795 11796 11277
                              11280   641
 
    ELEM MAT TYP REL ESY SEC        NODES
 
    5091   2   1   1   0   1  10408 10473 10404 10405 11797 11559 10995 11557
                              11560 10975
    5092   2   1   1   0   1  10404 10409 10473 10408 10997 11565 11559 10995
                              10998 11797
    5093   2   1   1   0   1  10404   749 10327 10447 11282 10553 10977 11562
                              11798 11276
    5094   2   1   1   0   1  10403   832   834   870 11799   833 11800 11801
                              11802 11803
    5095   2   1   1   0   1  10397 10403  1144  1142 10953 10965 10964 11804
                              11805  1070
    5096   2   1   1   0   1   1142 10403  1150 10287 11805 11806  1052 11807
                              10959 11808
    5097   2   1   1   0   1   1307  1306   683 10288  1265  1286  1285 11809
                              11810 11777
    5098   2   1   1   0   1  10403 10381 10299 10287 10954 10843 11811 10959
                              10961 10236
    5099   2   1   1   0   1  10403  1150 10287   834 11806 11808 10959 11800
                               1055 11812
    5100   2   1   1   0   1  10403  1132  1150   834 11813  1054 11806 11800
                               1124  1055
 
    ELEM MAT TYP REL ESY SEC        NODES
 
    5101   2   1   1   0   1   9520 10416 10039 10387 11814 11156 11815 11653
                              11661 11656
    5102   2   1   1   0   1  10039 10459 10387 10416 11816 11662 11656 11156
                              11664 11661
    5103   2   1   1   0   1  10416   655 10472  2284 11817 11818 11819 11056
                               2265 11820
    5104   2   1   1   0   1  10416  2284 10433  2294 11056 11821 11162 11057
                               2229 11822
    5105   2   1   1   0   1  10387 10388  2112  2111 10886 11823 11824 10887
                              10888  2057
    5106   2   1   1   0   1  10416   659 10459   657 11825 11826 11664 11660
                                658 11663
    5107   2   1   1   0   1  10478 10449   885   883 11827 11828 11829 11830
                              11831   884
    5108   2   1   1   0   1  10478   885 10482   887 11829 11832 11833 11834
                                886 11835
    5109   2   1   1   0   1  10342 10300 10483 10309 11836 11837 11838 11839
                              10185 11840
    5110   2   1   1   0   1  10478 10449   883   677 11827 11831 11830 11734
                              11841 11842
 
    ELEM MAT TYP REL ESY SEC        NODES
 
    5111   2   1   1   0   1  10387  2112 10388  2117 11824 11823 10886 10971
                               2022 11665
    5112   2   1   1   0   1  10477 10481 10478 10469 11843 11844 11730 11746
                              11845 11846
    5113   2   1   1   0   1  10477  1308 10478 10481 11847 11848 11730 11843
                              11849 11844
    5114   2   1   1   0   1   1308  1307   681 10478  1264  1284  1283 11848
                              11850 11851
    5115   2   1   1   0   1  10478   885 10449 10482 11829 11828 11827 11833
                              11832 11852
    5116   2   1   1   0   1  10342 10449 10341 10482 11283 11286 10610 11853
                              11852 11854
    5117   2   1   1   0   1  10342 10305   579   581 11855 10183 11372 11856
                              10180   580
    5118   2   1   1   0   1  10342 10478 10483 10300 11857 11858 11838 11836
                              11859 11837
    5119   2   1   1   0   1  10478 10483 10300   683 11858 11837 11859 11860
                              11861 11778
    5120   2   1   1   0   1  10342 10478 10300 10481 11857 11859 11836 11862
                              11844 11781
 
    ELEM MAT TYP REL ESY SEC        NODES
 
    5121   2   1   1   0   1  10342 10450 10481 10305 11285 11863 11862 11855
                              11864 11865
    5122   2   1   1   0   1  10342 10305 10481 10300 11855 11865 11862 11836
                              10217 11781
    5123   2   1   1   0   1   9224 10391  9200 10392 11449 11866  8887 11235
                              10905 11230
    5124   2   1   1   0   1  10392 10345 10442 10444 10909 11239 11228 11241
                              11867 11242
    5125   2   1   1   0   1  10391  9180    68  9179 11868  9070 11869 11870
                               9026  9073
    5126   2   1   1   0   1  10391  9180  9181    66 11868  9025 11871 11872
                               9071  9068
    5127   2   1   1   0   1   9240 10411 10319 10390 11443 11873 11703 11439
                              11436 11702
    5128   2   1   1   0   1  10443 10390  9240  9241 11437 11439 11441 11701
                              11438  8841
    5129   2   1   1   0   1  10390 10028 10345 10344 10900 10911 10907 10902
                              10901 10624
    5130   2   1   1   0   1  10452   254 10040   256 11874  9782 11875 11876
                                255  9902
 
    ELEM MAT TYP REL ESY SEC        NODES
 
    5131   2   1   1   0   1  10329  9776 10452 10040 10574 11641 11642 10576
                              11877 11875
    5132   2   1   1   0   1  10452   254  9769 10024 11874  9658 11878 11879
                               9793 11880
    5133   2   1   1   0   1  10452 10023 10330 10040 11461 11465 11464 11875
                               9917 11881
    5134   2   1   1   0   1  10387 10416   655 10472 11661 11817 11882 11651
                              11819 11818
    5135   2   1   1   0   1  10387   429  9520  9519 11657  9410 11653 10972
                               9411  9413
    5136   2   1   1   0   1  10459 10446  2118 10038 11398 11883 11884 11521
                              11523 11885
    5137   2   1   1   0   1  10416  2282   659  2283 11474  2269 11825 11058
                               2244  2266
    5138   2   1   1   0   1  10039  9520   429 10432 11815  9410  9926 11160
                              11886 11887
    5139   2   1   1   0   1  10416   661   659  2282 11888   660 11825 11474
                               2268  2269
    5140   2   1   1   0   1  10430 10456   696 10454 11684 11889 11890 11355
                              11369 11891
 
    ELEM MAT TYP REL ESY SEC        NODES
 
    5141   2   1   1   0   1  10456 10030 10484   738 11486 11892 11893 11894
                              11895 11896
    5142   2   1   1   0   1  10430   732 10456 10453 11352 11897 11684 11349
                              11353 11898
    5143   2   1   1   0   1  10456   736 10453   734 11899 11900 11898 11901
                                735 11902
    5144   2   1   1   0   1    738   736 10484 10456   737 11903 11896 11894
                              11899 11893
    5145   2   1   1   0   1  10439 10456 10484 10453 11485 11893 11904 11479
                              11898 11905
    5146   2   1   1   0   1  10420 10423 10438 10421 11092 11368 11906 11089
                              11093 11534
    5147   2   1   1   0   1  10428 10440 10455 10462 11213 11621 11477 11470
                              11618 11622
    5148   2   1   1   0   1  10473  9500  9260   743 11907 11908 11909 11910
                              11911  8766
    5149   2   1   1   0   1  10480 10386 10408 10417 11769 11787 11786 11763
                              11912 11913
    5150   2   1   1   0   1  10473  9517 10408  9516 11914 11915 11797 11916
                               9407 11917
 
    ELEM MAT TYP REL ESY SEC        NODES
 
    5151   2   1   1   0   1   9517 10473 10405 10485 11914 11560 11918 11919
                              11920 11921
    5152   2   1   1   0   1  10473   743 10485  9500 11910 11922 11920 11907
                              11911 11923
    5153   2   1   1   0   1  10332 10373 10331 10335 10768 10777 10569 10591
                              11041 10590
    5154   2   1   1   0   1  10331 10368 10365 10364 11332 10742 11304 10795
                              11646 11303
    5155   2   1   1   0   1  10335 10291 10413 10285 11924 11925 11024 10837
                              10210 11926
    5156   2   1   1   0   1  10335 10291 10378 10413 11924 11927 11928 11024
                              11925 11759
    5157   2   1   1   0   1  10405 10356 10037 10031 10979 10989 11558 11554
                              10695  9911
    5158   2   1   1   0   1  10404 10409  9155   751 10997 11929 11264 11281
                              11566  9120
    5159   2   1   1   0   1  10405  9517 10485  9510 11918 11919 11921 11930
                               9427 11931
    5160   2   1   1   0   1    679   906   904   887  3043   905  3044 11932
                               8700  8679
 
    ELEM MAT TYP REL ESY SEC        NODES
 
    5161   2   1   1   0   1  10320 10025    78 10026 11606  9987 11587 11588
                               9935  9784
    5162   2   1   1   0   1  10435  9174 10025  9173 11933 11934 11605 11935
                               9032 11936
    5163   2   1   1   0   1  10320 10435  9174 10025 11592 11933 11937 11606
                              11605 11934
    5164   2   1   1   0   1  10320 10025 10026 10319 11606  9935 11588 10505
                              11607 11599
    5165   2   1   1   0   1  10320  9174 10435  9209 11937 11933 11592 11595
                               8967 11596
    5166   2   1   1   0   1  10370 10378 10335 10332 10821 11928 11040 10767
                              10822 10591
    5167   2   1   1   0   1  10329 10332 10311 10333 10567 10582 10584 10578
                              10580 10588
    5168   2   1   1   0   1  10410  9220  9188  9244 11938  8910 11939 11406
                               8835  8746
    5169   2   1   1   0   1  10329 10040 10333  9776 10576 10579 10578 10574
                              11877 11940
    5170   2   1   1   0   1  10332 10311 10333 10348 10582 10588 10580 10859
                              10646 11941
 
    ELEM MAT TYP REL ESY SEC        NODES
 
    5171   2   1   1   0   1  10464 10477  1315 10486 11942 11738 11943 11944
                              11945 11946
    5172   2   1   1   0   1  10332 10036 10348 10040 10853 11947 10859 10577
                               9899 11948
    5173   2   1   1   0   1  10360  9503 10361 10359 11949 11950 11951 11952
                              11953 11954
    5174   2   1   1   0   1  10360 10361  9504 10294 11951 11955 11956 11957
                              11958 11959
    5175   2   1   1   0   1  10360   135  9503  8568 11960  9481 11949 11961
                               8447 11962
    5176   2   1   1   0   1  10360 10361  9503  9504 11951 11950 11949 11956
                              11955  9476
    5177   2   1   1   0   1  10360  9503   135  9501 11949  9481 11960 11963
                               9478  9486
    5178   2   1   1   0   1  10482 10483   889  9145 11964 11965 11966 11967
                              11968  9141
    5179   2   1   1   0   1   9262 10487   891 10286 11969 11970  8759 11971
                              11972 11973
    5180   2   1   1   0   1  10487   891 10286 10483 11970 11973 11972 11974
                              11975 11976
 
    ELEM MAT TYP REL ESY SEC        NODES
 
    5181   2   1   1   0   1  10483 10487   891  9144 11974 11970 11975 11977
                              11978  9143
    5182   2   1   1   0   1  10342 10478 10482 10483 11857 11833 11853 11838
                              11858 11964
    5183   2   1   1   0   1   9759  1317   803  1300 11979  1235  9715 11980
                               1229  1298
    5184   2   1   1   0   1  10483 10340 10309 10286 11981 10608 11840 11976
                              11982 10192
    5185   2   1   1   0   1  10342 10478 10481 10449 11857 11844 11862 11283
                              11827 11983
    5186   2   1   1   0   1  10342 10482 10478 10449 11853 11833 11857 11283
                              11852 11827
    5187   2   1   1   0   1  10483 10300   685   891 11837 11984 11985 11975
                              11986 11987
    5188   2   1   1   0   1    685 10483   683 10300 11985 11861   684 11984
                              11837 11778
    5189   2   1   1   0   1  10434   644   646  2288 11745   645 11988 11989
                               2256  2257
    5190   2   1   1   0   1  10478 10483   683   889 11858 11861 11860 11990
                              11965 11991
 
    ELEM MAT TYP REL ESY SEC        NODES
 
    5191   2   1   1   0   1  10369 10332 10330 10379 10766 10568 10757 11035
                              10803 11992
    5192   2   1   1   0   1  10372 10373  8632  8633 11260 10769 10756 11993
                              11994  8191
    5193   2   1   1   0   1  10371 10022  8595  8560 11258 11391 11251 11995
                              11996  8344
    5194   2   1   1   0   1  10371  8559 10022  8560 11997 11998 11258 11995
                               8412 11996
    5195   2   1   1   0   1  10379  8577 10017 10021 11999 12000 12001 12002
                              12003  9945
    5196   2   1   1   0   1  10371 10379  8577  8606 12004 11999 12005 10761
                              12006  8286
    5197   2   1   1   0   1  10416 10459   661 10039 11664 12007 11888 11156
                              11816 12008
    5198   2   1   1   0   1  10369 10373 10372 10330 10765 11260 10755 10757
                              10778 10758
    5199   2   1   1   0   1  10372 10371  8618  8632 10754 11250 11252 10756
                              10753  8204
    5200   2   1   1   0   1  10382   419 10348 10036 12009 12010 10855 10852
                               9900 11947
 
    ELEM MAT TYP REL ESY SEC        NODES
 
    5201   2   1   1   0   1  10383 10380 10379 10353 12011 11030 12012 12013
                              11575 10806
    5202   2   1   1   0   1  10383  9523 10462  9522 12014 12015 12016 12017
                               9396 12018
    5203   2   1   1   0   1  10351 10378 10332 10353 10820 10822 10802 10670
                              10864 10805
    5204   2   1   1   0   1  10475  9522 10353 10383 12019 12020 12021 12022
                              12017 12013
    5205   2   1   1   0   1  10374  8601 10335 10373 10784 10783 10782 10787
                              10790 11041
    5206   2   1   1   0   1  10374 10376  8573  8602 12023 12024 12025 12026
                              12027  8295
    5207   2   1   1   0   1  10452  9773 10461  9769 11334 12028 11457 11878
                               9660 12029
    5208   2   1   1   0   1  10452 10376 10331 10330 11385 10779 11331 11464
                              10781 10565
    5209   2   1   1   0   1  10368   860 10458 10488 10739 12030 12031 12032
                              12033 12034
    5210   2   1   1   0   1  10329 10452 10330 10040 11642 11464 10564 10576
                              11875 11881
 
    ELEM MAT TYP REL ESY SEC        NODES
 
    5211   2   1   1   0   1  10366 10331  9761 10365 10833 11336 11339 10733
                              11304 11337
    5212   2   1   1   0   1  10368 10461  9773 10365 12035 12028 11333 10742
                              12036 11338
    5213   2   1   1   0   1  10387  9520   653  9519 11653 11655 10970 10972
                               9413 10973
    5214   2   1   1   0   1  10442  9753 10444  9766 12037 12038 11242 12039
                               9693 12040
    5215   2   1   1   0   1  10390  9179  9214 10391 10896  8957 11446 10904
                              11870 11448
    5216   2   1   1   0   1  10391 10029 10442 10028 12041 12042 11240 10910
                               9961 12043
    5217   2   1   1   0   1  10442 10444 10345  9766 11242 11867 11239 12039
                              12040 12044
    5218   2   1   1   0   1  10390 10389 10027 10319 10895 10898 10897 11702
                              11601 12045
    5219   2   1   1   0   1   8583 10489  8567 10359 12046 12047  8370 12048
                              12049 12050
    5220   2   1   1   0   1  10489 10359  8583  8542 12049 12048 12046 12051
                              12052  8371
 
    ELEM MAT TYP REL ESY SEC        NODES
 
    5221   2   1   1   0   1  10489 10359  8542 10436 12049 12052 12051 12053
                              12054 12055
    5222   2   1   1   0   1  10436 10489 10490 10474 12053 12056 12057 12058
                              12059 12060
    5223   2   1   1   0   1  10489 10474  8542   726 12059 12061 12051 12062
                              12063  8499
    5224   2   1   1   0   1  10430 10474 10429   728 12064 11614 11137 12065
                              12066 12067
    5225   2   1   1   0   1  10489 10359  9503  8567 12049 11953 12068 12047
                              12050 12069
    5226   2   1   1   0   1  10489  8543  8567  8642 12070  8426 12047 12071
                               8138  8154
    5227   2   1   1   0   1  10344   486   484  9767 10617   485 12072 10625
                               9654  9661
    5228   2   1   1   0   1    486 10337   488  9775 12073 12074   487  9643
                              10621  9640
    5229   2   1   1   0   1  10041 10337   488   486 10601 12074  9903  9909
                              12073   487
    5230   2   1   1   0   1  10390 10027 10041 10319 10897  9915 10903 11702
                              12045 12075
 
    ELEM MAT TYP REL ESY SEC        NODES
 
    5231   2   1   1   0   1  10344 10028 10345   484 10901 10911 10624 12072
                               9960 12076
    5232   2   1   1   0   1  10337 10339   486 10041 10602 10618 12073 10601
                              10600  9909
    5233   2   1   1   0   1   1311 10469   675 10467 11742 12077  1277 12078
                              11505 11503
    5234   2   1   1   0   1  10450 10341 10449 10469 11287 11286 11284 11508
                              12079 12080
    5235   2   1   1   0   1  10341 10466 10469 10450 12081 11510 12079 11287
                              11511 11508
    5236   2   1   1   0   1  10449 10469   677 10478 12080 11747 11841 11827
                              11846 11734
    5237   2   1   1   0   1  10449   883   881 10491 11831   882 12082 12083
                              12084 12085
    5238   2   1   1   0   1  10466 10470  9764 10450 11512 12086 12087 11511
                              12088 12089
    5239   2   1   1   0   1  10477 10478  1308   679 11730 11848 11847 11732
                              11731  1282
    5240   2   1   1   0   1  10399 10419 10398  9758 12090 11086 10943 11116
                              11081 11087
 
    ELEM MAT TYP REL ESY SEC        NODES
 
    5241   2   1   1   0   1  10402 10397 10419 10398 10949 12091 11083 11088
                              10937 11086
    5242   2   1   1   0   1  10402  9772  9758   587 11098  9665 11084 11085
                               9662  9671
    5243   2   1   1   0   1  10397 10419 10381 10301 12091 12092 10955 10934
                              12093 12094
    5244   2   1   1   0   1  10419 10399  9770  9758 12090 11119 12095 11081
                              11116  9675
    5245   2   1   1   0   1    589 10306  9770   587 10174 11308  9676   588
                              10175  9672
    5246   2   1   1   0   1  10306  9770   587 10419 11308  9672 10175 12096
                              12095 11082
    5247   2   1   1   0   1  10419 10306 10381 10301 12096 11307 12092 12093
                              10212 12094
    5248   2   1   1   0   1  10326 10333 10348 10040 10643 11941 10636 10644
                              10579 11948
    5249   2   1   1   0   1  10382 10308 10332 10311 10863 10861 10849 10858
                              10166 10582
    5250   2   1   1   0   1  10329 10307   593 10311 10583 10161 10575 10584
                              10167 10156
 
    ELEM MAT TYP REL ESY SEC        NODES
 
    5251   2   1   1   0   1  10452 10331  9773 10329 11331 10570 11334 11642
                              10566 10571
    5252   2   1   1   0   1    573   492   324   322  9631 10557 10159 10165
                              12097   323
    5253   2   1   1   0   1  10457   573   492   490 11378  9631 12098 11375
                               9633   491
    5254   2   1   1   0   1  10457   437 10336   490 12099 12100 12101 11375
                               9896 12102
    5255   2   1   1   0   1  10476 10336 10309 10310 11728 10597 12103 12104
                              12105 10050
    5256   2   1   1   0   1  10339 10041 10338 10344 10600 10604 10603 10615
                              10616 12106
    5257   2   1   1   0   1  10337 10457   320 10336 11374 12107 12108 10594
                              12101 12109
    5258   2   1   1   0   1  10337   490 10457 10336 11376 11375 11374 10594
                              12102 12101
    5259   2   1   1   0   1  10457 10336   437   320 12101 12100 12099 12107
                              12109  9380
    5260   2   1   1   0   1   1141   790   788  9772  1105   789  1104 12110
                              11100 11627
 
    ELEM MAT TYP REL ESY SEC        NODES
 
    5261   2   1   1   0   1  10424 10465 10486  9771 11492 12111 12112 12113
                              12114 12115
    5262   2   1   1   0   1  10465 10302   585 10424 11493 10222 12116 11492
                              11489 11629
    5263   2   1   1   0   1  10464 10492  1314  1315 12117 12118 12119 11943
                              12120  1240
    5264   2   1   1   0   1  10424 10401 10302   585 11630 12121 11489 11629
                              11631 10222
    5265   2   1   1   0   1   1304 10424 10464 10486 12122 11488 12123 12124
                              12112 11944
    5266   2   1   1   0   1   1304 10424  1305   790 12122 12125  1266  1291
                              11096  1288
    5267   2   1   1   0   1  10424 10486  1317  9771 12112 12126 12127 12113
                              12115 12128
    5268   2   1   1   0   1  10464   796  1318 10302 12129  1231 12130 11490
                              12131 12132
    5269   2   1   1   0   1  10402 10424  9772   585 11095 11099 11098 11102
                              11629  9664
    5270   2   1   1   0   1  10401 10424   790 10402 11630 11096 11624 10948
                              11095 11097
 
    ELEM MAT TYP REL ESY SEC        NODES
 
    5271   2   1   1   0   1  10461  8544  9750 10488 12133 12134 12135 12136
                              12137 12138
    5272   2   1   1   0   1  10488  8544  8644  8535 12137  8146 12139 12140
                               8435  8140
    5273   2   1   1   0   1  10367 10488   856   858 12141 12142 12143 12144
                              12145   857
    5274   2   1   1   0   1  10488   856  8644  9750 12142  8148 12139 12138
                              12146 12147
    5275   2   1   1   0   1  10367   858   856   820 12144   857 12143 11346
                              12148 12149
    5276   2   1   1   0   1  10365 10488 10367   860 12150 12141 10736 10741
                              12033 11296
    5277   2   1   1   0   1  10488  8534 10458  8576 12151 12152 12034 12153
                               8387 12154
    5278   2   1   1   0   1  10488 10458  8534   860 12034 12152 12151 12033
                              12030  8514
    5279   2   1   1   0   1  10411   881 10491 10341 12155 12085 12156 11011
                              12157 12158
    5280   2   1   1   0   1  10411 10344 10441 10341 11005 12159 11434 11011
                              11010 12160
 
    ELEM MAT TYP REL ESY SEC        NODES
 
    5281   2   1   1   0   1  10341 10340 10482 10410 12161 12162 11854 11012
                              11425 12163
    5282   2   1   1   0   1  10411 10441  9191  9149 11434 11223 11433 12164
                              12165  9009
    5283   2   1   1   0   1   9245  9240 10411 10319  8807 11443 11451 12166
                              11703 11873
    5284   2   1   1   0   1  10411 10412  9245 10319 11007 11452 11451 11873
                              11416 12166
    5285   2   1   1   0   1  10412 10410  9221  9244 11009 11014 11450 11405
                              11406  8834
    5286   2   1   1   0   1  10412 10319  9239  9245 11416 11423 11422 11452
                              12166  8806
    5287   2   1   1   0   1    830 10381   828   868 12167 12168   829 12169
                              11645 12170
    5288   2   1   1   0   1  10364   828 10400 10381 12171 12172 11299 10830
                              12168 11305
    5289   2   1   1   0   1  10421 10387 10038 10459 11666 11658 11522 11520
                              11662 11521
    5290   2   1   1   0   1  10446   813 10038 10032 12173  9796 11523 11536
                               9966  9931
 
    ELEM MAT TYP REL ESY SEC        NODES
 
    5291   2   1   1   0   1  10459   661 10038  2118 12007 12174 11521 11884
                               2031 11885
    5292   2   1   1   0   1  10446   813  2100  2118 12173  2095 11752 11883
                               2030  2023
    5293   2   1   1   0   1  10446 10388  2110  2115 11270 10885 11401 11679
                              11683  2044
    5294   2   1   1   0   1  10420 10032  2099  2100 11750 12175 12176 11751
                              11753  2067
    5295   2   1   1   0   1  10420 10438 10032 10421 11906 12177 11750 11089
                              11534 11535
    5296   2   1   1   0   1  10420 10438 10423 10454 11906 11368 11092 12178
                              11367 11366
    5297   2   1   1   0   1  10420  2100  2113  2114 11751  2054 11529 11680
                               2018  2039
    5298   2   1   1   0   1  10379  8536 10484 10017 12179 12180 12181 12001
                              12182 12183
    5299   2   1   1   0   1  10332 10383 10036 10379 10850 10854 10853 10803
                              12012 12184
    5300   2   1   1   0   1  10379 10484 10036 10017 12181 12185 12184 12001
                              12183  9943
 
    ELEM MAT TYP REL ESY SEC        NODES
 
    5301   2   1   1   0   1  10410 10460 10340  9219 11414 11426 11425 12186
                              12187 12188
    5302   2   1   1   0   1  10460  9234 10476  9233 11715 11719 12189 12190
                               8849 12191
    5303   2   1   1   0   1  10396 10460 10418 10476 12192 11712 11638 11692
                              12189 11720
    5304   2   1   1   0   1  10394 10418  9228 10395 11710 11725 10920 10919
                              11711 10921
    5305   2   1   1   0   1   9251  9249  9248 10394  8799  8802  8786 12193
                              11721 11722
    5306   2   1   1   0   1  10412 10340 10460 10318 11424 11426 11413 11407
                              11428 12194
    5307   2   1   1   0   1  10460 10318  9257  9254 12194 10926 12195 11415
                              11408  8777
    5308   2   1   1   0   1  10369 10371  8606 10379 10751 10761 10760 11035
                              12004 12006
    5309   2   1   1   0   1  10358 10289 10349 10361 12196 11583 10709 10711
                              11585 10712
    5310   2   1   1   0   1  10353   178   180  9521 12197   179 10867 12198
                               9406  9400
 
    ELEM MAT TYP REL ESY SEC        NODES
 
    5311   2   1   1   0   1  10353   178 10308   180 12197 10177 10860 10867
                                179 10176
    5312   2   1   1   0   1  10353   178 10361 10289 12197 12199 11194 11584
                              10199 11585
    5313   2   1   1   0   1   9523 10382   421  9525 12200 12201  9393  9278
                              10869  9280
    5314   2   1   1   0   1  10420  2115  2114  2106 11678  2037 11680 12202
                               2048  2019
    5315   2   1   1   0   1  10382 10383  9522  9523 10851 12017 12203 12200
                              12014  9396
    5316   2   1   1   0   1  10353 10436 10475 10437 11197 12204 12021 11198
                              11200 11613
    5317   2   1   1   0   1  10353 10293 10378 10308 12205 11227 10864 10860
                              10195 10865
    5318   2   1   1   0   1   9758  1131   913  1148 12206  1127  9716 12207
                               1062  1064
    5319   2   1   1   0   1  10340 10295 10476 10309 12208 12209 11694 10608
                              10193 12103
    5320   2   1   1   0   1  10432  9518 10451  9508 11319 11323 11322 12210
                               9430 12211
 
    ELEM MAT TYP REL ESY SEC        NODES
 
    5321   2   1   1   0   1  10431  2294 10434  2292 11340 12212 11166 11164
                               2216 11165
    5322   2   1   1   0   1  10416   661 10459   659 11888 12007 11664 11825
                                660 11826
    5323   2   1   1   0   1  10431   810 10033 10039 11153  9963 11172 11157
                               9795  9927
    5324   2   1   1   0   1  10416 10472  9520 10432 11819 11654 11814 11159
                              11548 11886
    5325   2   1   1   0   1  10432  9508 10472  9520 12210 12213 11548 11886
                               9409 11654
    5326   2   1   1   0   1  10432  9520   429   431 11886  9410 11887 12214
                               9408   430
    5327   2   1   1   0   1  10432 10416 10039  9520 11159 11156 11160 11886
                              11814 11815
    5328   2   1   1   0   1  10421 10422  9507 10388 11090 11145 11524 11269
                              11525 11528
    5329   2   1   1   0   1  10388 10422  2116  2115 11525 12215 12216 11683
                              11682  2038
    5330   2   1   1   0   1  10446  2110  2109  2114 11401  2059 12217 11681
                               2045  2053
 
    ELEM MAT TYP REL ESY SEC        NODES
 
    5331   2   1   1   0   1  10459   659  2110   657 11826  2074 11400 11663
                                658  2073
    5332   2   1   1   0   1  10387  9520   429 10039 11653  9410 11657 11656
                              11815  9926
    5333   2   1   1   0   1  10387  2111   655   657 10887  2071 11882 11659
                               2072   656
    5334   2   1   1   0   1  10459  2118 10446  2109 11884 11883 11398 12218
                               2029 12217
    5335   2   1   1   0   1  10467 10468  9759 10479 11506 12219 12220 12221
                              12222 12223
    5336   2   1   1   0   1  10473  9515  9183  9500 12224 12225 12226 11907
                               9440 12227
    5337   2   1   1   0   1  10467 10468 10450  9763 11506 11507 11509 12228
                              12229 12230
    5338   2   1   1   0   1  10467 10469   675 10466 11505 12077 11503 11494
                              11510 11502
    5339   2   1   1   0   1  10467   673  1301   671 11498  1275 12231 11495
                                672  1274
    5340   2   1   1   0   1  10467  9756   671  9749 12232 12233 11495 12234
                               9723 12235
 
    ELEM MAT TYP REL ESY SEC        NODES
 
    5341   2   1   1   0   1  10426  1136 10400 10363 12236 12237 12238 11109
                              12239 11300
    5342   2   1   1   0   1  10426  1146 10400  1136 12240 10966 12238 12236
                               1081 12237
    5343   2   1   1   0   1  10398  1147  1131  1141 12241  1071 12242 12243
                               1072  1047
    5344   2   1   1   0   1  10489 10493   724  9499 12244 12245 12246 12247
                              12248 12249
    5345   2   1   1   0   1    724  9505  9499 10493 12250  9473 12249 12245
                              12251 12248
    5346   2   1   1   0   1   2279   808   806 10016  2275   807  2274 12252
                              10005 10011
    5347   2   1   1   0   1   1318 10303    50  1312 12253 10237  1232  1228
                              12254  1273
    5348   2   1   1   0   1    728   726 10474 10429   727 12063 12066 12067
                              12255 11614
    5349   2   1   1   0   1  10493 10429   726   688 12256 12255 12257 12258
                              11148 12259
    5350   2   1   1   0   1  10489   726 10493 10474 12062 12257 12244 12059
                              12063 12260
 
    ELEM MAT TYP REL ESY SEC        NODES
 
    5351   2   1   1   0   1  10493 10429   688  9505 12256 11148 12258 12251
                              12261 12262
    5352   2   1   1   0   1  10422  2102  2101   783 12263  2066 11131 12264
                               2091  2094
    5353   2   1   1   0   1  10420  2115 10388 10446 11678 11683 11268 11267
                              11679 11270
    5354   2   1   1   0   1  10420  2106 10454 10423 12202 11668 12178 11092
                              11667 11366
    5355   2   1   1   0   1  10388  2112  2116  2102 11823  2041 12216 12265
                               2016  2040
    5356   2   1   1   0   1  10420 10422  2115  2106 11091 11682 11678 12202
                              12266  2048
    5357   2   1   1   0   1   2107 10422 10423  2106 11673 11094 11669  2062
                              12266 11667
    5358   2   1   1   0   1  10423   692  2107 10454 11671  2082 11669 11366
                              11359 11670
    5359   2   1   1   0   1  10426  1136 10363  1137 12236 12239 11109 11105
                               1094 11108
    5360   2   1   1   0   1  10397 10403  1134  1133 10953 10957 10956 10963
                              10962  1097
 
    ELEM MAT TYP REL ESY SEC        NODES
 
    5361   2   1   1   0   1  10400 10381   828  1134 11305 12168 12172 12267
                              10958  1121
    5362   2   1   1   0   1  10400   826 10363  1136 12268 12269 11300 12237
                               1116 12239
    5363   2   1   1   0   1  10366 10381 10400 10399 10835 11305 11298 11301
                              12270 10945
    5364   2   1   1   0   1  10364 10400   828   826 11299 12172 12171 10730
                              12268   827
    5365   2   1   1   0   1  10355 10434 10414 10033 12271 11171 11555 11049
                              11174 11173
    5366   2   1   1   0   1  10355 10035 10016 10031 11050  9949 10678 10681
                               9950  9962
    5367   2   1   1   0   1  10414 10434   646  2288 11171 11988 11568 11685
                              11989  2257
    5368   2   1   1   0   1  10414 10434  2288  2295 11171 11989 11685 11170
                              11168  2197
    5369   2   1   1   0   1    648 10355 10414   650 10689 11555 11046   649
                              10682 11044
    5370   2   1   1   0   1   8732   759  2489 10045  8711 12272 12273 12274
                              10684 11042
 
    ELEM MAT TYP REL ESY SEC        NODES
 
    5371   2   1   1   0   1  10350 10380  8580  8540 10817 10816 10814 12275
                              12276  8378
    5372   2   1   1   0   1  10350 10494  8581  8610 12277 12278 12279 12280
                              12281  8278
    5373   2   1   1   0   1  10459  2118  2109   661 11884  2029 12218 12007
                               2031  2076
    5374   2   1   1   0   1  10352 10357 10494 10350 11582 12282 12283 12284
                              12285 12277
    5375   2   1   1   0   1  10352 10350 10494 10380 12284 12277 12283 11574
                              10817 12286
    5376   2   1   1   0   1  10351 10350  8580  8608 10664 10814 10813 10662
                              10665  8283
    5377   2   1   1   0   1  10352 10437 10353 10380 11199 11198 10671 11574
                              11361 11575
    5378   2   1   1   0   1  10471 10433 10448 10451 11537 11311 12287 11546
                              11324 12288
    5379   2   1   1   0   1  10431 10433 10432 10434 11161 11163 11158 11166
                              11314 11318
    5380   2   1   1   0   1  10416 10433  2284 10472 11162 11821 11056 11819
                              11550 11820
 
    ELEM MAT TYP REL ESY SEC        NODES
 
    5381   2   1   1   0   1  10433 10434  2289 10448 11314 12289 12290 11311
                              11315 12291
    5382   2   1   1   0   1  10433 10434  2294  2289 11314 12212 11822 12290
                              12289  2221
    5383   2   1   1   0   1  10424   788  1305   790 11628  1289 12125 11096
                                789  1288
    5384   2   1   1   0   1  10396 10318 10460 10340 11634 12194 12192 11691
                              11428 11426
    5385   2   1   1   0   1  10411 10491   881  9148 12156 12085 12155 12292
                              12293  9134
    5386   2   1   1   0   1  10410 10344 10341 10340 11006 11010 11012 11425
                              12294 12161
    5387   2   1   1   0   1  10390 10028 10027 10391 10900  9933 10897 10904
                              10910 12295
    5388   2   1   1   0   1  10392 10443  9224 10391 11233 11236 11235 10905
                              11445 11449
    5389   2   1   1   0   1  10390 10345 10441 10344 10907 11238 11237 10902
                              10624 12159
    5390   2   1   1   0   1  10411 10443  9222  9223 11432 11442 11444 12296
                              12297  8858
 
    ELEM MAT TYP REL ESY SEC        NODES
 
    5391   2   1   1   0   1  10339  9767 10343  9774 10626 12298 10612 11294
                               9539 11293
    5392   2   1   1   0   1  10340 10295 10487 10495 12208 12299 12300 12301
                              12302 12303
    5393   2   1   1   0   1  10340 10487 10295 10286 12300 12299 12208 11982
                              11972 10206
    5394   2   1   1   0   1  10482  9145 10340 10483 11967 12304 12162 11964
                              11968 11981
    5395   2   1   1   0   1  10424  9771   788  9772 12113 12305 11628 11099
                               9667 11627
    5396   2   1   1   0   1  10487 10286  9262  9163 11972 11971 11969 12306
                              12307  8757
    5397   2   1   1   0   1  10487 10495  9186  9216 12303 12308 12309 12310
                              12311  8949
    5398   2   1   1   0   1  10412 10344 10410 10340 11008 11006 11009 11424
                              12294 11425
    5399   2   1   1   0   1  10397 10419 10301 10402 12091 12093 10934 10949
                              11083 12312
    5400   2   1   1   0   1  10483 10487  9144  9145 11974 11978 11977 11968
                              12313  9059
 
    ELEM MAT TYP REL ESY SEC        NODES
 
    5401   2   1   1   0   1  10465 10468 10305 10481 12314 12315 12316 12317
                              12318 11865
    5402   2   1   1   0   1  10465 10481 10303 10492 12317 12319 12320 12321
                              12322 12323
    5403   2   1   1   0   1  10464  1314 10492  1312 12119 12118 12117 12324
                               1242 12325
    5404   2   1   1   0   1  10465 10468 10479  9759 12314 12222 12326 12327
                              12219 12223
    5405   2   1   1   0   1  10465 10468  9759  9763 12314 12219 12327 12328
                              12229  9679
    5406   2   1   1   0   1  10465  9759 10486  9771 12327 12329 12111 12114
                               9669 12115
    5407   2   1   1   0   1  10477 10479 10465 10468 11737 12326 12330 12331
                              12222 12314
    5408   2   1   1   0   1  10464 10486 10424 10465 11944 12112 11488 11491
                              12111 11492
    5409   2   1   1   0   1  10456   734 10453   732 11901 11902 11898 11897
                                733 11353
    5410   2   1   1   0   1  10454 10430   694   696 11355 11357 11356 11891
                              11890   695
 
    ELEM MAT TYP REL ESY SEC        NODES
 
    5411   2   1   1   0   1  10351  8579 10380  8538 12332 12333 10815 11029
                               8379 11031
    5412   2   1   1   0   1  10379  8537   736 10484 12334  8509 12335 12181
                              12336 11903
    5413   2   1   1   0   1  10430 10453 10455 10380 11349 11475 11362 11351
                              11350 11364
    5414   2   1   1   0   1  10453 10380   734  8538 11350 12337 11902 12338
                              11031  8507
    5415   2   1   1   0   1  10383 10455 10462 10439 12339 11622 12016 12340
                              11478 12341
    5416   2   1   1   0   1  10351  8636 10370  8638 12342 10747 10812 10808
                               8171 10811
    5417   2   1   1   0   1  10469 10479 10467  1311 11743 12221 11505 11742
                              11741 12078
    5418   2   1   1   0   1  10467 10479  1301  1311 12221 12343 12231 12078
                              11741  1260
    5419   2   1   1   0   1  10467  9749 10479  9759 12234 12344 12221 12220
                               9708 12223
    5420   2   1   1   0   1  10469 10450 10468 10481 11508 11507 11504 11845
                              11863 12318
 
    ELEM MAT TYP REL ESY SEC        NODES
 
    5421   2   1   1   0   1  10477 10481 10465 10492 11843 12317 12330 12345
                              12322 12321
    5422   2   1   1   0   1  10468 10481 10450 10305 12318 11863 11507 12315
                              11865 11864
    5423   2   1   1   0   1  10438 10463 10456 10454 11482 11487 11370 11367
                              12346 11369
    5424   2   1   1   0   1  10439 10379 10484 10036 12347 12181 11904 12348
                              12184 12185
    5425   2   1   1   0   1     39 10039  2298   661  9930 12349  2206   662
                              12008  2204
    5426   2   1   1   0   1    889 10482   887 10478 11966 11835   888 11990
                              11833 11834
    5427   2   1   1   0   1  10477  1309  1308 10492 12350  1263 11847 12345
                              12351 12352
    5428   2   1   1   0   1  10481 10492  1308  1307 12322 12352 11849 12353
                              12354  1264
    5429   2   1   1   0   1  10449 10491   885   883 12083 12355 11828 11831
                              12084   884
    5430   2   1   1   0   1    881 10466 10469 10341 12356 11510 12357 12157
                              12081 12079
 
    ELEM MAT TYP REL ESY SEC        NODES
 
    5431   2   1   1   0   1  10481 10288 10492  1307 11780 12358 12322 12353
                              11809 12354
    5432   2   1   1   0   1  10478 10300 10481   683 11859 11781 11844 11860
                              11778 11779
    5433   2   1   1   0   1  10477 10481 10469 10468 11843 11845 11746 12331
                              12318 11504
    5434   2   1   1   0   1  10465 10481 10305 10303 12317 11865 12316 12320
                              12319 10057
    5435   2   1   1   0   1  10481 10492 10288 10303 12322 12358 11780 12319
                              12323 10234
    5436   2   1   1   0   1  10477 10465 10481 10468 12330 12317 11843 12331
                              12314 12318
    5437   2   1   1   0   1    679   677   883   902   678 11842 12359  3042
                               3040  8698
    5438   2   1   1   0   1  10476 10495 10296 10295 12360 12361 12362 12209
                              12302 10205
    5439   2   1   1   0   1  10340 10476 10295 10495 11694 12209 12208 12301
                              12360 12302
    5440   2   1   1   0   1  10385 10386 10418 10476 10875 11637 11070 11718
                              12363 11720
 
    ELEM MAT TYP REL ESY SEC        NODES
 
    5441   2   1   1   0   1  10385  9203  9204  9167 11716  8929 11077 11076
                               8981  8978
    5442   2   1   1   0   1  10425 10363 10426 10399 11107 11109 11106 11115
                              11348 11124
    5443   2   1   1   0   1  10396 10408 10336 10310 10996 11726 11699 12364
                              11790 12105
    5444   2   1   1   0   1  10396 10338 10318 10340 11632 11430 11634 11691
                              10606 11428
    5445   2   1   1   0   1  10398  1140  1139  1146 12365  1091 10938 10941
                               1074  1075
    5446   2   1   1   0   1  10476 10297 10386 10310 12366 11075 12363 12104
                              10189 11788
    5447   2   1   1   0   1  10332 10379 10036 10330 10803 12184 10853 10568
                              11992 12367
    5448   2   1   1   0   1  10452  9776   256 10040 11641  9638 11876 11875
                              11877  9902
    5449   2   1   1   0   1  10335 10332 10378 10307 10591 10822 11928 10592
                              10581 12368
    5450   2   1   1   0   1  10464 10465 10303 10492 11491 12320 12369 12117
                              12321 12323
 
    ELEM MAT TYP REL ESY SEC        NODES
 
    5451   2   1   1   0   1  10486 10479  1313  1300 12370 11740 12371 12372
                              12373  1257
    5452   2   1   1   0   1  10424  1317 10486  1305 12127 12126 12112 12125
                               1234 12374
    5453   2   1   1   0   1  10477 10465 10479 10486 12330 12326 11737 11945
                              12111 12370
    5454   2   1   1   0   1  10464   796 10401   794 12129 12375 12376 12377
                                795 12378
    5455   2   1   1   0   1  10486  1313 10479  1315 12371 11740 12370 11946
                               1239 11735
    5456   2   1   1   0   1  10459   661  2109   659 12007  2076 12218 11826
                                660  2075
    5457   2   1   1   0   1  10357 10359  8583  8592 10702 12048 12379 10699
                              10703  8300
    5458   2   1   1   0   1  10358 10357  8591  8592 10701 10715 10714 10700
                              10699  8309
    5459   2   1   1   0   1  10347 10357 10352 10350 11191 11582 10668 10657
                              12285 12284
    5460   2   1   1   0   1  10383 10379 10380 10453 12012 11030 12011 12380
                              12381 11350
 
    ELEM MAT TYP REL ESY SEC        NODES
 
    5461   2   1   1   0   1  10357  8582 10494  8610 12382 12383 12282 12384
                               8279 12281
    5462   2   1   1   0   1  10350 10357 10494  8610 12285 12282 12277 12280
                              12384 12281
    5463   2   1   1   0   1  10431 10434  2294 10433 11166 12212 11340 11161
                              11314 11822
    5464   2   1   1   0   1  10431  2292  2295  2278 11164  2217 11167 11152
                               2234  2198
    5465   2   1   1   0   1  10415 10451 10405 10448 11321 11329 11261 11312
                              12288 12385
    5466   2   1   1   0   1  10471  2290  2291 10448 11540  2237 12386 12287
                              12387 12388
    5467   2   1   1   0   1  10327 10415   646 10356 11262 11054 11271 10980
                              11052 11055
    5468   2   1   1   0   1  10415 10433 10451 10448 11310 11324 11321 11312
                              11311 12288
    5469   2   1   1   0   1  10463 10030   702 10015 11481 12389 12390 11484
                               9969 12391
    5470   2   1   1   0   1  10420  2113  2105  2114 11529  2020 11532 11680
                               2039  2050
 
    ELEM MAT TYP REL ESY SEC        NODES
 
    5471   2   1   1   0   1  10420 10454  2105 10463 12178 12392 11532 11531
                              12346 11533
    5472   2   1   1   0   1  10463 10015  2099 10032 11484 12393 12394 12395
                               9959 12175
    5473   2   1   1   0   1  10416   659   657  2283 11825   658 11660 11058
                               2266  2267
    5474   2   1   1   0   1  10463   698 10454  2105 12396 12397 12346 11533
                               2085 12392
    5475   2   1   1   0   1  10384 10480  9172  9208 11766 12398 11771 11772
                              12399  8971
    5476   2   1   1   0   1  10409 10417  9157 10473 12400 12401 12402 11565
                              12403 12404
    5477   2   1   1   0   1  10459 10038   661 10039 11521 12174 12007 11816
                               9929 12008
    5478   2   1   1   0   1   9516 10480   314   316 12405 11773  9422  9421
                              11776   315
    5479   2   1   1   0   1  10447 10473 10485 10405 11561 11920 12406 11563
                              11560 11921
    5480   2   1   1   0   1  10480 10408 10310  9516 11786 11790 11789 12405
                              11917 12407
 
    ELEM MAT TYP REL ESY SEC        NODES
 
    5481   2   1   1   0   1  10480  9516 10473 10408 12405 11916 12408 11786
                              11917 11797
    5482   2   1   1   0   1  10358 10359 10361 10357 10704 11954 10711 10701
                              10702 10713
    5483   2   1   1   0   1   8590 10358  8554 10349 10716 10718  8354 11581
                              10709 12409
    5484   2   1   1   0   1  10358  8554  8555  8591 10718  8416 10720 10714
                               8353  8352
    5485   2   1   1   0   1  10361 10359  9503 10490 11954 11953 11950 12410
                              12411 12412
    5486   2   1   1   0   1  10361 10490  9504   178 12410 12413 11955 12199
                              12414  9445
    5487   2   1   1   0   1  10353 10361   178 10490 11194 12199 12197 12415
                              12410 12414
    5488   2   1   1   0   1  10405 10485 10448 10451 11921 12416 12385 11329
                              12417 12288
    5489   2   1   1   0   1  10471   638 10448  2291 12418 12419 12287 12386
                               2250 12388
    5490   2   1   1   0   1  10415 10405  9518 10035 11261 11328 11320 11051
                              11553 12420
 
    ELEM MAT TYP REL ESY SEC        NODES
 
    5491   2   1   1   0   1   9510 10035   433  9518 12421  9906  9428  9431
                              12420  9429
    5492   2   1   1   0   1  10471  9498   638  2281 12422 12423 12418 12424
                              12425  2249
    5493   2   1   1   0   1  10431 10414  2278  2295 11169 12426 11152 11167
                              11170  2198
    5494   2   1   1   0   1  10431  2292  2282  2283 11164  2235 11473 11341
                               2230  2244
    5495   2   1   1   0   1  10471 10432  9508 10472 11547 12210 11544 11549
                              11548 12213
    5496   2   1   1   0   1  10432   431 10035  9518 12214  9907 12427 11319
                               9419 12420
    5497   2   1   1   0   1  10415 10432 10035  9518 11317 12427 11051 11320
                              11319 12420
    5498   2   1   1   0   1  10342 10309 10483 10340 11839 11840 11838 12428
                              10608 11981
    5499   2   1   1   0   1  10340 10495  9216  9218 12301 12311 12429 12430
                              12431  8914
    5500   2   1   1   0   1  10410 10340  9145  9216 11425 12304 12432 12433
                              12429  8948
 
    ELEM MAT TYP REL ESY SEC        NODES
 
    5501   2   1   1   0   1  10460  9232 10495  9218 12434 12435 12436 12437
                               8851 12431
    5502   2   1   1   0   1  10394  9247 10318 10393 10924 10923 10922 10914
                              10927 11635
    5503   2   1   1   0   1  10318 10393  9226  9246 11635 12438 12439 12440
                              12441  8828
    5504   2   1   1   0   1  10320 10435 10318  9237 11592 11591 10503 10504
                              11594 10500
    5505   2   1   1   0   1  10460 10340  9219  9218 11426 12188 12187 12437
                              12430  8861
    5506   2   1   1   0   1  10398  1140  1141   790 12365  1090 12243 12442
                               1106  1105
    5507   2   1   1   0   1  10394 10460  9257  9251 12443 12195 10925 12193
                              11713  8784
    5508   2   1   1   0   1  10339 10338 10340 10344 10603 10606 10605 10615
                              12106 12294
    5509   2   1   1   0   1  10396 10406 10395 10393 10988 10985 10929 10930
                              11190 10931
    5510   2   1   1   0   1  10407  9217 10435  9193 11186 12444 11175 11178
                               8941 11179
 
    ELEM MAT TYP REL ESY SEC        NODES
 
    5511   2   1   1   0   1  10393 10395  9195  9154 10931 10918 10913 11189
                              11263  9000
    5512   2   1   1   0   1  10407 10435  9217 10393 11175 12444 11186 11184
                              11687 11185
    5513   2   1   1   0   1  10338 10435 10318 10319 11688 11591 11430 11429
                              11593 10502
    5514   2   1   1   0   1  10460 10340 10495 10476 11426 12301 12436 12189
                              11694 12360
    5515   2   1   1   0   1  10396 10476 10310 10336 11692 12104 12364 11699
                              11728 12105
    5516   2   1   1   0   1  10411 10412 10410  9221 11007 11009 11000 11013
                              11450 11014
    5517   2   1   1   0   1  10394  9195 10393 10395 10916 10913 10914 10919
                              10918 10931
    5518   2   1   1   0   1  10394 10460 10318  9257 12443 12194 10922 10925
                              12195 10926
    5519   2   1   1   0   1  10394  9251 10418 10460 12193 11714 11710 12443
                              11713 11712
    5520   2   1   1   0   1  10492  1316 10303  1312 12445 12446 12323 12325
                               1241 12254
 
    ELEM MAT TYP REL ESY SEC        NODES
 
    5521   2   1   1   0   1  10477 10486 10479  1315 11945 12370 11737 11738
                              11946 11735
    5522   2   1   1   0   1  10465 10305 10468  9763 12316 12315 12314 12328
                              12447 12229
    5523   2   1   1   0   1  10465 10305   581   583 12316 10180 12448 12449
                              10211   582
    5524   2   1   1   0   1    685   683 10288 10300   684 11777 12450 11984
                              11778 10243
    5525   2   1   1   0   1  10477 10492  1315  1309 12345 12120 11738 12350
                              12351  1246
    5526   2   1   1   0   1  10353  9522 10490  9521 12020 12451 12415 12198
                               9397 12452
    5527   2   1   1   0   1  10326   186   415   417 10543  9374 10549 10639
                               9375   416
    5528   2   1   1   0   1  10308 10307 10332 10311 10047 10581 10861 10166
                              10167 10582
    5529   2   1   1   0   1  10346  8628 10413  8612 11016 11025 11032 12453
                               8214 11754
    5530   2   1   1   0   1  10375 10299 10331 10285 10841 12454 10794 10836
                              10226 11335
 
    ELEM MAT TYP REL ESY SEC        NODES
 
    5531   2   1   1   0   1  10332 10036 10040 10330 10853  9899 10577 10568
                              12367 11881
    5532   2   1   1   0   1  10326   262   260   417 10547   261 10641 10639
                               9887  9895
    5533   2   1   1   0   1    423 10383 10036   421 12455 10854  9904   422
                              12456  9905
    5534   2   1   1   0   1  10382 10348 10332 10036 10855 10859 10849 10852
                              11947 10853
    5535   2   1   1   0   1  10326   186   417   184 10543  9375 10639 10638
                                185  9378
    5536   2   1   1   0   1  10348   184   182 10311 10637   183 10856 10646
                              10162 10163
    5537   2   1   1   0   1  10326   260 10040   417 10641  9792 10644 10639
                               9895  9893
    5538   2   1   1   0   1  10360 10359 10361 10358 11952 11954 11951 10705
                              10704 10711
    5539   2   1   1   0   1  10359 10436 10494  8542 12054 12457 12458 12052
                              12055 12459
    5540   2   1   1   0   1   8582 10494  8583 10357 12383 12460  8318 12382
                              12282 12379
 
    ELEM MAT TYP REL ESY SEC        NODES
 
    5541   2   1   1   0   1  10494  8583 10357 10359 12460 12379 12282 12458
                              12048 10702
    5542   2   1   1   0   1  10357 10361 10436 10359 10713 11196 12461 10702
                              11954 12054
    5543   2   1   1   0   1  10358 10360 10294 10361 10705 11957 12462 10711
                              11951 11958
    5544   2   1   1   0   1  10359  9503  8567  8568 11953 12069 12050 12463
                              11962  8404
    5545   2   1   1   0   1   8587 10346 10413  8613 11020 11032 11757  8270
                              12464 11755
    5546   2   1   1   0   1  10347 10377  8588  8614 10797 11573 11572 10635
                              11758  8268
    5547   2   1   1   0   1  10368 10458  8533  8574 12031 12465 12466 12467
                              12468  8392
    5548   2   1   1   0   1  10330 10332 10373 10331 10568 10768 10778 10565
                              10569 10777
    5549   2   1   1   0   1  10350  8616 10357  8610 10660 11192 12285 12280
                               8216 12384
    5550   2   1   1   0   1  10024 10023  8563 10445  9937 11466 12469 12470
                              11462 11467
 
    ELEM MAT TYP REL ESY SEC        NODES
 
    5551   2   1   1   0   1  10346 10347 10378 10351 10631 10799 10826 10809
                              10661 10820
    5552   2   1   1   0   1  10370 10373 10335  8622 10764 11041 11040 11037
                              11036 11027
    5553   2   1   1   0   1  10352 10494 10437 10380 12283 12471 11199 11574
                              12286 11361
    5554   2   1   1   0   1  10456   698   700   738 12472   699 12473 11894
                              12474 12475
    5555   2   1   1   0   1   9515  9184    57    55 12476  9063  9442  9288
                               9062    56
    5556   2   1   1   0   1  10379 10380 10453  8538 11030 11350 12381 11028
                              11031 12338
    5557   2   1   1   0   1  10379 10036 10330 10021 12184 12367 11992 12002
                               9942 12477
    5558   2   1   1   0   1  10484  8536   738   740 12180  8511 11896 12478
                               8510   739
    5559   2   1   1   0   1   9500  9515  9183    59  9440 12225 12227  9489
                               9289  9065
    5560   2   1   1   0   1    740 10017 10030 10484 12479  9956 12480 12478
                              12183 11892
 
    ELEM MAT TYP REL ESY SEC        NODES
 
    5561   2   1   1   0   1  10383 10439 10462   423 12340 12341 12016 12455
                              12481 11471
    5562   2   1   1   0   1  10453 10379 10484 10439 12381 12181 11905 11479
                              12347 11904
    5563   2   1   1   0   1  10382 10332 10353 10383 10849 10805 10862 10851
                              10850 12013
    5564   2   1   1   0   1    870 10403   830 10381 11801 12482 12483 10840
                              10954 12167
    5565   2   1   1   0   1    832   870 10403   830 11802 11801 11799   831
                              12483 12482
    5566   2   1   1   0   1  10398 10400 10399 10426 10946 10945 10943 12484
                              12238 11124
    5567   2   1   1   0   1    591  9761 10331  9773  9641 11336 10573  9642
                               9647 10570
    5568   2   1   1   0   1  10381   830   870   868 12167 12483 10840 11645
                              12169   869
    5569   2   1   1   0   1  10381  9770 10399 10366 11309 11119 12270 10835
                              11302 11301
    5570   2   1   1   0   1  10375 10381 10331 10299 10832 10831 10794 10841
                              10843 12454
 
    ELEM MAT TYP REL ESY SEC        NODES
 
    5571   2   1   1   0   1  10431  2278 10033   810 11152 11381 11172 11153
                               2277  9963
    5572   2   1   1   0   1  10021  8577 10017  8558 12003 12000  9945 12485
                               8349 12486
    5573   2   1   1   0   1  10372 10371 10022  8595 10754 11258 11257 11253
                              11251 11391
    5574   2   1   1   0   1  10368  8533 10458   860 12466 12465 12031 10739
                               8517 12030
    5575   2   1   1   0   1  10372 10330 10376 10445 10758 10781 11244 11247
                              11463 11248
    5576   2   1   1   0   1  10351 10352 10380 10350 10667 11574 10815 10664
                              12284 10817
    5577   2   1   1   0   1  10378 10292 10413 10291 10827 11760 11759 11927
                              10209 11925
    5578   2   1   1   0   1  10369 10330 10371 10379 10757 10759 10751 11035
                              11992 12004
    5579   2   1   1   0   1   8625 10351  8636 10369 12487 12342  8184 12488
                              11034 10748
    5580   2   1   1   0   1  10383 10439 10453 10455 12340 11479 12380 12339
                              11478 11475
 
    ELEM MAT TYP REL ESY SEC        NODES
 
    5581   2   1   1   0   1  10347 10351 10350 10352 10661 10664 10657 10668
                              10667 12284
    5582   2   1   1   0   1  10332 10307 10308 10378 10581 10047 10861 10822
                              12368 10865
    5583   2   1   1   0   1  10377  8614  8587  8588 11758  8269 11019 11573
                               8268  8313
    5584   2   1   1   0   1  10438 10439 10030 10034 11207 12489 11480 11202
                              11208  9951
    5585   2   1   1   0   1  10427  2108 10422   692 11129 11128 11127 11675
                               2079 11672
    5586   2   1   1   0   1  10420  2105  2106  2114 11532  2063 12202 11680
                               2050  2019
    5587   2   1   1   0   1  10430 10474 10440 10429 12064 11608 12490 11137
                              11614 11216
    5588   2   1   1   0   1  10464  1318   796  1302 12130  1231 12129 12491
                               1230  1294
    5589   2   1   1   0   1  10427 10430 10429   692 11135 11137 11134 11675
                              11358 12492
    5590   2   1   1   0   1  10469 10467 10479 10468 11505 12221 11743 11504
                              11506 12222
 
    ELEM MAT TYP REL ESY SEC        NODES
 
    5591   2   1   1   0   1  10438 10015 10463 10032 11483 11484 11482 12177
                               9959 12395
    5592   2   1   1   0   1  10369 10351  8578  8625 11034 12493 12494 12488
                              12487  8133
    5593   2   1   1   0   1  10398 10426  1147  1146 12484 12495 12241 10941
                              12240  1066
    5594   2   1   1   0   1   9772 10402 10398   790 11098 11088 12496 11100
                              11097 12442
    5595   2   1   1   0   1  10426 10363 10400 10399 11109 11300 12238 11124
                              11348 10945
    5596   2   1   1   0   1  10425  9748 10426  1130 11113 12497 11106 12498
                              12499 12500
    5597   2   1   1   0   1  10402 10398  9758  9772 11088 11087 11084 11098
                              12496  9665
    5598   2   1   1   0   1  10398 10426  1146 10400 12484 12240 10941 10946
                              12238 10966
    5599   2   1   1   0   1  10366 10367 10365  9761 10737 10736 10733 11339
                              11111 11337
    5600   2   1   1   0   1    790 10402 10398 10401 11097 11088 12442 11624
                              10948 11101
 
    ELEM MAT TYP REL ESY SEC        NODES
 
    5601   2   1   1   0   1  10425  1137 10363   822 11104 11108 11107 11121
                               1115 10722
    5602   2   1   1   0   1  10301 10402 10304 10397 12312 10952 10220 10934
                              10949 10950
    5603   2   1   1   0   1  10419   587 10306 10301 11082 10175 12096 12093
                              10200 10212
    5604   2   1   1   0   1  10425 10426  9748  9758 11106 12497 11113 11117
                              11123  9702
    5605   2   1   1   0   1    732 10456   696 10430 11897 11889 12501 11352
                              11684 11890
    5606   2   1   1   0   1  10430 10440 10474 10437 12490 11608 12064 11360
                              11610 11609
    5607   2   1   1   0   1  10427   692   690  2108 11675   691 11147 11129
                               2079  2080
    5608   2   1   1   0   1  10430 10474   728 10437 12064 12066 12065 11360
                              11609 12502
    5609   2   1   1   0   1  10430 10440 10437 10455 12490 11610 11360 11362
                              11621 11363
    5610   2   1   1   0   1    726 10474 10429 10493 12063 11614 12255 12257
                              12260 12256
 
    ELEM MAT TYP REL ESY SEC        NODES
 
    5611   2   1   1   0   1  10407 10393  9154 10395 11184 11189 11188 10986
                              10931 11263
    5612   2   1   1   0   1  10406   757  9152 10018 11182  9126 11183 11570
                              10694 12503
    5613   2   1   1   0   1  10460  9232  9242  9250 12434  8819 12504 12505
                               8817  8801
    5614   2   1   1   0   1  10404 10407  9154 10395 10983 11188 10969 10984
                              10986 11263
    5615   2   1   1   0   1  10018 10356 10037 10406 10692 10989  9940 11570
                              10993 10992
    5616   2   1   1   0   1  10406 10336 10037 10338 11700 11727 10992 11689
                              10596 11697
    5617   2   1   1   0   1  10338 10037 10041 10336 11697  9898 10604 10596
                              11727 11698
    5618   2   1   1   0   1  10368 10365   860 10488 10742 10741 10739 12032
                              12150 12033
    5619   2   1   1   0   1  10425 10367   820   822 11110 11346 11345 11121
                              11120   821
    5620   2   1   1   0   1  10362 10366 10363 10367 10734 11125 10723 10735
                              10737 11122
 
    ELEM MAT TYP REL ESY SEC        NODES
 
    5621   2   1   1   0   1  10367   858   822   860 12144 12506 11120 11296
                                859 12507
    5622   2   1   1   0   1  10426  9758  1131   915 11123 12206 12508 12509
                               9717  1126
    5623   2   1   1   0   1  10425 10426  1137  1130 11106 11105 11104 12498
                              12500  1093
    5624   2   1   1   0   1  10362   860   824   862 10738 12510 10724 10744
                                861 12511
    5625   2   1   1   0   1  10327   644   751   753 11325 12512 10552 11275
                              11209   752
    5626   2   1   1   0   1   8569   133  9501   135  8445  9487 12513  8444
                                134  9486
    5627   2   1   1   0   1  10485  9506  9498  9510 12514  9469 12515 11931
                               9458  9459
    5628   2   1   1   0   1  10434  2294  2289  2288 12212  2221 12289 11989
                               2222  2239
    5629   2   1   1   0   1  10471 10433 10472  2293 11537 11550 11549 11539
                              11538 11552
    5630   2   1   1   0   1  10471 10432 10451  9508 11547 11322 11546 11544
                              12210 12211
 
    ELEM MAT TYP REL ESY SEC        NODES
 
    5631   2   1   1   0   1  10405 10408  9517   435 11557 11915 11918 12516
                              12517  9423
    5632   2   1   1   0   1  10451  9508  9518  9498 12211  9430 11323 12518
                               9456  9432
    5633   2   1   1   0   1  10448   638   640  2291 12419   639 11795 12388
                               2250  2251
    5634   2   1   1   0   1  10415 10434 10432 10433 11313 11318 11317 11310
                              11314 11163
    5635   2   1   1   0   1    683 10481 10478  1307 11779 11844 11860  1285
                              12353 11850
    5636   2   1   1   0   1     44  1148  9772   913  1065 12519  9668   912
                               1064  9546
    5637   2   1   1   0   1  10288  1307  1316 10492 11809  1249 12520 12358
                              12354 12445
    5638   2   1   1   0   1  10464 10477 10492  1315 11942 12345 12117 11943
                              11738 12120
    5639   2   1   1   0   1  10465   583  9763  9759 12449  9673 12328 12327
                               9674  9679
    5640   2   1   1   0   1  10464  1303   792  1304 12521  1293 12522 12123
                               1267  1290
 
    ELEM MAT TYP REL ESY SEC        NODES
 
    5641   2   1   1   0   1   1140 10398 10401   790 12365 11101 11626  1106
                              12442 11624
    5642   2   1   1   0   1   9770 10419  9758   587 12095 11081  9675  9672
                              11082  9671
    5643   2   1   1   0   1  10398  9758 10426 10399 11087 11123 12484 10943
                              11116 11124
    5644   2   1   1   0   1  10424   585  9771  9772 11629  9663 12113 11099
                               9664  9667
    5645   2   1   1   0   1   1149  1138 10304   796  1058 12523 12524  1060
                               1111 12525
    5646   2   1   1   0   1  10397  1138  1145  1139 10932  1077 12526 10939
                               1092  1076
    5647   2   1   1   0   1  10464   794   792  1303 12377   793 12522 12521
                               1292  1293
    5648   2   1   1   0   1  10464 10401   796 10302 12376 12375 12129 11490
                              12121 12131
    5649   2   1   1   0   1  10374  8531 10368   864 12527 12528 11650 11648
                               8521 10743
    5650   2   1   1   0   1  10379 10484  8536  8537 12181 12180 12179 12334
                              12336  8434
 
    ELEM MAT TYP REL ESY SEC        NODES
 
    5651   2   1   1   0   1  10383 10437 10353 10475 12529 11198 12013 12022
                              11613 12021
    5652   2   1   1   0   1  10414  2286  2296  2279 11045  2201 12530 12531
                               2196  2211
    5653   2   1   1   0   1  10472  9520  9508   668 11654  9409 12213 12532
                               9286  9465
    5654   2   1   1   0   1  10472  9520  2297   653 11654 12533 12534 11652
                              11655  2209
    5655   2   1   1   0   1  10387 10472   655   653 11651 11818 11882 10970
                              11652   654
    5656   2   1   1   0   1  10432  9518  9508   431 11319  9430 12210 12214
                               9419  9420
    5657   2   1   1   0   1  10387 10416   657   655 11661 11660 11659 11882
                              11817   656
    5658   2   1   1   0   1  10416  2284  2283   657 11056  2243 11058 11660
                               2264  2267
    5659   2   1   1   0   1  10432  9508  9520   431 12210  9409 11886 12214
                               9420  9408
    5660   2   1   1   0   1  10457   439   322   437 12535  9377 12536 12099
                                438  9379
 
    ELEM MAT TYP REL ESY SEC        NODES
 
    5661   2   1   1   0   1  10336 10309 10310   320 10597 10050 12105 12109
                              10049 10171
    5662   2   1   1   0   1  10396 10418 10386 10476 11638 11637 11636 11692
                              11720 12363
    5663   2   1   1   0   1  10337  9775   575   573 10621  9637 10620 11377
                               9533   574
    5664   2   1   1   0   1    781  2117  9519  9507  2035 10974  9287  9466
                              12537  9416
    5665   2   1   1   0   1    435 10336  9524   437 12538 12539  9384   436
                              12100  9383
    5666   2   1   1   0   1    320 10337 10309   575 12108 10598 10049 10160
                              10620 10169
    5667   2   1   1   0   1    318 10310   320  9524 10179 10171   319  9387
                              12540  9386
    5668   2   1   1   0   1  10310   320  9524 10336 10171  9386 12540 12105
                              12109 12539
    5669   2   1   1   0   1  10342 10483 10482 10340 11838 11964 11853 12428
                              11981 12162
    5670   2   1   1   0   1   9164 10487   128 10495 12541 12542  9102 12543
                              12303 12544
 
    ELEM MAT TYP REL ESY SEC        NODES
 
    5671   2   1   1   0   1  10478 10483   889 10482 11858 11965 11990 11833
                              11964 11966
    5672   2   1   1   0   1  10340 10295 10309 10286 12208 10193 10608 11982
                              10206 10192
    5673   2   1   1   0   1  10335  8600  8622  8571 11023  8230 11027 10786
                               8299  8135
    5674   2   1   1   0   1  10376 10452 10368 10458 11385 11330 11402 11386
                              11388 12031
    5675   2   1   1   0   1  10376 10368  8574 10458 11402 12467 12545 11386
                              12031 12468
    5676   2   1   1   0   1  10374  8571  8572  8530 10785  8328 12546 12547
                               8398  8395
    5677   2   1   1   0   1  10332 10333 10040 10348 10580 10579 10577 10859
                              11941 11948
    5678   2   1   1   0   1  10445 10024 10461  8599 12470 12548 11456 12549
                              12550 12551
    5679   2   1   1   0   1  10396 10408 10310 10386 10996 11790 12364 11636
                              11787 11788
    5680   2   1   1   0   1  10368  8573  8574  8532 12552  8326 12467 12553
                               8394  8391
 
    ELEM MAT TYP REL ESY SEC        NODES
 
    5681   2   1   1   0   1  10396 10476 10386 10310 11692 12363 11636 12364
                              12104 11788
    5682   2   1   1   0   1  10404 10396 10395 10409 10987 10929 10984 10997
                              10999 11729
    5683   2   1   1   0   1   9236 10386 10418 10385 10874 11637 11064 10871
                              10875 11070
    5684   2   1   1   0   1  10422  2102   783  9507 12263  2091 12264 11145
                              12554  9467
    5685   2   1   1   0   1  10385  9169  9205  9206 11080  8977 11079 11067
                               8974  8927
    5686   2   1   1   0   1  10384 10385  9206  9169 10872 11067 11066 10876
                              11080  8974
    5687   2   1   1   0   1  10461  8584  9752  8545 12555 12556 12557 12558
                               8367 12559
    5688   2   1   1   0   1  10461  8544  8545  9752 12133  8425 12558 12557
                              12560 12559
    5689   2   1   1   0   1   9752 10461  8544  9750 12557 12133 12560  9712
                              12135 12134
    5690   2   1   1   0   1  10374 10331 10368 10376 10793 11332 11650 12023
                              10779 11402
 
    ELEM MAT TYP REL ESY SEC        NODES
 
    5691   2   1   1   0   1  10369 10372 10373  8632 10755 11260 10765 10752
                              10756 10769
    5692   2   1   1   0   1    868 10374 10364   866 12561 10792 11644   867
                              11647 11649
    5693   2   1   1   0   1   9500 10473  9515  9516 11907 12224  9440  9439
                              11916  9438
    5694   2   1   1   0   1  10367 10365  9750 10488 10736 11344 11343 12141
                              12150 12138
    5695   2   1   1   0   1  10374  8573 10368  8531 12025 12552 11650 12527
                               8393 12528
    5696   2   1   1   0   1   9769  9776 10452  9773  9646 11641 11878  9660
                               9645 11334
    5697   2   1   1   0   1  10368 10461 10488 10458 12035 12136 12032 12031
                              11458 12034
    5698   2   1   1   0   1   8545  8576  8544 10461  8369  8386  8425 12558
                              12562 12133
    5699   2   1   1   0   1  10353 10361 10490 10436 11194 12410 12415 11197
                              11196 12057
    5700   2   1   1   0   1  10358 10294   229   231 12462 10260 12563 10719
                              10053   230
 
    ELEM MAT TYP REL ESY SEC        NODES
 
    5701   2   1   1   0   1  10436  8542 10474 10494 12055 12061 12058 12457
                              12459 12564
    5702   2   1   1   0   1  10436 10474 10490 10475 12058 12060 12057 12204
                              11612 12565
    5703   2   1   1   0   1  10436 10437 10474 10475 11200 11609 12058 12204
                              11613 11612
    5704   2   1   1   0   1  10352 10494 10436 10437 12283 12457 11195 11199
                              12471 11200
    5705   2   1   1   0   1  10352 10494 10357 10436 12283 12282 11582 11195
                              12457 12461
    5706   2   1   1   0   1  10379  8538 10453   736 11028 12338 12381 12335
                               8506 11900
    5707   2   1   1   0   1  10346 10370 10351 10378 10810 10812 10809 10826
                              10821 10820
    5708   2   1   1   0   1  10349 10378 10353 10293 10801 10864 10818 11576
                              11227 12205
    5709   2   1   1   0   1  10444  9768 10470 10345 12566 12567 12568 11867
                              12569 12570
    5710   2   1   1   0   1  10444 10470   875   877 12568 12571 12572 12573
                              11515   876
 
    ELEM MAT TYP REL ESY SEC        NODES
 
    5711   2   1   1   0   1  10444  9753  9751  9766 12038  9713 12574 12040
                               9693  9691
    5712   2   1   1   0   1  10444  9263   875  9751 12575  8754 12572 12574
                              12576 12577
    5713   2   1   1   0   1  10392 10444  9150 10441 11241 12578 11225 11224
                              12579 11226
    5714   2   1   1   0   1  10444  9160  9263  9751 12580  8753 12575 12574
                              12581 12576
    5715   2   1   1   0   1  10444  9753  9161  9160 12038 12582 11243 12580
                              12583  9043
    5716   2   1   1   0   1  10444  9768 10345  9766 12566 12569 11867 12040
                               9688 12044
    5717   2   1   1   0   1  10444 10470  9150 10441 12568 12584 12578 12579
                              12585 11226
    5718   2   1   1   0   1  10470 10441   879  9150 12585 12586 11513 12584
                              11226  9131
    5719   2   1   1   0   1  10470  9768 10343 10345 12567 12587 12588 12570
                              12569 12589
    5720   2   1   1   0   1  10470 10450 10343  9764 12088 11290 12588 12086
                              12089 12590
 
    ELEM MAT TYP REL ESY SEC        NODES
 
    5721   2   1   1   0   1  10477  1309  1310   677 12350  1262 11739 11733
                               1280  1279
    5722   2   1   1   0   1  10465 10479 10486  9759 12326 12370 12111 12327
                              12223 12329
    5723   2   1   1   0   1  10342 10450   581  9765 11285 12591 11856 11289
                              11288  9656
    5724   2   1   1   0   1  10450  9763 10305   581 12230 12447 11864 12591
                               9657 10180
    5725   2   1   1   0   1    881 10469   677 10449 12357 11747 12592 12082
                              12080 11841
    5726   2   1   1   0   1  10410 10482 10491  9147 12163 12593 12594 11003
                              12595 12596
    5727   2   1   1   0   1  10483 10300 10286 10309 11837 10225 11976 11840
                              10185 10192
    5728   2   1   1   0   1  10478  1307   681   683 11850  1284 11851 11860
                               1285   682
    5729   2   1   1   0   1  10410  9254 10460  9219 11412 11415 11414 12186
                               8742 12187
    5730   2   1   1   0   1  10411   881 10341  9149 12155 12157 11011 12164
                               9133 12597
 
    ELEM MAT TYP REL ESY SEC        NODES
 
    5731   2   1   1   0   1  10466   881   879 10341 12356   880 11514 12081
                              12157 12598
    5732   2   1   1   0   1  10449 10482 10491 10341 11852 12593 12083 11286
                              11854 12158
    5733   2   1   1   0   1  10449 10469 10481 10450 12080 11845 11983 11284
                              11508 11863
    5734   2   1   1   0   1  10482  9146  9145   887 12599  9058 11967 11835
                               9139  9140
    5735   2   1   1   0   1  10482   885 10491  9147 11832 12355 12593 12595
                               9137 12596
    5736   2   1   1   0   1  10425  1137   822  1130 11104  1115 11121 12498
                               1093  1112
    5737   2   1   1   0   1  10477 10469 10478   677 11746 11846 11730 11733
                              11747 11734
    5738   2   1   1   0   1  10345 10343 10339  9767 12589 10612 10627 10623
                              12298 10626
    5739   2   1   1   0   1  10341 10343 10339 10345 10613 10612 10609 12600
                              12589 10627
    5740   2   1   1   0   1  10342 10450 10343 10341 11285 11290 10614 10610
                              11287 10613
 
    ELEM MAT TYP REL ESY SEC        NODES
 
    5741   2   1   1   0   1  10373  8639  8632  8633 12601  8177 10769 11994
                               8176  8191
    5742   2   1   1   0   1  10470 10450 10341 10343 12088 11287 12602 12588
                              11290 10613
    5743   2   1   1   0   1  10466   877   875 10470 11499   876 12603 11512
                              11515 12571
    5744   2   1   1   0   1  10470 10343 10341 10345 12588 10613 12602 12570
                              12589 12600
    5745   2   1   1   0   1  10343  9767 10345  9768 12298 10623 12589 12587
                               9685 12569
    5746   2   1   1   0   1  10368  8532   862   864 12553  8519 10745 10743
                               8518   863
    5747   2   1   1   0   1  10368  8533   860   862 12466  8517 10739 10745
                               8516   861
    5748   2   1   1   0   1  10362 10366 10365 10364 10734 10733 10732 10726
                              10834 11303
    5749   2   1   1   0   1  10488   858   860  8534 12145   859 12033 12151
                               8515  8514
    5750   2   1   1   0   1  10461  9752  9769  9750 12557  9684 12029 12135
                               9712  9528
 
    ELEM MAT TYP REL ESY SEC        NODES
 
    5751   2   1   1   0   1  10488 10461  8576 10458 12136 12562 12153 12034
                              11458 12154
    5752   2   1   1   0   1  10342 10340 10341 10339 12428 12161 10610 10611
                              10605 10609
    5753   2   1   1   0   1  10391 10442 10345 10028 11240 11239 10908 10910
                              12043 10911
    5754   2   1   1   0   1  10390  9179 10391 10027 10896 11870 10904 10897
                              10899 12295
    5755   2   1   1   0   1  10390 10392 10391 10443 10906 10905 10904 11437
                              11233 11445
    5756   2   1   1   0   1  10390 10411 10319 10344 11436 11873 11702 10902
                              11005 12604
    5757   2   1   1   0   1  10318  9252 10319  9237 11417 11419 10502 10500
                               8810 10501
    5758   2   1   1   0   1  10390 10441 10392 10443 11237 11224 10906 11437
                              11435 11233
    5759   2   1   1   0   1  10411 10443  9223  9191 11432 12297 12296 11433
                              11234  8904
    5760   2   1   1   0   1  10482 10410 10491 10341 12163 12594 12593 11854
                              11012 12158
 
    ELEM MAT TYP REL ESY SEC        NODES
 
    5761   2   1   1   0   1  10470 10466  9756   875 11512 12605 12606 12571
                              12603 12607
    5762   2   1   1   0   1   9215  9224 10391  9200  8862 11449 12608  8917
                               8887 11866
    5763   2   1   1   0   1  10442  9258  9162  9754 12609  8773 12610 12611
                              12612 12613
    5764   2   1   1   0   1    579 10339 10309 10342 11373 10607 10173 11372
                              10611 11839
    5765   2   1   1   0   1  10442  9753  9766  9755 12037  9693 12039 12614
                               9728  9692
    5766   2   1   1   0   1  10411 10390  9240 10443 11436 11439 11443 11432
                              11437 11441
    5767   2   1   1   0   1  10344 10028   484 10041 10901  9960 12072 10616
                               9913  9908
    5768   2   1   1   0   1  10345   484 10028  9755 12076  9960 10911 12615
                               9694 12616
    5769   2   1   1   0   1  10474 10490 10475  9514 12060 12565 11612 12617
                              12618 12619
    5770   2   1   1   0   1  10493 10474  9511  9499 12260 11616 12620 12248
                              12621  9450
 
    ELEM MAT TYP REL ESY SEC        NODES
 
    5771   2   1   1   0   1  10440 10455 10475 10437 11621 11623 11611 11610
                              11363 11613
    5772   2   1   1   0   1  10474  9514 10475  9511 12617 12619 11612 11616
                               9443 12622
    5773   2   1   1   0   1  10430 10428 10453 10456 11136 11476 11349 11684
                              11371 11898
    5774   2   1   1   0   1  10456   700 10463 10030 12473 12623 11487 11486
                              12624 11481
    5775   2   1   1   0   1  10438 10456 10030 10439 11370 11486 11480 11207
                              11485 12489
    5776   2   1   1   0   1  10346 10413 10370 10378 11032 11033 10810 10826
                              11759 10821
    5777   2   1   1   0   1  10436 10474 10437 10494 12058 11609 11200 12457
                              12564 12471
    5778   2   1   1   0   1  10361  9503  9504 10490 11950  9476 11955 12410
                              12412 12413
    5779   2   1   1   0   1  10375   868 10374 10364 11643 12561 10772 10791
                              11644 10792
    5780   2   1   1   0   1  10369 10351  8636 10370 11034 12342 10748 10746
                              10812 10747
 
    ELEM MAT TYP REL ESY SEC        NODES
 
    5781   2   1   1   0   1  10357 10494 10359 10436 12282 12458 10702 12461
                              12457 12054
    5782   2   1   1   0   1  10360  8569  8592  8556 12625  8331 10706 10708
                               8402  8350
    5783   2   1   1   0   1  10357  8590  8611  8616 10717  8124 12626 11192
                               8264  8238
    5784   2   1   1   0   1  10347  8616  8615  8589 10654  8239 12627 10655
                               8265  8266
    5785   2   1   1   0   1  10428  9512   425  9513 11212  9403 11210 11144
                               9426  9404
    5786   2   1   1   0   1  10439   423 10383 10036 12481 12455 12340 12348
                               9904 10854
    5787   2   1   1   0   1   9523   423 10383 10462  9394 12455 12014 12015
                              11471 12016
    5788   2   1   1   0   1  10379 10383 10439 10453 12012 12340 12347 12381
                              12380 11479
    5789   2   1   1   0   1  10383 10462 10475  9522 12016 11619 12022 12017
                              12018 12019
    5790   2   1   1   0   1  10453 10439 10456 10428 11479 11485 11898 11476
                              11206 11371
 
    ELEM MAT TYP REL ESY SEC        NODES
 
    5791   2   1   1   0   1  10428 10455 10439 10462 11477 11478 11206 11470
                              11622 12341
    5792   2   1   1   0   1  10462 10475  9522  9512 11619 12019 12018 11472
                              11620  9277
    5793   2   1   1   0   1  10036 10383 10439 10379 10854 12340 12348 12184
                              12012 12347
    5794   2   1   1   0   1  10347  8609 10350  8608 10659 10658 10657 10663
                               8246 10665
    5795   2   1   1   0   1  10440 10474 10475  9511 11608 11612 11611 11617
                              11616 12622
    5796   2   1   1   0   1  10428  9512 10440 10462 11212 11218 11213 11470
                              11472 11618
    5797   2   1   1   0   1  10353 10436 10490 10475 11197 12057 12415 12021
                              12204 12565
    5798   2   1   1   0   1  10347 10349  8589 10377 10652 10656 10655 10797
                              10800 11571
    5799   2   1   1   0   1  10347 10357 10350  8616 11191 12285 10657 10654
                              11192 10660
    5800   2   1   1   0   1  10456   698   736   696 12472 12628 11899 11889
                                697 12629
 
    ELEM MAT TYP REL ESY SEC        NODES
 
    5801   2   1   1   0   1  10427   690  2101  2108 11147  2077 11130 11129
                               2080  2060
    5802   2   1   1   0   1  10453 10380   732   734 11350 11354 11353 11902
                              12337   733
    5803   2   1   1   0   1  10383 10475 10455 10437 12022 11623 12339 12529
                              11613 11363
    5804   2   1   1   0   1   9521 10382 10353  9522 12630 10862 12198  9397
                              12203 12020
    5805   2   1   1   0   1  10475  9522 10490 10353 12019 12451 12565 12021
                              12020 12415
    5806   2   1   1   0   1  10439 10030   423 10036 12489  9921 12481 12348
                               9912  9904
    5807   2   1   1   0   1  10439 10030 10034   423 12489  9951 11208 12481
                               9921  9922
    5808   2   1   1   0   1  10396 10386 10409 10408 11636 11639 10999 10996
                              11787 10998
    5809   2   1   1   0   1  10318  9226  9256  9246 12439  8741 12631 12440
                               8828  8790
    5810   2   1   1   0   1  10483 10340 10487  9145 11981 12300 11974 11968
                              12304 12313
 
    ELEM MAT TYP REL ESY SEC        NODES
 
    5811   2   1   1   0   1  10447   749   747 10409 11798   748 11793 11564
                              11567 12632
    5812   2   1   1   0   1  10384 10386 10480 10417 10873 11769 11766 11768
                              11912 11763
    5813   2   1   1   0   1  10476 10296 10310 10309 12362 10188 12104 12103
                              10191 10050
    5814   2   1   1   0   1   9498  9510  9518 10485  9459  9431  9432 12515
                              11931 12633
    5815   2   1   1   0   1  10447   640 10448   638 11796 11795 11279 12634
                                639 12419
    5816   2   1   1   0   1    843   864   845   826  8111  8114   844  3066
                              10731  3067
    5817   2   1   1   0   1  10404 10327 10405 10447 10977 10976 10975 11562
                              11276 11563
    5818   2   1   1   0   1  10394 10396 10460 10418 10928 12192 12443 11710
                              11638 11712
    5819   2   1   1   0   1    755  9154 10404 10407  9123 10969 10968 12635
                              11188 10983
    5820   2   1   1   0   1  10336 10396 10406 10408 11699 10988 11700 11726
                              10996 10994
 
    ELEM MAT TYP REL ESY SEC        NODES
 
    5821   2   1   1   0   1  10395 10409  9196  9155 11729 12636 11723 11265
                              11929  8998
    5822   2   1   1   0   1  10363  1136   824  1137 12239  1117 10725 11108
                               1094  1114
    5823   2   1   1   0   1  10404 10327   751   753 10977 10552 11281 10967
                              11275   752
    5824   2   1   1   0   1  10404   755 10407 10356 10968 12635 10983 10978
                              11273 11180
    5825   2   1   1   0   1  10336 10408  9524 10310 11726 12637 12539 12105
                              11790 12540
    5826   2   1   1   0   1  10037 10405   435 10408 11558 12516  9897 10991
                              11557 12517
    5827   2   1   1   0   1  10408  9517   435  9524 11915  9423 12517 12637
                               9392  9384
    5828   2   1   1   0   1  10408  9516  9517  9524 11917  9407 11915 12637
                               9391  9392
    5829   2   1   1   0   1  10335 10378 10291 10307 11928 11927 11924 10592
                              12368 10197
    5830   2   1   1   0   1    696 10430   694   732 11890 11357   695 12501
                              11352 12638
 
    ELEM MAT TYP REL ESY SEC        NODES
 
    5831   2   1   1   0   1  10383 10437 10455 10380 12529 11363 12339 12011
                              11361 11364
    5832   2   1   1   0   1  10350  8581 10494  8540 12279 12278 12277 12275
                               8375 12639
    5833   2   1   1   0   1  10456   696   734   732 11889 12640 11901 11897
                              12501   733
    5834   2   1   1   0   1  10475  9514 10490  9522 12619 12618 12565 12019
                               9398 12451
    5835   2   1   1   0   1  10453   736  8538   734 11900  8506 12338 11902
                                735  8507
    5836   2   1   1   0   1  10456   700   698 10463 12473   699 12472 11487
                              12623 12396
    5837   2   1   1   0   1  10357  8616  8611  8610 11192  8238 12626 12384
                               8216  8244
    5838   2   1   1   0   1   9522 10353 10383 10382 12020 12013 12017 12203
                              10862 10851
    5839   2   1   1   0   1  10382  9522  9521  9525 12203  9397 12630 10869
                               9389  9390
    5840   2   1   1   0   1  10353 10289 10308   178 11584 10194 10860 12197
                              10199 10177
 
    ELEM MAT TYP REL ESY SEC        NODES
 
    5841   2   1   1   0   1  10337   488   490 10041 12074   489 11376 10601
                               9903  9780
    5842   2   1   1   0   1  10418  9229  9230  9236 12641  8853 11063 11064
                               8743  8820
    5843   2   1   1   0   1  10404 10395  9155 10409 10984 11265 11264 10997
                              11729 11929
    5844   2   1   1   0   1  10417  9230  9197  9198 11062  8891 12642 12643
                               8890  8935
    5845   2   1   1   0   1  10417 10386 10408 10409 11912 11787 11913 12400
                              11639 10998
    5846   2   1   1   0   1  10317   284   391   286 12644  9827 12645 10511
                                285  9824
    5847   2   1   1   0   1    617   391   208   210 12646  9311 10126 10127
                               9310   209
    5848   2   1   1   0   1  10322   395   280   397 12647  9831 10524 12648
                                396  9830
    5849   2   1   1   0   1  10322   204   611   613 10531 10121 10520 12649
                              10122   612
    5850   2   1   1   0   1     35  9276 10314   371  9269 12650 10071   372
                               9267 10069
 
    ELEM MAT TYP REL ESY SEC        NODES
 
    5851   2   1   1   0   1   8731  2488   743  9506 12651 12652  8715 12653
                              12654 12655
    5852   2   1   1   0   1   2488    43  9506  8731  2471  9281 12654 12651
                               8718 12653
    5853   2   1   1   0   1   8731   762   743  2488  8717  8721  8715 12651
                               2470 12652
    5854   2   1   1   0   1  10315  8122    26   872 12656  8102 10066 12657
                               8100   873
    5855   2   1   1   0   1   8122    27   853  3075  8101   854  8099 12658
                               3058  3057
    5856   2   1   1   0   1    212   288 10317   389 10496 10499 10498  9308
                               9822 10510
    5857   2   1   1   0   1    214 10324   621   387 10539 12659 10131  9306
                              12660 12661
    5858   2   1   1   0   1  10452 10040   254 10024 11875  9782 11874 11879
                               9916  9793
    5859   2   1   1   0   1    629   220   631   381 10138 10139   630 12662
                               9300 12663
    5860   2   1   1   0   1    274   276   403   198   275  9835  9838 12664
                              12665  9322
 
    ELEM MAT TYP REL ESY SEC        NODES
 
    5861   2   1   1   0   1  10457   320   322   573 12107   321 12536 11378
                              10164 10165
    5862   2   1   1   0   1  10457   437   322   320 12099  9379 12536 12107
                               9380   321
    5863   2   1   1   0   1  10425   822   820  1130 11121   821 11345 12498
                               1112  1113
    5864   2   1   1   0   1  10387 10421 10038   429 11666 11522 11658 11657
                              12666  9925
    5865   2   1   1   0   1   9263   875  9751    23  8754 12577 12576  8756
                                874  9741
    5866   2   1   1   0   1  10444  9263  9151   875 12575  8751 12667 12572
                               8754  9128
    5867   2   1   1   0   1   8702   875  9756  3049  8686 12607 12668 12669
                              12670 12671
    5868   2   1   1   0   1   8702   875    23  9756  8686   874  8687 12668
                              12607  9724
    5869   2   1   1   0   1   8702   894  3049     7  8688  3031 12669  8689
                                893  3032
    5870   2   1   1   0   1    858   839   820   822  8109  3061 12148 12506
                               3062   821
 
    ELEM MAT TYP REL ESY SEC        NODES
 
    5871   2   1   1   0   1     21  9762 10019  8641  9542 12672  9789  8161
                              12673 12674
    5872   2   1   1   0   1   8641  9762 10019  8566 12673 12672 12674  8137
                              12675 12676
    5873   2   1   1   0   1    160  8558   158 10021  8467  8466   159  9999
                              12485  9998
    5874   2   1   1   0   1  10336   490   437 10041 12102  9896 12100 11698
                               9780  9892
    5875   2   1   1   0   1   9753   169  9161  9160  9733  9109 12582 12583
                               9110  9043
    5876   2   1   1   0   1    409   407   194   270   408  9326  9327  9841
                               9842 12677
    5877   2   1   1   0   1    393   284   391   208  9826  9827   392  9312
                              12678  9311
    5878   2   1   1   0   1  10043 10314   633  9778 12679 10070 12680 12681
                              12682  9548
    5879   2   1   1   0   1   9778 10043   300   633 12681  9805  9547  9548
                              12680  9626
    5880   2   1   1   0   1   9276  9275 10043 10314  9266 12683 12684 12650
                              12685 12679
 
    ELEM MAT TYP REL ESY SEC        NODES
 
    5881   2   1   1   0   1   9778    35 10314   633  9550 10071 12682  9548
                                634 10070
    5882   2   1   1   0   1   9275 10313    25  9527 12686 10074  9272 12687
                              12688  9292
    5883   2   1   1   0   1   9276  9275   374 10043  9266  9273  9268 12684
                              12683  9806
    5884   2   1   1   0   1   9275 10313 10314   371 12686 10068 12685  9271
                              10073 10069
    5885   2   1   1   0   1    692   711   694   730  2004  2005   693 12689
                               8664 12690
    5886   2   1   1   0   1  10427 10429 10428  9509 11134 11133 11132 11676
                              11217 11215
    5887   2   1   1   0   1  10422  2107   692  2108 11673  2082 11672 11128
                               2061  2079
    5888   2   1   1   0   1  10394  9247  9248  9257 10924  8803 11722 10925
                               8788  8787
    5889   2   1   1   0   1  10394  9248  9251  9257 11722  8786 12193 10925
                               8787  8784
    5890   2   1   1   0   1  10337   488   573   490 12074  9532 11377 11376
                                489  9633
 
    ELEM MAT TYP REL ESY SEC        NODES
 
    5891   2   1   1   0   1  10394 10396 10318 10460 10928 11634 10922 12443
                              12192 12194
    5892   2   1   1   0   1  10384 10480  9208  9231 11766 12399 11772 11767
                              11761  8874
    5893   2   1   1   0   1  10410  9146 10482  9147 12691 12599 12163 11003
                               9057 12595
    5894   2   1   1   0   1  10460  9254  9242  9219 11415  8795 12504 12187
                               8742  8838
    5895   2   1   1   0   1    158   156 10022  8559   157  9997  9785  8465
                               8464 11998
    5896   2   1   1   0   1    160  8557 10017   162  8468 12692 10000   161
                               8469 10009
    5897   2   1   1   0   1   8640   227  8556 10294  8163  8470  8162 12693
                              10259 12694
    5898   2   1   1   0   1     19 10294  9501   174 10055 12695  9283   173
                              10228  9479
    5899   2   1   1   0   1    358   356   526   473   357 12696 12697  9357
                               9356  9874
    5900   2   1   1   0   1  10323   399   278   401 12698  9834 10518 10530
                                400  9833
 
    ELEM MAT TYP REL ESY SEC        NODES
 
    5901   2   1   1   0   1    397 10322   204 10323 12648 10531  9316 12699
                              10517 10532
    5902   2   1   1   0   1  10323   278   399   397 10518  9834 12698 12699
                               9832   398
    5903   2   1   1   0   1  10480  9515  9516  9502 12700  9438 12405 11774
                               9441  9437
    5904   2   1   1   0   1  10316   685   891  3050 12701 11987 12702 12703
                               3025 12704
    5905   2   1   1   0   1  10316   685 10300   891 12701 11984 10060 12702
                              11987 11986
    5906   2   1   1   0   1  10034   423 10428 10439  9922 11211 11201 11208
                              12481 11206
    5907   2   1   1   0   1  10317   284   286   617 12644   285 10511 12705
                               9602  9605
    5908   2   1   1   0   1  10317   210   617   619 10509 10127 12705 10497
                              10128   618
    5909   2   1   1   0   1    210 10317   617   391 10509 12705 10127  9310
                              12645 12646
    5910   2   1   1   0   1  10348   417  9525   184 10640  9381 10868 10637
                               9378  9285
 
    ELEM MAT TYP REL ESY SEC        NODES
 
    5911   2   1   1   0   1  10326   184 10311   186 10638 10162 10645 10543
                                185 10048
    5912   2   1   1   0   1  10326 10333 10311 10348 10643 10588 10645 10636
                              11941 10646
    5913   2   1   1   0   1    419 10036   417 10348  9900  9894   418 12010
                              11947 10640
    5914   2   1   1   0   1    276   607   198   274  9595 10116 12665   275
                               9592 12664
    5915   2   1   1   0   1    272   274   405   196   273  9837  9840 12706
                              12707  9324
    5916   2   1   1   0   1   1318    50 10303 10302  1232 10237 12253 12132
                              10240 10233
    5917   2   1   1   0   1   1318     2 10302   796  1233 10239 12132  1231
                                797 12131
    5918   2   1   1   0   1  10412  9243  9244  9255 11403  8805 11405 11410
                               8793  8792
    5919   2   1   1   0   1  10340 10487  9145  9216 12300 12313 12304 12429
                              12310  8948
    5920   2   1   1   0   1  10412  9254  9243  9255 11409  8794 11403 11410
                               8740  8793
 
    ELEM MAT TYP REL ESY SEC        NODES
 
    5921   2   1   1   0   1  10460  9254  9250  9242 11415  8785 12505 12504
                               8795  8801
    5922   2   1   1   0   1  10318  9256  9252  9246 12631  8782 11417 12440
                               8790  8798
    5923   2   1   1   0   1  10318  9257  9256  9247 10926  8739 12631 10923
                               8788  8789
    5924   2   1   1   0   1  10030   738   700   740 11895 12475 12624 12480
                                739 12708
    5925   2   1   1   0   1    740   738   700   719   739 12475 12708  8671
                               8672  1998
    5926   2   1   1   0   1  10484   738  8537   736 11896  8508 12336 11903
                                737  8509
    5927   2   1   1   0   1  10379  8536 10017  8577 12179 12182 12001 11999
                               8384 12000
    5928   2   1   1   0   1    156   154 10022  8560   155  9996  9997  8463
                               8462 11996
    5929   2   1   1   0   1   8558 10371  8559 10021 12709 11997  8413 12485
                              12710 12711
    5930   2   1   1   0   1    356   471   524   473  9355  9872 12712  9356
                                472  9873
 
    ELEM MAT TYP REL ESY SEC        NODES
 
    5931   2   1   1   0   1    200   607   198   276 10117 10116   199 10528
                               9595 12665
    5932   2   1   1   0   1    198   605   196   274 10115 10114   197 12664
                               9593 12707
    5933   2   1   1   0   1  10325   597   188   186 10542 10151 12713 10541
                              10152   187
    5934   2   1   1   0   1  10369  8606  8625  8578 10760  8222 12488 12494
                               8287  8133
    5935   2   1   1   0   1   8558 10371 10021  8577 12709 12710 12485  8349
                              12005 12003
    5936   2   1   1   0   1   9758 10398  1141  9772 11087 12243 12714  9665
                              12496 12110
    5937   2   1   1   0   1  10317   286   288   619 10511   287 10499 10497
                               9604  9607
    5938   2   1   1   0   1  10323   611   609   278 10521   610 10525 10518
                               9596  9597
    5939   2   1   1   0   1  10323   611   202   609 10521 10120 10529 10525
                                610 10119
    5940   2   1   1   0   1  10322   395   397   204 12647   396 12648 10531
                               9315  9316
 
    ELEM MAT TYP REL ESY SEC        NODES
 
    5941   2   1   1   0   1    543   520   352   465  9562 12715 10088 12716
                               9779  9350
    5942   2   1   1   0   1    352   541 10334   520 10087 10771 10585 12715
                               9563 10796
    5943   2   1   1   0   1    354   541 10334   352 10079 10771 10587   353
                              10087 10585
    5944   2   1   1   0   1    627   383   216   218 12717  9303 10135 10136
                               9302   217
    5945   2   1   1   0   1    627   218   381   383 10136  9301 12718 12717
                               9302   382
    5946   2   1   1   0   1  10485  9500  9506  9517 11923  9468 12514 11919
                               9433  9434
    5947   2   1   1   0   1    270   409   192   194  9841  9328 12719 12677
                               9327   193
    5948   2   1   1   0   1    270   407   194   272  9842  9326 12677   271
                               9839 12720
    5949   2   1   1   0   1   1150    89 10287    10  1056 10280 11808  1057
                                 90 10279
    5950   2   1   1   0   1    621   387   212   214 12661  9307 10130 10131
                               9306   213
 
    ELEM MAT TYP REL ESY SEC        NODES
 
    5951   2   1   1   0   1    898   896   673   877   897  3037  3036  8693
                               8694 11500
    5952   2   1   1   0   1  10466 10467 10450  9760 11494 11509 11511 12721
                              12722 12723
    5953   2   1   1   0   1  10339 10342 10340 10309 10611 12428 10605 10607
                              11839 10608
    5954   2   1   1   0   1  10441  9149   879  9150 12165  9132 12586 11226
                               9054  9131
    5955   2   1   1   0   1  10385  9204  9205  9168 11077  8928 11079 11078
                               8979  8976
    5956   2   1   1   0   1   8732   759   778  2489  8711  8719  8712 12273
                              12272  2465
    5957   2   1   1   0   1   8732    15 10045  2489  8714  9800 12274 12273
                               2467 11042
    5958   2   1   1   0   1  10484  8536   740 10017 12180  8510 12478 12183
                              12182 12479
    5959   2   1   1   0   1    738   719   717   698  8672   718  8669 12474
                               2011  2010
    5960   2   1   1   0   1  10440  9511 10475  9512 11617 12622 11611 11218
                               9449 11620
 
    ELEM MAT TYP REL ESY SEC        NODES
 
    5961   2   1   1   0   1  10456   736   734   696 11899   735 11901 11889
                              12629 12640
    5962   2   1   1   0   1    154  8561 10022  8560  8461 11389  9996  8462
                               8411 11996
    5963   2   1   1   0   1  10377  8588  8587  8551 11573  8313 11019 11749
                               8359  8360
    5964   2   1   1   0   1  10347  8615  8614  8588 12627  8240 10635 11572
                               8267  8268
    5965   2   1   1   0   1  10377  8588  8552  8589 11573  8358 12724 11571
                               8312  8357
    5966   2   1   1   0   1  10383 10380 10353 10437 12011 11575 12013 12529
                              11361 11198
    5967   2   1   1   0   1  10371 10379 10330 10021 12004 11992 10759 12710
                              12002 12477
    5968   2   1   1   0   1  10374   866  8530  8531 11647  8523 12547 12527
                               8520  8440
    5969   2   1   1   0   1  10362 10367   822   860 10735 11120 10721 10738
                              11296 12507
    5970   2   1   1   0   1    860   858   822   841   859 12506 12507  8110
                               8097  3063
 
    ELEM MAT TYP REL ESY SEC        NODES
 
    5971   2   1   1   0   1    860   843   824   862  8098  3065 12510   861
                               8112 12511
    5972   2   1   1   0   1  10329 10331 10330 10452 10566 10565 10564 11642
                              11331 11464
    5973   2   1   1   0   1  10458  8534   860  8533 12152  8514 12030 12465
                               8437  8517
    5974   2   1   1   0   1    272   605   196   603  9590 10114 12706  9591
                                604 10113
    5975   2   1   1   0   1  10435 10406 10018 10025 11690 11570 12725 11605
                              11696  9944
    5976   2   1   1   0   1  10336 10309 10338 10476 10597 10599 10596 11728
                              12103 11693
    5977   2   1   1   0   1  10318  9255  9256  9254 11411  8778 12631 11408
                               8740  8779
    5978   2   1   1   0   1    465   352   543   350  9350 10088 12716  9349
                                351 10089
    5979   2   1   1   0   1  10315  3075   872   834 12726 12727 12657 12728
                               3055 12729
    5980   2   1   1   0   1    463   545   350   465 12730 10090  9348   464
                              12731  9349
 
    ELEM MAT TYP REL ESY SEC        NODES
 
    5981   2   1   1   0   1    860   822   824   841 12507   823 12510  8110
                               3063  3064
    5982   2   1   1   0   1  10479  9759   801  1300 12223  9714 12732 12373
                              11980  1299
    5983   2   1   1   0   1  10467   673  1311  1301 11498  1276 12078 12231
                               1275  1260
    5984   2   1   1   0   1  10479  1301  1300   801 12343  1269 12373 12732
                               1296  1299
    5985   2   1   1   0   1  10479  1301  1311  1300 12343  1260 11741 12373
                               1269  1258
    5986   2   1   1   0   1  10465  9759  9771   583 12327  9669 12114 12449
                               9674  9666
    5987   2   1   1   0   1  10325   266   599   597 10649  9585 12733 10542
                               9620   598
    5988   2   1   1   0   1  10382   182   180 10308 10857   181 10866 10863
                              10170 10176
    5989   2   1   1   0   1  10326   260   262   595 10641   261 10547 10546
                               9635  9630
    5990   2   1   1   0   1   9761 10306  9770   589 11295 11308  9683  9677
                              10174  9676
 
    ELEM MAT TYP REL ESY SEC        NODES
 
    5991   2   1   1   0   1   9748   915  1130   917  9737  1129 12499  9746
                                916  1128
    5992   2   1   1   0   1   2296   806    37 10016  2212   805  2214 11103
                              10011 10012
    5993   2   1   1   0   1     44  9771   788  1317  9670 12305   787  1237
                              12128  1236
    5994   2   1   1   0   1  10466  9756 10467  9760 12605 12232 11494 12721
                               9710 12722
    5995   2   1   1   0   1    853   834   872  3075  3074 12729  8107  3057
                               3055 12727
    5996   2   1   1   0   1  10470   879   877  9150 11513   878 11515 12584
                               9131  9130
    5997   2   1   1   0   1  10477 10481 10492  1308 11843 12322 12345 11847
                              11849 12352
    5998   2   1   1   0   1   9263  9751   171    23 12576  9740  8755  8756
                               9741   172
    5999   2   1   1   0   1  10315    10    27  3075 10065  1320 10067 12726
                               3056  3058
    6000   2   1   1   0   1   9756  9751 10470   875  9722 12734 12606 12607
                              12577 12571
 
    ELEM MAT TYP REL ESY SEC        NODES
 
    6001   2   1   1   0   1    875  9756  3049   671 12607 12671 12670 12735
                              12233  3029
    6002   2   1   1   0   1  10025    80  9174    78  9986  9082 11934  9987
                                 79  9083
    6003   2   1   1   0   1  10385 10476 10296 10297 11718 12362 12736 11074
                              12366 10203
    6004   2   1   1   0   1  10385 10476  9203 10296 11718 11717 11716 12736
                              12362 12737
    6005   2   1   1   0   1  10316     5  8703    18 10063  8685 12738 10061
                               8675  8684
    6006   2   1   1   0   1  10316  8703   891    18 12738  8682 12702 10061
                               8684   892
    6007   2   1   1   0   1  10316  8703  3050   891 12738 12739 12703 12702
                               8682 12704
    6008   2   1   1   0   1  10383 10455 10475 10462 12339 11623 12022 12016
                              11622 11619
    6009   2   1   1   0   1  10383 10455 10453 10380 12339 11475 12380 12011
                              11364 11350
    6010   2   1   1   0   1  10380  8539   732   734 12740  8505 11354 12337
                               8504   733
 
    ELEM MAT TYP REL ESY SEC        NODES
 
    6011   2   1   1   0   1  10347 10378 10353 10349 10799 10864 10669 10652
                              10801 10818
    6012   2   1   1   0   1  10349  8590  8616  8589 11581  8264 10653 10656
                               8311  8265
    6013   2   1   1   0   1  10347  8615  8588  8589 12627  8267 11572 10655
                               8266  8312
    6014   2   1   1   0   1  10342   579 10300 10309 11372 10184 11836 11839
                              10173 10185
    6015   2   1   1   0   1  10495  9216  9218  9186 12311  8914 12431 12308
                               8949  8915
    6016   2   1   1   0   1   9165 10495   126 10296 12741 12742  9100 12743
                              12361 10051
    6017   2   1   1   0   1   9164 10495   128   126 12543 12544  9102  9103
                              12742   127
    6018   2   1   1   0   1    465   518   543   520  9847  9565 12716  9779
                                519  9562
    6019   2   1   1   0   1    520   352   467 10334 12715  9351  9868 10796
                              10585 10586
    6020   2   1   1   0   1    274   605   196   272  9593 10114 12707   273
                               9590 12706
 
    ELEM MAT TYP REL ESY SEC        NODES
 
    6021   2   1   1   0   1    194   272   603   270 12720  9591 10112 12677
                                271  9588
    6022   2   1   1   0   1    274   198   403   405 12664  9322  9838  9837
                               9323   404
    6023   2   1   1   0   1  10022   152 10023  8561  9995  9994  9938 11389
                               8460 11393
    6024   2   1   1   0   1    160  8558 10021 10017  8467 12485  9999 10000
                              12486  9945
    6025   2   1   1   0   1  10369  8632  8631  8617 10752  8192 12744 10762
                               8205  8206
    6026   2   1   1   0   1  10348 10040   417 10326 11948  9893 10640 10636
                              10644 10639
    6027   2   1   1   0   1  10452  9776  9769   256 11641  9646 11878 11876
                               9638  9653
    6028   2   1   1   0   1  10324   290   623   621 10540  9608 10535 12659
                               9609   622
    6029   2   1   1   0   1    389   288   387   212  9822  9823   388  9308
                              10496  9307
    6030   2   1   1   0   1    543   518   465   545  9565  9847 12716   544
                               9564 12731
 
    ELEM MAT TYP REL ESY SEC        NODES
 
    6031   2   1   1   0   1    520   352   465   467 12715  9350  9779  9868
                               9351   466
    6032   2   1   1   0   1  10464   794 10401   792 12377 12378 12376 12522
                                793 11625
    6033   2   1   1   0   1      8   165  9258  9754   164  8774  8776  9543
                               9730 12612
    6034   2   1   1   0   1      8 10020  9258    62  9790 12745  8776    61
                              10002  8775
    6035   2   1   1   0   1    196   274   405   198 12707  9837  9324   197
                              12664  9323
    6036   2   1   1   0   1    629   218   220   381 10137   219 10138 12662
                               9301  9300
    6037   2   1   1   0   1    629   294   627   381  9614  9613   628 12662
                               9819 12718
    6038   2   1   1   0   1    381   627   629   218 12718   628 12662  9301
                              10136 10137
    6039   2   1   1   0   1  10388  2116  2111  2115 12216  2042 10888 11683
                               2038  2043
    6040   2   1   1   0   1   8731    43   762  2488  8718   761  8717 12651
                               2471  2470
 
    ELEM MAT TYP REL ESY SEC        NODES
 
    6041   2   1   1   0   1    764   762   636   743   763  2474  2473  8720
                               8721 12746
    6042   2   1   1   0   1    636  9506    36  9498 12747  9471   635 12748
                               9469  9493
    6043   2   1   1   0   1    575 10457   320 10337 11380 12107 10160 10620
                              11374 12108
    6044   2   1   1   0   1    636  2281  9498    36  2248 12425 12748   635
                               2199  9493
    6045   2   1   1   0   1     44  1317   803  9771  1237  1235   804  9670
                              12128  9545
    6046   2   1   1   0   1   9759   803  1317  9771  9715  1235 11979  9669
                               9545 12128
    6047   2   1   1   0   1   9175    76 10320    78  9081 11586 11590  9080
                                 77 11587
    6048   2   1   1   0   1  10025    80 10018  9173  9986  9988  9944 11936
                               9085 12749
    6049   2   1   1   0   1   9515  9502  9184    55  9441 11783 12476  9288
                               9485  9062
    6050   2   1   1   0   1  10480   316 10310 10298 11776 10178 11789 11770
                              10219 10187
 
    ELEM MAT TYP REL ESY SEC        NODES
 
    6051   2   1   1   0   1  10480  9199  9184  9208 11764  8952 11782 12399
                               8916  8951
    6052   2   1   1   0   1     55    53  9502  9185    54  9484  9485  9061
                               9060 11785
    6053   2   1   1   0   1  10384  9169  9206  9170 10876  8974 11066 10877
                               9035  8975
    6054   2   1   1   0   1  10385  9206  9205  9236 11067  8927 11079 10871
                               8877  8876
    6055   2   1   1   0   1    165  9162  9258  9754  9106  8773  8774  9730
                              12613 12612
    6056   2   1   1   0   1    459   344   512   457  9343 12750  9862   458
                               9342  9861
    6057   2   1   1   0   1  10442  9258 10020  9182 12609 12745 12751 12752
                               8748 12753
    6058   2   1   1   0   1   9258   480  9754 10020 12754  9726 12612 12745
                               9971 12755
    6059   2   1   1   0   1  10385  9168  9169 10297 11078  9036 11080 11074
                              12756 12757
    6060   2   1   1   0   1  10337   573   488  9775 11377  9532 12074 10621
                               9533  9640
 
    ELEM MAT TYP REL ESY SEC        NODES
 
    6061   2   1   1   0   1   8673  9505    20   724 12758  9475  8657  8655
                              12250   723
    6062   2   1   1   0   1  10474   726   728  8542 12063   727 12066 12061
                               8499  8498
    6063   2   1   1   0   1     40    42  2014  9505  1988  1997  1996  9474
                               9282 12759
    6064   2   1   1   0   1  10484   738  8536  8537 11896  8511 12180 12336
                               8508  8434
    6065   2   1   1   0   1   8673   724   705  2014  8655  8660  8656 12760
                              12761  1995
    6066   2   1   1   0   1  10380  8538  8539   734 11031  8431 12740 12337
                               8507  8504
    6067   2   1   1   0   1    830   868   828   849 12169 12170   829  3071
                               8118  3070
    6068   2   1   1   0   1  10456   696 10454   698 11889 11891 11369 12472
                                697 12397
    6069   2   1   1   0   1  10380 10494   730  8540 12286 12762 12763 12276
                              12639  8503
    6070   2   1   1   0   1  10413  8600  8570  8585 11026  8298 12764 12765
                               8274  8316
 
    ELEM MAT TYP REL ESY SEC        NODES
 
    6071   2   1   1   0   1  10438  9513 10421 10423 11205 11519 11534 11368
                              11142 11093
    6072   2   1   1   0   1    229 10358  8556 10294 12563 10707  8471 10260
                              12462 12694
    6073   2   1   1   0   1  10357  8590  8591  8611 10717  8310 10715 12626
                               8124  8263
    6074   2   1   1   0   1  10349  8553 10293 10289 11578 11580 11576 11583
                              12766 10207
    6075   2   1   1   0   1  10349  8590 10357  8616 11581 10717 10710 10653
                               8264 11192
    6076   2   1   1   0   1  10362   822   824   860 10721   823 10724 10738
                              12507 12510
    6077   2   1   1   0   1  10367  9757   820   856 12767 12768 11346 12143
                              12769 12149
    6078   2   1   1   0   1  10446  2118  2100  2109 11883  2023 11752 12217
                               2029  2017
    6079   2   1   1   0   1  10367  9773  9761  9757 11342  9647 11111 12767
                               9534  9709
    6080   2   1   1   0   1  10312  8093  8092   368 12770  8083 12771 10077
                               8086  8089
 
    ELEM MAT TYP REL ESY SEC        NODES
 
    6081   2   1   1   0   1    342   455   340   510  9340  9339   341 12772
                               9859 12773
    6082   2   1   1   0   1  10367 10488  9750   856 12141 12138 11343 12143
                              12142 12146
    6083   2   1   1   0   1    858   839   822   841  8109  3062 12506  8097
                                840  3063
    6084   2   1   1   0   1  10355 10016 10035 10033 10678  9949 11050 11049
                               9954  9946
    6085   2   1   1   0   1  10367  9750  9757   856 11343  9719 12767 12143
                              12146 12769
    6086   2   1   1   0   1  10495  9186  9201  9164 12308  8932 12774 12543
                               8986  8984
    6087   2   1   1   0   1  10487   128 10495 10295 12542 12544 12303 12299
                              10256 12302
    6088   2   1   1   0   1    736 10484 10456 10453 11903 11893 11899 11900
                              11905 11898
    6089   2   1   1   0   1  10493 10429  9505  9511 12256 12261 12251 12620
                              11615  9452
    6090   2   1   1   0   1  10328   569   567   496 12775   568 12776 12777
                               9623  9619
 
    ELEM MAT TYP REL ESY SEC        NODES
 
    6091   2   1   1   0   1  10410  9216  9187  9219 12433  8947 12778 12186
                               8913  8912
    6092   2   1   1   0   1  10300   891 10286    18 11986 11973 10225 10245
                                892 10281
    6093   2   1   1   0   1  10316  8703     5  3050 12738  8685 10063 12703
                              12739  3028
    6094   2   1   1   0   1  10464 10486  1315  1304 11944 11946 11943 12123
                              12124  1253
    6095   2   1   1   0   1  10286    18  9262   130 10281  8760 11971 10282
                                131  8758
    6096   2   1   1   0   1  10286   130  9163   128 10282  9104 12307 10258
                                129  9105
    6097   2   1   1   0   1   9169  9170 10290   116  9035 10880 10879  9093
                               9090 10271
    6098   2   1   1   0   1   9777 10312    33   533 12779 10078  9554  9553
                              10076   532
    6099   2   1   1   0   1    545   463   350   348 12730  9348 10090 10091
                               9347   349
    6100   2   1   1   0   1    465   545   350   543 12731 10090  9349 12716
                                544 10089
 
    ELEM MAT TYP REL ESY SEC        NODES
 
    6101   2   1   1   0   1    545   518   465   463  9564  9847 12731 12730
                               9867   464
    6102   2   1   1   0   1    352   520   543   541 12715  9562 10088 10087
                               9563   542
    6103   2   1   1   0   1    276   403   200   401  9835  9321 10528  9836
                                402  9320
    6104   2   1   1   0   1    192   270   601   268 12719  9589 10110 12780
                                269  9586
    6105   2   1   1   0   1    268   409   192   270  9844  9328 12780   269
                               9841 12719
    6106   2   1   1   0   1    409   268   192   411  9844 12780  9328   410
                               9843  9362
    6107   2   1   1   0   1  10313   224   377 10314 10072  9372 12781 10068
                              10058 12782
    6108   2   1   1   0   1  10489  8642  9499   724 12071 12783 12247 12246
                               8156 12249
    6109   2   1   1   0   1    377  9275  9527 10313 12784 12687  9291 12781
                              12686 12688
    6110   2   1   1   0   1    377 10314   633 10043 12782 10070 12785  9807
                              12679 12680
 
    ELEM MAT TYP REL ESY SEC        NODES
 
    6111   2   1   1   0   1   9276  9275 10314   371  9266 12685 12650  9267
                               9271 10069
    6112   2   1   1   0   1   9778   300 10043    28  9547  9805 12681  9549
                                301  9787
    6113   2   1   1   0   1  10374  8573 10376 10368 12025 12024 12023 11650
                              12552 11402
    6114   2   1   1   0   1  10372  8561 10023  8596 11390 11393 11392 11396
                               8342 12786
    6115   2   1   1   0   1   8563 10024  8564   148 12469 12787  8408  8456
                               9991  8455
    6116   2   1   1   0   1    148 10023  8563 10024  9992 11466  8456  9991
                               9937 12469
    6117   2   1   1   0   1  10474 10494   728 10437 12564 12788 12066 11609
                              12471 12502
    6118   2   1   1   0   1  10371  8559  8560  8594 11997  8412 11995 11254
                               8346  8345
    6119   2   1   1   0   1   8547  8570  8548 10285  8399  8366  8423 12789
                              10838 12790
    6120   2   1   1   0   1    156  8559  8560 10022  8464  8412  8463  9997
                              11998 11996
 
    ELEM MAT TYP REL ESY SEC        NODES
 
    6121   2   1   1   0   1   8577 10371 10021 10379 12005 12710 12003 11999
                              12004 12002
    6122   2   1   1   0   1  10485  9510  9518 10405 11931  9431 12633 11921
                              11930 11328
    6123   2   1   1   0   1  10434 10355   646 10415 12271 10691 11988 11313
                              11047 11054
    6124   2   1   1   0   1    510   551   342   512  9573 10097 12772   511
                               9570 12791
    6125   2   1   1   0   1  10327   642   644 10448 10555   643 11325 11278
                              11280 11327
    6126   2   1   1   0   1  10035   431   433  9518  9907   432  9906 12420
                               9419  9429
    6127   2   1   1   0   1  10035 10405  9510   435 11553 11930 12421  9919
                              12516  9424
    6128   2   1   1   0   1    252   250  9762 10019   251  9704  9705  9957
                               9958 12672
    6129   2   1   1   0   1   9769   254   252 10019  9658   253  9535 12792
                               9953  9957
    6130   2   1   1   0   1  10462  9523  9512  9522 12015  9395 11472 12018
                               9396  9277
 
    ELEM MAT TYP REL ESY SEC        NODES
 
    6131   2   1   1   0   1    272   407   196   405  9839  9325 12706  9840
                                406  9324
    6132   2   1   1   0   1  10371  8617  8594  8618 10763  8259 11254 11250
                               8236  8258
    6133   2   1   1   0   1    196   272   603   194 12706  9591 10113   195
                              12720 10112
    6134   2   1   1   0   1    272   407   194   196  9839  9326 12720 12706
                               9325   195
    6135   2   1   1   0   1    860   843   841   824  8098   842  8110 12510
                               3065  3064
    6136   2   1   1   0   1  10362   826   862   824 10729 12793 10744 10724
                                825 12511
    6137   2   1   1   0   1    591 10299 10331 10306 10181 12454 10573 10182
                              10214 12794
    6138   2   1   1   0   1  10484   738 10030   740 11896 11895 11892 12478
                                739 12480
    6139   2   1   1   0   1  10360  9503 10359  8568 11949 11953 11952 11961
                              11962 12463
    6140   2   1   1   0   1  10490  9503  9504  9514 12412  9476 12413 12618
                               9435  9436
 
    ELEM MAT TYP REL ESY SEC        NODES
 
    6141   2   1   1   0   1   9503   137  8567  8568  9480  8449 12069 11962
                               8446  8404
    6142   2   1   1   0   1    427  9519   429 10421  9414  9411   428 11518
                              11526 12666
    6143   2   1   1   0   1  10422  2116  2107  2108 12215  2046 11673 11128
                               2047  2061
    6144   2   1   1   0   1    533 10042 10312   477 12795 12796 10076 12797
                               9809 12798
    6145   2   1   1   0   1  10420  2106  2105 10454 12202  2063 11532 12178
                              11668 12392
    6146   2   1   1   0   1   2296  2279   806 10016  2211  2274  2212 11103
                              12252 10011
    6147   2   1   1   0   1   8570  8548 10285 10413  8366 12790 10838 12764
                              12799 11926
    6148   2   1   1   0   1  10368 10458 10452 10461 12031 11388 11330 12035
                              11458 11457
    6149   2   1   1   0   1    636   743  2488  9506 12746 12652  2468 12747
                              12655 12654
    6150   2   1   1   0   1     43     4  9506  8731  8705  9470  9281  8718
                               8716 12653
 
    ELEM MAT TYP REL ESY SEC        NODES
 
    6151   2   1   1   0   1  10028    68 10391    66  9978 11869 10910  9979
                                 67 11872
    6152   2   1   1   0   1   1131 10398  1141  9758 12242 12243  1047 12206
                              11087 12714
    6153   2   1   1   0   1  10397 10403  1142 10287 10953 11805 11804 10960
                              10959 11807
    6154   2   1   1   0   1  10320 10025  9174    78 11606 11934 11937 11587
                               9987  9083
    6155   2   1   1   0   1  10435 10025 10018  9173 11605  9944 12725 11935
                              11936 12749
    6156   2   1   1   0   1  10487  9186  9144  9145 12309  9018 11978 12313
                               8738  9059
    6157   2   1   1   0   1   9777   530    31 10042  9551   531  9552 12800
                               9791  9788
    6158   2   1   1   0   1  10396 10340 10460 10476 11691 11426 12192 11692
                              11694 12189
    6159   2   1   1   0   1    851   872   853   834  8119  8107   852  3073
                              12729  3074
    6160   2   1   1   0   1  10384  9170  9171 10290 10877  9034 10889 10878
                              10880 12801
 
    ELEM MAT TYP REL ESY SEC        NODES
 
    6161   2   1   1   0   1  10373  8639  8637  8632 12601  8168 10770 10769
                               8177  8178
    6162   2   1   1   0   1   9169 10385 10297 10290 11080 11074 12757 10879
                              11073 10204
    6163   2   1   1   0   1    118 10297 10290  9169 10252 10204 10250  9092
                              12757 10879
    6164   2   1   1   0   1  10384  9170  9206  9207 10877  8975 11066 10890
                               8972  8926
    6165   2   1   1   0   1  10384  9171  9207  9208 10889  8973 10890 11772
                               8970  8925
    6166   2   1   1   0   1  10480  9515  9184  9183 12700 12476 11782 12802
                              12225  9022
    6167   2   1   1   0   1   9503 10489  9499 10490 12068 12247  9463 12412
                              12056 12803
    6168   2   1   1   0   1  10458  8575  8604  8605 12804  8291 11455 11460
                               8288  8247
    6169   2   1   1   0   1  10386 10290 10310 10297 10881 10190 11788 11075
                              10204 10189
    6170   2   1   1   0   1   9170 10290   114  9171 10880 10272  9091  9034
                              12801  9088
 
    ELEM MAT TYP REL ESY SEC        NODES
 
    6171   2   1   1   0   1   9169   118 10297  9168  9092 10252 12757  9036
                               9095 12756
    6172   2   1   1   0   1  10347  8609  8608  8627 10659  8246 10663 10632
                               8219  8218
    6173   2   1   1   0   1  10483   889   891   685 11965   890 11975 11985
                              12805 11987
    6174   2   1   1   0   1  10347  8609  8615  8616 10659  8217 12627 10654
                               8130  8239
    6175   2   1   1   0   1  10402 10401   585 10304 10948 11631 11102 10952
                              10951 10221
    6176   2   1   1   0   1  10481 10288 10300 10305 11780 10243 11781 11865
                              10216 10217
    6177   2   1   1   0   1  10483 10300   891 10286 11837 11986 11975 11976
                              10225 11973
    6178   2   1   1   0   1  10364   868   866   828 11644   867 11649 12171
                              12170 12806
    6179   2   1   1   0   1  10483   889  9144   891 11965  9142 11977 11975
                                890  9143
    6180   2   1   1   0   1   8564 10024  8599  8565 12787 12550  8336  8407
                              12807  8335
 
    ELEM MAT TYP REL ESY SEC        NODES
 
    6181   2   1   1   0   1  10374  8623 10376  8602 10789 11382 12023 12026
                               8229 12027
    6182   2   1   1   0   1  10445 10024  8564  8563 12470 12787 12808 11467
                              12469  8408
    6183   2   1   1   0   1    828   866   845   847 12806  8113  3068  3069
                               8116   846
    6184   2   1   1   0   1  10330 10040 10023 10022 11881  9917 11465 11259
                               9918  9938
    6185   2   1   1   0   1    830   868   849   870 12169  8118  3071 12483
                                869  8117
    6186   2   1   1   0   1  10368  8573  8532  8531 12552  8394 12553 12528
                               8393  8439
    6187   2   1   1   0   1    828   866   847   868 12806  8116  3069 12170
                                867  8115
    6188   2   1   1   0   1  10403 10299   834 10287 11811 12809 11800 10959
                              10236 11812
    6189   2   1   1   0   1  10368  8532   864  8531 12553  8518 10743 12528
                               8439  8521
    6190   2   1   1   0   1  10380  8538  8579  8539 11031  8379 12333 12740
                               8431  8380
 
    ELEM MAT TYP REL ESY SEC        NODES
 
    6191   2   1   1   0   1  10349 10377  8553  8589 10800 11579 11578 10656
                              11571  8356
    6192   2   1   1   0   1  10285  8528   872  8645 10847  8526 10845 12810
                               8141  8143
    6193   2   1   1   0   1  10370 10413 10335 10378 11033 11024 11040 10821
                              11759 11928
    6194   2   1   1   0   1  10374  8531  8530  8572 12527  8440 12547 12546
                               8396  8395
    6195   2   1   1   0   1  10358  8591  8590  8554 10714  8310 10716 10718
                               8353  8354
    6196   2   1   1   0   1  10350  8609  8580  8608 10658  8280 10814 10665
                               8246  8283
    6197   2   1   1   0   1  10289 10349  8553  8554 11583 11578 12766 12811
                              12409  8417
    6198   2   1   1   0   1    713   732   696   694  8666 12501  2007  2006
                              12638   695
    6199   2   1   1   0   1  10291   245   243  8548 10268   244 10267 12812
                               8487  8486
    6200   2   1   1   0   1  10413  8612  8585  8586 11754  8273 12765 11756
                               8272  8315
 
    ELEM MAT TYP REL ESY SEC        NODES
 
    6201   2   1   1   0   1  10353 10293 10308 10289 12205 10195 10860 11584
                              10207 10194
    6202   2   1   1   0   1  10380  8580  8540  8539 10816  8378 12276 12740
                               8377  8430
    6203   2   1   1   0   1  10351  8625  8607  8578 12487  8223 12813 12493
                               8133  8284
    6204   2   1   1   0   1  10375  8570  8529  8528 10773  8401 10776 10846
                               8400  8443
    6205   2   1   1   0   1  10369  8632  8637  8631 10752  8178 10749 12744
                               8192  8182
    6206   2   1   1   0   1  10374  8572  8571  8601 12546  8328 10785 10784
                               8297  8296
    6207   2   1   1   0   1  10369  8625  8637  8636 12488  8183 10749 10748
                               8184  8170
    6208   2   1   1   0   1  10420 10032 10463  2099 11750 12395 11531 12176
                              12175 12394
    6209   2   1   1   0   1  10373  8601  8634  8623 10790  8129 11039 10788
                               8228  8189
    6210   2   1   1   0   1  10335  8600  8571  8570 11023  8299 10786 10828
                               8298  8329
 
    ELEM MAT TYP REL ESY SEC        NODES
 
    6211   2   1   1   0   1   9182    64    62 10020  9066    63  9067 12753
                              10001 10002
    6212   2   1   1   0   1  10374  8623  8572  8601 10789  8134 12546 10784
                               8228  8297
    6213   2   1   1   0   1  10471 10472  9508  2280 11549 12213 11544 11542
                              11551 11543
    6214   2   1   1   0   1  10372 10330 10023 10022 10758 11465 11392 11257
                              11259  9938
    6215   2   1   1   0   1   8550 10413  8587 10292 12814 11757  8361 12815
                              11760 11021
    6216   2   1   1   0   1   8643    22 10017   162  8153 10010 12816  8152
                                163 10009
    6217   2   1   1   0   1   8643 10017   740  8536 12816 12479  8151  8139
                              12182  8510
    6218   2   1   1   0   1  10022  8560  8561  8595 11996  8411 11389 11391
                               8344  8343
    6219   2   1   1   0   1  10372  8618  8633  8632 11252  8203 11993 10756
                               8204  8191
    6220   2   1   1   0   1      2   796  1149 10304   797  1060  1061 10223
                              12525 12524
 
    ELEM MAT TYP REL ESY SEC        NODES
 
    6221   2   1   1   0   1  10390 10344 10319 10041 10902 12604 11702 10903
                              10616 12075
    6222   2   1   1   0   1  10460  9233  9250  9251 12190  8818 12505 11713
                               8815  8800
    6223   2   1   1   0   1  10362   822 10367 10363 10721 11120 10735 10723
                              10722 11122
    6224   2   1   1   0   1   9163   128 10487 10286  9105 12542 12306 12307
                              10258 11972
    6225   2   1   1   0   1  10372  8619  8633  8618 12817  8202 11993 11252
                               8235  8203
    6226   2   1   1   0   1  10488  8544  8535  8576 12137  8435 12140 12153
                               8386  8388
    6227   2   1   1   0   1  10385  9203  9167 10296 11716  8981 11076 12736
                              12737 12818
    6228   2   1   1   0   1    736   717   715   696  8670   716  8667 12629
                               2009  2008
    6229   2   1   1   0   1  10296  9167 10297   120 12818 12819 10203 10253
                               9097 10251
    6230   2   1   1   0   1  10476 10309 10295 10296 12103 10193 12209 12362
                              10191 10205
 
    ELEM MAT TYP REL ESY SEC        NODES
 
    6231   2   1   1   0   1  10351  8538 10379  8578 11029 11028 10804 12493
                               8382 12820
    6232   2   1   1   0   1  10385  9235  9204  9234 11068  8878 11077 11071
                               8848  8881
    6233   2   1   1   0   1  10351  8579  8608  8580 12332  8282 10662 10813
                               8321  8283
    6234   2   1   1   0   1  10490  9514  9521  9522 12618  9399 12452 12451
                               9398  9397
    6235   2   1   1   0   1  10476 10495  9202 10296 12360 12821 12822 12362
                              12361 12823
    6236   2   1   1   0   1  10385  9235  9236  9205 11068  8847 10871 11079
                               8879  8876
    6237   2   1   1   0   1   9169   118   116 10290  9092   117  9093 10879
                              10250 10271
    6238   2   1   1   0   1    516   547   346   348  9566 10093 12824 12825
                              10092   347
    6239   2   1   1   0   1    348   516   461   346 12825  9865  9346   347
                              12824  9345
    6240   2   1   1   0   1    547   346   549   514 10093 10094   548  9569
                              12826  9568
 
    ELEM MAT TYP REL ESY SEC        NODES
 
    6241   2   1   1   0   1  10334   356   354   471 12827   355 10587 10628
                               9355  9354
    6242   2   1   1   0   1  10351  8626  8608  8579 12828  8221 10662 12332
                               8132  8282
    6243   2   1   1   0   1  10346 10370  8629  8638 10810 11018 11017 10807
                              10811  8180
    6244   2   1   1   0   1  10023  8563  8597  8562 11466  8339 11469 12829
                               8409  8340
    6245   2   1   1   0   1    467 10334   354   469 10586 10587  9352   468
                              10630  9353
    6246   2   1   1   0   1  10461  9762  9752  8584 12830  9681 12557 12555
                              12831 12556
    6247   2   1   1   0   1  10489  8543   726  8542 12070  8496 12062 12051
                               8427  8499
    6248   2   1   1   0   1  10461 10019 10024  9769 12832  9936 12548 12029
                              12792 11880
    6249   2   1   1   0   1  10474 10490  9514  9499 12060 12618 12617 12621
                              12803  9444
    6250   2   1   1   0   1  10373  8624  8639  8633 11383  8127 12601 11994
                               8190  8176
 
    ELEM MAT TYP REL ESY SEC        NODES
 
    6251   2   1   1   0   1  10370  8637  8635  8636 10750  8125 12833 10747
                               8170  8166
    6252   2   1   1   0   1    239  8551 10292  8550  8481 11748 10265  8482
                               8420 12815
    6253   2   1   1   0   1  10494  8610  8582  8581 12281  8279 12383 12278
                               8278  8319
    6254   2   1   1   0   1    154 10022  8561   152  9996 11389  8461   153
                               9995  8460
    6255   2   1   1   0   1   8628 10370 10335  8622 11015 11040 11022  8199
                              11037 11027
    6256   2   1   1   0   1  10343  9774  9768  9765 11293  9544 12587 11291
                               9652  9686
    6257   2   1   1   0   1  10452  9769   254   256 11878  9658 11874 11876
                               9653   255
    6258   2   1   1   0   1  10292  8551   237 10293 11748  8480 10264 10208
                              12834 10263
    6259   2   1   1   0   1   8564   146 10024  8565  8454  9990 12787  8407
                               8453 12807
    6260   2   1   1   0   1   8586  8550 10413  8587  8362 12814 11756  8314
                               8361 11757
 
    ELEM MAT TYP REL ESY SEC        NODES
 
    6261   2   1   1   0   1  10024 10019  8565   146  9936 12835 12807  9990
                               9989  8453
    6262   2   1   1   0   1    358   356   537   526   357 10085 10084 12697
                              12696  9557
    6263   2   1   1   0   1    508   510   553   340   509  9572  9574 12836
                              12773 10099
    6264   2   1   1   0   1  10431  2298   810 10039 11154  2205 11153 11157
                              12349  9795
    6265   2   1   1   0   1    340   508   453   555 12836  9846  9338 10100
                               9575 12837
    6266   2   1   1   0   1    508   555   506   453  9575  9531   507  9846
                              12837  9845
    6267   2   1   1   0   1      8   480  9754  9258   479  9726  9543  8776
                              12754 12612
    6268   2   1   1   0   1  10442  9181  9200  9182 12838  8953 11229 12752
                               9024  8954
    6269   2   1   1   0   1  10430 10380   730   732 11351 12763 12839 11352
                              11354   731
    6270   2   1   1   0   1   9161  9160  9192 10392  9043  9005  8989 11231
                              11219 11220
 
    ELEM MAT TYP REL ESY SEC        NODES
 
    6271   2   1   1   0   1   9755 10020 10029 10442 12840  9970 12841 12614
                              12751 12042
    6272   2   1   1   0   1    309  8544  9750   307  8494 12134  9743   308
                               8495  9739
    6273   2   1   1   0   1  10442  9161   167  9162 11232  9108 12842 12610
                               9042  9107
    6274   2   1   1   0   1    165  9162  9754   167  9106 12613  9730   166
                               9107  9731
    6275   2   1   1   0   1  10424  1317  1305   788 12127  1234 12125 11628
                               1236  1289
    6276   2   1   1   0   1  10375 10299 10285   872 10841 10226 10836 10844
                              10848 10845
    6277   2   1   1   0   1  10418 10460  9234 10476 11712 11715 11072 11720
                              12189 11719
    6278   2   1   1   0   1  10023  8562  8597  8596 12829  8340 11469 12786
                               8341  8304
    6279   2   1   1   0   1  10457   439   490   492 12535  9889 11375 12098
                               9890   491
    6280   2   1   1   0   1  10388 10422  2102  2116 11525 12263 12265 12216
                              12215  2040
 
    ELEM MAT TYP REL ESY SEC        NODES
 
    6281   2   1   1   0   1    492 10457   322   573 12098 12536 12097  9631
                              11378 10165
    6282   2   1   1   0   1    625   216   627   292 10134 10135   626  9611
                              10534  9612
    6283   2   1   1   0   1  10351  8538  8578  8579 11029  8382 12493 12332
                               8379  8322
    6284   2   1   1   0   1  10315 10299   834   872 10064 12809 12728 12657
                              10848 12729
    6285   2   1   1   0   1    692   709   711   728  2003   710  2004 12843
                               8662  8650
    6286   2   1   1   0   1  10379  8538  8537  8578 11028  8432 12334 12820
                               8382  8381
    6287   2   1   1   0   1  10361 10359 10490 10436 11954 12411 12410 11196
                              12054 12057
    6288   2   1   1   0   1    252  9769 10019  9762  9535 12792  9957  9705
                               9680 12672
    6289   2   1   1   0   1   8546  9762  8566  8584 12844 12675  8405  8368
                              12831  8333
    6290   2   1   1   0   1  10370  8622  8635  8634 11037  8187 12833 11038
                               8188  8173
 
    ELEM MAT TYP REL ESY SEC        NODES
 
    6291   2   1   1   0   1   9762  9752  8584  8546  9681 12556 12831 12844
                              12845  8368
    6292   2   1   1   0   1  10351  8579  8578  8607 12332  8322 12493 12813
                               8285  8284
    6293   2   1   1   0   1   9762   305  8546   303  9536  8490 12844  9703
                                304  8491
    6294   2   1   1   0   1   8641 10019    21   142 12674  9789  8161  8159
                              10003   141
    6295   2   1   1   0   1    250    21  9762 10019   249  9542  9704  9958
                               9789 12672
    6296   2   1   1   0   1  10413  8570  8548  8585 12764  8366 12799 12765
                               8316  8365
    6297   2   1   1   0   1   8555   229 10358  8556  8472 12563 10720  8415
                               8471 10707
    6298   2   1   1   0   1  10328   326   569   571 10559 10153 12775 10562
                              10154   570
    6299   2   1   1   0   1  10328   569   494   571 12775  9629 10563 10562
                                570  9628
    6300   2   1   1   0   1    276   278   401   200   277  9833  9836 10528
                              10527  9320
 
    ELEM MAT TYP REL ESY SEC        NODES
 
    6301   2   1   1   0   1    198   276   403   200 12665  9835  9322   199
                              10528  9321
    6302   2   1   1   0   1    274   607   198   605  9592 10116 12664  9593
                                606 10115
    6303   2   1   1   0   1  10285   247  8547  8645 10283  8489 12789 12810
                               8144  8142
    6304   2   1   1   0   1   9516 10310   318  9524 12407 10179  9401  9391
                              12540  9387
    6305   2   1   1   0   1  10324   621   288   290 12659  9606 12846 10540
                               9609   289
    6306   2   1   1   0   1   9761 10306 10331 10366 11295 12794 11336 11339
                              11306 10833
    6307   2   1   1   0   1  10425  9758  9748  9770 11117  9702 11113 11118
                               9675  9682
    6308   2   1   1   0   1  10419  9770 10399 10381 12095 11119 12090 12092
                              11309 12270
    6309   2   1   1   0   1  10375   872  8528   870 10844  8526 10846 10839
                                871  8527
    6310   2   1   1   0   1  10413 10370 10335  8628 11033 11040 11024 11025
                              11015 11022
 
    ELEM MAT TYP REL ESY SEC        NODES
 
    6311   2   1   1   0   1  10346  8629  8630  8638 11017  8194 12847 10807
                               8180  8179
    6312   2   1   1   0   1    561   449   447   502 12848   448 12849  9580
                               9854  9853
    6313   2   1   1   0   1  10397 10381 10400  1134 10955 11305 10944 10956
                              10958 12267
    6314   2   1   1   0   1   8530   868 10374  8529  8522 12561 12547  8441
                               8525 10775
    6315   2   1   1   0   1    830   832   870   851   831 11802 12483  3072
                               3059  8120
    6316   2   1   1   0   1  10375  8528  8529   870 10846  8443 10776 10839
                               8527  8524
    6317   2   1   1   0   1  10374 10368 10364   864 11650 11646 10792 11648
                              10743 10727
    6318   2   1   1   0   1  10369 10379  8606  8578 11035 12006 10760 12494
                              12820  8287
    6319   2   1   1   0   1  10374   866   868  8530 11647   867 12561 12547
                               8523  8522
    6320   2   1   1   0   1  10403 10299 10381   870 11811 10843 10954 11801
                              10842 10840
 
    ELEM MAT TYP REL ESY SEC        NODES
 
    6321   2   1   1   0   1  10454   696  2105   698 11891  2086 12392 12397
                                697  2085
    6322   2   1   1   0   1  10420 10438 10463 10032 11906 11482 11531 11750
                              12177 12395
    6323   2   1   1   0   1  10446  2114  2109  2100 11681  2053 12217 11752
                               2018  2017
    6324   2   1   1   0   1  10472   668  2280  2297 12532  2272 11551 12534
                               2208  2200
    6325   2   1   1   0   1   3049   671  9756     6  3029 12233 12671  3030
                                670  9725
    6326   2   1   1   0   1   9756  8702     7    23 12668  8689  9540  9724
                               8687  8676
    6327   2   1   1   0   1    877   875   896   671   876  8691  8694 11501
                              12735  3034
    6328   2   1   1   0   1  10285   872    26  8645 10845   873 10284 12810
                               8143  8145
    6329   2   1   1   0   1    894   896   875   671   895  8691  8692  3035
                               3034 12735
    6330   2   1   1   0   1  10464 10424   792 10401 11488 12850 12522 12376
                              11630 11625
 
    ELEM MAT TYP REL ESY SEC        NODES
 
    6331   2   1   1   0   1  10464  1302  1303  1314 12491  1268 12521 12119
                               1254  1255
    6332   2   1   1   0   1   1146 10397  1135  1145 10940 12851  1080  1067
                              12526  1083
    6333   2   1   1   0   1  10486  1304 10424  1305 12124 12122 12112 12374
                               1266 12125
    6334   2   1   1   0   1  10401  1139   792   794 12852  1108 11625 12378
                               1109   793
    6335   2   1   1   0   1  10285  8548  8547   245 12790  8423 12789 10269
                               8487  8488
    6336   2   1   1   0   1  10467  9759  9763  9749 12220  9679 12228 12234
                               9708  9701
    6337   2   1   1   0   1  10486  1313  1315  1304 12371  1239 11946 12124
                               1251  1253
    6338   2   1   1   0   1   8702  3049   894   875 12669  3031  8688  8686
                              12670  8692
    6339   2   1   1   0   1  10478 10481 10449 10469 11844 11983 11827 11846
                              11845 12080
    6340   2   1   1   0   1   9772  9758  1148  1141  9665 12207 12519 12110
                              12714  1053
 
    ELEM MAT TYP REL ESY SEC        NODES
 
    6341   2   1   1   0   1   1150    89  1142 10287  1056  1103  1052 11808
                              10280 11807
    6342   2   1   1   0   1    713   734   715   696  8665  8668   714  2007
                              12640  2008
    6343   2   1   1   0   1     74 10026    72  9177  9985  9983    73  9076
                              11706  9077
    6344   2   1   1   0   1    692   709   728   690  2003  8662 12843   691
                               2002 12853
    6345   2   1   1   0   1  10482   885  9147  9146 11832  9137 12595 12599
                               9138  9057
    6346   2   1   1   0   1    728   726   690   709   727 12854 12853  8662
                               8649  2002
    6347   2   1   1   0   1  10493   724  9505   688 12245 12250 12251 12258
                              12855 12262
    6348   2   1   1   0   1  10410  9187  9145  9146 12778  9017 12432 12691
                               9016  9058
    6349   2   1   1   0   1  10428 10429 10430 10440 11133 11137 11136 11213
                              11216 12490
    6350   2   1   1   0   1   9171   112  9172 10298  9089  9086  9033 12856
                              10248 12857
 
    ELEM MAT TYP REL ESY SEC        NODES
 
    6351   2   1   1   0   1    677   883   900   881 11842  8677  3041 12592
                                882  8697
    6352   2   1   1   0   1  10384 10417  9236 10386 11768 11061 10870 10873
                              11912 10874
    6353   2   1   1   0   1  10384  9172 10298  9171 11771 12857 10883 10889
                               9033 12856
    6354   2   1   1   0   1  10395  9195  9155  9196 10918  8999 11265 11723
                               8937  8998
    6355   2   1   1   0   1    843   864   826   862  8111 10731  3066  8112
                                863 12793
    6356   2   1   1   0   1  10409  9155  9156  9196 11929  9048 12858 12636
                               8998  8997
    6357   2   1   1   0   1  10418  9197  9229  9196 12859  8892 12641 11724
                               8936  8893
    6358   2   1   1   0   1   9157 10473   747 10409 12404 11794  9116 12402
                              11565 12632
    6359   2   1   1   0   1  10385  9167  9168 10297 11076  9037 11078 11074
                              12819 12756
    6360   2   1   1   0   1  10384  9231  9206  9236 11767  8736 11066 10870
                               8846  8877
 
    ELEM MAT TYP REL ESY SEC        NODES
 
    6361   2   1   1   0   1  10418  9196  9229  9228 11724  8893 12641 11725
                               8894  8854
    6362   2   1   1   0   1     53  9185  9259  9502  9060  8747  8770  9484
                              11785 12860
    6363   2   1   1   0   1     53     3  9502  9259    52  9284  9484  8770
                               8772 12860
    6364   2   1   1   0   1   9183  9500  9260 10473 12227 11908  8765 12226
                              11907 11909
    6365   2   1   1   0   1  10354 10355   648   650 10677 10689 12861 10675
                              10682   649
    6366   2   1   1   0   1    650 10354   757   648 10675 10673 10676   649
                              12861 10687
    6367   2   1   1   0   1  10407  9153   757   755 12862  9125 11181 12635
                               9124   756
    6368   2   1   1   0   1    435 10035   433  9510  9919  9906   434  9424
                              12421  9428
    6369   2   1   1   0   1  10471   638  2291  2281 12418  2250 12386 12424
                               2249  2236
    6370   2   1   1   0   1  10407 10356   755   757 11180 11273 12635 11181
                              10693   756
 
    ELEM MAT TYP REL ESY SEC        NODES
 
    6371   2   1   1   0   1   8565  8584  8566 10019  8334  8333  8406 12835
                              12863 12676
    6372   2   1   1   0   1  10461  8599 10024  8565 12551 12550 12548 12864
                               8335 12807
    6373   2   1   1   0   1    150 10023  8563   148  9993 11466  8457   149
                               9992  8456
    6374   2   1   1   0   1    241 10292   243  8549 10266 10052   242  8484
                              12865  8485
    6375   2   1   1   0   1  10368  8533  8532  8574 12466  8438 12553 12467
                               8392  8391
    6376   2   1   1   0   1  10372  8624 10373  8633 11255 11383 11260 11993
                               8190 11994
    6377   2   1   1   0   1  10365 10461  9773  9750 12036 12028 11338 11344
                              12135  9659
    6378   2   1   1   0   1    640   768   766   747  2477   767  2478 12866
                               8724  8725
    6379   2   1   1   0   1  10494  8581  8541  8540 12278  8376 12867 12639
                               8375  8429
    6380   2   1   1   0   1  10388  2111  2116  2112 10888  2042 12216 11823
                               2057  2041
 
    ELEM MAT TYP REL ESY SEC        NODES
 
    6381   2   1   1   0   1  10358  8592  8591  8555 10700  8309 10714 10720
                               8351  8352
    6382   2   1   1   0   1  10494  8541   730  8540 12867  8500 12762 12639
                               8429  8503
    6383   2   1   1   0   1  10359  8583  8542 10494 12048  8371 12052 12458
                              12460 12459
    6384   2   1   1   0   1    642   751   770   768 10554  8727  2479  2480
                               8706   769
    6385   2   1   1   0   1  10374  8573  8531  8572 12025  8393 12527 12546
                               8327  8396
    6386   2   1   1   0   1  10335  8622  8601  8571 11027  8231 10783 10786
                               8135  8296
    6387   2   1   1   0   1  10445  8598  8599  8605 12868  8302 12549 11459
                               8123  8250
    6388   2   1   1   0   1  10445  8598  8597  8563 12868  8303 11468 11467
                               8338  8339
    6389   2   1   1   0   1    640   747   749   768 12866   748 12869  2477
                               8724  8726
    6390   2   1   1   0   1  10452 10461 10024  9769 11457 12548 11879 11878
                              12029 11880
 
    ELEM MAT TYP REL ESY SEC        NODES
 
    6391   2   1   1   0   1  10413  8628  8600  8612 11025  8215 11026 11754
                               8214  8243
    6392   2   1   1   0   1  10370  8635  8628  8629 12833  8186 11015 11018
                               8181  8195
    6393   2   1   1   0   1  10433  2294  2284  2293 11822  2229 11821 11538
                               2215  2227
    6394   2   1   1   0   1  10457   437   490   439 12099  9896 11375 12535
                                438  9889
    6395   2   1   1   0   1  10346  8628  8612  8629 11016  8214 12453 11017
                               8195  8213
    6396   2   1   1   0   1  10375 10285  8570  8528 10836 10838 10773 10846
                              10847  8400
    6397   2   1   1   0   1  10471  9498   666  9508 12422  9482 11545 11544
                               9456  9464
    6398   2   1   1   0   1    856  9750    29  8644 12146  9742   855  8148
                              12147  8149
    6399   2   1   1   0   1  10411  9190  9223  9222 12870  8905 12296 11444
                               8906  8858
    6400   2   1   1   0   1    856    29  9757  8121   855  9721 12769  8103
                               8105 12871
 
    ELEM MAT TYP REL ESY SEC        NODES
 
    6401   2   1   1   0   1  10367   822   858   820 11120 12506 12144 11346
                                821 12148
    6402   2   1   1   0   1    837  3076   856   820  3052 12872  8108  3060
                               3051 12149
    6403   2   1   1   0   1  10357  8611  8591  8592 12626  8263 10715 10699
                               8262  8309
    6404   2   1   1   0   1  10329 10331   591 10307 10566 10573 10572 10583
                              10593 10168
    6405   2   1   1   0   1  10476  9203 10296  9202 11717 12737 12362 12822
                               8930 12823
    6406   2   1   1   0   1  10443  9224  9241  9223 11236  8840 11701 12297
                               8857  8830
    6407   2   1   1   0   1  10397  1133  1145  1144 10963  1049 12526 10964
                               1085  1068
    6408   2   1   1   0   1  10373 10374 10331 10335 10787 10793 10777 11041
                              10782 10590
    6409   2   1   1   0   1  10381 10306 10299 10287 11307 10214 10843 10961
                              10215 10236
    6410   2   1   1   0   1  10426  9748  9758   915 12497  9702 11123 12509
                               9737  9717
 
    ELEM MAT TYP REL ESY SEC        NODES
 
    6411   2   1   1   0   1  10381 10301 10306 10287 12094 10212 11307 10961
                              10235 10215
    6412   2   1   1   0   1  10443  9222  9223  9241 11442  8858 12297 11701
                               8744  8830
    6413   2   1   1   0   1  10331 10306  9761   591 12794 11295 11336 10573
                              10182  9641
    6414   2   1   1   0   1   9770 10306 10381 10419 11308 11307 11309 12095
                              12096 12092
    6415   2   1   1   0   1  10339   577  9775  9774 11379  9649 10622 11294
                               9650  9648
    6416   2   1   1   0   1  10460  9202 10495  9232 12873 12821 12436 12434
                               8885 12435
    6417   2   1   1   0   1  10360  8640  8569  8556 12874  8136 12625 10708
                               8162  8402
    6418   2   1   1   0   1   9171 10290   114   112 12801 10272  9088  9089
                              10270   113
    6419   2   1   1   0   1  10391 10028    66 10029 10910  9979 11872 12041
                               9961  9976
    6420   2   1   1   0   1    545   348   516   463 10091 12825  9567 12730
                               9347  9866
 
    ELEM MAT TYP REL ESY SEC        NODES
 
    6421   2   1   1   0   1  10337 10336 10041   490 10594 11698 10601 11376
                              12102  9780
    6422   2   1   1   0   1  10473 10417  9157  9158 12403 12401 12404 12875
                              12876  9046
    6423   2   1   1   0   1  10018     9  9261    82 10007  8764 12877 10008
                                 83  8762
    6424   2   1   1   0   1  10319  9239  9211  9238 11423  8867 11597 11420
                               8843  8870
    6425   2   1   1   0   1    346   514   459   344 12826  9863  9344   345
                              12878  9343
    6426   2   1   1   0   1    545   516   518   463  9567   517  9564 12730
                               9866  9867
    6427   2   1   1   0   1    757   755   774   646   756  8729  8709 10688
                              11274  2485
    6428   2   1   1   0   1    346   516   461   514 12824  9865  9345 12826
                                515  9864
    6429   2   1   1   0   1  10465   581  9763   583 12448  9657 12328 12449
                                582  9673
    6430   2   1   1   0   1  10316   891 10300    18 12702 11986 10060 10061
                                892 10245
 
    ELEM MAT TYP REL ESY SEC        NODES
 
    6431   2   1   1   0   1  10363   826   824  1136 12269   825 10725 12239
                               1116  1117
    6432   2   1   1   0   1  10410 10482  9145 10340 12163 11967 12432 11425
                              12162 12304
    6433   2   1   1   0   1  10018  9173    82  9261 12749  9084 10008 12877
                               8761  8762
    6434   2   1   1   0   1  10030 10439 10456 10484 12489 11485 11486 11892
                              11904 11893
    6435   2   1   1   0   1  10379 10036 10021 10017 12184  9942 12002 12001
                               9943  9945
    6436   2   1   1   0   1  10372 10330 10445 10023 10758 11463 11247 11392
                              11465 11462
    6437   2   1   1   0   1   8643 10017    22   740 12816 10010  8153  8151
                              12479   741
    6438   2   1   1   0   1  10389  9241  9213  9240 10893  8863 10892 11440
                               8841  8866
    6439   2   1   1   0   1  10371  8594  8593  8559 11254  8307 12879 11997
                               8346  8347
    6440   2   1   1   0   1  10371 10021 10330 10022 12710 12477 10759 11258
                               9939 11259
 
    ELEM MAT TYP REL ESY SEC        NODES
 
    6441   2   1   1   0   1  10309 10338 10476 10340 10599 11693 12103 10608
                              10606 11694
    6442   2   1   1   0   1  10449   881 10341 10491 12082 12157 11286 12083
                              12085 12158
    6443   2   1   1   0   1  10319  9239  9245  9240 11423  8806 12166 11703
                               8842  8807
    6444   2   1   1   0   1  10318 10393  9247  9226 11635 10927 10923 12439
                              12438  8827
    6445   2   1   1   0   1  10445  8563  8564  8598 11467  8408 12808 12868
                               8338  8337
    6446   2   1   1   0   1   8643 10017  8557   162 12816 12692  8150  8152
                              10009  8469
    6447   2   1   1   0   1  10460 10495  9202 10476 12436 12821 12873 12189
                              12360 12822
    6448   2   1   1   0   1     74  9176 10026  9177  9079 11604  9985  9076
                               9029 11706
    6449   2   1   1   0   1  10412  9253  9245  9239 12880  8796 11452 11422
                               8809  8806
    6450   2   1   1   0   1  10412  9245  9253  9244 11452  8796 12880 11405
                               8804  8791
 
    ELEM MAT TYP REL ESY SEC        NODES
 
    6451   2   1   1   0   1  10320  9175    78  9174 11590  9080 11587 11937
                               9031  9083
    6452   2   1   1   0   1  10412  9253  9239  9238 12880  8809 11422 11421
                               8808  8843
    6453   2   1   1   0   1  10403  1133  1132   832 10962  1098 11813 11799
                               1122  1125
    6454   2   1   1   0   1   9775 10339   486 10337 10622 10618  9643 10621
                              10602 12073
    6455   2   1   1   0   1  10491  9148  9147   883 12293  9056 12596 12084
                               9135  9136
    6456   2   1   1   0   1    486 10344 10339  9767 10617 10615 10618  9654
                              10625 10626
    6457   2   1   1   0   1    520 10334   467   469 10796 10586  9868  9869
                              10630   468
    6458   2   1   1   0   1    338   506   559   557 12881  9577 10103 10102
                               9576   558
    6459   2   1   1   0   1    338   506   555   453 12881  9531 10101  9337
                               9845 12837
    6460   2   1   1   0   1  10467  9760  9763 10450 12722  9700 12228 11509
                              12723 12230
 
    ELEM MAT TYP REL ESY SEC        NODES
 
    6461   2   1   1   0   1  10393  9226  9246  9225 12438  8828 12441 12882
                               8856  8829
    6462   2   1   1   0   1   9777  8092 10042    31 12883 12884 12800  9552
                               8090  9788
    6463   2   1   1   0   1   9777   530 10042   533  9551  9791 12800  9553
                               9627 12795
    6464   2   1   1   0   1  10389  9240  9213  9212 11440  8866 10892 12885
                               8865  8920
    6465   2   1   1   0   1    530 10042   533   477  9791 12795  9627  9878
                               9809 12797
    6466   2   1   1   0   1  10426  1130  1131  1137 12500  1099 12508 11105
                               1093  1086
    6467   2   1   1   0   1  10460  9232  9218  9242 12434  8851 12437 12504
                               8819  8839
    6468   2   1   1   0   1  10398  1140 10401  1139 12365 11626 11101 10938
                               1091 12852
    6469   2   1   1   0   1  10426  1130   915  1131 12500  1129 12509 12508
                               1099  1126
    6470   2   1   1   0   1  10412  9252  9255  9253 11418  8780 11410 12880
                               8797  8781
 
    ELEM MAT TYP REL ESY SEC        NODES
 
    6471   2   1   1   0   1  10333   260   258 10040 10642   259 12886 10579
                               9792  9901
    6472   2   1   1   0   1  10392  9191 10443 10441 11222 11234 11233 11224
                              11223 11435
    6473   2   1   1   0   1    613 10322   395   280 12649 12647 10513  9598
                              10524  9831
    6474   2   1   1   0   1  10444  9753  9160  9751 12038 12583 12580 12574
                               9713 12581
    6475   2   1   1   0   1  10410  9187  9220  9219 12778  8911 11938 12186
                               8912  8860
    6476   2   1   1   0   1   9160 10444 10392  9161 12580 11241 11219  9043
                              11243 11231
    6477   2   1   1   0   1  10411  9147  9148  9189 11004  9056 12292 11001
                               9013  9012
    6478   2   1   1   0   1  10447 10485   638 10448 12406 12887 12634 11279
                              12416 12419
    6479   2   1   1   0   1    650 10045  2489   759 11043 11042  2464 10674
                              10684 12272
    6480   2   1   1   0   1  10393  9225  9217  9226 12882  8900 11185 12438
                               8856  8899
 
    ELEM MAT TYP REL ESY SEC        NODES
 
    6481   2   1   1   0   1  10410  9254  9219  9243 11412  8742 12186 11404
                               8794  8837
    6482   2   1   1   0   1  10327   646 10415   644 11271 11054 11262 11325
                                645 11326
    6483   2   1   1   0   1  10418 10417 10409 10386 11065 12400 11640 11637
                              11912 11639
    6484   2   1   1   0   1  10473  9517  9516  9500 11914  9407 11916 11907
                               9433  9439
    6485   2   1   1   0   1  10018  9261  9152  9173 12877  8750 12503 12749
                               8761  8733
    6486   2   1   1   0   1  10393  9226  9217  9194 12438  8899 11185 10917
                               8898  8939
    6487   2   1   1   0   1  10417  9230  9231  9236 11062  8852 11762 11061
                               8820  8846
    6488   2   1   1   0   1  10409  9156  9157  9197 12858  9047 12402 12888
                               8996  8995
    6489   2   1   1   0   1    280   613   282   395  9598  9601   281  9831
                              10513  9828
    6490   2   1   1   0   1  10447   747 10473 10409 11793 11794 11561 11564
                              12632 11565
 
    ELEM MAT TYP REL ESY SEC        NODES
 
    6491   2   1   1   0   1  10384  9231  9207  9206 11767  8875 10890 11066
                               8736  8926
    6492   2   1   1   0   1  10405   435  9517  9510 12516  9423 11918 11930
                               9424  9427
    6493   2   1   1   0   1  10473 10417 10408 10409 12403 11913 11797 11565
                              12400 10998
    6494   2   1   1   0   1    891  3050   685   910 12704  3025 11987  8690
                               3026  3047
    6495   2   1   1   0   1  10328   441   496   443 10561  9882 12777 12889
                                442  9848
    6496   2   1   1   0   1  10482 10342 10340 10341 11853 12428 12162 11854
                              10610 12161
    6497   2   1   1   0   1   9750 10488 10365 10461 12138 12150 11344 12135
                              12136 12036
    6498   2   1   1   0   1  10296  9203  9166  9202 12737  8980 12890 12823
                               8930  8983
    6499   2   1   1   0   1  10328   328   441   443 12891  9364 10561 12889
                               9361   442
    6500   2   1   1   0   1  10493  9511  9505  9499 12620  9452 12251 12248
                               9450  9473
 
    ELEM MAT TYP REL ESY SEC        NODES
 
    6501   2   1   1   0   1   9505   688   724  2014 12262 12855 12250 12759
                               1994 12761
    6502   2   1   1   0   1  10476  9203  9202  9233 11717  8930 12822 12191
                               8883  8882
    6503   2   1   1   0   1  10296   122  9166  9167 10255  9099 12890 12818
                               9096  9038
    6504   2   1   1   0   1  10429  9505  9509  9497 12261  9461 11217 11151
                               9472  9460
    6505   2   1   1   0   1   8673  2014  9505   724 12760 12759 12758  8655
                              12761 12250
    6506   2   1   1   0   1  10377  8553  8589  8552 11579  8356 11571 12724
                               8418  8357
    6507   2   1   1   0   1  10331 10307 10299   591 10593 10186 12454 10573
                              10168 10181
    6508   2   1   1   0   1  10375 10381   870   868 10832 10840 10839 11643
                              11645   869
    6509   2   1   1   0   1   2119   702    41 10015  2026   703  2028 12892
                              12391 10013
    6510   2   1   1   0   1   2119   817  2099 10015  2027  2098  2024 12892
                              10014 12393
 
    ELEM MAT TYP REL ESY SEC        NODES
 
    6511   2   1   1   0   1   9214 10390 10389  9179 11446 10895 10891  8957
                              10896 10894
    6512   2   1   1   0   1  10422  2101  2102  2108 11131  2066 12263 11128
                               2060  2052
    6513   2   1   1   0   1  10448   644  2289   642 11327  2255 12291 11280
                                643  2254
    6514   2   1   1   0   1  10472  2293  2285  2280 11552  2231 12893 11551
                               2232  2195
    6515   2   1   1   0   1    877   673   671   896 11500   672 11501  8694
                               3037  3034
    6516   2   1   1   0   1  10467 10479  9749  1301 12221 12344 12234 12231
                              12343 12894
    6517   2   1   1   0   1  10450  9760  9765  9764 12723  9697 11288 12089
                               9699  9696
    6518   2   1   1   0   1    898   675   879   673  3039 12895  8696  3036
                                674 12896
    6519   2   1   1   0   1  10442  9181  9182 10029 12838  9024 12752 12042
                              12897 12898
    6520   2   1   1   0   1  10486  1304  1305  1313 12124  1266 12374 12371
                               1251  1256
 
    ELEM MAT TYP REL ESY SEC        NODES
 
    6521   2   1   1   0   1   3049  9756  8702     7 12671 12668 12669  3032
                               9540  8689
    6522   2   1   1   0   1   9748   820    11  1130 11347   819  9747 12499
                               1113  1050
    6523   2   1   1   0   1  10389  9212  9239  9240 12885  8868 11704 11440
                               8865  8842
    6524   2   1   1   0   1  10467  9756  9749  9760 12232  9723 12234 12722
                               9710  9711
    6525   2   1   1   0   1    671  1301  9749     6  1274 12894 12235   670
                               1225  9744
    6526   2   1   1   0   1  10466 10341 10470 10450 12081 12602 11512 11511
                              11287 12088
    6527   2   1   1   0   1    648   650   776   757   649  2487  2472 10687
                              10676  8730
    6528   2   1   1   0   1  10479  1310 10469 10477 11736 11744 11743 11737
                              11739 11746
    6529   2   1   1   0   1  10464 10303 10465 10302 12369 12320 11491 11490
                              10233 11493
    6530   2   1   1   0   1  10031 10018 10356 10037  9955 10692 10695  9911
                               9940 10989
 
    ELEM MAT TYP REL ESY SEC        NODES
 
    6531   2   1   1   0   1  10407  9153  9194  9217 12862  9002 11187 11186
                               8940  8939
    6532   2   1   1   0   1  10404   753   751  9155 10967   752 11281 11264
                               9121  9120
    6533   2   1   1   0   1    898   879   877   673  8696   878  8693  3036
                              12896 11500
    6534   2   1   1   0   1  10486  1317  9759  1300 12126 11979 12329 12372
                               1229 11980
    6535   2   1   1   0   1  10407  9194  9153  9154 11187  9002 12862 11188
                               9001  9050
    6536   2   1   1   0   1  10296  9167  9166  9203 12818  9038 12890 12737
                               8981  8980
    6537   2   1   1   0   1  10479  1300  1311  1313 12373  1258 11741 11740
                               1257  1243
    6538   2   1   1   0   1   8551 10377 10293 10292 11749 11577 12834 11748
                              10824 10208
    6539   2   1   1   0   1  10466 10467  9756   671 11494 12232 12605 11496
                              11495 12233
    6540   2   1   1   0   1  10464  1302   796   794 12491  1294 12129 12377
                               1295   795
 
    ELEM MAT TYP REL ESY SEC        NODES
 
    6541   2   1   1   0   1  10401   794   796  1138 12378   795 12375 12899
                               1110  1111
    6542   2   1   1   0   1  10464  1303  1302   794 12521  1268 12491 12377
                               1292  1295
    6543   2   1   1   0   1  10401   792  1139  1140 11625  1108 12852 11626
                               1107  1091
    6544   2   1   1   0   1  10401 10304   796 10302 10951 12525 12375 12121
                              10224 12131
    6545   2   1   1   0   1      2    85 10304  1149    84 10059 10223  1061
                               1059 12524
    6546   2   1   1   0   1  10385  9235  9205  9204 11068  8879 11079 11077
                               8878  8928
    6547   2   1   1   0   1  10473  9515  9516 10480 12224  9438 11916 12408
                              12700 12405
    6548   2   1   1   0   1  10395  9195  9154  9155 10918  9000 11263 11265
                               8999  9049
    6549   2   1   1   0   1  10297   120  9167  9168 10251  9097 12819 12756
                               9094  9037
    6550   2   1   1   0   1  10384  9208  9207  9231 11772  8925 10890 11767
                               8874  8875
 
    ELEM MAT TYP REL ESY SEC        NODES
 
    6551   2   1   1   0   1     72  9178 10027    70  9074 11707  9981    71
                               9075  9982
    6552   2   1   1   0   1  10338 10025 10319 10041 11695 11607 11429 10604
                               9781 12075
    6553   2   1   1   0   1  10442 10020  9258  9754 12751 12745 12609 12611
                              12755 12612
    6554   2   1   1   0   1    204   395   613 10322  9315 10513 10122 10531
                              12647 12649
    6555   2   1   1   0   1  10442 10020 10029  9182 12751  9970 12042 12752
                              12753 12898
    6556   2   1   1   0   1  10442  9162  9182  9200 12610  9023 12752 11229
                               8987  8954
    6557   2   1   1   0   1  10447   745   747   638 11791   746 11793 12634
                              12900 12901
    6558   2   1   1   0   1  10444  9150   877  9151 12578  9130 12573 12667
                               9053  9129
    6559   2   1   1   0   1   9500  9260     4    59 11908  8768  9490  9489
                               8767    60
    6560   2   1   1   0   1   9147 10410  9188  9189 11003 11939  9014  9013
                              11002  8945
 
    ELEM MAT TYP REL ESY SEC        NODES
 
    6561   2   1   1   0   1  10417 10409  9157  9197 12400 12402 12401 12642
                              12888  8995
    6562   2   1   1   0   1    692 10429   728 10430 12492 12067 12843 11358
                              11137 12065
    6563   2   1   1   0   1  10418  9236  9235  9229 11064  8847 11069 12641
                               8743  8821
    6564   2   1   1   0   1  10417  9231  9230  9198 11762  8852 11062 12643
                               8889  8890
    6565   2   1   1   0   1  10384  9172 10480 10298 11771 12398 11766 10883
                              12857 11770
    6566   2   1   1   0   1  10473  9199  9183 10480 12902  8990 12226 12408
                              11764 12802
    6567   2   1   1   0   1  10328   326   441   328 10559  9365 10561 12891
                                327  9364
    6568   2   1   1   0   1  10487 10495  9164  9186 12303 12543 12541 12309
                              12308  8986
    6569   2   1   1   0   1  10495   126 10296 10295 12742 10051 12361 12302
                              10257 10205
    6570   2   1   1   0   1   9185  9172  9259  9502  9020  8769  8747 11785
                              12903 12860
 
    ELEM MAT TYP REL ESY SEC        NODES
 
    6571   2   1   1   0   1  10425  9761  9770  9748 11112  9683 11118 11113
                               9530  9682
    6572   2   1   1   0   1    636  9498  2281   638 12748 12425  2248   637
                              12423  2249
    6573   2   1   1   0   1   9172  9259  9502 10298  8769 12860 12903 12857
                              12904 11775
    6574   2   1   1   0   1   9172   110  9259 10298  9087  8771  8769 12857
                              10249 12904
    6575   2   1   1   0   1  10384  9171 10298 10290 10889 12856 10883 10878
                              12801 10202
    6576   2   1   1   0   1  10389  9213  9179  9178 10892  8960 10894 11709
                               8959  9027
    6577   2   1   1   0   1  10468 10450  9763 10305 11507 12230 12229 12315
                              11864 12447
    6578   2   1   1   0   1   9751   169  9160   171  9738  9110 12581  9740
                                170  9111
    6579   2   1   1   0   1   2015   740 10044   702 12905 12906 12907  1990
                              12908 12909
    6580   2   1   1   0   1   9172   110 10298   112  9087 10249 12857  9086
                                111 10248
 
    ELEM MAT TYP REL ESY SEC        NODES
 
    6581   2   1   1   0   1  10298     3   110  9259 10056   109 10249 12904
                               8772  8771
    6582   2   1   1   0   1   9502     3 10298  9259  9284 10056 11775 12860
                               8772 12904
    6583   2   1   1   0   1  10345  9767  9766  9768 10623  9690 12044 12569
                               9685  9688
    6584   2   1   1   0   1  10392  9192  9150  9151 11220  9007 11225 11221
                               9006  9053
    6585   2   1   1   0   1    891   685   889   908 11987 12805   890  8681
                               3048  8701
    6586   2   1   1   0   1  10339  9774  9775  9767 11294  9648 10622 10626
                               9539  9644
    6587   2   1   1   0   1  10483  9144   889  9145 11977  9142 11965 11968
                               9059  9141
    6588   2   1   1   0   1    611 10323   202   204 10521 10529 10120 10121
                              10532   203
    6589   2   1   1   0   1  10479  9759  9749   801 12223  9708 12344 12732
                               9714  9736
    6590   2   1   1   0   1  10286    18   891  9262 10281   892 11973 11971
                               8760  8759
 
    ELEM MAT TYP REL ESY SEC        NODES
 
    6591   2   1   1   0   1  10487  9186  9145  9216 12309  8738 12313 12310
                               8949  8948
    6592   2   1   1   0   1   2015   740  8674 10044 12905  8652 12910 12907
                              12906 12911
    6593   2   1   1   0   1  10301  1143    87  1142 10936  1101 10241 12912
                               1088  1102
    6594   2   1   1   0   1  10426  1146  1136  1147 12240  1081 12236 12495
                               1066  1078
    6595   2   1   1   0   1    740   702 10030 10044 12908 12389 12480 12906
                              12909  9801
    6596   2   1   1   0   1    740   719   702   721  8671  2012 12908  8659
                                720  2013
    6597   2   1   1   0   1  10456   738   736   698 11894   737 11899 12472
                              12474 12628
    6598   2   1   1   0   1  10489  8583  8543  8542 12046  8372 12070 12051
                               8371  8427
    6599   2   1   1   0   1  10429  9505  9511  9509 12261  9452 11615 11217
                               9461  9451
    6600   2   1   1   0   1    724   705   688   707  8660  1999 12855  8648
                                706  2000
 
    ELEM MAT TYP REL ESY SEC        NODES
 
    6601   2   1   1   0   1    585 10465  9771   583 12116 12114  9663   584
                              12449  9666
    6602   2   1   1   0   1  10299   872   870   834 10848   871 10842 12809
                              12729 11803
    6603   2   1   1   0   1  10493 10474 10429  9511 12260 11614 12256 12620
                              11616 11615
    6604   2   1   1   0   1    724  9499    20  8642 12249  9491   723  8156
                              12783  8157
    6605   2   1   1   0   1  10461  8599  8565  8584 12551  8335 12864 12555
                               8301  8334
    6606   2   1   1   0   1   8641   142  8566 10019  8159  8450  8137 12674
                              10003 12676
    6607   2   1   1   0   1  10403   832  1132   834 11799  1125 11813 11800
                                833  1124
    6608   2   1   1   0   1  10477  1309   677   679 12350  1280 11733 11732
                               1281   678
    6609   2   1   1   0   1    239 10292  8551   237 10265 11748  8481   238
                              10264  8480
    6610   2   1   1   0   1  10362 10368   860   862 10740 10739 10738 10744
                              10745   861
 
    ELEM MAT TYP REL ESY SEC        NODES
 
    6611   2   1   1   0   1  10458  8575  8533  8574 12804  8389 12465 12468
                               8325  8392
    6612   2   1   1   0   1    730 10494   728  8541 12762 12788   729  8500
                              12867  8501
    6613   2   1   1   0   1   2015   721    24  8674  1992   722  1993 12910
                               8651  8653
    6614   2   1   1   0   1  10475  9514  9512  9511 12619  9279 11620 12622
                               9443  9449
    6615   2   1   1   0   1  10494  8582  8542  8541 12383  8374 12459 12867
                               8373  8428
    6616   2   1   1   0   1  10325   266   264   413 10649   265 10551 10648
                               9880  9884
    6617   2   1   1   0   1  10445  8598  8605  8621 12868  8123 11459 11394
                               8251  8232
    6618   2   1   1   0   1  10403  1132  1144  1142 11813  1084 10965 11805
                               1089  1070
    6619   2   1   1   0   1   8565  8566   144 10019  8406  8451  8452 12835
                              12676 10004
    6620   2   1   1   0   1  10461 10458  8605  8576 11458 11460 12913 12562
                              12154  8289
 
    ELEM MAT TYP REL ESY SEC        NODES
 
    6621   2   1   1   0   1  10291 10413  8549 10292 11925 12914 12915 10209
                              11760 12865
    6622   2   1   1   0   1  10426  1136  1137  1147 12236  1094 11105 12495
                               1078  1079
    6623   2   1   1   0   1  10400   826  1136  1135 12268  1116 12237 12916
                               1119  1095
    6624   2   1   1   0   1  10397 10400  1135  1134 10944 12916 12851 10956
                              12267  1096
    6625   2   1   1   0   1    206   204   395   613   205  9315  9314 10123
                              10122 10513
    6626   2   1   1   0   1  10346  8613  8587  8614 12464  8270 11020 10634
                               8241  8269
    6627   2   1   1   0   1  10335 10413  8600  8570 11024 11026 11023 10828
                              12764  8298
    6628   2   1   1   0   1   8613 10346 10413  8612 12464 11032 11755  8242
                              12453 11754
    6629   2   1   1   0   1   1132  1142 10403  1150  1089 11805 11813  1054
                               1052 11806
    6630   2   1   1   0   1  10299    10   834 10287 10247   835 12809 10236
                              10279 11812
 
    ELEM MAT TYP REL ESY SEC        NODES
 
    6631   2   1   1   0   1   1138 10397 10301 10304 10932 10934 10933 12523
                              10950 10220
    6632   2   1   1   0   1  10397  1139 10401  1138 10939 12852 10947 10932
                               1092 12899
    6633   2   1   1   0   1   9757  8121  3076   856 12871 12917 12918 12769
                               8103 12872
    6634   2   1   1   0   1  10397 10381 10399 10400 10955 12270 10942 10944
                              11305 10945
    6635   2   1   1   0   1    790 10398  9772  1141 12442 12496 11100  1105
                              12243 12110
    6636   2   1   1   0   1    118 10297  9168   120 10252 12756  9095   119
                              10251  9094
    6637   2   1   1   0   1  10398  1147  1140  1146 12241  1073 12365 10941
                               1066  1074
    6638   2   1   1   0   1  10315  8122   872  3075 12656  8100 12657 12726
                              12658 12727
    6639   2   1   1   0   1     89  1142 10287    87  1103 11807 10280    88
                               1102 10276
    6640   2   1   1   0   1  10315  8122    27    26 12656  8101 10067 10066
                               8102  8094
 
    ELEM MAT TYP REL ESY SEC        NODES
 
    6641   2   1   1   0   1  10304    85 10301  1149 10059 10242 10220 12524
                               1059 12919
    6642   2   1   1   0   1  10402   587   585  9772 11085   586 11102 11098
                               9662  9664
    6643   2   1   1   0   1  10401 10304 10302   585 10951 10224 12121 11631
                              10221 10222
    6644   2   1   1   0   1  10304  1149 10301  1138 12524 12919 10220 12523
                               1058 10933
    6645   2   1   1   0   1  10397 10287  1142 10301 10960 11807 11804 10934
                              10235 12912
    6646   2   1   1   0   1  10401  1139   794  1138 12852  1109 12378 12899
                               1092  1110
    6647   2   1   1   0   1   1307 10481 10478  1308 12353 11844 11850  1264
                              11849 11848
    6648   2   1   1   0   1  10492  1308  1314  1309 12352  1248 12118 12351
                               1263  1247
    6649   2   1   1   0   1  10325   415   188   413 10550  9371 12713 10648
                                414  9368
    6650   2   1   1   0   1  10477  1309   679  1308 12350  1281 11732 11847
                               1263  1282
 
    ELEM MAT TYP REL ESY SEC        NODES
 
    6651   2   1   1   0   1    512   551   342   344  9570 10097 12791 12750
                              10096   343
    6652   2   1   1   0   1   9163  9164 10487   128  9041 12541 12306  9105
                               9102 12542
    6653   2   1   1   0   1    344   512   457   342 12750  9861  9342   343
                              12791  9341
    6654   2   1   1   0   1  10296  9165  9202  9166 12743  8982 12823 12890
                               9039  8983
    6655   2   1   1   0   1  10424   788  9771  1317 11628 12305 12113 12127
                               1236 12128
    6656   2   1   1   0   1    875    23  9756  9751   874  9724 12607 12577
                               9741  9722
    6657   2   1   1   0   1  10325   266   597   264 10649  9620 10542 10551
                                265  9625
    6658   2   1   1   0   1  10323   202   399   401 10529  9318 12698 10530
                               9319   400
    6659   2   1   1   0   1    278 10322   280   397 10519 10524   279  9832
                              12648  9830
    6660   2   1   1   0   1  10464 10477 10486 10465 11942 11945 11944 11491
                              12330 12111
 
    ELEM MAT TYP REL ESY SEC        NODES
 
    6661   2   1   1   0   1  10492  1309  1314  1315 12351  1247 12118 12120
                               1246  1240
    6662   2   1   1   0   1    607   276   200   609  9595 10528 10117   608
                               9594 10118
    6663   2   1   1   0   1    397 10323   278 10322 12699 10518  9832 12648
                              10517 10519
    6664   2   1   1   0   1  10495   128   126 10295 12544   127 12742 12302
                              10256 10257
    6665   2   1   1   0   1    677   902   900   883  3040   901  3041 11842
                               8698  8677
    6666   2   1   1   0   1  10424 10465  9771   585 11492 12114 12113 11629
                              12116  9663
    6667   2   1   1   0   1  10322   613   611   280 12649   612 10520 10524
                               9598  9599
    6668   2   1   1   0   1  10412 10319  9252  9238 11416 11419 11418 11421
                              11420  8811
    6669   2   1   1   0   1  10389 10027 10319 10026 10898 12045 11601 11603
                               9934 11599
    6670   2   1   1   0   1  10300 10288   685     1 10243 12450 11984 10244
                              10278   686
 
    ELEM MAT TYP REL ESY SEC        NODES
 
    6671   2   1   1   0   1  10320  9210  9211  9176 12920  8922 11600 11589
                               8966  8963
    6672   2   1   1   0   1  10464 10424 10401 10302 11488 11630 12376 11490
                              11489 12121
    6673   2   1   1   0   1    679   885   902   883 12921  8678  3042 12359
                                884  8698
    6674   2   1   1   0   1  10400 10364 10363   826 11299 11297 11300 12268
                              10730 12269
    6675   2   1   1   0   1  10393  9226  9194  9227 12438  8898 10917 10912
                               8855  8897
    6676   2   1   1   0   1  10391 10442  9181  9200 11240 12838 11871 11866
                              11229  8953
    6677   2   1   1   0   1  10340 10319 10412 10344 11427 11416 11424 12294
                              12604 11008
    6678   2   1   1   0   1  10495  9201  9232  9202 12774  8884 12435 12821
                               8931  8885
    6679   2   1   1   0   1  10481 10288  1307   683 11780 11809 12353 11779
                              11777  1285
    6680   2   1   1   0   1  10464  1303  1304  1315 12521  1267 12123 11943
                               1252  1253
 
    ELEM MAT TYP REL ESY SEC        NODES
 
    6681   2   1   1   0   1     80    82 10018  9173    81 10008  9988  9085
                               9084 12749
    6682   2   1   1   0   1  10410 10340  9216  9219 11425 12429 12433 12186
                              12188  8913
    6683   2   1   1   0   1   9241 10443  9222  9240 11701 11442  8744  8841
                              11441  8831
    6684   2   1   1   0   1  10478   889   683   681 11990 11991 11860 11851
                              12922   682
    6685   2   1   1   0   1  10320    76  9176 10026 11586  9078 11589 11588
                               9984 11604
    6686   2   1   1   0   1  10392 10391  9200 10442 10905 11866 11230 11228
                              11240 11229
    6687   2   1   1   0   1  10410  9187  9188  9220 12778  8946 11939 11938
                               8911  8910
    6688   2   1   1   0   1  10470   879 10441 10341 11513 12586 12585 12602
                              12598 12160
    6689   2   1   1   0   1  10487  9186  9163  9144 12309  9019 12306 11978
                               9018  8734
    6690   2   1   1   0   1  10492  1307  1316  1314 12354  1249 12445 12118
                               1224  1238
 
    ELEM MAT TYP REL ESY SEC        NODES
 
    6691   2   1   1   0   1    889   683   908   685 11991  3033  8701 12805
                                684  3048
    6692   2   1   1   0   1   8732     9   759 10045  8713   760  8711 12274
                               9798 10684
    6693   2   1   1   0   1  10045    37  2489    15  9799  2466 11042  9800
                               2299  2467
    6694   2   1   1   0   1   8732    15  2489   778  8714  2467 12273  8712
                                779  2465
    6695   2   1   1   0   1  10371  8595  8594  8560 11251  8306 11254 11995
                               8344  8345
    6696   2   1   1   0   1    757   650   776   759 10676  2487  8730   758
                              10674  8710
    6697   2   1   1   0   1  10386 10384 10290 10385 10873 10878 10881 10875
                              10872 11073
    6698   2   1   1   0   1  10338 10025 10041 10037 11695  9781 10604 11697
                               9941  9898
    6699   2   1   1   0   1     76    74  9176 10026    75  9079  9078  9984
                               9985 11604
    6700   2   1   1   0   1  10391 10027  9179    68 12295 10899 11870 11869
                               9980  9073
 
    ELEM MAT TYP REL ESY SEC        NODES
 
    6701   2   1   1   0   1  10027    70  9179    68  9982  9072 10899  9980
                                 69  9073
    6702   2   1   1   0   1  10329 10330 10332 10040 10564 10568 10567 10576
                              11881 10577
    6703   2   1   1   0   1  10326 10333   595 10311 10643 10651 10546 10645
                              10588 10155
    6704   2   1   1   0   1  10382   419  9525 10348 12009  9382 10869 10855
                              12010 10868
    6705   2   1   1   0   1  10329   591   593 10307 10572   592 10575 10583
                              10168 10161
    6706   2   1   1   0   1  10445 10452 10024 10023 11384 11879 12470 11462
                              11461  9937
    6707   2   1   1   0   1  10332 10353 10383 10379 10805 12013 10850 10803
                              10806 12012
    6708   2   1   1   0   1  10333   260   595   593 10642  9635 10651 10589
                               9537   594
    6709   2   1   1   0   1    449   336   559   561  9334 10104 12923 12848
                              10105   560
    6710   2   1   1   0   1  10363   824   822  1137 10725   823 10722 11108
                               1114  1115
 
    ELEM MAT TYP REL ESY SEC        NODES
 
    6711   2   1   1   0   1    254 10024 10019  9769  9793  9936  9953  9658
                              11880 12792
    6712   2   1   1   0   1    541   354 10334   539 10079 10587 10771   540
                              10080 10698
    6713   2   1   1   0   1    379   298   377   631  9814  9815   378 12924
                               9617 12925
    6714   2   1   1   0   1    631   381   220   379 12663  9300 10139 12924
                                380  9299
    6715   2   1   1   0   1   2106 10422 10423 10420 12266 11094 11667 12202
                              11091 11092
    6716   2   1   1   0   1  10042  8093   365  8092 12926  8084  9810 12884
                               8083  8088
    6717   2   1   1   0   1   9777 10042 10312   533 12800 12796 12779  9553
                              12795 10076
    6718   2   1   1   0   1   9777  8092    31    33 12883  8090  9552  9554
                               8091  8081
    6719   2   1   1   0   1  10434  2289   644  2288 12289  2255 11745 11989
                               2239  2256
    6720   2   1   1   0   1  10434  2295  2292  2288 11168  2217 11165 11989
                               2197  2223
 
    ELEM MAT TYP REL ESY SEC        NODES
 
    6721   2   1   1   0   1  10397  1134  1145  1133 10956  1082 12526 10963
                               1097  1049
    6722   2   1   1   0   1  10486  9759  1317  9771 12329 11979 12126 12115
                               9669 12128
    6723   2   1   1   0   1  10434  2292  2294  2288 11165  2216 12212 11989
                               2223  2222
    6724   2   1   1   0   1     44  9771  9772   788  9670  9667  9668   787
                              12305 11627
    6725   2   1   1   0   1  10324   292   290   385 10537   291 10540 10538
                               9812  9821
    6726   2   1   1   0   1  10407  9154  9153   755 11188  9050 12862 12635
                               9123  9124
    6727   2   1   1   0   1    539   356   354 10334 10086   355 10080 10698
                              12827 10587
    6728   2   1   1   0   1  10463  2103  2113  2099 12927  2056 11530 12394
                               2068  2055
    6729   2   1   1   0   1  10329  9776 10333   593 10574 11940 10578 10575
                               9634 10589
    6730   2   1   1   0   1  10327 10415 10405 10448 11262 11261 10976 11278
                              11312 12385
 
    ELEM MAT TYP REL ESY SEC        NODES
 
    6731   2   1   1   0   1  10415 10432 10033 10035 11317 11316 11048 11051
                              12427  9946
    6732   2   1   1   0   1    358   537   535   526 10084   536 10083 12697
                               9557  9558
    6733   2   1   1   0   1    358   535   360   526 10083 10082   359 12697
                               9558 12928
    6734   2   1   1   0   1    856  3076  9757   820 12872 12918 12769 12149
                               3051 12768
    6735   2   1   1   0   1  10431 10434 10432 10033 11166 11318 11158 11172
                              11174 11316
    6736   2   1   1   0   1    858   820   839   856 12148  3061  8109   857
                              12149  8096
    6737   2   1   1   0   1  10471  9508 10451  9498 11544 12211 11546 12422
                               9456 12518
    6738   2   1   1   0   1  10485   743   636  9506 11922 12746 12929 12514
                              12655 12747
    6739   2   1   1   0   1     12  8121  3076  9757  8106 12917  3054  9541
                              12871 12918
    6740   2   1   1   0   1    856    29  9750  9757   855  9742 12146 12769
                               9721  9719
 
    ELEM MAT TYP REL ESY SEC        NODES
 
    6741   2   1   1   0   1  10488 10367   860   858 12141 11296 12033 12145
                              12144   859
    6742   2   1   1   0   1  10488  8534  8535   858 12151  8436 12140 12145
                               8515  8512
    6743   2   1   1   0   1  10367  9757  9761  9748 12767  9709 11111 11114
                               9718  9530
    6744   2   1   1   0   1  10367  9773  9757  9750 11342  9534 12767 11343
                               9659  9719
    6745   2   1   1   0   1   9757   820  3076    11 12768  3051 12918  9720
                                819  3053
    6746   2   1   1   0   1    336   451   559   338  9335 12930 10104   337
                               9336 10103
    6747   2   1   1   0   1  10306 10331 10381 10299 12794 10831 11307 10214
                              12454 10843
    6748   2   1   1   0   1  10458  8533  8575  8534 12465  8389 12804 12152
                               8437  8390
    6749   2   1   1   0   1    642   751   768   749 10554  8706  2480 10556
                                750  8726
    6750   2   1   1   0   1    640   638   747   766   639 12901 12866  2478
                               2475  8725
 
    ELEM MAT TYP REL ESY SEC        NODES
 
    6751   2   1   1   0   1  10448   640  2290  2291 11795  2252 12387 12388
                               2251  2237
    6752   2   1   1   0   1  10488   858  8535   856 12145  8512 12140 12142
                                857  8513
    6753   2   1   1   0   1  10381  1134   830   828 10958  1120 12167 12168
                               1121   829
    6754   2   1   1   0   1  10472   653  2285   655 11652  2263 12893 11818
                                654  2262
    6755   2   1   1   0   1  10366 10363 10399 10400 11125 11348 11301 11298
                              11300 10945
    6756   2   1   1   0   1   2101   783   785  9497  2094   784  2093 12931
                               9483  9495
    6757   2   1   1   0   1  10480   316  9516 10310 11776  9421 12405 11789
                              10178 12407
    6758   2   1   1   0   1  10325   188   190   413 12713   189 10650 10648
                               9368  9367
    6759   2   1   1   0   1  10420 10463  2113  2099 11531 11530 11529 12176
                              12394  2055
    6760   2   1   1   0   1    551   510   342   553  9573 12772 10097   552
                               9572 10098
 
    ELEM MAT TYP REL ESY SEC        NODES
 
    6761   2   1   1   0   1    471   354 10334   469  9354 10587 10628   470
                               9353 10630
    6762   2   1   1   0   1    194   270   601   192 12677  9589 10111   193
                              12719 10110
    6763   2   1   1   0   1    270   601   603   194  9589   602  9588 12677
                              10111 10112
    6764   2   1   1   0   1  10387 10459  2110   657 11662 11400 10884 11659
                              11663  2073
    6765   2   1   1   0   1  10485  9498   636   638 12515 12748 12929 12887
                              12423   637
    6766   2   1   1   0   1   8121   837    12  3076  8104   836  8106 12917
                               3052  3054
    6767   2   1   1   0   1   9515  9183    57  9184 12225  9064  9442 12476
                               9022  9063
    6768   2   1   1   0   1  10427 10429   688   690 11134 11148 11146 11147
                              12932   689
    6769   2   1   1   0   1  10431  2292  2283  2294 11164  2230 11341 11340
                               2216  2228
    6770   2   1   1   0   1  10404 10405 10356 10408 10975 10979 10978 10995
                              11557 10990
 
    ELEM MAT TYP REL ESY SEC        NODES
 
    6771   2   1   1   0   1   8121    29  9757    12  8105  9721 12871  8106
                               8095  9541
    6772   2   1   1   0   1   2119    41   817 10015  2028   818  2027 12892
                              10013 10014
    6773   2   1   1   0   1  10440  9512  9509  9511 11218  9448 11214 11617
                               9449  9451
    6774   2   1   1   0   1    152  8562   150 10023  8459  8458   151  9994
                              12829  9993
    6775   2   1   1   0   1    702    41 10015 10030   703 10013 12391 12389
                               9975  9969
    6776   2   1   1   0   1    781  2117    38  9519  2035  2036   780  9287
                              10974  9415
    6777   2   1   1   0   1  10387  2112  2117   653 11824  2022 10971 10970
                               2069  2034
    6778   2   1   1   0   1    783  2102   781  9507  2091  2092   782  9467
                              12554  9466
    6779   2   1   1   0   1    690   692 10429   728   691 12492 12932 12853
                              12843 12067
    6780   2   1   1   0   1  10472  2297  9520   668 12534 12533 11654 12532
                               2208  9286
 
    ELEM MAT TYP REL ESY SEC        NODES
 
    6781   2   1   1   0   1    451   559   449   336 12930 12923   450  9335
                              10104  9334
    6782   2   1   1   0   1   9520  9519    38   653  9413  9415  9412 11655
                              10973   652
    6783   2   1   1   0   1  10472  2297  2280  2285 12534  2200 11551 12893
                               2207  2195
    6784   2   1   1   0   1  10420 10438 10454 10463 11906 11367 12178 11531
                              11482 12346
    6785   2   1   1   0   1  10463  2104  2103   700 12933  2065 12927 12623
                               2087  2090
    6786   2   1   1   0   1  10463  2119 10015   702 12934 12892 11484 12390
                               2026 12391
    6787   2   1   1   0   1  10431   661 10416  2282 12935 11888 11155 11473
                               2268 11474
    6788   2   1   1   0   1  10471  2281  2280   666 12424  2245 11542 11545
                               2270  2273
    6789   2   1   1   0   1    668  9508  2280   666  9465 11543  2272   667
                               9464  2273
    6790   2   1   1   0   1  10387  2110 10459 10388 10884 11400 11662 10886
                              10885 11399
 
    ELEM MAT TYP REL ESY SEC        NODES
 
    6791   2   1   1   0   1  10423 10430 10454 10428 11674 11355 11366 11143
                              11136 11365
    6792   2   1   1   0   1  10431   661  2298 10039 12935  2204 11154 11157
                              12008 12349
    6793   2   1   1   0   1  10038 10459 10387 10039 11521 11662 11658  9929
                              11816 11656
    6794   2   1   1   0   1  10448  2289  2290   642 12291  2238 12387 11280
                               2254  2253
    6795   2   1   1   0   1  10414 10033  2279 10016 11173 12936 12531 11556
                               9954 12252
    6796   2   1   1   0   1    644   770   642   751  2481  2479   643 12512
                               8727 10554
    6797   2   1   1   0   1  10428 10034  9513   425 11201 11204 11144 11210
                               9910  9404
    6798   2   1   1   0   1   2015   702 10044    41  1990 12909 12907  1991
                                703  9802
    6799   2   1   1   0   1  10445  8598  8621  8597 12868  8251 11394 11468
                               8303  8252
    6800   2   1   1   0   1  10473 10485   743   745 11920 11922 11910 11792
                              12937   744
 
    ELEM MAT TYP REL ESY SEC        NODES
 
    6801   2   1   1   0   1    644   774   772   755  2482   773  2483 12938
                               8729  8708
    6802   2   1   1   0   1   1306 10288  1307  1316 11810 11809  1265  1250
                              12520  1249
    6803   2   1   1   0   1  10479  1301   801  9749 12343  1296 12732 12344
                              12894  9736
    6804   2   1   1   0   1    898   900   879   675   899  8695  8696  3039
                               3038 12895
    6805   2   1   1   0   1  10434  2289 10448   644 12289 12291 11315 11745
                               2255 11327
    6806   2   1   1   0   1  10420  2099  2113  2100 12176  2055 11529 11751
                               2067  2054
    6807   2   1   1   0   1  10398  1147 10426  1131 12241 12495 12484 12242
                               1071 12508
    6808   2   1   1   0   1  10382   419   421  9525 12009   420 12201 10869
                               9382  9280
    6809   2   1   1   0   1  10456   698 10454 10463 12472 12397 11369 11487
                              12396 12346
    6810   2   1   1   0   1   9170   116   114 10290  9090   115  9091 10880
                              10271 10272
 
    ELEM MAT TYP REL ESY SEC        NODES
 
    6811   2   1   1   0   1  10454   694   692  2107 11356   693 11359 11670
                               2081  2082
    6812   2   1   1   0   1  10400   826  1135   828 12268  1119 12916 12172
                                827  1118
    6813   2   1   1   0   1  10397 10301 10381 10287 10934 12094 10955 10960
                              10235 10961
    6814   2   1   1   0   1  10400  1146 10397  1135 10966 10940 10944 12916
                               1080 12851
    6815   2   1   1   0   1    832   870   851   834 11802  8120  3059   833
                              11803  3073
    6816   2   1   1   0   1  10397  1145  1138  1144 12526  1077 10932 10964
                               1068  1048
    6817   2   1   1   0   1  10384 10417  9231  9236 11768 11762 11767 10870
                              11061  8846
    6818   2   1   1   0   1   9145 10482   887   889 11967 11835  9140  9141
                              11966   888
    6819   2   1   1   0   1    707   690   726   709  2001 12854  8661   708
                               2002  8649
    6820   2   1   1   0   1   8673   705    42  2014  8656   704  8658 12760
                               1995  1997
 
    ELEM MAT TYP REL ESY SEC        NODES
 
    6821   2   1   1   0   1  10466   673   879   675 11497 12896 11514 11502
                                674 12895
    6822   2   1   1   0   1  10489   724  8543  8642 12246  8497 12070 12071
                               8156  8138
    6823   2   1   1   0   1  10466 10470  9756  9764 11512 12606 12605 12087
                              12086  9698
    6824   2   1   1   0   1  10411  9148  9149  9190 12292  9055 12164 12870
                               9011  9010
    6825   2   1   1   0   1   9505   688  2014    40 12262  1994 12759  9474
                                687  1996
    6826   2   1   1   0   1    707   690   688   726  2001   689  2000  8661
                              12854 12259
    6827   2   1   1   0   1  10480  9208  9185  9172 12399  8950 11784 12398
                               8971  9020
    6828   2   1   1   0   1  10388  2112  2102  2117 11823  2016 12265 11665
                               2022  2033
    6829   2   1   1   0   1  10411  9190  9189  9148 12870  8944 11001 12292
                               9011  9012
    6830   2   1   1   0   1  10397  1139 10398 10401 10939 10938 10937 10947
                              12852 11101
 
    ELEM MAT TYP REL ESY SEC        NODES
 
    6831   2   1   1   0   1  10320  9175  9209  9210 11590  8968 11595 12920
                               8965  8923
    6832   2   1   1   0   1   8121   837  3076   856  8104  3052 12917  8103
                               8108 12872
    6833   2   1   1   0   1  10435  9209  9174  9193 11596  8967 11933 11179
                               8924  8969
    6834   2   1   1   0   1    849   828   847   868  3070  3069   848  8118
                              12170  8115
    6835   2   1   1   0   1  10403  1132  1133  1144 11813  1098 10962 10965
                               1084  1085
    6836   2   1   1   0   1  10338 10406 10435 10025 11689 11690 11688 11695
                              11696 11605
    6837   2   1   1   0   1  10397  1138  1143  1144 10932  1087 10935 10964
                               1048  1069
    6838   2   1   1   0   1  10025    80  9173  9174  9986  9085 11936 11934
                               9082  9032
    6839   2   1   1   0   1  10315  8122  3075    27 12656 12658 12726 10067
                               8101  3058
    6840   2   1   1   0   1    864   845   828   866  8114  3068 12939   865
                               8113 12806
 
    ELEM MAT TYP REL ESY SEC        NODES
 
    6841   2   1   1   0   1    764   745   743   636  8723   744  8720  2473
                              12940 12746
    6842   2   1   1   0   1  10418  9229  9197  9230 12641  8892 12859 11063
                               8853  8891
    6843   2   1   1   0   1  10382 10308 10311   182 10863 10166 10858 10857
                              10170 10163
    6844   2   1   1   0   1  10417  9157  9198  9197 12401  8994 12643 12642
                               8995  8935
    6845   2   1   1   0   1  10417  9231  9198  9199 11762  8889 12643 11765
                               8888  8934
    6846   2   1   1   0   1  10489  9499  8642  8567 12247 12783 12071 12047
                              12941  8154
    6847   2   1   1   0   1  10328   326   328   569 10559   327 12891 12775
                              10153 10150
    6848   2   1   1   0   1  10382  9521   180  9525 12630  9400 10866 10869
                               9390  9388
    6849   2   1   1   0   1   8640  8569   133  9501  8136  8445  8164 12942
                              12513  9487
    6850   2   1   1   0   1  10368 10452  9773 10461 11330 11334 11333 12035
                              11457 12028
 
    ELEM MAT TYP REL ESY SEC        NODES
 
    6851   2   1   1   0   1  10438 10015 10032 10034 11483  9959 12177 11202
                               9952  9786
    6852   2   1   1   0   1  10411  9189  9190  9222 11001  8944 12870 11444
                               8907  8906
    6853   2   1   1   0   1  10466 10470 10341   879 11512 12602 12081 11514
                              11513 12598
    6854   2   1   1   0   1  10442  9755  9766 10345 12614  9692 12039 11239
                              12615 12044
    6855   2   1   1   0   1  10391  9179  9214  9180 11870  8957 11448 11868
                               9026  8958
    6856   2   1   1   0   1  10391  9214  9224  9215 11448  8735 11449 12608
                               8918  8862
    6857   2   1   1   0   1  10463  2103  2104  2113 12927  2065 12933 11530
                               2056  2051
    6858   2   1   1   0   1   9241 10390 10389  9214 11438 10895 10893  8864
                              11446 10891
    6859   2   1   1   0   1  10460  9232  9233  9202 12434  8850 12190 12873
                               8885  8882
    6860   2   1   1   0   1  10393  9227  9247  9226 10912  8826 10927 12438
                               8855  8827
 
    ELEM MAT TYP REL ESY SEC        NODES
 
    6861   2   1   1   0   1  10428  9509  9512  9513 11215  9448 11212 11144
                               9447  9426
    6862   2   1   1   0   1  10318  9257  9254  9256 10926  8777 11408 12631
                               8739  8779
    6863   2   1   1   0   1  10369  8578 10351 10379 12494 12493 11034 11035
                              12820 10804
    6864   2   1   1   0   1  10460  9234  9233  9251 11715  8849 12190 11713
                               8816  8815
    6865   2   1   1   0   1  10476  9233  9234  9203 12191  8849 11719 11717
                               8883  8880
    6866   2   1   1   0   1  10411 10410 10491  9147 11000 12594 12156 11004
                              11003 12596
    6867   2   1   1   0   1   8559 10021   158  8558 12711  9998  8465  8413
                              12485  8466
    6868   2   1   1   0   1  10408 10336  9524   435 11726 12539 12637 12517
                              12538  9384
    6869   2   1   1   0   1  10407 10406 10435 10393 10982 11690 11175 11184
                              11190 11687
    6870   2   1   1   0   1   8539  8579 10380  8580  8380 12333 12740  8377
                               8321 10816
 
    ELEM MAT TYP REL ESY SEC        NODES
 
    6871   2   1   1   0   1    224  9527    25 10313  9290  9292   225 10072
                              12688 10074
    6872   2   1   1   0   1  10412  9221  9245  9244 11450  8833 11452 11405
                               8834  8804
    6873   2   1   1   0   1  10410  9244  9188  9221 11406  8746 11939 11014
                               8834  8909
    6874   2   1   1   0   1   9275    25    34  9527  9272  9264  9274 12687
                               9292  9293
    6875   2   1   1   0   1  10466   673   877   879 11497 11500 11499 11514
                              12896   878
    6876   2   1   1   0   1  10339 10345 10344 10341 10627 10624 10615 10609
                              12600 11010
    6877   2   1   1   0   1  10287 10301    87  1142 10235 10241 10276 11807
                              12912  1102
    6878   2   1   1   0   1    755   646   644   774 11274   645 12938  8729
                               2485  2482
    6879   2   1   1   0   1    757   776   646   774  8730  2484 10688  8709
                                775  2485
    6880   2   1   1   0   1    648 10355 10354   757 10689 10677 12861 10687
                              10690 10673
 
    ELEM MAT TYP REL ESY SEC        NODES
 
    6881   2   1   1   0   1    740 10030    22 10044 12480  9974   741 12906
                               9801  9803
    6882   2   1   1   0   1    700   740   702 10030 12708 12908   701 12624
                              12480 12389
    6883   2   1   1   0   1    629   294   381   296  9614  9819 12662  9615
                                295  9816
    6884   2   1   1   0   1   8567   137  9499   139  8449  9488 12941  8448
                                138  9492
    6885   2   1   1   0   1  10489 10493  9499 10474 12244 12248 12247 12059
                              12260 12621
    6886   2   1   1   0   1  10350  8616  8610  8609 10660  8216 12280 10658
                               8130  8245
    6887   2   1   1   0   1  10377  8588  8551  8552 11573  8359 11749 12724
                               8358  8419
    6888   2   1   1   0   1  10293  8551   237  8552 12834  8480 10263 12943
                               8419  8479
    6889   2   1   1   0   1  10371  8593  8558  8559 12879  8348 12709 11997
                               8347  8413
    6890   2   1   1   0   1  10371  8577  8558  8593 12005  8349 12709 12879
                               8308  8348
 
    ELEM MAT TYP REL ESY SEC        NODES
 
    6891   2   1   1   0   1   2015   721   740   702  1992  8659 12905  1990
                               2013 12908
    6892   2   1   1   0   1  10330 10022 10021 10040 11259  9939 12477 11881
                               9918  9794
    6893   2   1   1   0   1  10374  8531   864   866 12527  8521 11648 11647
                               8520   865
    6894   2   1   1   0   1  10494  8542   728  8541 12459  8498 12788 12867
                               8428  8501
    6895   2   1   1   0   1  10429  9505  9497   688 12261  9472 11151 11148
                              12262 11150
    6896   2   1   1   0   1  10489  8543   724   726 12070  8497 12246 12062
                               8496   725
    6897   2   1   1   0   1  10358  8555  8556  8592 10720  8415 10707 10700
                               8351  8350
    6898   2   1   1   0   1    379   377   222   631   378  9369  9298 12924
                              12925 10140
    6899   2   1   1   0   1  10494  8541  8581  8582 12867  8376 12278 12383
                               8373  8319
    6900   2   1   1   0   1  10494  8542  8582  8583 12459  8374 12383 12460
                               8371  8318
 
    ELEM MAT TYP REL ESY SEC        NODES
 
    6901   2   1   1   0   1  10349 10293 10353 10289 11576 12205 10818 11583
                              10207 11584
    6902   2   1   1   0   1  10489 10493   726   724 12244 12257 12062 12246
                              12245   725
    6903   2   1   1   0   1  10357  8583  8611  8592 12379  8277 12626 10699
                               8300  8262
    6904   2   1   1   0   1  10357  8583  8582  8611 12379  8318 12382 12626
                               8277  8276
    6905   2   1   1   0   1  10485   636  9498  9506 12929 12748 12515 12514
                              12747  9469
    6906   2   1   1   0   1    837   839   820   856   838  3061  3060  8108
                               8096 12149
    6907   2   1   1   0   1  10430   692   730   728 11358 12689 12839 12065
                              12843   729
    6908   2   1   1   0   1  10359  8568  8583  8592 12463  8332 12048 10703
                               8330  8300
    6909   2   1   1   0   1  10359  8583  8568  8567 12048  8332 12463 12050
                               8370  8404
    6910   2   1   1   0   1  10360  8592  8569  8568 10706  8331 12625 11961
                               8330  8403
 
    ELEM MAT TYP REL ESY SEC        NODES
 
    6911   2   1   1   0   1  10349 10358  8554 10289 10709 10718 12409 11583
                              12196 12811
    6912   2   1   1   0   1  10357  8582  8610  8611 12382  8279 12384 12626
                               8276  8244
    6913   2   1   1   0   1  10346  8613  8629  8612 12464  8212 11017 12453
                               8242  8213
    6914   2   1   1   0   1  10350  8581  8580  8609 12279  8320 10814 10658
                               8281  8280
    6915   2   1   1   0   1  10346  8630  8614  8627 12847  8210 10634 10633
                               8193  8209
    6916   2   1   1   0   1    204 10323   202   397 10532 10529   203  9316
                              12699  9317
    6917   2   1   1   0   1  10346 10347 10351  8627 10631 10661 10809 10633
                              10632 10666
    6918   2   1   1   0   1  10346 10347  8614 10377 10631 10635 10634 10823
                              10797 11758
    6919   2   1   1   0   1  10378 10292 10291 10308 10827 10209 11927 10865
                              10196 10046
    6920   2   1   1   0   1    282   395   206   393  9828  9314 10512  9829
                                394  9313
 
    ELEM MAT TYP REL ESY SEC        NODES
 
    6921   2   1   1   0   1  10324   214   385   387 10539  9305 10538 12660
                               9306   386
    6922   2   1   1   0   1  10346 10413 10292  8587 11032 11760 10825 11020
                              11757 11021
    6923   2   1   1   0   1    309  8544  8644  9750  8494  8146  8147  9743
                              12134 12147
    6924   2   1   1   0   1     29  8644  9750   309  8149 12147  9742   310
                               8147  9743
    6925   2   1   1   0   1  10488   856  8535  8644 12142  8513 12140 12139
                               8148  8140
    6926   2   1   1   0   1  10362 10363 10366 10364 10723 11125 10734 10726
                              11297 10834
    6927   2   1   1   0   1    224   633   222   377 10143 10141   223  9372
                              12785  9369
    6928   2   1   1   0   1    864   845   826   828  8114  3067 10731 12939
                               3068   827
    6929   2   1   1   0   1  10362 10368   864 10364 10740 10743 10728 10726
                              11646 10727
    6930   2   1   1   0   1  10397 10398 10399 10419 10937 10943 10942 12091
                              11086 12090
 
    ELEM MAT TYP REL ESY SEC        NODES
 
    6931   2   1   1   0   1  10335 10413  8570 10285 11024 12764 10828 10837
                              11926 10838
    6932   2   1   1   0   1  10381   828   868 10364 12168 12170 11645 10830
                              12171 11644
    6933   2   1   1   0   1  10362   862   826   864 10744 12793 10729 10728
                                863 10731
    6934   2   1   1   0   1  10403   830  1134  1133 12482  1120 10957 10962
                               1123  1097
    6935   2   1   1   0   1  10299   872    26 10285 10848   873 10246 10226
                              10845 10284
    6936   2   1   1   0   1  10397  1145  1134  1135 12526  1082 10956 12851
                               1083  1096
    6937   2   1   1   0   1   9758  9772  1148   913  9665 12519 12207  9716
                               9546  1064
    6938   2   1   1   0   1  10403   832   830  1133 11799   831 12482 10962
                               1122  1123
    6939   2   1   1   0   1   1150 10287   834    10 11808 11812  1055  1057
                              10279   835
    6940   2   1   1   0   1  10315 10299   872    26 10064 10848 12657 10066
                              10246   873
 
    ELEM MAT TYP REL ESY SEC        NODES
 
    6941   2   1   1   0   1  10490  9504   178  9521 12413  9445 12414 12452
                               9405  9406
    6942   2   1   1   0   1  10379  8538   736  8537 11028  8506 12335 12334
                               8432  8509
    6943   2   1   1   0   1    500 10321   563   565 10533 12944  9582  9583
                              10514   564
    6944   2   1   1   0   1    563 10321   332   565 12944 10506 10108   564
                              10514 10109
    6945   2   1   1   0   1  10480 10386 10298 10310 11769 10882 11770 11789
                              11788 10187
    6946   2   1   1   0   1  10298  9502  9172 10480 11775 12903 12857 11770
                              11774 12398
    6947   2   1   1   0   1   8640    19   227 10294  8165   226  8163 12693
                              10055 10259
    6948   2   1   1   0   1  10447 10485   745   638 12406 12937 11791 12634
                              12887 12900
    6949   2   1   1   0   1   2119 10463  2099  2103 12934 12394  2024  2025
                              12927  2068
    6950   2   1   1   0   1    815 10032   813  2100  9965  9966   814  2096
                              11753  2095
 
    ELEM MAT TYP REL ESY SEC        NODES
 
    6951   2   1   1   0   1    813    39  2118 10038   812  2032  2030  9796
                               9932 11885
    6952   2   1   1   0   1  10446   813 10032  2100 12173  9966 11536 11752
                               2095 11753
    6953   2   1   1   0   1     39 10039   810  2298  9930  9795   811  2206
                              12349  2205
    6954   2   1   1   0   1    342   512   457   510 12791  9861  9341 12772
                                511  9860
    6955   2   1   1   0   1  10417  9198  9158  9199 12643  8993 12876 11765
                               8934  8992
    6956   2   1   1   0   1    356   539   537   524 10086   538 10085 12712
                               9560  9561
    6957   2   1   1   0   1    545   547   516   348   546  9566  9567 10091
                              10092 12825
    6958   2   1   1   0   1    745   747   638   766   746 12901 12900  8722
                               8725  2475
    6959   2   1   1   0   1    449   502   561   504  9854  9580 12848  9855
                                503  9579
    6960   2   1   1   0   1    764   638   766   745  2476  2475   765  8723
                              12900  8722
 
    ELEM MAT TYP REL ESY SEC        NODES
 
    6961   2   1   1   0   1    220   379   222   631  9299  9298   221 10139
                              12924 10140
    6962   2   1   1   0   1    379   296   631   381  9817  9616 12924   380
                               9816 12663
    6963   2   1   1   0   1   9275 10043   377    34 12683  9807 12784  9274
                               9808   376
    6964   2   1   1   0   1  10043   377 10314  9275  9807 12782 12679 12683
                              12784 12685
    6965   2   1   1   0   1   9275   371    25 10313  9271   370  9272 12686
                              10073 10074
    6966   2   1   1   0   1  10328   496   567   443 12777  9619 12776 12889
                               9848 10523
    6967   2   1   1   0   1  10485   636   743   745 12929 12746 11922 12937
                              12940   744
    6968   2   1   1   0   1    567   443   328 10328 10523  9361 10149 12776
                              12889 12891
    6969   2   1   1   0   1    571   324   573   492 10157 10159   572  9632
                              10557  9631
    6970   2   1   1   0   1  10336   437   320  9524 12100  9380 12109 12539
                               9383  9386
 
    ELEM MAT TYP REL ESY SEC        NODES
 
    6971   2   1   1   0   1    439 10457   322   492 12535 12536  9377  9890
                              12098 12097
    6972   2   1   1   0   1  10336 10337 10309   320 10594 10598 10597 12109
                              12108 10049
    6973   2   1   1   0   1  10444  9263  9160  9151 12575  8753 12580 12667
                               8751  9052
    6974   2   1   1   0   1  10376  8573  8602  8603 12024  8295 12027 12945
                               8292  8249
    6975   2   1   1   0   1   9526    30  8093 10312  9295  8087 12946 12947
                              10054 12770
    6976   2   1   1   0   1  10461  8584  8605  8599 12555  8275 12913 12551
                               8301  8250
    6977   2   1   1   0   1   8548 10413  8549 10291 12799 12914  8422 12812
                              11925 12915
    6978   2   1   1   0   1  10351 10379 10380 10353 10804 11030 10815 10670
                              10806 11575
    6979   2   1   1   0   1    510   455   340   508  9859  9339 12773   509
                               9858 12836
    6980   2   1   1   0   1   8641  8546  9762  8566  8158 12844 12673  8137
                               8405 12675
 
    ELEM MAT TYP REL ESY SEC        NODES
 
    6981   2   1   1   0   1  10445  8620  8596  8597 11249  8254 11397 11468
                               8253  8304
    6982   2   1   1   0   1  10471   666  9498  2281 11545  9482 12422 12424
                               2270 12425
    6983   2   1   1   0   1  10459 10446  2110  2109 11398 11401 11400 12218
                              12217  2059
    6984   2   1   1   0   1  10480 10473  9199 10417 12408 12902 11764 11763
                              12403 11765
    6985   2   1   1   0   1     33  8092   368 10312  8091  8089   369 10078
                              12771 10077
    6986   2   1   1   0   1  10393  9195  9194  9154 10913  8938 10917 11189
                               9000  9001
    6987   2   1   1   0   1   9518 10405  9510 10035 11328 11930  9431 12420
                              11553 12421
    6988   2   1   1   0   1  10447 10448 10405 10485 11279 12385 11563 12406
                              12416 11921
    6989   2   1   1   0   1  10414  2287  2288   646 11686  2240 11685 11568
                               2258  2257
    6990   2   1   1   0   1    533   360   477   362 10081  9370 12797 10142
                                361  9373
 
    ELEM MAT TYP REL ESY SEC        NODES
 
    6991   2   1   1   0   1    190   268   599   266 12948  9587 10145 10647
                                267  9585
    6992   2   1   1   0   1  10483 10340 10286 10487 11981 11982 11976 11974
                              12300 11972
    6993   2   1   1   0   1   9500   743     4  9260 11911   742  9490 11908
                               8766  8768
    6994   2   1   1   0   1   9502  9172 10480  9185 12903 12398 11774 11785
                               9020 11784
    6995   2   1   1   0   1  10454  2105   696  2106 12392  2086 11891 11668
                               2063  2083
    6996   2   1   1   0   1  10427 10423   692 10422 11138 11671 11675 11127
                              11094 11672
    6997   2   1   1   0   1    738   719   698   700  8672  2011 12474 12475
                               1998   699
    6998   2   1   1   0   1    738   736   698   717   737 12628 12474  8669
                               8670  2010
    6999   2   1   1   0   1  10420 10446 10421 10032 11267 11266 11089 11750
                              11536 11535
    7000   2   1   1   0   1  10380   732  8539  8540 11354  8505 12740 12276
                               8502  8430
 
    ELEM MAT TYP REL ESY SEC        NODES
 
    7001   2   1   1   0   1  10430   732   730   694 11352   731 12839 11357
                              12638 12690
    7002   2   1   1   0   1  10422  2107  2116  2115 11673  2046 12215 11682
                               2049  2038
    7003   2   1   1   0   1   9777 10042  8092 10312 12800 12884 12883 12779
                              12796 12771
    7004   2   1   1   0   1  10454  2106   696   694 11668  2083 11891 11356
                               2084   695
    7005   2   1   1   0   1  10428 10427 10423 10430 11132 11138 11143 11136
                              11135 11674
    7006   2   1   1   0   1    524   473   526   356  9873  9874   525 12712
                               9356 12696
    7007   2   1   1   0   1  10454  2107  2106   694 11670  2062 11668 11356
                               2081  2084
    7008   2   1   1   0   1  10463   698  2105  2104 12396  2085 11533 12933
                               2088  2064
    7009   2   1   1   0   1  10404   753  9155  9154 10967  9121 11264 10969
                               9122  9049
    7010   2   1   1   0   1  10333 10040   258  9776 10579  9901 12886 11940
                              11877  9639
 
    ELEM MAT TYP REL ESY SEC        NODES
 
    7011   2   1   1   0   1  10380   730 10494 10437 12763 12762 12286 11361
                              12949 12471
    7012   2   1   1   0   1  10379 10453 10484   736 12381 11905 12181 12335
                              11900 11903
    7013   2   1   1   0   1   8640    19 10294  9501  8165 10055 12693 12942
                               9283 12695
    7014   2   1   1   0   1     20   724  9505  9499   723 12250  9475  9491
                              12249  9473
    7015   2   1   1   0   1  10422  2107  2115  2106 11673  2049 11682 12266
                               2062  2048
    7016   2   1   1   0   1    713   734   696   732  8665 12640  2007  8666
                                733 12501
    7017   2   1   1   0   1  10428 10440 10430 10455 11213 12490 11136 11477
                              11621 11362
    7018   2   1   1   0   1  10427 10422  2101  9497 11127 11131 11130 11149
                              11677 12931
    7019   2   1   1   0   1  10360  8640  8556 10294 12874  8162 10708 11957
                              12693 12694
    7020   2   1   1   0   1  10382  9525  9523  9522 10869  9278 12200 12203
                               9389  9396
 
    ELEM MAT TYP REL ESY SEC        NODES
 
    7021   2   1   1   0   1  10422  2108  2102  2116 11128  2052 12263 12215
                               2047  2040
    7022   2   1   1   0   1  10382  9525   180   182 10869  9388 10866 10857
                               9385   181
    7023   2   1   1   0   1  10421  9519   429 10387 11526  9411 12666 11666
                              10972 11657
    7024   2   1   1   0   1  10387  2110  2111   657 10884  2058 10887 11659
                               2073  2072
    7025   2   1   1   0   1  10387  2112   653   655 11824  2069 10970 11882
                               2070   654
    7026   2   1   1   0   1  10388  9519  2117  9507 11527 10974 11665 11528
                               9416 12537
    7027   2   1   1   0   1  10431 10416 10433  2294 11155 11162 11161 11340
                              11057 11822
    7028   2   1   1   0   1  10421 10388 10459 10446 11269 11399 11520 11266
                              11270 11398
    7029   2   1   1   0   1  10463   700   698  2104 12623   699 12396 12933
                               2087  2088
    7030   2   1   1   0   1   2279  2278   808 10033  2246  2276  2275 12936
                              11381  9964
 
    ELEM MAT TYP REL ESY SEC        NODES
 
    7031   2   1   1   0   1   9505  9497   688    40  9472 11150 12262  9474
                               9496   687
    7032   2   1   1   0   1   2279 10033   808 10016 12936  9964  2275 12252
                               9954 10005
    7033   2   1   1   0   1  10438 10421 10034 10032 11534 11517 11202 12177
                              11535  9786
    7034   2   1   1   0   1  10414  2286  2287   648 11045  2241 11686 11046
                               2260  2259
    7035   2   1   1   0   1   2296   650  2286 10414  2213  2261  2201 12530
                              11044 11045
    7036   2   1   1   0   1  10421  9519  9507   427 11526  9416 11524 11518
                               9414  9417
    7037   2   1   1   0   1  10356   757   646   755 10693 10688 11055 11273
                                756 11274
    7038   2   1   1   0   1  10422  9497  9507   783 11677  9457 11145 12264
                               9483  9467
    7039   2   1   1   0   1    757   646   776   648 10688  2484  8730 10687
                                647  2472
    7040   2   1   1   0   1  10414  2287   646   648 11686  2258 11568 11046
                               2259   647
 
    ELEM MAT TYP REL ESY SEC        NODES
 
    7041   2   1   1   0   1  10471  2280  2291  2293 11542  2233 12386 11539
                               2232  2218
    7042   2   1   1   0   1  10358 10289 10294   231 12196 10218 12462 10719
                              10273 10053
    7043   2   1   1   0   1  10416   655  2284   657 11817  2265 11056 11660
                                656  2264
    7044   2   1   1   0   1  10472  2280   668  9508 11551  2272 12532 12213
                              11543  9465
    7045   2   1   1   0   1  10429   690   728   726 12932 12853 12067 12255
                              12854   727
    7046   2   1   1   0   1  10473  9159   743  9260 12950  9112 11910 11909
                               8749  8766
    7047   2   1   1   0   1   8567  8642   139  9499  8154  8155  8448 12941
                              12783  9492
    7048   2   1   1   0   1  10387 10416 10472  9520 11661 11819 11651 11653
                              11814 11654
    7049   2   1   1   0   1  10446  2114  2115  2110 11681  2037 11679 11401
                               2045  2044
    7050   2   1   1   0   1  10422  2101  9497   783 11131 12931 11677 12264
                               2094  9483
 
    ELEM MAT TYP REL ESY SEC        NODES
 
    7051   2   1   1   0   1   9503  8567   137  9499 12069  8449  9480  9463
                              12941  9488
    7052   2   1   1   0   1  10430   730   692   694 12839 12689 11358 11357
                              12690   693
    7053   2   1   1   0   1  10360   135  8568  8569 11960  8447 11961 12625
                               8444  8403
    7054   2   1   1   0   1    227  8556 10294   229  8470 12694 10259   228
                               8471 10260
    7055   2   1   1   0   1  10358 10294 10360  8556 12462 11957 10705 10707
                              12694 10708
    7056   2   1   1   0   1  10472  2293  2284  2285 11552  2227 11820 12893
                               2231  2242
    7057   2   1   1   0   1  10361 10294   178  9504 11958 10213 12199 11955
                              11959  9445
    7058   2   1   1   0   1  10472  2285   653  2297 12893  2263 11652 12534
                               2207  2209
    7059   2   1   1   0   1  10475  9512  9514  9522 11620  9279 12619 12019
                               9277  9398
    7060   2   1   1   0   1  10489 10474 10436  8542 12059 12058 12053 12051
                              12061 12055
 
    ELEM MAT TYP REL ESY SEC        NODES
 
    7061   2   1   1   0   1  10359  8592 10358 10360 10703 10700 10704 11952
                              10706 10705
    7062   2   1   1   0   1  10414  2279  2278  2295 12531  2246 12426 11170
                               2226  2198
    7063   2   1   1   0   1  10360  8569  9501   135 12625 12513 11963 11960
                               8444  9486
    7064   2   1   1   0   1  10447   640   749   642 11796 12869 11798 11277
                                641 10556
    7065   2   1   1   0   1  10327   644   642   751 11325   643 10555 10552
                              12512 10554
    7066   2   1   1   0   1  10342   579 10305 10300 11372 10183 11855 11836
                              10184 10217
    7067   2   1   1   0   1     42  2014  9505  8673  1997 12759  9282  8658
                              12760 12758
    7068   2   1   1   0   1  10429   726   688   690 12255 12259 11148 12932
                              12854   689
    7069   2   1   1   0   1  10478   681  1308   679 11851  1283 11848 11731
                                680  1282
    7070   2   1   1   0   1    724   688   705  2014 12855  1999  8660 12761
                               1994  1995
 
    ELEM MAT TYP REL ESY SEC        NODES
 
    7071   2   1   1   0   1    889   908   681   906  8701  3045 12922  8680
                                907  3046
    7072   2   1   1   0   1  10493   724   688   726 12245 12855 12258 12257
                                725 12259
    7073   2   1   1   0   1   9499    20  8642   139  9491  8157 12783  9492
                                140  8155
    7074   2   1   1   0   1   8673    42    20  9505  8658  8647  8657 12758
                               9282  9475
    7075   2   1   1   0   1  10464 10492 10477 10465 12117 12345 11942 11491
                              12321 12330
    7076   2   1   1   0   1    679   677 10478   883   678 11734 11731 12359
                              11842 11830
    7077   2   1   1   0   1    681   679   887   906   680 11932 12951  3046
                               3043  8700
    7078   2   1   1   0   1  10358 10361 10294 10289 10711 11958 12462 12196
                              11585 10218
    7079   2   1   1   0   1  10478   681   679   887 11851   680 11731 11834
                              12951 11932
    7080   2   1   1   0   1  10316   685  3050     1 12701  3025 12703 10062
                                686  3027
 
    ELEM MAT TYP REL ESY SEC        NODES
 
    7081   2   1   1   0   1  10342 10450 10449 10481 11285 11284 11283 11862
                              11863 11983
    7082   2   1   1   0   1  10344 10319 10412 10411 12604 11416 11008 11005
                              11873 11007
    7083   2   1   1   0   1   1306 10288   685   683 11810 12450  1287  1286
                              11777   684
    7084   2   1   1   0   1  10288     1    46  1306 10278    45 10277 11810
                               1226  1270
    7085   2   1   1   0   1  10477  1310  1309  1315 11739  1262 12350 11738
                               1245  1246
    7086   2   1   1   0   1     46  1306    48 10288  1270  1271    47 10277
                              11810 10275
    7087   2   1   1   0   1  10397  1145  1146  1139 12526  1067 10940 10939
                               1076  1075
    7088   2   1   1   0   1  10486  1317  1300  1305 12126  1229 12372 12374
                               1234  1223
    7089   2   1   1   0   1  10442  9753  9755  9754 12037  9728 12614 12611
                               9729  9727
    7090   2   1   1   0   1  10339  9775   577   575 10622  9649 11379 10619
                               9637   576
 
    ELEM MAT TYP REL ESY SEC        NODES
 
    7091   2   1   1   0   1  10464  1314  1312  1302 12119  1242 12324 12491
                               1254  1259
    7092   2   1   1   0   1   9759   803   801  1300  9715   802  9714 11980
                               1298  1299
    7093   2   1   1   0   1  10328   441   494   496 10561  9886 10563 12777
                               9882   495
    7094   2   1   1   0   1  10398 10426  9758  1131 12484 11123 11087 12242
                              12508 12206
    7095   2   1   1   0   1    587 10402 10304 10301 11085 10952 10201 10200
                              12312 10220
    7096   2   1   1   0   1  10398  1140  1147  1141 12365  1073 12241 12243
                               1090  1072
    7097   2   1   1   0   1  10425  1130   820  9748 12498  1113 11345 11113
                              12499 11347
    7098   2   1   1   0   1  10467  9759 10468  9763 12220 12219 11506 12228
                               9679 12229
    7099   2   1   1   0   1   9263  9160   171  9751  8753  9111  8755 12576
                              12581  9740
    7100   2   1   1   0   1  10408  9516  9524 10310 11917  9391 12637 11790
                              12407 12540
 
    ELEM MAT TYP REL ESY SEC        NODES
 
    7101   2   1   1   0   1  10343  9768  9764  9765 12587  9687 12590 11291
                               9686  9696
    7102   2   1   1   0   1  10315    10  3075   834 10065  3056 12726 12728
                                835  3055
    7103   2   1   1   0   1  10412  9253  9255  9244 12880  8781 11410 11405
                               8791  8792
    7104   2   1   1   0   1  10480  9183 10473  9515 12802 12226 12408 12700
                              12225 12224
    7105   2   1   1   0   1  10492  1316  1312  1314 12445  1241 12325 12118
                               1238  1242
    7106   2   1   1   0   1  10491   883   881  9148 12084   882 12085 12293
                               9135  9134
    7107   2   1   1   0   1  10410  9146  9147  9188 12691  9057 11003 11939
                               9015  9014
    7108   2   1   1   0   1  10391  9181  9180  9215 11871  9025 11868 12608
                               8956  8955
    7109   2   1   1   0   1     68 10391    66  9180 11869 11872    67  9070
                              11868  9071
    7110   2   1   1   0   1    150  8563 10023  8562  8457 11466  9993  8458
                               8409 12829
 
    ELEM MAT TYP REL ESY SEC        NODES
 
    7111   2   1   1   0   1  10296   126  9165   124 10051  9100 12743 10254
                                125  9101
    7112   2   1   1   0   1  10408  9517 10473 10405 11915 11914 11797 11557
                              11918 11560
    7113   2   1   1   0   1   9515    59    57  9183  9289    58  9442 12225
                               9065  9064
    7114   2   1   1   0   1    879   900   881   675  8695  8697   880 12895
                               3038 12952
    7115   2   1   1   0   1  10411  9191  9190  9149 11433  8943 12870 12164
                               9009  9010
    7116   2   1   1   0   1  10443  9191  9224  9223 11234  8903 11236 12297
                               8904  8857
    7117   2   1   1   0   1  10341   879  9149   881 12598  9132 12597 12157
                                880  9133
    7118   2   1   1   0   1  10320  9175  9210  9176 11590  8965 12920 11589
                               9030  8966
    7119   2   1   1   0   1  10320  9210  9209  9237 12920  8923 11595 10504
                               8872  8871
    7120   2   1   1   0   1    757 10355 10354 10031 10690 10677 10673 10696
                              10681 10680
 
    ELEM MAT TYP REL ESY SEC        NODES
 
    7121   2   1   1   0   1   9258  9182    62 10020  8748  9067  8775 12745
                              12753 10002
    7122   2   1   1   0   1  10392 10444  9151  9150 11241 12667 11221 11225
                              12578  9053
    7123   2   1   1   0   1    471   524 10334   356  9872 10697 10628  9355
                              12712 12827
    7124   2   1   1   0   1  10444  9150 10470   877 12578 12584 12568 12573
                               9130 11515
    7125   2   1   1   0   1  10442  9162   167  9754 12610  9107 12842 12611
                              12613  9731
    7126   2   1   1   0   1  10392 10345 10444 10441 10909 11867 11241 11224
                              11238 12579
    7127   2   1   1   0   1  10411  9222  9221  9189 11444  8859 11013 11001
                               8907  8908
    7128   2   1   1   0   1  10411   881  9149  9148 12155  9133 12164 12292
                               9134  9055
    7129   2   1   1   0   1  10441  9149 10341   879 12165 12597 12160 12586
                               9132 12598
    7130   2   1   1   0   1    530   533   528   477  9627  9622   529  9878
                              12797  9877
 
    ELEM MAT TYP REL ESY SEC        NODES
 
    7131   2   1   1   0   1  10442  9161  9753   167 11232 12582 12037 12842
                               9108  9732
    7132   2   1   1   0   1  10391  9215  9200  9181 12608  8917 11866 11871
                               8956  8953
    7133   2   1   1   0   1     36  2488    43  9506  2469  2471  2120  9471
                              12654  9281
    7134   2   1   1   0   1  10443  9241  9224  9214 11701  8840 11236 11447
                               8864  8735
    7135   2   1   1   0   1    356   524   537   526 12712  9561 10085 12696
                                525  9557
    7136   2   1   1   0   1   9249 10418 10394  9251 12953 11710 11721  8799
                              11714 12193
    7137   2   1   1   0   1  10418  9249  9235  9234 12953  8814 11069 11072
                               8813  8848
    7138   2   1   1   0   1  10385 10476 10297 10386 11718 12366 11074 10875
                              12363 11075
    7139   2   1   1   0   1  10460  9233 10476  9202 12190 12191 12189 12873
                               8882 12822
    7140   2   1   1   0   1  10460  9250  9233  9232 12505  8818 12190 12434
                               8817  8850
 
    ELEM MAT TYP REL ESY SEC        NODES
 
    7141   2   1   1   0   1  10338 10344 10319 10340 12106 12604 11429 10606
                              12294 11427
    7142   2   1   1   0   1  10435  9246  9225 10393 12954  8829 12955 11687
                              12441 12882
    7143   2   1   1   0   1   9159 10473  9199  9183 12950 12902  8991  9044
                              12226  8990
    7144   2   1   1   0   1    555   338   453   340 10101  9337 12837 10100
                                339  9338
    7145   2   1   1   0   1  10418  9251  9249  9234 11714  8799 12953 11072
                               8816  8813
    7146   2   1   1   0   1   9518 10485 10451  9498 12633 12417 11323  9432
                              12515 12518
    7147   2   1   1   0   1    316  9516 10310   318  9421 12407 10178   317
                               9401 10179
    7148   2   1   1   0   1  10394  9227  9195  9248 10915  8896 10916 11722
                               8825  8745
    7149   2   1   1   0   1  10460 10340  9218 10495 11426 12430 12437 12436
                              12301 12431
    7150   2   1   1   0   1  10318  9252  9256  9255 11417  8782 12631 11411
                               8780  8778
 
    ELEM MAT TYP REL ESY SEC        NODES
 
    7151   2   1   1   0   1  10487  9144  9262   891 11978  8752 11969 11970
                               9143  8759
    7152   2   1   1   0   1  10286   130  9262  9163 10282  8758 11971 12307
                               9104  8757
    7153   2   1   1   0   1  10445 10024 10452 10461 12470 11879 11384 11456
                              12548 11457
    7154   2   1   1   0   1  10478   885   887   679 11829   886 11834 11731
                              12921 11932
    7155   2   1   1   0   1    889   685 10483   683 12805 11985 11965 11991
                                684 11861
    7156   2   1   1   0   1    455   340   508   453  9339 12836  9858   454
                               9338  9846
    7157   2   1   1   0   1  10412 10410  9243  9254 11009 11404 11403 11409
                              11412  8794
    7158   2   1   1   0   1  10487  9144  9163  9262 11978  8734 12306 11969
                               8752  8757
    7159   2   1   1   0   1   8703   910  3050   891  8683  3026 12739  8682
                               8690 12704
    7160   2   1   1   0   1    506   453   338   451  9845  9337 12881  9857
                                452  9336
 
    ELEM MAT TYP REL ESY SEC        NODES
 
    7161   2   1   1   0   1    506   504   451   559   505  9856  9857  9577
                               9578 12930
    7162   2   1   1   0   1    889   681   908   683 12922  3045  8701 11991
                                682  3033
    7163   2   1   1   0   1  10465   581 10305  9763 12448 10180 12316 12328
                               9657 12447
    7164   2   1   1   0   1  10410  9145  9187  9216 12432  9017 12778 12433
                               8948  8947
    7165   2   1   1   0   1    282   208   393   206 12956  9312  9829 10512
                                207  9313
    7166   2   1   1   0   1  10392  9200  9192  9161 11230  8933 11220 11231
                               8988  8989
    7167   2   1   1   0   1  10323   202   397   399 10529  9317 12699 12698
                               9318   398
    7168   2   1   1   0   1    891   685   908   910 11987  3048  8681  8690
                               3047   909
    7169   2   1   1   0   1    284   208   393   282 12678  9312  9826   283
                              12956  9829
    7170   2   1   1   0   1  10360  8568 10359  8592 11961 12463 11952 10706
                               8330 10703
 
    ELEM MAT TYP REL ESY SEC        NODES
 
    7171   2   1   1   0   1   8543  8583 10489  8567  8372 12046 12070  8426
                               8370 12047
    7172   2   1   1   0   1  10360  9501  9504  9503 11963  9477 11956 11949
                               9478  9476
    7173   2   1   1   0   1   9503  8568   135   137 11962  8447  9481  9480
                               8446   136
    7174   2   1   1   0   1  10377  8553  8552 10293 11579  8418 12724 11577
                              11580 12943
    7175   2   1   1   0   1    235 10289  8553   233 10261 12766  8477   234
                              10274  8476
    7176   2   1   1   0   1   8552   235 10293  8553  8478 10262 12943  8418
                               8477 11580
    7177   2   1   1   0   1    284   391   208   617  9827  9311 12678  9602
                              12646 10126
    7178   2   1   1   0   1  10488  8644  8544  9750 12139  8146 12137 12138
                              12147 12134
    7179   2   1   1   0   1  10492  1307  1314  1308 12354  1224 12118 12352
                               1264  1248
    7180   2   1   1   0   1  10442  9753  9754   167 12037  9729 12611 12842
                               9732  9731
 
    ELEM MAT TYP REL ESY SEC        NODES
 
    7181   2   1   1   0   1   9750  8544  9752   307 12134 12560  9712  9739
                               8495  9734
    7182   2   1   1   0   1  10339   577  9774   579 11379  9650 11294 11373
                                578  9651
    7183   2   1   1   0   1   8576  8544 10461 10488  8386 12133 12562 12153
                              12137 12136
    7184   2   1   1   0   1  10435  9217 10393  9225 12444 11185 11687 12955
                               8900 12882
    7185   2   1   1   0   1  10371  8594  8617  8593 11254  8259 10763 12879
                               8307  8260
    7186   2   1   1   0   1  10320  9174  9209  9175 11937  8967 11595 11590
                               9031  8968
    7187   2   1   1   0   1  10328   569   328   567 12775 10150 12891 12776
                                568 10149
    7188   2   1   1   0   1  10372  8633  8619  8624 11993  8202 12817 11255
                               8190  8201
    7189   2   1   1   0   1    449   504   561   559  9855  9579 12848 12923
                               9578   560
    7190   2   1   1   0   1   8564   146   148 10024  8454   147  8455 12787
                               9990  9991
 
    ELEM MAT TYP REL ESY SEC        NODES
 
    7191   2   1   1   0   1  10028   482  9755   484  9783  9706 12616  9960
                                483  9694
    7192   2   1   1   0   1  10395  9228  9195  9196 10921  8895 10918 11723
                               8894  8937
    7193   2   1   1   0   1  10410 10491 10341 10411 12594 12158 11012 11000
                              12156 11011
    7194   2   1   1   0   1  10465 10302 10303   583 11493 10233 12320 12449
                              10231 10232
    7195   2   1   1   0   1   9757   820    11  9748 12768   819  9720  9718
                              11347  9747
    7196   2   1   1   0   1  10461  8576  8584  8545 12562  8317 12555 12558
                               8369  8367
    7197   2   1   1   0   1   8545   305  8546  9752  8493  8490  8424 12559
                               9735 12845
    7198   2   1   1   0   1     44  1148   788  9772  1065  1063   787  9668
                              12519 11627
    7199   2   1   1   0   1  10428 10430 10453 10455 11136 11349 11476 11477
                              11362 11475
    7200   2   1   1   0   1    579  9774 10342  9765  9651 11292 11372  9655
                               9652 11289
 
    ELEM MAT TYP REL ESY SEC        NODES
 
    7201   2   1   1   0   1  10409   747  9157   749 12632  9116 12402 11567
                                748  9117
    7202   2   1   1   0   1  10328   494   569   496 10563  9629 12775 12777
                                495  9623
    7203   2   1   1   0   1   8584  8545  8546  9752  8367  8424  8368 12556
                              12559 12845
    7204   2   1   1   0   1  10461 10019  9762  8584 12832 12672 12830 12555
                              12863 12831
    7205   2   1   1   0   1  10458  8575  8605  8576 12804  8288 11460 12154
                               8324  8289
    7206   2   1   1   0   1  10450  9763   581  9765 12230  9657 12591 11288
                               9678  9656
    7207   2   1   1   0   1  10374  8573  8572  8602 12025  8327 12546 12026
                               8295  8294
    7208   2   1   1   0   1  10465   583 10303 10305 12449 10232 12320 12316
                              10211 10057
    7209   2   1   1   0   1  10348   184  9525   182 10637  9285 10868 10856
                                183  9385
    7210   2   1   1   0   1  10421 10032   427 10034 11535  9948 11518 11517
                               9786  9947
 
    ELEM MAT TYP REL ESY SEC        NODES
 
    7211   2   1   1   0   1  10347  8627  8614  8615 10632  8209 10635 12627
                               8208  8240
    7212   2   1   1   0   1  10351  8627  8626  8638 10666  8196 12828 10808
                               8126  8172
    7213   2   1   1   0   1  10370  8622  8628  8635 11037  8199 11015 12833
                               8187  8186
    7214   2   1   1   0   1  10492  1316 10288 10303 12445 12520 12358 12323
                              12446 10234
    7215   2   1   1   0   1  10481 10288 10305 10303 11780 10216 11865 12319
                              10234 10057
    7216   2   1   1   0   1  10377 10378 10293 10292 10798 11227 11577 10824
                              10827 10208
    7217   2   1   1   0   1  10470 10341 10441 10345 12602 12160 12585 12570
                              12600 11238
    7218   2   1   1   0   1  10444  9151   877   875 12667  9129 12573 12572
                               9128   876
    7219   2   1   1   0   1  10373  8637  8639  8634 10770  8168 12601 11039
                               8167  8174
    7220   2   1   1   0   1  10392  9192  9224  9191 11220  8902 11235 11222
                               8942  8903
 
    ELEM MAT TYP REL ESY SEC        NODES
 
    7221   2   1   1   0   1  10288  1316    48 10303 12520  1227 10275 10234
                              12446 10238
    7222   2   1   1   0   1  10373  8639  8624  8623 12601  8127 11383 10788
                               8175  8198
    7223   2   1   1   0   1  10463   702   700  2103 12390   701 12623 12927
                               2089  2090
    7224   2   1   1   0   1  10445  8599 10461  8605 12549 12551 11456 11459
                               8250 12913
    7225   2   1   1   0   1  10350 10380  8540 10494 10817 12276 12275 12277
                              12286 12639
    7226   2   1   1   0   1   9776   258   256 10040  9639   257  9638 11877
                               9901  9902
    7227   2   1   1   0   1  10444   875 10470  9751 12572 12571 12568 12574
                              12577 12734
    7228   2   1   1   0   1  10442  9258  9182  9162 12609  8748 12752 12610
                               8773  9023
    7229   2   1   1   0   1  10345   484  9755  9767 12076  9694 12615 10623
                               9661  9689
    7230   2   1   1   0   1  10344 10345 10441 10341 10624 11238 12159 11010
                              12600 12160
 
    ELEM MAT TYP REL ESY SEC        NODES
 
    7231   2   1   1   0   1    480   482  9755 10020   481  9706  9707  9971
                               9968 12840
    7232   2   1   1   0   1  10373  8634  8601  8622 11039  8129 10790 11036
                               8188  8231
    7233   2   1   1   0   1   9764 10470  9751  9768 12086 12734  9695  9687
                              12567  9529
    7234   2   1   1   0   1  10376 10445  8604  8621 11248 11454 11453 11395
                              11394  8224
    7235   2   1   1   0   1  10331 10307 10285 10299 10593 10198 11335 12454
                              10186 10226
    7236   2   1   1   0   1  10362   824 10363   826 10724 10725 10723 10729
                                825 12269
    7237   2   1   1   0   1  10420 10446  2100  2114 11267 11752 11751 11680
                              11681  2018
    7238   2   1   1   0   1  10411  9223  9190  9191 12296  8905 12870 11433
                               8904  8943
    7239   2   1   1   0   1   9158 10473   747  9157 12875 11794  9115  9046
                              12404  9116
    7240   2   1   1   0   1  10376  8623  8624  8602 11382  8198 11256 12027
                               8229  8226
 
    ELEM MAT TYP REL ESY SEC        NODES
 
    7241   2   1   1   0   1  10291 10285   245  8548 10210 10269 10268 12812
                              12790  8487
    7242   2   1   1   0   1  10031 10405 10035   435 11554 11553  9950  9920
                              12516  9919
    7243   2   1   1   0   1  10344   486 10041   484 10617  9909 10616 12072
                                485  9908
    7244   2   1   1   0   1  10028   482 10029  9755  9783  9967  9961 12616
                               9706 12841
    7245   2   1   1   0   1  10292 10291   243  8549 10209 10267 10052 12865
                              12915  8485
    7246   2   1   1   0   1  10335  8622 10373  8601 11027 11036 11041 10783
                               8231 10790
    7247   2   1   1   0   1  10376 10458  8574  8604 11386 12468 12545 11453
                              11455  8290
    7248   2   1   1   0   1  10445  8564  8599  8598 12808  8336 12549 12868
                               8337  8302
    7249   2   1   1   0   1  10378 10308 10291 10307 10865 10046 11927 12368
                              10047 10197
    7250   2   1   1   0   1  10426  9748   915  1130 12497  9737 12509 12500
                              12499  1129
 
    ELEM MAT TYP REL ESY SEC        NODES
 
    7251   2   1   1   0   1  10370  8629  8638  8635 11018  8180 10811 12833
                               8181  8169
    7252   2   1   1   0   1   9758   913  1131   915  9716  1127 12206  9717
                                914  1126
    7253   2   1   1   0   1  10374  8571  8530  8529 10785  8398 12547 10775
                               8397  8441
    7254   2   1   1   0   1  10484 10017 10030 10036 12183  9956 11892 12185
                               9943  9912
    7255   2   1   1   0   1  10392  9200  9224  9192 11230  8887 11235 11220
                               8933  8902
    7256   2   1   1   0   1   8619  8620 10372  8624  8234 11246 12817  8201
                               8200 11255
    7257   2   1   1   0   1  10021 10371  8559 10022 12710 11997 12711  9939
                              11258 11998
    7258   2   1   1   0   1  10364   826   828   864 10730   827 12171 10727
                              10731 12939
    7259   2   1   1   0   1   8545   305  9752   307  8493  9735 12559  8492
                                306  9734
    7260   2   1   1   0   1  10476 10297 10310 10296 12366 10189 12104 12362
                              10203 10188
 
    ELEM MAT TYP REL ESY SEC        NODES
 
    7261   2   1   1   0   1  10385  9203  9234  9204 11716  8880 11071 11077
                               8929  8881
    7262   2   1   1   0   1  10447 10473   745 10485 11561 11792 11791 12406
                              11920 12937
    7263   2   1   1   0   1  10418  9229  9249  9228 12641  8822 12953 11725
                               8854  8823
    7264   2   1   1   0   1   9762  8546   305  9752 12844  8490  9536  9681
                              12845  9735
    7265   2   1   1   0   1   9228 10418 10394  9249 11725 11710 10920  8823
                              12953 11721
    7266   2   1   1   0   1  10402 10419 10301   587 11083 12093 12312 11085
                              11082 10200
    7267   2   1   1   0   1  10301    85  1143  1149 10242  1100 10936 12919
                               1059  1051
    7268   2   1   1   0   1  10439 10484 10030 10036 11904 11892 12489 12348
                              12185  9912
    7269   2   1   1   0   1  10351  8607  8636  8626 12813  8128 12342 12828
                               8220  8185
    7270   2   1   1   0   1  10403   834 10299   870 11800 12809 11811 11801
                              11803 10842
 
    ELEM MAT TYP REL ESY SEC        NODES
 
    7271   2   1   1   0   1      2   796 10304 10302   797 12525 10223 10239
                              12131 10224
    7272   2   1   1   0   1  10296  9167   120   122 12818  9097 10253 10255
                               9096   121
    7273   2   1   1   0   1   9777    33 10312  8092  9554 10078 12779 12883
                               8091 12771
    7274   2   1   1   0   1  10414  2279  2295  2286 12531  2226 11170 11045
                               2196  2225
    7275   2   1   1   0   1  10431  2278 10414 10033 11152 12426 11169 11172
                              11381 11173
    7276   2   1   1   0   1    815 10032  2100  2099  9965 11753  2096  2097
                              12175  2067
    7277   2   1   1   0   1  10463  2104  2105  2113 12933  2064 11533 11530
                               2051  2020
    7278   2   1   1   0   1     39   661 10038 10039   662 12174  9932  9930
                              12008  9929
    7279   2   1   1   0   1     39  2118 10038   661  2032 11885  9932   662
                               2031 12174
    7280   2   1   1   0   1  10326   186 10311   595 10543 10048 10645 10546
                              10158 10155
 
    ELEM MAT TYP REL ESY SEC        NODES
 
    7281   2   1   1   0   1  10421  9507  9513   427 11524  9425 11519 11518
                               9417  9418
    7282   2   1   1   0   1  10462  9523   423  9512 12015  9394 11471 11472
                               9395  9402
    7283   2   1   1   0   1     22   740 10017 10030   741 12479 10010  9974
                              12480  9956
    7284   2   1   1   0   1  10463  2103  2119   702 12927  2025 12934 12390
                               2089  2026
    7285   2   1   1   0   1    736   734   696   715   735 12640 12629  8667
                               8668  2008
    7286   2   1   1   0   1    817   815  2099 10015   816  2097  2098 10014
                              10006 12393
    7287   2   1   1   0   1  10026  9177  9176  9211 11706  9029 11604 11598
                               8964  8963
    7288   2   1   1   0   1  10410  9244  9243  9220 11406  8805 11404 11938
                               8835  8836
    7289   2   1   1   0   1  10045 10354   650    37 10686 10675 11043  9799
                              11059   651
    7290   2   1   1   0   1  10412  9254 10318 10460 11409 11408 11407 11413
                              11415 12194
 
    ELEM MAT TYP REL ESY SEC        NODES
 
    7291   2   1   1   0   1  10431  2282  2292  2278 11473  2235 11164 11152
                               2247  2234
    7292   2   1   1   0   1    437 10037   435 10336  9891  9897   436 12100
                              11727 12538
    7293   2   1   1   0   1    757 10018   759  9152 10694 11569   758  9126
                              12503  9127
    7294   2   1   1   0   1  10435 10318  9246 10393 11591 12440 12954 11687
                              11635 12441
    7295   2   1   1   0   1    759 10354   650 10045 10672 10675 10674 10684
                              10686 11043
    7296   2   1   1   0   1  10427  9507  9497  9513 11140  9457 11149 11141
                               9425  9446
    7297   2   1   1   0   1    650   778   759  2489  2486  8719 10674  2464
                               2465 12272
    7298   2   1   1   0   1   8732 10045    15     9 12274  9800  8714  8713
                               9798  8704
    7299   2   1   1   0   1  10390 10411 10344 10441 11436 11005 10902 11237
                              11434 12159
    7300   2   1   1   0   1     34  9275  9527   377  9274 12687  9293   376
                              12784  9291
 
    ELEM MAT TYP REL ESY SEC        NODES
 
    7301   2   1   1   0   1  10336 10041   437 10037 11698  9892 12100 11727
                               9898  9891
    7302   2   1   1   0   1  10344 10345  9767   484 10624 10623 10625 12072
                              12076  9661
    7303   2   1   1   0   1    356   524 10334   539 12712 10697 12827 10086
                               9560 10698
    7304   2   1   1   0   1    284   208   615   617 12678 10125  9603  9602
                              10126   616
    7305   2   1   1   0   1  10317   286   391   389 10511  9824 12645 10510
                               9825   390
    7306   2   1   1   0   1    461   346   514   459  9345 12826  9864   460
                               9344  9863
    7307   2   1   1   0   1   2101   785    40  9497  2093   786  2021 12931
                               9495  9496
    7308   2   1   1   0   1    541   522 10334   520  9555 10629 10771  9563
                                521 10796
    7309   2   1   1   0   1    447   445 10321   500   446 10507 12957  9852
                               9851 10533
    7310   2   1   1   0   1   9778  9276    28 10043 12958  9270  9549 12681
                              12684  9787
 
    ELEM MAT TYP REL ESY SEC        NODES
 
    7311   2   1   1   0   1    334   561   449   447 10106 12848  9333  9332
                              12849   448
    7312   2   1   1   0   1    445   498 10321   500  9850 10516 10507  9851
                                499 10533
    7313   2   1   1   0   1    216   383   292   385  9303  9813 10534  9304
                                384  9812
    7314   2   1   1   0   1    627   292   383   294  9612  9813 12717  9613
                                293  9818
    7315   2   1   1   0   1    216   627   292   383 10135  9612 10534  9303
                              12717  9813
    7316   2   1   1   0   1   8674    24 10044    22  8653  9804 12911  8654
                               8646  9803
    7317   2   1   1   0   1  10317   210   389   391 10509  9309 10510 12645
                               9310   390
    7318   2   1   1   0   1    815 10015 10032  2099 10006  9959  9965  2097
                              12393 12175
    7319   2   1   1   0   1  10446   813  2118 10038 12173  2030 11883 11523
                               9796 11885
    7320   2   1   1   0   1   9778    35    28  9276  9550  9265  9549 12958
                               9269  9270
 
    ELEM MAT TYP REL ESY SEC        NODES
 
    7321   2   1   1   0   1   9778 10314    35  9276 12682 10071  9550 12958
                              12650  9269
    7322   2   1   1   0   1   9276 10043   374    28 12684  9806  9268  9270
                               9787   373
    7323   2   1   1   0   1    377 10314  9275 10313 12782 12685 12784 12781
                              10068 12686
    7324   2   1   1   0   1    377   633   631   298 12785   632 12925  9815
                               9621  9617
    7325   2   1   1   0   1    379   296   298   631  9817   297  9814 12924
                               9616  9617
    7326   2   1   1   0   1  10324   288   387   290 12846  9823 12660 10540
                                289  9820
    7327   2   1   1   0   1    629   296   381   631  9615  9816 12662   630
                               9616 12663
    7328   2   1   1   0   1    222   631   377   633 10140 12925  9369 10141
                                632 12785
    7329   2   1   1   0   1  10366 10306 10331 10381 11306 12794 10833 10835
                              11307 10831
    7330   2   1   1   0   1  10397 10401 10304  1138 10947 10951 10950 10932
                              12899 12523
 
    ELEM MAT TYP REL ESY SEC        NODES
 
    7331   2   1   1   0   1    792  1304 10424 10464  1290 12122 12850 12522
                              12123 11488
    7332   2   1   1   0   1  10426  1147  1137  1131 12495  1079 11105 12508
                               1071  1086
    7333   2   1   1   0   1  10367   820  9757  9748 11346 12768 12767 11114
                              11347  9718
    7334   2   1   1   0   1   1141  9772   788  1148 12110 11627  1104  1053
                              12519  1063
    7335   2   1   1   0   1   9748  1130    11   917 12499  1050  9747  9746
                               1128   918
    7336   2   1   1   0   1  10466  9760 10450  9764 12721 12723 11511 12087
                               9699 12089
    7337   2   1   1   0   1  10441  9149  9150  9191 12165  9054 11226 11223
                               9009  9008
    7338   2   1   1   0   1  10469   675   677  1310 12077   676 11747 11744
                               1278  1279
    7339   2   1   1   0   1  10469 10341 10449   881 12079 11286 12080 12357
                              12157 12082
    7340   2   1   1   0   1   1143 10397  1142 10301 10935 11804  1088 10936
                              10934 12912
 
    ELEM MAT TYP REL ESY SEC        NODES
 
    7341   2   1   1   0   1  10364   828   866   864 12171 12806 11649 10727
                              12939   865
    7342   2   1   1   0   1    443   567   330 10321 10523 10147  9360 10522
                              10515 10508
    7343   2   1   1   0   1    443   567   498   496 10523  9618  9849  9848
                               9619   497
    7344   2   1   1   0   1   9757  3076    12    11 12918  3054  9541  9720
                               3053  1152
    7345   2   1   1   0   1   9753  9161   169   167 12582  9109  9733  9732
                               9108   168
    7346   2   1   1   0   1    508   555   340   553  9575 10100 12836  9574
                                554 10099
    7347   2   1   1   0   1  10400  1135  1136  1146 12916  1095 12237 10966
                               1080  1081
    7348   2   1   1   0   1  10403   830 10381  1134 12482 12167 10954 10957
                               1120 10958
    7349   2   1   1   0   1  10366 10306  9770  9761 11306 11308 11302 11339
                              11295  9683
    7350   2   1   1   0   1  10348  9525   417   419 10868  9381 10640 12010
                               9382   418
 
    ELEM MAT TYP REL ESY SEC        NODES
 
    7351   2   1   1   0   1    266   411   190   268  9881  9363 10647   267
                               9843 12948
    7352   2   1   1   0   1    391 10317   617   284 12645 12705 12646  9827
                              12644  9602
    7353   2   1   1   0   1  10324   290   387   385 10540  9820 12660 10538
                               9821   386
    7354   2   1   1   0   1    288   387   212   621  9823  9307 10496  9606
                              12661 10130
    7355   2   1   1   0   1    692   711   730   728  2004  8664 12689 12843
                               8650   729
    7356   2   1   1   0   1    526   535   360   528  9558 10082 12928   527
                               9556 12959
    7357   2   1   1   0   1    526   528   360   475   527 12959 12928  9875
                               9876  9359
    7358   2   1   1   0   1    535   360   528   533 10082 12959  9556   534
                              10081  9622
    7359   2   1   1   0   1  10466 10469   675   881 11510 12077 11502 12356
                              12357 12952
    7360   2   1   1   0   1  10042    31  8092   365  9788  8090 12884  9810
                                364  8088
 
    ELEM MAT TYP REL ESY SEC        NODES
 
    7361   2   1   1   0   1   3049     7     6  9756  3032  1151  3030 12671
                               9540  9725
    7362   2   1   1   0   1    583 10302   585 10465 10231 10222   584 12449
                              11493 12116
    7363   2   1   1   0   1    457   342   510   455  9341 12772  9860   456
                               9340  9859
    7364   2   1   1   0   1    463   348   516   461  9347 12825  9866   462
                               9346  9865
    7365   2   1   1   0   1  10467  1301  9749   671 12231 12894 12234 11495
                               1274 12235
    7366   2   1   1   0   1   9497  2101   688    40 12931  2078 11150  9496
                               2021   687
    7367   2   1   1   0   1  10427  9509  9513  9497 11676  9447 11141 11149
                               9460  9446
    7368   2   1   1   0   1  10427   690   692 10429 11147   691 11675 11134
                              12932 12492
    7369   2   1   1   0   1  10427  2101   688  9497 11130  2078 11146 11149
                              12931 11150
    7370   2   1   1   0   1  10391 10027    68 10028 12295  9980 11869 10910
                               9933  9978
 
    ELEM MAT TYP REL ESY SEC        NODES
 
    7371   2   1   1   0   1  10342   581 10450 10305 11856 12591 11285 11855
                              10180 11864
    7372   2   1   1   0   1  10480   314  9502  9516 11773  9455 11774 12405
                               9422  9437
    7373   2   1   1   0   1  10435  9237  9225  9246 11594  8845 12955 12954
                               8812  8829
    7374   2   1   1   0   1  10407  9217  9193  9153 11186  8941 11178 12862
                               8940  8737
    7375   2   1   1   0   1  10409  9197 10417 10418 12888 12642 12400 11640
                              12859 11065
    7376   2   1   1   0   1  10389  9178  9177  9212 11709  9028 11705 12885
                               8962  8961
    7377   2   1   1   0   1    312  9502     3 10298  9462  9284   311 10229
                              11775 10056
    7378   2   1   1   0   1   9184  9185    55  9502  9021  9061  9062 11783
                              11785  9485
    7379   2   1   1   0   1   9236 10417 10418 10386 11061 11065 11064 10874
                              11912 11637
    7380   2   1   1   0   1  10485 10451   638 10448 12417 12960 12887 12416
                              12288 12419
 
    ELEM MAT TYP REL ESY SEC        NODES
 
    7381   2   1   1   0   1  10294   174  9504  9501 10228  9453 11959 12695
                               9479  9477
    7382   2   1   1   0   1  10327 10447 10448 10405 11276 11279 11278 10976
                              11563 12385
    7383   2   1   1   0   1  10298   312  9502   314 10229  9462 11775 10230
                                313  9455
    7384   2   1   1   0   1   9171   112 10298 10290  9089 10248 12856 12801
                              10270 10202
    7385   2   1   1   0   1  10409  9156   749  9157 12858  9118 11567 12402
                               9047  9117
    7386   2   1   1   0   1  10405 10485 10451  9518 11921 12417 11329 11328
                              12633 11323
    7387   2   1   1   0   1  10327   749   642 10447 10553 10556 10555 11276
                              11798 11277
    7388   2   1   1   0   1  10473   747   745  9158 11794   746 11792 12875
                               9115  9114
    7389   2   1   1   0   1  10485 10451  9498   638 12417 12518 12515 12887
                              12960 12423
    7390   2   1   1   0   1  10473  9199 10417  9158 12902 11765 12403 12875
                               8992 12876
 
    ELEM MAT TYP REL ESY SEC        NODES
 
    7391   2   1   1   0   1  10409   749 10404 10447 11567 11282 10997 11564
                              11798 11562
    7392   2   1   1   0   1  10432   431 10033 10035 12214  9924 11316 12427
                               9907  9946
    7393   2   1   1   0   1  10435 10406  9152 10018 11690 11183 11176 12725
                              11570 12503
    7394   2   1   1   0   1  10327   644   755   646 11325 12938 11272 11271
                                645 11274
    7395   2   1   1   0   1  10433  2290  2294  2293 11541  2220 11822 11538
                               2219  2215
    7396   2   1   1   0   1  10471  2293  2291  2290 11539  2218 12386 11540
                               2219  2237
    7397   2   1   1   0   1   9520   668  2297    38  9286  2208 12533  9412
                                669  2210
    7398   2   1   1   0   1  10431   661  2282  2298 12935  2268 11473 11154
                               2204  2203
    7399   2   1   1   0   1  10471  2280  2281  2291 11542  2245 12424 12386
                               2233  2236
    7400   2   1   1   0   1  10432 10033   431 10039 11316  9924 12214 11160
                               9927  9923
 
    ELEM MAT TYP REL ESY SEC        NODES
 
    7401   2   1   1   0   1  10474   728 10494  8542 12066 12788 12564 12061
                               8498 12459
    7402   2   1   1   0   1   8554 10349  8553  8590 12409 11578  8417  8354
                              11581  8355
    7403   2   1   1   0   1  10382 10353   180  9521 10862 10867 10866 12630
                              12198  9400
    7404   2   1   1   0   1   9498    36  2281   664  9493  2199 12425  9494
                                663  2271
    7405   2   1   1   0   1    636  2488    36  9506  2468  2469   635 12747
                              12654  9471
    7406   2   1   1   0   1  10472  2285  2284   655 12893  2242 11820 11818
                               2262  2265
    7407   2   1   1   0   1    328   443   567   330  9361 10523 10149   329
                               9360 10147
    7408   2   1   1   0   1  10485  9517  9506  9510 11919  9434 12514 11931
                               9427  9458
    7409   2   1   1   0   1  10321   447   563   332 12957 12961 12944 10506
                               9331 10108
    7410   2   1   1   0   1  10438 10030 10015 10034 11480  9969 11483 11202
                               9951  9952
 
    ELEM MAT TYP REL ESY SEC        NODES
 
    7411   2   1   1   0   1    512   549   344   514  9571 10095 12750   513
                               9568 12878
    7412   2   1   1   0   1   9182    64 10020 10029  9066 10001 12753 12898
                               9977  9970
    7413   2   1   1   0   1    344   514   459   512 12878  9863  9343 12750
                                513  9862
    7414   2   1   1   0   1    178   176  9504 10294   177  9454  9445 10213
                              10227 11959
    7415   2   1   1   0   1  10020  9755  9754 10442 12840  9727 12755 12751
                              12614 12611
    7416   2   1   1   0   1  10042  9526  8093 10312 12962 12946 12926 12796
                              12947 12770
    7417   2   1   1   0   1    482  9755 10020 10029  9706 12840  9968  9967
                              12841  9970
    7418   2   1   1   0   1  10027    70  9178  9179  9982  9075 11707 10899
                               9072  9027
    7419   2   1   1   0   1  10042  9526   477    32 12962  9296  9809  9811
                               9297   478
    7420   2   1   1   0   1  10042   365  8093    32  9810  8084 12926  9811
                                366  8085
 
    ELEM MAT TYP REL ESY SEC        NODES
 
    7421   2   1   1   0   1  10411  9222  9240  9245 11444  8831 11443 11451
                               8832  8807
    7422   2   1   1   0   1  10382   419 10036   421 12009  9900 10852 12201
                                420  9905
    7423   2   1   1   0   1  10345  9766  9767  9755 12044  9690 10623 12615
                               9692  9689
    7424   2   1   1   0   1  10383  9523 10382   421 12014 12200 10851 12456
                               9393 12201
    7425   2   1   1   0   1  10333 10311   593   595 10588 10156 10589 10651
                              10155   594
    7426   2   1   1   0   1  10333   593  9776   260 10589  9634 11940 10642
                               9537  9538
    7427   2   1   1   0   1  10461  9762  9769  9752 12830  9680 12029 12557
                               9681  9684
    7428   2   1   1   0   1  10388  2102 10422  9507 12265 12263 11525 11528
                              12554 11145
    7429   2   1   1   0   1    781  9507  2102  2117  9466 12554  2092  2035
                              12537  2033
    7430   2   1   1   0   1  10461  9762 10019  9769 12830 12672 12832 12029
                               9680 12792
 
    ELEM MAT TYP REL ESY SEC        NODES
 
    7431   2   1   1   0   1  10471   638 10451 10448 12418 12960 11546 12287
                              12419 12288
    7432   2   1   1   0   1  10387   655  2111  2112 11882  2071 10887 11824
                               2070  2057
    7433   2   1   1   0   1  10416 10432 10433 10472 11159 11163 11162 11819
                              11548 11550
    7434   2   1   1   0   1  10431 10416   661 10039 11155 11888 12935 11157
                              11156 12008
    7435   2   1   1   0   1  10355 10415 10434 10033 11047 11313 12271 11049
                              11048 11174
    7436   2   1   1   0   1   9181 10029    66    64 12897  9976  9068  9069
                               9977    65
    7437   2   1   1   0   1  10448   642  2290   640 11280  2253 12387 11795
                                641  2252
    7438   2   1   1   0   1   8565   144   146 10019  8452   145  8453 12835
                              10004  9989
    7439   2   1   1   0   1    666   664  9498  2281   665  9494  9482  2270
                               2271 12425
    7440   2   1   1   0   1      8  9258 10020   480  8776 12745  9790   479
                              12754  9971
 
    ELEM MAT TYP REL ESY SEC        NODES
 
    7441   2   1   1   0   1  10433 10472  2293  2284 11550 11552 11538 11821
                              11820  2227
    7442   2   1   1   0   1    894   875  3049   671  8692 12670  3031  3035
                              12735  3029
    7443   2   1   1   0   1   9764  9756  9751 10470  9698  9722  9695 12086
                              12606 12734
    7444   2   1   1   0   1  10415   644   646 10434 11326   645 11054 11313
                              11745 11988
    7445   2   1   1   0   1    644   755   772   753 12938  8708  2483 11209
                                754  8728
    7446   2   1   1   0   1    644   770   751   753  2481  8727 12512 11209
                               8707   752
    7447   2   1   1   0   1  10312   477   362   533 12798  9373 10075 10076
                              12797 10142
    7448   2   1   1   0   1    477 10042 10312  9526  9809 12796 12798  9296
                              12962 12947
    7449   2   1   1   0   1    526   358   473   475 12697  9357  9874  9875
                               9358   474
    7450   2   1   1   0   1  10471 10433  2290 10448 11537 11541 11540 12287
                              11311 12387
 
    ELEM MAT TYP REL ESY SEC        NODES
 
    7451   2   1   1   0   1     30 10312   368  8093 10054 10077   367  8087
                              12770  8086
    7452   2   1   1   0   1    533   360   528   477 10081 12959  9622 12797
                               9370  9877
    7453   2   1   1   0   1  10433  2290 10448  2289 11541 12387 11311 12290
                               2238 12291
    7454   2   1   1   0   1  10487  9163  9186  9164 12306  9019 12309 12541
                               9041  8986
    7455   2   1   1   0   1  10450  9765  9760  9763 11288  9697 12723 12230
                               9678  9700
    7456   2   1   1   0   1  10466   879   881   675 11514   880 12356 11502
                              12895 12952
    7457   2   1   1   0   1   9526   362    30 10312  9294   363  9295 12947
                              10075 10054
    7458   2   1   1   0   1  10469   881   677   675 12357 12592 11747 12077
                              12952   676
    7459   2   1   1   0   1  10486 10479  1300  9759 12370 12373 12372 12329
                              12223 11980
    7460   2   1   1   0   1   9526    32  8093    30  9297  8085 12946  9295
                               8082  8087
 
    ELEM MAT TYP REL ESY SEC        NODES
 
    7461   2   1   1   0   1  10410  9187  9146  9188 12778  9016 12691 11939
                               8946  9015
    7462   2   1   1   0   1    675 10467   673  1311 11503 11498   674  1277
                              12078  1276
    7463   2   1   1   0   1  10360  8640 10294  9501 12874 12693 11957 11963
                              12942 12695
    7464   2   1   1   0   1    675   677   900   881   676  3041  3038 12952
                              12592  8697
    7465   2   1   1   0   1     48    50 10303  1312    49 10237 10238  1272
                               1273 12254
    7466   2   1   1   0   1      1   685  1306 10288   686  1287  1226 10278
                              12450 11810
    7467   2   1   1   0   1   1306 10288  1316    48 11810 12520  1250  1271
                              10275  1227
    7468   2   1   1   0   1   9527   224   377 10313  9290  9372  9291 12688
                              10072 12781
    7469   2   1   1   0   1   1138 10304   796 10401 12523 12525  1111 12899
                              10951 12375
    7470   2   1   1   0   1  10301  1143  1138  1149 10936  1087 10933 12919
                               1051  1058
 
    ELEM MAT TYP REL ESY SEC        NODES
 
    7471   2   1   1   0   1   1318     2    50 10302  1233    51  1232 12132
                              10239 10240
    7472   2   1   1   0   1  10424   790   792 10401 11096   791 12850 11630
                              11624 11625
    7473   2   1   1   0   1    208   615   282   284 10125  9600 12956 12678
                               9603   283
    7474   2   1   1   0   1  10464  1312  1318  1302 12324  1228 12130 12491
                               1259  1230
    7475   2   1   1   0   1  10301    87  1143    85 10241  1101 10936 10242
                                 86  1100
    7476   2   1   1   0   1  10397 10381 10419 10399 10955 12092 12091 10942
                              12270 12090
    7477   2   1   1   0   1  10473  9199  9158  9159 12902  8992 12875 12950
                               8991  9045
    7478   2   1   1   0   1  10417  9157  9158  9198 12401  9046 12876 12643
                               8994  8993
    7479   2   1   1   0   1   9181  9182 10029    64  9024 12898 12897  9069
                               9066  9977
    7480   2   1   1   0   1   9275    34   374 10043  9274   375  9273 12683
                               9808  9806
 
    ELEM MAT TYP REL ESY SEC        NODES
 
    7481   2   1   1   0   1  10324   214   621   623 10539 10131 12659 10535
                              10132   622
    7482   2   1   1   0   1  10391 10442 10029  9181 11240 12042 12041 11871
                              12838 12897
    7483   2   1   1   0   1    500   563   447   502  9582 12961  9852   501
                               9581  9853
    7484   2   1   1   0   1  10296   122   124  9166 10255   123 10254 12890
                               9099  9098
    7485   2   1   1   0   1  10449 10491 10482   885 12083 12593 11852 11828
                              12355 11832
    7486   2   1   1   0   1  10495  9232  9201  9218 12435  8884 12774 12431
                               8851  8886
    7487   2   1   1   0   1  10391  9181 10029    66 11871 12897 12041 11872
                               9068  9976
    7488   2   1   1   0   1  10442 10345 10028  9755 11239 10911 12043 12614
                              12615 12616
    7489   2   1   1   0   1  10392  9191  9150  9192 11222  9008 11225 11220
                               8942  9007
    7490   2   1   1   0   1  10444  9768  9766  9751 12566  9688 12040 12574
                               9529  9691
 
    ELEM MAT TYP REL ESY SEC        NODES
 
    7491   2   1   1   0   1    445   330 10321   443  9329 10508 10507   444
                               9360 10522
    7492   2   1   1   0   1  10414 10434 10355   646 11171 12271 11555 11568
                              11988 10691
    7493   2   1   1   0   1    875 10466  9756   671 12603 12605 12607 12735
                              11496 12233
    7494   2   1   1   0   1  10470 10343  9768  9764 12588 12587 12567 12086
                              12590  9687
    7495   2   1   1   0   1  10340 10344 10341 10339 12294 11010 12161 10605
                              10615 10609
    7496   2   1   1   0   1  10389 10026  9177 10027 11603 11706 11705 10898
                               9934 11708
    7497   2   1   1   0   1  10026    72  9177 10027  9983  9077 11706  9934
                               9981 11708
    7498   2   1   1   0   1  10495 10296  9165  9202 12361 12743 12741 12821
                              12823  8982
    7499   2   1   1   0   1  10389  9212  9211  9239 12885  8921 11602 11704
                               8868  8867
    7500   2   1   1   0   1  10495  9164  9165   126 12543  9040 12741 12742
                               9103  9100
 
    ELEM MAT TYP REL ESY SEC        NODES
 
    7501   2   1   1   0   1  10478   887   889   681 11834   888 11990 11851
                              12951 12922
    7502   2   1   1   0   1  10495  9201  9186  9218 12774  8932 12308 12431
                               8886  8915
    7503   2   1   1   0   1    567   330 10321   565 10147 10508 10515   566
                              10146 10514
    7504   2   1   1   0   1    671  9756     6  9749 12233  9725   670 12235
                               9723  9744
    7505   2   1   1   0   1    447   332   334   563  9331   333  9332 12961
                              10108 10107
    7506   2   1   1   0   1    332   445 10321   447  9330 10507 10506  9331
                                446 12957
    7507   2   1   1   0   1  10435 10318  9237  9246 11591 10500 11594 12954
                              12440  8812
    7508   2   1   1   0   1  10385  9167 10297 10296 11076 12819 11074 12736
                              12818 10203
    7509   2   1   1   0   1  10409  9197  9196  9156 12888  8936 12636 12858
                               8996  8997
    7510   2   1   1   0   1    557   338   506   555 10102 12881  9576   556
                              10101  9531
 
    ELEM MAT TYP REL ESY SEC        NODES
 
    7511   2   1   1   0   1   9500     4   743  9506  9490   742 11911  9468
                               9470 12655
    7512   2   1   1   0   1  10433  2290  2289  2294 11541  2238 12290 11822
                               2220  2221
    7513   2   1   1   0   1  10480  9199  9183  9184 11764  8990 12802 11782
                               8952  9022
    7514   2   1   1   0   1  10480  9515  9502  9184 12700  9441 11774 11782
                              12476 11783
    7515   2   1   1   0   1     38   653  9519  2117   652 10973  9415  2036
                               2034 10974
    7516   2   1   1   0   1  10473  9159  9158   745 12950  9045 12875 11792
                               9113  9114
    7517   2   1   1   0   1  10319 10041 10026 10027 12075  9914 11599 12045
                               9915  9934
    7518   2   1   1   0   1    480 10020  9755  9754  9971 12840  9707  9726
                              12755  9727
    7519   2   1   1   0   1  10460  9242  9218  9219 12504  8839 12437 12187
                               8838  8861
    7520   2   1   1   0   1  10389  9211  9212  9177 11602  8921 12885 11705
                               8964  8961
 
    ELEM MAT TYP REL ESY SEC        NODES
 
    7521   2   1   1   0   1   9252 10319  9237  9238 11419 10501  8810  8811
                              11420  8844
    7522   2   1   1   0   1  10473  9183  9159  9260 12226  9044 12950 11909
                               8765  8749
    7523   2   1   1   0   1  10317   286   619   617 10511  9604 10497 12705
                               9605   618
    7524   2   1   1   0   1     59  9500  9260  9183  9489 11908  8767  9065
                              12227  8765
    7525   2   1   1   0   1  10480  9231  9199  9208 11761  8888 11764 12399
                               8874  8916
    7526   2   1   1   0   1  10410 10482  9146  9145 12163 12599 12691 12432
                              11967  9058
    7527   2   1   1   0   1  10394  9195  9228  9248 10916  8895 10920 11722
                               8745  8824
    7528   2   1   1   0   1    764   638   745   636  2476 12900  8723  2473
                                637 12940
    7529   2   1   1   0   1  10310 10290 10386 10298 10190 10881 11788 10187
                              10202 10882
    7530   2   1   1   0   1    633   300   298   377  9626   299  9621 12785
                               9879  9815
 
    ELEM MAT TYP REL ESY SEC        NODES
 
    7531   2   1   1   0   1    762   636   743  2488  2474 12746  8721  2470
                               2468 12652
    7532   2   1   1   0   1  10356   755 10327 10404 11273 11272 10980 10978
                              10968 10977
    7533   2   1   1   0   1  10327   753   755   644 11275   754 11272 11325
                              11209 12938
    7534   2   1   1   0   1    224 10314   633   377 10058 10070 10143  9372
                              12782 12785
    7535   2   1   1   0   1    633 10043   300   377 12680  9805  9626 12785
                               9807  9879
    7536   2   1   1   0   1  10407  9152   757  9153 11177  9126 11181 12862
                               9051  9125
    7537   2   1   1   0   1    642   640   749   768   641 12869 10556  2480
                               2477  8726
    7538   2   1   1   0   1  10418  9235  9249  9229 11069  8814 12953 12641
                               8821  8822
    7539   2   1   1   0   1  10437   730 10494   728 12949 12762 12471 12502
                                729 12788
    7540   2   1   1   0   1  10319 10026 10041 10025 11599  9914 12075 11607
                               9935  9781
 
    ELEM MAT TYP REL ESY SEC        NODES
 
    7541   2   1   1   0   1  10380  8540   730   732 12276  8503 12763 11354
                               8502   731
    7542   2   1   1   0   1  10474  9514  9511  9499 12617  9443 11616 12621
                               9444  9450
    7543   2   1   1   0   1  10316 10300   685     1 10060 11984 12701 10062
                              10244   686
    7544   2   1   1   0   1  10435  9173 10018  9152 11935 12749 12725 11176
                               8733 12503
    7545   2   1   1   0   1  10407  9152 10435 10406 11177 11176 11175 10982
                              11183 11690
    7546   2   1   1   0   1    322   492   324   439 12097 10557   323  9377
                               9890  9376
    7547   2   1   1   0   1  10485   636   745   638 12929 12940 12937 12887
                                637 12900
    7548   2   1   1   0   1    732   730   694   711   731 12690 12638  8663
                               8664  2005
    7549   2   1   1   0   1  10388  2110  2115  2111 10885  2044 11683 10888
                               2058  2043
    7550   2   1   1   0   1    736   717   696   698  8670  2009 12629 12628
                               2010   697
 
    ELEM MAT TYP REL ESY SEC        NODES
 
    7551   2   1   1   0   1    692 10430 10454 10423 11358 11355 11359 11671
                              11674 11366
    7552   2   1   1   0   1   9762  8566  8584 10019 12675  8333 12831 12672
                              12676 12863
    7553   2   1   1   0   1  10320  9237  9238  9210 10504  8844 11431 12920
                               8872  8869
    7554   2   1   1   0   1   8579 10380  8580 10351 12333 10816  8321 12332
                              10815 10813
    7555   2   1   1   0   1  10349  8590  8589  8553 11581  8311 10656 11578
                               8355  8356
    7556   2   1   1   0   1  10350  8581  8609  8610 12279  8281 10658 12280
                               8278  8245
    7557   2   1   1   0   1  10489  9503  9499  8567 12068  9463 12247 12047
                              12069 12941
    7558   2   1   1   0   1   8544  9752   307  8545 12560  9734  8495  8425
                              12559  8492
    7559   2   1   1   0   1   8641  9762   303    21 12673  9703  8160  8161
                               9542   302
    7560   2   1   1   0   1  10353  9521 10490   178 12198 12452 12415 12197
                               9406 12414
 
    ELEM MAT TYP REL ESY SEC        NODES
 
    7561   2   1   1   0   1  10294   176  9504   174 10227  9454 11959 10228
                                175  9453
    7562   2   1   1   0   1  10352 10361 10436 10357 11193 11196 11195 11582
                              10713 12461
    7563   2   1   1   0   1  10358  8554 10289   231 10718 12811 12196 10719
                               8474 10273
    7564   2   1   1   0   1  10360  9501 10294  9504 11963 12695 11957 11956
                               9477 11959
    7565   2   1   1   0   1   9499 10490  9514  9503 12803 12618  9444  9463
                              12412  9435
    7566   2   1   1   0   1  10333   260  9776   258 10642  9538 11940 12886
                                259  9639
    7567   2   1   1   0   1  10495  9201  9202  9165 12774  8931 12821 12741
                               8985  8982
    7568   2   1   1   0   1  10369  8625  8631  8637 12488  8197 12744 10749
                               8183  8182
    7569   2   1   1   0   1   8549 10291   243  8548 12915 10267  8485  8422
                              12812  8486
    7570   2   1   1   0   1   8640   133    19  9501  8164   132  8165 12942
                               9487  9283
 
    ELEM MAT TYP REL ESY SEC        NODES
 
    7571   2   1   1   0   1  10316     1  3050     5 10062  3027 12703 10063
                               1319  3028
    7572   2   1   1   0   1   8553   233 10289  8554  8476 10274 12766  8417
                               8475 12811
    7573   2   1   1   0   1  10464  1314  1303  1315 12119  1255 12521 11943
                               1240  1252
    7574   2   1   1   0   1    241   239 10292  8550   240 10265 10266  8483
                               8482 12815
    7575   2   1   1   0   1    237 10293  8552   235 10263 12943  8479   236
                              10262  8478
    7576   2   1   1   0   1     48  1316  1312 10303  1227  1241  1272 10238
                              12446 12254
    7577   2   1   1   0   1  10464 10492 10303  1312 12117 12323 12369 12324
                              12325 12254
    7578   2   1   1   0   1  10450 10343  9764  9765 11290 12590 12089 11288
                              11291  9696
    7579   2   1   1   0   1  10315   834 10299    10 12728 12809 10064 10065
                                835 10247
    7580   2   1   1   0   1    677 10449   883   881 11841 11831 11842 12592
                              12082   882
 
    ELEM MAT TYP REL ESY SEC        NODES
 
    7581   2   1   1   0   1  10371  8593  8617  8606 12879  8260 10763 10761
                               8261  8237
    7582   2   1   1   0   1  10372  8619  8595  8596 12817  8256 11253 11396
                               8255  8305
    7583   2   1   1   0   1  10372  8595  8619  8618 11253  8256 12817 11252
                               8257  8235
    7584   2   1   1   0   1    160  8557  8558 10017  8468  8414  8467 10000
                              12692 12486
    7585   2   1   1   0   1  10495  9164  9201  9165 12543  8984 12774 12741
                               9040  8985
    7586   2   1   1   0   1  10477 10469 10479 10468 11746 11743 11737 12331
                              11504 12222
    7587   2   1   1   0   1  10464 10302  1318 10303 11490 12132 12130 12369
                              10233 12253
    7588   2   1   1   0   1    843   824   862   826  3065 12511  8112  3066
                                825 12793
    7589   2   1   1   0   1  10368   862  8532  8533 10745  8519 12553 12466
                               8516  8438
    7590   2   1   1   0   1  10373  8634  8639  8623 11039  8174 12601 10788
                               8189  8175
 
    ELEM MAT TYP REL ESY SEC        NODES
 
    7591   2   1   1   0   1  10369  8606  8617  8631 10760  8237 10762 12744
                               8207  8206
    7592   2   1   1   0   1  10376 10445 10330 10452 11248 11463 10781 11385
                              11384 11464
    7593   2   1   1   0   1  10379  8606  8578  8577 12006  8287 12820 11999
                               8286  8323
    7594   2   1   1   0   1  10369  8606  8631  8625 10760  8207 12744 12488
                               8222  8197
    7595   2   1   1   0   1  10413  8600  8585  8612 11026  8274 12765 11754
                               8243  8273
    7596   2   1   1   0   1  10336 10037   435 10408 11727  9897 12538 11726
                              10991 12517
    7597   2   1   1   0   1  10370  8637  8634  8635 10750  8167 11038 12833
                               8125  8173
    7598   2   1   1   0   1  10413 10291  8548 10285 11925 12812 12799 11926
                              10210 12790
    7599   2   1   1   0   1  10473  9159   745   743 12950  9113 11792 11910
                               9112   744
    7600   2   1   1   0   1  10394  9248  9247  9227 11722  8803 10924 10915
                               8825  8826
 
    ELEM MAT TYP REL ESY SEC        NODES
 
    7601   2   1   1   0   1  10330 10040 10021 10036 11881  9794 12477 12367
                               9899  9942
    7602   2   1   1   0   1  10480  9208  9184  9185 12399  8951 11782 11784
                               8950  9021
    7603   2   1   1   0   1  10457   575   320   573 11380 10160 12107 11378
                                574 10164
    7604   2   1   1   0   1  10374  8623  8602  8572 10789  8229 12026 12546
                               8134  8294
    7605   2   1   1   0   1  10370  8638  8636  8635 10811  8171 10747 12833
                               8169  8166
    7606   2   1   1   0   1   8122   872  3075   853  8100 12727 12658  8099
                               8107  3057
    7607   2   1   1   0   1    360   528   477   475 12959  9877  9370  9359
                               9876   476
    7608   2   1   1   0   1  10285    26   247  8645 10284   248 10283 12810
                               8145  8144
    7609   2   1   1   0   1  10296   124  9165  9166 10254  9101 12743 12890
                               9098  9039
    7610   2   1   1   0   1   9520    38  2297   653  9412  2210 12533 11655
                                652  2209
 
    ELEM MAT TYP REL ESY SEC        NODES
 
    7611   2   1   1   0   1  10445 10458  8605 10461 11387 11460 11459 11456
                              11458 12913
    7612   2   1   1   0   1  10042  8093  8092 10312 12926  8083 12884 12796
                              12770 12771
    7613   2   1   1   0   1   9526   477   362 10312  9296  9373  9294 12947
                              12798 10075
    7614   2   1   1   0   1  10376  8603  8620  8621 12945  8225 11245 11395
                               8131  8233
    7615   2   1   1   0   1  10376  8603  8602  8624 12945  8249 12027 11256
                               8227  8226
    7616   2   1   1   0   1  10445  8564 10024  8599 12808 12787 12470 12549
                               8336 12550
    7617   2   1   1   0   1   1141  9758  1148  1131 12714 12207  1053  1047
                              12206  1062
    7618   2   1   1   0   1  10372  8619  8596  8620 12817  8255 11396 11246
                               8234  8254
    7619   2   1   1   0   1    868 10374  8529 10375 12561 10775  8525 11643
                              10772 10776
    7620   2   1   1   0   1  10458  8604  8575  8574 11455  8291 12804 12468
                               8290  8325
 
    ELEM MAT TYP REL ESY SEC        NODES
 
    7621   2   1   1   0   1  10335 10291 10285 10307 11924 10210 10837 10592
                              10197 10198
    7622   2   1   1   0   1  10350  8581  8540  8580 12279  8375 12275 10814
                               8320  8378
    7623   2   1   1   0   1  10042  9526    32  8093 12962  9297  9811 12926
                              12946  8085
    7624   2   1   1   0   1  10418 10409  9197  9196 11640 12888 12859 11724
                              12636  8936
    7625   2   1   1   0   1  10359 10436 10489 10490 12054 12053 12049 12411
                              12057 12056
    7626   2   1   1   0   1  10347  8615  8609  8627 12627  8217 10659 10632
                               8208  8219
    7627   2   1   1   0   1  10490  9504  9521  9514 12413  9405 12452 12618
                               9436  9399
    7628   2   1   1   0   1   9197 10417 10418  9230 12642 11065 12859  8891
                              11062 11063
    7629   2   1   1   0   1   1144  1143 10397  1142  1069 10935 10964  1070
                               1088 11804
    7630   2   1   1   0   1  10285  8570  8528  8547 10838  8400 10847 12789
                               8399  8442
 
    ELEM MAT TYP REL ESY SEC        NODES
 
    7631   2   1   1   0   1  10285   245  8547   247 10269  8488 12789 10283
                                246  8489
    7632   2   1   1   0   1    851   872   834   870  8119 12729  3073  8120
                                871 11803
    7633   2   1   1   0   1  10285  8645  8547  8528 12810  8142 12789 10847
                               8141  8442
    7634   2   1   1   0   1  10346  8630  8613  8614 12847  8211 12464 10634
                               8210  8241
    7635   2   1   1   0   1  10346  8638  8630  8627 10807  8179 12847 10633
                               8126  8193
    7636   2   1   1   0   1  10364 10363   826 10362 11297 12269 10730 10726
                              10723 10729
    7637   2   1   1   0   1   8607  8625 10351  8636  8223 12487 12813  8128
                               8184 12342
    7638   2   1   1   0   1   8703     5  3050   910  8685  3028 12739  8683
                                911  3026
    7639   2   1   1   0   1  10413 10292  8550  8549 11760 12815 12814 12914
                              12865  8421
    7640   2   1   1   0   1   8550  8587  8551 10292  8361  8360  8420 12815
                              11021 11748
 
    ELEM MAT TYP REL ESY SEC        NODES
 
    7641   2   1   1   0   1    241  8550 10292  8549  8483 12815 10266  8484
                               8421 12865
    7642   2   1   1   0   1  10447   640   638   747 11796   639 12634 11793
                              12866 12901
    7643   2   1   1   0   1  10325   190   188   597 10650   189 12713 10542
                              10148 10151
    7644   2   1   1   0   1  10325   415   186   188 10550  9374 10541 12713
                               9371   187
    7645   2   1   1   0   1  10351  8626  8627  8608 12828  8196 10666 10662
                               8221  8218
    7646   2   1   1   0   1    421  9523   423 10383  9393  9394   422 12456
                              12014 12455
    7647   2   1   1   0   1  10372 10445  8596 10023 11247 11397 11396 11392
                              11462 12786
    7648   2   1   1   0   1    601   192   268   599 10110 12780  9586   600
                              10144  9587
    7649   2   1   1   0   1  10325   266   190   599 10649 10647 10650 12733
                               9585 10145
    7650   2   1   1   0   1    192   268   599   190 12780  9587 10144   191
                              12948 10145
 
    ELEM MAT TYP REL ESY SEC        NODES
 
    7651   2   1   1   0   1   8632 10371  8618  8617 10753 11250  8204  8205
                              10763  8236
    7652   2   1   1   0   1  10022 10021   158  8559  9939  9998  9785 11998
                              12711  8465
    7653   2   1   1   0   1  10376  8603  8574  8573 12945  8293 12545 12024
                               8292  8326
    7654   2   1   1   0   1  10461  8584  8576  8605 12555  8317 12562 12913
                               8275  8289
    7655   2   1   1   0   1  10325   190   597   599 10650 10148 10542 12733
                              10145   598
    7656   2   1   1   0   1  10445  8597  8596 10023 11468  8304 11397 11462
                              11469 12786
    7657   2   1   1   0   1    411   413   266   190   412  9880  9881  9363
                               9367 10647
    7658   2   1   1   0   1    451   338   506   559  9336 12881  9857 12930
                              10103  9577
    7659   2   1   1   0   1  10488  8534  8576  8535 12151  8387 12153 12140
                               8436  8388
    7660   2   1   1   0   1  10461  8565 10019  8584 12864 12835 12832 12555
                               8334 12863
 
    ELEM MAT TYP REL ESY SEC        NODES
 
    7661   2   1   1   0   1    449   336   561   334  9334 10105 12848  9333
                                335 10106
    7662   2   1   1   0   1    504   451   559   449  9856 12930  9578  9855
                                450 12923
    7663   2   1   1   0   1    358   360   475   526   359  9359  9358 12697
                              12928  9875
    7664   2   1   1   0   1  10445  8620  8597  8621 11249  8253 11468 11394
                               8233  8252
    7665   2   1   1   0   1  10376  8574  8603  8604 12545  8293 12945 11453
                               8290  8248
    7666   2   1   1   0   1  10360  8640  9501  8569 12874 12942 11963 12625
                               8136 12513
    7667   2   1   1   0   1  10376  8620  8603  8624 11245  8225 12945 11256
                               8200  8227
    7668   2   1   1   0   1  10358   229  8555   231 12563  8472 10720 10719
                                230  8473
    7669   2   1   1   0   1  10445  8621  8605  8604 11394  8232 11459 11454
                               8224  8247
    7670   2   1   1   0   1  10458  8534  8575  8576 12152  8390 12804 12154
                               8387  8324
 
    ELEM MAT TYP REL ESY SEC        NODES
 
    7671   2   1   1   0   1  10489 10359 10490  9503 12049 12411 12056 12068
                              11953 12412
    7672   2   1   1   0   1  10461 10488 10365 10368 12136 12150 12036 12035
                              12032 10742
    7673   2   1   1   0   1  10351  8579  8607  8626 12332  8285 12813 12828
                               8132  8220
    7674   2   1   1   0   1  10485  9500   743  9506 11923 11911 11922 12514
                               9468 12655
    7675   2   1   1   0   1  10376  8604  8603  8621 11453  8248 12945 11395
                               8224  8131
    7676   2   1   1   0   1  10351  8636  8638  8626 12342  8171 10808 12828
                               8185  8172
    7677   2   1   1   0   1  10346  8629  8613  8630 11017  8212 12464 12847
                               8194  8211
    7678   2   1   1   0   1  10413  8550  8586  8549 12814  8362 11756 12914
                               8421  8363
    7679   2   1   1   0   1  10413  8548  8549  8585 12799  8422 12914 12765
                               8365  8364
    7680   2   1   1   0   1  10374 10376  8623 10373 12023 11382 10789 10787
                              10780 10788
 
    ELEM MAT TYP REL ESY SEC        NODES
 
    7681   2   1   1   0   1  10326   415   262   417 10549  9888 10547 10639
                                416  9887
    7682   2   1   1   0   1   8566   142   144 10019  8450   143  8451 12676
                              10003 10004
    7683   2   1   1   0   1  10413  8585  8549  8586 12765  8364 12914 11756
                               8315  8363
    7684   2   1   1   0   1   8641   303  9762  8546  8160  9703 12673  8158
                               8491 12844
    7685   2   1   1   0   1  10461  9750  9769  9773 12135  9528 12029 12028
                               9659  9660
    7686   2   1   1   0   1    152  8562 10023  8561  8459 12829  9994  8460
                               8410 11393
    7687   2   1   1   0   1  10369 10332 10373 10330 10766 10768 10765 10757
                              10568 10778
    7688   2   1   1   0   1  10430   728   730 10437 12065   729 12839 11360
                              12502 12949
    7689   2   1   1   0   1   2296   650 10414 10016  2213 11044 12530 11103
                              10683 11556
    7690   2   1   1   0   1  10414  2279 10033  2278 12531 12936 11173 12426
                               2246 11381
 
    ELEM MAT TYP REL ESY SEC        NODES
 
    7691   2   1   1   0   1    740 10044    22  8674 12906  9803   741  8652
                              12911  8654
    7692   2   1   1   0   1  10414  2287  2286  2295 11686  2241 11045 11170
                               2224  2225
    7693   2   1   1   0   1  10372  8596  8595  8561 11396  8305 11253 11390
                               8342  8343
    7694   2   1   1   0   1  10023  8562  8596  8561 12829  8341 12786 11393
                               8410  8342
    7695   2   1   1   0   1    650 10414 10016 10355 11044 11556 10683 10682
                              11555 10678
    7696   2   1   1   0   1  10432 10039   431   429 11160  9923 12214 11887
                               9926   430
    7697   2   1   1   0   1  10355 10415 10031 10356 11047 11060 10681 11053
                              11052 10695
    7698   2   1   1   0   1    429 10421 10038   427 12666 11522  9925   428
                              11518  9928
    7699   2   1   1   0   1  10361 10289   178 10294 11585 10199 12199 11958
                              10218 10213
    7700   2   1   1   0   1  10379  8537  8577  8578 12334  8385 11999 12820
                               8381  8323
 
    ELEM MAT TYP REL ESY SEC        NODES
 
    7701   2   1   1   0   1   2015    24 10044  8674  1993  9804 12907 12910
                               8653 12911
    7702   2   1   1   0   1  10459  2110   659  2109 11400  2074 11826 12218
                               2059  2075
    7703   2   1   1   0   1  10435  9237  9209  9225 11594  8871 11596 12955
                               8845  8873
    7704   2   1   1   0   1   2015   740   721  8674 12905  8659  1992 12910
                               8652  8651
    7705   2   1   1   0   1  10388  2102  9507  2117 12265 12554 11528 11665
                               2033 12537
    7706   2   1   1   0   1    719   740   702   700  8671 12908  2012  1998
                              12708   701
    7707   2   1   1   0   1  10017  8577  8536  8557 12000  8384 12182 12692
                               8383  8433
    7708   2   1   1   0   1  10421 10038   427 10032 11522  9928 11518 11535
                               9931  9948
    7709   2   1   1   0   1  10462 10439 10428   423 12341 11206 11470 11471
                              12481 11211
    7710   2   1   1   0   1    549   344   551   512 10095 10096   550  9571
                              12750  9570
 
    ELEM MAT TYP REL ESY SEC        NODES
 
    7711   2   1   1   0   1  10379  8536  8577  8537 12179  8384 11999 12334
                               8434  8385
    7712   2   1   1   0   1  10371  8593  8606  8577 12879  8261 10761 12005
                               8308  8286
    7713   2   1   1   0   1  10382 10383   421 10036 10851 12456 12201 10852
                              10854  9905
    7714   2   1   1   0   1    713   711   732   694   712  8663  8666  2006
                               2005 12638
    7715   2   1   1   0   1    340   510   553   342 12773  9572 10099   341
                              12772 10098
    7716   2   1   1   0   1    514   549   344   346  9568 10095 12878 12826
                              10094   345
    7717   2   1   1   0   1  10490 10489  9499 10474 12056 12247 12803 12060
                              12059 12621
    7718   2   1   1   0   1    235  8553 10289 10293  8477 12766 10261 10262
                              11580 10207
    7719   2   1   1   0   1    500   447   563 10321  9852 12961  9582 10533
                              12957 12944
    7720   2   1   1   0   1   8731     4  9506   743  8716  9470 12653  8715
                                742 12655
 
    ELEM MAT TYP REL ESY SEC        NODES
 
    7721   2   1   1   0   1    387 10324   621   288 12660 12659 12661  9823
                              12846  9606
    7722   2   1   1   0   1    233 10289  8554   231 10274 12811  8475   232
                              10273  8474
    7723   2   1   1   0   1   8552 10377 10293  8551 12724 11577 12943  8419
                              11749 12834
    7724   2   1   1   0   1    627   294   383   381  9613  9818 12717 12718
                               9819   382
    7725   2   1   1   0   1    206   615   282   208 10124  9600 10512   207
                              10125 12956
    7726   2   1   1   0   1    830   870   849   851 12483  8117  3071  3072
                               8120   850
    7727   2   1   1   0   1  10375   868   870  8529 11643   869 10839 10776
                               8525  8524
    7728   2   1   1   0   1    128 10487 10286 10295 12542 11972 10258 10256
                              12299 10206
    7729   2   1   1   0   1  10461 10024 10019  8565 12548  9936 12832 12864
                              12807 12835
    7730   2   1   1   0   1  10400  1135  1134   828 12916  1096 12267 12172
                               1118  1121
 
    ELEM MAT TYP REL ESY SEC        NODES
 
    7731   2   1   1   0   1   9778  9276 10043 10314 12958 12684 12681 12682
                              12650 12679
    7732   2   1   1   0   1  10017  8558  8577  8557 12486  8349 12000 12692
                               8414  8383
    7733   2   1   1   0   1   8643  8557 10017  8536  8150 12692 12816  8139
                               8433 12182
    7734   2   1   1   0   1  10427  9509 10428  9513 11676 11215 11132 11141
                               9447 11144
    7735   2   1   1   0   1  10452 10023 10040 10024 11461  9917 11875 11879
                               9937  9916
    7736   2   1   1   0   1    724   688   726   707 12855 12259   725  8648
                               2000  8661
    7737   2   1   1   0   1  10407  9153  9193  9152 12862  8737 11178 11177
                               9051  9003
    7738   2   1   1   0   1    889   681   887   906 12922 12951   888  8680
                               3046  8700
    7739   2   1   1   0   1  10347 10352 10357 10349 10668 11582 11191 10652
                              10819 10710
    7740   2   1   1   0   1  10478   885   679   883 11829 12921 11731 11830
                                884 12359
 
    ELEM MAT TYP REL ESY SEC        NODES
 
    7741   2   1   1   0   1  10430 10380 10437   730 11351 11361 11360 12839
                              12763 12949
    7742   2   1   1   0   1  10491   885   883  9147 12355   884 12084 12596
                               9137  9136
    7743   2   1   1   0   1  10411 10341 10441  9149 11011 12160 11434 12164
                              12597 12165
    7744   2   1   1   0   1  10340 10487  9216 10495 12300 12310 12429 12301
                              12303 12311
    7745   2   1   1   0   1  10376 10374 10331 10373 12023 10793 10779 10780
                              10787 10777
    7746   2   1   1   0   1    702 10044    41 10030 12909  9802   703 12389
                               9801  9975
    7747   2   1   1   0   1   9189 10410  9188  9221 11002 11939  8945  8908
                              11014  8909
    7748   2   1   1   0   1   2015    41 10044    24  1991  9802 12907  1993
                               1989  9804
    7749   2   1   1   0   1  10391  9214  9215  9180 11448  8918 12608 11868
                               8958  8955
    7750   2   1   1   0   1  10421   425  9513 10034 11516  9404 11519 11517
                               9910 11204
 
    ELEM MAT TYP REL ESY SEC        NODES
 
    7751   2   1   1   0   1    679   902   885   904  3042  8678 12921  3044
                                903  8699
    7752   2   1   1   0   1  10463   702 10030   700 12390 12389 11481 12623
                                701 12624
    7753   2   1   1   0   1  10342   579  9765   581 11372  9655 11289 11856
                                580  9656
    7754   2   1   1   0   1    679   887   904   885 11932  8679  3044 12921
                                886  8699
    7755   2   1   1   0   1  10409   751  9156  9155 11566  9119 12858 11929
                               9120  9048
    7756   2   1   1   0   1  10480 10473 10417 10408 12408 12403 11763 11786
                              11797 11913
    7757   2   1   1   0   1  10409  9156   751   749 12858  9119 11566 11567
                               9118   750
    7758   2   1   1   0   1  10447   749   640   747 11798 12869 11796 11793
                                748 12866
    7759   2   1   1   0   1  10015  2119 10463  2099 12892 12934 11484 12393
                               2024 12394
    7760   2   1   1   0   1  10473  9500 10485  9517 11907 11923 11920 11914
                               9433 11919
 
    ELEM MAT TYP REL ESY SEC        NODES
 
    7761   2   1   1   0   1  10031 10405   435 10037 11554 12516  9920  9911
                              11558  9897
    7762   2   1   1   0   1  10435  9174  9173  9193 11933  9032 11935 11179
                               8969  9004
    7763   2   1   1   0   1  10467  9749  9763  9760 12234  9701 12228 12722
                               9711  9700
    7764   2   1   1   0   1  10486  1305  1300  1313 12374  1223 12372 12371
                               1256  1257
    7765   2   1   1   0   1  10320  9210  9238  9211 12920  8869 11431 11600
                               8922  8870
    7766   2   1   1   0   1  10466  9756  9760  9764 12605  9710 12721 12087
                               9698  9699
    7767   2   1   1   0   1  10406 10018 10025 10037 11570  9944 11696 10992
                               9940  9941
    7768   2   1   1   0   1  10018   759  9261     9 11569  8763 12877 10007
                                760  8764
    7769   2   1   1   0   1  10435  9173  9152  9193 11935  8733 11176 11179
                               9004  9003
    7770   2   1   1   0   1   1301   801  9749   799  1296  9736 12894  1297
                                800  9745
 
    ELEM MAT TYP REL ESY SEC        NODES
 
    7771   2   1   1   0   1  10018 10031   759     9  9955 10685 11569 10007
                               9973   760
    7772   2   1   1   0   1  10460  9250  9254  9257 12505  8785 11415 12195
                               8783  8777
    7773   2   1   1   0   1    671   877   875 10466 11501   876 12735 11496
                              11499 12603
    7774   2   1   1   0   1  10471 10451   638  9498 11546 12960 12418 12422
                              12518 12423
    7775   2   1   1   0   1  10442  9161  9162  9200 11232  9042 12610 11229
                               8988  8987
    7776   2   1   1   0   1   9753   169  9160  9751  9733  9110 12583  9713
                               9738 12581
    7777   2   1   1   0   1    577   579 10339 10309   578 11373 11379 10172
                              10173 10607
    7778   2   1   1   0   1   1301  9749     6   799 12894  9744  1225  1297
                               9745   798
    7779   2   1   1   0   1  10389  9178  9212  9213 11709  8962 12885 10892
                               8959  8920
    7780   2   1   1   0   1  10479  1313  1311  1310 11740  1243 11741 11736
                               1244  1261
 
    ELEM MAT TYP REL ESY SEC        NODES
 
    7781   2   1   1   0   1  10435  9209  9193  9225 11596  8924 11179 12955
                               8873  8901
    7782   2   1   1   0   1  10469   675  1310  1311 12077  1278 11744 11742
                               1277  1261
    7783   2   1   1   0   1  10354    37 10045 10031 11059  9799 10686 10680
                               9972  9797
    7784   2   1   1   0   1  10444 10345 10470 10441 11867 12570 12568 12579
                              11238 12585
    7785   2   1   1   0   1  10414  2296 10016  2279 12530 11103 11556 12531
                               2211 12252
    7786   2   1   1   0   1  10460  9257  9251  9250 12195  8784 11713 12505
                               8783  8800
    7787   2   1   1   0   1  10018  9261   759  9152 12877  8763 11569 12503
                               8750  9127
    7788   2   1   1   0   1  10435  9217  9225  9193 12444  8900 12955 11179
                               8941  8901
    7789   2   1   1   0   1  10410  9243  9219  9220 11404  8837 12186 11938
                               8836  8860
    7790   2   1   1   0   1  10318  9256  9226  9247 12631  8741 12439 10923
                               8789  8827
 
    ELEM MAT TYP REL ESY SEC        NODES
 
    7791   2   1   1   0   1  10418  9196 10395 10409 11724 11723 11711 11640
                              12636 11729
    7792   2   1   1   0   1  10338 10435 10393 10318 11688 11687 11633 11430
                              11591 11635
    7793   2   1   1   0   1   9151 10444 10392  9160 12667 11241 11221  9052
                              12580 11219
    7794   2   1   1   0   1  10412  9253  9238  9252 12880  8808 11421 11418
                               8797  8811
    7795   2   1   1   0   1  10318  9246  9252  9237 12440  8798 11417 10500
                               8812  8810
    7796   2   1   1   0   1  10464  1318  1312 10303 12130  1228 12324 12369
                              12253 12254
    7797   2   1   1   0   1  10411  9222  9245  9221 11444  8832 11451 11013
                               8859  8833
    7798   2   1   1   0   1  10424   790  1304   792 11096  1291 12122 12850
                                791  1290
    7799   2   1   1   0   1  10325   264   415   413 10551  9883 10550 10648
                               9884   414
    7800   2   1   1   0   1  10376 10368  8573  8574 11402 12552 12024 12545
                              12467  8326
 
    ELEM MAT TYP REL ESY SEC        NODES
 
    7801   2   1   1   0   1  10036 10348 10040   417 11947 11948  9899  9894
                              10640  9893
    7802   2   1   1   0   1  10442 10029  9755 10028 12042 12841 12614 12043
                               9961 12616
    7803   2   1   1   0   1  10411  9147 10491  9148 11004 12596 12156 12292
                               9056 12293
    7804   2   1   1   0   1  10456 10030   738   700 11486 11895 11894 12473
                              12624 12475
    7805   2   1   1   0   1    268   411   190   192  9843  9363 12948 12780
                               9362   191
    7806   2   1   1   0   1    447   561   502   563 12849  9580  9853 12961
                                562  9581
    7807   2   1   1   0   1    447   561   563   334 12849   562 12961  9332
                              10106 10107
    7808   2   1   1   0   1  10482  9146   887   885 12599  9139 11835 11832
                               9138   886
    7809   2   1   1   0   1  10340  9216  9219  9218 12429  8913 12188 12430
                               8914  8861
    7810   2   1   1   0   1    514   547   346   516  9569 10093 12826   515
                               9566 12824
 
    ELEM MAT TYP REL ESY SEC        NODES
 
    7811   2   1   1   0   1  10442 10444  9753  9161 11242 12038 12037 11232
                              11243 12582
    7812   2   1   1   0   1  10470  9751  9768 10444 12734  9529 12567 12568
                              12574 12566
    7813   2   1   1   0   1  10390 10028 10041 10027 10900  9913 10903 10897
                               9933  9915
    7814   2   1   1   0   1  10338 10344 10041 10319 12106 10616 10604 11429
                              12604 12075
    7815   2   1   1   0   1  10343  9767  9768  9774 12298  9685 12587 11293
                               9539  9544

