
 PRINT DOF  NODAL SOLUTION PER NODE
 
  ***** POST1 NODAL DEGREE OF FREEDOM LISTING *****                            
 
  LOAD STEP=     1  SUBSTEP=     1                                             
   TIME=    1.0000      LOAD CASE=   0                                         
 
    NODE       VOLT  
       1  -642.64     
       2  -799.94     
       3  -600.00     
       4  -600.00     
       5  -600.00     
       6  -642.66     
       7  -600.00     
       8  -600.00     
       9  -600.00     
      10  -957.95     
      11  -956.57     
      12  -1000.0     
      13  -600.00     
      14  -1000.0     
      15  -600.00     
      16  -1000.0     
      17  -600.00     
      18  -600.00     
      19  -1000.0     
      20  -1000.0     
      21  -1000.0     
      22  -1000.0     
      23  -600.00     
      24  -1000.0     
      25  -2350.0     
      26  -1000.0     
      27  -1000.0     
      28  -2350.0     
      29  -1000.0     
      30   0.0000     
      31   0.0000     
      32   0.0000     
      33   0.0000     
      34  -2350.0     
      35  -2350.0     
      36  -643.61     
      37  -643.37     
      38  -800.05     
      39  -799.99     
 
  ***** POST1 NODAL DEGREE OF FREEDOM LISTING *****                            
 
  LOAD STEP=     1  SUBSTEP=     1                                             
   TIME=    1.0000      LOAD CASE=   0                                         
 
    NODE       VOLT  
      40  -957.26     
      41  -957.16     
      42  -1000.0     
      43  -600.00     
      44  -799.96     
      45  -655.62     
      46  -670.74     
      47  -691.80     
      48  -712.67     
      49  -737.65     
      50  -761.05     
      51  -782.43     
      52  -600.00     
      53  -600.00     
      54  -600.00     
      55  -600.00     
      56  -600.00     
      57  -600.00     
      58  -600.00     
      59  -600.00     
      60  -600.00     
      61  -600.00     
      62  -600.00     
      63  -600.00     
      64  -600.00     
      65  -600.00     
      66  -600.00     
      67  -600.00     
      68  -600.00     
      69  -600.00     
      70  -600.00     
      71  -600.00     
      72  -600.00     
      73  -600.00     
      74  -600.00     
      75  -600.00     
      76  -600.00     
      77  -600.00     
      78  -600.00     
 
  ***** POST1 NODAL DEGREE OF FREEDOM LISTING *****                            
 
  LOAD STEP=     1  SUBSTEP=     1                                             
   TIME=    1.0000      LOAD CASE=   0                                         
 
    NODE       VOLT  
      79  -600.00     
      80  -600.00     
      81  -600.00     
      82  -600.00     
      83  -600.00     
      84  -817.39     
      85  -838.84     
      86  -862.27     
      87  -887.34     
      88  -908.21     
      89  -929.49     
      90  -944.82     
      91  -628.20     
      92  -656.36     
      93  -695.11     
      94  -733.68     
      95  -800.01     
      96  -866.36     
      97  -904.92     
      98  -943.65     
      99  -971.81     
     100  -971.80     
     101  -943.64     
     102  -904.89     
     103  -866.32     
     104  -799.98     
     105  -733.65     
     106  -695.08     
     107  -656.34     
     108  -628.19     
     109  -600.00     
     110  -600.00     
     111  -600.00     
     112  -600.00     
     113  -600.00     
     114  -600.00     
     115  -600.00     
     116  -600.00     
     117  -600.00     
 
  ***** POST1 NODAL DEGREE OF FREEDOM LISTING *****                            
 
  LOAD STEP=     1  SUBSTEP=     1                                             
   TIME=    1.0000      LOAD CASE=   0                                         
 
    NODE       VOLT  
     118  -600.00     
     119  -600.00     
     120  -600.00     
     121  -600.00     
     122  -600.00     
     123  -600.00     
     124  -600.00     
     125  -600.00     
     126  -600.00     
     127  -600.00     
     128  -600.00     
     129  -600.00     
     130  -600.00     
     131  -600.00     
     132  -1000.0     
     133  -1000.0     
     134  -1000.0     
     135  -1000.0     
     136  -1000.0     
     137  -1000.0     
     138  -1000.0     
     139  -1000.0     
     140  -1000.0     
     141  -1000.0     
     142  -1000.0     
     143  -1000.0     
     144  -1000.0     
     145  -1000.0     
     146  -1000.0     
     147  -1000.0     
     148  -1000.0     
     149  -1000.0     
     150  -1000.0     
     151  -1000.0     
     152  -1000.0     
     153  -1000.0     
     154  -1000.0     
     155  -1000.0     
     156  -1000.0     
 
  ***** POST1 NODAL DEGREE OF FREEDOM LISTING *****                            
 
  LOAD STEP=     1  SUBSTEP=     1                                             
   TIME=    1.0000      LOAD CASE=   0                                         
 
    NODE       VOLT  
     157  -1000.0     
     158  -1000.0     
     159  -1000.0     
     160  -1000.0     
     161  -1000.0     
     162  -1000.0     
     163  -1000.0     
     164  -600.00     
     165  -600.00     
     166  -600.00     
     167  -600.00     
     168  -600.00     
     169  -600.00     
     170  -600.00     
     171  -600.00     
     172  -600.00     
     173  -998.90     
     174  -997.84     
     175  -996.50     
     176  -995.35     
     177  -994.08     
     178  -993.25     
     179  -992.69     
     180  -992.59     
     181  -992.92     
     182  -993.50     
     183  -994.72     
     184  -996.02     
     185  -997.96     
     186  -999.91     
     187  -1002.5     
     188  -1005.0     
     189  -1008.2     
     190  -1011.4     
     191  -1015.0     
     192  -1018.7     
     193  -1022.4     
     194  -1026.1     
     195  -1029.8     
 
  ***** POST1 NODAL DEGREE OF FREEDOM LISTING *****                            
 
  LOAD STEP=     1  SUBSTEP=     1                                             
   TIME=    1.0000      LOAD CASE=   0                                         
 
    NODE       VOLT  
     196  -1033.5     
     197  -1037.2     
     198  -1041.0     
     199  -1043.7     
     200  -1046.4     
     201  -1049.1     
     202  -1051.8     
     203  -1055.5     
     204  -1059.2     
     205  -1062.9     
     206  -1066.6     
     207  -1070.3     
     208  -1074.0     
     209  -1077.8     
     210  -1081.5     
     211  -1085.2     
     212  -1088.9     
     213  -1092.6     
     214  -1096.3     
     215  -1100.1     
     216  -1103.8     
     217  -1107.5     
     218  -1111.2     
     219  -1114.9     
     220  -1118.6     
     221  -1122.3     
     222  -1126.1     
     223  -1129.8     
     224  -1133.5     
     225  -1137.2     
     226  -1140.9     
     227  -1144.6     
     228  -1148.3     
     229  -1152.1     
     230  -1155.8     
     231  -1159.5     
     232  -1163.2     
     233  -1166.9     
     234  -1170.6     
 
  ***** POST1 NODAL DEGREE OF FREEDOM LISTING *****                            
 
  LOAD STEP=     1  SUBSTEP=     1                                             
   TIME=    1.0000      LOAD CASE=   0                                         
 
    NODE       VOLT  
     235  -1174.4     
     236  -1178.1     
     237  -1181.8     
     238  -1185.5     
     239  -1189.2     
     240  -1192.9     
     241  -1196.6     
     242  -1200.4     
     243  -1204.1     
     244  -1207.8     
     245  -1211.5     
     246  -1215.2     
     247  -1218.9     
     248  -1222.7     
     249  -1226.4     
     250  -1230.1     
     251  -1233.8     
     252  -1237.5     
     253  -1241.2     
     254  -1244.9     
     255  -1248.7     
     256  -1252.4     
     257  -1256.1     
     258  -1259.8     
     259  -1263.5     
     260  -1267.2     
     261  -1271.0     
     262  -1274.7     
     263  -1278.4     
     264  -1282.1     
     265  -1285.8     
     266  -1289.5     
     267  -1293.2     
     268  -1297.0     
     269  -1300.7     
     270  -1304.4     
     271  -1308.1     
     272  -1311.8     
     273  -1315.5     
 
  ***** POST1 NODAL DEGREE OF FREEDOM LISTING *****                            
 
  LOAD STEP=     1  SUBSTEP=     1                                             
   TIME=    1.0000      LOAD CASE=   0                                         
 
    NODE       VOLT  
     274  -1319.3     
     275  -1323.0     
     276  -1326.7     
     277  -1330.4     
     278  -1334.1     
     279  -1337.8     
     280  -1341.5     
     281  -1345.3     
     282  -1349.0     
     283  -1352.7     
     284  -1356.4     
     285  -1360.1     
     286  -1363.8     
     287  -1367.6     
     288  -1371.3     
     289  -1375.0     
     290  -1378.7     
     291  -1382.4     
     292  -1386.1     
     293  -1389.8     
     294  -1393.6     
     295  -1397.3     
     296  -1401.0     
     297  -1404.7     
     298  -1408.4     
     299  -1412.1     
     300  -1415.9     
     301  -1419.6     
     302  -1423.3     
     303  -1427.0     
     304  -1430.7     
     305  -1434.4     
     306  -1438.1     
     307  -1441.9     
     308  -1445.6     
     309  -1449.3     
     310  -1453.0     
     311  -1456.7     
     312  -1460.4     
 
  ***** POST1 NODAL DEGREE OF FREEDOM LISTING *****                            
 
  LOAD STEP=     1  SUBSTEP=     1                                             
   TIME=    1.0000      LOAD CASE=   0                                         
 
    NODE       VOLT  
     313  -1464.2     
     314  -1467.9     
     315  -1471.6     
     316  -1475.3     
     317  -1479.0     
     318  -1482.7     
     319  -1486.4     
     320  -1490.2     
     321  -1493.9     
     322  -1497.6     
     323  -1501.3     
     324  -1505.0     
     325  -1508.7     
     326  -1512.5     
     327  -1516.2     
     328  -1519.9     
     329  -1523.6     
     330  -1527.3     
     331  -1531.0     
     332  -1534.7     
     333  -1538.5     
     334  -1542.2     
     335  -1545.9     
     336  -1549.6     
     337  -1553.3     
     338  -1557.0     
     339  -1560.8     
     340  -1564.5     
     341  -1568.2     
     342  -1571.9     
     343  -1575.6     
     344  -1579.3     
     345  -1583.0     
     346  -1586.8     
     347  -1590.5     
     348  -1594.2     
     349  -1597.9     
     350  -1601.6     
     351  -1605.3     
 
  ***** POST1 NODAL DEGREE OF FREEDOM LISTING *****                            
 
  LOAD STEP=     1  SUBSTEP=     1                                             
   TIME=    1.0000      LOAD CASE=   0                                         
 
    NODE       VOLT  
     352  -1609.1     
     353  -1612.8     
     354  -1616.5     
     355  -1620.2     
     356  -1623.9     
     357  -1627.6     
     358  -1631.3     
     359  -1635.1     
     360  -1638.8     
     361  -1642.5     
     362  -1646.2     
     363  -1649.9     
     364  -1653.6     
     365  -1657.4     
     366  -1661.1     
     367  -1664.8     
     368  -1668.5     
     369  -1672.2     
     370  -1675.9     
     371  -1679.6     
     372  -1683.4     
     373  -1687.1     
     374  -1690.8     
     375  -1694.5     
     376  -1698.2     
     377  -1701.9     
     378  -1705.7     
     379  -1709.4     
     380  -1713.1     
     381  -1716.8     
     382  -1720.5     
     383  -1724.2     
     384  -1727.9     
     385  -1731.7     
     386  -1735.4     
     387  -1739.1     
     388  -1742.8     
     389  -1746.5     
     390  -1750.2     
 
  ***** POST1 NODAL DEGREE OF FREEDOM LISTING *****                            
 
  LOAD STEP=     1  SUBSTEP=     1                                             
   TIME=    1.0000      LOAD CASE=   0                                         
 
    NODE       VOLT  
     391  -1754.0     
     392  -1757.7     
     393  -1761.4     
     394  -1765.1     
     395  -1768.8     
     396  -1772.5     
     397  -1776.2     
     398  -1780.0     
     399  -1783.7     
     400  -1787.4     
     401  -1791.1     
     402  -1794.8     
     403  -1798.5     
     404  -1802.3     
     405  -1806.0     
     406  -1809.7     
     407  -1813.4     
     408  -1817.1     
     409  -1820.8     
     410  -1824.5     
     411  -1828.3     
     412  -1832.0     
     413  -1835.7     
     414  -1839.4     
     415  -1843.1     
     416  -1846.8     
     417  -1850.6     
     418  -1854.3     
     419  -1858.0     
     420  -1861.7     
     421  -1865.4     
     422  -1869.1     
     423  -1872.8     
     424  -1876.6     
     425  -1880.3     
     426  -1884.0     
     427  -1887.7     
     428  -1891.4     
     429  -1895.1     
 
  ***** POST1 NODAL DEGREE OF FREEDOM LISTING *****                            
 
  LOAD STEP=     1  SUBSTEP=     1                                             
   TIME=    1.0000      LOAD CASE=   0                                         
 
    NODE       VOLT  
     430  -1898.9     
     431  -1902.6     
     432  -1906.3     
     433  -1910.0     
     434  -1913.7     
     435  -1917.4     
     436  -1921.1     
     437  -1924.9     
     438  -1928.6     
     439  -1932.3     
     440  -1936.0     
     441  -1939.7     
     442  -1943.4     
     443  -1947.1     
     444  -1950.9     
     445  -1954.6     
     446  -1958.3     
     447  -1962.0     
     448  -1965.7     
     449  -1969.4     
     450  -1973.2     
     451  -1976.9     
     452  -1980.6     
     453  -1984.3     
     454  -1988.0     
     455  -1991.7     
     456  -1995.4     
     457  -1999.2     
     458  -2002.9     
     459  -2006.6     
     460  -2010.3     
     461  -2014.0     
     462  -2017.7     
     463  -2021.5     
     464  -2025.2     
     465  -2028.9     
     466  -2032.6     
     467  -2036.3     
     468  -2040.0     
 
  ***** POST1 NODAL DEGREE OF FREEDOM LISTING *****                            
 
  LOAD STEP=     1  SUBSTEP=     1                                             
   TIME=    1.0000      LOAD CASE=   0                                         
 
    NODE       VOLT  
     469  -2043.7     
     470  -2047.5     
     471  -2051.2     
     472  -2054.9     
     473  -2058.6     
     474  -2062.3     
     475  -2066.0     
     476  -2069.8     
     477  -2073.5     
     478  -2077.2     
     479  -2080.9     
     480  -2084.6     
     481  -2088.3     
     482  -2092.0     
     483  -2095.8     
     484  -2099.5     
     485  -2103.2     
     486  -2106.9     
     487  -2110.6     
     488  -2114.3     
     489  -2118.1     
     490  -2121.8     
     491  -2125.5     
     492  -2129.2     
     493  -2132.9     
     494  -2136.6     
     495  -2140.3     
     496  -2144.1     
     497  -2147.8     
     498  -2151.5     
     499  -2155.2     
     500  -2158.9     
     501  -2162.6     
     502  -2166.4     
     503  -2170.1     
     504  -2173.8     
     505  -2177.5     
     506  -2181.2     
     507  -2184.9     
 
  ***** POST1 NODAL DEGREE OF FREEDOM LISTING *****                            
 
  LOAD STEP=     1  SUBSTEP=     1                                             
   TIME=    1.0000      LOAD CASE=   0                                         
 
    NODE       VOLT  
     508  -2188.6     
     509  -2192.4     
     510  -2196.1     
     511  -2199.8     
     512  -2203.5     
     513  -2207.2     
     514  -2210.9     
     515  -2214.7     
     516  -2218.4     
     517  -2222.1     
     518  -2225.8     
     519  -2229.5     
     520  -2233.2     
     521  -2236.9     
     522  -2240.7     
     523  -2244.4     
     524  -2248.1     
     525  -2251.8     
     526  -2255.5     
     527  -2259.2     
     528  -2263.0     
     529  -2266.7     
     530  -2270.4     
     531  -2274.1     
     532  -2277.8     
     533  -2281.5     
     534  -2285.2     
     535  -2289.0     
     536  -2292.7     
     537  -2296.4     
     538  -2300.1     
     539  -2303.8     
     540  -2307.5     
     541  -2311.3     
     542  -2315.0     
     543  -2318.7     
     544  -2322.4     
     545  -2326.1     
     546  -2329.8     
 
  ***** POST1 NODAL DEGREE OF FREEDOM LISTING *****                            
 
  LOAD STEP=     1  SUBSTEP=     1                                             
   TIME=    1.0000      LOAD CASE=   0                                         
 
    NODE       VOLT  
     547  -2333.5     
     548  -2337.3     
     549  -2341.0     
     550  -2344.7     
     551  -2347.3     
     552  -1000.0     
     553  -1000.0     
     554  -1000.0     
     555  -1000.0     
     556  -1000.0     
     557  -1000.0     
     558  -1000.0     
     559  -1000.0     
     560  -1000.0     
     561  -1000.0     
     562  -1000.0     
     563  -1000.0     
     564  -1000.0     
     565  -1000.0     
     566  -1000.0     
     567  -1000.0     
     568  -1000.0     
     569  -1000.0     
     570  -1000.0     
     571  -1000.0     
     572  -1000.0     
     573  -1000.0     
     574  -1000.0     
     575  -998.90     
     576  -997.83     
     577  -996.50     
     578  -995.37     
     579  -994.11     
     580  -993.22     
     581  -992.70     
     582  -992.71     
     583  -992.98     
     584  -993.49     
     585  -994.72     
 
  ***** POST1 NODAL DEGREE OF FREEDOM LISTING *****                            
 
  LOAD STEP=     1  SUBSTEP=     1                                             
   TIME=    1.0000      LOAD CASE=   0                                         
 
    NODE       VOLT  
     586  -996.02     
     587  -997.96     
     588  -999.91     
     589  -1002.5     
     590  -1005.1     
     591  -1008.3     
     592  -1011.5     
     593  -1015.2     
     594  -1018.8     
     595  -1022.6     
     596  -1026.3     
     597  -1030.0     
     598  -1033.7     
     599  -1037.4     
     600  -1041.1     
     601  -1044.9     
     602  -1048.6     
     603  -1052.3     
     604  -1056.0     
     605  -1059.7     
     606  -1063.4     
     607  -1067.1     
     608  -1070.9     
     609  -1074.6     
     610  -1078.3     
     611  -1082.0     
     612  -1085.7     
     613  -1089.4     
     614  -1093.2     
     615  -1095.8     
     616  -1098.5     
     617  -1101.1     
     618  -1103.8     
     619  -1107.5     
     620  -1111.2     
     621  -1114.9     
     622  -1118.6     
     623  -1122.3     
     624  -1126.1     
 
  ***** POST1 NODAL DEGREE OF FREEDOM LISTING *****                            
 
  LOAD STEP=     1  SUBSTEP=     1                                             
   TIME=    1.0000      LOAD CASE=   0                                         
 
    NODE       VOLT  
     625  -1129.8     
     626  -1133.5     
     627  -1137.2     
     628  -1140.9     
     629  -1144.6     
     630  -1148.3     
     631  -1152.1     
     632  -1155.8     
     633  -1159.5     
     634  -1163.2     
     635  -1166.9     
     636  -1170.6     
     637  -1174.4     
     638  -1178.1     
     639  -1181.8     
     640  -1185.5     
     641  -1189.2     
     642  -1192.9     
     643  -1196.6     
     644  -1200.4     
     645  -1204.1     
     646  -1207.8     
     647  -1211.5     
     648  -1215.2     
     649  -1218.9     
     650  -1222.7     
     651  -1226.4     
     652  -1230.1     
     653  -1233.8     
     654  -1237.5     
     655  -1241.2     
     656  -1244.9     
     657  -1248.7     
     658  -1252.4     
     659  -1256.1     
     660  -1259.8     
     661  -1263.5     
     662  -1267.2     
     663  -1271.0     
 
  ***** POST1 NODAL DEGREE OF FREEDOM LISTING *****                            
 
  LOAD STEP=     1  SUBSTEP=     1                                             
   TIME=    1.0000      LOAD CASE=   0                                         
 
    NODE       VOLT  
     664  -1274.7     
     665  -1278.4     
     666  -1282.1     
     667  -1285.8     
     668  -1289.5     
     669  -1293.2     
     670  -1297.0     
     671  -1300.7     
     672  -1304.4     
     673  -1308.1     
     674  -1311.8     
     675  -1315.5     
     676  -1319.3     
     677  -1323.0     
     678  -1326.7     
     679  -1330.4     
     680  -1334.1     
     681  -1337.8     
     682  -1341.5     
     683  -1345.3     
     684  -1349.0     
     685  -1352.7     
     686  -1356.4     
     687  -1360.1     
     688  -1363.8     
     689  -1367.6     
     690  -1371.3     
     691  -1375.0     
     692  -1378.7     
     693  -1382.4     
     694  -1386.1     
     695  -1389.8     
     696  -1393.6     
     697  -1397.3     
     698  -1401.0     
     699  -1404.7     
     700  -1408.4     
     701  -1412.1     
     702  -1415.9     
 
  ***** POST1 NODAL DEGREE OF FREEDOM LISTING *****                            
 
  LOAD STEP=     1  SUBSTEP=     1                                             
   TIME=    1.0000      LOAD CASE=   0                                         
 
    NODE       VOLT  
     703  -1419.6     
     704  -1423.3     
     705  -1427.0     
     706  -1430.7     
     707  -1434.4     
     708  -1438.1     
     709  -1441.9     
     710  -1445.6     
     711  -1449.3     
     712  -1453.0     
     713  -1456.7     
     714  -1460.4     
     715  -1464.2     
     716  -1467.9     
     717  -1471.6     
     718  -1475.3     
     719  -1479.0     
     720  -1482.7     
     721  -1486.4     
     722  -1490.2     
     723  -1493.9     
     724  -1497.6     
     725  -1501.3     
     726  -1505.0     
     727  -1508.7     
     728  -1512.5     
     729  -1516.2     
     730  -1519.9     
     731  -1523.6     
     732  -1527.3     
     733  -1531.0     
     734  -1534.7     
     735  -1538.5     
     736  -1542.2     
     737  -1545.9     
     738  -1549.6     
     739  -1553.3     
     740  -1557.0     
     741  -1560.8     
 
  ***** POST1 NODAL DEGREE OF FREEDOM LISTING *****                            
 
  LOAD STEP=     1  SUBSTEP=     1                                             
   TIME=    1.0000      LOAD CASE=   0                                         
 
    NODE       VOLT  
     742  -1564.5     
     743  -1568.2     
     744  -1571.9     
     745  -1575.6     
     746  -1579.3     
     747  -1583.0     
     748  -1586.8     
     749  -1590.5     
     750  -1594.2     
     751  -1597.9     
     752  -1601.6     
     753  -1605.3     
     754  -1609.1     
     755  -1612.8     
     756  -1616.5     
     757  -1620.2     
     758  -1623.9     
     759  -1627.6     
     760  -1631.3     
     761  -1635.1     
     762  -1638.8     
     763  -1642.5     
     764  -1646.2     
     765  -1649.9     
     766  -1653.6     
     767  -1657.4     
     768  -1661.1     
     769  -1664.8     
     770  -1668.5     
     771  -1672.2     
     772  -1675.9     
     773  -1679.6     
     774  -1683.4     
     775  -1687.1     
     776  -1690.8     
     777  -1694.5     
     778  -1698.2     
     779  -1701.9     
     780  -1705.7     
 
  ***** POST1 NODAL DEGREE OF FREEDOM LISTING *****                            
 
  LOAD STEP=     1  SUBSTEP=     1                                             
   TIME=    1.0000      LOAD CASE=   0                                         
 
    NODE       VOLT  
     781  -1709.4     
     782  -1713.1     
     783  -1716.8     
     784  -1720.5     
     785  -1724.2     
     786  -1727.9     
     787  -1731.7     
     788  -1735.4     
     789  -1739.1     
     790  -1742.8     
     791  -1746.5     
     792  -1750.2     
     793  -1754.0     
     794  -1757.7     
     795  -1761.4     
     796  -1765.1     
     797  -1768.8     
     798  -1772.5     
     799  -1776.2     
     800  -1780.0     
     801  -1783.7     
     802  -1787.4     
     803  -1791.1     
     804  -1794.8     
     805  -1798.5     
     806  -1802.3     
     807  -1806.0     
     808  -1809.7     
     809  -1813.4     
     810  -1817.1     
     811  -1820.8     
     812  -1824.5     
     813  -1828.3     
     814  -1832.0     
     815  -1835.7     
     816  -1839.4     
     817  -1843.1     
     818  -1846.8     
     819  -1850.6     
 
  ***** POST1 NODAL DEGREE OF FREEDOM LISTING *****                            
 
  LOAD STEP=     1  SUBSTEP=     1                                             
   TIME=    1.0000      LOAD CASE=   0                                         
 
    NODE       VOLT  
     820  -1854.3     
     821  -1858.0     
     822  -1861.7     
     823  -1865.4     
     824  -1869.1     
     825  -1872.8     
     826  -1876.6     
     827  -1880.3     
     828  -1884.0     
     829  -1887.7     
     830  -1891.4     
     831  -1895.1     
     832  -1898.9     
     833  -1902.6     
     834  -1906.3     
     835  -1910.0     
     836  -1913.7     
     837  -1917.4     
     838  -1921.1     
     839  -1924.9     
     840  -1928.6     
     841  -1932.3     
     842  -1936.0     
     843  -1939.7     
     844  -1943.4     
     845  -1947.1     
     846  -1950.9     
     847  -1954.6     
     848  -1958.3     
     849  -1962.0     
     850  -1965.7     
     851  -1969.4     
     852  -1973.2     
     853  -1976.9     
     854  -1980.6     
     855  -1984.3     
     856  -1988.0     
     857  -1991.7     
     858  -1995.4     
 
  ***** POST1 NODAL DEGREE OF FREEDOM LISTING *****                            
 
  LOAD STEP=     1  SUBSTEP=     1                                             
   TIME=    1.0000      LOAD CASE=   0                                         
 
    NODE       VOLT  
     859  -1999.2     
     860  -2002.9     
     861  -2006.6     
     862  -2010.3     
     863  -2014.0     
     864  -2017.7     
     865  -2021.5     
     866  -2025.2     
     867  -2028.9     
     868  -2032.6     
     869  -2036.3     
     870  -2040.0     
     871  -2043.7     
     872  -2047.5     
     873  -2051.2     
     874  -2054.9     
     875  -2058.6     
     876  -2062.3     
     877  -2066.0     
     878  -2069.8     
     879  -2073.5     
     880  -2077.2     
     881  -2080.9     
     882  -2084.6     
     883  -2088.3     
     884  -2092.0     
     885  -2095.8     
     886  -2099.5     
     887  -2103.2     
     888  -2106.9     
     889  -2110.6     
     890  -2114.3     
     891  -2118.1     
     892  -2121.8     
     893  -2125.5     
     894  -2129.2     
     895  -2132.9     
     896  -2136.6     
     897  -2140.3     
 
  ***** POST1 NODAL DEGREE OF FREEDOM LISTING *****                            
 
  LOAD STEP=     1  SUBSTEP=     1                                             
   TIME=    1.0000      LOAD CASE=   0                                         
 
    NODE       VOLT  
     898  -2144.1     
     899  -2147.8     
     900  -2151.5     
     901  -2155.2     
     902  -2158.9     
     903  -2162.6     
     904  -2166.4     
     905  -2170.1     
     906  -2173.8     
     907  -2177.5     
     908  -2181.2     
     909  -2184.9     
     910  -2188.6     
     911  -2192.4     
     912  -2196.1     
     913  -2199.8     
     914  -2203.5     
     915  -2207.2     
     916  -2210.9     
     917  -2214.7     
     918  -2218.4     
     919  -2222.1     
     920  -2225.8     
     921  -2229.5     
     922  -2233.2     
     923  -2236.9     
     924  -2240.7     
     925  -2244.4     
     926  -2248.1     
     927  -2251.8     
     928  -2255.5     
     929  -2259.2     
     930  -2263.0     
     931  -2266.7     
     932  -2270.4     
     933  -2274.1     
     934  -2277.8     
     935  -2281.5     
     936  -2285.2     
 
  ***** POST1 NODAL DEGREE OF FREEDOM LISTING *****                            
 
  LOAD STEP=     1  SUBSTEP=     1                                             
   TIME=    1.0000      LOAD CASE=   0                                         
 
    NODE       VOLT  
     937  -2289.0     
     938  -2292.7     
     939  -2296.4     
     940  -2300.1     
     941  -2303.8     
     942  -2307.5     
     943  -2311.3     
     944  -2315.0     
     945  -2318.7     
     946  -2322.4     
     947  -2326.1     
     948  -2329.8     
     949  -2333.5     
     950  -2337.3     
     951  -2341.0     
     952  -2344.7     
     953  -2347.3     
     954  -1000.0     
     955  -1000.0     
     956  -1000.0     
     957  -1000.0     
     958  -1000.0     
     959  -1000.0     
     960  -1000.0     
     961  -1000.0     
     962  -1000.0     
     963  -600.23     
     964  -600.43     
     965  -600.58     
     966  -600.56     
     967  -600.17     
     968  -599.34     
     969  -597.54     
     970  -595.24     
     971  -591.88     
     972  -588.29     
     973  -582.74     
     974  -577.11     
     975  -569.11     
 
  ***** POST1 NODAL DEGREE OF FREEDOM LISTING *****                            
 
  LOAD STEP=     1  SUBSTEP=     1                                             
   TIME=    1.0000      LOAD CASE=   0                                         
 
    NODE       VOLT  
     976  -561.10     
     977  -550.17     
     978  -539.24     
     979  -525.44     
     980  -511.63     
     981  -496.48     
     982  -481.32     
     983  -466.10     
     984  -450.87     
     985  -435.64     
     986  -420.42     
     987  -405.19     
     988  -389.97     
     989  -374.74     
     990  -359.52     
     991  -344.29     
     992  -329.07     
     993  -312.44     
     994  -295.81     
     995  -280.59     
     996  -265.36     
     997  -250.14     
     998  -234.91     
     999  -219.68     
    1000  -204.46     
    1001  -189.23     
    1002  -174.01     
    1003  -158.78     
    1004  -143.56     
    1005  -128.33     
    1006  -113.10     
    1007  -97.879     
    1008  -82.654     
    1009  -67.428     
    1010  -52.202     
    1011  -36.977     
    1012  -21.751     
    1013  -10.875     
    1014   0.0000     
 
  ***** POST1 NODAL DEGREE OF FREEDOM LISTING *****                            
 
  LOAD STEP=     1  SUBSTEP=     1                                             
   TIME=    1.0000      LOAD CASE=   0                                         
 
    NODE       VOLT  
    1015   0.0000     
    1016   0.0000     
    1017   0.0000     
    1018   0.0000     
    1019   0.0000     
    1020  -2350.0     
    1021  -2350.0     
    1022  -2350.0     
    1023  -2350.0     
    1024  -2350.0     
    1025  -2350.0     
    1026  -2347.3     
    1027  -2344.7     
    1028  -2341.7     
    1029  -2338.6     
    1030  -2335.6     
    1031  -2332.6     
    1032  -2328.9     
    1033  -2325.1     
    1034  -2321.4     
    1035  -2317.7     
    1036  -2314.0     
    1037  -2310.3     
    1038  -2306.6     
    1039  -2302.9     
    1040  -2299.1     
    1041  -2295.4     
    1042  -2291.7     
    1043  -2288.0     
    1044  -2284.3     
    1045  -2280.6     
    1046  -2276.8     
    1047  -2273.1     
    1048  -2269.4     
    1049  -2265.7     
    1050  -2262.0     
    1051  -2258.3     
    1052  -2254.6     
    1053  -2250.8     
 
  ***** POST1 NODAL DEGREE OF FREEDOM LISTING *****                            
 
  LOAD STEP=     1  SUBSTEP=     1                                             
   TIME=    1.0000      LOAD CASE=   0                                         
 
    NODE       VOLT  
    1054  -2247.1     
    1055  -2243.4     
    1056  -2239.7     
    1057  -2236.0     
    1058  -2232.3     
    1059  -2228.5     
    1060  -2224.8     
    1061  -2221.1     
    1062  -2217.4     
    1063  -2213.7     
    1064  -2210.0     
    1065  -2206.3     
    1066  -2202.5     
    1067  -2198.8     
    1068  -2195.1     
    1069  -2191.4     
    1070  -2187.7     
    1071  -2184.0     
    1072  -2180.2     
    1073  -2176.5     
    1074  -2172.8     
    1075  -2169.1     
    1076  -2165.4     
    1077  -2161.7     
    1078  -2158.0     
    1079  -2154.2     
    1080  -2150.5     
    1081  -2146.8     
    1082  -2143.1     
    1083  -2139.4     
    1084  -2135.7     
    1085  -2131.9     
    1086  -2128.2     
    1087  -2124.5     
    1088  -2120.8     
    1089  -2117.1     
    1090  -2113.4     
    1091  -2109.7     
    1092  -2105.9     
 
  ***** POST1 NODAL DEGREE OF FREEDOM LISTING *****                            
 
  LOAD STEP=     1  SUBSTEP=     1                                             
   TIME=    1.0000      LOAD CASE=   0                                         
 
    NODE       VOLT  
    1093  -2102.2     
    1094  -2098.5     
    1095  -2094.8     
    1096  -2091.1     
    1097  -2087.4     
    1098  -2083.6     
    1099  -2079.9     
    1100  -2076.2     
    1101  -2072.5     
    1102  -2068.8     
    1103  -2065.1     
    1104  -2061.4     
    1105  -2057.6     
    1106  -2053.9     
    1107  -2050.2     
    1108  -2046.5     
    1109  -2042.8     
    1110  -2039.1     
    1111  -2035.3     
    1112  -2031.6     
    1113  -2027.9     
    1114  -2024.2     
    1115  -2020.5     
    1116  -2016.8     
    1117  -2013.1     
    1118  -2009.3     
    1119  -2005.6     
    1120  -2001.9     
    1121  -1998.2     
    1122  -1994.5     
    1123  -1990.8     
    1124  -1987.0     
    1125  -1983.3     
    1126  -1979.6     
    1127  -1975.9     
    1128  -1972.2     
    1129  -1968.5     
    1130  -1964.8     
    1131  -1961.0     
 
  ***** POST1 NODAL DEGREE OF FREEDOM LISTING *****                            
 
  LOAD STEP=     1  SUBSTEP=     1                                             
   TIME=    1.0000      LOAD CASE=   0                                         
 
    NODE       VOLT  
    1132  -1957.3     
    1133  -1953.6     
    1134  -1949.9     
    1135  -1946.2     
    1136  -1942.5     
    1137  -1938.7     
    1138  -1935.0     
    1139  -1931.3     
    1140  -1927.6     
    1141  -1923.9     
    1142  -1920.2     
    1143  -1916.5     
    1144  -1912.7     
    1145  -1909.0     
    1146  -1905.3     
    1147  -1901.6     
    1148  -1897.9     
    1149  -1894.2     
    1150  -1890.4     
    1151  -1886.7     
    1152  -1883.0     
    1153  -1879.3     
    1154  -1875.6     
    1155  -1871.9     
    1156  -1868.2     
    1157  -1864.4     
    1158  -1860.7     
    1159  -1857.0     
    1160  -1853.3     
    1161  -1849.6     
    1162  -1845.9     
    1163  -1842.1     
    1164  -1838.4     
    1165  -1834.7     
    1166  -1831.0     
    1167  -1827.3     
    1168  -1823.6     
    1169  -1819.9     
    1170  -1816.1     
 
  ***** POST1 NODAL DEGREE OF FREEDOM LISTING *****                            
 
  LOAD STEP=     1  SUBSTEP=     1                                             
   TIME=    1.0000      LOAD CASE=   0                                         
 
    NODE       VOLT  
    1171  -1812.4     
    1172  -1808.7     
    1173  -1805.0     
    1174  -1801.3     
    1175  -1797.6     
    1176  -1793.8     
    1177  -1790.1     
    1178  -1786.4     
    1179  -1782.7     
    1180  -1779.0     
    1181  -1775.3     
    1182  -1771.6     
    1183  -1767.8     
    1184  -1764.1     
    1185  -1760.4     
    1186  -1756.7     
    1187  -1753.0     
    1188  -1749.3     
    1189  -1745.5     
    1190  -1741.8     
    1191  -1738.1     
    1192  -1734.4     
    1193  -1730.7     
    1194  -1727.0     
    1195  -1723.3     
    1196  -1719.5     
    1197  -1715.8     
    1198  -1712.1     
    1199  -1708.4     
    1200  -1704.7     
    1201  -1701.0     
    1202  -1697.3     
    1203  -1693.5     
    1204  -1689.8     
    1205  -1686.1     
    1206  -1682.4     
    1207  -1678.7     
    1208  -1675.0     
    1209  -1671.2     
 
  ***** POST1 NODAL DEGREE OF FREEDOM LISTING *****                            
 
  LOAD STEP=     1  SUBSTEP=     1                                             
   TIME=    1.0000      LOAD CASE=   0                                         
 
    NODE       VOLT  
    1210  -1667.5     
    1211  -1663.8     
    1212  -1660.1     
    1213  -1656.4     
    1214  -1652.7     
    1215  -1649.0     
    1216  -1645.2     
    1217  -1641.5     
    1218  -1637.8     
    1219  -1634.1     
    1220  -1630.4     
    1221  -1626.7     
    1222  -1622.9     
    1223  -1619.2     
    1224  -1615.5     
    1225  -1611.8     
    1226  -1608.1     
    1227  -1604.4     
    1228  -1600.7     
    1229  -1596.9     
    1230  -1593.2     
    1231  -1589.5     
    1232  -1585.8     
    1233  -1582.1     
    1234  -1578.4     
    1235  -1574.6     
    1236  -1570.9     
    1237  -1567.2     
    1238  -1563.5     
    1239  -1559.8     
    1240  -1556.1     
    1241  -1552.4     
    1242  -1548.6     
    1243  -1544.9     
    1244  -1541.2     
    1245  -1537.5     
    1246  -1533.8     
    1247  -1530.1     
    1248  -1526.3     
 
  ***** POST1 NODAL DEGREE OF FREEDOM LISTING *****                            
 
  LOAD STEP=     1  SUBSTEP=     1                                             
   TIME=    1.0000      LOAD CASE=   0                                         
 
    NODE       VOLT  
    1249  -1522.6     
    1250  -1518.9     
    1251  -1515.2     
    1252  -1511.5     
    1253  -1507.8     
    1254  -1504.1     
    1255  -1500.3     
    1256  -1496.6     
    1257  -1492.9     
    1258  -1489.2     
    1259  -1485.5     
    1260  -1481.8     
    1261  -1478.0     
    1262  -1474.3     
    1263  -1470.6     
    1264  -1466.9     
    1265  -1463.2     
    1266  -1459.5     
    1267  -1455.8     
    1268  -1452.0     
    1269  -1448.3     
    1270  -1444.6     
    1271  -1440.9     
    1272  -1437.2     
    1273  -1433.5     
    1274  -1429.7     
    1275  -1426.0     
    1276  -1422.3     
    1277  -1418.6     
    1278  -1414.9     
    1279  -1411.2     
    1280  -1407.5     
    1281  -1403.7     
    1282  -1400.0     
    1283  -1396.3     
    1284  -1392.6     
    1285  -1388.9     
    1286  -1385.2     
    1287  -1381.4     
 
  ***** POST1 NODAL DEGREE OF FREEDOM LISTING *****                            
 
  LOAD STEP=     1  SUBSTEP=     1                                             
   TIME=    1.0000      LOAD CASE=   0                                         
 
    NODE       VOLT  
    1288  -1377.7     
    1289  -1374.0     
    1290  -1370.3     
    1291  -1366.6     
    1292  -1362.9     
    1293  -1359.2     
    1294  -1355.4     
    1295  -1351.7     
    1296  -1348.0     
    1297  -1344.3     
    1298  -1340.6     
    1299  -1336.9     
    1300  -1333.1     
    1301  -1329.4     
    1302  -1325.7     
    1303  -1322.0     
    1304  -1318.3     
    1305  -1314.6     
    1306  -1310.9     
    1307  -1307.1     
    1308  -1303.4     
    1309  -1299.7     
    1310  -1296.0     
    1311  -1292.3     
    1312  -1288.6     
    1313  -1284.8     
    1314  -1281.1     
    1315  -1277.4     
    1316  -1273.7     
    1317  -1270.0     
    1318  -1266.3     
    1319  -1262.6     
    1320  -1258.8     
    1321  -1255.1     
    1322  -1251.4     
    1323  -1247.7     
    1324  -1244.0     
    1325  -1240.3     
    1326  -1236.5     
 
  ***** POST1 NODAL DEGREE OF FREEDOM LISTING *****                            
 
  LOAD STEP=     1  SUBSTEP=     1                                             
   TIME=    1.0000      LOAD CASE=   0                                         
 
    NODE       VOLT  
    1327  -1232.8     
    1328  -1229.1     
    1329  -1225.4     
    1330  -1221.7     
    1331  -1218.0     
    1332  -1214.3     
    1333  -1210.5     
    1334  -1206.8     
    1335  -1203.1     
    1336  -1199.4     
    1337  -1195.7     
    1338  -1192.0     
    1339  -1188.2     
    1340  -1184.5     
    1341  -1180.8     
    1342  -1177.1     
    1343  -1173.4     
    1344  -1169.7     
    1345  -1166.0     
    1346  -1162.2     
    1347  -1158.5     
    1348  -1154.8     
    1349  -1151.1     
    1350  -1147.4     
    1351  -1143.7     
    1352  -1139.9     
    1353  -1136.2     
    1354  -1132.5     
    1355  -1128.8     
    1356  -1125.1     
    1357  -1121.4     
    1358  -1117.7     
    1359  -1113.9     
    1360  -1110.2     
    1361  -1106.5     
    1362  -1102.8     
    1363  -1099.1     
    1364  -1095.4     
    1365  -1091.6     
 
  ***** POST1 NODAL DEGREE OF FREEDOM LISTING *****                            
 
  LOAD STEP=     1  SUBSTEP=     1                                             
   TIME=    1.0000      LOAD CASE=   0                                         
 
    NODE       VOLT  
    1366  -1087.9     
    1367  -1084.2     
    1368  -1080.5     
    1369  -1076.8     
    1370  -1073.1     
    1371  -1069.4     
    1372  -1065.6     
    1373  -1061.9     
    1374  -1058.2     
    1375  -1054.5     
    1376  -1050.8     
    1377  -1047.1     
    1378  -1043.3     
    1379  -1039.6     
    1380  -1035.9     
    1381  -1032.2     
    1382  -1028.5     
    1383  -1024.8     
    1384  -1021.1     
    1385  -1017.4     
    1386  -1013.9     
    1387  -1010.4     
    1388  -1007.3     
    1389  -1004.2     
    1390  -1001.6     
    1391  -998.97     
    1392  -997.03     
    1393  -995.04     
    1394  -993.21     
    1395  -990.68     
    1396  -987.88     
    1397  -983.13     
    1398  -976.18     
    1399  -964.91     
    1400  -948.58     
    1401  -923.69     
    1402  -892.69     
    1403  -854.53     
    1404  -814.67     
 
  ***** POST1 NODAL DEGREE OF FREEDOM LISTING *****                            
 
  LOAD STEP=     1  SUBSTEP=     1                                             
   TIME=    1.0000      LOAD CASE=   0                                         
 
    NODE       VOLT  
    1405  -773.94     
    1406  -729.74     
    1407  -691.05     
    1408  -657.16     
    1409  -634.50     
    1410  -615.33     
    1411  -604.50     
    1412  -594.21     
    1413  -585.82     
    1414  -575.74     
    1415  -565.91     
    1416  -552.66     
    1417  -539.42     
    1418  -524.20     
    1419  -508.97     
    1420  -493.75     
    1421  -478.52     
    1422  -463.29     
    1423  -448.07     
    1424  -432.84     
    1425  -417.62     
    1426  -402.39     
    1427  -387.17     
    1428  -371.94     
    1429  -356.72     
    1430  -341.49     
    1431  -326.26     
    1432  -311.04     
    1433  -295.81     
    1434  -280.59     
    1435  -265.36     
    1436  -250.14     
    1437  -234.91     
    1438  -219.68     
    1439  -204.46     
    1440  -189.23     
    1441  -174.01     
    1442  -158.78     
    1443  -143.56     
 
  ***** POST1 NODAL DEGREE OF FREEDOM LISTING *****                            
 
  LOAD STEP=     1  SUBSTEP=     1                                             
   TIME=    1.0000      LOAD CASE=   0                                         
 
    NODE       VOLT  
    1444  -128.33     
    1445  -113.10     
    1446  -97.879     
    1447  -82.654     
    1448  -67.428     
    1449  -52.202     
    1450  -36.977     
    1451  -21.751     
    1452  -10.875     
    1453  -600.23     
    1454  -600.44     
    1455  -600.56     
    1456  -600.46     
    1457  -600.01     
    1458  -599.09     
    1459  -597.54     
    1460  -595.57     
    1461  -592.10     
    1462  -588.32     
    1463  -582.78     
    1464  -577.13     
    1465  -569.12     
    1466  -561.10     
    1467  -550.47     
    1468  -539.83     
    1469  -526.61     
    1470  -513.39     
    1471  -498.39     
    1472  -483.38     
    1473  -468.16     
    1474  -452.94     
    1475  -437.71     
    1476  -422.49     
    1477  -407.26     
    1478  -392.03     
    1479  -376.81     
    1480  -361.58     
    1481  -346.36     
    1482  -331.13     
 
  ***** POST1 NODAL DEGREE OF FREEDOM LISTING *****                            
 
  LOAD STEP=     1  SUBSTEP=     1                                             
   TIME=    1.0000      LOAD CASE=   0                                         
 
    NODE       VOLT  
    1483  -315.91     
    1484  -300.68     
    1485  -285.45     
    1486  -270.23     
    1487  -255.00     
    1488  -239.78     
    1489  -224.55     
    1490  -209.33     
    1491  -194.10     
    1492  -178.88     
    1493  -163.65     
    1494  -148.42     
    1495  -133.20     
    1496  -117.97     
    1497  -102.75     
    1498  -87.522     
    1499  -69.862     
    1500  -52.202     
    1501  -36.977     
    1502  -21.751     
    1503  -10.875     
    1504  -10.875     
    1505  -21.751     
    1506  -36.977     
    1507  -52.202     
    1508  -65.390     
    1509  -78.579     
    1510  -91.767     
    1511  -104.95     
    1512  -120.18     
    1513  -135.41     
    1514  -150.63     
    1515  -165.86     
    1516  -181.08     
    1517  -196.31     
    1518  -211.53     
    1519  -226.76     
    1520  -241.99     
    1521  -257.21     
 
  ***** POST1 NODAL DEGREE OF FREEDOM LISTING *****                            
 
  LOAD STEP=     1  SUBSTEP=     1                                             
   TIME=    1.0000      LOAD CASE=   0                                         
 
    NODE       VOLT  
    1522  -272.44     
    1523  -287.66     
    1524  -302.89     
    1525  -318.11     
    1526  -333.34     
    1527  -348.57     
    1528  -363.79     
    1529  -379.02     
    1530  -394.24     
    1531  -409.47     
    1532  -424.69     
    1533  -439.92     
    1534  -455.14     
    1535  -470.37     
    1536  -485.42     
    1537  -500.47     
    1538  -514.14     
    1539  -527.82     
    1540  -539.39     
    1541  -550.96     
    1542  -560.27     
    1543  -569.60     
    1544  -576.74     
    1545  -584.00     
    1546  -589.88     
    1547  -596.55     
    1548  -602.61     
    1549  -611.06     
    1550  -623.16     
    1551  -640.20     
    1552  -660.86     
    1553  -691.43     
    1554  -726.08     
    1555  -765.46     
    1556  -807.31     
    1557  -848.79     
    1558  -891.06     
    1559  -925.20     
    1560  -953.56     
 
  ***** POST1 NODAL DEGREE OF FREEDOM LISTING *****                            
 
  LOAD STEP=     1  SUBSTEP=     1                                             
   TIME=    1.0000      LOAD CASE=   0                                         
 
    NODE       VOLT  
    1561  -970.12     
    1562  -982.36     
    1563  -988.02     
    1564  -992.33     
    1565  -994.99     
    1566  -997.86     
    1567  -1000.6     
    1568  -1003.9     
    1569  -1007.2     
    1570  -1010.9     
    1571  -1014.6     
    1572  -1018.3     
    1573  -1022.0     
    1574  -1025.7     
    1575  -1029.5     
    1576  -1033.2     
    1577  -1036.9     
    1578  -1040.6     
    1579  -1044.3     
    1580  -1048.0     
    1581  -1051.8     
    1582  -1055.5     
    1583  -1059.2     
    1584  -1062.9     
    1585  -1066.6     
    1586  -1070.3     
    1587  -1074.0     
    1588  -1077.8     
    1589  -1081.5     
    1590  -1085.2     
    1591  -1088.9     
    1592  -1092.6     
    1593  -1096.3     
    1594  -1100.1     
    1595  -1103.8     
    1596  -1107.5     
    1597  -1111.2     
    1598  -1114.9     
    1599  -1118.6     
 
  ***** POST1 NODAL DEGREE OF FREEDOM LISTING *****                            
 
  LOAD STEP=     1  SUBSTEP=     1                                             
   TIME=    1.0000      LOAD CASE=   0                                         
 
    NODE       VOLT  
    1600  -1122.3     
    1601  -1126.1     
    1602  -1129.8     
    1603  -1133.5     
    1604  -1137.2     
    1605  -1140.9     
    1606  -1144.6     
    1607  -1148.3     
    1608  -1152.1     
    1609  -1155.8     
    1610  -1159.5     
    1611  -1163.2     
    1612  -1166.9     
    1613  -1170.6     
    1614  -1174.4     
    1615  -1178.1     
    1616  -1181.8     
    1617  -1185.5     
    1618  -1189.2     
    1619  -1192.9     
    1620  -1196.6     
    1621  -1200.4     
    1622  -1204.1     
    1623  -1207.8     
    1624  -1211.5     
    1625  -1215.2     
    1626  -1218.9     
    1627  -1222.7     
    1628  -1226.4     
    1629  -1230.1     
    1630  -1233.8     
    1631  -1237.5     
    1632  -1241.2     
    1633  -1244.9     
    1634  -1248.7     
    1635  -1252.4     
    1636  -1256.1     
    1637  -1259.8     
    1638  -1263.5     
 
  ***** POST1 NODAL DEGREE OF FREEDOM LISTING *****                            
 
  LOAD STEP=     1  SUBSTEP=     1                                             
   TIME=    1.0000      LOAD CASE=   0                                         
 
    NODE       VOLT  
    1639  -1267.2     
    1640  -1271.0     
    1641  -1274.7     
    1642  -1278.4     
    1643  -1282.1     
    1644  -1285.8     
    1645  -1289.5     
    1646  -1293.2     
    1647  -1297.0     
    1648  -1300.7     
    1649  -1304.4     
    1650  -1308.1     
    1651  -1311.8     
    1652  -1315.5     
    1653  -1319.3     
    1654  -1323.0     
    1655  -1326.7     
    1656  -1330.4     
    1657  -1334.1     
    1658  -1337.8     
    1659  -1341.5     
    1660  -1345.3     
    1661  -1349.0     
    1662  -1352.7     
    1663  -1356.4     
    1664  -1360.1     
    1665  -1363.8     
    1666  -1367.6     
    1667  -1371.3     
    1668  -1375.0     
    1669  -1378.7     
    1670  -1382.4     
    1671  -1386.1     
    1672  -1389.8     
    1673  -1393.6     
    1674  -1397.3     
    1675  -1401.0     
    1676  -1404.7     
    1677  -1408.4     
 
  ***** POST1 NODAL DEGREE OF FREEDOM LISTING *****                            
 
  LOAD STEP=     1  SUBSTEP=     1                                             
   TIME=    1.0000      LOAD CASE=   0                                         
 
    NODE       VOLT  
    1678  -1412.1     
    1679  -1415.9     
    1680  -1419.6     
    1681  -1423.3     
    1682  -1427.0     
    1683  -1430.7     
    1684  -1434.4     
    1685  -1438.1     
    1686  -1441.9     
    1687  -1445.6     
    1688  -1449.3     
    1689  -1453.0     
    1690  -1456.7     
    1691  -1460.4     
    1692  -1464.2     
    1693  -1467.9     
    1694  -1471.6     
    1695  -1475.3     
    1696  -1479.0     
    1697  -1482.7     
    1698  -1486.4     
    1699  -1490.2     
    1700  -1493.9     
    1701  -1497.6     
    1702  -1501.3     
    1703  -1505.0     
    1704  -1508.7     
    1705  -1512.5     
    1706  -1516.2     
    1707  -1519.9     
    1708  -1523.6     
    1709  -1527.3     
    1710  -1531.0     
    1711  -1534.7     
    1712  -1538.5     
    1713  -1542.2     
    1714  -1545.9     
    1715  -1549.6     
    1716  -1553.3     
 
  ***** POST1 NODAL DEGREE OF FREEDOM LISTING *****                            
 
  LOAD STEP=     1  SUBSTEP=     1                                             
   TIME=    1.0000      LOAD CASE=   0                                         
 
    NODE       VOLT  
    1717  -1557.0     
    1718  -1560.8     
    1719  -1564.5     
    1720  -1568.2     
    1721  -1571.9     
    1722  -1575.6     
    1723  -1579.3     
    1724  -1583.0     
    1725  -1586.8     
    1726  -1590.5     
    1727  -1594.2     
    1728  -1597.9     
    1729  -1601.6     
    1730  -1605.3     
    1731  -1609.1     
    1732  -1612.8     
    1733  -1616.5     
    1734  -1620.2     
    1735  -1623.9     
    1736  -1627.6     
    1737  -1631.3     
    1738  -1635.1     
    1739  -1638.8     
    1740  -1642.5     
    1741  -1646.2     
    1742  -1649.9     
    1743  -1653.6     
    1744  -1657.4     
    1745  -1661.1     
    1746  -1664.8     
    1747  -1668.5     
    1748  -1672.2     
    1749  -1675.9     
    1750  -1679.6     
    1751  -1683.4     
    1752  -1687.1     
    1753  -1690.8     
    1754  -1694.5     
    1755  -1698.2     
 
  ***** POST1 NODAL DEGREE OF FREEDOM LISTING *****                            
 
  LOAD STEP=     1  SUBSTEP=     1                                             
   TIME=    1.0000      LOAD CASE=   0                                         
 
    NODE       VOLT  
    1756  -1701.9     
    1757  -1705.7     
    1758  -1709.4     
    1759  -1713.1     
    1760  -1716.8     
    1761  -1720.5     
    1762  -1724.2     
    1763  -1727.9     
    1764  -1731.7     
    1765  -1735.4     
    1766  -1739.1     
    1767  -1742.8     
    1768  -1746.5     
    1769  -1750.2     
    1770  -1754.0     
    1771  -1757.7     
    1772  -1761.4     
    1773  -1765.1     
    1774  -1768.8     
    1775  -1772.5     
    1776  -1776.2     
    1777  -1780.0     
    1778  -1783.7     
    1779  -1787.4     
    1780  -1791.1     
    1781  -1794.8     
    1782  -1798.5     
    1783  -1802.3     
    1784  -1806.0     
    1785  -1809.7     
    1786  -1813.4     
    1787  -1817.1     
    1788  -1820.8     
    1789  -1824.5     
    1790  -1828.3     
    1791  -1832.0     
    1792  -1835.7     
    1793  -1839.4     
    1794  -1843.1     
 
  ***** POST1 NODAL DEGREE OF FREEDOM LISTING *****                            
 
  LOAD STEP=     1  SUBSTEP=     1                                             
   TIME=    1.0000      LOAD CASE=   0                                         
 
    NODE       VOLT  
    1795  -1846.8     
    1796  -1850.6     
    1797  -1854.3     
    1798  -1858.0     
    1799  -1861.7     
    1800  -1865.4     
    1801  -1869.1     
    1802  -1872.8     
    1803  -1876.6     
    1804  -1880.3     
    1805  -1884.0     
    1806  -1887.7     
    1807  -1891.4     
    1808  -1895.1     
    1809  -1898.9     
    1810  -1902.6     
    1811  -1906.3     
    1812  -1910.0     
    1813  -1913.7     
    1814  -1917.4     
    1815  -1921.1     
    1816  -1924.9     
    1817  -1928.6     
    1818  -1932.3     
    1819  -1936.0     
    1820  -1939.7     
    1821  -1943.4     
    1822  -1947.1     
    1823  -1950.9     
    1824  -1954.6     
    1825  -1958.3     
    1826  -1962.0     
    1827  -1965.7     
    1828  -1969.4     
    1829  -1973.2     
    1830  -1976.9     
    1831  -1980.6     
    1832  -1984.3     
    1833  -1988.0     
 
  ***** POST1 NODAL DEGREE OF FREEDOM LISTING *****                            
 
  LOAD STEP=     1  SUBSTEP=     1                                             
   TIME=    1.0000      LOAD CASE=   0                                         
 
    NODE       VOLT  
    1834  -1991.7     
    1835  -1995.4     
    1836  -1999.2     
    1837  -2002.9     
    1838  -2006.6     
    1839  -2010.3     
    1840  -2014.0     
    1841  -2017.7     
    1842  -2021.5     
    1843  -2025.2     
    1844  -2028.9     
    1845  -2032.6     
    1846  -2036.3     
    1847  -2040.0     
    1848  -2043.7     
    1849  -2047.5     
    1850  -2051.2     
    1851  -2054.9     
    1852  -2058.6     
    1853  -2062.3     
    1854  -2066.0     
    1855  -2069.8     
    1856  -2073.5     
    1857  -2077.2     
    1858  -2080.9     
    1859  -2084.6     
    1860  -2088.3     
    1861  -2092.0     
    1862  -2095.8     
    1863  -2099.5     
    1864  -2103.2     
    1865  -2106.9     
    1866  -2110.6     
    1867  -2114.3     
    1868  -2118.1     
    1869  -2121.8     
    1870  -2125.5     
    1871  -2129.2     
    1872  -2132.9     
 
  ***** POST1 NODAL DEGREE OF FREEDOM LISTING *****                            
 
  LOAD STEP=     1  SUBSTEP=     1                                             
   TIME=    1.0000      LOAD CASE=   0                                         
 
    NODE       VOLT  
    1873  -2136.6     
    1874  -2140.3     
    1875  -2144.1     
    1876  -2147.8     
    1877  -2151.5     
    1878  -2155.2     
    1879  -2158.9     
    1880  -2162.6     
    1881  -2166.4     
    1882  -2170.1     
    1883  -2173.8     
    1884  -2177.5     
    1885  -2181.2     
    1886  -2184.9     
    1887  -2188.6     
    1888  -2192.4     
    1889  -2196.1     
    1890  -2199.8     
    1891  -2203.5     
    1892  -2207.2     
    1893  -2210.9     
    1894  -2214.7     
    1895  -2218.4     
    1896  -2222.1     
    1897  -2225.8     
    1898  -2229.5     
    1899  -2233.2     
    1900  -2236.9     
    1901  -2240.7     
    1902  -2244.4     
    1903  -2248.1     
    1904  -2251.8     
    1905  -2255.5     
    1906  -2259.2     
    1907  -2263.0     
    1908  -2266.7     
    1909  -2270.4     
    1910  -2274.1     
    1911  -2277.8     
 
  ***** POST1 NODAL DEGREE OF FREEDOM LISTING *****                            
 
  LOAD STEP=     1  SUBSTEP=     1                                             
   TIME=    1.0000      LOAD CASE=   0                                         
 
    NODE       VOLT  
    1912  -2281.5     
    1913  -2285.2     
    1914  -2289.0     
    1915  -2292.7     
    1916  -2296.4     
    1917  -2300.1     
    1918  -2303.8     
    1919  -2307.5     
    1920  -2311.3     
    1921  -2315.0     
    1922  -2318.7     
    1923  -2322.4     
    1924  -2326.1     
    1925  -2329.8     
    1926  -2333.5     
    1927  -2337.3     
    1928  -2341.0     
    1929  -2344.7     
    1930  -2347.3     
    1931  -643.24     
    1932  -644.27     
    1933  -643.34     
    1934  -641.96     
    1935  -642.36     
    1936  -642.35     
    1937  -642.30     
    1938  -642.36     
    1939  -642.57     
    1940  -642.98     
    1941  -642.99     
    1942  -642.43     
    1943  -642.79     
    1944  -642.56     
    1945  -642.83     
    1946  -642.42     
    1947  -642.60     
    1948  -799.97     
    1949  -799.89     
    1950  -799.96     
 
  ***** POST1 NODAL DEGREE OF FREEDOM LISTING *****                            
 
  LOAD STEP=     1  SUBSTEP=     1                                             
   TIME=    1.0000      LOAD CASE=   0                                         
 
    NODE       VOLT  
    1951  -800.06     
    1952  -799.99     
    1953  -799.97     
    1954  -799.94     
    1955  -799.91     
    1956  -799.94     
    1957  -799.98     
    1958  -799.98     
    1959  -656.45     
    1960  -671.39     
    1961  -692.14     
    1962  -712.41     
    1963  -736.79     
    1964  -759.70     
    1965  -781.88     
    1966  -643.08     
    1967  -643.28     
    1968  -643.09     
    1969  -642.35     
    1970  -642.59     
    1971  -642.21     
    1972  -642.41     
    1973  -642.26     
    1974  -642.68     
    1975  -642.95     
    1976  -643.00     
    1977  -641.94     
    1978  -642.39     
    1979  -642.25     
    1980  -643.03     
    1981  -642.88     
    1982  -642.52     
    1983  -957.02     
    1984  -957.13     
    1985  -957.20     
    1986  -957.28     
    1987  -957.88     
    1988  -958.06     
    1989  -957.72     
 
  ***** POST1 NODAL DEGREE OF FREEDOM LISTING *****                            
 
  LOAD STEP=     1  SUBSTEP=     1                                             
   TIME=    1.0000      LOAD CASE=   0                                         
 
    NODE       VOLT  
    1990  -957.63     
    1991  -957.28     
    1992  -957.26     
    1993  -956.89     
    1994  -956.73     
    1995  -956.21     
    1996  -956.19     
    1997  -955.91     
    1998  -957.04     
    1999  -957.42     
    2000  -1000.0     
    2001  -1000.0     
    2002  -1000.0     
    2003  -1000.0     
    2004  -1000.0     
    2005  -1000.0     
    2006  -1000.0     
    2007  -1000.0     
    2008  -1000.0     
    2009  -1000.0     
    2010  -1000.0     
    2011  -1000.0     
    2012  -1000.0     
    2013  -1000.0     
    2014  -1000.0     
    2015  -1000.0     
    2016  -1000.0     
    2017  -1000.0     
    2018  -1000.0     
    2019  -1000.0     
    2020  -1000.0     
    2021  -1000.0     
    2022  -1000.0     
    2023  -1000.0     
    2024  -1000.0     
    2025  -1000.0     
    2026  -1000.0     
    2027  -1000.0     
    2028  -1000.0     
 
  ***** POST1 NODAL DEGREE OF FREEDOM LISTING *****                            
 
  LOAD STEP=     1  SUBSTEP=     1                                             
   TIME=    1.0000      LOAD CASE=   0                                         
 
    NODE       VOLT  
    2029  -1000.0     
    2030  -1000.0     
    2031  -1000.0     
    2032  -1000.0     
    2033  -1000.0     
    2034  -1000.0     
    2035  -1000.0     
    2036  -1000.0     
    2037  -1000.0     
    2038  -600.00     
    2039  -600.00     
    2040  -600.00     
    2041  -600.00     
    2042  -600.00     
    2043  -600.00     
    2044  -600.00     
    2045  -600.00     
    2046  -600.00     
    2047  -600.00     
    2048  -600.00     
    2049  -600.00     
    2050  -600.00     
    2051  -600.00     
    2052  -600.00     
    2053  -600.00     
    2054  -600.00     
    2055  -600.00     
    2056  -600.00     
    2057  -600.00     
    2058  -600.00     
    2059  -600.00     
    2060  -600.00     
    2061  -600.00     
    2062  -600.00     
    2063  -600.00     
    2064  -600.00     
    2065  -600.00     
    2066  -600.00     
    2067  -600.00     
 
  ***** POST1 NODAL DEGREE OF FREEDOM LISTING *****                            
 
  LOAD STEP=     1  SUBSTEP=     1                                             
   TIME=    1.0000      LOAD CASE=   0                                         
 
    NODE       VOLT  
    2068  -600.00     
    2069  -600.00     
    2070  -600.00     
    2071  -600.00     
    2072  -600.00     
    2073  -600.00     
    2074  -600.00     
    2075  -600.00     
    2076  -818.07     
    2077  -840.27     
    2078  -863.21     
    2079  -887.51     
    2080  -908.15     
    2081  -929.14     
    2082  -944.26     
    2083  -799.88     
    2084  -799.72     
    2085  -799.81     
    2086  -799.93     
    2087  -799.81     
    2088  -799.70     
    2089  -799.80     
    2090  -799.82     
    2091  -799.85     
    2092  -799.92     
    2093  -799.93     
    2094  -655.64     
    2095  -670.71     
    2096  -691.66     
    2097  -712.34     
    2098  -736.70     
    2099  -759.63     
    2100  -781.76     
    2101  -656.00     
    2102  -670.74     
    2103  -691.83     
    2104  -712.52     
    2105  -737.26     
    2106  -760.51     
 
  ***** POST1 NODAL DEGREE OF FREEDOM LISTING *****                            
 
  LOAD STEP=     1  SUBSTEP=     1                                             
   TIME=    1.0000      LOAD CASE=   0                                         
 
    NODE       VOLT  
    2107  -782.16     
    2108  -817.74     
    2109  -839.39     
    2110  -862.65     
    2111  -887.45     
    2112  -908.07     
    2113  -929.06     
    2114  -944.38     
    2115  -957.25     
    2116  -956.25     
    2117  -956.32     
    2118  -957.07     
    2119  -957.30     
    2120  -957.33     
    2121  -957.05     
    2122  -956.42     
    2123  -956.52     
    2124  -957.14     
    2125  -956.80     
    2126  -957.11     
    2127  -957.77     
    2128  -958.20     
    2129  -958.06     
    2130  -958.58     
    2131  -958.36     
    2132  -1000.0     
    2133  -1000.0     
    2134  -1000.0     
    2135  -1000.0     
    2136  -1000.0     
    2137  -1000.0     
    2138  -1000.0     
    2139  -1000.0     
    2140  -1000.0     
    2141  -1000.0     
    2142  -1000.0     
    2143  -1000.0     
    2144  -1000.0     
    2145  -1000.0     
 
  ***** POST1 NODAL DEGREE OF FREEDOM LISTING *****                            
 
  LOAD STEP=     1  SUBSTEP=     1                                             
   TIME=    1.0000      LOAD CASE=   0                                         
 
    NODE       VOLT  
    2146  -1000.0     
    2147  -1000.0     
    2148  -1000.0     
    2149  -1000.0     
    2150  -1000.0     
    2151  -1000.0     
    2152  -1000.0     
    2153  -1000.0     
    2154  -1000.0     
    2155  -1000.0     
    2156  -1000.0     
    2157  -1000.0     
    2158  -1000.0     
    2159  -1000.0     
    2160  -1000.0     
    2161  -1000.0     
    2162  -1000.0     
    2163  -1000.0     
    2164  -1000.0     
    2165  -1000.0     
    2166  -1000.0     
    2167  -1000.0     
    2168  -1000.0     
    2169  -1000.0     
    2170  -600.00     
    2171  -600.00     
    2172  -600.00     
    2173  -600.00     
    2174  -600.00     
    2175  -600.00     
    2176  -600.00     
    2177  -600.00     
    2178  -600.00     
    2179  -600.00     
    2180  -600.00     
    2181  -600.00     
    2182  -600.00     
    2183  -600.00     
    2184  -600.00     
 
  ***** POST1 NODAL DEGREE OF FREEDOM LISTING *****                            
 
  LOAD STEP=     1  SUBSTEP=     1                                             
   TIME=    1.0000      LOAD CASE=   0                                         
 
    NODE       VOLT  
    2185  -600.00     
    2186  -600.00     
    2187  -600.00     
    2188  -600.00     
    2189  -600.00     
    2190  -600.00     
    2191  -600.00     
    2192  -600.00     
    2193  -600.00     
    2194  -600.00     
    2195  -600.00     
    2196  -600.00     
    2197  -600.00     
    2198  -600.00     
    2199  -600.00     
    2200  -600.00     
    2201  -600.00     
    2202  -600.00     
    2203  -600.00     
    2204  -600.00     
    2205  -600.00     
    2206  -600.00     
    2207  -600.00     
    2208  -817.89     
    2209  -840.11     
    2210  -863.06     
    2211  -887.41     
    2212  -907.88     
    2213  -928.78     
    2214  -943.59     
    2215  -600.00     
    2216  -600.00     
    2217  -600.00     
    2218  -600.00     
    2219  -600.00     
    2220  -600.00     
    2221  -600.00     
    2222  -600.00     
    2223  -600.00     
 
  ***** POST1 NODAL DEGREE OF FREEDOM LISTING *****                            
 
  LOAD STEP=     1  SUBSTEP=     1                                             
   TIME=    1.0000      LOAD CASE=   0                                         
 
    NODE       VOLT  
    2224  -600.00     
    2225  -600.00     
    2226  -600.00     
    2227  -600.00     
    2228  -600.00     
    2229  -600.00     
    2230  -600.00     
    2231  -600.00     
    2232  -600.00     
    2233  -600.00     
    2234  -600.00     
    2235  -600.00     
    2236  -600.00     
    2237  -600.00     
    2238  -600.00     
    2239  -600.00     
    2240  -600.00     
    2241  -600.00     
    2242  -600.00     
    2243  -600.00     
    2244  -600.00     
    2245  -600.00     
    2246  -600.00     
    2247  -1000.0     
    2248  -1000.0     
    2249  -1000.0     
    2250  -1000.0     
    2251  -1000.0     
    2252  -1000.0     
    2253  -1000.0     
    2254  -1000.0     
    2255  -1000.0     
    2256  -1000.0     
    2257  -1000.0     
    2258  -1000.0     
    2259  -1000.0     
    2260  -1000.0     
    2261  -1000.0     
    2262  -1000.0     
 
  ***** POST1 NODAL DEGREE OF FREEDOM LISTING *****                            
 
  LOAD STEP=     1  SUBSTEP=     1                                             
   TIME=    1.0000      LOAD CASE=   0                                         
 
    NODE       VOLT  
    2263  -1000.0     
    2264  -1000.0     
    2265  -1000.0     
    2266  -1000.0     
    2267  -1000.0     
    2268  -1000.0     
    2269  -1000.0     
    2270  -1000.0     
    2271  -1000.0     
    2272  -1000.0     
    2273  -1000.0     
    2274  -1000.0     
    2275  -1000.0     
    2276  -1000.0     
    2277  -1000.0     
    2278  -1000.0     
    2279  -1000.0     
    2280  -1000.0     
    2281  -1000.0     
    2282  -1000.0     
    2283  -1000.0     
    2284  -1000.0     
    2285  -1000.0     
    2286  -1000.0     
    2287  -1000.0     
    2288  -1000.0     
    2289  -1000.0     
    2290  -1000.0     
    2291  -1000.0     
    2292  -1000.0     
    2293  -1000.0     
    2294  -1000.0     
    2295  -1000.0     
    2296  -1000.0     
    2297  -1000.0     
    2298  -1000.0     
    2299  -1000.0     
    2300  -1000.0     
    2301  -1000.0     
 
  ***** POST1 NODAL DEGREE OF FREEDOM LISTING *****                            
 
  LOAD STEP=     1  SUBSTEP=     1                                             
   TIME=    1.0000      LOAD CASE=   0                                         
 
    NODE       VOLT  
    2302  -1000.0     
    2303  -1000.0     
    2304  -1000.0     
    2305  -1000.0     
    2306  -1000.0     
    2307  -1000.0     
    2308  -1000.0     
    2309  -1000.0     
    2310  -1000.0     
    2311  -600.00     
    2312  -600.00     
    2313  -600.00     
    2314  -600.00     
    2315  -600.00     
    2316  -600.00     
    2317  -600.00     
    2318  -600.00     
    2319  -600.00     
    2320  -600.00     
    2321  -600.00     
    2322  -600.00     
    2323  -600.00     
    2324  -600.00     
    2325  -600.00     
    2326  -600.00     
    2327  -600.00     
    2328  -600.00     
    2329  -600.00     
    2330  -600.00     
    2331  -600.00     
    2332  -600.00     
    2333  -600.00     
    2334  -600.00     
    2335  -600.00     
    2336  -600.00     
    2337  -600.00     
    2338  -600.00     
    2339  -600.00     
    2340  -600.00     
 
  ***** POST1 NODAL DEGREE OF FREEDOM LISTING *****                            
 
  LOAD STEP=     1  SUBSTEP=     1                                             
   TIME=    1.0000      LOAD CASE=   0                                         
 
    NODE       VOLT  
    2341  -600.00     
    2342  -600.00     
    2343  -847.50     
    2344  -861.59     
    2345  -905.52     
    2346  -943.01     
    2347  -841.99     
    2348  -922.68     
    2349  -825.80     
    2350  -934.42     
    2351  -949.73     
    2352  -933.79     
    2353  -948.69     
    2354  -829.35     
    2355  -831.07     
    2356  -810.83     
    2357  -810.83     
    2358  -844.60     
    2359  -810.47     
    2360  -831.24     
    2361  -810.47     
    2362  -871.71     
    2363  -878.99     
    2364  -886.63     
    2365  -874.99     
    2366  -898.14     
    2367  -868.21     
    2368  -848.81     
    2369  -849.65     
    2370  -851.72     
    2371  -853.09     
    2372  -858.20     
    2373  -859.20     
    2374  -893.17     
    2375  -893.10     
    2376  -897.46     
    2377  -895.27     
    2378  -908.16     
    2379  -902.74     
 
  ***** POST1 NODAL DEGREE OF FREEDOM LISTING *****                            
 
  LOAD STEP=     1  SUBSTEP=     1                                             
   TIME=    1.0000      LOAD CASE=   0                                         
 
    NODE       VOLT  
    2380  -910.25     
    2381  -907.71     
    2382  -891.68     
    2383  -847.83     
    2384  -883.99     
    2385  -919.24     
    2386  -829.43     
    2387  -831.60     
    2388  -833.92     
    2389  -921.37     
    2390  -916.83     
    2391  -918.85     
    2392  -926.42     
    2393  -928.78     
    2394  -928.50     
    2395  -896.42     
    2396  -849.70     
    2397  -873.97     
    2398  -897.16     
    2399  -918.22     
    2400  -812.82     
    2401  -812.91     
    2402  -813.66     
    2403  -813.65     
    2404  -815.03     
    2405  -814.99     
    2406  -815.82     
    2407  -815.72     
    2408  -943.13     
    2409  -942.65     
    2410  -939.28     
    2411  -938.67     
    2412  -939.03     
    2413  -938.68     
    2414  -941.29     
    2415  -941.48     
    2416  -944.99     
    2417  -945.60     
    2418  -943.71     
 
  ***** POST1 NODAL DEGREE OF FREEDOM LISTING *****                            
 
  LOAD STEP=     1  SUBSTEP=     1                                             
   TIME=    1.0000      LOAD CASE=   0                                         
 
    NODE       VOLT  
    2419  -943.64     
    2420  -947.08     
    2421  -946.07     
    2422  -876.91     
    2423  -853.15     
    2424  -927.45     
    2425  -906.53     
    2426  -926.54     
    2427  -867.63     
    2428  -931.33     
    2429  -926.27     
    2430  -931.74     
    2431  -921.57     
    2432  -917.27     
    2433  -917.22     
    2434  -835.62     
    2435  -833.33     
    2436  -830.78     
    2437  -829.00     
    2438  -907.42     
    2439  -861.37     
    2440  -889.48     
    2441  -884.91     
    2442  -874.36     
    2443  -870.14     
    2444  -823.32     
    2445  -823.95     
    2446  -938.02     
    2447  -628.02     
    2448  -971.51     
    2449  -715.51     
    2450  -903.30     
    2451  -701.15     
    2452  -908.68     
    2453  -798.19     
    2454  -818.35     
    2455  -818.52     
    2456  -695.11     
    2457  -699.42     
 
  ***** POST1 NODAL DEGREE OF FREEDOM LISTING *****                            
 
  LOAD STEP=     1  SUBSTEP=     1                                             
   TIME=    1.0000      LOAD CASE=   0                                         
 
    NODE       VOLT  
    2458  -910.90     
    2459  -955.07     
    2460  -645.30     
    2461  -906.94     
    2462  -949.80     
    2463  -975.89     
    2464  -947.76     
    2465  -975.94     
    2466  -653.51     
    2467  -651.90     
    2468  -623.79     
    2469  -623.74     
    2470  -804.25     
    2471  -806.35     
    2472  -868.36     
    2473  -870.04     
    2474  -846.14     
    2475  -907.96     
    2476  -737.97     
    2477  -754.78     
    2478  -755.16     
    2479  -714.82     
    2480  -785.04     
    2481  -705.93     
    2482  -876.82     
    2483  -943.96     
    2484  -659.67     
    2485  -751.40     
    2486  -726.84     
    2487  -788.12     
    2488  -810.30     
    2489  -857.54     
    2490  -833.98     
    2491  -688.41     
    2492  -665.38     
    2493  -934.69     
    2494  -911.57     
    2495  -973.98     
    2496  -973.76     
 
  ***** POST1 NODAL DEGREE OF FREEDOM LISTING *****                            
 
  LOAD STEP=     1  SUBSTEP=     1                                             
   TIME=    1.0000      LOAD CASE=   0                                         
 
    NODE       VOLT  
    2497  -973.39     
    2498  -969.83     
    2499  -629.70     
    2500  -630.41     
    2501  -629.93     
    2502  -630.00     
    2503  -967.89     
    2504  -963.84     
    2505  -635.89     
    2506  -631.95     
    2507  -663.70     
    2508  -936.42     
    2509  -659.79     
    2510  -947.47     
    2511  -824.38     
    2512  -744.50     
    2513  -768.07     
    2514  -742.37     
    2515  -869.06     
    2516  -870.22     
    2517  -647.51     
    2518  -951.82     
    2519  -753.91     
    2520  -698.82     
    2521  -657.52     
    2522  -654.58     
    2523  -709.99     
    2524  -763.12     
    2525  -755.78     
    2526  -777.12     
    2527  -790.33     
    2528  -770.48     
    2529  -790.43     
    2530  -774.95     
    2531  -768.47     
    2532  -789.16     
    2533  -789.32     
    2534  -714.74     
    2535  -732.98     
 
  ***** POST1 NODAL DEGREE OF FREEDOM LISTING *****                            
 
  LOAD STEP=     1  SUBSTEP=     1                                             
   TIME=    1.0000      LOAD CASE=   0                                         
 
    NODE       VOLT  
    2536  -727.98     
    2537  -726.47     
    2538  -734.98     
    2539  -709.31     
    2540  -709.49     
    2541  -709.11     
    2542  -708.10     
    2543  -703.47     
    2544  -696.97     
    2545  -690.63     
    2546  -687.81     
    2547  -753.04     
    2548  -752.21     
    2549  -752.61     
    2550  -749.66     
    2551  -747.68     
    2552  -753.57     
    2553  -733.83     
    2554  -709.67     
    2555  -760.84     
    2556  -679.77     
    2557  -685.45     
    2558  -684.36     
    2559  -677.45     
    2560  -673.08     
    2561  -672.27     
    2562  -772.63     
    2563  -771.72     
    2564  -773.16     
    2565  -704.13     
    2566  -670.03     
    2567  -691.13     
    2568  -730.06     
    2569  -754.02     
    2570  -655.88     
    2571  -657.08     
    2572  -661.44     
    2573  -661.77     
    2574  -662.59     
 
  ***** POST1 NODAL DEGREE OF FREEDOM LISTING *****                            
 
  LOAD STEP=     1  SUBSTEP=     1                                             
   TIME=    1.0000      LOAD CASE=   0                                         
 
    NODE       VOLT  
    2575  -662.14     
    2576  -662.14     
    2577  -660.62     
    2578  -655.54     
    2579  -656.05     
    2580  -656.81     
    2581  -657.31     
    2582  -654.03     
    2583  -654.27     
    2584  -787.64     
    2585  -787.81     
    2586  -787.41     
    2587  -787.31     
    2588  -786.57     
    2589  -786.57     
    2590  -788.58     
    2591  -788.47     
    2592  -693.44     
    2593  -672.38     
    2594  -747.20     
    2595  -723.49     
    2596  -733.38     
    2597  -673.37     
    2598  -774.56     
    2599  -770.86     
    2600  -771.63     
    2601  -772.69     
    2602  -668.90     
    2603  -674.62     
    2604  -670.94     
    2605  -683.19     
    2606  -684.63     
    2607  -684.82     
    2608  -745.98     
    2609  -732.87     
    2610  -722.30     
    2611  -731.94     
    2612  -706.17     
    2613  -776.46     
 
  ***** POST1 NODAL DEGREE OF FREEDOM LISTING *****                            
 
  LOAD STEP=     1  SUBSTEP=     1                                             
   TIME=    1.0000      LOAD CASE=   0                                         
 
    NODE       VOLT  
    2614  -779.03     
    2615  -628.18     
    2616  -972.57     
    2617  -915.07     
    2618  -857.27     
    2619  -766.61     
    2620  -916.45     
    2621  -910.58     
    2622  -960.00     
    2623  -640.49     
    2624  -649.60     
    2625  -636.59     
    2626  -948.89     
    2627  -651.26     
    2628  -640.53     
    2629  -844.21     
    2630  -921.78     
    2631  -916.39     
    2632  -947.70     
    2633  -949.04     
    2634  -977.21     
    2635  -977.20     
    2636  -808.90     
    2637  -836.53     
    2638  -877.78     
    2639  -861.54     
    2640  -800.26     
    2641  -797.11     
    2642  -825.15     
    2643  -798.14     
    2644  -862.08     
    2645  -855.51     
    2646  -741.65     
    2647  -733.61     
    2648  -736.61     
    2649  -745.66     
    2650  -746.81     
    2651  -737.84     
    2652  -744.32     
 
  ***** POST1 NODAL DEGREE OF FREEDOM LISTING *****                            
 
  LOAD STEP=     1  SUBSTEP=     1                                             
   TIME=    1.0000      LOAD CASE=   0                                         
 
    NODE       VOLT  
    2653  -746.76     
    2654  -749.16     
    2655  -887.32     
    2656  -834.84     
    2657  -796.68     
    2658  -816.51     
    2659  -862.90     
    2660  -897.95     
    2661  -837.26     
    2662  -845.52     
    2663  -911.80     
    2664  -883.72     
    2665  -856.24     
    2666  -859.96     
    2667  -855.97     
    2668  -758.83     
    2669  -732.56     
    2670  -739.30     
    2671  -919.46     
    2672  -690.06     
    2673  -696.73     
    2674  -683.55     
    2675  -681.87     
    2676  -682.27     
    2677  -934.32     
    2678  -946.99     
    2679  -916.68     
    2680  -751.93     
    2681  -775.77     
    2682  -798.25     
    2683  -820.56     
    2684  -707.35     
    2685  -668.67     
    2686  -918.86     
    2687  -924.03     
    2688  -950.95     
    2689  -948.55     
    2690  -671.52     
    2691  -694.51     
 
  ***** POST1 NODAL DEGREE OF FREEDOM LISTING *****                            
 
  LOAD STEP=     1  SUBSTEP=     1                                             
   TIME=    1.0000      LOAD CASE=   0                                         
 
    NODE       VOLT  
    2692  -905.31     
    2693  -928.40     
    2694  -970.45     
    2695  -970.48     
    2696  -970.46     
    2697  -978.06     
    2698  -978.05     
    2699  -972.88     
    2700  -972.87     
    2701  -974.09     
    2702  -974.09     
    2703  -960.20     
    2704  -960.11     
    2705  -960.17     
    2706  -955.64     
    2707  -956.18     
    2708  -962.67     
    2709  -640.52     
    2710  -640.50     
    2711  -649.66     
    2712  -649.63     
    2713  -647.19     
    2714  -647.18     
    2715  -636.41     
    2716  -636.44     
    2717  -636.50     
    2718  -645.78     
    2719  -646.46     
    2720  -636.59     
    2721  -956.31     
    2722  -960.50     
    2723  -639.24     
    2724  -643.83     
    2725  -676.64     
    2726  -922.34     
    2727  -691.37     
    2728  -672.87     
    2729  -694.31     
    2730  -699.18     
 
  ***** POST1 NODAL DEGREE OF FREEDOM LISTING *****                            
 
  LOAD STEP=     1  SUBSTEP=     1                                             
   TIME=    1.0000      LOAD CASE=   0                                         
 
    NODE       VOLT  
    2731  -680.94     
    2732  -912.49     
    2733  -920.36     
    2734  -948.20     
    2735  -945.77     
    2736  -956.13     
    2737  -940.97     
    2738  -891.98     
    2739  -796.01     
    2740  -783.97     
    2741  -799.95     
    2742  -875.45     
    2743  -799.11     
    2744  -833.88     
    2745  -794.26     
    2746  -800.49     
    2747  -889.23     
    2748  -954.44     
    2749  -1000.0     
    2750  -1000.0     
    2751  -1000.0     
    2752  -1000.0     
    2753  -1000.0     
    2754  -1000.0     
    2755  -1000.0     
    2756  -1000.0     
    2757  -1000.0     
    2758  -1000.0     
    2759  -1000.0     
    2760  -1000.0     
    2761  -1000.0     
    2762  -1000.0     
    2763  -1000.0     
    2764  -1000.0     
    2765  -1000.0     
    2766  -1000.0     
    2767  -1000.0     
    2768  -1000.0     
    2769  -1000.0     
 
  ***** POST1 NODAL DEGREE OF FREEDOM LISTING *****                            
 
  LOAD STEP=     1  SUBSTEP=     1                                             
   TIME=    1.0000      LOAD CASE=   0                                         
 
    NODE       VOLT  
    2770  -1000.0     
    2771  -1000.0     
    2772  -1000.0     
    2773  -1000.0     
    2774  -1000.0     
    2775  -1000.0     
    2776  -1000.0     
    2777  -1000.0     
    2778  -1000.0     
    2779  -1000.0     
    2780  -1000.0     
    2781  -1000.0     
    2782  -1000.0     
    2783  -1000.0     
    2784  -1000.0     
    2785  -1000.0     
    2786  -1000.0     
    2787  -1000.0     
    2788  -1000.0     
    2789  -1000.0     
    2790  -1000.0     
    2791  -1000.0     
    2792  -1000.0     
    2793  -1000.0     
    2794  -1000.0     
    2795  -1000.0     
    2796  -1000.0     
    2797  -1000.0     
    2798  -1000.0     
    2799  -1000.0     
    2800  -1000.0     
    2801  -1000.0     
    2802  -1000.0     
    2803  -1000.0     
    2804  -1000.0     
    2805  -1000.0     
    2806  -1000.0     
    2807  -1000.0     
    2808  -1000.0     
 
  ***** POST1 NODAL DEGREE OF FREEDOM LISTING *****                            
 
  LOAD STEP=     1  SUBSTEP=     1                                             
   TIME=    1.0000      LOAD CASE=   0                                         
 
    NODE       VOLT  
    2809  -1000.0     
    2810  -1000.0     
    2811  -1000.0     
    2812  -1000.0     
    2813  -1000.0     
    2814  -1000.0     
    2815  -1000.0     
    2816  -1000.0     
    2817  -1000.0     
    2818  -1000.0     
    2819  -1000.0     
    2820  -1000.0     
    2821  -1000.0     
    2822  -1000.0     
    2823  -1000.0     
    2824  -1000.0     
    2825  -1000.0     
    2826  -1000.0     
    2827  -1000.0     
    2828  -1000.0     
    2829  -1000.0     
    2830  -1000.0     
    2831  -1000.0     
    2832  -1000.0     
    2833  -1000.0     
    2834  -1000.0     
    2835  -1000.0     
    2836  -1000.0     
    2837  -1000.0     
    2838  -1000.0     
    2839  -1000.0     
    2840  -1000.0     
    2841  -1000.0     
    2842  -1000.0     
    2843  -1000.0     
    2844  -1000.0     
    2845  -1000.0     
    2846  -1000.0     
    2847  -1000.0     
 
  ***** POST1 NODAL DEGREE OF FREEDOM LISTING *****                            
 
  LOAD STEP=     1  SUBSTEP=     1                                             
   TIME=    1.0000      LOAD CASE=   0                                         
 
    NODE       VOLT  
    2848  -1000.0     
    2849  -1000.0     
    2850  -1000.0     
    2851  -1000.0     
    2852  -1000.0     
    2853  -1000.0     
    2854  -1000.0     
    2855  -1000.0     
    2856  -1000.0     
    2857  -1000.0     
    2858  -1000.0     
    2859  -1000.0     
    2860  -1000.0     
    2861  -1000.0     
    2862  -1000.0     
    2863  -1000.0     
    2864  -1000.0     
    2865  -1000.0     
    2866  -1000.0     
    2867  -1000.0     
    2868  -1000.0     
    2869  -1000.0     
    2870  -1000.0     
    2871  -1000.0     
    2872  -1000.0     
    2873  -1000.0     
    2874  -1000.0     
    2875  -1000.0     
    2876  -1000.0     
    2877  -1000.0     
    2878  -1000.0     
    2879  -1000.0     
    2880  -1000.0     
    2881  -1000.0     
    2882  -1000.0     
    2883  -1000.0     
    2884  -1000.0     
    2885  -1000.0     
    2886  -1000.0     
 
  ***** POST1 NODAL DEGREE OF FREEDOM LISTING *****                            
 
  LOAD STEP=     1  SUBSTEP=     1                                             
   TIME=    1.0000      LOAD CASE=   0                                         
 
    NODE       VOLT  
    2887  -1000.0     
    2888  -1000.0     
    2889  -1000.0     
    2890  -1000.0     
    2891  -1000.0     
    2892  -1000.0     
    2893  -1000.0     
    2894  -1000.0     
    2895  -1000.0     
    2896  -1000.0     
    2897  -1000.0     
    2898  -1000.0     
    2899  -1000.0     
    2900  -1000.0     
    2901  -1000.0     
    2902  -1000.0     
    2903  -1000.0     
    2904  -1000.0     
    2905  -1000.0     
    2906  -1000.0     
    2907  -1000.0     
    2908  -1000.0     
    2909  -1000.0     
    2910  -1000.0     
    2911  -1000.0     
    2912  -1000.0     
    2913  -1000.0     
    2914  -1000.0     
    2915  -1000.0     
    2916  -1000.0     
    2917  -1000.0     
    2918  -1000.0     
    2919  -1000.0     
    2920  -1000.0     
    2921  -1000.0     
    2922  -1000.0     
    2923  -1000.0     
    2924  -1000.0     
    2925  -1000.0     
 
  ***** POST1 NODAL DEGREE OF FREEDOM LISTING *****                            
 
  LOAD STEP=     1  SUBSTEP=     1                                             
   TIME=    1.0000      LOAD CASE=   0                                         
 
    NODE       VOLT  
    2926  -1000.0     
    2927  -1000.0     
    2928  -1000.0     
    2929  -1000.0     
    2930  -1000.0     
    2931  -1000.0     
    2932  -1000.0     
    2933  -1000.0     
    2934  -1000.0     
    2935  -1000.0     
    2936  -1000.0     
    2937  -1000.0     
    2938  -1000.0     
    2939  -1000.0     
    2940  -1000.0     
    2941  -1000.0     
    2942  -1000.0     
    2943  -1000.0     
    2944  -1000.0     
    2945  -1000.0     
    2946  -1000.0     
    2947  -1000.0     
    2948  -1000.0     
    2949  -1000.0     
    2950  -1000.0     
    2951  -1000.0     
    2952  -1000.0     
    2953  -1000.0     
    2954  -1000.0     
    2955  -1000.0     
    2956  -1000.0     
    2957  -1000.0     
    2958  -1000.0     
    2959  -1000.0     
    2960  -1000.0     
    2961  -1000.0     
    2962  -1000.0     
    2963  -1000.0     
    2964  -1000.0     
 
  ***** POST1 NODAL DEGREE OF FREEDOM LISTING *****                            
 
  LOAD STEP=     1  SUBSTEP=     1                                             
   TIME=    1.0000      LOAD CASE=   0                                         
 
    NODE       VOLT  
    2965  -1000.0     
    2966  -1000.0     
    2967  -1000.0     
    2968  -1000.0     
    2969  -1000.0     
    2970  -1000.0     
    2971  -1000.0     
    2972  -1000.0     
    2973  -1000.0     
    2974  -1000.0     
    2975  -1000.0     
    2976  -1000.0     
    2977  -1000.0     
    2978  -1000.0     
    2979  -1000.0     
    2980  -1000.0     
    2981  -1000.0     
    2982  -1000.0     
    2983  -1000.0     
    2984  -1000.0     
    2985  -1000.0     
    2986  -1000.0     
    2987  -1000.0     
    2988  -1000.0     
    2989  -1000.0     
    2990  -1000.0     
    2991  -1000.0     
    2992  -1000.0     
    2993  -1000.0     
    2994  -1000.0     
    2995  -1000.0     
    2996  -1000.0     
    2997  -1000.0     
    2998  -1000.0     
    2999  -1000.0     
    3000  -1000.0     
    3001  -1000.0     
    3002  -1000.0     
    3003  -1000.0     
 
  ***** POST1 NODAL DEGREE OF FREEDOM LISTING *****                            
 
  LOAD STEP=     1  SUBSTEP=     1                                             
   TIME=    1.0000      LOAD CASE=   0                                         
 
    NODE       VOLT  
    3004  -1000.0     
    3005  -1000.0     
    3006  -1000.0     
    3007  -1000.0     
    3008  -1000.0     
    3009  -1000.0     
    3010  -1000.0     
    3011  -1000.0     
    3012  -1000.0     
    3013  -1000.0     
    3014  -1000.0     
    3015  -1000.0     
    3016  -1000.0     
    3017  -1000.0     
    3018  -1000.0     
    3019  -1000.0     
    3020  -1000.0     
    3021  -1000.0     
    3022  -1000.0     
    3023  -1000.0     
    3024  -1000.0     
    3025  -1000.0     
    3026  -1000.0     
    3027  -1000.0     
    3028  -1000.0     
    3029  -1000.0     
    3030  -1000.0     
    3031  -1000.0     
    3032  -1000.0     
    3033  -1000.0     
    3034  -1000.0     
    3035  -1000.0     
    3036  -1000.0     
    3037  -1000.0     
    3038  -1000.0     
    3039  -1000.0     
    3040  -1000.0     
    3041  -1000.0     
    3042  -1000.0     
 
  ***** POST1 NODAL DEGREE OF FREEDOM LISTING *****                            
 
  LOAD STEP=     1  SUBSTEP=     1                                             
   TIME=    1.0000      LOAD CASE=   0                                         
 
    NODE       VOLT  
    3043  -1000.0     
    3044  -1000.0     
    3045  -1000.0     
    3046  -1000.0     
    3047  -1000.0     
    3048  -1000.0     
    3049  -1000.0     
    3050  -1000.0     
    3051  -1000.0     
    3052  -1000.0     
    3053  -1000.0     
    3054  -1000.0     
    3055  -1000.0     
    3056  -1000.0     
    3057  -1000.0     
    3058  -1000.0     
    3059  -1000.0     
    3060  -1000.0     
    3061  -1000.0     
    3062  -1000.0     
    3063  -1000.0     
    3064  -1000.0     
    3065  -1000.0     
    3066  -1000.0     
    3067  -1000.0     
    3068  -1000.0     
    3069  -1000.0     
    3070  -1000.0     
    3071  -1000.0     
    3072  -1000.0     
    3073  -1000.0     
    3074  -1000.0     
    3075  -1000.0     
    3076  -1000.0     
    3077  -1000.0     
    3078  -1000.0     
    3079  -1000.0     
    3080  -1000.0     
    3081  -1000.0     
 
  ***** POST1 NODAL DEGREE OF FREEDOM LISTING *****                            
 
  LOAD STEP=     1  SUBSTEP=     1                                             
   TIME=    1.0000      LOAD CASE=   0                                         
 
    NODE       VOLT  
    3082  -1000.0     
    3083  -1000.0     
    3084  -1000.0     
    3085  -1000.0     
    3086  -1000.0     
    3087  -1000.0     
    3088  -1000.0     
    3089  -1000.0     
    3090  -1000.0     
    3091  -1000.0     
    3092  -1000.0     
    3093  -1000.0     
    3094  -1000.0     
    3095  -1000.0     
    3096  -1000.0     
    3097  -1000.0     
    3098  -1000.0     
    3099  -1000.0     
    3100  -1000.0     
    3101  -1000.0     
    3102  -1000.0     
    3103  -1000.0     
    3104  -1000.0     
    3105  -1000.0     
    3106  -1000.0     
    3107  -1000.0     
    3108  -1000.0     
    3109  -1000.0     
    3110  -1000.0     
    3111  -1000.0     
    3112  -1000.0     
    3113  -1000.0     
    3114  -1000.0     
    3115  -1000.0     
    3116  -1000.0     
    3117  -1000.0     
    3118  -1000.0     
    3119  -1000.0     
    3120  -1000.0     
 
  ***** POST1 NODAL DEGREE OF FREEDOM LISTING *****                            
 
  LOAD STEP=     1  SUBSTEP=     1                                             
   TIME=    1.0000      LOAD CASE=   0                                         
 
    NODE       VOLT  
    3121  -1000.0     
    3122  -1000.0     
    3123  -1000.0     
    3124  -1000.0     
    3125  -1000.0     
    3126  -1000.0     
    3127  -1000.0     
    3128  -1000.0     
    3129  -1000.0     
    3130  -1000.0     
    3131  -1000.0     
    3132  -1000.0     
    3133  -1000.0     
    3134  -1000.0     
    3135  -1000.0     
    3136  -1000.0     
    3137  -1000.0     
    3138  -1000.0     
    3139  -1000.0     
    3140  -1000.0     
    3141  -1000.0     
    3142  -1000.0     
    3143  -1000.0     
    3144  -1000.0     
    3145  -1000.0     
    3146  -1000.0     
    3147  -1000.0     
    3148  -1000.0     
    3149  -1000.0     
    3150  -1000.0     
    3151  -1000.0     
    3152  -1000.0     
    3153  -1000.0     
    3154  -1000.0     
    3155  -1000.0     
    3156  -1000.0     
    3157  -1000.0     
    3158  -1000.0     
    3159  -1000.0     
 
  ***** POST1 NODAL DEGREE OF FREEDOM LISTING *****                            
 
  LOAD STEP=     1  SUBSTEP=     1                                             
   TIME=    1.0000      LOAD CASE=   0                                         
 
    NODE       VOLT  
    3160  -1000.0     
    3161  -1000.0     
    3162  -1000.0     
    3163  -1000.0     
    3164  -1000.0     
    3165  -1000.0     
    3166  -1000.0     
    3167  -1000.0     
    3168  -1000.0     
    3169  -1000.0     
    3170  -1000.0     
    3171  -1000.0     
    3172  -1000.0     
    3173  -1000.0     
    3174  -1000.0     
    3175  -1000.0     
    3176  -1000.0     
    3177  -1000.0     
    3178  -1000.0     
    3179  -1000.0     
    3180  -1000.0     
    3181  -1000.0     
    3182  -1000.0     
    3183  -1000.0     
    3184  -1000.0     
    3185  -1000.0     
    3186  -1000.0     
    3187  -1000.0     
    3188  -1000.0     
    3189  -1000.0     
    3190  -1000.0     
    3191  -1000.0     
    3192  -1000.0     
    3193  -1000.0     
    3194  -1000.0     
    3195  -1000.0     
    3196  -1000.0     
    3197  -1000.0     
    3198  -1000.0     
 
  ***** POST1 NODAL DEGREE OF FREEDOM LISTING *****                            
 
  LOAD STEP=     1  SUBSTEP=     1                                             
   TIME=    1.0000      LOAD CASE=   0                                         
 
    NODE       VOLT  
    3199  -1000.0     
    3200  -1000.0     
    3201  -1000.0     
    3202  -1000.0     
    3203  -1000.0     
    3204  -1000.0     
    3205  -1000.0     
    3206  -1000.0     
    3207  -1000.0     
    3208  -1000.0     
    3209  -1000.0     
    3210  -1000.0     
    3211  -1000.0     
    3212  -1000.0     
    3213  -1000.0     
    3214  -1000.0     
    3215  -1000.0     
    3216  -1000.0     
    3217  -1000.0     
    3218  -1000.0     
    3219  -1000.0     
    3220  -1000.0     
    3221  -1000.0     
    3222  -1000.0     
    3223  -1000.0     
    3224  -1000.0     
    3225  -1000.0     
    3226  -1000.0     
    3227  -1000.0     
    3228  -1000.0     
    3229  -1000.0     
    3230  -1000.0     
    3231  -1000.0     
    3232  -1000.0     
    3233  -1000.0     
    3234  -1000.0     
    3235  -1000.0     
    3236  -1000.0     
    3237  -1000.0     
 
  ***** POST1 NODAL DEGREE OF FREEDOM LISTING *****                            
 
  LOAD STEP=     1  SUBSTEP=     1                                             
   TIME=    1.0000      LOAD CASE=   0                                         
 
    NODE       VOLT  
    3238  -1000.0     
    3239  -1000.0     
    3240  -1000.0     
    3241  -1000.0     
    3242  -1000.0     
    3243  -1000.0     
    3244  -1000.0     
    3245  -1000.0     
    3246  -1000.0     
    3247  -1000.0     
    3248  -1000.0     
    3249  -1000.0     
    3250  -1000.0     
    3251  -1000.0     
    3252  -1000.0     
    3253  -1000.0     
    3254  -1000.0     
    3255  -1000.0     
    3256  -1000.0     
    3257  -1000.0     
    3258  -1000.0     
    3259  -1000.0     
    3260  -1000.0     
    3261  -1000.0     
    3262  -1000.0     
    3263  -1000.0     
    3264  -1000.0     
    3265  -1000.0     
    3266  -1000.0     
    3267  -1000.0     
    3268  -1000.0     
    3269  -1000.0     
    3270  -1000.0     
    3271  -1000.0     
    3272  -1000.0     
    3273  -1000.0     
    3274  -1000.0     
    3275  -1000.0     
    3276  -1000.0     
 
  ***** POST1 NODAL DEGREE OF FREEDOM LISTING *****                            
 
  LOAD STEP=     1  SUBSTEP=     1                                             
   TIME=    1.0000      LOAD CASE=   0                                         
 
    NODE       VOLT  
    3277  -1000.0     
    3278  -1000.0     
    3279  -1000.0     
    3280  -1000.0     
    3281  -1000.0     
    3282  -1000.0     
    3283  -1000.0     
    3284  -971.84     
    3285  -971.82     
    3286  -962.04     
    3287  -962.14     
    3288  -982.91     
    3289  -981.61     
    3290  -961.67     
    3291  -982.73     
    3292  -962.30     
    3293  -981.37     
    3294  -971.06     
    3295  -971.24     
    3296  -970.84     
    3297  -972.25     
    3298  -971.84     
    3299  -973.84     
    3300  -973.66     
    3301  -971.79     
    3302  -972.95     
    3303  -971.08     
    3304  -972.28     
    3305  -970.30     
    3306  -971.58     
    3307  -967.56     
    3308  -969.14     
    3309  -971.43     
    3310  -969.62     
    3311  -969.82     
    3312  -847.43     
    3313  -845.18     
    3314  -868.37     
    3315  -895.57     
 
  ***** POST1 NODAL DEGREE OF FREEDOM LISTING *****                            
 
  LOAD STEP=     1  SUBSTEP=     1                                             
   TIME=    1.0000      LOAD CASE=   0                                         
 
    NODE       VOLT  
    3316  -914.19     
    3317  -942.62     
    3318  -825.86     
    3319  -842.60     
    3320  -923.82     
    3321  -937.33     
    3322  -948.82     
    3323  -933.88     
    3324  -948.55     
    3325  -825.29     
    3326  -830.84     
    3327  -810.22     
    3328  -810.13     
    3329  -844.57     
    3330  -810.66     
    3331  -831.38     
    3332  -810.61     
    3333  -871.94     
    3334  -869.39     
    3335  -889.37     
    3336  -867.73     
    3337  -848.35     
    3338  -848.59     
    3339  -849.30     
    3340  -849.60     
    3341  -851.50     
    3342  -892.99     
    3343  -892.66     
    3344  -893.80     
    3345  -893.60     
    3346  -899.00     
    3347  -921.34     
    3348  -891.58     
    3349  -850.35     
    3350  -883.98     
    3351  -906.28     
    3352  -920.40     
    3353  -828.83     
    3354  -829.41     
 
  ***** POST1 NODAL DEGREE OF FREEDOM LISTING *****                            
 
  LOAD STEP=     1  SUBSTEP=     1                                             
   TIME=    1.0000      LOAD CASE=   0                                         
 
    NODE       VOLT  
    3355  -828.64     
    3356  -921.37     
    3357  -916.97     
    3358  -917.58     
    3359  -920.75     
    3360  -930.60     
    3361  -936.30     
    3362  -896.49     
    3363  -885.50     
    3364  -922.04     
    3365  -812.86     
    3366  -813.01     
    3367  -813.07     
    3368  -813.19     
    3369  -813.63     
    3370  -813.54     
    3371  -812.74     
    3372  -812.59     
    3373  -942.71     
    3374  -944.39     
    3375  -938.44     
    3376  -939.01     
    3377  -939.23     
    3378  -938.63     
    3379  -939.61     
    3380  -938.37     
    3381  -941.47     
    3382  -942.27     
    3383  -948.20     
    3384  -948.21     
    3385  -947.59     
    3386  -946.68     
    3387  -876.99     
    3388  -853.17     
    3389  -927.61     
    3390  -906.56     
    3391  -850.98     
    3392  -875.05     
    3393  -897.57     
 
  ***** POST1 NODAL DEGREE OF FREEDOM LISTING *****                            
 
  LOAD STEP=     1  SUBSTEP=     1                                             
   TIME=    1.0000      LOAD CASE=   0                                         
 
    NODE       VOLT  
    3394  -918.53     
    3395  -908.17     
    3396  -863.82     
    3397  -926.63     
    3398  -867.56     
    3399  -936.80     
    3400  -937.28     
    3401  -924.29     
    3402  -918.13     
    3403  -918.05     
    3404  -917.23     
    3405  -828.05     
    3406  -830.19     
    3407  -829.55     
    3408  -828.98     
    3409  -905.07     
    3410  -874.68     
    3411  -870.65     
    3412  -869.27     
    3413  -823.43     
    3414  -823.04     
    3415  -938.68     
    3416  -628.81     
    3417  -690.80     
    3418  -907.56     
    3419  -912.48     
    3420  -696.73     
    3421  -814.86     
    3422  -803.30     
    3423  -914.76     
    3424  -909.69     
    3425  -954.67     
    3426  -645.02     
    3427  -695.17     
    3428  -698.51     
    3429  -952.04     
    3430  -977.03     
    3431  -948.91     
    3432  -977.08     
 
  ***** POST1 NODAL DEGREE OF FREEDOM LISTING *****                            
 
  LOAD STEP=     1  SUBSTEP=     1                                             
   TIME=    1.0000      LOAD CASE=   0                                         
 
    NODE       VOLT  
    3433  -650.83     
    3434  -652.86     
    3435  -624.74     
    3436  -624.69     
    3437  -808.11     
    3438  -769.99     
    3439  -758.71     
    3440  -769.56     
    3441  -737.08     
    3442  -731.76     
    3443  -729.20     
    3444  -685.85     
    3445  -871.10     
    3446  -836.22     
    3447  -837.70     
    3448  -877.28     
    3449  -852.80     
    3450  -913.70     
    3451  -788.12     
    3452  -706.28     
    3453  -879.48     
    3454  -655.99     
    3455  -945.19     
    3456  -751.51     
    3457  -726.76     
    3458  -790.42     
    3459  -812.38     
    3460  -859.81     
    3461  -836.19     
    3462  -688.76     
    3463  -665.55     
    3464  -934.50     
    3465  -911.64     
    3466  -626.03     
    3467  -626.62     
    3468  -626.24     
    3469  -630.23     
    3470  -975.09     
    3471  -974.89     
 
  ***** POST1 NODAL DEGREE OF FREEDOM LISTING *****                            
 
  LOAD STEP=     1  SUBSTEP=     1                                             
   TIME=    1.0000      LOAD CASE=   0                                         
 
    NODE       VOLT  
    3472  -974.52     
    3473  -969.89     
    3474  -634.48     
    3475  -632.21     
    3476  -967.98     
    3477  -964.09     
    3478  -936.22     
    3479  -663.94     
    3480  -949.70     
    3481  -652.53     
    3482  -828.97     
    3483  -745.19     
    3484  -877.99     
    3485  -875.62     
    3486  -797.86     
    3487  -718.97     
    3488  -740.60     
    3489  -649.43     
    3490  -954.11     
    3491  -753.53     
    3492  -677.70     
    3493  -690.27     
    3494  -718.00     
    3495  -657.03     
    3496  -755.64     
    3497  -662.55     
    3498  -758.44     
    3499  -775.81     
    3500  -789.82     
    3501  -769.41     
    3502  -790.00     
    3503  -774.60     
    3504  -768.47     
    3505  -789.23     
    3506  -789.36     
    3507  -675.73     
    3508  -665.81     
    3509  -650.46     
    3510  -651.09     
 
  ***** POST1 NODAL DEGREE OF FREEDOM LISTING *****                            
 
  LOAD STEP=     1  SUBSTEP=     1                                             
   TIME=    1.0000      LOAD CASE=   0                                         
 
    NODE       VOLT  
    3511  -727.78     
    3512  -729.24     
    3513  -715.84     
    3514  -707.81     
    3515  -706.90     
    3516  -703.44     
    3517  -698.77     
    3518  -703.56     
    3519  -708.41     
    3520  -680.86     
    3521  -680.84     
    3522  -694.56     
    3523  -751.17     
    3524  -748.16     
    3525  -747.84     
    3526  -752.90     
    3527  -752.20     
    3528  -732.60     
    3529  -709.22     
    3530  -736.24     
    3531  -754.25     
    3532  -679.37     
    3533  -683.44     
    3534  -678.01     
    3535  -678.20     
    3536  -673.47     
    3537  -664.45     
    3538  -771.60     
    3539  -770.93     
    3540  -772.60     
    3541  -703.98     
    3542  -714.89     
    3543  -756.38     
    3544  -656.61     
    3545  -657.31     
    3546  -660.85     
    3547  -661.15     
    3548  -661.06     
    3549  -660.26     
 
  ***** POST1 NODAL DEGREE OF FREEDOM LISTING *****                            
 
  LOAD STEP=     1  SUBSTEP=     1                                             
   TIME=    1.0000      LOAD CASE=   0                                         
 
    NODE       VOLT  
    3550  -656.85     
    3551  -657.16     
    3552  -660.73     
    3553  -660.16     
    3554  -652.28     
    3555  -651.95     
    3556  -652.26     
    3557  -651.97     
    3558  -787.43     
    3559  -787.62     
    3560  -786.61     
    3561  -786.75     
    3562  -786.85     
    3563  -786.72     
    3564  -788.06     
    3565  -787.81     
    3566  -693.52     
    3567  -672.77     
    3568  -747.12     
    3569  -723.41     
    3570  -681.18     
    3571  -702.02     
    3572  -725.70     
    3573  -749.67     
    3574  -737.77     
    3575  -691.10     
    3576  -733.13     
    3577  -673.58     
    3578  -773.45     
    3579  -770.78     
    3580  -770.09     
    3581  -772.10     
    3582  -664.27     
    3583  -664.27     
    3584  -682.24     
    3585  -673.61     
    3586  -681.57     
    3587  -683.81     
    3588  -733.49     
 
  ***** POST1 NODAL DEGREE OF FREEDOM LISTING *****                            
 
  LOAD STEP=     1  SUBSTEP=     1                                             
   TIME=    1.0000      LOAD CASE=   0                                         
 
    NODE       VOLT  
    3589  -730.61     
    3590  -723.49     
    3591  -697.31     
    3592  -660.69     
    3593  -776.40     
    3594  -777.60     
    3595  -628.44     
    3596  -826.75     
    3597  -751.86     
    3598  -912.39     
    3599  -832.89     
    3600  -920.06     
    3601  -750.86     
    3602  -770.24     
    3603  -872.66     
    3604  -632.26     
    3605  -644.22     
    3606  -843.98     
    3607  -952.06     
    3608  -649.47     
    3609  -966.42     
    3610  -632.29     
    3611  -815.35     
    3612  -724.22     
    3613  -725.63     
    3614  -831.56     
    3615  -763.66     
    3616  -732.08     
    3617  -730.40     
    3618  -716.61     
    3619  -716.22     
    3620  -787.08     
    3621  -761.73     
    3622  -760.00     
    3623  -799.30     
    3624  -800.16     
    3625  -799.71     
    3626  -883.98     
    3627  -877.78     
 
  ***** POST1 NODAL DEGREE OF FREEDOM LISTING *****                            
 
  LOAD STEP=     1  SUBSTEP=     1                                             
   TIME=    1.0000      LOAD CASE=   0                                         
 
    NODE       VOLT  
    3628  -834.33     
    3629  -768.02     
    3630  -733.61     
    3631  -858.86     
    3632  -737.86     
    3633  -682.86     
    3634  -686.96     
    3635  -680.34     
    3636  -694.52     
    3637  -685.39     
    3638  -757.89     
    3639  -867.47     
    3640  -794.59     
    3641  -801.45     
    3642  -808.42     
    3643  -847.04     
    3644  -839.46     
    3645  -858.21     
    3646  -852.91     
    3647  -853.17     
    3648  -891.64     
    3649  -865.19     
    3650  -898.47     
    3651  -867.67     
    3652  -872.26     
    3653  -900.96     
    3654  -868.11     
    3655  -899.45     
    3656  -865.32     
    3657  -871.18     
    3658  -896.64     
    3659  -905.34     
    3660  -926.52     
    3661  -938.28     
    3662  -899.56     
    3663  -699.15     
    3664  -660.43     
    3665  -752.00     
    3666  -775.51     
 
  ***** POST1 NODAL DEGREE OF FREEDOM LISTING *****                            
 
  LOAD STEP=     1  SUBSTEP=     1                                             
   TIME=    1.0000      LOAD CASE=   0                                         
 
    NODE       VOLT  
    3667  -798.19     
    3668  -820.67     
    3669  -919.93     
    3670  -923.84     
    3671  -920.28     
    3672  -919.67     
    3673  -927.85     
    3674  -927.37     
    3675  -923.02     
    3676  -923.24     
    3677  -925.96     
    3678  -926.11     
    3679  -921.43     
    3680  -944.40     
    3681  -951.94     
    3682  -948.62     
    3683  -949.69     
    3684  -949.94     
    3685  -949.59     
    3686  -936.09     
    3687  -950.88     
    3688  -670.11     
    3689  -692.86     
    3690  -908.58     
    3691  -931.63     
    3692  -632.28     
    3693  -632.27     
    3694  -650.67     
    3695  -650.64     
    3696  -636.41     
    3697  -636.39     
    3698  -636.39     
    3699  -644.01     
    3700  -644.04     
    3701  -644.11     
    3702  -650.90     
    3703  -651.61     
    3704  -634.89     
    3705  -966.44     
 
  ***** POST1 NODAL DEGREE OF FREEDOM LISTING *****                            
 
  LOAD STEP=     1  SUBSTEP=     1                                             
   TIME=    1.0000      LOAD CASE=   0                                         
 
    NODE       VOLT  
    3706  -966.43     
    3707  -977.94     
    3708  -977.92     
    3709  -974.00     
    3710  -973.99     
    3711  -974.60     
    3712  -974.59     
    3713  -975.07     
    3714  -975.07     
    3715  -974.84     
    3716  -974.85     
    3717  -974.69     
    3718  -974.73     
    3719  -976.02     
    3720  -976.15     
    3721  -959.19     
    3722  -959.78     
    3723  -966.64     
    3724  -637.33     
    3725  -641.74     
    3726  -960.30     
    3727  -964.31     
    3728  -929.73     
    3729  -673.44     
    3730  -919.65     
    3731  -952.27     
    3732  -949.44     
    3733  -949.71     
    3734  -950.15     
    3735  -949.21     
    3736  -948.01     
    3737  -955.88     
    3738  -932.93     
    3739  -701.54     
    3740  -688.04     
    3741  -672.75     
    3742  -701.18     
    3743  -664.51     
    3744  -890.72     
 
  ***** POST1 NODAL DEGREE OF FREEDOM LISTING *****                            
 
  LOAD STEP=     1  SUBSTEP=     1                                             
   TIME=    1.0000      LOAD CASE=   0                                         
 
    NODE       VOLT  
    3745  -902.52     
    3746  -896.36     
    3747  -905.55     
    3748  -891.39     
    3749  -891.89     
    3750  -796.06     
    3751  -839.88     
    3752  -839.01     
    3753  -814.50     
    3754  -825.87     
    3755  -802.35     
    3756  -763.10     
    3757  -836.85     
    3758  -760.41     
    3759  -759.61     
    3760  -638.89     
    3761  -617.86     
    3762  -638.21     
    3763  -618.69     
    3764  -639.02     
    3765  -638.33     
    3766  -621.82     
    3767  -618.55     
    3768  -628.89     
    3769  -630.84     
    3770  -632.85     
    3771  -631.17     
    3772  -628.20     
    3773  -626.43     
    3774  -628.54     
    3775  -627.38     
    3776  -628.27     
    3777  -629.30     
    3778  -631.92     
    3779  -628.64     
    3780  -632.21     
    3781  -628.84     
    3782  -631.64     
    3783  -631.71     
 
  ***** POST1 NODAL DEGREE OF FREEDOM LISTING *****                            
 
  LOAD STEP=     1  SUBSTEP=     1                                             
   TIME=    1.0000      LOAD CASE=   0                                         
 
    NODE       VOLT  
    3784  -631.52     
    3785  -631.23     
    3786  -600.00     
    3787  -600.00     
    3788  -600.00     
    3789  -600.00     
    3790  -600.00     
    3791  -600.00     
    3792  -600.00     
    3793  -600.00     
    3794  -600.00     
    3795  -600.00     
    3796  -600.00     
    3797  -600.00     
    3798  -600.00     
    3799  -600.00     
    3800  -600.00     
    3801  -600.00     
    3802  -600.00     
    3803  -600.00     
    3804  -600.00     
    3805  -600.00     
    3806  -600.00     
    3807  -600.00     
    3808  -600.00     
    3809  -600.00     
    3810  -600.00     
    3811  -600.00     
    3812  -600.00     
    3813  -600.00     
    3814  -600.00     
    3815  -600.00     
    3816  -600.00     
    3817  -600.00     
    3818  -600.00     
    3819  -600.00     
    3820  -600.00     
    3821  -600.00     
    3822  -600.00     
 
  ***** POST1 NODAL DEGREE OF FREEDOM LISTING *****                            
 
  LOAD STEP=     1  SUBSTEP=     1                                             
   TIME=    1.0000      LOAD CASE=   0                                         
 
    NODE       VOLT  
    3823  -600.00     
    3824  -600.00     
    3825  -600.00     
    3826  -600.00     
    3827  -600.00     
    3828  -600.00     
    3829  -600.00     
    3830  -600.00     
    3831  -600.00     
    3832  -600.00     
    3833  -600.00     
    3834  -600.00     
    3835  -600.00     
    3836  -600.00     
    3837  -600.00     
    3838  -600.00     
    3839  -600.00     
    3840  -600.00     
    3841  -600.00     
    3842  -600.00     
    3843  -600.00     
    3844  -600.00     
    3845  -600.00     
    3846  -600.00     
    3847  -600.00     
    3848  -600.00     
    3849  -600.00     
    3850  -600.00     
    3851  -600.00     
    3852  -600.00     
    3853  -600.00     
    3854  -600.00     
    3855  -600.00     
    3856  -600.00     
    3857  -600.00     
    3858  -600.00     
    3859  -600.00     
    3860  -600.00     
    3861  -600.00     
 
  ***** POST1 NODAL DEGREE OF FREEDOM LISTING *****                            
 
  LOAD STEP=     1  SUBSTEP=     1                                             
   TIME=    1.0000      LOAD CASE=   0                                         
 
    NODE       VOLT  
    3862  -600.00     
    3863  -600.00     
    3864  -600.00     
    3865  -600.00     
    3866  -600.00     
    3867  -600.00     
    3868  -600.00     
    3869  -600.00     
    3870  -600.00     
    3871  -600.00     
    3872  -600.00     
    3873  -600.00     
    3874  -600.00     
    3875  -600.00     
    3876  -600.00     
    3877  -600.00     
    3878  -600.00     
    3879  -600.00     
    3880  -600.00     
    3881  -600.00     
    3882  -600.00     
    3883  -600.00     
    3884  -600.00     
    3885  -600.00     
    3886  -600.00     
    3887  -600.00     
    3888  -600.00     
    3889  -600.00     
    3890  -600.00     
    3891  -600.00     
    3892  -600.00     
    3893  -600.00     
    3894  -600.00     
    3895  -600.00     
    3896  -600.00     
    3897  -600.00     
    3898  -600.00     
    3899  -600.00     
    3900  -600.00     
 
  ***** POST1 NODAL DEGREE OF FREEDOM LISTING *****                            
 
  LOAD STEP=     1  SUBSTEP=     1                                             
   TIME=    1.0000      LOAD CASE=   0                                         
 
    NODE       VOLT  
    3901  -600.00     
    3902  -600.00     
    3903  -600.00     
    3904  -600.00     
    3905  -600.00     
    3906  -600.00     
    3907  -600.00     
    3908  -600.00     
    3909  -600.00     
    3910  -600.00     
    3911  -600.00     
    3912  -600.00     
    3913  -600.00     
    3914  -600.00     
    3915  -600.00     
    3916  -600.00     
    3917  -600.00     
    3918  -600.00     
    3919  -600.00     
    3920  -600.00     
    3921  -600.00     
    3922  -600.00     
    3923  -600.00     
    3924  -600.00     
    3925  -600.00     
    3926  -600.00     
    3927  -600.00     
    3928  -600.00     
    3929  -600.00     
    3930  -600.00     
    3931  -600.00     
    3932  -600.00     
    3933  -600.00     
    3934  -600.00     
    3935  -600.00     
    3936  -600.00     
    3937  -600.00     
    3938  -600.00     
    3939  -600.00     
 
  ***** POST1 NODAL DEGREE OF FREEDOM LISTING *****                            
 
  LOAD STEP=     1  SUBSTEP=     1                                             
   TIME=    1.0000      LOAD CASE=   0                                         
 
    NODE       VOLT  
    3940  -600.00     
    3941  -600.00     
    3942  -600.00     
    3943  -600.00     
    3944  -600.00     
    3945  -600.00     
    3946  -600.00     
    3947  -600.00     
    3948  -600.00     
    3949  -600.00     
    3950  -600.00     
    3951  -600.00     
    3952  -600.00     
    3953  -600.00     
    3954  -600.00     
    3955  -600.00     
    3956  -600.00     
    3957  -600.00     
    3958  -600.00     
    3959  -600.00     
    3960  -600.00     
    3961  -600.00     
    3962  -600.00     
    3963  -600.00     
    3964  -600.00     
    3965  -600.00     
    3966  -600.00     
    3967  -600.00     
    3968  -600.00     
    3969  -600.00     
    3970  -600.00     
    3971  -600.00     
    3972  -600.00     
    3973  -600.00     
    3974  -600.00     
    3975  -600.00     
    3976  -600.00     
    3977  -600.00     
    3978  -600.00     
 
  ***** POST1 NODAL DEGREE OF FREEDOM LISTING *****                            
 
  LOAD STEP=     1  SUBSTEP=     1                                             
   TIME=    1.0000      LOAD CASE=   0                                         
 
    NODE       VOLT  
    3979  -600.00     
    3980  -600.00     
    3981  -600.00     
    3982  -600.00     
    3983  -600.00     
    3984  -600.00     
    3985  -600.00     
    3986  -600.00     
    3987  -600.00     
    3988  -600.00     
    3989  -600.00     
    3990  -600.00     
    3991  -600.00     
    3992  -600.00     
    3993  -600.00     
    3994  -600.00     
    3995  -600.00     
    3996  -600.00     
    3997  -600.00     
    3998  -600.00     
    3999  -600.00     
    4000  -600.00     
    4001  -600.00     
    4002  -600.00     
    4003  -600.00     
    4004  -600.00     
    4005  -600.00     
    4006  -600.00     
    4007  -600.00     
    4008  -600.00     
    4009  -600.00     
    4010  -600.00     
    4011  -600.00     
    4012  -600.00     
    4013  -600.00     
    4014  -600.00     
    4015  -600.00     
    4016  -600.00     
    4017  -600.00     
 
  ***** POST1 NODAL DEGREE OF FREEDOM LISTING *****                            
 
  LOAD STEP=     1  SUBSTEP=     1                                             
   TIME=    1.0000      LOAD CASE=   0                                         
 
    NODE       VOLT  
    4018  -600.00     
    4019  -600.00     
    4020  -600.00     
    4021  -600.00     
    4022  -600.00     
    4023  -600.00     
    4024  -600.00     
    4025  -600.00     
    4026  -600.00     
    4027  -600.00     
    4028  -600.00     
    4029  -600.00     
    4030  -600.00     
    4031  -600.00     
    4032  -600.00     
    4033  -600.00     
    4034  -600.00     
    4035  -600.00     
    4036  -600.00     
    4037  -600.00     
    4038  -600.00     
    4039  -600.00     
    4040  -600.00     
    4041  -600.00     
    4042  -600.00     
    4043  -600.00     
    4044  -600.00     
    4045  -600.00     
    4046  -600.00     
    4047  -600.00     
    4048  -600.00     
    4049  -600.00     
    4050  -600.00     
    4051  -600.00     
    4052  -600.00     
    4053  -600.00     
    4054  -600.00     
    4055  -600.00     
    4056  -600.00     
 
  ***** POST1 NODAL DEGREE OF FREEDOM LISTING *****                            
 
  LOAD STEP=     1  SUBSTEP=     1                                             
   TIME=    1.0000      LOAD CASE=   0                                         
 
    NODE       VOLT  
    4057  -600.00     
    4058  -600.00     
    4059  -600.00     
    4060  -600.00     
    4061  -600.00     
    4062  -600.00     
    4063  -600.00     
    4064  -600.00     
    4065  -600.00     
    4066  -600.00     
    4067  -600.00     
    4068  -600.00     
    4069  -600.00     
    4070  -600.00     
    4071  -600.00     
    4072  -600.00     
    4073  -600.00     
    4074  -600.00     
    4075  -600.00     
    4076  -600.00     
    4077  -600.00     
    4078  -600.00     
    4079  -600.00     
    4080  -600.00     
    4081  -600.00     
    4082  -600.00     
    4083  -600.00     
    4084  -600.00     
    4085  -600.00     
    4086  -600.00     
    4087  -600.00     
    4088  -600.00     
    4089  -600.00     
    4090  -600.00     
    4091  -600.00     
    4092  -600.00     
    4093  -600.00     
    4094  -600.00     
    4095  -600.00     
 
  ***** POST1 NODAL DEGREE OF FREEDOM LISTING *****                            
 
  LOAD STEP=     1  SUBSTEP=     1                                             
   TIME=    1.0000      LOAD CASE=   0                                         
 
    NODE       VOLT  
    4096  -600.00     
    4097  -600.00     
    4098  -600.00     
    4099  -600.00     
    4100  -600.00     
    4101  -600.00     
    4102  -600.00     
    4103  -600.00     
    4104  -600.00     
    4105  -600.00     
    4106  -600.00     
    4107  -600.00     
    4108  -600.00     
    4109  -600.00     
    4110  -600.00     
    4111  -600.00     
    4112  -600.00     
    4113  -600.00     
    4114  -600.00     
    4115  -600.00     
    4116  -600.00     
    4117  -600.00     
    4118  -600.00     
    4119  -600.00     
    4120  -600.00     
    4121  -600.00     
    4122  -600.00     
    4123  -600.00     
    4124  -600.00     
    4125  -600.00     
    4126  -600.00     
    4127  -600.00     
    4128  -600.00     
    4129  -600.00     
    4130  -600.00     
    4131  -600.00     
    4132  -600.00     
    4133  -600.00     
    4134  -600.00     
 
  ***** POST1 NODAL DEGREE OF FREEDOM LISTING *****                            
 
  LOAD STEP=     1  SUBSTEP=     1                                             
   TIME=    1.0000      LOAD CASE=   0                                         
 
    NODE       VOLT  
    4135  -600.00     
    4136  -600.00     
    4137  -600.00     
    4138  -600.00     
    4139  -600.00     
    4140  -600.00     
    4141  -600.00     
    4142  -600.00     
    4143  -600.00     
    4144  -600.00     
    4145  -600.00     
    4146  -600.00     
    4147  -600.00     
    4148  -600.00     
    4149  -600.00     
    4150  -600.00     
    4151  -600.00     
    4152  -600.00     
    4153  -600.00     
    4154  -600.00     
    4155  -600.00     
    4156  -600.00     
    4157  -600.00     
    4158  -600.00     
    4159  -600.00     
    4160  -600.00     
    4161  -600.00     
    4162  -600.00     
    4163  -600.00     
    4164  -600.00     
    4165  -600.00     
    4166  -600.00     
    4167  -600.00     
    4168  -600.00     
    4169  -600.00     
    4170  -600.00     
    4171  -600.00     
    4172  -600.00     
    4173  -600.00     
 
  ***** POST1 NODAL DEGREE OF FREEDOM LISTING *****                            
 
  LOAD STEP=     1  SUBSTEP=     1                                             
   TIME=    1.0000      LOAD CASE=   0                                         
 
    NODE       VOLT  
    4174  -600.00     
    4175  -600.00     
    4176  -600.00     
    4177  -600.00     
    4178  -600.00     
    4179  -600.00     
    4180  -600.00     
    4181  -600.00     
    4182  -600.00     
    4183  -600.00     
    4184  -600.00     
    4185  -600.00     
    4186  -600.00     
    4187  -600.00     
    4188  -600.00     
    4189  -600.00     
    4190  -600.00     
    4191  -600.00     
    4192  -600.00     
    4193  -600.00     
    4194  -600.00     
    4195  -600.00     
    4196  -600.00     
    4197  -600.00     
    4198  -600.00     
    4199  -600.00     
    4200  -600.00     
    4201  -600.00     
    4202  -600.00     
    4203  -600.00     
    4204  -600.00     
    4205  -600.00     
    4206  -600.00     
    4207  -600.00     
    4208  -600.00     
    4209  -600.00     
    4210  -600.00     
    4211  -600.00     
    4212  -600.00     
 
  ***** POST1 NODAL DEGREE OF FREEDOM LISTING *****                            
 
  LOAD STEP=     1  SUBSTEP=     1                                             
   TIME=    1.0000      LOAD CASE=   0                                         
 
    NODE       VOLT  
    4213  -600.00     
    4214  -600.00     
    4215  -600.00     
    4216  -600.00     
    4217  -600.00     
    4218  -600.00     
    4219  -600.00     
    4220  -600.00     
    4221  -600.00     
    4222  -600.00     
    4223  -600.00     
    4224  -600.00     
    4225  -600.00     
    4226  -600.00     
    4227  -600.00     
    4228  -600.00     
    4229  -600.00     
    4230  -600.00     
    4231  -600.00     
    4232  -600.00     
    4233  -600.00     
    4234  -600.00     
    4235  -600.00     
    4236  -600.00     
    4237  -600.00     
    4238  -600.00     
    4239  -600.00     
    4240  -600.00     
    4241  -600.00     
    4242  -600.00     
    4243  -600.00     
    4244  -600.00     
    4245  -600.00     
    4246  -600.00     
    4247  -600.00     
    4248  -600.00     
    4249  -600.00     
    4250  -600.00     
    4251  -600.00     
 
  ***** POST1 NODAL DEGREE OF FREEDOM LISTING *****                            
 
  LOAD STEP=     1  SUBSTEP=     1                                             
   TIME=    1.0000      LOAD CASE=   0                                         
 
    NODE       VOLT  
    4252  -600.00     
    4253  -600.00     
    4254  -600.00     
    4255  -600.00     
    4256  -600.00     
    4257  -600.00     
    4258  -600.00     
    4259  -600.00     
    4260  -600.00     
    4261  -600.00     
    4262  -600.00     
    4263  -600.00     
    4264  -600.00     
    4265  -600.00     
    4266  -600.00     
    4267  -600.00     
    4268  -600.00     
    4269  -600.00     
    4270  -600.00     
    4271  -600.00     
    4272  -600.00     
    4273  -600.00     
    4274  -600.00     
    4275  -600.00     
    4276  -600.00     
    4277  -600.00     
    4278  -600.00     
    4279  -600.00     
    4280  -600.00     
    4281  -600.00     
    4282  -600.00     
    4283  -600.00     
    4284  -600.00     
    4285  -600.00     
    4286  -600.00     
    4287  -600.00     
    4288  -600.00     
    4289  -600.00     
    4290  -600.00     
 
  ***** POST1 NODAL DEGREE OF FREEDOM LISTING *****                            
 
  LOAD STEP=     1  SUBSTEP=     1                                             
   TIME=    1.0000      LOAD CASE=   0                                         
 
    NODE       VOLT  
    4291  -600.00     
    4292  -600.00     
    4293  -600.00     
    4294  -600.00     
    4295  -600.00     
    4296  -600.00     
    4297  -600.00     
    4298  -600.00     
    4299  -600.00     
    4300  -600.00     
    4301  -600.00     
    4302  -600.00     
    4303  -600.00     
    4304  -600.00     
    4305  -600.00     
    4306  -600.00     
    4307  -600.00     
    4308  -600.00     
    4309  -600.00     
    4310  -600.00     
    4311  -600.00     
    4312  -600.00     
    4313  -600.00     
    4314  -600.00     
    4315  -600.00     
    4316  -600.00     
    4317  -600.00     
    4318  -600.00     
    4319  -600.00     
    4320  -600.00     
    4321  -638.81     
    4322  -616.91     
    4323  -637.78     
    4324  -618.20     
    4325  -638.28     
    4326  -637.57     
    4327  -617.25     
    4328  -618.36     
    4329  -626.90     
 
  ***** POST1 NODAL DEGREE OF FREEDOM LISTING *****                            
 
  LOAD STEP=     1  SUBSTEP=     1                                             
   TIME=    1.0000      LOAD CASE=   0                                         
 
    NODE       VOLT  
    4330  -629.61     
    4331  -629.06     
    4332  -631.55     
    4333  -629.02     
    4334  -627.20     
    4335  -630.64     
    4336  -626.91     
    4337  -628.11     
    4338  -628.84     
    4339  -630.13     
    4340  -628.01     
    4341  -629.48     
    4342  -627.79     
    4343  -630.80     
    4344  -631.41     
    4345  -630.23     
    4346  -630.02     
    4347  -962.10     
    4348  -982.95     
    4349  -962.11     
    4350  -981.38     
    4351  -963.27     
    4352  -963.16     
    4353  -983.96     
    4354  -982.40     
    4355  -972.90     
    4356  -971.95     
    4357  -969.42     
    4358  -970.14     
    4359  -971.43     
    4360  -970.26     
    4361  -972.16     
    4362  -970.76     
    4363  -969.16     
    4364  -968.20     
    4365  -971.93     
    4366  -969.67     
    4367  -971.99     
    4368  -970.78     
 
  ***** POST1 NODAL DEGREE OF FREEDOM LISTING *****                            
 
  LOAD STEP=     1  SUBSTEP=     1                                             
   TIME=    1.0000      LOAD CASE=   0                                         
 
    NODE       VOLT  
    4369  -971.31     
    4370  -972.59     
    4371  -971.17     
    4372  -969.56     
    4373  -956.51     
    4374  -947.75     
    4375  -969.76     
    4376  -965.88     
    4377  -886.14     
    4378  -926.28     
    4379  -914.03     
    4380  -655.24     
    4381  -659.83     
    4382  -973.44     
    4383  -716.51     
    4384  -658.78     
    4385  -742.61     
    4386  -691.74     
    4387  -672.50     
    4388  -662.01     
    4389  -699.69     
    4390  -731.65     
    4391  -681.36     
    4392  -638.44     
    4393  -725.24     
    4394  -669.45     
    4395  -837.03     
    4396  -802.25     
    4397  -774.43     
    4398  -752.01     
    4399  -854.12     
    4400  -835.66     
    4401  -822.63     
    4402  -908.57     
    4403  -944.86     
    4404  -834.28     
    4405  -946.74     
    4406  -909.49     
    4407  -897.37     
 
  ***** POST1 NODAL DEGREE OF FREEDOM LISTING *****                            
 
  LOAD STEP=     1  SUBSTEP=     1                                             
   TIME=    1.0000      LOAD CASE=   0                                         
 
    NODE       VOLT  
    4408  -817.64     
    4409  -845.64     
    4410  -884.82     
    4411  -951.68     
    4412  -865.47     
    4413  -934.59     
    4414  -967.41     
    4415  -967.06     
    4416  -928.61     
    4417  -949.59     
    4418  -779.37     
    4419  -701.67     
    4420  -724.86     
    4421  -788.67     
    4422  -696.65     
    4423  -643.78     
    4424  -685.23     
    4425  -717.05     
    4426  -721.58     
    4427  -653.64     
    4428  -650.92     
    4429  -664.70     
    4430  -721.05     
    4431  -656.03     
    4432  -763.18     
    4433  -642.91     
    4434  -688.04     
    4435  -642.95     
    4436  -879.15     
    4437  -900.53     
    4438  -937.56     
    4439  -799.97     
    4440  -866.91     
    4441  -940.65     
    4442  -955.47     
    4443  -945.19     
    4444  -908.41     
    4445  -944.62     
    4446  -665.88     
 
  ***** POST1 NODAL DEGREE OF FREEDOM LISTING *****                            
 
  LOAD STEP=     1  SUBSTEP=     1                                             
   TIME=    1.0000      LOAD CASE=   0                                         
 
    NODE       VOLT  
    4447  -860.45     
    4448  -853.46     
    4449  -654.26     
    4450  -655.16     
    4451  -690.92     
    4452  -796.67     
    4453  -755.20     
    4454  -828.16     
    4455  -834.07     
    4456  -891.78     
    4457  -916.65     
    4458  -864.33     
    4459  -808.23     
    4460  -646.94     
    4461  -658.75     
    4462  -698.65     
    4463  -654.97     
    4464  -708.74     
    4465  -734.77     
    4466  -703.21     
    4467  -655.93     
    4468  -658.31     
    4469  -656.07     
    4470  -654.00     
    4471  -951.51     
    4472  -954.58     
    4473  -943.45     
    4474  -670.40     
    4475  -647.81     
    4476  -804.42     
    4477  -747.39     
    4478  -699.43     
    4479  -694.00     
    4480  -707.04     
    4481  -651.11     
    4482  -776.44     
    4483  -738.37     
    4484  -785.96     
    4485  -748.28     
 
  ***** POST1 NODAL DEGREE OF FREEDOM LISTING *****                            
 
  LOAD STEP=     1  SUBSTEP=     1                                             
   TIME=    1.0000      LOAD CASE=   0                                         
 
    NODE       VOLT  
    4486  -753.23     
    4487  -730.83     
    4488  -704.74     
    4489  -813.51     
    4490  -821.95     
    4491  -662.52     
    4492  -718.64     
    4493  -655.72     
    4494  -649.03     
    4495  -845.19     
    4496  -779.59     
    4497  -696.87     
    4498  -888.99     
    4499  -950.96     
    4500  -912.61     
    4501  -859.85     
    4502  -812.70     
    4503  -848.89     
    4504  -853.91     
    4505  -898.33     
    4506  -654.96     
    4507  -717.38     
    4508  -825.80     
    4509  -784.06     
    4510  -769.59     
    4511  -784.59     
    4512  -768.19     
    4513  -818.97     
    4514  -749.60     
    4515  -673.13     
    4516  -767.78     
    4517  -783.39     
    4518  -735.44     
    4519  -772.06     
    4520  -803.10     
    4521  -787.45     
    4522  -716.69     
    4523  -739.84     
    4524  -836.19     
 
  ***** POST1 NODAL DEGREE OF FREEDOM LISTING *****                            
 
  LOAD STEP=     1  SUBSTEP=     1                                             
   TIME=    1.0000      LOAD CASE=   0                                         
 
    NODE       VOLT  
    4525  -799.99     
    4526  -778.05     
    4527  -795.36     
    4528  -795.87     
    4529  -800.31     
    4530  -809.14     
    4531  -848.11     
    4532  -856.89     
    4533  -741.15     
    4534  -748.14     
    4535  -731.81     
    4536  -749.15     
    4537  -818.34     
    4538  -817.16     
    4539  -864.73     
    4540  -866.19     
    4541  -937.71     
    4542  -931.21     
    4543  -915.48     
    4544  -911.42     
    4545  -687.13     
    4546  -644.02     
    4547  -742.06     
    4548  -790.07     
    4549  -732.29     
    4550  -783.54     
    4551  -830.33     
    4552  -640.22     
    4553  -624.76     
    4554  -669.43     
    4555  -686.56     
    4556  -787.06     
    4557  -728.39     
    4558  -962.51     
    4559  -865.24     
    4560  -836.53     
    4561  -960.56     
    4562  -908.26     
    4563  -938.05     
 
  ***** POST1 NODAL DEGREE OF FREEDOM LISTING *****                            
 
  LOAD STEP=     1  SUBSTEP=     1                                             
   TIME=    1.0000      LOAD CASE=   0                                         
 
    NODE       VOLT  
    4564  -944.28     
    4565  -939.60     
    4566  -637.77     
    4567  -643.01     
    4568  -715.48     
    4569  -677.95     
    4570  -684.88     
    4571  -739.28     
    4572  -661.03     
    4573  -733.44     
    4574  -661.84     
    4575  -903.51     
    4576  -945.69     
    4577  -968.82     
    4578  -721.82     
    4579  -644.82     
    4580  -768.68     
    4581  -926.85     
    4582  -897.37     
    4583  -942.64     
    4584  -857.25     
    4585  -785.31     
    4586  -734.01     
    4587  -773.51     
    4588  -642.25     
    4589  -656.52     
    4590  -643.67     
    4591  -638.43     
    4592  -658.51     
    4593  -710.49     
    4594  -943.28     
    4595  -922.63     
    4596  -948.70     
    4597  -886.27     
    4598  -942.10     
    4599  -907.12     
    4600  -878.98     
    4601  -880.63     
    4602  -891.18     
 
  ***** POST1 NODAL DEGREE OF FREEDOM LISTING *****                            
 
  LOAD STEP=     1  SUBSTEP=     1                                             
   TIME=    1.0000      LOAD CASE=   0                                         
 
    NODE       VOLT  
    4603  -818.02     
    4604  -678.61     
    4605  -680.40     
    4606  -918.68     
    4607  -909.11     
    4608  -898.61     
    4609  -651.65     
    4610  -643.92     
    4611  -891.97     
    4612  -855.53     
    4613  -848.00     
    4614  -897.27     
    4615  -830.68     
    4616  -758.36     
    4617  -784.24     
    4618  -818.93     
    4619  -795.72     
    4620  -830.90     
    4621  -866.75     
    4622  -834.02     
    4623  -898.31     
    4624  -914.52     
    4625  -949.94     
    4626  -947.44     
    4627  -951.92     
    4628  -974.53     
    4629  -953.73     
    4630  -928.66     
    4631  -904.53     
    4632  -878.40     
    4633  -856.88     
    4634  -811.73     
    4635  -912.23     
    4636  -913.22     
    4637  -860.36     
    4638  -879.06     
    4639  -918.69     
    4640  -784.07     
    4641  -799.82     
 
  ***** POST1 NODAL DEGREE OF FREEDOM LISTING *****                            
 
  LOAD STEP=     1  SUBSTEP=     1                                             
   TIME=    1.0000      LOAD CASE=   0                                         
 
    NODE       VOLT  
    4642  -746.45     
    4643  -799.90     
    4644  -738.90     
    4645  -701.68     
    4646  -763.22     
    4647  -753.47     
    4648  -700.17     
    4649  -749.91     
    4650  -753.60     
    4651  -695.70     
    4652  -655.80     
    4653  -641.55     
    4654  -700.73     
    4655  -654.39     
    4656  -656.52     
    4657  -666.05     
    4658  -693.30     
    4659  -937.00     
    4660  -946.09     
    4661  -901.18     
    4662  -873.58     
    4663  -959.81     
    4664  -959.41     
    4665  -917.52     
    4666  -932.76     
    4667  -948.55     
    4668  -972.81     
    4669  -658.83     
    4670  -691.68     
    4671  -682.96     
    4672  -644.48     
    4673  -658.47     
    4674  -709.02     
    4675  -696.60     
    4676  -690.37     
    4677  -740.14     
    4678  -788.83     
    4679  -721.88     
    4680  -930.59     
 
  ***** POST1 NODAL DEGREE OF FREEDOM LISTING *****                            
 
  LOAD STEP=     1  SUBSTEP=     1                                             
   TIME=    1.0000      LOAD CASE=   0                                         
 
    NODE       VOLT  
    4681  -947.57     
    4682  -957.79     
    4683  -945.36     
    4684  -883.75     
    4685  -944.05     
    4686  -945.66     
    4687  -885.14     
    4688  -884.60     
    4689  -841.21     
    4690  -858.49     
    4691  -907.07     
    4692  -928.02     
    4693  -869.46     
    4694  -906.06     
    4695  -897.99     
    4696  -940.21     
    4697  -716.58     
    4698  -746.05     
    4699  -645.59     
    4700  -673.06     
    4701  -654.47     
    4702  -664.14     
    4703  -717.91     
    4704  -697.15     
    4705  -750.06     
    4706  -927.71     
    4707  -870.33     
    4708  -911.26     
    4709  -903.36     
    4710  -659.79     
    4711  -780.55     
    4712  -818.69     
    4713  -730.79     
    4714  -746.88     
    4715  -900.85     
    4716  -926.65     
    4717  -959.85     
    4718  -788.71     
    4719  -788.80     
 
  ***** POST1 NODAL DEGREE OF FREEDOM LISTING *****                            
 
  LOAD STEP=     1  SUBSTEP=     1                                             
   TIME=    1.0000      LOAD CASE=   0                                         
 
    NODE       VOLT  
    4720  -792.36     
    4721  -757.34     
    4722  -769.24     
    4723  -800.38     
    4724  -823.64     
    4725  -852.45     
    4726  -848.78     
    4727  -728.53     
    4728  -634.90     
    4729  -648.42     
    4730  -648.26     
    4731  -670.23     
    4732  -942.31     
    4733  -955.97     
    4734  -876.94     
    4735  -869.93     
    4736  -647.62     
    4737  -699.52     
    4738  -642.15     
    4739  -943.66     
    4740  -928.74     
    4741  -878.14     
    4742  -960.65     
    4743  -942.98     
    4744  -707.22     
    4745  -682.85     
    4746  -736.68     
    4747  -658.83     
    4748  -869.23     
    4749  -641.40     
    4750  -765.50     
    4751  -834.20     
    4752  -644.42     
    4753  -642.78     
    4754  -907.16     
    4755  -943.52     
    4756  -945.39     
    4757  -882.71     
    4758  -936.87     
 
  ***** POST1 NODAL DEGREE OF FREEDOM LISTING *****                            
 
  LOAD STEP=     1  SUBSTEP=     1                                             
   TIME=    1.0000      LOAD CASE=   0                                         
 
    NODE       VOLT  
    4759  -822.40     
    4760  -866.05     
    4761  -854.35     
    4762  -706.74     
    4763  -647.51     
    4764  -733.60     
    4765  -655.80     
    4766  -778.27     
    4767  -771.94     
    4768  -827.44     
    4769  -822.85     
    4770  -638.23     
    4771  -675.82     
    4772  -810.67     
    4773  -657.90     
    4774  -690.60     
    4775  -715.13     
    4776  -656.03     
    4777  -643.03     
    4778  -658.20     
    4779  -939.95     
    4780  -960.53     
    4781  -942.93     
    4782  -911.01     
    4783  -945.50     
    4784  -905.40     
    4785  -891.71     
    4786  -804.08     
    4787  -801.24     
    4788  -656.66     
    4789  -893.13     
    4790  -905.61     
    4791  -897.06     
    4792  -642.07     
    4793  -641.99     
    4794  -635.20     
    4795  -935.92     
    4796  -662.73     
    4797  -904.74     
 
  ***** POST1 NODAL DEGREE OF FREEDOM LISTING *****                            
 
  LOAD STEP=     1  SUBSTEP=     1                                             
   TIME=    1.0000      LOAD CASE=   0                                         
 
    NODE       VOLT  
    4798  -955.47     
    4799  -637.28     
    4800  -626.30     
    4801  -705.48     
    4802  -701.65     
    4803  -962.39     
    4804  -797.40     
    4805  -851.75     
    4806  -891.11     
    4807  -732.69     
    4808  -816.59     
    4809  -911.49     
    4810  -970.41     
    4811  -816.35     
    4812  -849.84     
    4813  -973.88     
    4814  -818.48     
    4815  -878.74     
    4816  -693.40     
    4817  -693.38     
    4818  -652.76     
    4819  -823.98     
    4820  -785.18     
    4821  -731.48     
    4822  -690.38     
    4823  -723.64     
    4824  -795.57     
    4825  -869.85     
    4826  -928.54     
    4827  -884.77     
    4828  -736.39     
    4829  -751.09     
    4830  -703.54     
    4831  -657.98     
    4832  -733.68     
    4833  -870.19     
    4834  -867.04     
    4835  -944.12     
    4836  -626.14     
 
  ***** POST1 NODAL DEGREE OF FREEDOM LISTING *****                            
 
  LOAD STEP=     1  SUBSTEP=     1                                             
   TIME=    1.0000      LOAD CASE=   0                                         
 
    NODE       VOLT  
    4837  -650.49     
    4838  -703.14     
    4839  -652.54     
    4840  -952.91     
    4841  -967.49     
    4842  -651.28     
    4843  -848.85     
    4844  -832.62     
    4845  -751.98     
    4846  -715.60     
    4847  -766.14     
    4848  -802.91     
    4849  -654.20     
    4850  -974.54     
    4851  -800.00     
    4852  -850.09     
    4853  -966.60     
    4854  -804.89     
    4855  -741.52     
    4856  -693.13     
    4857  -957.35     
    4858  -769.46     
    4859  -765.90     
    4860  -688.55     
    4861  -752.00     
    4862  -841.00     
    4863  -835.22     
    4864  -867.80     
    4865  -625.19     
    4866  -944.08     
    4867  -799.97     
    4868  -954.44     
    4869  -897.07     
    4870  -954.98     
    4871  -954.69     
    4872  -952.13     
    4873  -973.84     
    4874  -978.26     
    4875  -963.15     
 
  ***** POST1 NODAL DEGREE OF FREEDOM LISTING *****                            
 
  LOAD STEP=     1  SUBSTEP=     1                                             
   TIME=    1.0000      LOAD CASE=   0                                         
 
    NODE       VOLT  
    4876  -958.75     
    4877  -984.86     
    4878  -961.19     
    4879  -956.81     
    4880  -982.97     
    4881  -978.21     
    4882  -984.83     
    4883  -984.85     
    4884  -978.25     
    4885  -984.88     
    4886  -927.88     
    4887  -906.25     
    4888  -948.01     
    4889  -941.86     
    4890  -900.09     
    4891  -920.18     
    4892  -662.11     
    4893  -643.64     
    4894  -647.33     
    4895  -668.42     
    4896  -656.29     
    4897  -642.67     
    4898  -634.41     
    4899  -644.06     
    4900  -645.76     
    4901  -648.39     
    4902  -931.15     
    4903  -974.09     
    4904  -957.01     
    4905  -943.74     
    4906  -960.82     
    4907  -986.72     
    4908  -937.25     
    4909  -963.12     
    4910  -688.34     
    4911  -701.52     
    4912  -728.88     
    4913  -703.53     
    4914  -675.22     
 
  ***** POST1 NODAL DEGREE OF FREEDOM LISTING *****                            
 
  LOAD STEP=     1  SUBSTEP=     1                                             
   TIME=    1.0000      LOAD CASE=   0                                         
 
    NODE       VOLT  
    4915  -717.50     
    4916  -986.71     
    4917  -956.98     
    4918  -929.93     
    4919  -959.61     
    4920  -972.87     
    4921  -682.30     
    4922  -667.00     
    4923  -676.72     
    4924  -665.62     
    4925  -659.65     
    4926  -695.53     
    4927  -715.73     
    4928  -711.55     
    4929  -721.17     
    4930  -736.91     
    4931  -690.47     
    4932  -686.56     
    4933  -665.19     
    4934  -669.28     
    4935  -659.99     
    4936  -712.50     
    4937  -699.89     
    4938  -762.04     
    4939  -680.38     
    4940  -706.51     
    4941  -693.51     
    4942  -708.27     
    4943  -819.59     
    4944  -788.37     
    4945  -805.72     
    4946  -794.56     
    4947  -777.21     
    4948  -763.23     
    4949  -828.18     
    4950  -845.66     
    4951  -836.34     
    4952  -818.91     
    4953  -844.93     
 
  ***** POST1 NODAL DEGREE OF FREEDOM LISTING *****                            
 
  LOAD STEP=     1  SUBSTEP=     1                                             
   TIME=    1.0000      LOAD CASE=   0                                         
 
    NODE       VOLT  
    4954  -812.42     
    4955  -829.82     
    4956  -838.40     
    4957  -926.68     
    4958  -889.39     
    4959  -871.35     
    4960  -927.64     
    4961  -945.81     
    4962  -890.36     
    4963  -903.49     
    4964  -856.39     
    4965  -863.56     
    4966  -876.16     
    4967  -870.46     
    4968  -832.46     
    4969  -896.70     
    4970  -918.22     
    4971  -930.13     
    4972  -887.03     
    4973  -875.15     
    4974  -908.51     
    4975  -921.58     
    4976  -950.99     
    4977  -937.96     
    4978  -937.80     
    4979  -950.81     
    4980  -967.24     
    4981  -906.74     
    4982  -918.60     
    4983  -909.68     
    4984  -931.63     
    4985  -948.02     
    4986  -929.07     
    4987  -958.52     
    4988  -939.08     
    4989  -740.57     
    4990  -713.24     
    4991  -752.05     
    4992  -783.99     
 
  ***** POST1 NODAL DEGREE OF FREEDOM LISTING *****                            
 
  LOAD STEP=     1  SUBSTEP=     1                                             
   TIME=    1.0000      LOAD CASE=   0                                         
 
    NODE       VOLT  
    4993  -745.20     
    4994  -756.74     
    4995  -699.15     
    4996  -672.75     
    4997  -670.23     
    4998  -690.94     
    4999  -693.43     
    5000  -664.50     
    5001  -738.08     
    5002  -709.36     
    5003  -748.23     
    5004  -706.81     
    5005  -711.54     
    5006  -755.06     
    5007  -723.22     
    5008  -677.66     
    5009  -689.31     
    5010  -687.63     
    5011  -680.45     
    5012  -685.37     
    5013  -648.68     
    5014  -657.80     
    5015  -681.93     
    5016  -675.01     
    5017  -625.39     
    5018  -632.36     
    5019  -711.38     
    5020  -722.94     
    5021  -678.85     
    5022  -688.58     
    5023  -690.52     
    5024  -732.48     
    5025  -743.96     
    5026  -742.11     
    5027  -626.93     
    5028  -625.19     
    5029  -619.67     
    5030  -732.39     
    5031  -686.63     
 
  ***** POST1 NODAL DEGREE OF FREEDOM LISTING *****                            
 
  LOAD STEP=     1  SUBSTEP=     1                                             
   TIME=    1.0000      LOAD CASE=   0                                         
 
    NODE       VOLT  
    5032  -733.76     
    5033  -694.80     
    5034  -654.83     
    5035  -672.34     
    5036  -643.36     
    5037  -664.10     
    5038  -889.83     
    5039  -919.08     
    5040  -908.35     
    5041  -839.44     
    5042  -850.11     
    5043  -868.52     
    5044  -833.52     
    5045  -883.76     
    5046  -902.04     
    5047  -969.23     
    5048  -938.75     
    5049  -970.72     
    5050  -950.35     
    5051  -926.86     
    5052  -931.93     
    5053  -950.05     
    5054  -944.91     
    5055  -926.53     
    5056  -950.16     
    5057  -972.55     
    5058  -922.85     
    5059  -968.88     
    5060  -941.51     
    5061  -650.27     
    5062  -674.24     
    5063  -664.51     
    5064  -922.59     
    5065  -972.28     
    5066  -794.33     
    5067  -844.59     
    5068  -880.52     
    5069  -830.16     
    5070  -824.56     
 
  ***** POST1 NODAL DEGREE OF FREEDOM LISTING *****                            
 
  LOAD STEP=     1  SUBSTEP=     1                                             
   TIME=    1.0000      LOAD CASE=   0                                         
 
    NODE       VOLT  
    5071  -902.46     
    5072  -877.04     
    5073  -898.96     
    5074  -856.95     
    5075  -632.22     
    5076  -642.08     
    5077  -662.40     
    5078  -651.12     
    5079  -631.28     
    5080  -664.61     
    5081  -638.51     
    5082  -659.79     
    5083  -676.53     
    5084  -672.68     
    5085  -673.42     
    5086  -690.63     
    5087  -645.20     
    5088  -663.05     
    5089  -681.34     
    5090  -641.63     
    5091  -645.54     
    5092  -651.91     
    5093  -646.78     
    5094  -786.38     
    5095  -798.48     
    5096  -778.29     
    5097  -818.33     
    5098  -829.80     
    5099  -810.74     
    5100  -776.91     
    5101  -766.53     
    5102  -757.57     
    5103  -813.14     
    5104  -829.18     
    5105  -811.34     
    5106  -847.16     
    5107  -764.46     
    5108  -784.43     
    5109  -798.50     
 
  ***** POST1 NODAL DEGREE OF FREEDOM LISTING *****                            
 
  LOAD STEP=     1  SUBSTEP=     1                                             
   TIME=    1.0000      LOAD CASE=   0                                         
 
    NODE       VOLT  
    5110  -862.92     
    5111  -904.23     
    5112  -875.33     
    5113  -859.44     
    5114  -888.33     
    5115  -900.73     
    5116  -878.62     
    5117  -849.77     
    5118  -865.20     
    5119  -890.60     
    5120  -906.51     
    5121  -633.56     
    5122  -874.59     
    5123  -836.31     
    5124  -846.48     
    5125  -864.95     
    5126  -836.83     
    5127  -887.81     
    5128  -909.65     
    5129  -912.66     
    5130  -886.44     
    5131  -896.41     
    5132  -877.51     
    5133  -862.34     
    5134  -852.14     
    5135  -644.17     
    5136  -623.51     
    5137  -623.50     
    5138  -667.50     
    5139  -623.45     
    5140  -629.38     
    5141  -652.83     
    5142  -623.46     
    5143  -629.40     
    5144  -672.81     
    5145  -676.81     
    5146  -650.93     
    5147  -677.85     
    5148  -703.69     
 
  ***** POST1 NODAL DEGREE OF FREEDOM LISTING *****                            
 
  LOAD STEP=     1  SUBSTEP=     1                                             
   TIME=    1.0000      LOAD CASE=   0                                         
 
    NODE       VOLT  
    5149  -681.88     
    5150  -716.72     
    5151  -690.91     
    5152  -675.08     
    5153  -700.91     
    5154  -718.97     
    5155  -657.08     
    5156  -629.13     
    5157  -627.99     
    5158  -655.98     
    5159  -657.07     
    5160  -628.02     
    5161  -655.98     
    5162  -628.03     
    5163  -627.99     
    5164  -628.01     
    5165  -628.10     
    5166  -627.03     
    5167  -627.00     
    5168  -628.02     
    5169  -654.93     
    5170  -627.99     
    5171  -629.21     
    5172  -953.73     
    5173  -949.29     
    5174  -947.30     
    5175  -975.00     
    5176  -977.96     
    5177  -970.61     
    5178  -658.86     
    5179  -626.53     
    5180  -638.82     
    5181  -666.72     
    5182  -656.81     
    5183  -635.38     
    5184  -738.95     
    5185  -775.11     
    5186  -710.07     
    5187  -720.00     
 
  ***** POST1 NODAL DEGREE OF FREEDOM LISTING *****                            
 
  LOAD STEP=     1  SUBSTEP=     1                                             
   TIME=    1.0000      LOAD CASE=   0                                         
 
    NODE       VOLT  
    5188  -786.49     
    5189  -757.03     
    5190  -664.62     
    5191  -673.99     
    5192  -724.00     
    5193  -700.07     
    5194  -685.14     
    5195  -671.75     
    5196  -696.17     
    5197  -721.06     
    5198  -688.56     
    5199  -702.70     
    5200  -726.96     
    5201  -679.32     
    5202  -660.50     
    5203  -675.00     
    5204  -759.18     
    5205  -738.32     
    5206  -754.14     
    5207  -731.40     
    5208  -747.35     
    5209  -769.80     
    5210  -684.35     
    5211  -693.82     
    5212  -719.09     
    5213  -709.82     
    5214  -713.26     
    5215  -678.96     
    5216  -648.29     
    5217  -680.94     
    5218  -660.08     
    5219  -650.28     
    5220  -767.56     
    5221  -750.21     
    5222  -769.54     
    5223  -764.76     
    5224  -745.41     
    5225  -747.88     
    5226  -735.50     
 
  ***** POST1 NODAL DEGREE OF FREEDOM LISTING *****                            
 
  LOAD STEP=     1  SUBSTEP=     1                                             
   TIME=    1.0000      LOAD CASE=   0                                         
 
    NODE       VOLT  
    5227  -757.53     
    5228  -723.85     
    5229  -751.37     
    5230  -687.39     
    5231  -723.66     
    5232  -710.99     
    5233  -701.93     
    5234  -772.69     
    5235  -777.40     
    5236  -794.94     
    5237  -782.72     
    5238  -803.67     
    5239  -799.78     
    5240  -781.18     
    5241  -675.07     
    5242  -720.24     
    5243  -708.84     
    5244  -715.16     
    5245  -725.86     
    5246  -690.65     
    5247  -687.14     
    5248  -659.06     
    5249  -655.77     
    5250  -683.89     
    5251  -652.35     
    5252  -847.51     
    5253  -824.82     
    5254  -833.92     
    5255  -856.68     
    5256  -834.94     
    5257  -677.21     
    5258  -673.85     
    5259  -649.40     
    5260  -627.87     
    5261  -624.48     
    5262  -655.34     
    5263  -627.50     
    5264  -739.20     
    5265  -793.86     
 
  ***** POST1 NODAL DEGREE OF FREEDOM LISTING *****                            
 
  LOAD STEP=     1  SUBSTEP=     1                                             
   TIME=    1.0000      LOAD CASE=   0                                         
 
    NODE       VOLT  
    5266  -753.50     
    5267  -757.21     
    5268  -771.53     
    5269  -697.71     
    5270  -676.28     
    5271  -675.92     
    5272  -736.59     
    5273  -791.31     
    5274  -708.58     
    5275  -746.41     
    5276  -763.33     
    5277  -749.16     
    5278  -743.37     
    5279  -725.33     
    5280  -721.75     
    5281  -730.39     
    5282  -656.86     
    5283  -683.76     
    5284  -887.61     
    5285  -921.25     
    5286  -922.68     
    5287  -901.59     
    5288  -935.26     
    5289  -953.84     
    5290  -919.84     
    5291  -900.79     
    5292  -934.54     
    5293  -931.77     
    5294  -873.00     
    5295  -874.51     
    5296  -850.81     
    5297  -849.33     
    5298  -836.23     
    5299  -886.92     
    5300  -868.87     
    5301  -851.40     
    5302  -871.40     
    5303  -893.72     
    5304  -873.50     
 
  ***** POST1 NODAL DEGREE OF FREEDOM LISTING *****                            
 
  LOAD STEP=     1  SUBSTEP=     1                                             
   TIME=    1.0000      LOAD CASE=   0                                         
 
    NODE       VOLT  
    5305  -876.13     
    5306  -689.97     
    5307  -688.41     
    5308  -654.19     
    5309  -721.02     
    5310  -719.50     
    5311  -686.33     
    5312  -686.64     
    5313  -719.00     
    5314  -831.42     
    5315  -804.91     
    5316  -810.54     
    5317  -788.90     
    5318  -768.04     
    5319  -769.22     
    5320  -786.99     
    5321  -787.05     
    5322  -776.37     
    5323  -795.28     
    5324  -803.58     
    5325  -784.32     
    5326  -776.03     
    5327  -803.38     
    5328  -810.65     
    5329  -820.82     
    5330  -836.48     
    5331  -728.53     
    5332  -690.20     
    5333  -711.88     
    5334  -758.32     
    5335  -737.50     
    5336  -720.87     
    5337  -792.80     
    5338  -778.87     
    5339  -768.90     
    5340  -759.50     
    5341  -754.83     
    5342  -787.03     
    5343  -777.69     
 
  ***** POST1 NODAL DEGREE OF FREEDOM LISTING *****                            
 
  LOAD STEP=     1  SUBSTEP=     1                                             
   TIME=    1.0000      LOAD CASE=   0                                         
 
    NODE       VOLT  
    5344  -753.83     
    5345  -795.33     
    5346  -751.49     
    5347  -759.56     
    5348  -760.57     
    5349  -752.57     
    5350  -716.59     
    5351  -764.30     
    5352  -762.74     
    5353  -801.54     
    5354  -762.50     
    5355  -760.83     
    5356  -771.22     
    5357  -788.77     
    5358  -820.08     
    5359  -801.76     
    5360  -770.28     
    5361  -818.49     
    5362  -758.53     
    5363  -801.53     
    5364  -793.67     
    5365  -759.32     
    5366  -790.26     
    5367  -807.08     
    5368  -795.60     
    5369  -798.10     
    5370  -797.84     
    5371  -824.25     
    5372  -824.87     
    5373  -826.81     
    5374  -802.36     
    5375  -828.34     
    5376  -821.66     
    5377  -804.82     
    5378  -824.18     
    5379  -832.63     
    5380  -825.96     
    5381  -852.44     
    5382  -768.26     
 
  ***** POST1 NODAL DEGREE OF FREEDOM LISTING *****                            
 
  LOAD STEP=     1  SUBSTEP=     1                                             
   TIME=    1.0000      LOAD CASE=   0                                         
 
    NODE       VOLT  
    5383  -744.33     
    5384  -772.02     
    5385  -763.56     
    5386  -736.53     
    5387  -739.52     
    5388  -745.05     
    5389  -771.45     
    5390  -775.67     
    5391  -778.77     
    5392  -806.70     
    5393  -817.84     
    5394  -806.32     
    5395  -783.21     
    5396  -783.29     
    5397  -840.67     
    5398  -836.81     
    5399  -860.79     
    5400  -841.71     
    5401  -837.91     
    5402  -865.87     
    5403  -879.00     
    5404  -914.74     
    5405  -901.58     
    5406  -901.88     
    5407  -921.71     
    5408  -944.74     
    5409  -911.48     
    5410  -923.34     
    5411  -903.63     
    5412  -901.60     
    5413  -921.31     
    5414  -913.46     
    5415  -858.76     
    5416  -845.63     
    5417  -829.94     
    5418  -643.57     
    5419  -621.98     
    5420  -665.59     
    5421  -643.62     
 
  ***** POST1 NODAL DEGREE OF FREEDOM LISTING *****                            
 
  LOAD STEP=     1  SUBSTEP=     1                                             
   TIME=    1.0000      LOAD CASE=   0                                         
 
    NODE       VOLT  
    5422  -622.02     
    5423  -750.73     
    5424  -774.84     
    5425  -766.08     
    5426  -714.62     
    5427  -723.36     
    5428  -738.73     
    5429  -706.39     
    5430  -761.59     
    5431  -760.85     
    5432  -745.93     
    5433  -737.14     
    5434  -771.57     
    5435  -757.91     
    5436  -762.71     
    5437  -800.70     
    5438  -679.91     
    5439  -658.37     
    5440  -636.40     
    5441  -812.96     
    5442  -812.96     
    5443  -831.35     
    5444  -694.13     
    5445  -672.61     
    5446  -632.50     
    5447  -637.85     
    5448  -645.58     
    5449  -620.17     
    5450  -612.34     
    5451  -625.55     
    5452  -620.09     
    5453  -640.54     
    5454  -660.54     
    5455  -644.84     
    5456  -624.72     
    5457  -665.18     
    5458  -625.45     
    5459  -620.08     
    5460  -942.16     
 
  ***** POST1 NODAL DEGREE OF FREEDOM LISTING *****                            
 
  LOAD STEP=     1  SUBSTEP=     1                                             
   TIME=    1.0000      LOAD CASE=   0                                         
 
    NODE       VOLT  
    5461  -918.54     
    5462  -942.01     
    5463  -640.53     
    5464  -640.51     
    5465  -620.08     
    5466  -694.46     
    5467  -708.94     
    5468  -654.74     
    5469  -714.52     
    5470  -674.88     
    5471  -663.35     
    5472  -678.03     
    5473  -717.42     
    5474  -797.04     
    5475  -792.10     
    5476  -808.29     
    5477  -777.80     
    5478  -796.32     
    5479  -775.08     
    5480  -811.87     
    5481  -791.57     
    5482  -724.18     
    5483  -710.24     
    5484  -742.29     
    5485  -745.87     
    5486  -715.07     
    5487  -732.87     
    5488  -751.90     
    5489  -821.06     
    5490  -940.96     
    5491  -959.58     
    5492  -981.23     
    5493  -957.42     
    5494  -975.96     
    5495  -973.88     
    5496  -862.88     
    5497  -848.48     
    5498  -850.86     
    5499  -886.80     
 
  ***** POST1 NODAL DEGREE OF FREEDOM LISTING *****                            
 
  LOAD STEP=     1  SUBSTEP=     1                                             
   TIME=    1.0000      LOAD CASE=   0                                         
 
    NODE       VOLT  
    5500  -884.42     
    5501  -872.35     
    5502  -934.44     
    5503  -910.39     
    5504  -898.27     
    5505  -952.62     
    5506  -819.88     
    5507  -816.37     
    5508  -923.17     
    5509  -942.41     
    5510  -926.81     
    5511  -923.90     
    5512  -939.08     
    5513  -942.21     
    5514  -807.98     
    5515  -789.66     
    5516  -818.29     
    5517  -830.18     
    5518  -667.39     
    5519  -645.89     
    5520  -675.49     
    5521  -646.69     
    5522  -654.82     
    5523  -735.70     
    5524  -724.45     
    5525  -689.37     
    5526  -679.25     
    5527  -725.46     
    5528  -706.76     
    5529  -660.37     
    5530  -696.80     
    5531  -663.97     
    5532  -700.06     
    5533  -710.16     
    5534  -743.63     
    5535  -716.15     
    5536  -690.88     
    5537  -718.48     
    5538  -821.86     
 
  ***** POST1 NODAL DEGREE OF FREEDOM LISTING *****                            
 
  LOAD STEP=     1  SUBSTEP=     1                                             
   TIME=    1.0000      LOAD CASE=   0                                         
 
    NODE       VOLT  
    5539  -824.05     
    5540  -809.64     
    5541  -793.18     
    5542  -780.11     
    5543  -822.66     
    5544  -817.02     
    5545  -821.14     
    5546  -776.43     
    5547  -821.27     
    5548  -806.90     
    5549  -722.48     
    5550  -730.62     
    5551  -742.55     
    5552  -667.95     
    5553  -647.02     
    5554  -633.29     
    5555  -647.60     
    5556  -659.04     
    5557  -631.31     
    5558  -627.31     
    5559  -629.77     
    5560  -632.10     
    5561  -669.33     
    5562  -640.48     
    5563  -697.72     
    5564  -698.81     
    5565  -706.42     
    5566  -648.55     
    5567  -662.97     
    5568  -664.18     
    5569  -681.42     
    5570  -650.70     
    5571  -630.89     
    5572  -630.85     
    5573  -650.67     
    5574  -633.27     
    5575  -923.24     
    5576  -906.13     
    5577  -884.51     
 
  ***** POST1 NODAL DEGREE OF FREEDOM LISTING *****                            
 
  LOAD STEP=     1  SUBSTEP=     1                                             
   TIME=    1.0000      LOAD CASE=   0                                         
 
    NODE       VOLT  
    5578  -920.59     
    5579  -945.35     
    5580  -904.92     
    5581  -904.48     
    5582  -889.87     
    5583  -849.29     
    5584  -835.71     
    5585  -804.37     
    5586  -925.15     
    5587  -938.70     
    5588  -957.78     
    5589  -936.14     
    5590  -868.93     
    5591  -710.25     
    5592  -748.14     
    5593  -720.16     
    5594  -695.10     
    5595  -658.48     
    5596  -681.88     
    5597  -666.90     
    5598  -653.66     
    5599  -707.83     
    5600  -743.66     
    5601  -710.08     
    5602  -673.36     
    5603  -735.64     
    5604  -710.92     
    5605  -674.05     
    5606  -702.21     
    5607  -646.84     
    5608  -676.17     
    5609  -963.29     
    5610  -977.00     
    5611  -940.45     
    5612  -963.38     
    5613  -977.05     
    5614  -975.91     
    5615  -975.85     
    5616  -975.90     
 
  ***** POST1 NODAL DEGREE OF FREEDOM LISTING *****                            
 
  LOAD STEP=     1  SUBSTEP=     1                                             
   TIME=    1.0000      LOAD CASE=   0                                         
 
    NODE       VOLT  
    5617  -895.86     
    5618  -881.24     
    5619  -912.10     
    5620  -872.38     
    5621  -857.74     
    5622  -934.93     
    5623  -908.99     
    5624  -901.20     
    5625  -938.40     
    5626  -946.18     
    5627  -908.06     
    5628  -893.32     
    5629  -933.94     
    5630  -919.17     
    5631  -935.27     
    5632  -940.67     
    5633  -954.30     
    5634  -882.54     
    5635  -853.73     
    5636  -891.74     
    5637  -923.36     
    5638  -888.81     
    5639  -901.18     
    5640  -935.76     
    5641  -932.76     
    5642  -866.36     
    5643  -900.86     
    5644  -821.26     
    5645  -819.39     
    5646  -855.36     
    5647  -822.93     
    5648  -786.99     
    5649  -836.75     
    5650  -833.92     
    5651  -791.46     
    5652  -825.75     
    5653  -868.25     
    5654  -733.79     
    5655  -736.32     
 
  ***** POST1 NODAL DEGREE OF FREEDOM LISTING *****                            
 
  LOAD STEP=     1  SUBSTEP=     1                                             
   TIME=    1.0000      LOAD CASE=   0                                         
 
    NODE       VOLT  
    5656  -736.11     
    5657  -754.47     
    5658  -754.10     
    5659  -756.16     
    5660  -871.75     
    5661  -885.65     
    5662  -830.35     
    5663  -858.59     
    5664  -822.60     
    5665  -867.67     
    5666  -869.82     
    5667  -875.68     
    5668  -859.40     
    5669  -832.69     
    5670  -822.32     
    5671  -850.15     
    5672  -799.97     
    5673  -643.01     
    5674  -669.48     
    5675  -663.75     
    5676  -674.26     
    5677  -694.01     
    5678  -677.92     
    5679  -694.02     
    5680  -712.03     
    5681  -655.84     
    5682  -660.49     
    5683  -621.48     
    5684  -622.48     
    5685  -621.47     
    5686  -619.29     
    5687  -648.43     
    5688  -629.32     
    5689  -619.21     
    5690  -629.14     
    5691  -682.00     
    5692  -699.16     
    5693  -718.87     
    5694  -685.40     
 
  ***** POST1 NODAL DEGREE OF FREEDOM LISTING *****                            
 
  LOAD STEP=     1  SUBSTEP=     1                                             
   TIME=    1.0000      LOAD CASE=   0                                         
 
    NODE       VOLT  
    5695  -655.93     
    5696  -654.31     
    5697  -683.41     
    5698  -657.26     
    5699  -626.16     
    5700  -628.45     
    5701  -630.56     
    5702  -661.74     
    5703  -637.46     
    5704  -634.06     
    5705  -632.06     
    5706  -966.21     
    5707  -956.30     
    5708  -932.23     
    5709  -939.62     
    5710  -956.14     
    5711  -930.11     
    5712  -953.15     
    5713  -953.99     
    5714  -967.70     
    5715  -945.96     
    5716  -974.60     
    5717  -974.19     
    5718  -966.40     
    5719  -971.67     
    5720  -932.82     
    5721  -905.81     
    5722  -913.72     
    5723  -937.09     
    5724  -915.74     
    5725  -955.48     
    5726  -944.37     
    5727  -970.10     
    5728  -945.34     
    5729  -953.28     
    5730  -960.24     
    5731  -905.35     
    5732  -922.54     
    5733  -920.84     
 
  ***** POST1 NODAL DEGREE OF FREEDOM LISTING *****                            
 
  LOAD STEP=     1  SUBSTEP=     1                                             
   TIME=    1.0000      LOAD CASE=   0                                         
 
    NODE       VOLT  
    5734  -906.14     
    5735  -907.77     
    5736  -878.80     
    5737  -880.53     
    5738  -881.19     
    5739  -984.39     
    5740  -973.34     
    5741  -951.65     
    5742  -858.18     
    5743  -872.70     
    5744  -851.60     
    5745  -872.08     
    5746  -893.04     
    5747  -886.66     
    5748  -805.09     
    5749  -835.04     
    5750  -892.09     
    5751  -857.44     
    5752  -869.50     
    5753  -858.15     
    5754  -890.11     
    5755  -878.31     
    5756  -877.11     
    5757  -853.41     
    5758  -854.59     
    5759  -841.57     
    5760  -883.16     
    5761  -886.26     
    5762  -856.96     
    5763  -880.93     
    5764  -897.27     
    5765  -882.86     
    5766  -894.76     
    5767  -966.42     
    5768  -966.42     
    5769  -851.97     
    5770  -798.76     
    5771  -835.75     
    5772  -782.33     
 
  ***** POST1 NODAL DEGREE OF FREEDOM LISTING *****                            
 
  LOAD STEP=     1  SUBSTEP=     1                                             
   TIME=    1.0000      LOAD CASE=   0                                         
 
    NODE       VOLT  
    5773  -660.69     
    5774  -640.57     
    5775  -618.12     
    5776  -625.13     
    5777  -644.58     
    5778  -647.37     
    5779  -676.90     
    5780  -648.34     
    5781  -663.55     
    5782  -660.00     
    5783  -634.90     
    5784  -658.14     
    5785  -652.15     
    5786  -652.92     
    5787  -646.08     
    5788  -632.10     
    5789  -645.48     
    5790  -633.53     
    5791  -630.84     
    5792  -707.24     
    5793  -682.28     
    5794  -702.01     
    5795  -716.69     
    5796  -726.66     
    5797  -718.00     
    5798  -975.26     
    5799  -974.21     
    5800  -962.47     
    5801  -973.60     
    5802  -913.61     
    5803  -875.59     
    5804  -879.89     
    5805  -892.47     
    5806  -887.97     
    5807  -926.19     
    5808  -924.51     
    5809  -920.65     
    5810  -622.08     
    5811  -647.82     
 
  ***** POST1 NODAL DEGREE OF FREEDOM LISTING *****                            
 
  LOAD STEP=     1  SUBSTEP=     1                                             
   TIME=    1.0000      LOAD CASE=   0                                         
 
    NODE       VOLT  
    5812  -625.88     
    5813  -621.95     
    5814  -643.90     
    5815  -647.79     
    5816  -895.59     
    5817  -932.47     
    5818  -905.64     
    5819  -883.76     
    5820  -909.80     
    5821  -869.50     
    5822  -859.57     
    5823  -925.34     
    5824  -927.22     
    5825  -947.93     
    5826  -947.99     
    5827  -959.46     
    5828  -935.79     
    5829  -954.03     
    5830  -957.30     
    5831  -976.68     
    5832  -963.46     
    5833  -902.95     
    5834  -939.02     
    5835  -941.89     
    5836  -967.76     
    5837  -916.24     
    5838  -969.48     
    5839  -970.43     
    5840  -903.72     
    5841  -874.87     
    5842  -892.07     
    5843  -908.27     
    5844  -889.35     
    5845  -878.77     
    5846  -913.64     
    5847  -896.26     
    5848  -923.30     
    5849  -910.35     
    5850  -926.43     
 
  ***** POST1 NODAL DEGREE OF FREEDOM LISTING *****                            
 
  LOAD STEP=     1  SUBSTEP=     1                                             
   TIME=    1.0000      LOAD CASE=   0                                         
 
    NODE       VOLT  
    5851  -960.28     
    5852  -948.49     
    5853  -956.71     
    5854  -933.34     
    5855  -966.85     
    5856  -852.13     
    5857  -872.46     
    5858  -876.18     
    5859  -843.29     
    5860  -839.25     
    5861  -863.36     
    5862  -932.05     
    5863  -944.22     
    5864  -793.47     
    5865  -771.88     
    5866  -804.89     
    5867  -824.14     
    5868  -787.29     
    5869  -799.66     
    5870  -806.71     
    5871  -814.21     
    5872  -801.90     
    5873  -813.35     
    5874  -825.50     
    5875  -821.47     
    5876  -830.52     
    5877  -847.26     
    5878  -848.50     
    5879  -832.30     
    5880  -831.91     
    5881  -850.02     
    5882  -850.02     
    5883  -867.44     
    5884  -777.35     
    5885  -789.58     
    5886  -806.43     
    5887  -814.65     
    5888  -807.79     
    5889  -898.49     
 
  ***** POST1 NODAL DEGREE OF FREEDOM LISTING *****                            
 
  LOAD STEP=     1  SUBSTEP=     1                                             
   TIME=    1.0000      LOAD CASE=   0                                         
 
    NODE       VOLT  
    5890  -924.56     
    5891  -932.93     
    5892  -906.83     
    5893  -906.33     
    5894  -931.05     
    5895  -930.89     
    5896  -950.54     
    5897  -930.04     
    5898  -952.48     
    5899  -949.80     
    5900  -975.61     
    5901  -973.52     
    5902  -960.88     
    5903  -963.19     
    5904  -987.30     
    5905  -904.61     
    5906  -974.94     
    5907  -977.73     
    5908  -953.02     
    5909  -926.04     
    5910  -940.35     
    5911  -941.15     
    5912  -913.65     
    5913  -865.70     
    5914  -864.91     
    5915  -829.79     
    5916  -860.93     
    5917  -853.60     
    5918  -848.14     
    5919  -844.26     
    5920  -827.00     
    5921  -849.67     
    5922  -833.73     
    5923  -844.19     
    5924  -867.63     
    5925  -862.88     
    5926  -840.20     
    5927  -872.91     
    5928  -888.91     
 
  ***** POST1 NODAL DEGREE OF FREEDOM LISTING *****                            
 
  LOAD STEP=     1  SUBSTEP=     1                                             
   TIME=    1.0000      LOAD CASE=   0                                         
 
    NODE       VOLT  
    5929  -915.29     
    5930  -892.43     
    5931  -889.24     
    5932  -868.33     
    5933  -852.22     
    5934  -884.96     
    5935  -908.63     
    5936  -886.30     
    5937  -889.23     
    5938  -910.92     
    5939  -884.43     
    5940  -862.85     
    5941  -886.69     
    5942  -869.74     
    5943  -919.74     
    5944  -911.79     
    5945  -891.91     
    5946  -913.58     
    5947  -915.96     
    5948  -958.03     
    5949  -902.42     
    5950  -833.33     
    5951  -830.94     
    5952  -916.90     
    5953  -928.07     
    5954  -933.26     
    5955  -762.48     
    5956  -760.59     
    5957  -781.53     
    5958  -771.27     
    5959  -781.70     
    5960  -773.65     
    5961  -750.73     
    5962  -758.77     
    5963  -761.30     
    5964  -695.07     
    5965  -726.16     
    5966  -710.12     
    5967  -689.70     
 
  ***** POST1 NODAL DEGREE OF FREEDOM LISTING *****                            
 
  LOAD STEP=     1  SUBSTEP=     1                                             
   TIME=    1.0000      LOAD CASE=   0                                         
 
    NODE       VOLT  
    5968  -781.47     
    5969  -799.90     
    5970  -760.50     
    5971  -806.27     
    5972  -799.85     
    5973  -788.46     
    5974  -824.96     
    5975  -780.26     
    5976  -810.14     
    5977  -771.20     
    5978  -804.28     
    5979  -779.57     
    5980  -773.33     
    5981  -797.89     
    5982  -806.26     
    5983  -773.65     
    5984  -800.10     
    5985  -767.48     
    5986  -720.20     
    5987  -748.94     
    5988  -742.63     
    5989  -724.12     
    5990  -779.59     
    5991  -751.08     
    5992  -732.43     
    5993  -774.29     
    5994  -749.79     
    5995  -727.67     
    5996  -724.89     
    5997  -751.67     
    5998  -727.01     
    5999  -723.25     
    6000  -748.17     
    6001  -749.99     
    6002  -775.90     
    6003  -721.14     
    6004  -697.84     
    6005  -722.85     
    6006  -648.50     
 
  ***** POST1 NODAL DEGREE OF FREEDOM LISTING *****                            
 
  LOAD STEP=     1  SUBSTEP=     1                                             
   TIME=    1.0000      LOAD CASE=   0                                         
 
    NODE       VOLT  
    6007  -672.15     
    6008  -678.49     
    6009  -653.52     
    6010  -647.64     
    6011  -677.27     
    6012  -655.26     
    6013  -658.39     
    6014  -660.37     
    6015  -675.06     
    6016  -674.61     
    6017  -679.26     
    6018  -941.60     
    6019  -923.69     
    6020  -919.02     
    6021  -907.84     
    6022  -912.45     
    6023  -890.06     
    6024  -893.57     
    6025  -866.54     
    6026  -922.44     
    6027  -919.26     
    6028  -898.66     
    6029  -934.47     
    6030  -926.57     
    6031  -906.03     
    6032  -938.69     
    6033  -890.32     
    6034  -869.90     
    6035  -909.72     
    6036  -887.25     
    6037  -979.87     
    6038  -976.11     
    6039  -955.95     
    6040  -979.81     
    6041  -975.99     
    6042  -959.64     
    6043  -938.51     
    6044  -938.62     
    6045  -979.64     
 
  ***** POST1 NODAL DEGREE OF FREEDOM LISTING *****                            
 
  LOAD STEP=     1  SUBSTEP=     1                                             
   TIME=    1.0000      LOAD CASE=   0                                         
 
    NODE       VOLT  
    6046  -958.62     
    6047  -944.27     
    6048  -930.84     
    6049  -946.29     
    6050  -954.19     
    6051  -938.72     
    6052  -940.65     
    6053  -966.36     
    6054  -986.33     
    6055  -979.68     
    6056  -986.50     
    6057  -946.08     
    6058  -925.18     
    6059  -675.14     
    6060  -686.00     
    6061  -670.91     
    6062  -651.82     
    6063  -668.14     
    6064  -663.94     
    6065  -650.88     
    6066  -657.79     
    6067  -628.24     
    6068  -622.68     
    6069  -630.37     
    6070  -684.19     
    6071  -702.70     
    6072  -679.06     
    6073  -674.41     
    6074  -699.88     
    6075  -692.84     
    6076  -632.51     
    6077  -632.26     
    6078  -653.99     
    6079  -672.36     
    6080  -654.49     
    6081  -764.51     
    6082  -755.98     
    6083  -731.00     
    6084  -746.75     
 
  ***** POST1 NODAL DEGREE OF FREEDOM LISTING *****                            
 
  LOAD STEP=     1  SUBSTEP=     1                                             
   TIME=    1.0000      LOAD CASE=   0                                         
 
    NODE       VOLT  
    6085  -770.52     
    6086  -737.55     
    6087  -653.17     
    6088  -964.12     
    6089  -973.00     
    6090  -939.04     
    6091  -944.54     
    6092  -979.20     
    6093  -953.35     
    6094  -652.56     
    6095  -837.06     
    6096  -963.39     
    6097  -977.20     
    6098  -970.44     
    6099  -676.00     
    6100  -700.55     
    6101  -684.37     
    6102  -914.38     
    6103  -913.90     
    6104  -944.95     
    6105  -945.52     
    6106  -914.50     
    6107  -944.94     
    6108  -884.85     
    6109  -914.08     
    6110  -915.32     
    6111  -885.06     
    6112  -884.12     
    6113  -863.84     
    6114  -862.94     
    6115  -862.45     
    6116  -826.68     
    6117  -778.17     
    6118  -834.00     
    6119  -888.74     
    6120  -831.50     
    6121  -837.89     
    6122  -871.82     
    6123  -901.61     
 
  ***** POST1 NODAL DEGREE OF FREEDOM LISTING *****                            
 
  LOAD STEP=     1  SUBSTEP=     1                                             
   TIME=    1.0000      LOAD CASE=   0                                         
 
    NODE       VOLT  
    6124  -917.23     
    6125  -913.29     
    6126  -898.21     
    6127  -896.92     
    6128  -926.48     
    6129  -926.97     
    6130  -947.59     
    6131  -914.81     
    6132  -944.61     
    6133  -913.65     
    6134  -905.76     
    6135  -897.11     
    6136  -917.88     
    6137  -898.14     
    6138  -878.30     
    6139  -889.09     
    6140  -953.82     
    6141  -964.00     
    6142  -918.05     
    6143  -909.12     
    6144  -950.60     
    6145  -887.19     
    6146  -975.19     
    6147  -973.93     
    6148  -973.92     
    6149  -920.61     
    6150  -905.26     
    6151  -883.57     
    6152  -920.56     
    6153  -943.94     
    6154  -904.06     
    6155  -977.92     
    6156  -977.91     
    6157  -745.40     
    6158  -787.14     
    6159  -758.09     
    6160  -776.10     
    6161  -817.77     
    6162  -750.12     
 
  ***** POST1 NODAL DEGREE OF FREEDOM LISTING *****                            
 
  LOAD STEP=     1  SUBSTEP=     1                                             
   TIME=    1.0000      LOAD CASE=   0                                         
 
    NODE       VOLT  
    6163  -764.64     
    6164  -731.31     
    6165  -726.04     
    6166  -740.69     
    6167  -809.40     
    6168  -681.24     
    6169  -649.71     
    6170  -685.35     
    6171  -697.32     
    6172  -661.84     
    6173  -665.90     
    6174  -694.40     
    6175  -663.49     
    6176  -685.64     
    6177  -659.08     
    6178  -650.05     
    6179  -712.24     
    6180  -719.07     
    6181  -721.46     
    6182  -718.70     
    6183  -760.88     
    6184  -703.38     
    6185  -730.19     
    6186  -691.11     
    6187  -680.56     
    6188  -719.63     
    6189  -707.41     
    6190  -660.15     
    6191  -628.20     
    6192  -632.03     
    6193  -664.23     
    6194  -632.30     
    6195  -986.71     
    6196  -678.56     
    6197  -661.94     
    6198  -632.34     
    6199  -630.11     
    6200  -649.02     
    6201  -632.03     
 
  ***** POST1 NODAL DEGREE OF FREEDOM LISTING *****                            
 
  LOAD STEP=     1  SUBSTEP=     1                                             
   TIME=    1.0000      LOAD CASE=   0                                         
 
    NODE       VOLT  
    6202  -632.29     
    6203  -632.14     
    6204  -680.95     
    6205  -678.06     
    6206  -712.25     
    6207  -719.51     
    6208  -717.13     
    6209  -623.04     
    6210  -636.76     
    6211  -627.61     
    6212  -698.88     
    6213  -725.73     
    6214  -641.79     
    6215  -658.78     
    6216  -621.46     
    6217  -664.02     
    6218  -714.54     
    6219  -696.35     
    6220  -709.76     
    6221  -898.46     
    6222  -890.21     
    6223  -919.32     
    6224  -917.45     
    6225  -887.03     
    6226  -908.52     
    6227  -666.52     
    6228  -656.87     
    6229  -629.96     
    6230  -794.76     
    6231  -781.77     
    6232  -767.21     
    6233  -790.17     
    6234  -776.89     
    6235  -799.57     
    6236  -837.84     
    6237  -818.78     
    6238  -809.70     
    6239  -829.45     
    6240  -754.87     
 
  ***** POST1 NODAL DEGREE OF FREEDOM LISTING *****                            
 
  LOAD STEP=     1  SUBSTEP=     1                                             
   TIME=    1.0000      LOAD CASE=   0                                         
 
    NODE       VOLT  
    6241  -735.03     
    6242  -760.46     
    6243  -763.40     
    6244  -738.80     
    6245  -743.50     
    6246  -913.80     
    6247  -963.27     
    6248  -950.43     
    6249  -899.18     
    6250  -912.01     
    6251  -948.57     
    6252  -913.86     
    6253  -963.27     
    6254  -950.18     
    6255  -882.77     
    6256  -931.92     
    6257  -859.51     
    6258  -930.23     
    6259  -878.87     
    6260  -907.77     
    6261  -945.32     
    6262  -915.99     
    6263  -893.38     
    6264  -911.83     
    6265  -621.13     
    6266  -621.11     
    6267  -621.15     
    6268  -788.71     
    6269  -790.62     
    6270  -790.57     
    6271  -772.03     
    6272  -772.83     
    6273  -774.78     
    6274  -778.92     
    6275  -784.59     
    6276  -794.52     
    6277  -779.20     
    6278  -794.40     
    6279  -806.05     
 
  ***** POST1 NODAL DEGREE OF FREEDOM LISTING *****                            
 
  LOAD STEP=     1  SUBSTEP=     1                                             
   TIME=    1.0000      LOAD CASE=   0                                         
 
    NODE       VOLT  
    6280  -837.98     
    6281  -820.24     
    6282  -819.91     
    6283  -837.11     
    6284  -851.19     
    6285  -739.22     
    6286  -712.15     
    6287  -714.26     
    6288  -665.38     
    6289  -638.55     
    6290  -668.95     
    6291  -672.09     
    6292  -641.67     
    6293  -645.32     
    6294  -672.06     
    6295  -648.22     
    6296  -698.71     
    6297  -675.07     
    6298  -675.06     
    6299  -682.98     
    6300  -659.26     
    6301  -659.30     
    6302  -951.44     
    6303  -889.19     
    6304  -925.35     
    6305  -977.72     
    6306  -977.71     
    6307  -980.28     
    6308  -980.31     
    6309  -857.79     
    6310  -958.32     
    6311  -977.95     
    6312  -980.20     
    6313  -980.25     
    6314  -978.04     
    6315  -971.02     
    6316  -949.14     
    6317  -948.93     
    6318  -765.52     
 
  ***** POST1 NODAL DEGREE OF FREEDOM LISTING *****                            
 
  LOAD STEP=     1  SUBSTEP=     1                                             
   TIME=    1.0000      LOAD CASE=   0                                         
 
    NODE       VOLT  
    6319  -904.87     
    6320  -912.73     
    6321  -902.72     
    6322  -920.20     
    6323  -912.33     
    6324  -940.41     
    6325  -948.30     
    6326  -922.10     
    6327  -930.31     
    6328  -941.02     
    6329  -912.09     
    6330  -901.41     
    6331  -924.12     
    6332  -901.30     
    6333  -892.69     
    6334  -890.68     
    6335  -916.54     
    6336  -937.43     
    6337  -645.79     
    6338  -624.03     
    6339  -626.17     
    6340  -623.01     
    6341  -622.64     
    6342  -649.05     
    6343  -646.83     
    6344  -659.21     
    6345  -626.19     
    6346  -661.31     
    6347  -652.70     
    6348  -660.27     
    6349  -654.54     
    6350  -682.21     
    6351  -688.73     
    6352  -689.12     
    6353  -659.22     
    6354  -680.19     
    6355  -681.15     
    6356  -725.12     
    6357  -692.76     
 
  ***** POST1 NODAL DEGREE OF FREEDOM LISTING *****                            
 
  LOAD STEP=     1  SUBSTEP=     1                                             
   TIME=    1.0000      LOAD CASE=   0                                         
 
    NODE       VOLT  
    6358  -697.75     
    6359  -675.23     
    6360  -685.96     
    6361  -684.73     
    6362  -904.63     
    6363  -891.34     
    6364  -686.05     
    6365  -680.24     
    6366  -670.90     
    6367  -667.03     
    6368  -713.11     
    6369  -674.75     
    6370  -696.14     
    6371  -672.57     
    6372  -719.25     
    6373  -752.89     
    6374  -758.59     
    6375  -794.31     
    6376  -694.96     
    6377  -697.23     
    6378  -621.63     
    6379  -621.55     
    6380  -621.52     
    6381  -647.86     
    6382  -621.08     
    6383  -626.79     
    6384  -663.26     
    6385  -657.47     
    6386  -636.42     
    6387  -741.01     
    6388  -751.20     
    6389  -695.43     
    6390  -705.67     
    6391  -739.85     
    6392  -691.17     
    6393  -632.03     
    6394  -659.08     
    6395  -632.28     
    6396  -789.78     
 
  ***** POST1 NODAL DEGREE OF FREEDOM LISTING *****                            
 
  LOAD STEP=     1  SUBSTEP=     1                                             
   TIME=    1.0000      LOAD CASE=   0                                         
 
    NODE       VOLT  
    6397  -755.67     
    6398  -937.77     
    6399  -918.85     
    6400  -926.29     
    6401  -970.07     
    6402  -954.34     
    6403  -945.57     
    6404  -919.68     
    6405  -941.98     
    6406  -969.78     
    6407  -932.57     
    6408  -909.27     
    6409  -956.55     
    6410  -914.77     
    6411  -941.68     
    6412  -918.11     
    6413  -936.30     
    6414  -902.94     
    6415  -910.46     
    6416  -953.38     
    6417  -944.98     
    6418  -919.25     
    6419  -964.21     
    6420  -972.75     
    6421  -970.98     
    6422  -962.86     
    6423  -924.11     
    6424  -917.49     
    6425  -950.52     
    6426  -956.65     
    6427  -954.49     
    6428  -971.33     
    6429  -982.82     
    6430  -982.86     
    6431  -971.43     
    6432  -942.24     
    6433  -930.49     
    6434  -954.07     
    6435  -945.04     
 
  ***** POST1 NODAL DEGREE OF FREEDOM LISTING *****                            
 
  LOAD STEP=     1  SUBSTEP=     1                                             
   TIME=    1.0000      LOAD CASE=   0                                         
 
    NODE       VOLT  
    6436  -982.94     
    6437  -973.82     
    6438  -971.12     
    6439  -982.92     
    6440  -971.61     
    6441  -937.58     
    6442  -686.62     
    6443  -677.94     
    6444  -656.59     
    6445  -660.01     
    6446  -681.07     
    6447  -651.26     
    6448  -794.34     
    6449  -796.06     
    6450  -799.05     
    6451  -815.36     
    6452  -833.53     
    6453  -903.81     
    6454  -902.47     
    6455  -687.71     
    6456  -686.50     
    6457  -692.47     
    6458  -715.90     
    6459  -710.17     
    6460  -714.24     
    6461  -670.61     
    6462  -677.06     
    6463  -674.89     
    6464  -718.30     
    6465  -742.06     
    6466  -647.17     
    6467  -655.81     
    6468  -691.24     
    6469  -665.47     
    6470  -880.23     
    6471  -867.53     
    6472  -865.63     
    6473  -920.34     
    6474  -913.38     
 
  ***** POST1 NODAL DEGREE OF FREEDOM LISTING *****                            
 
  LOAD STEP=     1  SUBSTEP=     1                                             
   TIME=    1.0000      LOAD CASE=   0                                         
 
    NODE       VOLT  
    6475  -919.65     
    6476  -963.25     
    6477  -956.91     
    6478  -956.25     
    6479  -963.34     
    6480  -936.26     
    6481  -909.34     
    6482  -903.03     
    6483  -893.21     
    6484  -956.16     
    6485  -963.20     
    6486  -933.83     
    6487  -970.45     
    6488  -908.49     
    6489  -875.20     
    6490  -903.90     
    6491  -942.69     
    6492  -873.53     
    6493  -848.39     
    6494  -833.85     
    6495  -977.69     
    6496  -977.73     
    6497  -973.88     
    6498  -951.62     
    6499  -904.96     
    6500  -916.97     
    6501  -930.84     
    6502  -902.18     
    6503  -928.05     
    6504  -949.82     
    6505  -915.88     
    6506  -927.80     
    6507  -730.29     
    6508  -697.58     
    6509  -691.08     
    6510  -681.62     
    6511  -648.19     
    6512  -840.60     
    6513  -839.71     
 
  ***** POST1 NODAL DEGREE OF FREEDOM LISTING *****                            
 
  LOAD STEP=     1  SUBSTEP=     1                                             
   TIME=    1.0000      LOAD CASE=   0                                         
 
    NODE       VOLT  
    6514  -838.96     
    6515  -800.21     
    6516  -769.39     
    6517  -806.58     
    6518  -780.54     
    6519  -809.52     
    6520  -735.39     
    6521  -775.26     
    6522  -765.18     
    6523  -715.77     
    6524  -666.55     
    6525  -986.84     
    6526  -987.31     
    6527  -722.44     
    6528  -713.57     
    6529  -745.14     
    6530  -740.66     
    6531  -738.24     
    6532  -834.83     
    6533  -860.99     
    6534  -835.86     
    6535  -657.74     
    6536  -740.50     
    6537  -770.28     
    6538  -757.00     
    6539  -749.34     
    6540  -778.08     
    6541  -770.88     
    6542  -672.52     
    6543  -691.42     
    6544  -756.97     
    6545  -697.01     
    6546  -688.56     
    6547  -688.95     
    6548  -690.12     
    6549  -689.00     
    6550  -657.20     
    6551  -651.37     
    6552  -622.27     
 
  ***** POST1 NODAL DEGREE OF FREEDOM LISTING *****                            
 
  LOAD STEP=     1  SUBSTEP=     1                                             
   TIME=    1.0000      LOAD CASE=   0                                         
 
    NODE       VOLT  
    6553  -629.23     
    6554  -629.12     
    6555  -622.21     
    6556  -650.17     
    6557  -628.01     
    6558  -666.23     
    6559  -673.21     
    6560  -650.53     
    6561  -643.51     
    6562  -665.46     
    6563  -658.92     
    6564  -630.88     
    6565  -686.18     
    6566  -686.33     
    6567  -655.01     
    6568  -655.15     
    6569  -627.29     
    6570  -628.15     
    6571  -628.07     
    6572  -682.80     
    6573  -925.40     
    6574  -944.50     
    6575  -926.26     
    6576  -893.90     
    6577  -912.02     
    6578  -912.96     
    6579  -879.83     
    6580  -893.12     
    6581  -911.24     
    6582  -912.70     
    6583  -913.63     
    6584  -924.42     
    6585  -946.07     
    6586  -881.75     
    6587  -858.51     
    6588  -840.17     
    6589  -841.33     
    6590  -817.05     
    6591  -920.20     
 
  ***** POST1 NODAL DEGREE OF FREEDOM LISTING *****                            
 
  LOAD STEP=     1  SUBSTEP=     1                                             
   TIME=    1.0000      LOAD CASE=   0                                         
 
    NODE       VOLT  
    6592  -908.85     
    6593  -886.09     
    6594  -922.05     
    6595  -941.22     
    6596  -799.65     
    6597  -829.55     
    6598  -805.01     
    6599  -782.47     
    6600  -812.58     
    6601  -859.26     
    6602  -853.49     
    6603  -860.52     
    6604  -844.09     
    6605  -837.45     
    6606  -838.74     
    6607  -881.06     
    6608  -880.11     
    6609  -887.07     
    6610  -826.65     
    6611  -851.22     
    6612  -805.31     
    6613  -806.73     
    6614  -821.56     
    6615  -822.43     
    6616  -769.37     
    6617  -771.80     
    6618  -785.63     
    6619  -815.80     
    6620  -785.36     
    6621  -802.98     
    6622  -786.05     
    6623  -767.62     
    6624  -784.27     
    6625  -826.67     
    6626  -855.49     
    6627  -774.48     
    6628  -767.97     
    6629  -772.05     
    6630  -721.30     
 
  ***** POST1 NODAL DEGREE OF FREEDOM LISTING *****                            
 
  LOAD STEP=     1  SUBSTEP=     1                                             
   TIME=    1.0000      LOAD CASE=   0                                         
 
    NODE       VOLT  
    6631  -724.99     
    6632  -730.52     
    6633  -726.58     
    6634  -703.45     
    6635  -706.67     
    6636  -729.73     
    6637  -703.82     
    6638  -727.27     
    6639  -749.56     
    6640  -724.30     
    6641  -777.28     
    6642  -743.75     
    6643  -748.22     
    6644  -782.38     
    6645  -813.09     
    6646  -679.61     
    6647  -651.23     
    6648  -687.12     
    6649  -691.56     
    6650  -663.76     
    6651  -677.21     
    6652  -649.04     
    6653  -776.54     
    6654  -745.29     
    6655  -721.38     
    6656  -720.05     
    6657  -767.11     
    6658  -739.51     
    6659  -751.20     
    6660  -702.72     
    6661  -749.43     
    6662  -667.71     
    6663  -638.10     
    6664  -647.01     
    6665  -618.85     
    6666  -627.89     
    6667  -618.84     
    6668  -627.89     
    6669  -666.85     
 
  ***** POST1 NODAL DEGREE OF FREEDOM LISTING *****                            
 
  LOAD STEP=     1  SUBSTEP=     1                                             
   TIME=    1.0000      LOAD CASE=   0                                         
 
    NODE       VOLT  
    6670  -650.67     
    6671  -657.81     
    6672  -646.47     
    6673  -641.60     
    6674  -618.97     
    6675  -627.65     
    6676  -622.80     
    6677  -619.18     
    6678  -786.41     
    6679  -768.88     
    6680  -766.05     
    6681  -781.11     
    6682  -783.60     
    6683  -763.38     
    6684  -782.72     
    6685  -762.28     
    6686  -757.50     
    6687  -778.02     
    6688  -755.21     
    6689  -775.58     
    6690  -800.97     
    6691  -822.89     
    6692  -805.95     
    6693  -803.51     
    6694  -820.49     
    6695  -825.17     
    6696  -807.84     
    6697  -802.16     
    6698  -822.13     
    6699  -843.80     
    6700  -839.23     
    6701  -953.96     
    6702  -946.25     
    6703  -936.97     
    6704  -924.55     
    6705  -971.27     
    6706  -934.05     
    6707  -964.53     
    6708  -960.06     
 
  ***** POST1 NODAL DEGREE OF FREEDOM LISTING *****                            
 
  LOAD STEP=     1  SUBSTEP=     1                                             
   TIME=    1.0000      LOAD CASE=   0                                         
 
    NODE       VOLT  
    6709  -947.66     
    6710  -952.92     
    6711  -925.20     
    6712  -930.58     
    6713  -930.25     
    6714  -921.99     
    6715  -945.69     
    6716  -952.07     
    6717  -870.93     
    6718  -868.37     
    6719  -851.50     
    6720  -897.20     
    6721  -641.31     
    6722  -640.47     
    6723  -622.23     
    6724  -619.09     
    6725  -621.25     
    6726  -640.56     
    6727  -643.68     
    6728  -663.19     
    6729  -665.47     
    6730  -621.48     
    6731  -621.47     
    6732  -621.50     
    6733  -753.84     
    6734  -766.59     
    6735  -783.82     
    6736  -640.26     
    6737  -657.90     
    6738  -720.63     
    6739  -727.24     
    6740  -686.36     
    6741  -678.93     
    6742  -720.08     
    6743  -686.47     
    6744  -682.11     
    6745  -720.41     
    6746  -687.21     
    6747  -743.78     
 
  ***** POST1 NODAL DEGREE OF FREEDOM LISTING *****                            
 
  LOAD STEP=     1  SUBSTEP=     1                                             
   TIME=    1.0000      LOAD CASE=   0                                         
 
    NODE       VOLT  
    6748  -712.15     
    6749  -674.58     
    6750  -695.68     
    6751  -680.63     
    6752  -706.58     
    6753  -707.75     
    6754  -744.67     
    6755  -669.01     
    6756  -645.84     
    6757  -670.95     
    6758  -960.16     
    6759  -960.19     
    6760  -963.11     
    6761  -963.12     
    6762  -899.74     
    6763  -973.90     
    6764  -984.89     
    6765  -937.04     
    6766  -963.11     
    6767  -627.51     
    6768  -627.53     
    6769  -974.09     
    6770  -971.41     
    6771  -971.89     
    6772  -929.06     
    6773  -975.92     
    6774  -924.18     
    6775  -940.34     
    6776  -919.02     
    6777  -686.19     
    6778  -702.23     
    6779  -712.58     
    6780  -680.49     
    6781  -706.90     
    6782  -805.87     
    6783  -774.72     
    6784  -781.35     
    6785  -790.72     
    6786  -759.53     
 
  ***** POST1 NODAL DEGREE OF FREEDOM LISTING *****                            
 
  LOAD STEP=     1  SUBSTEP=     1                                             
   TIME=    1.0000      LOAD CASE=   0                                         
 
    NODE       VOLT  
    6787  -944.54     
    6788  -940.34     
    6789  -941.01     
    6790  -918.34     
    6791  -973.64     
    6792  -962.08     
    6793  -959.26     
    6794  -947.39     
    6795  -964.36     
    6796  -763.52     
    6797  -755.49     
    6798  -782.45     
    6799  -775.18     
    6800  -741.60     
    6801  -705.91     
    6802  -733.63     
    6803  -716.19     
    6804  -705.90     
    6805  -682.36     
    6806  -698.30     
    6807  -660.44     
    6808  -709.51     
    6809  -645.86     
    6810  -624.88     
    6811  -629.33     
    6812  -659.61     
    6813  -626.65     
    6814  -622.62     
    6815  -636.25     
    6816  -628.23     
    6817  -637.69     
    6818  -626.77     
    6819  -636.42     
    6820  -686.80     
    6821  -660.46     
    6822  -635.72     
    6823  -622.43     
    6824  -623.31     
    6825  -622.49     
 
  ***** POST1 NODAL DEGREE OF FREEDOM LISTING *****                            
 
  LOAD STEP=     1  SUBSTEP=     1                                             
   TIME=    1.0000      LOAD CASE=   0                                         
 
    NODE       VOLT  
    6826  -623.50     
    6827  -631.42     
    6828  -622.34     
    6829  -631.35     
    6830  -669.60     
    6831  -629.34     
    6832  -641.24     
    6833  -661.96     
    6834  -650.38     
    6835  -621.68     
    6836  -724.15     
    6837  -653.19     
    6838  -634.35     
    6839  -619.44     
    6840  -640.60     
    6841  -818.16     
    6842  -784.49     
    6843  -807.52     
    6844  -808.86     
    6845  -772.87     
    6846  -740.49     
    6847  -774.67     
    6848  -717.87     
    6849  -679.05     
    6850  -664.32     
    6851  -674.14     
    6852  -703.19     
    6853  -698.30     
    6854  -726.74     
    6855  -701.79     
    6856  -718.45     
    6857  -729.91     
    6858  -735.12     
    6859  -692.64     
    6860  -712.87     
    6861  -630.41     
    6862  -635.97     
    6863  -662.31     
    6864  -657.11     
 
  ***** POST1 NODAL DEGREE OF FREEDOM LISTING *****                            
 
  LOAD STEP=     1  SUBSTEP=     1                                             
   TIME=    1.0000      LOAD CASE=   0                                         
 
    NODE       VOLT  
    6865  -628.08     
    6866  -678.62     
    6867  -673.96     
    6868  -661.47     
    6869  -649.10     
    6870  -656.43     
    6871  -680.62     
    6872  -674.83     
    6873  -652.73     
    6874  -671.57     
    6875  -704.48     
    6876  -725.50     
    6877  -698.00     
    6878  -667.97     
    6879  -695.61     
    6880  -688.99     
    6881  -667.26     
    6882  -714.39     
    6883  -692.63     
    6884  -728.37     
    6885  -719.17     
    6886  -951.57     
    6887  -952.04     
    6888  -941.18     
    6889  -925.57     
    6890  -935.40     
    6891  -926.63     
    6892  -947.71     
    6893  -947.41     
    6894  -970.85     
    6895  -971.03     
    6896  -971.91     
    6897  -943.69     
    6898  -971.93     
    6899  -923.59     
    6900  -921.58     
    6901  -908.82     
    6902  -739.05     
    6903  -757.37     
 
  ***** POST1 NODAL DEGREE OF FREEDOM LISTING *****                            
 
  LOAD STEP=     1  SUBSTEP=     1                                             
   TIME=    1.0000      LOAD CASE=   0                                         
 
    NODE       VOLT  
    6904  -747.38     
    6905  -810.52     
    6906  -833.14     
    6907  -947.14     
    6908  -928.84     
    6909  -966.74     
    6910  -947.89     
    6911  -966.21     
    6912  -915.54     
    6913  -901.20     
    6914  -898.78     
    6915  -628.02     
    6916  -628.01     
    6917  -627.88     
    6918  -655.88     
    6919  -627.89     
    6920  -624.54     
    6921  -631.25     
    6922  -631.19     
    6923  -659.28     
    6924  -688.83     
    6925  -692.17     
    6926  -746.22     
    6927  -674.56     
    6928  -782.93     
    6929  -802.59     
    6930  -796.61     
    6931  -733.50     
    6932  -802.64     
    6933  -800.45     
    6934  -801.79     
    6935  -784.71     
    6936  -785.20     
    6937  -652.17     
    6938  -631.01     
    6939  -686.87     
    6940  -658.13     
    6941  -658.15     
    6942  -974.13     
 
  ***** POST1 NODAL DEGREE OF FREEDOM LISTING *****                            
 
  LOAD STEP=     1  SUBSTEP=     1                                             
   TIME=    1.0000      LOAD CASE=   0                                         
 
    NODE       VOLT  
    6943  -973.65     
    6944  -973.75     
    6945  -733.03     
    6946  -768.23     
    6947  -752.21     
    6948  -687.82     
    6949  -723.89     
    6950  -688.48     
    6951  -687.19     
    6952  -899.62     
    6953  -887.23     
    6954  -881.07     
    6955  -916.54     
    6956  -922.74     
    6957  -904.12     
    6958  -925.15     
    6959  -899.23     
    6960  -931.22     
    6961  -911.72     
    6962  -918.06     
    6963  -926.44     
    6964  -875.05     
    6965  -913.70     
    6966  -895.06     
    6967  -901.42     
    6968  -850.33     
    6969  -852.14     
    6970  -874.73     
    6971  -876.80     
    6972  -876.87     
    6973  -873.85     
    6974  -886.08     
    6975  -839.02     
    6976  -767.55     
    6977  -781.34     
    6978  -764.62     
    6979  -762.10     
    6980  -799.38     
    6981  -716.59     
 
  ***** POST1 NODAL DEGREE OF FREEDOM LISTING *****                            
 
  LOAD STEP=     1  SUBSTEP=     1                                             
   TIME=    1.0000      LOAD CASE=   0                                         
 
    NODE       VOLT  
    6982  -792.21     
    6983  -768.98     
    6984  -635.83     
    6985  -631.11     
    6986  -631.45     
    6987  -636.57     
    6988  -691.76     
    6989  -697.97     
    6990  -727.60     
    6991  -694.93     
    6992  -662.22     
    6993  -631.45     
    6994  -628.18     
    6995  -942.09     
    6996  -970.27     
    6997  -970.71     
    6998  -971.00     
    6999  -970.86     
    7000  -970.95     
    7001  -945.95     
    7002  -971.25     
    7003  -902.26     
    7004  -631.27     
    7005  -700.72     
    7006  -709.13     
    7007  -648.04     
    7008  -635.80     
    7009  -627.20     
    7010  -628.99     
    7011  -619.47     
    7012  -717.27     
    7013  -744.40     
    7014  -642.15     
    7015  -645.20     
    7016  -621.13     
    7017  -621.06     
    7018  -624.18     
    7019  -642.12     
    7020  -638.44     
 
  ***** POST1 NODAL DEGREE OF FREEDOM LISTING *****                            
 
  LOAD STEP=     1  SUBSTEP=     1                                             
   TIME=    1.0000      LOAD CASE=   0                                         
 
    NODE       VOLT  
    7021  -658.97     
    7022  -658.87     
    7023  -655.39     
    7024  -663.64     
    7025  -642.88     
    7026  -848.21     
    7027  -877.31     
    7028  -747.33     
    7029  -952.98     
    7030  -952.70     
    7031  -807.09     
    7032  -704.06     
    7033  -675.68     
    7034  -713.94     
    7035  -723.71     
    7036  -686.66     
    7037  -695.71     
    7038  -732.63     
    7039  -806.72     
    7040  -773.72     
    7041  -671.37     
    7042  -726.56     
    7043  -725.71     
    7044  -980.05     
    7045  -979.93     
    7046  -979.76     
    7047  -704.50     
    7048  -814.84     
    7049  -880.44     
    7050  -846.88     
    7051  -827.76     
    7052  -743.25     
    7053  -748.59     
    7054  -788.79     
    7055  -652.29     
    7056  -629.58     
    7057  -660.86     
    7058  -650.68     
    7059  -644.49     
 
  ***** POST1 NODAL DEGREE OF FREEDOM LISTING *****                            
 
  LOAD STEP=     1  SUBSTEP=     1                                             
   TIME=    1.0000      LOAD CASE=   0                                         
 
    NODE       VOLT  
    7060  -618.11     
    7061  -634.54     
    7062  -634.28     
    7063  -618.24     
    7064  -656.25     
    7065  -672.08     
    7066  -612.49     
    7067  -617.37     
    7068  -632.65     
    7069  -630.22     
    7070  -646.79     
    7071  -912.13     
    7072  -848.53     
    7073  -899.28     
    7074  -866.36     
    7075  -967.93     
    7076  -968.03     
    7077  -967.96     
    7078  -972.31     
    7079  -972.59     
    7080  -977.73     
    7081  -972.60     
    7082  -977.75     
    7083  -623.82     
    7084  -655.81     
    7085  -629.80     
    7086  -919.84     
    7087  -980.46     
    7088  -939.34     
    7089  -895.99     
    7090  -936.46     
    7091  -956.34     
    7092  -839.45     
    7093  -972.50     
    7094  -968.75     
    7095  -972.54     
    7096  -960.06     
    7097  -754.23     
    7098  -726.63     
 
  ***** POST1 NODAL DEGREE OF FREEDOM LISTING *****                            
 
  LOAD STEP=     1  SUBSTEP=     1                                             
   TIME=    1.0000      LOAD CASE=   0                                         
 
    NODE       VOLT  
    7099  -665.82     
    7100  -672.10     
    7101  -683.59     
    7102  -787.37     
    7103  -979.88     
    7104  -964.34     
    7105  -974.20     
    7106  -950.57     
    7107  -914.87     
    7108  -936.63     
    7109  -930.54     
    7110  -966.40     
    7111  -966.35     
    7112  -973.99     
    7113  -926.62     
    7114  -898.35     
    7115  -952.23     
    7116  -930.33     
    7117  -974.29     
    7118  -974.27     
    7119  -974.25     
    7120  -695.33     
    7121  -716.61     
    7122  -977.45     
    7123  -977.79     
    7124  -977.84     
    7125  -640.97     
    7126  -659.85     
    7127  -668.08     
    7128  -619.15     
    7129  -643.32     
    7130  -654.92     
    7131  -631.82     
    7132  -613.58     
    7133  -641.59     
    7134  -663.64     
    7135  -634.85     
    7136  -650.88     
    7137  -667.29     
 
  ***** POST1 NODAL DEGREE OF FREEDOM LISTING *****                            
 
  LOAD STEP=     1  SUBSTEP=     1                                             
   TIME=    1.0000      LOAD CASE=   0                                         
 
    NODE       VOLT  
    7138  -716.86     
    7139  -694.11     
    7140  -727.85     
    7141  -725.75     
    7142  -691.88     
    7143  -703.51     
    7144  -677.69     
    7145  -685.82     
    7146  -655.30     
    7147  -647.98     
    7148  -628.97     
    7149  -619.19     
    7150  -619.21     
    7151  -629.00     
    7152  -636.57     
    7153  -617.53     
    7154  -619.12     
    7155  -617.45     
    7156  -640.10     
    7157  -621.01     
    7158  -642.46     
    7159  -665.03     
    7160  -621.41     
    7161  -656.37     
    7162  -631.05     
    7163  -625.37     
    7164  -625.24     
    7165  -630.97     
    7166  -684.56     
    7167  -689.95     
    7168  -712.27     
    7169  -684.31     
    7170  -623.90     
    7171  -621.71     
    7172  -618.74     
    7173  -683.51     
    7174  -674.29     
    7175  -702.16     
    7176  -626.52     
 
  ***** POST1 NODAL DEGREE OF FREEDOM LISTING *****                            
 
  LOAD STEP=     1  SUBSTEP=     1                                             
   TIME=    1.0000      LOAD CASE=   0                                         
 
    NODE       VOLT  
    7177  -636.66     
    7178  -648.20     
    7179  -623.47     
    7180  -625.72     
    7181  -659.31     
    7182  -620.15     
    7183  -624.78     
    7184  -634.65     
    7185  -620.29     
    7186  -634.95     
    7187  -612.49     
    7188  -620.35     
    7189  -635.15     
    7190  -617.43     
    7191  -694.21     
    7192  -663.30     
    7193  -628.69     
    7194  -940.81     
    7195  -971.09     
    7196  -923.25     
    7197  -981.04     
    7198  -953.51     
    7199  -978.05     
    7200  -959.05     
    7201  -945.59     
    7202  -924.28     
    7203  -940.42     
    7204  -981.40     
    7205  -964.22     
    7206  -976.10     
    7207  -954.09     
    7208  -981.34     
    7209  -981.29     
    7210  -981.11     
    7211  -972.79     
    7212  -954.09     
    7213  -972.84     
    7214  -956.10     
    7215  -974.76     
 
  ***** POST1 NODAL DEGREE OF FREEDOM LISTING *****                            
 
  LOAD STEP=     1  SUBSTEP=     1                                             
   TIME=    1.0000      LOAD CASE=   0                                         
 
    NODE       VOLT  
    7216  -974.72     
    7217  -972.93     
    7218  -972.62     
    7219  -927.19     
    7220  -946.37     
    7221  -960.95     
    7222  -981.27     
    7223  -965.16     
    7224  -980.60     
    7225  -965.62     
    7226  -921.99     
    7227  -956.01     
    7228  -936.16     
    7229  -917.70     
    7230  -952.44     
    7231  -951.65     
    7232  -906.72     
    7233  -899.21     
    7234  -875.74     
    7235  -879.09     
    7236  -971.43     
    7237  -971.53     
    7238  -980.00     
    7239  -951.18     
    7240  -979.71     
    7241  -910.04     
    7242  -871.55     
    7243  -903.36     
    7244  -870.19     
    7245  -632.19     
    7246  -659.33     
    7247  -908.87     
    7248  -905.68     
    7249  -961.22     
    7250  -623.76     
    7251  -799.96     
    7252  -661.04     
    7253  -620.57     
    7254  -645.63     
 
  ***** POST1 NODAL DEGREE OF FREEDOM LISTING *****                            
 
  LOAD STEP=     1  SUBSTEP=     1                                             
   TIME=    1.0000      LOAD CASE=   0                                         
 
    NODE       VOLT  
    7255  -647.36     
    7256  -626.88     
    7257  -824.23     
    7258  -847.87     
    7259  -846.23     
    7260  -826.94     
    7261  -804.69     
    7262  -783.78     
    7263  -758.20     
    7264  -779.08     
    7265  -763.04     
    7266  -763.38     
    7267  -755.16     
    7268  -742.16     
    7269  -747.00     
    7270  -760.03     
    7271  -793.66     
    7272  -817.96     
    7273  -741.74     
    7274  -777.27     
    7275  -744.07     
    7276  -750.66     
    7277  -793.28     
    7278  -791.86     
    7279  -775.93     
    7280  -818.12     
    7281  -814.83     
    7282  -836.71     
    7283  -679.63     
    7284  -669.40     
    7285  -642.96     
    7286  -668.23     
    7287  -968.92     
    7288  -969.01     
    7289  -968.62     
    7290  -979.69     
    7291  -979.71     
    7292  -979.72     
    7293  -915.01     
 
  ***** POST1 NODAL DEGREE OF FREEDOM LISTING *****                            
 
  LOAD STEP=     1  SUBSTEP=     1                                             
   TIME=    1.0000      LOAD CASE=   0                                         
 
    NODE       VOLT  
    7294  -914.59     
    7295  -874.67     
    7296  -874.07     
    7297  -918.26     
    7298  -920.29     
    7299  -947.68     
    7300  -877.75     
    7301  -906.83     
    7302  -972.96     
    7303  -974.79     
    7304  -972.40     
    7305  -972.93     
    7306  -972.38     
    7307  -947.22     
    7308  -972.81     
    7309  -973.12     
    7310  -945.51     
    7311  -945.72     
    7312  -859.12     
    7313  -914.34     
    7314  -945.22     
    7315  -780.19     
    7316  -837.80     
    7317  -810.47     
    7318  -787.33     
    7319  -785.65     
    7320  -748.94     
    7321  -712.79     
    7322  -701.75     
    7323  -707.75     
    7324  -870.22     
    7325  -851.25     
    7326  -849.87     
    7327  -747.82     
    7328  -834.76     
    7329  -872.65     
    7330  -728.34     
    7331  -724.45     
    7332  -700.82     
 
  ***** POST1 NODAL DEGREE OF FREEDOM LISTING *****                            
 
  LOAD STEP=     1  SUBSTEP=     1                                             
   TIME=    1.0000      LOAD CASE=   0                                         
 
    NODE       VOLT  
    7333  -716.84     
    7334  -732.88     
    7335  -760.68     
    7336  -753.11     
    7337  -672.93     
    7338  -629.39     
    7339  -629.41     
    7340  -697.92     
    7341  -665.75     
    7342  -690.74     
    7343  -652.89     
    7344  -652.90     
    7345  -622.05     
    7346  -630.90     
    7347  -621.88     
    7348  -622.02     
    7349  -621.99     
    7350  -871.32     
    7351  -910.40     
    7352  -887.01     
    7353  -931.25     
    7354  -942.21     
    7355  -897.51     
    7356  -972.42     
    7357  -972.43     
    7358  -972.44     
    7359  -767.58     
    7360  -779.70     
    7361  -760.07     
    7362  -809.59     
    7363  -772.30     
    7364  -876.11     
    7365  -898.39     
    7366  -903.95     
    7367  -933.36     
    7368  -950.63     
    7369  -928.21     
    7370  -955.11     
    7371  -977.48     
 
  ***** POST1 NODAL DEGREE OF FREEDOM LISTING *****                            
 
  LOAD STEP=     1  SUBSTEP=     1                                             
   TIME=    1.0000      LOAD CASE=   0                                         
 
    NODE       VOLT  
    7372  -972.93     
    7373  -936.87     
    7374  -957.89     
    7375  -953.65     
    7376  -909.16     
    7377  -879.99     
    7378  -888.80     
    7379  -882.60     
    7380  -909.87     
    7381  -909.81     
    7382  -985.93     
    7383  -962.35     
    7384  -961.77     
    7385  -934.11     
    7386  -850.83     
    7387  -810.44     
    7388  -858.20     
    7389  -836.27     
    7390  -843.22     
    7391  -850.31     
    7392  -810.98     
    7393  -855.34     
    7394  -855.55     
    7395  -970.27     
    7396  -940.47     
    7397  -966.65     
    7398  -823.52     
    7399  -863.76     
    7400  -817.54     
    7401  -972.99     
    7402  -980.17     
    7403  -972.20     
    7404  -980.05     
    7405  -888.61     
    7406  -900.85     
    7407  -881.44     
    7408  -870.69     
    7409  -964.40     
    7410  -901.42     
 
  ***** POST1 NODAL DEGREE OF FREEDOM LISTING *****                            
 
  LOAD STEP=     1  SUBSTEP=     1                                             
   TIME=    1.0000      LOAD CASE=   0                                         
 
    NODE       VOLT  
    7411  -913.32     
    7412  -867.10     
    7413  -968.44     
    7414  -933.56     
    7415  -949.07     
    7416  -907.86     
    7417  -717.79     
    7418  -723.31     
    7419  -741.07     
    7420  -760.95     
    7421  -750.31     
    7422  -762.75     
    7423  -733.46     
    7424  -753.92     
    7425  -708.32     
    7426  -681.93     
    7427  -721.73     
    7428  -701.48     
    7429  -695.47     
    7430  -963.31     
    7431  -887.88     
    7432  -915.12     
    7433  -826.71     
    7434  -874.09     
    7435  -857.49     
    7436  -833.20     
    7437  -865.47     
    7438  -820.17     
    7439  -861.00     
    7440  -871.07     
    7441  -905.57     
    7442  -823.86     
    7443  -787.55     
    7444  -827.30     
    7445  -709.33     
    7446  -829.04     
    7447  -811.43     
    7448  -785.45     
    7449  -766.68     
 
  ***** POST1 NODAL DEGREE OF FREEDOM LISTING *****                            
 
  LOAD STEP=     1  SUBSTEP=     1                                             
   TIME=    1.0000      LOAD CASE=   0                                         
 
    NODE       VOLT  
    7450  -780.45     
    7451  -759.11     
    7452  -797.99     
    7453  -803.74     
    7454  -747.94     
    7455  -820.46     
    7456  -818.89     
    7457  -853.38     
    7458  -860.02     
    7459  -875.88     
    7460  -851.69     
    7461  -872.81     
    7462  -726.14     
    7463  -832.34     
    7464  -860.48     
    7465  -808.73     
    7466  -773.84     
    7467  -825.65     
    7468  -771.36     
    7469  -804.31     
    7470  -741.51     
    7471  -740.46     
    7472  -733.18     
    7473  -802.76     
    7474  -845.06     
    7475  -852.78     
    7476  -967.96     
    7477  -956.90     
    7478  -955.81     
    7479  -968.87     
    7480  -986.93     
    7481  -962.77     
    7482  -975.81     
    7483  -968.82     
    7484  -968.78     
    7485  -984.37     
    7486  -984.41     
    7487  -787.32     
    7488  -780.17     
 
  ***** POST1 NODAL DEGREE OF FREEDOM LISTING *****                            
 
  LOAD STEP=     1  SUBSTEP=     1                                             
   TIME=    1.0000      LOAD CASE=   0                                         
 
    NODE       VOLT  
    7489  -801.46     
    7490  -804.24     
    7491  -846.01     
    7492  -650.72     
    7493  -651.79     
    7494  -695.61     
    7495  -783.17     
    7496  -770.27     
    7497  -621.48     
    7498  -620.98     
    7499  -621.01     
    7500  -922.04     
    7501  -922.59     
    7502  -893.46     
    7503  -866.70     
    7504  -878.99     
    7505  -850.93     
    7506  -886.71     
    7507  -901.85     
    7508  -872.10     
    7509  -937.51     
    7510  -938.44     
    7511  -924.87     
    7512  -865.57     
    7513  -888.81     
    7514  -668.68     
    7515  -668.74     
    7516  -668.70     
    7517  -693.39     
    7518  -668.71     
    7519  -642.48     
    7520  -671.79     
    7521  -629.40     
    7522  -642.45     
    7523  -622.00     
    7524  -636.40     
    7525  -629.38     
    7526  -673.36     
    7527  -629.38     
 
  ***** POST1 NODAL DEGREE OF FREEDOM LISTING *****                            
 
  LOAD STEP=     1  SUBSTEP=     1                                             
   TIME=    1.0000      LOAD CASE=   0                                         
 
    NODE       VOLT  
    7528  -647.09     
    7529  -711.41     
    7530  -698.35     
    7531  -703.76     
    7532  -709.72     
    7533  -702.52     
    7534  -720.51     
    7535  -802.82     
    7536  -800.40     
    7537  -752.81     
    7538  -750.23     
    7539  -685.78     
    7540  -948.16     
    7541  -754.56     
    7542  -798.50     
    7543  -728.48     
    7544  -833.61     
    7545  -655.42     
    7546  -697.12     
    7547  -653.61     
    7548  -685.18     
    7549  -653.38     
    7550  -621.03     
    7551  -632.32     
    7552  -632.35     
    7553  -621.05     
    7554  -632.34     
    7555  -621.09     
    7556  -642.11     
    7557  -621.03     
    7558  -621.08     
    7559  -621.02     
    7560  -668.20     
    7561  -621.07     
    7562  -736.50     
    7563  -711.06     
    7564  -720.03     
    7565  -727.35     
    7566  -716.98     
 
  ***** POST1 NODAL DEGREE OF FREEDOM LISTING *****                            
 
  LOAD STEP=     1  SUBSTEP=     1                                             
   TIME=    1.0000      LOAD CASE=   0                                         
 
    NODE       VOLT  
    7567  -959.37     
    7568  -702.79     
    7569  -757.54     
    7570  -754.86     
    7571  -760.27     
    7572  -718.48     
    7573  -834.52     
    7574  -857.41     
    7575  -846.21     
    7576  -847.55     
    7577  -857.76     
    7578  -871.17     
    7579  -820.35     
    7580  -831.51     
    7581  -803.86     
    7582  -799.67     
    7583  -814.18     
    7584  -842.82     
    7585  -730.70     
    7586  -741.21     
    7587  -741.99     
    7588  -710.84     
    7589  -711.58     
    7590  -721.93     
    7591  -764.52     
    7592  -763.53     
    7593  -731.15     
    7594  -727.18     
    7595  -748.27     
    7596  -751.40     
    7597  -746.47     
    7598  -710.92     
    7599  -690.66     
    7600  -711.17     
    7601  -726.14     
    7602  -707.19     
    7603  -707.04     
    7604  -629.33     
    7605  -629.94     
 
  ***** POST1 NODAL DEGREE OF FREEDOM LISTING *****                            
 
  LOAD STEP=     1  SUBSTEP=     1                                             
   TIME=    1.0000      LOAD CASE=   0                                         
 
    NODE       VOLT  
    7606  -629.93     
    7607  -716.99     
    7608  -686.11     
    7609  -630.37     
    7610  -626.90     
    7611  -656.49     
    7612  -627.40     
    7613  -629.62     
    7614  -628.61     
    7615  -626.45     
    7616  -654.70     
    7617  -985.23     
    7618  -985.17     
    7619  -985.13     
    7620  -624.22     
    7621  -624.15     
    7622  -631.00     
    7623  -623.08     
    7624  -631.36     
    7625  -971.80     
    7626  -977.20     
    7627  -914.35     
    7628  -935.06     
    7629  -956.66     
    7630  -972.22     
    7631  -956.96     
    7632  -971.80     
    7633  -970.47     
    7634  -930.94     
    7635  -945.91     
    7636  -891.68     
    7637  -821.38     
    7638  -844.40     
    7639  -846.63     
    7640  -834.65     
    7641  -875.07     
    7642  -835.59     
    7643  -839.64     
    7644  -826.03     
 
  ***** POST1 NODAL DEGREE OF FREEDOM LISTING *****                            
 
  LOAD STEP=     1  SUBSTEP=     1                                             
   TIME=    1.0000      LOAD CASE=   0                                         
 
    NODE       VOLT  
    7645  -707.91     
    7646  -805.08     
    7647  -794.84     
    7648  -813.95     
    7649  -826.75     
    7650  -813.73     
    7651  -843.45     
    7652  -843.40     
    7653  -891.23     
    7654  -867.52     
    7655  -863.38     
    7656  -934.29     
    7657  -851.21     
    7658  -872.95     
    7659  -963.92     
    7660  -923.78     
    7661  -935.18     
    7662  -899.69     
    7663  -925.56     
    7664  -926.41     
    7665  -962.31     
    7666  -973.72     
    7667  -962.26     
    7668  -986.23     
    7669  -986.42     
    7670  -975.90     
    7671  -987.57     
    7672  -923.10     
    7673  -909.48     
    7674  -612.31     
    7675  -625.52     
    7676  -625.42     
    7677  -632.38     
    7678  -765.00     
    7679  -735.72     
    7680  -805.62     
    7681  -821.41     
    7682  -827.24     
    7683  -808.39     
 
  ***** POST1 NODAL DEGREE OF FREEDOM LISTING *****                            
 
  LOAD STEP=     1  SUBSTEP=     1                                             
   TIME=    1.0000      LOAD CASE=   0                                         
 
    NODE       VOLT  
    7684  -817.92     
    7685  -813.56     
    7686  -810.07     
    7687  -802.81     
    7688  -805.78     
    7689  -846.37     
    7690  -870.17     
    7691  -870.13     
    7692  -889.29     
    7693  -889.23     
    7694  -984.90     
    7695  -978.15     
    7696  -975.49     
    7697  -905.59     
    7698  -924.51     
    7699  -958.50     
    7700  -975.61     
    7701  -975.39     
    7702  -946.96     
    7703  -980.64     
    7704  -950.44     
    7705  -969.24     
    7706  -929.83     
    7707  -978.89     
    7708  -981.19     
    7709  -919.58     
    7710  -673.08     
    7711  -646.03     
    7712  -620.75     
    7713  -646.84     
    7714  -664.08     
    7715  -656.80     
    7716  -620.95     
    7717  -637.70     
    7718  -620.85     
    7719  -626.27     
    7720  -646.68     
    7721  -836.89     
    7722  -847.94     
 
  ***** POST1 NODAL DEGREE OF FREEDOM LISTING *****                            
 
  LOAD STEP=     1  SUBSTEP=     1                                             
   TIME=    1.0000      LOAD CASE=   0                                         
 
    NODE       VOLT  
    7723  -871.48     
    7724  -859.58     
    7725  -894.29     
    7726  -882.52     
    7727  -905.65     
    7728  -818.26     
    7729  -828.74     
    7730  -854.91     
    7731  -816.49     
    7732  -872.64     
    7733  -899.07     
    7734  -907.85     
    7735  -920.27     
    7736  -934.52     
    7737  -889.72     
    7738  -856.28     
    7739  -906.47     
    7740  -868.06     
    7741  -969.10     
    7742  -969.17     
    7743  -669.36     
    7744  -690.55     
    7745  -666.84     
    7746  -657.04     
    7747  -672.93     
    7748  -652.55     
    7749  -621.91     
    7750  -621.04     
    7751  -707.68     
    7752  -687.94     
    7753  -974.82     
    7754  -933.18     
    7755  -925.63     
    7756  -909.60     
    7757  -934.16     
    7758  -943.14     
    7759  -829.51     
    7760  -875.93     
    7761  -905.24     
 
  ***** POST1 NODAL DEGREE OF FREEDOM LISTING *****                            
 
  LOAD STEP=     1  SUBSTEP=     1                                             
   TIME=    1.0000      LOAD CASE=   0                                         
 
    NODE       VOLT  
    7762  -826.12     
    7763  -798.52     
    7764  -790.83     
    7765  -978.06     
    7766  -802.29     
    7767  -752.95     
    7768  -762.57     
    7769  -770.49     
    7770  -753.91     
    7771  -799.91     
    7772  -829.37     
    7773  -821.74     
    7774  -852.00     
    7775  -832.54     
    7776  -978.05     
    7777  -822.93     
    7778  -824.42     
    7779  -941.42     
    7780  -978.04     
    7781  -717.77     
    7782  -697.45     
    7783  -721.74     
    7784  -728.73     
    7785  -704.44     
    7786  -708.57     
    7787  -789.06     
    7788  -712.75     
    7789  -723.66     
    7790  -708.59     
    7791  -689.09     
    7792  -690.20     
    7793  -767.75     
    7794  -746.51     
    7795  -754.95     
    7796  -776.14     
    7797  -759.47     
    7798  -717.78     
    7799  -697.38     
    7800  -778.79     
 
  ***** POST1 NODAL DEGREE OF FREEDOM LISTING *****                            
 
  LOAD STEP=     1  SUBSTEP=     1                                             
   TIME=    1.0000      LOAD CASE=   0                                         
 
    NODE       VOLT  
    7801  -894.55     
    7802  -930.80     
    7803  -890.81     
    7804  -952.80     
    7805  -945.30     
    7806  -880.86     
    7807  -868.06     
    7808  -871.79     
    7809  -935.40     
    7810  -866.48     
    7811  -907.13     
    7812  -900.83     
    7813  -875.34     
    7814  -902.65     
    7815  -876.96     
    7816  -895.74     
    7817  -899.34     
    7818  -873.49     
    7819  -889.02     
    7820  -860.03     
    7821  -863.37     
    7822  -698.53     
    7823  -676.96     
    7824  -724.18     
    7825  -678.07     
    7826  -675.54     
    7827  -677.76     
    7828  -657.07     
    7829  -734.94     
    7830  -687.44     
    7831  -644.23     
    7832  -672.50     
    7833  -720.15     
    7834  -741.26     
    7835  -712.52     
    7836  -742.26     
    7837  -735.24     
    7838  -698.19     
    7839  -629.34     
 
  ***** POST1 NODAL DEGREE OF FREEDOM LISTING *****                            
 
  LOAD STEP=     1  SUBSTEP=     1                                             
   TIME=    1.0000      LOAD CASE=   0                                         
 
    NODE       VOLT  
    7840  -631.11     
    7841  -775.94     
    7842  -767.30     
    7843  -719.55     
    7844  -695.97     
    7845  -690.84     
    7846  -707.61     
    7847  -786.53     
    7848  -803.92     
    7849  -726.19     
    7850  -851.67     
    7851  -856.69     
    7852  -868.38     
    7853  -840.70     
    7854  -823.71     
    7855  -851.42     
    7856  -889.64     
    7857  -865.22     
    7858  -841.62     
    7859  -855.31     
    7860  -667.35     
    7861  -658.45     
    7862  -649.51     
    7863  -640.55     
    7864  -709.45     
    7865  -686.00     
    7866  -677.63     
    7867  -705.68     
    7868  -697.18     
    7869  -781.74     
    7870  -753.58     
    7871  -821.75     
    7872  -803.40     
    7873  -628.29     
    7874  -699.73     
    7875  -665.89     
    7876  -705.11     
    7877  -661.00     
    7878  -626.39     
 
  ***** POST1 NODAL DEGREE OF FREEDOM LISTING *****                            
 
  LOAD STEP=     1  SUBSTEP=     1                                             
   TIME=    1.0000      LOAD CASE=   0                                         
 
    NODE       VOLT  
    7879  -626.12     
    7880  -784.42     
    7881  -797.25     
    7882  -747.58     
    7883  -836.98     
    7884  -733.50     
    7885  -901.60     
    7886  -836.41     
    7887  -887.43     
    7888  -918.86     
    7889  -853.51     
    7890  -860.43     
    7891  -843.27     
    7892  -909.85     
    7893  -865.29     
    7894  -892.40     
    7895  -928.21     
    7896  -933.38     
    7897  -952.29     
    7898  -977.03     
    7899  -929.20     
    7900  -952.27     
    7901  -977.01     
    7902  -951.23     
    7903  -890.84     
    7904  -976.93     
    7905  -884.56     
    7906  -839.80     
    7907  -887.90     
    7908  -926.62     
    7909  -852.34     
    7910  -853.14     
    7911  -858.41     
    7912  -707.34     
    7913  -684.80     
    7914  -681.54     
    7915  -652.28     
    7916  -688.33     
    7917  -666.92     
 
  ***** POST1 NODAL DEGREE OF FREEDOM LISTING *****                            
 
  LOAD STEP=     1  SUBSTEP=     1                                             
   TIME=    1.0000      LOAD CASE=   0                                         
 
    NODE       VOLT  
    7918  -659.62     
    7919  -719.82     
    7920  -733.66     
    7921  -718.72     
    7922  -718.74     
    7923  -734.23     
    7924  -746.08     
    7925  -724.15     
    7926  -738.01     
    7927  -707.48     
    7928  -840.79     
    7929  -868.18     
    7930  -855.43     
    7931  -873.09     
    7932  -856.87     
    7933  -842.89     
    7934  -863.35     
    7935  -876.05     
    7936  -847.72     
    7937  -848.47     
    7938  -822.33     
    7939  -874.60     
    7940  -858.32     
    7941  -696.79     
    7942  -669.92     
    7943  -623.46     
    7944  -627.49     
    7945  -842.20     
    7946  -853.99     
    7947  -866.48     
    7948  -703.58     
    7949  -746.32     
    7950  -647.97     
    7951  -624.51     
    7952  -623.49     
    7953  -623.48     
    7954  -654.92     
    7955  -628.08     
    7956  -631.29     
 
  ***** POST1 NODAL DEGREE OF FREEDOM LISTING *****                            
 
  LOAD STEP=     1  SUBSTEP=     1                                             
   TIME=    1.0000      LOAD CASE=   0                                         
 
    NODE       VOLT  
    7957  -924.34     
    7958  -946.18     
    7959  -901.30     
    7960  -972.68     
    7961  -953.54     
    7962  -972.64     
    7963  -953.45     
    7964  -944.18     
    7965  -945.17     
    7966  -972.67     
    7967  -972.69     
    7968  -958.61     
    7969  -973.34     
    7970  -943.12     
    7971  -867.72     
    7972  -867.62     
    7973  -883.25     
    7974  -896.84     
    7975  -913.74     
    7976  -913.75     
    7977  -624.71     
    7978  -911.76     
    7979  -885.53     
    7980  -887.00     
    7981  -947.93     
    7982  -976.97     
    7983  -934.79     
    7984  -926.95     
    7985  -969.52     
    7986  -950.10     
    7987  -940.07     
    7988  -948.35     
    7989  -918.83     
    7990  -919.78     
    7991  -909.33     
    7992  -896.10     
    7993  -908.50     
    7994  -892.53     
    7995  -762.19     
 
  ***** POST1 NODAL DEGREE OF FREEDOM LISTING *****                            
 
  LOAD STEP=     1  SUBSTEP=     1                                             
   TIME=    1.0000      LOAD CASE=   0                                         
 
    NODE       VOLT  
    7996  -710.75     
    7997  -656.56     
    7998  -621.89     
    7999  -621.08     
    8000  -621.09     
    8001  -621.89     
    8002  -784.95     
    8003  -777.10     
    8004  -783.02     
    8005  -748.35     
    8006  -787.19     
    8007  -815.16     
    8008  -792.06     
    8009  -752.04     
    8010  -757.14     
    8011  -733.09     
    8012  -972.33     
    8013  -971.89     
    8014  -950.19     
    8015  -977.76     
    8016  -687.29     
    8017  -670.00     
    8018  -970.18     
    8019  -969.54     
    8020  -969.59     
    8021  -952.03     
    8022  -971.76     
    8023  -980.30     
    8024  -944.08     
    8025  -972.28     
    8026  -895.95     
    8027  -956.41     
    8028  -928.69     
    8029  -977.88     
    8030  -964.19     
    8031  -942.28     
    8032  -963.86     
    8033  -971.61     
    8034  -949.80     
 
  ***** POST1 NODAL DEGREE OF FREEDOM LISTING *****                            
 
  LOAD STEP=     1  SUBSTEP=     1                                             
   TIME=    1.0000      LOAD CASE=   0                                         
 
    NODE       VOLT  
    8035  -936.29     
    8036  -971.16     
    8037  -985.23     
    8038  -628.02     
    8039  -628.06     
    8040  -687.94     
    8041  -939.87     
    8042  -907.52     
    8043  -940.34     
    8044  -967.82     
    8045  -967.97     
    8046  -936.75     
    8047  -968.69     
    8048  -945.79     
    8049  -967.79     
    8050  -977.88     
    8051  -900.85     
    8052  -901.31     
    8053  -866.45     
    8054  -910.88     
    8055  -936.38     
    8056  -921.53     
    8057  -886.65     
    8058  -918.19     
    8059  -637.14     
    8060  -648.22     
    8061  -637.30     
    8062  -673.02     
    8063  -685.20     
    8064  -664.08     
    8065  -679.14     
    8066  -630.53     
    8067  -660.37     
    8068  -642.58     
    8069  -638.23     
    8070  -671.30     
    8071  -694.19     
    8072  -674.41     
    8073  -680.46     
 
  ***** POST1 NODAL DEGREE OF FREEDOM LISTING *****                            
 
  LOAD STEP=     1  SUBSTEP=     1                                             
   TIME=    1.0000      LOAD CASE=   0                                         
 
    NODE       VOLT  
    8074  -701.55     
    8075  -678.11     
    8076  -655.11     
    8077  -676.50     
    8078  -905.55     
    8079  -654.21     
    8080  -675.47     
    8081  -813.14     
    8082  -937.46     
    8083  -937.96     
    8084  -838.16     
    8085  -838.80     
    8086  -818.20     
    8087  -818.66     
    8088  -876.32     
    8089  -887.48     
    8090  -977.34     
    8091  -976.06     
    8092  -976.04     
    8093  -812.12     
    8094  -622.29     
    8095  -624.55     
    8096  -959.86     
    8097  -983.69     
    8098  -958.42     
    8099  -983.67     
    8100  -983.71     
    8101  -939.04     
    8102  -958.37     
    8103  -983.69     
    8104  -983.52     
    8105  -967.46     
    8106  -983.74     
    8107  -967.28     
    8108  -983.53     
    8109  -908.60     
    8110  -905.39     
    8111  -890.96     
    8112  -944.88     
 
  ***** POST1 NODAL DEGREE OF FREEDOM LISTING *****                            
 
  LOAD STEP=     1  SUBSTEP=     1                                             
   TIME=    1.0000      LOAD CASE=   0                                         
 
    NODE       VOLT  
    8113  -965.44     
    8114  -902.00     
    8115  -795.42     
    8116  -785.18     
    8117  -793.61     
    8118  -770.13     
    8119  -815.08     
    8120  -846.96     
    8121  -830.86     
    8122  -807.94     
    8123  -781.82     
    8124  -747.17     
    8125  -650.00     
    8126  -662.23     
    8127  -644.33     
    8128  -638.84     
    8129  -647.56     
    8130  -724.74     
    8131  -824.35     
    8132  -811.38     
    8133  -835.83     
    8134  -808.92     
    8135  -875.33     
    8136  -888.02     
    8137  -827.24     
    8138  -794.92     
    8139  -785.96     
    8140  -797.51     
    8141  -658.15     
    8142  -646.80     
    8143  -668.27     
    8144  -657.07     
    8145  -629.33     
    8146  -627.64     
    8147  -640.72     
    8148  -619.14     
    8149  -646.67     
    8150  -621.49     
    8151  -648.98     
 
  ***** POST1 NODAL DEGREE OF FREEDOM LISTING *****                            
 
  LOAD STEP=     1  SUBSTEP=     1                                             
   TIME=    1.0000      LOAD CASE=   0                                         
 
    NODE       VOLT  
    8152  -650.65     
    8153  -686.68     
    8154  -619.10     
    8155  -619.38     
    8156  -660.18     
    8157  -631.64     
    8158  -621.33     
    8159  -619.00     
    8160  -713.22     
    8161  -738.20     
    8162  -752.11     
    8163  -968.48     
    8164  -964.03     
    8165  -962.68     
    8166  -977.09     
    8167  -946.51     
    8168  -977.53     
    8169  -968.37     
    8170  -723.57     
    8171  -702.58     
    8172  -685.81     
    8173  -728.46     
    8174  -750.14     
    8175  -684.67     
    8176  -724.35     
    8177  -671.54     
    8178  -773.36     
    8179  -984.89     
    8180  -744.40     
    8181  -729.53     
    8182  -730.52     
    8183  -647.04     
    8184  -897.98     
    8185  -889.82     
    8186  -873.18     
    8187  -839.46     
    8188  -861.22     
    8189  -840.81     
    8190  -853.06     
 
  ***** POST1 NODAL DEGREE OF FREEDOM LISTING *****                            
 
  LOAD STEP=     1  SUBSTEP=     1                                             
   TIME=    1.0000      LOAD CASE=   0                                         
 
    NODE       VOLT  
    8191  -861.71     
    8192  -849.32     
    8193  -841.31     
    8194  -851.24     
    8195  -957.36     
    8196  -952.15     
    8197  -976.90     
    8198  -848.07     
    8199  -844.37     
    8200  -784.46     
    8201  -809.59     
    8202  -786.33     
    8203  -801.86     
    8204  -751.87     
    8205  -741.92     
    8206  -733.54     
    8207  -761.95     
    8208  -759.92     
    8209  -776.24     
    8210  -733.79     
    8211  -743.96     
    8212  -954.28     
    8213  -937.45     
    8214  -968.24     
    8215  -755.03     
    8216  -972.90     
    8217  -973.00     
    8218  -973.07     
    8219  -985.20     
    8220  -698.43     
    8221  -710.09     
    8222  -725.95     
    8223  -687.14     
    8224  -699.27     
    8225  -721.98     
    8226  -695.54     
    8227  -753.55     
    8228  -763.28     
    8229  -734.60     
 
  ***** POST1 NODAL DEGREE OF FREEDOM LISTING *****                            
 
  LOAD STEP=     1  SUBSTEP=     1                                             
   TIME=    1.0000      LOAD CASE=   0                                         
 
    NODE       VOLT  
    8230  -761.09     
    8231  -746.89     
    8232  -745.68     
    8233  -760.66     
    8234  -744.11     
    8235  -741.05     
    8236  -730.88     
    8237  -968.38     
    8238  -968.02     
    8239  -958.13     
    8240  -941.24     
    8241  -974.31     
    8242  -973.69     
    8243  -968.62     
    8244  -745.69     
    8245  -782.06     
    8246  -764.89     
    8247  -768.53     
    8248  -781.04     
    8249  -762.55     
    8250  -695.31     
    8251  -667.53     
    8252  -827.62     
    8253  -772.46     
    8254  -752.76     
    8255  -756.68     
    8256  -779.79     
    8257  -799.50     
    8258  -818.01     
    8259  -807.11     
    8260  -634.76     
    8261  -625.63     
    8262  -618.50     
    8263  -631.08     
    8264  -618.35     
    8265  -635.11     
    8266  -625.83     
    8267  -625.98     
    8268  -622.28     
 
  ***** POST1 NODAL DEGREE OF FREEDOM LISTING *****                            
 
  LOAD STEP=     1  SUBSTEP=     1                                             
   TIME=    1.0000      LOAD CASE=   0                                         
 
    NODE       VOLT  
    8269  -625.71     
    8270  -622.11     
    8271  -618.82     
    8272  -663.72     
    8273  -678.05     
    8274  -668.54     
    8275  -756.82     
    8276  -786.48     
    8277  -761.93     
    8278  -792.19     
    8279  -972.48     
    8280  -742.97     
    8281  -974.76     
    8282  -975.01     
    8283  -972.77     
    8284  -972.37     
    8285  -987.56     
    8286  -987.31     
    8287  -987.35     
    8288  -936.94     
    8289  -944.54     
    8290  -972.58     
    8291  -971.70     
    8292  -913.94     
    8293  -936.34     
    8294  -972.52     
    8295  -972.30     
    8296  -972.00     
    8297  -972.43     
    8298  -693.75     
    8299  -792.24     
    8300  -775.06     
    8301  -846.63     
    8302  -776.77     
    8303  -642.29     
    8304  -631.44     
    8305  -630.63     
    8306  -973.91     
    8307  -946.54     
 
  ***** POST1 NODAL DEGREE OF FREEDOM LISTING *****                            
 
  LOAD STEP=     1  SUBSTEP=     1                                             
   TIME=    1.0000      LOAD CASE=   0                                         
 
    NODE       VOLT  
    8308  -971.61     
    8309  -700.90     
    8310  -820.22     
    8311  -811.38     
    8312  -829.92     
    8313  -674.06     
    8314  -680.76     
    8315  -664.22     
    8316  -680.50     
    8317  -661.31     
    8318  -700.00     
    8319  -872.28     
    8320  -849.56     
    8321  -704.73     
    8322  -845.13     
    8323  -844.41     
    8324  -706.71     
    8325  -725.32     
    8326  -743.91     
    8327  -894.92     
    8328  -904.56     
    8329  -696.79     
    8330  -941.45     
    8331  -893.67     
    8332  -959.61     
    8333  -811.34     
    8334  -799.95     
    8335  -836.59     
    8336  -825.00     
    8337  -825.22     
    8338  -808.80     
    8339  -771.97     
    8340  -836.54     
    8341  -811.27     
    8342  -636.47     
    8343  -855.10     
    8344  -822.14     
    8345  -826.28     
    8346  -868.03     
 
  ***** POST1 NODAL DEGREE OF FREEDOM LISTING *****                            
 
  LOAD STEP=     1  SUBSTEP=     1                                             
   TIME=    1.0000      LOAD CASE=   0                                         
 
    NODE       VOLT  
    8347  -876.66     
    8348  -953.25     
    8349  -922.54     
    8350  -893.88     
    8351  -897.51     
    8352  -897.82     
    8353  -713.27     
    8354  -674.75     
    8355  -702.05     
    8356  -733.90     
    8357  -721.06     
    8358  -710.57     
    8359  -728.91     
    8360  -680.11     
    8361  -657.53     
    8362  -730.77     
    8363  -683.05     
    8364  -754.01     
    8365  -796.21     
    8366  -803.42     
    8367  -627.31     
    8368  -627.63     
    8369  -970.24     
    8370  -966.64     
    8371  -963.01     
    8372  -983.29     
    8373  -986.95     
    8374  -979.71     
    8375  -983.30     
    8376  -959.14     
    8377  -975.83     
    8378  -958.38     
    8379  -983.30     
    8380  -975.07     
    8381  -802.05     
    8382  -788.51     
    8383  -789.80     
    8384  -818.75     
    8385  -814.63     
 
  ***** POST1 NODAL DEGREE OF FREEDOM LISTING *****                            
 
  LOAD STEP=     1  SUBSTEP=     1                                             
   TIME=    1.0000      LOAD CASE=   0                                         
 
    NODE       VOLT  
    8386  -803.44     
    8387  -725.48     
    8388  -695.20     
    8389  -713.50     
    8390  -736.67     
    8391  -719.72     
    8392  -669.37     
    8393  -828.02     
    8394  -627.16     
    8395  -622.84     
    8396  -654.18     
    8397  -618.92     
    8398  -622.70     
    8399  -972.82     
    8400  -810.93     
    8401  -771.17     
    8402  -973.37     
    8403  -984.41     
    8404  -983.52     
    8405  -983.29     
    8406  -975.83     
    8407  -923.95     
    8408  -984.42     
    8409  -983.53     
    8410  -887.95     
    8411  -888.32     
    8412  -907.78     
    8413  -917.24     
    8414  -865.30     
    8415  -660.68     
    8416  -630.34     
    8417  -628.81     
    8418  -629.24     
    8419  -627.60     
    8420  -627.54     
    8421  -628.14     
    8422  -628.23     
    8423  -655.54     
    8424  -685.15     
 
  ***** POST1 NODAL DEGREE OF FREEDOM LISTING *****                            
 
  LOAD STEP=     1  SUBSTEP=     1                                             
   TIME=    1.0000      LOAD CASE=   0                                         
 
    NODE       VOLT  
    8425  -961.94     
    8426  -836.14     
    8427  -821.26     
    8428  -819.89     
    8429  -849.50     
    8430  -630.97     
    8431  -622.31     
    8432  -627.39     
    8433  -621.08     
    8434  -632.43     
    8435  -636.46     
    8436  -675.25     
    8437  -674.90     
    8438  -693.22     
    8439  -956.10     
    8440  -667.60     
    8441  -654.02     
    8442  -641.04     
    8443  -663.52     
    8444  -633.04     
    8445  -646.94     
    8446  -625.74     
    8447  -625.78     
    8448  -625.82     
    8449  -667.28     
    8450  -850.87     
    8451  -950.75     
    8452  -975.71     
    8453  -965.21     
    8454  -964.64     
    8455  -976.28     
    8456  -941.90     
    8457  -752.20     
    8458  -763.61     
    8459  -748.43     
    8460  -737.06     
    8461  -755.29     
    8462  -986.92     
    8463  -979.67     
 
  ***** POST1 NODAL DEGREE OF FREEDOM LISTING *****                            
 
  LOAD STEP=     1  SUBSTEP=     1                                             
   TIME=    1.0000      LOAD CASE=   0                                         
 
    NODE       VOLT  
    8464  -732.20     
    8465  -752.45     
    8466  -972.27     
    8467  -980.40     
    8468  -655.74     
    8469  -656.01     
    8470  -798.73     
    8471  -767.23     
    8472  -758.54     
    8473  -699.56     
    8474  -721.22     
    8475  -737.72     
    8476  -627.83     
    8477  -627.76     
    8478  -627.38     
    8479  -627.50     
    8480  -834.29     
    8481  -817.03     
    8482  -837.61     
    8483  -972.59     
    8484  -972.57     
    8485  -630.91     
    8486  -844.22     
    8487  -864.90     
    8488  -880.69     
    8489  -620.62     
    8490  -754.35     
    8491  -628.04     
    8492  -628.23     
    8493  -628.18     
    8494  -626.91     
    8495  -626.87     
    8496  -648.26     
    8497  -790.51     
    8498  -788.06     
    8499  -802.12     
    8500  -785.36     
    8501  -812.78     
    8502  -801.28     
 
  ***** POST1 NODAL DEGREE OF FREEDOM LISTING *****                            
 
  LOAD STEP=     1  SUBSTEP=     1                                             
   TIME=    1.0000      LOAD CASE=   0                                         
 
    NODE       VOLT  
    8503  -766.17     
    8504  -803.32     
    8505  -767.33     
    8506  -759.45     
    8507  -738.14     
    8508  -762.30     
    8509  -790.03     
    8510  -772.63     
    8511  -767.08     
    8512  -793.50     
    8513  -810.34     
    8514  -798.02     
    8515  -834.60     
    8516  -782.28     
    8517  -778.41     
    8518  -932.60     
    8519  -896.90     
    8520  -630.63     
    8521  -648.28     
    8522  -833.54     
    8523  -840.87     
    8524  -880.93     
    8525  -672.16     
    8526  -647.04     
    8527  -977.02     
    8528  -945.69     
    8529  -968.75     
    8530  -967.56     
    8531  -967.15     
    8532  -964.55     
    8533  -714.08     
    8534  -731.22     
    8535  -701.86     
    8536  -719.03     
    8537  -683.12     
    8538  -642.19     
    8539  -979.93     
    8540  -679.48     
    8541  -676.32     
 
  ***** POST1 NODAL DEGREE OF FREEDOM LISTING *****                            
 
  LOAD STEP=     1  SUBSTEP=     1                                             
   TIME=    1.0000      LOAD CASE=   0                                         
 
    NODE       VOLT  
    8542  -649.68     
    8543  -632.42     
    8544  -624.27     
    8545  -632.46     
    8546  -793.42     
    8547  -780.37     
    8548  -799.87     
    8549  -640.36     
    8550  -652.67     
    8551  -769.90     
    8552  -750.25     
    8553  -770.45     
    8554  -670.58     
    8555  -683.99     
    8556  -691.45     
    8557  -696.24     
    8558  -627.00     
    8559  -621.90     
    8560  -812.32     
    8561  -800.49     
    8562  -619.16     
    8563  -773.03     
    8564  -771.30     
    8565  -649.44     
    8566  -626.82     
    8567  -767.98     
    8568  -748.25     
    8569  -768.35     
    8570  -825.61     
    8571  -808.58     
    8572  -628.97     
    8573  -630.30     
    8574  -801.76     
    8575  -808.39     
    8576  -801.24     
    8577  -627.09     
    8578  -628.16     
    8579  -623.63     
    8580  -651.16     
 
  ***** POST1 NODAL DEGREE OF FREEDOM LISTING *****                            
 
  LOAD STEP=     1  SUBSTEP=     1                                             
   TIME=    1.0000      LOAD CASE=   0                                         
 
    NODE       VOLT  
    8581  -624.82     
    8582  -623.97     
    8583  -720.62     
    8584  -716.05     
    8585  -714.47     
    8586  -694.73     
    8587  -710.20     
    8588  -758.79     
    8589  -972.87     
    8590  -745.83     
    8591  -766.46     
    8592  -746.58     
    8593  -752.76     
    8594  -722.62     
    8595  -721.78     
    8596  -703.64     
    8597  -712.56     
    8598  -696.70     
    8599  -695.13     
    8600  -805.66     
    8601  -777.73     
    8602  -779.95     
    8603  -778.07     
    8604  -784.38     
    8605  -798.43     
    8606  -769.93     
    8607  -788.70     
    8608  -831.41     
    8609  -863.01     
    8610  -855.51     
    8611  -837.52     
    8612  -826.19     
    8613  -950.29     
    8614  -850.91     
    8615  -868.98     
    8616  -853.52     
    8617  -838.33     
    8618  -854.97     
    8619  -858.24     
 
  ***** POST1 NODAL DEGREE OF FREEDOM LISTING *****                            
 
  LOAD STEP=     1  SUBSTEP=     1                                             
   TIME=    1.0000      LOAD CASE=   0                                         
 
    NODE       VOLT  
    8620  -855.46     
    8621  -850.67     
    8622  -851.31     
    8623  -834.42     
    8624  -940.15     
    8625  -879.25     
    8626  -865.89     
    8627  -873.39     
    8628  -886.50     
    8629  -899.25     
    8630  -815.81     
    8631  -835.12     
    8632  -830.23     
    8633  -803.83     
    8634  -823.07     
    8635  -846.38     
    8636  -841.06     
    8637  -835.46     
    8638  -880.45     
    8639  -867.17     
    8640  -818.73     
    8641  -807.54     
    8642  -838.76     
    8643  -871.98     
    8644  -861.08     
    8645  -845.89     
    8646  -963.39     
    8647  -775.72     
    8648  -905.16     
    8649  -889.59     
    8650  -879.80     
    8651  -859.28     
    8652  -612.53     
    8653  -612.56     
    8654  -612.31     
    8655  -839.73     
    8656  -751.11     
    8657  -696.97     
    8658  -619.87     
 
  ***** POST1 NODAL DEGREE OF FREEDOM LISTING *****                            
 
  LOAD STEP=     1  SUBSTEP=     1                                             
   TIME=    1.0000      LOAD CASE=   0                                         
 
    NODE       VOLT  
    8659  -639.27     
    8660  -986.72     
    8661  -621.85     
    8662  -623.29     
    8663  -915.54     
    8664  -880.96     
    8665  -839.38     
    8666  -913.08     
    8667  -853.42     
    8668  -872.74     
    8669  -833.16     
    8670  -901.21     
    8671  -613.05     
    8672  -613.02     
    8673  -613.15     
    8674  -617.57     
    8675  -613.06     
    8676  -617.47     
    8677  -649.41     
    8678  -624.27     
    8679  -625.32     
    8680  -613.11     
    8681  -625.22     
    8682  -948.20     
    8683  -773.92     
    8684  -840.61     
    8685  -624.59     
    8686  -802.27     
    8687  -897.96     
    8688  -918.18     
    8689  -918.94     
    8690  -926.78     
    8691  -926.86     
    8692  -948.69     
    8693  -976.87     
    8694  -694.12     
    8695  -767.83     
    8696  -753.66     
    8697  -757.05     
 
  ***** POST1 NODAL DEGREE OF FREEDOM LISTING *****                            
 
  LOAD STEP=     1  SUBSTEP=     1                                             
   TIME=    1.0000      LOAD CASE=   0                                         
 
    NODE       VOLT  
    8698  -747.32     
    8699  -816.77     
    8700  -683.65     
    8701  -696.67     
    8702  -720.22     
    8703  -918.10     
    8704  -946.35     
    8705  -959.87     
    8706  -882.31     
    8707  -896.02     
    8708  -636.54     
    8709  -950.40     
    8710  -913.49     
    8711  -968.82     
    8712  -960.05     
    8713  -832.41     
    8714  -866.93     
    8715  -869.42     
    8716  -972.14     
    8717  -882.56     
    8718  -976.07     
    8719  -880.82     
    8720  -891.93     
    8721  -872.42     
    8722  -766.62     
    8723  -784.68     
    8724  -772.39     
    8725  -749.02     
    8726  -895.34     
    8727  -937.90     
    8728  -980.12     
    8729  -943.67     
    8730  -972.39     
    8731  -972.23     
    8732  -833.06     
    8733  -832.82     
    8734  -765.15     
    8735  -737.02     
    8736  -926.26     
 
  ***** POST1 NODAL DEGREE OF FREEDOM LISTING *****                            
 
  LOAD STEP=     1  SUBSTEP=     1                                             
   TIME=    1.0000      LOAD CASE=   0                                         
 
    NODE       VOLT  
    8737  -813.89     
    8738  -820.04     
    8739  -930.35     
    8740  -949.37     
    8741  -922.81     
    8742  -943.63     
    8743  -913.77     
    8744  -914.17     
    8745  -779.47     
    8746  -801.19     
    8747  -842.31     
    8748  -960.14     
    8749  -627.10     
    8750  -808.77     
    8751  -799.99     
    8752  -824.87     
    8753  -816.19     
    8754  -783.88     
    8755  -827.62     
    8756  -872.17     
    8757  -846.15     
    8758  -833.91     
    8759  -825.78     
    8760  -792.32     
    8761  -809.45     
    8762  -722.32     
    8763  -986.91     
    8764  -976.69     
    8765  -976.60     
    8766  -976.64     
    8767  -979.67     
    8768  -970.16     
    8769  -986.90     
    8770  -986.94     
    8771  -626.82     
    8772  -626.84     
    8773  -656.99     
    8774  -649.90     
    8775  -972.60     
 
  ***** POST1 NODAL DEGREE OF FREEDOM LISTING *****                            
 
  LOAD STEP=     1  SUBSTEP=     1                                             
   TIME=    1.0000      LOAD CASE=   0                                         
 
    NODE       VOLT  
    8776  -971.82     
    8777  -686.01     
    8778  -741.69     
    8779  -720.46     
    8780  -944.07     
    8781  -972.30     
    8782  -895.62     
    8783  -871.01     
    8784  -880.60     
    8785  -950.87     
    8786  -971.49     
    8787  -952.22     
    8788  -976.72     
    8789  -975.23     
    8790  -975.53     
    8791  -980.65     
    8792  -979.66     
    8793  -980.60     
    8794  -973.21     
    8795  -970.99     
    8796  -970.98     
    8797  -917.16     
    8798  -638.98     
    8799  -632.95     
    8800  -639.96     
    8801  -668.66     
    8802  -663.45     
    8803  -941.90     
    8804  -949.22     
    8805  -901.78     
    8806  -617.39     
    8807  -979.15     
    8808  -971.76     
    8809  -973.34     
    8810  -958.60     
    8811  -951.04     
    8812  -942.06     
    8813  -958.48     
    8814  -627.48     
 
  ***** POST1 NODAL DEGREE OF FREEDOM LISTING *****                            
 
  LOAD STEP=     1  SUBSTEP=     1                                             
   TIME=    1.0000      LOAD CASE=   0                                         
 
    NODE       VOLT  
    8815  -980.36     
    8816  -980.29     
    8817  -925.52     
    8818  -949.14     
    8819  -927.94     
    8820  -915.49     
    8821  -626.02     
    8822  -625.97     
    8823  -950.66     
    8824  -971.22     
    8825  -972.36     
    8826  -978.01     
    8827  -955.02     
    8828  -934.00     
    8829  -932.01     
    8830  -952.40     
    8831  -707.24     
    8832  -755.65     
    8833  -968.42     
    8834  -722.14     
    8835  -773.58     
    8836  -765.93     
    8837  -916.31     
    8838  -901.49     
    8839  -908.51     
    8840  -904.77     
    8841  -873.38     
    8842  -877.78     
    8843  -881.10     
    8844  -617.42     
    8845  -626.81     
    8846  -971.74     
    8847  -971.86     
    8848  -966.07     
    8849  -672.48     
    8850  -690.13     
    8851  -695.82     
    8852  -920.36     
    8853  -928.16     
 
  ***** POST1 NODAL DEGREE OF FREEDOM LISTING *****                            
 
  LOAD STEP=     1  SUBSTEP=     1                                             
   TIME=    1.0000      LOAD CASE=   0                                         
 
    NODE       VOLT  
    8854  -924.83     
    8855  -633.74     
    8856  -634.13     
    8857  -635.68     
    8858  -632.46     
    8859  -693.92     
    8860  -625.81     
    8861  -653.70     
    8862  -630.14     
    8863  -700.49     
    8864  -715.07     
    8865  -647.76     
    8866  -743.37     
    8867  -839.61     
    8868  -879.22     
    8869  -827.06     
    8870  -881.44     
    8871  -945.40     
    8872  -983.74     
    8873  -959.59     
    8874  -983.75     
    8875  -974.71     
    8876  -983.75     
    8877  -623.47     
    8878  -977.97     
    8879  -976.73     
    8880  -977.81     
    8881  -847.99     
    8882  -947.45     
    8883  -621.47     
    8884  -953.08     
    8885  -776.00     
    8886  -750.07     
    8887  -750.74     
    8888  -751.47     
    8889  -613.11     
    8890  -612.83     
    8891  -613.07     
    8892  -937.26     
 
  ***** POST1 NODAL DEGREE OF FREEDOM LISTING *****                            
 
  LOAD STEP=     1  SUBSTEP=     1                                             
   TIME=    1.0000      LOAD CASE=   0                                         
 
    NODE       VOLT  
    8893  -830.12     
    8894  -852.77     
    8895  -971.90     
    8896  -833.15     
    8897  -733.63     
    8898  -725.17     
    8899  -728.88     
    8900  -761.55     
    8901  -742.50     
    8902  -742.45     
    8903  -796.72     
    8904  -781.23     
    8905  -759.85     
    8906  -726.53     
    8907  -704.26     
    8908  -635.84     
    8909  -630.55     
    8910  -851.12     
    8911  -948.08     
    8912  -666.77     
    8913  -651.79     
    8914  -612.95     
    8915  -628.15     
    8916  -627.65     
    8917  -979.79     
    8918  -869.36     
    8919  -847.99     
    8920  -868.69     
    8921  -919.37     
    8922  -936.25     
    8923  -949.50     
    8924  -688.09     
    8925  -712.24     
    8926  -913.97     
    8927  -930.79     
    8928  -954.81     
    8929  -954.33     
    8930  -892.64     
    8931  -906.95     
 
  ***** POST1 NODAL DEGREE OF FREEDOM LISTING *****                            
 
  LOAD STEP=     1  SUBSTEP=     1                                             
   TIME=    1.0000      LOAD CASE=   0                                         
 
    NODE       VOLT  
    8932  -928.84     
    8933  -906.99     
    8934  -962.05     
    8935  -979.97     
    8936  -966.32     
    8937  -948.91     
    8938  -952.52     
    8939  -818.20     
    8940  -851.64     
    8941  -853.74     
    8942  -856.79     
    8943  -967.05     
    8944  -958.16     
    8945  -941.61     
    8946  -931.78     
    8947  -627.99     
    8948  -832.76     
    8949  -849.03     
    8950  -933.71     
    8951  -953.07     
    8952  -971.53     
    8953  -969.40     
    8954  -970.79     
    8955  -921.13     
    8956  -916.20     
    8957  -793.15     
    8958  -798.15     
    8959  -799.93     
    8960  -805.19     
    8961  -975.14     
    8962  -788.05     
    8963  -624.54     
    8964  -624.11     
    8965  -624.42     
    8966  -672.37     
    8967  -651.37     
    8968  -672.55     
    8969  -897.99     
    8970  -889.60     
 
  ***** POST1 NODAL DEGREE OF FREEDOM LISTING *****                            
 
  LOAD STEP=     1  SUBSTEP=     1                                             
   TIME=    1.0000      LOAD CASE=   0                                         
 
    NODE       VOLT  
    8971  -675.98     
    8972  -655.02     
    8973  -654.90     
    8974  -668.23     
    8975  -647.33     
    8976  -669.39     
    8977  -668.27     
    8978  -733.66     
    8979  -727.72     
    8980  -709.01     
    8981  -726.28     
    8982  -726.47     
    8983  -974.85     
    8984  -889.81     
    8985  -945.80     
    8986  -947.63     
    8987  -921.10     
    8988  -971.69     
    8989  -972.29     
    8990  -654.72     
    8991  -843.91     
    8992  -636.52     
    8993  -623.98     
    8994  -743.58     
    8995  -824.77     
    8996  -800.66     
    8997  -815.54     
    8998  -821.44     
    8999  -781.12     
    9000  -840.87     
    9001  -790.16     
    9002  -900.39     
    9003  -900.51     
    9004  -876.30     
    9005  -878.99     
    9006  -653.50     
    9007  -646.77     
    9008  -676.62     
    9009  -799.92     
 
  ***** POST1 NODAL DEGREE OF FREEDOM LISTING *****                            
 
  LOAD STEP=     1  SUBSTEP=     1                                             
   TIME=    1.0000      LOAD CASE=   0                                         
 
    NODE       VOLT  
    9010  -798.73     
    9011  -781.61     
    9012  -783.47     
    9013  -833.13     
    9014  -793.58     
    9015  -799.95     
    9016  -625.21     
    9017  -625.60     
    9018  -825.66     
    9019  -809.22     
    9020  -826.78     
    9021  -808.14     
    9022  -829.18     
    9023  -798.97     
    9024  -926.61     
    9025  -686.92     
    9026  -893.72     
    9027  -966.38     
    9028  -658.66     
    9029  -974.59     
    9030  -966.95     
    9031  -959.57     
    9032  -946.25     
    9033  -960.91     
    9034  -855.88     
    9035  -924.29     
    9036  -971.46     
    9037  -714.67     
    9038  -690.23     
    9039  -848.75     
    9040  -853.82     
    9041  -874.24     
    9042  -973.02     
    9043  -863.82     
    9044  -880.75     
    9045  -798.87     
    9046  -790.04     
    9047  -809.53     
    9048  -800.15     
 
  ***** POST1 NODAL DEGREE OF FREEDOM LISTING *****                            
 
  LOAD STEP=     1  SUBSTEP=     1                                             
   TIME=    1.0000      LOAD CASE=   0                                         
 
    NODE       VOLT  
    9049  -815.13     
    9050  -804.41     
    9051  -778.33     
    9052  -750.76     
    9053  -825.77     
    9054  -807.28     
    9055  -811.98     
    9056  -924.93     
    9057  -924.61     
    9058  -972.09     
    9059  -926.54     
    9060  -973.35     
    9061  -805.73     
    9062  -841.57     
    9063  -820.41     
    9064  -851.99     
    9065  -983.30     
    9066  -701.56     
    9067  -670.02     
    9068  -897.76     
    9069  -971.83     
    9070  -826.74     
    9071  -649.94     
    9072  -748.77     
    9073  -781.54     
    9074  -634.04     
    9075  -986.95     
    9076  -622.54     
    9077  -676.59     
    9078  -656.22     
    9079  -680.16     
    9080  -613.60     
    9081  -892.94     
    9082  -914.05     
    9083  -872.72     
    9084  -938.99     
    9085  -722.14     
    9086  -888.03     
    9087  -886.05     
 
  ***** POST1 NODAL DEGREE OF FREEDOM LISTING *****                            
 
  LOAD STEP=     1  SUBSTEP=     1                                             
   TIME=    1.0000      LOAD CASE=   0                                         
 
    NODE       VOLT  
    9088  -640.85     
    9089  -821.36     
    9090  -734.45     
    9091  -776.79     
    9092  -793.07     
    9093  -646.33     
    9094  -922.67     
    9095  -951.50     
    9096  -927.72     
    9097  -934.72     
    9098  -972.39     
    9099  -744.32     
    9100  -749.55     
    9101  -622.04     
    9102  -848.87     
    9103  -851.06     
    9104  -815.71     
    9105  -774.13     
    9106  -628.23     
    9107  -624.65     
    9108  -630.90     
    9109  -613.00     
    9110  -811.48     
    9111  -706.61     
    9112  -730.89     
    9113  -727.38     
    9114  -851.06     
    9115  -933.41     
    9116  -930.89     
    9117  -680.09     
    9118  -637.41     
    9119  -798.56     
    9120  -785.99     
    9121  -775.57     
    9122  -629.71     
    9123  -815.72     
    9124  -828.76     
    9125  -975.98     
    9126  -626.91     
 
  ***** POST1 NODAL DEGREE OF FREEDOM LISTING *****                            
 
  LOAD STEP=     1  SUBSTEP=     1                                             
   TIME=    1.0000      LOAD CASE=   0                                         
 
    NODE       VOLT  
    9127  -627.32     
    9128  -626.78     
    9129  -789.14     
    9130  -786.46     
    9131  -782.51     
    9132  -753.54     
    9133  -773.50     
    9134  -684.72     
    9135  -652.73     
    9136  -646.33     
    9137  -785.96     
    9138  -863.47     
    9139  -864.10     
    9140  -832.17     
    9141  -622.80     
    9142  -620.98     
    9143  -738.94     
    9144  -908.82     
    9145  -737.10     
    9146  -690.34     
    9147  -930.55     
    9148  -948.30     
    9149  -959.35     
    9150  -978.60     
    9151  -967.66     
    9152  -719.84     
    9153  -839.78     
    9154  -840.26     
    9155  -824.37     
    9156  -889.88     
    9157  -903.31     
    9158  -978.36     
    9159  -979.45     
    9160  -952.59     
    9161  -922.07     
    9162  -943.48     
    9163  -648.47     
    9164  -647.70     
    9165  -818.52     
 
  ***** POST1 NODAL DEGREE OF FREEDOM LISTING *****                            
 
  LOAD STEP=     1  SUBSTEP=     1                                             
   TIME=    1.0000      LOAD CASE=   0                                         
 
    NODE       VOLT  
    9166  -820.69     
    9167  -800.35     
    9168  -817.07     
    9169  -640.10     
    9170  -796.66     
    9171  -697.18     
    9172  -764.19     
    9173  -897.02     
    9174  -920.33     
    9175  -872.38     
    9176  -876.84     
    9177  -849.08     
    9178  -898.80     
    9179  -867.29     
    9180  -890.89     
    9181  -894.23     
    9182  -869.94     
    9183  -872.99     
    9184  -870.54     
    9185  -849.55     
    9186  -642.38     
    9187  -665.69     
    9188  -666.32     
    9189  -666.34     
    9190  -689.24     
    9191  -621.80     
    9192  -620.81     
    9193  -619.94     
    9194  -620.71     
    9195  -652.66     
    9196  -842.25     
    9197  -921.11     
    9198  -945.07     
    9199  -920.35     
    9200  -915.07     
    9201  -949.87     
    9202  -944.47     
    9203  -959.16     
    9204  -939.56     
 
  ***** POST1 NODAL DEGREE OF FREEDOM LISTING *****                            
 
  LOAD STEP=     1  SUBSTEP=     1                                             
   TIME=    1.0000      LOAD CASE=   0                                         
 
    NODE       VOLT  
    9205  -962.67     
    9206  -691.99     
    9207  -652.36     
    9208  -772.64     
    9209  -711.71     
    9210  -712.80     
    9211  -928.08     
    9212  -944.93     
    9213  -952.94     
    9214  -952.37     
    9215  -948.16     
    9216  -899.34     
    9217  -883.54     
    9218  -912.17     
    9219  -634.41     
    9220  -894.09     
    9221  -638.95     
    9222  -626.45     
    9223  -647.62     
    9224  -625.86     
    9225  -651.43     
    9226  -626.38     
    9227  -657.69     
    9228  -784.22     
    9229  -677.40     
    9230  -679.02     
    9231  -653.94     
    9232  -624.98     
    9233  -672.84     
    9234  -687.13     
    9235  -626.16     
    9236  -690.17     
    9237  -623.86     
    9238  -656.60     
    9239  -665.42     
    9240  -687.14     
    9241  -715.47     
    9242  -621.58     
    9243  -633.04     
 
  ***** POST1 NODAL DEGREE OF FREEDOM LISTING *****                            
 
  LOAD STEP=     1  SUBSTEP=     1                                             
   TIME=    1.0000      LOAD CASE=   0                                         
 
    NODE       VOLT  
    9244  -652.94     
    9245  -801.02     
    9246  -785.32     
    9247  -863.86     
    9248  -973.53     
    9249  -974.12     
    9250  -817.39     
    9251  -848.85     
    9252  -863.28     
    9253  -835.80     
    9254  -863.79     
    9255  -863.44     
    9256  -824.11     
    9257  -899.31     
    9258  -865.37     
    9259  -741.83     
    9260  -883.56     
    9261  -968.42     
    9262  -800.17     
    9263  -974.85     
    9264  -968.79     
    9265  -680.93     
    9266  -681.97     
    9267  -649.65     
    9268  -651.33     
    9269  -655.05     
    9270  -918.05     
    9271  -952.36     
    9272  -963.31     
    9273  -883.85     
    9274  -671.72     
    9275  -648.82     
    9276  -920.05     
    9277  -942.35     
    9278  -924.16     
    9279  -950.55     
    9280  -948.71     
    9281  -964.16     
    9282  -649.85     
 
  ***** POST1 NODAL DEGREE OF FREEDOM LISTING *****                            
 
  LOAD STEP=     1  SUBSTEP=     1                                             
   TIME=    1.0000      LOAD CASE=   0                                         
 
    NODE       VOLT  
    9283  -920.57     
    9284  -895.50     
    9285  -874.89     
    9286  -951.33     
    9287  -813.98     
    9288  -696.77     
    9289  -922.09     
    9290  -931.10     
    9291  -926.36     
    9292  -897.75     
    9293  -894.76     
    9294  -852.89     
    9295  -721.54     
    9296  -721.09     
    9297  -779.36     
    9298  -652.13     
    9299  -627.03     
    9300  -627.42     
    9301  -731.53     
    9302  -813.69     
    9303  -775.08     
    9304  -689.03     
    9305  -952.93     
    9306  -637.93     
    9307  -683.14     
    9308  -860.26     
    9309  -869.57     
    9310  -798.13     
    9311  -937.60     
    9312  -786.10     
    9313  -789.15     
    9314  -759.63     
    9315  -833.66     
    9316  -848.47     
    9317  -710.35     
    9318  -717.96     
    9319  -692.64     
    9320  -675.00     
    9321  -626.90     
 
  ***** POST1 NODAL DEGREE OF FREEDOM LISTING *****                            
 
  LOAD STEP=     1  SUBSTEP=     1                                             
   TIME=    1.0000      LOAD CASE=   0                                         
 
    NODE       VOLT  
    9322  -730.71     
    9323  -781.13     
    9324  -867.11     
    9325  -824.37     
    9326  -784.12     
    9327  -719.24     
    9328  -979.38     
    9329  -925.26     
    9330  -874.32     
    9331  -974.60     
    9332  -760.88     
    9333  -752.74     
    9334  -761.77     
    9335  -746.69     
    9336  -776.05     
    9337  -777.01     
    9338  -789.30     
    9339  -723.78     
    9340  -729.79     
    9341  -632.83     
    9342  -672.46     
    9343  -879.79     
    9344  -728.24     
    9345  -733.37     
    9346  -946.88     
    9347  -625.62     
    9348  -824.17     
    9349  -848.54     
    9350  -801.28     
    9351  -817.26     
    9352  -801.29     
    9353  -944.44     
    9354  -949.06     
    9355  -652.36     
    9356  -942.39     
    9357  -703.65     
    9358  -705.21     
    9359  -777.12     
    9360  -651.02     
 
  ***** POST1 NODAL DEGREE OF FREEDOM LISTING *****                            
 
  LOAD STEP=     1  SUBSTEP=     1                                             
   TIME=    1.0000      LOAD CASE=   0                                         
 
    NODE       VOLT  
    9361  -753.49     
    9362  -834.15     
    9363  -825.18     
    9364  -661.99     
    9365  -873.02     
    9366  -922.73     
    9367  -882.15     
    9368  -890.11     
    9369  -751.52     
    9370  -767.48     
    9371  -785.43     
    9372  -785.37     
    9373  -786.54     
    9374  -815.33     
    9375  -730.39     
    9376  -819.09     
    9377   0.0000     
    9378   0.0000     
    9379   0.0000     
    9380   0.0000     
    9381   0.0000     
    9382   0.0000     
    9383   0.0000     
    9384   0.0000     
    9385   0.0000     
    9386   0.0000     
    9387   0.0000     
    9388   0.0000     
    9389   0.0000     
    9390  -1000.0     
    9391  -1000.0     
    9392  -1000.0     
    9393  -1000.0     
    9394  -1000.0     
    9395  -1000.0     
    9396  -1000.0     
    9397  -1000.0     
    9398  -1000.0     
    9399  -1000.0     
 
  ***** POST1 NODAL DEGREE OF FREEDOM LISTING *****                            
 
  LOAD STEP=     1  SUBSTEP=     1                                             
   TIME=    1.0000      LOAD CASE=   0                                         
 
    NODE       VOLT  
    9400  -1000.0     
    9401  -1000.0     
    9402  -1000.0     
    9403  -1000.0     
    9404  -1000.0     
    9405  -1000.0     
    9406  -1000.0     
    9407  -1000.0     
    9408  -1000.0     
    9409  -1000.0     
    9410  -1000.0     
    9411  -1000.0     
    9412  -1000.0     
    9413  -1000.0     
    9414  -1000.0     
    9415  -1000.0     
    9416  -1000.0     
    9417  -1000.0     
    9418  -1000.0     
    9419  -1000.0     
    9420  -1000.0     
    9421  -1000.0     
    9422  -1000.0     
    9423  -1000.0     
    9424  -1000.0     
    9425  -1000.0     
    9426  -1000.0     
    9427  -1000.0     
    9428  -1000.0     
    9429  -1000.0     
    9430  -1000.0     
    9431  -1000.0     
    9432  -1000.0     
    9433  -1000.0     
    9434  -1000.0     
    9435  -1000.0     
    9436  -1000.0     
    9437  -1000.0     
    9438  -1000.0     
 
  ***** POST1 NODAL DEGREE OF FREEDOM LISTING *****                            
 
  LOAD STEP=     1  SUBSTEP=     1                                             
   TIME=    1.0000      LOAD CASE=   0                                         
 
    NODE       VOLT  
    9439  -1000.0     
    9440  -1000.0     
    9441  -1000.0     
    9442  -1000.0     
    9443  -1000.0     
    9444  -1000.0     
    9445  -1000.0     
    9446  -1000.0     
    9447  -1000.0     
    9448  -1000.0     
    9449  -1000.0     
    9450  -1000.0     
    9451  -1000.0     
    9452  -1000.0     
    9453  -1000.0     
    9454  -1000.0     
    9455  -1000.0     
    9456  -1000.0     
    9457  -1000.0     
    9458  -1000.0     
    9459  -1000.0     
    9460  -1000.0     
    9461  -1000.0     
    9462  -1000.0     
    9463  -1000.0     
    9464  -1000.0     
    9465  -1000.0     
    9466  -1000.0     
    9467  -1000.0     
    9468  -1000.0     
    9469  -1000.0     
    9470  -1000.0     
    9471  -1000.0     
    9472  -1000.0     
    9473  -1000.0     
    9474  -1000.0     
    9475  -1000.0     
    9476  -1000.0     
    9477  -1000.0     
 
  ***** POST1 NODAL DEGREE OF FREEDOM LISTING *****                            
 
  LOAD STEP=     1  SUBSTEP=     1                                             
   TIME=    1.0000      LOAD CASE=   0                                         
 
    NODE       VOLT  
    9478  -1000.0     
    9479  -1000.0     
    9480  -1000.0     
    9481  -1000.0     
    9482  -1000.0     
    9483  -1000.0     
    9484  -1000.0     
    9485  -1000.0     
    9486  -1000.0     
    9487  -1000.0     
    9488  -1000.0     
    9489  -1000.0     
    9490  -1000.0     
    9491  -1000.0     
    9492  -1000.0     
    9493  -1000.0     
    9494  -1000.0     
    9495  -1000.0     
    9496  -1000.0     
    9497  -1000.0     
    9498  -1000.0     
    9499  -1000.0     
    9500  -1000.0     
    9501  -1000.0     
    9502  -1000.0     
    9503  -1000.0     
    9504  -1000.0     
    9505  -1000.0     
    9506  -1000.0     
    9507  -1000.0     
    9508  -1000.0     
    9509  -1000.0     
    9510  -1000.0     
    9511  -1000.0     
    9512  -1000.0     
    9513  -1000.0     
    9514  -1000.0     
    9515  -1000.0     
    9516  -1000.0     
 
  ***** POST1 NODAL DEGREE OF FREEDOM LISTING *****                            
 
  LOAD STEP=     1  SUBSTEP=     1                                             
   TIME=    1.0000      LOAD CASE=   0                                         
 
    NODE       VOLT  
    9517  -1000.0     
    9518  -1000.0     
    9519  -1000.0     
    9520  -1000.0     
    9521  -1000.0     
    9522  -1000.0     
    9523  -1000.0     
    9524  -1000.0     
    9525  -1000.0     
    9526  -1000.0     
    9527  -1000.0     
    9528  -1000.0     
    9529  -1000.0     
    9530  -1000.0     
    9531  -1000.0     
    9532  -1000.0     
    9533  -1000.0     
    9534  -1000.0     
    9535  -1000.0     
    9536  -1000.0     
    9537  -1000.0     
    9538  -1000.0     
    9539  -1000.0     
    9540  -1000.0     
    9541  -1000.0     
    9542  -1000.0     
    9543  -1000.0     
    9544  -1000.0     
    9545  -1000.0     
    9546  -1000.0     
    9547  -1000.0     
    9548  -1000.0     
    9549  -1000.0     
    9550  -1000.0     
    9551  -1000.0     
    9552  -1000.0     
    9553  -1000.0     
    9554  -1000.0     
    9555  -1000.0     
 
  ***** POST1 NODAL DEGREE OF FREEDOM LISTING *****                            
 
  LOAD STEP=     1  SUBSTEP=     1                                             
   TIME=    1.0000      LOAD CASE=   0                                         
 
    NODE       VOLT  
    9556  -1000.0     
    9557  -1000.0     
    9558  -1000.0     
    9559  -1000.0     
    9560  -1000.0     
    9561  -1000.0     
    9562  -1000.0     
    9563  -1000.0     
    9564  -1000.0     
    9565  -1000.0     
    9566  -1000.0     
    9567  -1000.0     
    9568  -1000.0     
    9569  -1000.0     
    9570  -1000.0     
    9571  -1000.0     
    9572  -1000.0     
    9573  -1000.0     
    9574  -1000.0     
    9575  -1000.0     
    9576  -1000.0     
    9577  -1000.0     
    9578  -1000.0     
    9579  -1000.0     
    9580  -1000.0     
    9581  -1000.0     
    9582  -1000.0     
    9583  -1000.0     
    9584  -1000.0     
    9585  -1000.0     
    9586  -1000.0     
    9587  -1000.0     
    9588  -1000.0     
    9589  -1000.0     
    9590  -1000.0     
    9591  -1000.0     
    9592  -1000.0     
    9593  -1000.0     
    9594  -1000.0     
 
  ***** POST1 NODAL DEGREE OF FREEDOM LISTING *****                            
 
  LOAD STEP=     1  SUBSTEP=     1                                             
   TIME=    1.0000      LOAD CASE=   0                                         
 
    NODE       VOLT  
    9595  -1000.0     
    9596  -1000.0     
    9597  -1000.0     
    9598  -1000.0     
    9599  -1000.0     
    9600  -1000.0     
    9601  -1000.0     
    9602  -1000.0     
    9603  -1000.0     
    9604  -1000.0     
    9605  -1000.0     
    9606  -1000.0     
    9607  -1000.0     
    9608  -1000.0     
    9609  -1000.0     
    9610  -1000.0     
    9611  -1000.0     
    9612  -1000.0     
    9613  -1000.0     
    9614  -1000.0     
    9615  -1000.0     
    9616  -1000.0     
    9617  -1000.0     
    9618  -1000.0     
    9619  -1000.0     
    9620  -1000.0     
    9621  -1000.0     
    9622  -1000.0     
    9623  -1000.0     
    9624  -1000.0     
    9625  -1000.0     
    9626  -1000.0     
    9627  -1000.0     
    9628  -1000.0     
    9629  -1000.0     
    9630  -1000.0     
    9631  -1000.0     
    9632  -1000.0     
    9633  -1000.0     
 
  ***** POST1 NODAL DEGREE OF FREEDOM LISTING *****                            
 
  LOAD STEP=     1  SUBSTEP=     1                                             
   TIME=    1.0000      LOAD CASE=   0                                         
 
    NODE       VOLT  
    9634  -1000.0     
    9635  -1000.0     
    9636  -1000.0     
    9637  -1000.0     
    9638  -1000.0     
    9639  -1000.0     
    9640  -1000.0     
    9641  -1000.0     
    9642  -1000.0     
    9643  -1000.0     
    9644  -1000.0     
    9645  -1000.0     
    9646  -1000.0     
    9647  -1000.0     
    9648  -1000.0     
    9649  -1000.0     
    9650  -1000.0     
    9651  -1000.0     
    9652  -1000.0     
    9653  -1000.0     
    9654  -1000.0     
    9655  -1000.0     
    9656  -1000.0     
    9657  -1000.0     
    9658  -1000.0     
    9659  -1000.0     
    9660  -1000.0     
    9661  -1000.0     
    9662  -1000.0     
    9663  -1000.0     
    9664  -1000.0     
    9665  -1000.0     
    9666  -1000.0     
    9667  -1000.0     
    9668  -1000.0     
    9669  -1000.0     
    9670  -1000.0     
    9671  -1000.0     
    9672  -1000.0     
 
  ***** POST1 NODAL DEGREE OF FREEDOM LISTING *****                            
 
  LOAD STEP=     1  SUBSTEP=     1                                             
   TIME=    1.0000      LOAD CASE=   0                                         
 
    NODE       VOLT  
    9673  -1000.0     
    9674  -1000.0     
    9675  -1000.0     
    9676  -1000.0     
    9677  -1000.0     
    9678  -1000.0     
    9679  -1000.0     
    9680  -1000.0     
    9681  -1000.0     
    9682  -1000.0     
    9683  -1000.0     
    9684  -1000.0     
    9685  -1000.0     
    9686  -1000.0     
    9687  -1000.0     
    9688  -1000.0     
    9689  -1000.0     
    9690  -1000.0     
    9691  -1000.0     
    9692  -1000.0     
    9693  -1000.0     
    9694  -1000.0     
    9695  -1000.0     
    9696  -1000.0     
    9697  -1000.0     
    9698  -1000.0     
    9699  -1000.0     
    9700  -1000.0     
    9701  -1000.0     
    9702  -1000.0     
    9703  -1000.0     
    9704  -1000.0     
    9705  -1000.0     
    9706  -1000.0     
    9707  -1000.0     
    9708  -1000.0     
    9709  -1000.0     
    9710  -1000.0     
    9711  -1000.0     
 
  ***** POST1 NODAL DEGREE OF FREEDOM LISTING *****                            
 
  LOAD STEP=     1  SUBSTEP=     1                                             
   TIME=    1.0000      LOAD CASE=   0                                         
 
    NODE       VOLT  
    9712  -1000.0     
    9713  -1000.0     
    9714  -1000.0     
    9715  -1000.0     
    9716  -1000.0     
    9717  -1000.0     
    9718  -1000.0     
    9719  -1000.0     
    9720  -1000.0     
    9721  -1000.0     
    9722  -1000.0     
    9723  -1000.0     
    9724  -1000.0     
    9725  -1000.0     
    9726  -1000.0     
    9727  -1000.0     
    9728  -1000.0     
    9729  -1000.0     
    9730  -1000.0     
    9731  -1000.0     
    9732  -1000.0     
    9733  -1000.0     
    9734  -1000.0     
    9735  -1000.0     
    9736  -1000.0     
    9737  -1000.0     
    9738  -1000.0     
    9739  -1000.0     
    9740  -1000.0     
    9741  -1000.0     
    9742  -1000.0     
    9743  -1000.0     
    9744  -1000.0     
    9745  -1000.0     
    9746  -1000.0     
    9747  -1000.0     
    9748  -1000.0     
    9749  -1000.0     
    9750  -1000.0     
 
  ***** POST1 NODAL DEGREE OF FREEDOM LISTING *****                            
 
  LOAD STEP=     1  SUBSTEP=     1                                             
   TIME=    1.0000      LOAD CASE=   0                                         
 
    NODE       VOLT  
    9751  -1000.0     
    9752  -1000.0     
    9753  -1000.0     
    9754  -1000.0     
    9755  -1000.0     
    9756  -1000.0     
    9757  -1000.0     
    9758  -1000.0     
    9759  -1000.0     
    9760  -1000.0     
    9761  -1000.0     
    9762  -1000.0     
    9763  -1000.0     
    9764  -1000.0     
    9765  -1000.0     
    9766  -1000.0     
    9767  -1000.0     
    9768  -1000.0     
    9769  -1000.0     
    9770  -1000.0     
    9771  -1000.0     
    9772  -1000.0     
    9773  -1000.0     
    9774  -1000.0     
    9775  -1000.0     
    9776  -1000.0     
    9777  -1000.0     
    9778  -1000.0     
    9779  -1000.0     
    9780  -1000.0     
    9781  -1000.0     
    9782  -1000.0     
    9783  -1000.0     
    9784  -1000.0     
    9785  -1000.0     
    9786  -1000.0     
    9787  -1000.0     
    9788  -1000.0     
    9789  -1000.0     
 
  ***** POST1 NODAL DEGREE OF FREEDOM LISTING *****                            
 
  LOAD STEP=     1  SUBSTEP=     1                                             
   TIME=    1.0000      LOAD CASE=   0                                         
 
    NODE       VOLT  
    9790  -1000.0     
    9791  -1000.0     
    9792  -1000.0     
    9793  -1000.0     
    9794  -1000.0     
    9795  -1000.0     
    9796  -1000.0     
    9797  -1000.0     
    9798  -1000.0     
    9799  -1000.0     
    9800  -1000.0     
    9801  -1000.0     
    9802  -1000.0     
    9803  -1000.0     
    9804  -1000.0     
    9805  -1000.0     
    9806  -1000.0     
    9807  -1000.0     
    9808  -1000.0     
    9809  -1000.0     
    9810  -1000.0     
    9811  -1000.0     
    9812  -1000.0     
    9813  -1000.0     
    9814  -1000.0     
    9815  -1000.0     
    9816  -1000.0     
    9817  -1000.0     
    9818  -1000.0     
    9819  -1000.0     
    9820  -1000.0     
    9821  -1000.0     
    9822  -1000.0     
    9823  -1000.0     
    9824  -1000.0     
    9825  -1000.0     
    9826  -1000.0     
    9827  -1000.0     
    9828  -1000.0     
 
  ***** POST1 NODAL DEGREE OF FREEDOM LISTING *****                            
 
  LOAD STEP=     1  SUBSTEP=     1                                             
   TIME=    1.0000      LOAD CASE=   0                                         
 
    NODE       VOLT  
    9829  -1000.0     
    9830  -1000.0     
    9831  -1000.0     
    9832  -1000.0     
    9833  -1000.0     
    9834  -1000.0     
    9835  -1000.0     
    9836  -1000.0     
    9837  -1000.0     
    9838  -1000.0     
    9839  -1000.0     
    9840  -1000.0     
    9841  -1000.0     
    9842  -1000.0     
    9843  -1000.0     
    9844  -1000.0     
    9845  -1000.0     
    9846  -1000.0     
    9847  -1000.0     
    9848  -1000.0     
    9849  -1000.0     
    9850  -1000.0     
    9851  -1000.0     
    9852  -1000.0     
    9853  -1000.0     
    9854  -1000.0     
    9855  -1000.0     
    9856  -1000.0     
    9857  -1000.0     
    9858  -1000.0     
    9859  -1000.0     
    9860  -1000.0     
    9861  -1000.0     
    9862  -1000.0     
    9863  -1000.0     
    9864  -1000.0     
    9865  -1000.0     
    9866  -1000.0     
    9867  -1000.0     
 
  ***** POST1 NODAL DEGREE OF FREEDOM LISTING *****                            
 
  LOAD STEP=     1  SUBSTEP=     1                                             
   TIME=    1.0000      LOAD CASE=   0                                         
 
    NODE       VOLT  
    9868  -1000.0     
    9869  -1000.0     
    9870  -1000.0     
    9871  -1000.0     
    9872  -1000.0     
    9873  -1000.0     
    9874  -1000.0     
    9875  -1000.0     
    9876  -1000.0     
    9877  -1000.0     
    9878  -1000.0     
    9879  -1000.0     
    9880  -1000.0     
    9881  -1000.0     
    9882  -1000.0     
    9883  -1000.0     
    9884  -1000.0     
    9885  -1000.0     
    9886  -1000.0     
    9887  -1000.0     
    9888  -1000.0     
    9889  -1000.0     
    9890  -1000.0     
    9891  -1000.0     
    9892  -1000.0     
    9893  -1000.0     
    9894  -1000.0     
    9895  -1000.0     
    9896  -1000.0     
    9897  -1000.0     
    9898  -1000.0     
    9899  -1000.0     
    9900  -1000.0     
    9901  -1000.0     
    9902  -1000.0     
    9903  -1000.0     
    9904  -1000.0     
    9905  -1000.0     
    9906  -1000.0     
 
  ***** POST1 NODAL DEGREE OF FREEDOM LISTING *****                            
 
  LOAD STEP=     1  SUBSTEP=     1                                             
   TIME=    1.0000      LOAD CASE=   0                                         
 
    NODE       VOLT  
    9907  -1000.0     
    9908  -1000.0     
    9909  -1000.0     
    9910  -1000.0     
    9911  -1000.0     
    9912  -1000.0     
    9913  -1000.0     
    9914  -1000.0     
    9915  -1000.0     
    9916  -1000.0     
    9917  -1000.0     
    9918  -1000.0     
    9919  -1000.0     
    9920  -1000.0     
    9921  -1000.0     
    9922  -1000.0     
    9923  -1000.0     
    9924  -1000.0     
    9925  -1000.0     
    9926  -1000.0     
    9927  -1000.0     
    9928  -1000.0     
    9929  -1000.0     
    9930  -1000.0     
    9931  -1000.0     
    9932  -1000.0     
    9933  -1000.0     
    9934  -1000.0     
    9935  -1000.0     
    9936  -1000.0     
    9937  -1000.0     
    9938  -1000.0     
    9939  -1000.0     
    9940  -1000.0     
    9941  -1000.0     
    9942  -1000.0     
    9943  -1000.0     
    9944  -1000.0     
    9945  -1000.0     
 
  ***** POST1 NODAL DEGREE OF FREEDOM LISTING *****                            
 
  LOAD STEP=     1  SUBSTEP=     1                                             
   TIME=    1.0000      LOAD CASE=   0                                         
 
    NODE       VOLT  
    9946  -1000.0     
    9947  -1000.0     
    9948  -1000.0     
    9949  -1000.0     
    9950  -1000.0     
    9951  -1000.0     
    9952  -1000.0     
    9953  -1000.0     
    9954  -1000.0     
    9955  -1000.0     
    9956  -1000.0     
    9957  -1000.0     
    9958  -1000.0     
    9959  -1000.0     
    9960  -1000.0     
    9961  -1000.0     
    9962  -1000.0     
    9963  -1000.0     
    9964  -1000.0     
    9965  -1000.0     
    9966  -1000.0     
    9967  -1000.0     
    9968  -1000.0     
    9969  -1000.0     
    9970  -1000.0     
    9971  -600.00     
    9972  -600.00     
    9973  -600.00     
    9974  -600.00     
    9975  -600.00     
    9976  -600.00     
    9977  -600.00     
    9978  -600.00     
    9979  -600.00     
    9980  -600.00     
    9981  -600.00     
    9982  -600.00     
    9983  -600.00     
    9984  -600.00     
 
  ***** POST1 NODAL DEGREE OF FREEDOM LISTING *****                            
 
  LOAD STEP=     1  SUBSTEP=     1                                             
   TIME=    1.0000      LOAD CASE=   0                                         
 
    NODE       VOLT  
    9985  -600.00     
    9986  -600.00     
    9987  -600.00     
    9988  -600.00     
    9989  -600.00     
    9990  -600.00     
    9991  -600.00     
    9992  -600.00     
    9993  -600.00     
    9994  -600.00     
    9995  -600.00     
    9996  -600.00     
    9997  -600.00     
    9998  -600.00     
    9999  -600.00     
   10000  -600.00     
   10001  -600.00     
   10002  -600.00     
   10003  -600.00     
   10004  -600.00     
   10005  -600.00     
   10006  -600.00     
   10007  -600.00     
   10008  -600.00     
   10009  -600.00     
   10010  -600.00     
   10011  -600.00     
   10012  -600.00     
   10013  -600.00     
   10014  -600.00     
   10015  -600.00     
   10016  -600.00     
   10017  -600.00     
   10018  -600.00     
   10019  -600.00     
   10020  -600.00     
   10021  -600.00     
   10022  -600.00     
   10023  -600.00     
 
  ***** POST1 NODAL DEGREE OF FREEDOM LISTING *****                            
 
  LOAD STEP=     1  SUBSTEP=     1                                             
   TIME=    1.0000      LOAD CASE=   0                                         
 
    NODE       VOLT  
   10024  -600.00     
   10025  -600.00     
   10026  -600.00     
   10027  -600.00     
   10028  -600.00     
   10029  -600.00     
   10030  -600.00     
   10031  -600.00     
   10032  -600.00     
   10033  -600.00     
   10034  -600.00     
   10035  -600.00     
   10036  -600.00     
   10037  -600.00     
   10038  -600.00     
   10039  -600.00     
   10040  -600.00     
   10041  -600.00     
   10042  -600.00     
   10043  -600.00     
   10044  -600.00     
   10045  -600.00     
   10046  -600.00     
   10047  -600.00     
   10048  -600.00     
   10049  -600.00     
   10050  -600.00     
   10051  -600.00     
   10052  -600.00     
   10053  -600.00     
   10054  -600.00     
   10055  -600.00     
   10056  -600.00     
   10057  -600.00     
   10058  -600.00     
   10059  -600.00     
   10060  -600.00     
   10061  -600.00     
   10062  -600.00     
 
  ***** POST1 NODAL DEGREE OF FREEDOM LISTING *****                            
 
  LOAD STEP=     1  SUBSTEP=     1                                             
   TIME=    1.0000      LOAD CASE=   0                                         
 
    NODE       VOLT  
   10063  -600.00     
   10064  -600.00     
   10065  -600.00     
   10066  -600.00     
   10067  -600.00     
   10068  -600.00     
   10069  -600.00     
   10070  -600.00     
   10071  -600.00     
   10072  -600.00     
   10073  -600.00     
   10074  -600.00     
   10075  -600.00     
   10076  -600.00     
   10077  -600.00     
   10078  -600.00     
   10079  -600.00     
   10080  -600.00     
   10081  -600.00     
   10082  -600.00     
   10083  -600.00     
   10084  -600.00     
   10085  -600.00     
   10086  -600.00     
   10087  -600.00     
   10088  -600.00     
   10089  -600.00     
   10090  -600.00     
   10091  -600.00     
   10092  -600.00     
   10093  -600.00     
   10094  -600.00     
   10095  -600.00     
   10096  -600.00     
   10097  -600.00     
   10098  -600.00     
   10099  -600.00     
   10100  -600.00     
   10101  -600.00     
 
  ***** POST1 NODAL DEGREE OF FREEDOM LISTING *****                            
 
  LOAD STEP=     1  SUBSTEP=     1                                             
   TIME=    1.0000      LOAD CASE=   0                                         
 
    NODE       VOLT  
   10102  -600.00     
   10103  -600.00     
   10104  -600.00     
   10105  -600.00     
   10106  -600.00     
   10107  -600.00     
   10108  -600.00     
   10109  -600.00     
   10110  -600.00     
   10111  -600.00     
   10112  -600.00     
   10113  -600.00     
   10114  -600.00     
   10115  -600.00     
   10116  -600.00     
   10117  -600.00     
   10118  -600.00     
   10119  -600.00     
   10120  -600.00     
   10121  -600.00     
   10122  -600.00     
   10123  -600.00     
   10124  -600.00     
   10125  -600.00     
   10126  -600.00     
   10127  -600.00     
   10128  -600.00     
   10129  -600.00     
   10130  -600.00     
   10131  -600.00     
   10132  -600.00     
   10133  -600.00     
   10134  -600.00     
   10135  -600.00     
   10136  -600.00     
   10137  -600.00     
   10138  -600.00     
   10139  -600.00     
   10140  -600.00     
 
  ***** POST1 NODAL DEGREE OF FREEDOM LISTING *****                            
 
  LOAD STEP=     1  SUBSTEP=     1                                             
   TIME=    1.0000      LOAD CASE=   0                                         
 
    NODE       VOLT  
   10141  -600.00     
   10142  -600.00     
   10143  -600.00     
   10144  -600.00     
   10145  -600.00     
   10146  -600.00     
   10147  -600.00     
   10148  -600.00     
   10149  -600.00     
   10150  -600.00     
   10151  -600.00     
   10152  -600.00     
   10153  -600.00     
   10154  -600.00     
   10155  -600.00     
   10156  -600.00     
   10157  -600.00     
   10158  -600.00     
   10159  -600.00     
   10160  -600.00     
   10161  -600.00     
   10162  -600.00     
   10163  -600.00     
   10164  -600.00     
   10165  -600.00     
   10166  -600.00     
   10167  -600.00     
   10168  -600.00     
   10169  -600.00     
   10170  -600.00     
   10171  -600.00     
   10172  -600.00     
   10173  -600.00     
   10174  -600.00     
   10175  -600.00     
   10176  -600.00     
   10177  -600.00     
   10178  -600.00     
   10179  -600.00     
 
  ***** POST1 NODAL DEGREE OF FREEDOM LISTING *****                            
 
  LOAD STEP=     1  SUBSTEP=     1                                             
   TIME=    1.0000      LOAD CASE=   0                                         
 
    NODE       VOLT  
   10180  -600.00     
   10181  -600.00     
   10182  -600.00     
   10183  -600.00     
   10184  -600.00     
   10185  -600.00     
   10186  -600.00     
   10187  -600.00     
   10188  -600.00     
   10189  -600.00     
   10190  -600.00     
   10191  -600.00     
   10192  -600.00     
   10193  -600.00     
   10194  -600.00     
   10195  -600.00     
   10196  -600.00     
   10197  -600.00     
   10198  -600.00     
   10199  -600.00     
   10200  -600.00     
   10201  -600.00     
   10202  -600.00     
   10203  -600.00     
   10204  -600.00     
   10205  -600.00     
   10206  -600.00     
   10207  -600.00     
   10208  -600.00     
   10209  -600.00     
   10210  -600.00     
   10211  -600.00     
   10212  -600.00     
   10213  -600.00     
   10214  -600.00     
   10215  -600.00     
   10216  -600.00     
   10217  -600.00     
   10218  -600.00     
 
  ***** POST1 NODAL DEGREE OF FREEDOM LISTING *****                            
 
  LOAD STEP=     1  SUBSTEP=     1                                             
   TIME=    1.0000      LOAD CASE=   0                                         
 
    NODE       VOLT  
   10219  -600.00     
   10220  -600.00     
   10221  -600.00     
   10222  -600.00     
   10223  -600.00     
   10224  -600.00     
   10225  -600.00     
   10226  -600.00     
   10227  -600.00     
   10228  -600.00     
   10229  -600.00     
   10230  -600.00     
   10231  -600.00     
   10232  -600.00     
   10233  -600.00     
   10234  -600.00     
   10235  -600.00     
   10236  -600.00     
   10237  -600.00     
   10238  -600.00     
   10239  -600.00     
   10240  -600.00     
   10241  -600.00     
   10242  -600.00     
   10243  -600.00     
   10244  -600.00     
   10245  -600.00     
   10246  -600.00     
   10247  -600.00     
   10248  -600.00     
   10249  -600.00     
   10250  -600.00     
   10251  -600.00     
   10252  -600.00     
   10253  -600.00     
   10254  -600.00     
   10255  -600.00     
   10256  -600.00     
   10257  -600.00     
 
  ***** POST1 NODAL DEGREE OF FREEDOM LISTING *****                            
 
  LOAD STEP=     1  SUBSTEP=     1                                             
   TIME=    1.0000      LOAD CASE=   0                                         
 
    NODE       VOLT  
   10258  -600.00     
   10259  -600.00     
   10260  -600.00     
   10261  -600.00     
   10262  -600.00     
   10263  -600.00     
   10264  -600.00     
   10265  -600.00     
   10266  -600.00     
   10267  -600.00     
   10268  -600.00     
   10269  -600.00     
   10270  -600.00     
   10271  -600.00     
   10272  -600.00     
   10273  -600.00     
   10274  -600.00     
   10275  -600.00     
   10276  -600.00     
   10277  -600.00     
   10278  -600.00     
   10279  -600.00     
   10280  -600.00     
   10281  -600.00     
   10282  -600.00     
   10283  -600.00     
   10284  -600.00     
   10285  -600.00     
   10286  -600.00     
   10287  -600.00     
   10288  -600.00     
   10289  -600.00     
   10290  -600.00     
   10291  -600.00     
   10292  -600.00     
   10293  -600.00     
   10294  -600.00     
   10295  -600.00     
   10296  -600.00     
 
  ***** POST1 NODAL DEGREE OF FREEDOM LISTING *****                            
 
  LOAD STEP=     1  SUBSTEP=     1                                             
   TIME=    1.0000      LOAD CASE=   0                                         
 
    NODE       VOLT  
   10297  -600.00     
   10298  -600.00     
   10299  -600.00     
   10300  -600.00     
   10301  -600.00     
   10302  -600.00     
   10303  -600.00     
   10304  -600.00     
   10305  -600.00     
   10306  -600.00     
   10307  -600.00     
   10308  -600.00     
   10309  -600.00     
   10310  -600.00     
   10311  -600.00     
   10312  -600.00     
   10313  -600.00     
   10314  -600.00     
   10315  -600.00     
   10316  -600.00     
   10317  -600.00     
   10318  -600.00     
   10319  -600.00     
   10320  -600.00     
   10321  -600.00     
   10322  -600.00     
   10323  -600.00     
   10324  -600.00     
   10325  -600.00     
   10326  -600.00     
   10327  -600.00     
   10328  -600.00     
   10329  -600.00     
   10330  -600.00     
   10331  -600.00     
   10332  -600.00     
   10333  -600.00     
   10334  -600.00     
   10335  -600.00     
 
  ***** POST1 NODAL DEGREE OF FREEDOM LISTING *****                            
 
  LOAD STEP=     1  SUBSTEP=     1                                             
   TIME=    1.0000      LOAD CASE=   0                                         
 
    NODE       VOLT  
   10336  -600.00     
   10337  -600.00     
   10338  -600.00     
   10339  -600.00     
   10340  -600.00     
   10341  -600.00     
   10342  -600.00     
   10343  -600.00     
   10344  -600.00     
   10345  -600.00     
   10346  -600.00     
   10347  -600.00     
   10348  -600.00     
   10349  -600.00     
   10350  -600.00     
   10351  -600.00     
   10352  -600.00     
   10353  -600.00     
   10354  -600.00     
   10355  -600.00     
   10356  -600.00     
   10357  -600.00     
   10358  -600.00     
   10359  -600.00     
   10360  -600.00     
   10361  -600.00     
   10362  -600.00     
   10363  -600.00     
   10364  -600.00     
   10365  -600.00     
   10366  -600.00     
   10367  -600.00     
   10368  -600.00     
   10369  -600.00     
   10370  -600.00     
   10371  -600.00     
   10372  -600.00     
   10373  -600.00     
   10374  -600.00     
 
  ***** POST1 NODAL DEGREE OF FREEDOM LISTING *****                            
 
  LOAD STEP=     1  SUBSTEP=     1                                             
   TIME=    1.0000      LOAD CASE=   0                                         
 
    NODE       VOLT  
   10375  -600.00     
   10376  -600.00     
   10377  -600.00     
   10378  -600.00     
   10379  -600.00     
   10380  -600.00     
   10381  -600.00     
   10382  -600.00     
   10383  -600.00     
   10384  -600.00     
   10385  -600.00     
   10386  -600.00     
   10387  -600.00     
   10388  -600.00     
   10389  -600.00     
   10390  -600.00     
   10391  -600.00     
   10392  -600.00     
   10393  -600.00     
   10394  -600.00     
   10395  -600.00     
   10396  -600.00     
   10397  -600.00     
   10398  -600.00     
   10399  -600.00     
   10400  -600.00     
   10401  -600.00     
   10402  -600.00     
   10403  -600.00     
   10404  -600.00     
   10405  -600.00     
   10406  -600.00     
   10407  -600.00     
   10408  -600.00     
   10409  -600.00     
   10410  -600.00     
   10411  -600.00     
   10412  -600.00     
   10413  -600.00     
 
  ***** POST1 NODAL DEGREE OF FREEDOM LISTING *****                            
 
  LOAD STEP=     1  SUBSTEP=     1                                             
   TIME=    1.0000      LOAD CASE=   0                                         
 
    NODE       VOLT  
   10414  -600.00     
   10415  -600.00     
   10416  -600.00     
   10417  -600.00     
   10418  -600.00     
   10419  -600.00     
   10420  -600.00     
   10421  -600.00     
   10422  -600.00     
   10423  -600.00     
   10424  -600.00     
   10425  -600.00     
   10426  -600.00     
   10427  -600.00     
   10428  -600.00     
   10429  -600.00     
   10430  -600.00     
   10431  -600.00     
   10432  -600.00     
   10433  -600.00     
   10434  -600.00     
   10435  -600.00     
   10436  -600.00     
   10437  -600.00     
   10438  -600.00     
   10439  -600.00     
   10440  -600.00     
   10441  -600.00     
   10442  -600.00     
   10443  -600.00     
   10444  -600.00     
   10445  -600.00     
   10446  -600.00     
   10447  -600.00     
   10448  -600.00     
   10449  -600.00     
   10450  -600.00     
   10451  -600.00     
   10452  -600.00     
 
  ***** POST1 NODAL DEGREE OF FREEDOM LISTING *****                            
 
  LOAD STEP=     1  SUBSTEP=     1                                             
   TIME=    1.0000      LOAD CASE=   0                                         
 
    NODE       VOLT  
   10453  -600.00     
   10454  -600.00     
   10455  -600.00     
   10456  -600.00     
   10457  -600.00     
   10458  -600.00     
   10459  -600.00     
   10460  -600.00     
   10461  -600.00     
   10462  -600.00     
   10463  -600.00     
   10464  -600.00     
   10465  -600.00     
   10466  -600.00     
   10467  -600.00     
   10468  -600.00     
   10469  -600.00     
   10470  -600.00     
   10471  -600.00     
   10472  -600.00     
   10473  -600.00     
   10474  -600.00     
   10475  -600.00     
   10476  -600.00     
   10477  -600.00     
   10478  -600.00     
   10479  -600.00     
   10480  -600.00     
   10481  -600.00     
   10482  -600.00     
   10483  -600.00     
   10484  -600.00     
   10485  -600.00     
   10486  -600.00     
   10487  -600.00     
   10488  -600.00     
   10489  -600.00     
   10490  -600.00     
   10491  -600.00     
 
  ***** POST1 NODAL DEGREE OF FREEDOM LISTING *****                            
 
  LOAD STEP=     1  SUBSTEP=     1                                             
   TIME=    1.0000      LOAD CASE=   0                                         
 
    NODE       VOLT  
   10492  -600.00     
   10493  -600.00     
   10494  -600.00     
   10495  -600.00     
   10496  -600.00     
   10497  -600.00     
   10498  -600.00     
   10499  -600.00     
   10500  -600.00     
   10501  -600.00     
   10502  -600.00     
   10503  -600.00     
   10504  -600.00     
   10505  -600.00     
   10506  -600.00     
   10507  -600.00     
   10508  -600.00     
   10509  -600.00     
   10510  -600.00     
   10511  -600.00     
   10512  -600.00     
   10513  -600.00     
   10514  -600.00     
   10515  -600.00     
   10516  -600.00     
   10517  -600.00     
   10518  -600.00     
   10519  -600.00     
   10520  -600.00     
   10521  -600.00     
   10522  -600.00     
   10523  -600.00     
   10524  -600.00     
   10525  -600.00     
   10526  -600.00     
   10527  -600.00     
   10528  -600.00     
   10529  -600.00     
   10530  -600.00     
 
  ***** POST1 NODAL DEGREE OF FREEDOM LISTING *****                            
 
  LOAD STEP=     1  SUBSTEP=     1                                             
   TIME=    1.0000      LOAD CASE=   0                                         
 
    NODE       VOLT  
   10531  -600.00     
   10532  -600.00     
   10533  -600.00     
   10534  -600.00     
   10535  -600.00     
   10536  -600.00     
   10537  -600.00     
   10538  -600.00     
   10539  -600.00     
   10540  -600.00     
   10541  -600.00     
   10542  -600.00     
   10543  -600.00     
   10544  -600.00     
   10545  -600.00     
   10546  -600.00     
   10547  -600.00     
   10548  -600.00     
   10549  -600.00     
   10550  -600.00     
   10551  -600.00     
   10552  -600.00     
   10553  -600.00     
   10554  -600.00     
   10555  -600.00     
   10556  -600.00     
   10557  -600.00     
   10558  -600.00     
   10559  -600.00     
   10560  -2350.0     
   10561  -2350.0     
   10562  -2350.0     
   10563  -2350.0     
   10564  -2350.0     
   10565  -2350.0     
   10566  -2350.0     
   10567  -2350.0     
   10568  -2350.0     
   10569  -2350.0     
 
  ***** POST1 NODAL DEGREE OF FREEDOM LISTING *****                            
 
  LOAD STEP=     1  SUBSTEP=     1                                             
   TIME=    1.0000      LOAD CASE=   0                                         
 
    NODE       VOLT  
   10570  -2350.0     
   10571  -2350.0     
   10572  -2350.0     
   10573  -36.977     
   10574  -595.58     
   10575  -992.07     
   10576  -988.18     
   10577  -669.31     
   10578  -994.03     
   10579  -997.48     
   10580  -995.55     
   10581  -623.39     
   10582  -980.23     
   10583  -999.13     
   10584  -600.19     
   10585  -764.85     
   10586  -835.78     
   10587  -2346.0     
   10588  -2346.0     
   10589  -2348.7     
   10590  -2348.7     
   10591  -16.313     
   10592  -5.4377     
   10593  -16.313     
   10594  -5.4377     
   10595  -2331.2     
   10596  -2327.5     
   10597  -2323.8     
   10598  -2320.1     
   10599  -2316.3     
   10600  -2312.6     
   10601  -2308.9     
   10602  -2305.2     
   10603  -2301.5     
   10604  -2297.8     
   10605  -2294.0     
   10606  -2290.3     
   10607  -2286.6     
   10608  -2282.9     
 
  ***** POST1 NODAL DEGREE OF FREEDOM LISTING *****                            
 
  LOAD STEP=     1  SUBSTEP=     1                                             
   TIME=    1.0000      LOAD CASE=   0                                         
 
    NODE       VOLT  
   10609  -2279.2     
   10610  -2275.5     
   10611  -2271.8     
   10612  -2268.0     
   10613  -2264.3     
   10614  -2260.6     
   10615  -2256.9     
   10616  -2253.2     
   10617  -2249.5     
   10618  -2245.8     
   10619  -2242.0     
   10620  -2238.3     
   10621  -2234.6     
   10622  -2230.9     
   10623  -2227.2     
   10624  -2223.5     
   10625  -2219.7     
   10626  -2216.0     
   10627  -2212.3     
   10628  -2208.6     
   10629  -2204.9     
   10630  -2201.2     
   10631  -2197.5     
   10632  -2193.7     
   10633  -2190.0     
   10634  -2186.3     
   10635  -2182.6     
   10636  -2178.9     
   10637  -2175.2     
   10638  -2171.4     
   10639  -2167.7     
   10640  -2164.0     
   10641  -2160.3     
   10642  -2156.6     
   10643  -2152.9     
   10644  -2149.2     
   10645  -2145.4     
   10646  -2141.7     
   10647  -2138.0     
 
  ***** POST1 NODAL DEGREE OF FREEDOM LISTING *****                            
 
  LOAD STEP=     1  SUBSTEP=     1                                             
   TIME=    1.0000      LOAD CASE=   0                                         
 
    NODE       VOLT  
   10648  -2134.3     
   10649  -2130.6     
   10650  -2126.9     
   10651  -2123.1     
   10652  -2119.4     
   10653  -2115.7     
   10654  -2112.0     
   10655  -2108.3     
   10656  -2104.6     
   10657  -2100.9     
   10658  -2097.1     
   10659  -2093.4     
   10660  -2089.7     
   10661  -2086.0     
   10662  -2082.3     
   10663  -2078.6     
   10664  -2074.8     
   10665  -2071.1     
   10666  -2067.4     
   10667  -2063.7     
   10668  -2060.0     
   10669  -2056.3     
   10670  -2052.6     
   10671  -2048.8     
   10672  -2045.1     
   10673  -2041.4     
   10674  -2037.7     
   10675  -2034.0     
   10676  -2030.3     
   10677  -2026.5     
   10678  -2022.8     
   10679  -2019.1     
   10680  -2015.4     
   10681  -2011.7     
   10682  -2008.0     
   10683  -2004.3     
   10684  -2000.5     
   10685  -1996.8     
   10686  -1993.1     
 
  ***** POST1 NODAL DEGREE OF FREEDOM LISTING *****                            
 
  LOAD STEP=     1  SUBSTEP=     1                                             
   TIME=    1.0000      LOAD CASE=   0                                         
 
    NODE       VOLT  
   10687  -1989.4     
   10688  -1985.7     
   10689  -1982.0     
   10690  -1978.2     
   10691  -1974.5     
   10692  -1970.8     
   10693  -1967.1     
   10694  -1963.4     
   10695  -1959.7     
   10696  -1956.0     
   10697  -1952.2     
   10698  -1948.5     
   10699  -1944.8     
   10700  -1941.1     
   10701  -1937.4     
   10702  -1933.7     
   10703  -1929.9     
   10704  -1926.2     
   10705  -1922.5     
   10706  -1918.8     
   10707  -1915.1     
   10708  -1911.4     
   10709  -1907.7     
   10710  -1903.9     
   10711  -1900.2     
   10712  -1896.5     
   10713  -1892.8     
   10714  -1889.1     
   10715  -1885.4     
   10716  -1881.6     
   10717  -1877.9     
   10718  -1874.2     
   10719  -1870.5     
   10720  -1866.8     
   10721  -1863.1     
   10722  -1859.4     
   10723  -1855.6     
   10724  -1851.9     
   10725  -1848.2     
 
  ***** POST1 NODAL DEGREE OF FREEDOM LISTING *****                            
 
  LOAD STEP=     1  SUBSTEP=     1                                             
   TIME=    1.0000      LOAD CASE=   0                                         
 
    NODE       VOLT  
   10726  -1844.5     
   10727  -1840.8     
   10728  -1837.1     
   10729  -1833.3     
   10730  -1829.6     
   10731  -1825.9     
   10732  -1822.2     
   10733  -1818.5     
   10734  -1814.8     
   10735  -1811.1     
   10736  -1807.3     
   10737  -1803.6     
   10738  -1799.9     
   10739  -1796.2     
   10740  -1792.5     
   10741  -1788.8     
   10742  -1785.0     
   10743  -1781.3     
   10744  -1777.6     
   10745  -1773.9     
   10746  -1770.2     
   10747  -1766.5     
   10748  -1762.8     
   10749  -1759.0     
   10750  -1755.3     
   10751  -1751.6     
   10752  -1747.9     
   10753  -1744.2     
   10754  -1740.5     
   10755  -1736.7     
   10756  -1733.0     
   10757  -1729.3     
   10758  -1725.6     
   10759  -1721.9     
   10760  -1718.2     
   10761  -1714.5     
   10762  -1710.7     
   10763  -1707.0     
   10764  -1703.3     
 
  ***** POST1 NODAL DEGREE OF FREEDOM LISTING *****                            
 
  LOAD STEP=     1  SUBSTEP=     1                                             
   TIME=    1.0000      LOAD CASE=   0                                         
 
    NODE       VOLT  
   10765  -1699.6     
   10766  -1695.9     
   10767  -1692.2     
   10768  -1688.4     
   10769  -1684.7     
   10770  -1681.0     
   10771  -1677.3     
   10772  -1673.6     
   10773  -1669.9     
   10774  -1666.2     
   10775  -1662.4     
   10776  -1658.7     
   10777  -1655.0     
   10778  -1651.3     
   10779  -1647.6     
   10780  -1643.9     
   10781  -1640.1     
   10782  -1636.4     
   10783  -1632.7     
   10784  -1629.0     
   10785  -1625.3     
   10786  -1621.6     
   10787  -1617.9     
   10788  -1614.1     
   10789  -1610.4     
   10790  -1606.7     
   10791  -1603.0     
   10792  -1599.3     
   10793  -1595.6     
   10794  -1591.8     
   10795  -1588.1     
   10796  -1584.4     
   10797  -1580.7     
   10798  -1577.0     
   10799  -1573.3     
   10800  -1569.6     
   10801  -1565.8     
   10802  -1562.1     
   10803  -1558.4     
 
  ***** POST1 NODAL DEGREE OF FREEDOM LISTING *****                            
 
  LOAD STEP=     1  SUBSTEP=     1                                             
   TIME=    1.0000      LOAD CASE=   0                                         
 
    NODE       VOLT  
   10804  -1554.7     
   10805  -1551.0     
   10806  -1547.3     
   10807  -1543.5     
   10808  -1539.8     
   10809  -1536.1     
   10810  -1532.4     
   10811  -1528.7     
   10812  -1525.0     
   10813  -1521.3     
   10814  -1517.5     
   10815  -1513.8     
   10816  -1510.1     
   10817  -1506.4     
   10818  -1502.7     
   10819  -1499.0     
   10820  -1495.2     
   10821  -1491.5     
   10822  -1487.8     
   10823  -1484.1     
   10824  -1480.4     
   10825  -1476.7     
   10826  -1473.0     
   10827  -1469.2     
   10828  -1465.5     
   10829  -1461.8     
   10830  -1458.1     
   10831  -1454.4     
   10832  -1450.7     
   10833  -1446.9     
   10834  -1443.2     
   10835  -1439.5     
   10836  -1435.8     
   10837  -1432.1     
   10838  -1428.4     
   10839  -1424.7     
   10840  -1420.9     
   10841  -1417.2     
   10842  -1413.5     
 
  ***** POST1 NODAL DEGREE OF FREEDOM LISTING *****                            
 
  LOAD STEP=     1  SUBSTEP=     1                                             
   TIME=    1.0000      LOAD CASE=   0                                         
 
    NODE       VOLT  
   10843  -1409.8     
   10844  -1406.1     
   10845  -1402.4     
   10846  -1398.7     
   10847  -1394.9     
   10848  -1391.2     
   10849  -1387.5     
   10850  -1383.8     
   10851  -1380.1     
   10852  -1376.4     
   10853  -1372.6     
   10854  -1368.9     
   10855  -1365.2     
   10856  -1361.5     
   10857  -1357.8     
   10858  -1354.1     
   10859  -1350.4     
   10860  -1346.6     
   10861  -1342.9     
   10862  -1339.2     
   10863  -1335.5     
   10864  -1331.8     
   10865  -1328.1     
   10866  -1324.3     
   10867  -1320.6     
   10868  -1316.9     
   10869  -1313.2     
   10870  -1309.5     
   10871  -1305.8     
   10872  -1302.1     
   10873  -1298.3     
   10874  -1294.6     
   10875  -1290.9     
   10876  -1287.2     
   10877  -1283.5     
   10878  -1279.8     
   10879  -1276.0     
   10880  -1272.3     
   10881  -1268.6     
 
  ***** POST1 NODAL DEGREE OF FREEDOM LISTING *****                            
 
  LOAD STEP=     1  SUBSTEP=     1                                             
   TIME=    1.0000      LOAD CASE=   0                                         
 
    NODE       VOLT  
   10882  -1264.9     
   10883  -1261.2     
   10884  -1257.5     
   10885  -1253.8     
   10886  -1250.0     
   10887  -1246.3     
   10888  -1242.6     
   10889  -1238.9     
   10890  -1235.2     
   10891  -1231.5     
   10892  -1227.7     
   10893  -1224.0     
   10894  -1220.3     
   10895  -1216.6     
   10896  -1212.9     
   10897  -1209.2     
   10898  -1205.5     
   10899  -1201.7     
   10900  -1198.0     
   10901  -1194.3     
   10902  -1190.6     
   10903  -1186.9     
   10904  -1183.2     
   10905  -1179.4     
   10906  -1175.7     
   10907  -1172.0     
   10908  -1168.3     
   10909  -1164.6     
   10910  -1160.9     
   10911  -1157.2     
   10912  -1153.4     
   10913  -1149.7     
   10914  -1146.0     
   10915  -1142.3     
   10916  -1138.6     
   10917  -1134.9     
   10918  -1131.1     
   10919  -1127.4     
   10920  -1123.7     
 
  ***** POST1 NODAL DEGREE OF FREEDOM LISTING *****                            
 
  LOAD STEP=     1  SUBSTEP=     1                                             
   TIME=    1.0000      LOAD CASE=   0                                         
 
    NODE       VOLT  
   10921  -1120.0     
   10922  -1116.3     
   10923  -1112.6     
   10924  -1108.9     
   10925  -1105.1     
   10926  -1101.4     
   10927  -1097.7     
   10928  -1094.0     
   10929  -1090.3     
   10930  -1086.6     
   10931  -1082.8     
   10932  -1079.1     
   10933  -1075.4     
   10934  -1071.7     
   10935  -1068.0     
   10936  -1064.3     
   10937  -1060.6     
   10938  -1056.8     
   10939  -1053.1     
   10940  -1040.3     
   10941  -1036.6     
   10942  -1032.9     
   10943  -1029.2     
   10944  -1025.4     
   10945  -1021.7     
   10946  -1018.0     
   10947  -510.30     
   10948  -495.15     
   10949  -479.92     
   10950  -464.70     
   10951  -449.47     
   10952  -434.24     
   10953  -419.02     
   10954  -403.79     
   10955  -388.57     
   10956  -373.34     
   10957  -358.12     
   10958  -342.89     
   10959  -327.66     
 
  ***** POST1 NODAL DEGREE OF FREEDOM LISTING *****                            
 
  LOAD STEP=     1  SUBSTEP=     1                                             
   TIME=    1.0000      LOAD CASE=   0                                         
 
    NODE       VOLT  
   10960  -311.04     
   10961  -295.81     
   10962  -280.59     
   10963  -265.36     
   10964  -250.14     
   10965  -234.91     
   10966  -219.68     
   10967  -204.46     
   10968  -189.23     
   10969  -174.01     
   10970  -158.78     
   10971  -143.56     
   10972  -128.33     
   10973  -113.10     
   10974  -97.879     
   10975  -82.654     
   10976  -67.428     
   10977  -52.202     
   10978  -1014.4     
   10979  -1010.9     
   10980  -2337.9     
   10981  -2334.9     
   10982  -1007.7     
   10983  -2341.7     
   10984  -525.53     
   10985  -1004.6     
   10986  -1044.0     
   10987  -1046.7     
   10988  -1049.4     
   10989  -2344.7     
   10990  -539.33     
   10991  -550.26     
   10992  -21.751     
   10993  -1002.0     
   10994  -563.50     
   10995  -571.53     
   10996  -999.45     
   10997  -581.25     
   10998  -587.05     
 
  ***** POST1 NODAL DEGREE OF FREEDOM LISTING *****                            
 
  LOAD STEP=     1  SUBSTEP=     1                                             
   TIME=    1.0000      LOAD CASE=   0                                         
 
    NODE       VOLT  
   10999  -607.35     
   11000  -992.48     
   11001  -594.34     
   11002  -983.95     
   11003  -619.75     
   11004  -986.47     
   11005  -991.29     
   11006  -991.29     
   11007  -599.33     
   11008  -601.48     
   11009  -977.68     
   11010  -961.69     
   11011  -942.68     
   11012  -978.74     
   11013  -981.59     
   11014  -620.46     
   11015  -752.40     
   11016  -772.44     
   11017  -801.85     
   11018  -800.78     
   11019  -785.18     
   11020  -815.59     
   11021  -842.78     
   11022  -870.60     
   11023  -858.17     
   11024  -860.41     
   11025  -906.43     
   11026  -924.10     
   11027  -886.49     
   11028  -908.69     
   11029  -692.71     
   11030  -710.06     
   11031  -749.81     
   11032  -747.38     
   11033  -641.91     
   11034  -666.62     
   11035  -710.80     
   11036  -727.32     
   11037  -683.07     
 
  ***** POST1 NODAL DEGREE OF FREEDOM LISTING *****                            
 
  LOAD STEP=     1  SUBSTEP=     1                                             
   TIME=    1.0000      LOAD CASE=   0                                         
 
    NODE       VOLT  
   11038  -706.26     
   11039  -609.22     
   11040  -615.42     
   11041  -600.57     
   11042  -601.48     
   11043  -993.49     
   11044  -994.46     
   11045  -910.49     
   11046  -947.30     
   11047  -963.58     
   11048  -929.53     
   11049  -950.91     
   11050  -981.15     
   11051  -696.83     
   11052  -614.94     
   11053  -639.84     
   11054  -657.60     
   11055  -909.53     
   11056  -956.24     
   11057  -970.01     
   11058  -602.96     
   11059  -994.34     
   11060  -647.18     
   11061  -718.71     
   11062  -739.87     
   11063  -865.69     
   11064  -886.99     
   11065  -619.54     
   11066  -632.51     
   11067  -953.62     
   11068  -987.26     
   11069  -967.54     
   11070  -984.23     
   11071  -600.60     
   11072  -600.74     
   11073  -995.94     
   11074  -996.68     
   11075  -600.41     
   11076  -600.72     
 
  ***** POST1 NODAL DEGREE OF FREEDOM LISTING *****                            
 
  LOAD STEP=     1  SUBSTEP=     1                                             
   TIME=    1.0000      LOAD CASE=   0                                         
 
    NODE       VOLT  
   11077  -997.30     
   11078  -998.04     
   11079  -600.24     
   11080  -600.32     
   11081  -600.78     
   11082  -601.07     
   11083  -602.94     
   11084  -999.00     
   11085  -999.08     
   11086  -997.58     
   11087  -997.94     
   11088  -995.73     
   11089  -688.88     
   11090  -913.34     
   11091  -604.26     
   11092  -606.77     
   11093  -991.02     
   11094  -994.13     
   11095  -658.71     
   11096  -671.39     
   11097  -931.09     
   11098  -944.29     
   11099  -932.93     
   11100  -671.24     
   11101  -990.10     
   11102  -607.29     
   11103  -996.30     
   11104  -998.22     
   11105  -601.08     
   11106  -600.43     
   11107  -972.66     
   11108  -628.84     
   11109  -886.92     
   11110  -723.08     
   11111  -969.48     
   11112  -646.82     
   11113  -928.85     
   11114  -960.26     
   11115  -607.43     
 
  ***** POST1 NODAL DEGREE OF FREEDOM LISTING *****                            
 
  LOAD STEP=     1  SUBSTEP=     1                                             
   TIME=    1.0000      LOAD CASE=   0                                         
 
    NODE       VOLT  
   11116  -691.79     
   11117  -730.43     
   11118  -770.51     
   11119  -887.22     
   11120  -830.86     
   11121  -986.96     
   11122  -10.875     
   11123  -2347.3     
   11124  -947.98     
   11125  -580.45     
   11126  -614.22     
   11127  -992.13     
   11128  -598.00     
   11129  -593.34     
   11130  -603.13     
   11131  -671.51     
   11132  -573.38     
   11133  -940.71     
   11134  -620.63     
   11135  -978.72     
   11136  -998.92     
   11137  -2296.4     
   11138  -36.977     
   11139  -772.57     
   11140  -769.83     
   11141  -834.95     
   11142  -2346.0     
   11143  -2346.0     
   11144  -2348.7     
   11145  -2348.7     
   11146  -16.313     
   11147  -5.4377     
   11148  -16.313     
   11149  -5.4377     
   11150  -600.65     
   11151  -600.16     
   11152  -600.36     
   11153  -600.14     
   11154  -2210.9     
 
  ***** POST1 NODAL DEGREE OF FREEDOM LISTING *****                            
 
  LOAD STEP=     1  SUBSTEP=     1                                             
   TIME=    1.0000      LOAD CASE=   0                                         
 
    NODE       VOLT  
   11155  -2248.1     
   11156  -2292.7     
   11157  -2315.0     
   11158  -1111.2     
   11159  -1118.6     
   11160  -1114.9     
   11161  -1126.1     
   11162  -1122.3     
   11163  -1133.5     
   11164  -1129.8     
   11165  -1140.9     
   11166  -1137.2     
   11167  -1148.3     
   11168  -1144.6     
   11169  -1155.8     
   11170  -1152.1     
   11171  -1163.2     
   11172  -1159.5     
   11173  -1170.6     
   11174  -1166.9     
   11175  -1178.1     
   11176  -1174.4     
   11177  -1185.5     
   11178  -1181.8     
   11179  -1192.9     
   11180  -1189.2     
   11181  -1200.4     
   11182  -1196.6     
   11183  -1207.8     
   11184  -1204.1     
   11185  -1215.2     
   11186  -1211.5     
   11187  -1222.7     
   11188  -1218.9     
   11189  -1230.1     
   11190  -1226.4     
   11191  -1237.5     
   11192  -1233.8     
   11193  -1244.9     
 
  ***** POST1 NODAL DEGREE OF FREEDOM LISTING *****                            
 
  LOAD STEP=     1  SUBSTEP=     1                                             
   TIME=    1.0000      LOAD CASE=   0                                         
 
    NODE       VOLT  
   11194  -1241.2     
   11195  -1252.4     
   11196  -1248.7     
   11197  -1259.8     
   11198  -1256.1     
   11199  -1267.2     
   11200  -1263.5     
   11201  -1274.7     
   11202  -1271.0     
   11203  -1282.1     
   11204  -1278.4     
   11205  -1289.5     
   11206  -1285.8     
   11207  -1297.0     
   11208  -1293.2     
   11209  -1304.4     
   11210  -1300.7     
   11211  -1311.8     
   11212  -1308.1     
   11213  -1319.3     
   11214  -1315.5     
   11215  -1326.7     
   11216  -1323.0     
   11217  -1334.1     
   11218  -1330.4     
   11219  -1341.5     
   11220  -1337.8     
   11221  -1349.0     
   11222  -1345.3     
   11223  -1356.4     
   11224  -1352.7     
   11225  -1363.8     
   11226  -1360.1     
   11227  -1371.3     
   11228  -1367.6     
   11229  -1378.7     
   11230  -1375.0     
   11231  -1386.1     
   11232  -1382.4     
 
  ***** POST1 NODAL DEGREE OF FREEDOM LISTING *****                            
 
  LOAD STEP=     1  SUBSTEP=     1                                             
   TIME=    1.0000      LOAD CASE=   0                                         
 
    NODE       VOLT  
   11233  -1393.6     
   11234  -1389.8     
   11235  -1401.0     
   11236  -1397.3     
   11237  -1408.4     
   11238  -1404.7     
   11239  -1415.9     
   11240  -1412.1     
   11241  -1423.3     
   11242  -1419.6     
   11243  -1430.7     
   11244  -1427.0     
   11245  -1438.1     
   11246  -1434.4     
   11247  -1445.6     
   11248  -1441.9     
   11249  -1453.0     
   11250  -1449.3     
   11251  -1460.4     
   11252  -1456.7     
   11253  -1467.9     
   11254  -1464.2     
   11255  -1475.3     
   11256  -1471.6     
   11257  -1482.7     
   11258  -1479.0     
   11259  -1490.2     
   11260  -1486.4     
   11261  -1497.6     
   11262  -1493.9     
   11263  -1505.0     
   11264  -1501.3     
   11265  -1512.5     
   11266  -1508.7     
   11267  -1519.9     
   11268  -1516.2     
   11269  -1527.3     
   11270  -1523.6     
   11271  -1534.7     
 
  ***** POST1 NODAL DEGREE OF FREEDOM LISTING *****                            
 
  LOAD STEP=     1  SUBSTEP=     1                                             
   TIME=    1.0000      LOAD CASE=   0                                         
 
    NODE       VOLT  
   11272  -1531.0     
   11273  -1542.2     
   11274  -1538.5     
   11275  -1549.6     
   11276  -1545.9     
   11277  -1557.0     
   11278  -1553.3     
   11279  -1564.5     
   11280  -1560.8     
   11281  -1571.9     
   11282  -1568.2     
   11283  -1579.3     
   11284  -1575.6     
   11285  -1586.8     
   11286  -1583.0     
   11287  -1594.2     
   11288  -1590.5     
   11289  -1601.6     
   11290  -1597.9     
   11291  -1609.1     
   11292  -1605.3     
   11293  -1616.5     
   11294  -1612.8     
   11295  -1623.9     
   11296  -1620.2     
   11297  -1631.3     
   11298  -1627.6     
   11299  -1638.8     
   11300  -1635.1     
   11301  -1646.2     
   11302  -1642.5     
   11303  -1653.6     
   11304  -1649.9     
   11305  -1661.1     
   11306  -1657.4     
   11307  -1668.5     
   11308  -1664.8     
   11309  -1675.9     
   11310  -1672.2     
 
  ***** POST1 NODAL DEGREE OF FREEDOM LISTING *****                            
 
  LOAD STEP=     1  SUBSTEP=     1                                             
   TIME=    1.0000      LOAD CASE=   0                                         
 
    NODE       VOLT  
   11311  -1683.4     
   11312  -1679.6     
   11313  -1690.8     
   11314  -1687.1     
   11315  -1698.2     
   11316  -1694.5     
   11317  -1705.7     
   11318  -1701.9     
   11319  -1713.1     
   11320  -1709.4     
   11321  -1720.5     
   11322  -1716.8     
   11323  -1727.9     
   11324  -1724.2     
   11325  -1735.4     
   11326  -1731.7     
   11327  -1742.8     
   11328  -1739.1     
   11329  -1750.2     
   11330  -1746.5     
   11331  -1757.7     
   11332  -1754.0     
   11333  -1765.1     
   11334  -1761.4     
   11335  -1772.5     
   11336  -1768.8     
   11337  -1780.0     
   11338  -1776.2     
   11339  -1787.4     
   11340  -1783.7     
   11341  -1794.8     
   11342  -1791.1     
   11343  -1802.3     
   11344  -1798.5     
   11345  -1809.7     
   11346  -1806.0     
   11347  -1817.1     
   11348  -1813.4     
   11349  -1824.5     
 
  ***** POST1 NODAL DEGREE OF FREEDOM LISTING *****                            
 
  LOAD STEP=     1  SUBSTEP=     1                                             
   TIME=    1.0000      LOAD CASE=   0                                         
 
    NODE       VOLT  
   11350  -1820.8     
   11351  -1832.0     
   11352  -1828.3     
   11353  -1839.4     
   11354  -1835.7     
   11355  -1846.8     
   11356  -1843.1     
   11357  -1854.3     
   11358  -1850.6     
   11359  -1861.7     
   11360  -1858.0     
   11361  -1869.1     
   11362  -1865.4     
   11363  -1876.6     
   11364  -1872.8     
   11365  -1884.0     
   11366  -1880.3     
   11367  -1891.4     
   11368  -1887.7     
   11369  -1898.9     
   11370  -1895.1     
   11371  -1906.3     
   11372  -1902.6     
   11373  -1913.7     
   11374  -1910.0     
   11375  -1921.1     
   11376  -1917.4     
   11377  -1928.6     
   11378  -1924.9     
   11379  -1936.0     
   11380  -1932.3     
   11381  -1943.4     
   11382  -1939.7     
   11383  -1950.9     
   11384  -1947.1     
   11385  -1958.3     
   11386  -1954.6     
   11387  -1965.7     
   11388  -1962.0     
 
  ***** POST1 NODAL DEGREE OF FREEDOM LISTING *****                            
 
  LOAD STEP=     1  SUBSTEP=     1                                             
   TIME=    1.0000      LOAD CASE=   0                                         
 
    NODE       VOLT  
   11389  -1973.2     
   11390  -1969.4     
   11391  -1980.6     
   11392  -1976.9     
   11393  -1988.0     
   11394  -1984.3     
   11395  -1995.4     
   11396  -1991.7     
   11397  -2002.9     
   11398  -1999.2     
   11399  -2010.3     
   11400  -2006.6     
   11401  -2017.7     
   11402  -2014.0     
   11403  -2025.2     
   11404  -2021.5     
   11405  -2032.6     
   11406  -2028.9     
   11407  -2040.0     
   11408  -2036.3     
   11409  -2047.5     
   11410  -2043.7     
   11411  -2054.9     
   11412  -2051.2     
   11413  -2062.3     
   11414  -2058.6     
   11415  -2069.8     
   11416  -2066.0     
   11417  -2077.2     
   11418  -2073.5     
   11419  -2084.6     
   11420  -2080.9     
   11421  -2092.0     
   11422  -2088.3     
   11423  -2099.5     
   11424  -2095.8     
   11425  -2106.9     
   11426  -2103.2     
   11427  -2114.3     
 
  ***** POST1 NODAL DEGREE OF FREEDOM LISTING *****                            
 
  LOAD STEP=     1  SUBSTEP=     1                                             
   TIME=    1.0000      LOAD CASE=   0                                         
 
    NODE       VOLT  
   11428  -2110.6     
   11429  -2121.8     
   11430  -2118.1     
   11431  -2129.2     
   11432  -2125.5     
   11433  -2136.6     
   11434  -2132.9     
   11435  -2144.1     
   11436  -2140.3     
   11437  -2151.5     
   11438  -2147.8     
   11439  -2158.9     
   11440  -2155.2     
   11441  -2166.4     
   11442  -2162.6     
   11443  -2173.8     
   11444  -2170.1     
   11445  -2181.2     
   11446  -2177.5     
   11447  -2188.6     
   11448  -2184.9     
   11449  -2192.4     
   11450  -2196.1     
   11451  -2199.8     
   11452  -2207.2     
   11453  -2203.5     
   11454  -2218.4     
   11455  -2214.7     
   11456  -2222.1     
   11457  -2225.8     
   11458  -2229.5     
   11459  -2233.2     
   11460  -2236.9     
   11461  -2244.4     
   11462  -2240.7     
   11463  -2255.5     
   11464  -2251.8     
   11465  -2263.0     
   11466  -2259.2     
 
  ***** POST1 NODAL DEGREE OF FREEDOM LISTING *****                            
 
  LOAD STEP=     1  SUBSTEP=     1                                             
   TIME=    1.0000      LOAD CASE=   0                                         
 
    NODE       VOLT  
   11467  -2270.4     
   11468  -2266.7     
   11469  -2274.1     
   11470  -2277.8     
   11471  -2281.5     
   11472  -2289.0     
   11473  -2285.2     
   11474  -2300.1     
   11475  -2303.8     
   11476  -2311.3     
   11477  -2307.5     
   11478  -2322.4     
   11479  -2318.7     
   11480  -2326.1     
   11481  -2329.8     
   11482  -2333.5     
   11483  -2337.3     
   11484  -294.17     
   11485  -309.40     
   11486  -324.62     
   11487  -1050.2     
   11488  -278.95     
   11489  -263.72     
   11490  -339.85     
   11491  -355.07     
   11492  -1053.9     
   11493  -1057.6     
   11494  -1046.4     
   11495  -1042.7     
   11496  -248.49     
   11497  -233.27     
   11498  -370.30     
   11499  -385.53     
   11500  -1061.3     
   11501  -1065.0     
   11502  -1039.0     
   11503  -1035.3     
   11504  -218.04     
   11505  -202.82     
 
  ***** POST1 NODAL DEGREE OF FREEDOM LISTING *****                            
 
  LOAD STEP=     1  SUBSTEP=     1                                             
   TIME=    1.0000      LOAD CASE=   0                                         
 
    NODE       VOLT  
   11506  -400.75     
   11507  -415.98     
   11508  -1068.7     
   11509  -1072.5     
   11510  -1031.6     
   11511  -1027.9     
   11512  -187.59     
   11513  -172.37     
   11514  -431.20     
   11515  -446.43     
   11516  -1076.2     
   11517  -1079.9     
   11518  -1024.2     
   11519  -1020.4     
   11520  -157.14     
   11521  -141.92     
   11522  -461.65     
   11523  -476.87     
   11524  -1083.6     
   11525  -1087.3     
   11526  -1016.7     
   11527  -1013.1     
   11528  -126.69     
   11529  -111.46     
   11530  -491.92     
   11531  -506.93     
   11532  -1091.0     
   11533  -1006.1     
   11534  -1009.3     
   11535  -520.61     
   11536  -52.202     
   11537  -65.390     
   11538  -96.238     
   11539  -83.050     
   11540  -533.83     
   11541  -1107.5     
   11542  -2341.0     
   11543  -1002.8     
   11544  -1094.7     
 
  ***** POST1 NODAL DEGREE OF FREEDOM LISTING *****                            
 
  LOAD STEP=     1  SUBSTEP=     1                                             
   TIME=    1.0000      LOAD CASE=   0                                         
 
    NODE       VOLT  
   11545  -1097.4     
   11546  -1101.1     
   11547  -1103.8     
   11548  -2344.7     
   11549  -545.39     
   11550  -21.751     
   11551  -556.03     
   11552  -998.28     
   11553  -1000.2     
   11554  -565.34     
   11555  -993.97     
   11556  -995.51     
   11557  -583.79     
   11558  -589.41     
   11559  -593.57     
   11560  -587.60     
   11561  -986.97     
   11562  -979.76     
   11563  -991.77     
   11564  -979.99     
   11565  -622.00     
   11566  -611.17     
   11567  -991.30     
   11568  -991.27     
   11569  -599.21     
   11570  -601.58     
   11571  -917.02     
   11572  -985.76     
   11573  -989.11     
   11574  -747.88     
   11575  -693.66     
   11576  -709.97     
   11577  -815.14     
   11578  -839.05     
   11579  -853.28     
   11580  -804.45     
   11581  -814.54     
   11582  -789.68     
   11583  -754.27     
 
  ***** POST1 NODAL DEGREE OF FREEDOM LISTING *****                            
 
  LOAD STEP=     1  SUBSTEP=     1                                             
   TIME=    1.0000      LOAD CASE=   0                                         
 
    NODE       VOLT  
   11584  -752.72     
   11585  -994.99     
   11586  -993.81     
   11587  -600.45     
   11588  -861.26     
   11589  -879.76     
   11590  -895.06     
   11591  -963.09     
   11592  -917.87     
   11593  -938.33     
   11594  -972.94     
   11595  -604.80     
   11596  -609.26     
   11597  -602.68     
   11598  -621.25     
   11599  -711.23     
   11600  -727.53     
   11601  -646.33     
   11602  -707.44     
   11603  -669.06     
   11604  -684.26     
   11605  -903.24     
   11606  -600.67     
   11607  -600.62     
   11608  -698.22     
   11609  -640.81     
   11610  -659.75     
   11611  -996.48     
   11612  -961.88     
   11613  -613.71     
   11614  -991.71     
   11615  -991.96     
   11616  -719.01     
   11617  -740.35     
   11618  -860.77     
   11619  -881.57     
   11620  -646.78     
   11621  -950.43     
   11622  -982.81     
 
  ***** POST1 NODAL DEGREE OF FREEDOM LISTING *****                            
 
  LOAD STEP=     1  SUBSTEP=     1                                             
   TIME=    1.0000      LOAD CASE=   0                                         
 
    NODE       VOLT  
   11623  -995.85     
   11624  -965.95     
   11625  -983.06     
   11626  -617.94     
   11627  -631.05     
   11628  -997.83     
   11629  -994.34     
   11630  -995.27     
   11631  -600.57     
   11632  -600.76     
   11633  -601.10     
   11634  -998.86     
   11635  -996.62     
   11636  -997.60     
   11637  -998.75     
   11638  -998.46     
   11639  -998.71     
   11640  -689.52     
   11641  -911.56     
   11642  -602.27     
   11643  -996.99     
   11644  -997.86     
   11645  -603.38     
   11646  -605.77     
   11647  -988.35     
   11648  -992.52     
   11649  -658.88     
   11650  -672.03     
   11651  -929.18     
   11652  -941.97     
   11653  -929.64     
   11654  -672.30     
   11655  -986.43     
   11656  -606.32     
   11657  -995.54     
   11658  -997.33     
   11659  -997.74     
   11660  -601.18     
   11661  -993.72     
 
  ***** POST1 NODAL DEGREE OF FREEDOM LISTING *****                            
 
  LOAD STEP=     1  SUBSTEP=     1                                             
   TIME=    1.0000      LOAD CASE=   0                                         
 
    NODE       VOLT  
   11662  -626.54     
   11663  -970.46     
   11664  -877.30     
   11665  -724.09     
   11666  -959.96     
   11667  -649.70     
   11668  -692.95     
   11669  -729.96     
   11670  -607.34     
   11671  -910.37     
   11672  -779.92     
   11673  -829.38     
   11674  -987.49     
   11675  -590.78     
   11676  -600.29     
   11677  -10.875     
   11678  -2347.3     
   11679  -36.977     
   11680  -980.24     
   11681  -961.97     
   11682  -729.95     
   11683  -993.90     
   11684  -898.84     
   11685  -600.49     
   11686  -600.16     
   11687  -600.43     
   11688  -998.16     
   11689  -4.3502     
   11690  -999.05     
   11691  -600.17     
   11692  -2347.0     
   11693  -599.26     
   11694  -767.67     
   11695  -834.39     
   11696  -999.08     
   11697  -626.48     
   11698  -607.88     
   11699  -630.70     
   11700  -611.63     
 
  ***** POST1 NODAL DEGREE OF FREEDOM LISTING *****                            
 
  LOAD STEP=     1  SUBSTEP=     1                                             
   TIME=    1.0000      LOAD CASE=   0                                         
 
    NODE       VOLT  
   11701  -972.92     
   11702  -969.43     
   11703  -991.85     
   11704  -988.40     
   11705  -2345.1     
   11706  -2345.9     
   11707  -2348.5     
   11708  -2348.5     
   11709  -2345.1     
   11710  -2348.5     
   11711  -2345.9     
   11712  -2348.5     
   11713  -15.226     
   11714  -4.3502     
   11715  -15.226     
   11716  -4.3502     
   11717  -2327.5     
   11718  -2331.2     
   11719  -2320.1     
   11720  -2323.8     
   11721  -2312.6     
   11722  -2316.3     
   11723  -2305.2     
   11724  -2308.9     
   11725  -2297.8     
   11726  -2301.5     
   11727  -2290.3     
   11728  -2294.0     
   11729  -2282.9     
   11730  -2286.6     
   11731  -2275.5     
   11732  -2279.2     
   11733  -2268.0     
   11734  -2271.8     
   11735  -2260.6     
   11736  -2264.3     
   11737  -2253.2     
   11738  -2256.9     
   11739  -2245.8     
 
  ***** POST1 NODAL DEGREE OF FREEDOM LISTING *****                            
 
  LOAD STEP=     1  SUBSTEP=     1                                             
   TIME=    1.0000      LOAD CASE=   0                                         
 
    NODE       VOLT  
   11740  -2249.5     
   11741  -2238.3     
   11742  -2242.0     
   11743  -2230.9     
   11744  -2234.6     
   11745  -2223.5     
   11746  -2227.2     
   11747  -2216.0     
   11748  -2219.7     
   11749  -2208.6     
   11750  -2212.3     
   11751  -2201.2     
   11752  -2204.9     
   11753  -2193.7     
   11754  -2197.5     
   11755  -2186.3     
   11756  -2190.0     
   11757  -2178.9     
   11758  -2182.6     
   11759  -2171.4     
   11760  -2175.2     
   11761  -2164.0     
   11762  -2167.7     
   11763  -2156.6     
   11764  -2160.3     
   11765  -2149.2     
   11766  -2152.9     
   11767  -2141.7     
   11768  -2145.4     
   11769  -2134.3     
   11770  -2138.0     
   11771  -2126.9     
   11772  -2130.6     
   11773  -2119.4     
   11774  -2123.1     
   11775  -2112.0     
   11776  -2115.7     
   11777  -2104.6     
   11778  -2108.3     
 
  ***** POST1 NODAL DEGREE OF FREEDOM LISTING *****                            
 
  LOAD STEP=     1  SUBSTEP=     1                                             
   TIME=    1.0000      LOAD CASE=   0                                         
 
    NODE       VOLT  
   11779  -2097.1     
   11780  -2100.9     
   11781  -2089.7     
   11782  -2093.4     
   11783  -2082.3     
   11784  -2086.0     
   11785  -2074.8     
   11786  -2078.6     
   11787  -2067.4     
   11788  -2071.1     
   11789  -2060.0     
   11790  -2063.7     
   11791  -2052.6     
   11792  -2056.3     
   11793  -2045.1     
   11794  -2048.8     
   11795  -2037.7     
   11796  -2041.4     
   11797  -2030.3     
   11798  -2034.0     
   11799  -2022.8     
   11800  -2026.5     
   11801  -2015.4     
   11802  -2019.1     
   11803  -2008.0     
   11804  -2011.7     
   11805  -2000.5     
   11806  -2004.3     
   11807  -1993.1     
   11808  -1996.8     
   11809  -1985.7     
   11810  -1989.4     
   11811  -1978.2     
   11812  -1982.0     
   11813  -1970.8     
   11814  -1974.5     
   11815  -1963.4     
   11816  -1967.1     
   11817  -1956.0     
 
  ***** POST1 NODAL DEGREE OF FREEDOM LISTING *****                            
 
  LOAD STEP=     1  SUBSTEP=     1                                             
   TIME=    1.0000      LOAD CASE=   0                                         
 
    NODE       VOLT  
   11818  -1959.7     
   11819  -1948.5     
   11820  -1952.2     
   11821  -1941.1     
   11822  -1944.8     
   11823  -1933.7     
   11824  -1937.4     
   11825  -1926.2     
   11826  -1929.9     
   11827  -1918.8     
   11828  -1922.5     
   11829  -1911.4     
   11830  -1915.1     
   11831  -1903.9     
   11832  -1907.7     
   11833  -1896.5     
   11834  -1900.2     
   11835  -1889.1     
   11836  -1892.8     
   11837  -1881.6     
   11838  -1885.4     
   11839  -1874.2     
   11840  -1877.9     
   11841  -1866.8     
   11842  -1870.5     
   11843  -1859.4     
   11844  -1863.1     
   11845  -1851.9     
   11846  -1855.6     
   11847  -1844.5     
   11848  -1848.2     
   11849  -1837.1     
   11850  -1840.8     
   11851  -1829.6     
   11852  -1833.3     
   11853  -1822.2     
   11854  -1825.9     
   11855  -1814.8     
   11856  -1818.5     
 
  ***** POST1 NODAL DEGREE OF FREEDOM LISTING *****                            
 
  LOAD STEP=     1  SUBSTEP=     1                                             
   TIME=    1.0000      LOAD CASE=   0                                         
 
    NODE       VOLT  
   11857  -1807.3     
   11858  -1811.1     
   11859  -1799.9     
   11860  -1803.6     
   11861  -1792.5     
   11862  -1796.2     
   11863  -1785.0     
   11864  -1788.8     
   11865  -1777.6     
   11866  -1781.3     
   11867  -1770.2     
   11868  -1773.9     
   11869  -1762.8     
   11870  -1766.5     
   11871  -1755.3     
   11872  -1759.0     
   11873  -1747.9     
   11874  -1751.6     
   11875  -1740.5     
   11876  -1744.2     
   11877  -1733.0     
   11878  -1736.7     
   11879  -1725.6     
   11880  -1729.3     
   11881  -1718.2     
   11882  -1721.9     
   11883  -1710.7     
   11884  -1714.5     
   11885  -1703.3     
   11886  -1707.0     
   11887  -1695.9     
   11888  -1699.6     
   11889  -1688.4     
   11890  -1692.2     
   11891  -1681.0     
   11892  -1684.7     
   11893  -1673.6     
   11894  -1677.3     
   11895  -1666.2     
 
  ***** POST1 NODAL DEGREE OF FREEDOM LISTING *****                            
 
  LOAD STEP=     1  SUBSTEP=     1                                             
   TIME=    1.0000      LOAD CASE=   0                                         
 
    NODE       VOLT  
   11896  -1669.9     
   11897  -1658.7     
   11898  -1662.4     
   11899  -1651.3     
   11900  -1655.0     
   11901  -1643.9     
   11902  -1647.6     
   11903  -1636.4     
   11904  -1640.1     
   11905  -1629.0     
   11906  -1632.7     
   11907  -1621.6     
   11908  -1625.3     
   11909  -1614.1     
   11910  -1617.9     
   11911  -1606.7     
   11912  -1610.4     
   11913  -1599.3     
   11914  -1603.0     
   11915  -1591.8     
   11916  -1595.6     
   11917  -1584.4     
   11918  -1588.1     
   11919  -1577.0     
   11920  -1580.7     
   11921  -1569.6     
   11922  -1573.3     
   11923  -1562.1     
   11924  -1565.8     
   11925  -1554.7     
   11926  -1558.4     
   11927  -1547.3     
   11928  -1551.0     
   11929  -1539.8     
   11930  -1543.5     
   11931  -1532.4     
   11932  -1536.1     
   11933  -1525.0     
   11934  -1528.7     
 
  ***** POST1 NODAL DEGREE OF FREEDOM LISTING *****                            
 
  LOAD STEP=     1  SUBSTEP=     1                                             
   TIME=    1.0000      LOAD CASE=   0                                         
 
    NODE       VOLT  
   11935  -1517.5     
   11936  -1521.3     
   11937  -1510.1     
   11938  -1513.8     
   11939  -1502.7     
   11940  -1506.4     
   11941  -1495.2     
   11942  -1499.0     
   11943  -1487.8     
   11944  -1491.5     
   11945  -1480.4     
   11946  -1484.1     
   11947  -1473.0     
   11948  -1476.7     
   11949  -1465.5     
   11950  -1469.2     
   11951  -1458.1     
   11952  -1461.8     
   11953  -1450.7     
   11954  -1454.4     
   11955  -1443.2     
   11956  -1446.9     
   11957  -1435.8     
   11958  -1439.5     
   11959  -1428.4     
   11960  -1432.1     
   11961  -1420.9     
   11962  -1424.7     
   11963  -1413.5     
   11964  -1417.2     
   11965  -1406.1     
   11966  -1409.8     
   11967  -1398.7     
   11968  -1402.4     
   11969  -1391.2     
   11970  -1394.9     
   11971  -1383.8     
   11972  -1387.5     
   11973  -1376.4     
 
  ***** POST1 NODAL DEGREE OF FREEDOM LISTING *****                            
 
  LOAD STEP=     1  SUBSTEP=     1                                             
   TIME=    1.0000      LOAD CASE=   0                                         
 
    NODE       VOLT  
   11974  -1380.1     
   11975  -1368.9     
   11976  -1372.6     
   11977  -1361.5     
   11978  -1365.2     
   11979  -1354.1     
   11980  -1357.8     
   11981  -1346.6     
   11982  -1350.4     
   11983  -1339.2     
   11984  -1342.9     
   11985  -1331.8     
   11986  -1335.5     
   11987  -1324.3     
   11988  -1328.1     
   11989  -1316.9     
   11990  -1320.6     
   11991  -1309.5     
   11992  -1313.2     
   11993  -1302.1     
   11994  -1305.8     
   11995  -1294.6     
   11996  -1298.3     
   11997  -1287.2     
   11998  -1290.9     
   11999  -1279.8     
   12000  -1283.5     
   12001  -1272.3     
   12002  -1276.0     
   12003  -1264.9     
   12004  -1268.6     
   12005  -1257.5     
   12006  -1261.2     
   12007  -1250.0     
   12008  -1253.8     
   12009  -1242.6     
   12010  -1246.3     
   12011  -1235.2     
   12012  -1238.9     
 
  ***** POST1 NODAL DEGREE OF FREEDOM LISTING *****                            
 
  LOAD STEP=     1  SUBSTEP=     1                                             
   TIME=    1.0000      LOAD CASE=   0                                         
 
    NODE       VOLT  
   12013  -1227.7     
   12014  -1231.5     
   12015  -1220.3     
   12016  -1224.0     
   12017  -1212.9     
   12018  -1216.6     
   12019  -1205.5     
   12020  -1209.2     
   12021  -1198.0     
   12022  -1201.7     
   12023  -1190.6     
   12024  -1194.3     
   12025  -1183.2     
   12026  -1186.9     
   12027  -1175.7     
   12028  -1179.4     
   12029  -1168.3     
   12030  -1172.0     
   12031  -1160.9     
   12032  -1164.6     
   12033  -1153.4     
   12034  -1157.2     
   12035  -1146.0     
   12036  -1149.7     
   12037  -1138.6     
   12038  -1142.3     
   12039  -1131.1     
   12040  -1134.9     
   12041  -1123.7     
   12042  -1127.4     
   12043  -1116.3     
   12044  -1120.0     
   12045  -1108.9     
   12046  -1112.6     
   12047  -1105.1     
   12048  -1092.4     
   12049  -1085.0     
   12050  -1088.7     
   12051  -1077.5     
 
  ***** POST1 NODAL DEGREE OF FREEDOM LISTING *****                            
 
  LOAD STEP=     1  SUBSTEP=     1                                             
   TIME=    1.0000      LOAD CASE=   0                                         
 
    NODE       VOLT  
   12052  -1081.3     
   12053  -1070.1     
   12054  -1073.8     
   12055  -1062.7     
   12056  -1066.4     
   12057  -1055.2     
   12058  -1059.0     
   12059  -1047.8     
   12060  -1051.5     
   12061  -1040.4     
   12062  -1044.1     
   12063  -1033.0     
   12064  -1036.7     
   12065  -1025.5     
   12066  -1029.2     
   12067  -1018.1     
   12068  -1021.8     
   12069  -1014.5     
   12070  -85.088     
   12071  -67.428     
   12072  -21.751     
   12073  -511.18     
   12074  -496.17     
   12075  -480.95     
   12076  -465.73     
   12077  -450.50     
   12078  -435.28     
   12079  -420.05     
   12080  -404.83     
   12081  -389.60     
   12082  -374.37     
   12083  -359.15     
   12084  -343.92     
   12085  -328.70     
   12086  -313.47     
   12087  -298.25     
   12088  -283.02     
   12089  -267.80     
   12090  -252.57     
 
  ***** POST1 NODAL DEGREE OF FREEDOM LISTING *****                            
 
  LOAD STEP=     1  SUBSTEP=     1                                             
   TIME=    1.0000      LOAD CASE=   0                                         
 
    NODE       VOLT  
   12091  -237.34     
   12092  -222.12     
   12093  -206.89     
   12094  -191.67     
   12095  -176.44     
   12096  -161.22     
   12097  -145.99     
   12098  -130.76     
   12099  -115.54     
   12100  -100.31     
   12101  -52.202     
   12102  -2344.0     
   12103  -1011.0     
   12104  -2340.2     
   12105  -2340.9     
   12106  -2344.0     
   12107  -2334.9     
   12108  -2337.9     
   12109  -1007.7     
   12110  -526.41     
   12111  -1004.6     
   12112  -1096.1     
   12113  -1101.4     
   12114  -1098.8     
   12115  -1002.0     
   12116  -550.26     
   12117  -539.63     
   12118  -999.45     
   12119  -571.50     
   12120  -563.49     
   12121  -997.51     
   12122  -595.45     
   12123  -995.67     
   12124  -994.37     
   12125  -586.68     
   12126  -581.08     
   12127  -992.79     
   12128  -991.59     
   12129  -592.57     
 
  ***** POST1 NODAL DEGREE OF FREEDOM LISTING *****                            
 
  LOAD STEP=     1  SUBSTEP=     1                                             
   TIME=    1.0000      LOAD CASE=   0                                         
 
    NODE       VOLT  
   12130  -605.43     
   12131  -616.05     
   12132  -992.15     
   12133  -985.20     
   12134  -989.00     
   12135  -993.01     
   12136  -593.08     
   12137  -992.83     
   12138  -993.20     
   12139  -598.36     
   12140  -596.47     
   12141  -680.54     
   12142  -701.82     
   12143  -611.34     
   12144  -985.29     
   12145  -774.86     
   12146  -816.01     
   12147  -743.09     
   12148  -841.79     
   12149  -801.95     
   12150  -787.40     
   12151  -851.68     
   12152  -814.38     
   12153  -599.25     
   12154  -601.69     
   12155  -606.57     
   12156  -604.18     
   12157  -994.12     
   12158  -994.56     
   12159  -994.46     
   12160  -991.43     
   12161  -989.41     
   12162  -599.20     
   12163  -599.33     
   12164  -951.97     
   12165  -600.05     
   12166  -600.92     
   12167  -604.33     
   12168  -996.66     
 
  ***** POST1 NODAL DEGREE OF FREEDOM LISTING *****                            
 
  LOAD STEP=     1  SUBSTEP=     1                                             
   TIME=    1.0000      LOAD CASE=   0                                         
 
    NODE       VOLT  
   12169  -997.15     
   12170  -995.90     
   12171  -993.67     
   12172  -994.28     
   12173  -995.62     
   12174  -649.88     
   12175  -637.36     
   12176  -600.11     
   12177  -686.43     
   12178  -929.14     
   12179  -926.25     
   12180  -882.06     
   12181  -862.77     
   12182  -924.35     
   12183  -895.61     
   12184  -952.89     
   12185  -935.34     
   12186  -669.24     
   12187  -648.04     
   12188  -615.98     
   12189  -983.27     
   12190  -691.04     
   12191  -996.63     
   12192  -907.05     
   12193  -600.10     
   12194  -600.41     
   12195  -645.43     
   12196  -732.78     
   12197  -711.66     
   12198  -880.58     
   12199  -858.86     
   12200  -957.72     
   12201  -600.56     
   12202  -600.55     
   12203  -600.37     
   12204  -600.38     
   12205  -997.99     
   12206  -996.95     
   12207  -633.08     
 
  ***** POST1 NODAL DEGREE OF FREEDOM LISTING *****                            
 
  LOAD STEP=     1  SUBSTEP=     1                                             
   TIME=    1.0000      LOAD CASE=   0                                         
 
    NODE       VOLT  
   12208  -621.19     
   12209  -977.15     
   12210  -967.15     
   12211  -600.20     
   12212  -600.21     
   12213  -600.20     
   12214  -600.25     
   12215  -600.08     
   12216  -600.09     
   12217  -600.12     
   12218  -600.28     
   12219  -600.18     
   12220  -601.60     
   12221  -601.06     
   12222  -602.56     
   12223  -997.86     
   12224  -997.92     
   12225  -998.54     
   12226  -998.58     
   12227  -998.59     
   12228  -998.44     
   12229  -998.39     
   12230  -998.28     
   12231  -996.96     
   12232  -996.46     
   12233  -996.22     
   12234  -600.17     
   12235  -600.17     
   12236  -999.06     
   12237  -999.07     
   12238  -688.23     
   12239  -916.33     
   12240  -606.45     
   12241  -604.10     
   12242  -994.65     
   12243  -992.27     
   12244  -670.34     
   12245  -657.35     
   12246  -946.16     
 
  ***** POST1 NODAL DEGREE OF FREEDOM LISTING *****                            
 
  LOAD STEP=     1  SUBSTEP=     1                                             
   TIME=    1.0000      LOAD CASE=   0                                         
 
    NODE       VOLT  
   12247  -933.88     
   12248  -937.60     
   12249  -669.63     
   12250  -991.26     
   12251  -607.31     
   12252  -998.14     
   12253  -600.32     
   12254  -994.63     
   12255  -996.86     
   12256  -997.25     
   12257  -995.99     
   12258  -602.48     
   12259  -600.27     
   12260  -600.02     
   12261  -600.26     
   12262  -600.40     
   12263  -969.32     
   12264  -629.90     
   12265  -875.23     
   12266  -710.46     
   12267  -667.09     
   12268  -937.14     
   12269  -913.34     
   12270  -597.20     
   12271  -989.55     
   12272  -993.14     
   12273  -603.38     
   12274  -828.95     
   12275  -775.31     
   12276  -2343.2     
   12277  -8.7004     
   12278  -2347.0     
   12279  -2347.0     
   12280  -981.59     
   12281  -618.12     
   12282  -599.02     
   12283  -993.94     
   12284  -994.13     
   12285  -594.01     
 
  ***** POST1 NODAL DEGREE OF FREEDOM LISTING *****                            
 
  LOAD STEP=     1  SUBSTEP=     1                                             
   TIME=    1.0000      LOAD CASE=   0                                         
 
    NODE       VOLT  
   12286  -623.22     
   12287  -889.44     
   12288  -993.57     
   12289  -770.85     
   12290  -600.41     
   12291  -998.25     
   12292  -1049.1     
   12293  -1055.5     
   12294  -1051.8     
   12295  -999.04     
   12296  -600.20     
   12297  -2346.1     
   12298  -16.177     
   12299  -2296.4     
   12300  -995.32     
   12301  -703.56     
   12302  -834.30     
   12303  -627.99     
   12304  -608.03     
   12305  -630.39     
   12306  -611.53     
   12307  -973.78     
   12308  -970.06     
   12309  -992.03     
   12310  -988.73     
   12311  -2347.7     
   12312  -2348.7     
   12313  -2346.1     
   12314  -2348.7     
   12315  -2346.4     
   12316  -2349.0     
   12317  -2349.0     
   12318  -9.3461     
   12319  -5.3018     
   12320  -16.177     
   12321  -5.3018     
   12322  -14.920     
   12323  -4.0443     
   12324  -4.0443     
 
  ***** POST1 NODAL DEGREE OF FREEDOM LISTING *****                            
 
  LOAD STEP=     1  SUBSTEP=     1                                             
   TIME=    1.0000      LOAD CASE=   0                                         
 
    NODE       VOLT  
   12325  -1059.2     
   12326  -2210.9     
   12327  -2248.1     
   12328  -2292.7     
   12329  -2315.0     
   12330  -2344.7     
   12331  -21.751     
   12332  -36.977     
   12333  -109.03     
   12334  -124.26     
   12335  -139.48     
   12336  -154.71     
   12337  -169.93     
   12338  -185.16     
   12339  -200.38     
   12340  -215.61     
   12341  -230.84     
   12342  -246.06     
   12343  -261.29     
   12344  -276.51     
   12345  -291.74     
   12346  -306.96     
   12347  -323.59     
   12348  -338.82     
   12349  -354.04     
   12350  -369.27     
   12351  -384.49     
   12352  -399.72     
   12353  -414.94     
   12354  -430.17     
   12355  -445.39     
   12356  -460.62     
   12357  -475.84     
   12358  -490.90     
   12359  -1013.0     
   12360  -1016.6     
   12361  -1020.4     
   12362  -1024.1     
   12363  -1027.8     
 
  ***** POST1 NODAL DEGREE OF FREEDOM LISTING *****                            
 
  LOAD STEP=     1  SUBSTEP=     1                                             
   TIME=    1.0000      LOAD CASE=   0                                         
 
    NODE       VOLT  
   12364  -1031.5     
   12365  -1035.2     
   12366  -1038.9     
   12367  -1062.9     
   12368  -1066.6     
   12369  -1070.3     
   12370  -1074.0     
   12371  -1077.8     
   12372  -1081.5     
   12373  -1085.2     
   12374  -1088.9     
   12375  -1092.6     
   12376  -1096.3     
   12377  -1100.1     
   12378  -1103.8     
   12379  -1107.5     
   12380  -1111.2     
   12381  -1114.9     
   12382  -1118.6     
   12383  -1122.3     
   12384  -1126.1     
   12385  -1129.8     
   12386  -1133.5     
   12387  -1137.2     
   12388  -1140.9     
   12389  -1144.6     
   12390  -1148.3     
   12391  -1152.1     
   12392  -1155.8     
   12393  -1159.5     
   12394  -1163.2     
   12395  -1166.9     
   12396  -1170.6     
   12397  -1174.4     
   12398  -1178.1     
   12399  -1181.8     
   12400  -1185.5     
   12401  -1189.2     
   12402  -1192.9     
 
  ***** POST1 NODAL DEGREE OF FREEDOM LISTING *****                            
 
  LOAD STEP=     1  SUBSTEP=     1                                             
   TIME=    1.0000      LOAD CASE=   0                                         
 
    NODE       VOLT  
   12403  -1196.6     
   12404  -1200.4     
   12405  -1204.1     
   12406  -1207.8     
   12407  -1211.5     
   12408  -1215.2     
   12409  -1218.9     
   12410  -1222.7     
   12411  -1226.4     
   12412  -1230.1     
   12413  -1233.8     
   12414  -1237.5     
   12415  -1241.2     
   12416  -1244.9     
   12417  -1248.7     
   12418  -1252.4     
   12419  -1256.1     
   12420  -1259.8     
   12421  -1263.5     
   12422  -1267.2     
   12423  -1271.0     
   12424  -1274.7     
   12425  -1278.4     
   12426  -1282.1     
   12427  -1285.8     
   12428  -1289.5     
   12429  -1293.2     
   12430  -1297.0     
   12431  -1300.7     
   12432  -1304.4     
   12433  -1308.1     
   12434  -1311.8     
   12435  -1315.5     
   12436  -1319.3     
   12437  -1323.0     
   12438  -1326.7     
   12439  -1330.4     
   12440  -1334.1     
   12441  -1337.8     
 
  ***** POST1 NODAL DEGREE OF FREEDOM LISTING *****                            
 
  LOAD STEP=     1  SUBSTEP=     1                                             
   TIME=    1.0000      LOAD CASE=   0                                         
 
    NODE       VOLT  
   12442  -1341.5     
   12443  -1345.3     
   12444  -1349.0     
   12445  -1352.7     
   12446  -1356.4     
   12447  -1360.1     
   12448  -1363.8     
   12449  -1367.6     
   12450  -1371.3     
   12451  -1375.0     
   12452  -1378.7     
   12453  -1382.4     
   12454  -1386.1     
   12455  -1389.8     
   12456  -1393.6     
   12457  -1397.3     
   12458  -1401.0     
   12459  -1404.7     
   12460  -1408.4     
   12461  -1412.1     
   12462  -1415.9     
   12463  -1419.6     
   12464  -1423.3     
   12465  -1427.0     
   12466  -1430.7     
   12467  -1434.4     
   12468  -1438.1     
   12469  -1441.9     
   12470  -1445.6     
   12471  -1449.3     
   12472  -1453.0     
   12473  -1456.7     
   12474  -1460.4     
   12475  -1464.2     
   12476  -1467.9     
   12477  -1471.6     
   12478  -1475.3     
   12479  -1479.0     
   12480  -1482.7     
 
  ***** POST1 NODAL DEGREE OF FREEDOM LISTING *****                            
 
  LOAD STEP=     1  SUBSTEP=     1                                             
   TIME=    1.0000      LOAD CASE=   0                                         
 
    NODE       VOLT  
   12481  -1486.4     
   12482  -1490.2     
   12483  -1493.9     
   12484  -1497.6     
   12485  -1501.3     
   12486  -1505.0     
   12487  -1508.7     
   12488  -1512.5     
   12489  -1516.2     
   12490  -1519.9     
   12491  -1523.6     
   12492  -1527.3     
   12493  -1531.0     
   12494  -1534.7     
   12495  -1538.5     
   12496  -1542.2     
   12497  -1545.9     
   12498  -1549.6     
   12499  -1553.3     
   12500  -1557.0     
   12501  -1560.8     
   12502  -1564.5     
   12503  -1568.2     
   12504  -1571.9     
   12505  -1575.6     
   12506  -1579.3     
   12507  -1583.0     
   12508  -1586.8     
   12509  -1590.5     
   12510  -1594.2     
   12511  -1597.9     
   12512  -1601.6     
   12513  -1605.3     
   12514  -1609.1     
   12515  -1612.8     
   12516  -1616.5     
   12517  -1620.2     
   12518  -1623.9     
   12519  -1627.6     
 
  ***** POST1 NODAL DEGREE OF FREEDOM LISTING *****                            
 
  LOAD STEP=     1  SUBSTEP=     1                                             
   TIME=    1.0000      LOAD CASE=   0                                         
 
    NODE       VOLT  
   12520  -1631.3     
   12521  -1635.1     
   12522  -1638.8     
   12523  -1642.5     
   12524  -1646.2     
   12525  -1649.9     
   12526  -1653.6     
   12527  -1657.4     
   12528  -1661.1     
   12529  -1664.8     
   12530  -1668.5     
   12531  -1672.2     
   12532  -1675.9     
   12533  -1679.6     
   12534  -1683.4     
   12535  -1687.1     
   12536  -1690.8     
   12537  -1694.5     
   12538  -1698.2     
   12539  -1701.9     
   12540  -1705.7     
   12541  -1709.4     
   12542  -1713.1     
   12543  -1716.8     
   12544  -1720.5     
   12545  -1724.2     
   12546  -1727.9     
   12547  -1731.7     
   12548  -1735.4     
   12549  -1739.1     
   12550  -1742.8     
   12551  -1746.5     
   12552  -1750.2     
   12553  -1754.0     
   12554  -1757.7     
   12555  -1761.4     
   12556  -1765.1     
   12557  -1768.8     
   12558  -1772.5     
 
  ***** POST1 NODAL DEGREE OF FREEDOM LISTING *****                            
 
  LOAD STEP=     1  SUBSTEP=     1                                             
   TIME=    1.0000      LOAD CASE=   0                                         
 
    NODE       VOLT  
   12559  -1776.2     
   12560  -1780.0     
   12561  -1783.7     
   12562  -1787.4     
   12563  -1791.1     
   12564  -1794.8     
   12565  -1798.5     
   12566  -1802.3     
   12567  -1806.0     
   12568  -1809.7     
   12569  -1813.4     
   12570  -1817.1     
   12571  -1820.8     
   12572  -1824.5     
   12573  -1828.3     
   12574  -1832.0     
   12575  -1835.7     
   12576  -1839.4     
   12577  -1843.1     
   12578  -1846.8     
   12579  -1850.6     
   12580  -1854.3     
   12581  -1858.0     
   12582  -1861.7     
   12583  -1865.4     
   12584  -1869.1     
   12585  -1872.8     
   12586  -1876.6     
   12587  -1880.3     
   12588  -1884.0     
   12589  -1887.7     
   12590  -1891.4     
   12591  -1895.1     
   12592  -1898.9     
   12593  -1902.6     
   12594  -1906.3     
   12595  -1910.0     
   12596  -1913.7     
   12597  -1917.4     
 
  ***** POST1 NODAL DEGREE OF FREEDOM LISTING *****                            
 
  LOAD STEP=     1  SUBSTEP=     1                                             
   TIME=    1.0000      LOAD CASE=   0                                         
 
    NODE       VOLT  
   12598  -1921.1     
   12599  -1924.9     
   12600  -1928.6     
   12601  -1932.3     
   12602  -1936.0     
   12603  -1939.7     
   12604  -1943.4     
   12605  -1947.1     
   12606  -1950.9     
   12607  -1954.6     
   12608  -1958.3     
   12609  -1962.0     
   12610  -1965.7     
   12611  -1969.4     
   12612  -1973.2     
   12613  -1976.9     
   12614  -1980.6     
   12615  -1984.3     
   12616  -1988.0     
   12617  -1991.7     
   12618  -1995.4     
   12619  -1999.2     
   12620  -2002.9     
   12621  -2006.6     
   12622  -2010.3     
   12623  -2014.0     
   12624  -2017.7     
   12625  -2021.5     
   12626  -2025.2     
   12627  -2028.9     
   12628  -2032.6     
   12629  -2036.3     
   12630  -2040.0     
   12631  -2043.7     
   12632  -2047.5     
   12633  -2051.2     
   12634  -2054.9     
   12635  -2058.6     
   12636  -2062.3     
 
  ***** POST1 NODAL DEGREE OF FREEDOM LISTING *****                            
 
  LOAD STEP=     1  SUBSTEP=     1                                             
   TIME=    1.0000      LOAD CASE=   0                                         
 
    NODE       VOLT  
   12637  -2066.0     
   12638  -2069.8     
   12639  -2073.5     
   12640  -2077.2     
   12641  -2080.9     
   12642  -2084.6     
   12643  -2088.3     
   12644  -2092.0     
   12645  -2095.8     
   12646  -2099.5     
   12647  -2103.2     
   12648  -2106.9     
   12649  -2110.6     
   12650  -2114.3     
   12651  -2118.1     
   12652  -2121.8     
   12653  -2125.5     
   12654  -2129.2     
   12655  -2132.9     
   12656  -2136.6     
   12657  -2140.3     
   12658  -2144.1     
   12659  -2147.8     
   12660  -2151.5     
   12661  -2155.2     
   12662  -2158.9     
   12663  -2162.6     
   12664  -2166.4     
   12665  -2170.1     
   12666  -2173.8     
   12667  -2177.5     
   12668  -2181.2     
   12669  -2184.9     
   12670  -2188.6     
   12671  -2192.4     
   12672  -2196.1     
   12673  -2199.8     
   12674  -2203.5     
   12675  -2207.2     
 
  ***** POST1 NODAL DEGREE OF FREEDOM LISTING *****                            
 
  LOAD STEP=     1  SUBSTEP=     1                                             
   TIME=    1.0000      LOAD CASE=   0                                         
 
    NODE       VOLT  
   12676  -2214.7     
   12677  -2218.4     
   12678  -2222.1     
   12679  -2225.8     
   12680  -2229.5     
   12681  -2233.2     
   12682  -2236.9     
   12683  -2240.7     
   12684  -2244.4     
   12685  -2251.8     
   12686  -2255.5     
   12687  -2259.2     
   12688  -2263.0     
   12689  -2266.7     
   12690  -2270.4     
   12691  -2274.1     
   12692  -2277.8     
   12693  -2281.5     
   12694  -2285.2     
   12695  -2289.0     
   12696  -2300.1     
   12697  -2303.8     
   12698  -2307.5     
   12699  -2311.3     
   12700  -2318.7     
   12701  -2322.4     
   12702  -2326.1     
   12703  -2329.8     
   12704  -2333.5     
   12705  -2337.3     
   12706  -2341.0     
   12707  -52.202     
   12708  -65.390     
   12709  -80.616     
   12710  -93.804     
   12711  -506.05     
   12712  -519.72     
   12713  -1009.3     
   12714  -1006.1     
 
  ***** POST1 NODAL DEGREE OF FREEDOM LISTING *****                            
 
  LOAD STEP=     1  SUBSTEP=     1                                             
   TIME=    1.0000      LOAD CASE=   0                                         
 
    NODE       VOLT  
   12715  -533.53     
   12716  -1045.3     
   12717  -1042.6     
   12718  -545.10     
   12719  -1001.1     
   12720  -1002.8     
   12721  -996.23     
   12722  -998.87     
   12723  -556.03     
   12724  -998.55     
   12725  -996.60     
   12726  -565.33     
   12727  -573.34     
   12728  -585.98     
   12729  -580.32     
   12730  -991.91     
   12731  -598.25     
   12732  -591.57     
   12733  -982.27     
   12734  -987.92     
   12735  -991.91     
   12736  -992.91     
   12737  -593.08     
   12738  -600.72     
   12739  -608.13     
   12740  -924.52     
   12741  -992.72     
   12742  -993.18     
   12743  -598.34     
   12744  -596.28     
   12745  -639.15     
   12746  -965.15     
   12747  -953.33     
   12748  -610.98     
   12749  -984.76     
   12750  -599.14     
   12751  -599.33     
   12752  -601.54     
   12753  -994.27     
 
  ***** POST1 NODAL DEGREE OF FREEDOM LISTING *****                            
 
  LOAD STEP=     1  SUBSTEP=     1                                             
   TIME=    1.0000      LOAD CASE=   0                                         
 
    NODE       VOLT  
   12754  -994.32     
   12755  -994.34     
   12756  -773.06     
   12757  -747.91     
   12758  -709.90     
   12759  -754.69     
   12760  -730.96     
   12761  -815.62     
   12762  -757.40     
   12763  -862.97     
   12764  -838.97     
   12765  -804.97     
   12766  -790.18     
   12767  -855.24     
   12768  -814.50     
   12769  -600.02     
   12770  -600.11     
   12771  -600.86     
   12772  -996.74     
   12773  -996.98     
   12774  -995.77     
   12775  -606.33     
   12776  -604.10     
   12777  -990.53     
   12778  -988.30     
   12779  -604.34     
   12780  -992.69     
   12781  -994.55     
   12782  -995.88     
   12783  -600.49     
   12784  -600.16     
   12785  -906.23     
   12786  -688.30     
   12787  -662.81     
   12788  -948.80     
   12789  -925.44     
   12790  -616.77     
   12791  -982.68     
   12792  -904.31     
 
  ***** POST1 NODAL DEGREE OF FREEDOM LISTING *****                            
 
  LOAD STEP=     1  SUBSTEP=     1                                             
   TIME=    1.0000      LOAD CASE=   0                                         
 
    NODE       VOLT  
   12793  -996.61     
   12794  -600.57     
   12795  -702.38     
   12796  -647.71     
   12797  -955.38     
   12798  -745.50     
   12799  -723.46     
   12800  -883.58     
   12801  -862.32     
   12802  -633.54     
   12803  -623.57     
   12804  -977.98     
   12805  -967.99     
   12806  -600.40     
   12807  -600.40     
   12808  -600.19     
   12809  -600.20     
   12810  -600.15     
   12811  -600.08     
   12812  -600.09     
   12813  -600.12     
   12814  -600.27     
   12815  -600.17     
   12816  -601.70     
   12817  -601.08     
   12818  -602.55     
   12819  -997.98     
   12820  -997.25     
   12821  -999.04     
   12822  -999.05     
   12823  -998.27     
   12824  -998.30     
   12825  -998.32     
   12826  -998.54     
   12827  -998.49     
   12828  -998.39     
   12829  -996.64     
   12830  -996.02     
   12831  -995.56     
 
  ***** POST1 NODAL DEGREE OF FREEDOM LISTING *****                            
 
  LOAD STEP=     1  SUBSTEP=     1                                             
   TIME=    1.0000      LOAD CASE=   0                                         
 
    NODE       VOLT  
   12832  -600.28     
   12833  -600.19     
   12834  -600.23     
   12835  -998.13     
   12836  -998.18     
   12837  -998.23     
   12838  -690.83     
   12839  -910.91     
   12840  -673.67     
   12841  -660.93     
   12842  -941.67     
   12843  -928.69     
   12844  -606.45     
   12845  -604.18     
   12846  -993.80     
   12847  -991.29     
   12848  -989.86     
   12849  -607.70     
   12850  -928.44     
   12851  -675.09     
   12852  -996.60     
   12853  -600.25     
   12854  -993.99     
   12855  -997.05     
   12856  -996.79     
   12857  -998.11     
   12858  -602.42     
   12859  -600.25     
   12860  -600.01     
   12861  -600.37     
   12862  -971.22     
   12863  -629.33     
   12864  -881.08     
   12865  -731.94     
   12866  -926.08     
   12867  -989.59     
   12868  -602.62     
   12869  -829.33     
   12870  -780.82     
 
  ***** POST1 NODAL DEGREE OF FREEDOM LISTING *****                            
 
  LOAD STEP=     1  SUBSTEP=     1                                             
   TIME=    1.0000      LOAD CASE=   0                                         
 
    NODE       VOLT  
   12871  -729.68     
   12872  -992.98     
   12873  -596.99     
   12874  -997.19     
   12875  -8.0886     
   12876  -10.604     
   12877  -2348.0     
   12878  -2347.4     
   12879  -981.96     
   12880  -618.19     
   12881  -601.31     
   12882  -600.56     
   12883  -601.34     
   12884  -602.65     
   12885  -602.26     
   12886  -602.25     
   12887  -600.44     
   12888  -990.61     
   12889  -607.18     
   12890  -616.29     
   12891  -980.58     
   12892  -743.06     
   12893  -996.91     
   12894  -995.12     
   12895  -991.72     
   12896  -991.78     
   12897  -992.59     
   12898  -989.30     
   12899  -993.53     
   12900  -607.98     
   12901  -602.52     
   12902  -602.50     
   12903  -601.25     
   12904  -662.50     
   12905  -700.24     
   12906  -715.06     
   12907  -750.01     
   12908  -775.87     
   12909  -661.03     
 
  ***** POST1 NODAL DEGREE OF FREEDOM LISTING *****                            
 
  LOAD STEP=     1  SUBSTEP=     1                                             
   TIME=    1.0000      LOAD CASE=   0                                         
 
    NODE       VOLT  
   12910  -899.28     
   12911  -891.09     
   12912  -861.59     
   12913  -888.97     
   12914  -739.15     
   12915  -719.24     
   12916  -747.41     
   12917  -743.07     
   12918  -719.52     
   12919  -994.59     
   12920  -997.13     
   12921  -994.80     
   12922  -994.81     
   12923  -986.51     
   12924  -993.70     
   12925  -983.52     
   12926  -993.77     
   12927  -986.02     
   12928  -997.30     
   12929  -994.13     
   12930  -991.19     
   12931  -966.71     
   12932  -959.69     
   12933  -937.06     
   12934  -991.54     
   12935  -600.97     
   12936  -600.04     
   12937  -600.47     
   12938  -601.58     
   12939  -929.61     
   12940  -966.99     
   12941  -903.74     
   12942  -902.93     
   12943  -907.42     
   12944  -610.43     
   12945  -609.53     
   12946  -812.88     
   12947  -861.79     
   12948  -843.98     
 
  ***** POST1 NODAL DEGREE OF FREEDOM LISTING *****                            
 
  LOAD STEP=     1  SUBSTEP=     1                                             
   TIME=    1.0000      LOAD CASE=   0                                         
 
    NODE       VOLT  
   12949  -772.54     
   12950  -810.09     
   12951  -981.13     
   12952  -971.98     
   12953  -576.05     
   12954  -590.54     
   12955  -589.46     
   12956  -725.41     
   12957  -862.33     
   12958  -920.90     
   12959  -601.61     
   12960  -601.80     
   12961  -602.35     
   12962  -603.52     
   12963  -610.18     
   12964  -597.66     
   12965  -600.75     
   12966  -599.32     
   12967  -901.49     
   12968  -904.37     
   12969  -971.26     
   12970  -854.64     
   12971  -805.91     
   12972  -850.01     
   12973  -861.63     
   12974  -912.48     
   12975  -812.78     
   12976  -914.69     
   12977  -610.84     
   12978  -613.18     
   12979  -641.87     
   12980  -684.31     
   12981  -665.15     
   12982  -946.15     
   12983  -601.30     
   12984  -664.66     
   12985  -665.83     
   12986  -939.45     
   12987  -969.37     
 
  ***** POST1 NODAL DEGREE OF FREEDOM LISTING *****                            
 
  LOAD STEP=     1  SUBSTEP=     1                                             
   TIME=    1.0000      LOAD CASE=   0                                         
 
    NODE       VOLT  
   12988  -957.41     
   12989  -698.44     
   12990  -600.12     
   12991  -679.63     
   12992  -751.92     
   12993  -604.39     
   12994  -996.35     
   12995  -600.69     
   12996  -602.46     
   12997  -611.63     
   12998  -892.82     
   12999  -997.18     
   13000  -600.28     
   13001  -600.46     
   13002  -603.79     
   13003  -601.04     
   13004  -600.59     
   13005  -600.58     
   13006  -600.44     
   13007  -630.92     
   13008  -644.03     
   13009  -1591.7     
   13010  -600.86     
   13011  -600.36     
   13012  -600.64     
   13013  -600.49     
   13014  -600.29     
   13015  -600.68     
   13016  -601.36     
   13017  -600.69     
   13018  -600.83     
   13019  -600.51     
   13020  -600.83     
   13021  -601.04     
   13022  -601.86     
   13023  -606.90     
   13024  -614.77     
   13025  -605.04     
   13026  -601.40     
 
  ***** POST1 NODAL DEGREE OF FREEDOM LISTING *****                            
 
  LOAD STEP=     1  SUBSTEP=     1                                             
   TIME=    1.0000      LOAD CASE=   0                                         
 
    NODE       VOLT  
   13027  -601.34     
   13028  -600.40     
   13029  -600.94     
   13030  -601.66     
   13031  -600.31     
   13032  -600.24     
   13033  -600.79     
   13034  -600.91     
   13035  -600.40     
   13036  -600.24     
   13037  -600.22     
   13038  -600.21     
   13039  -995.76     
   13040  -996.07     
   13041  -995.52     
   13042  -600.34     
   13043  -600.27     
   13044  -606.25     
   13045  -606.41     
   13046  -613.77     
   13047  -615.46     
   13048  -611.04     
   13049  -602.16     
   13050  -1339.2     
   13051  -1335.5     
   13052  -969.18     
   13053  -966.75     
   13054  -975.74     
   13055  -991.00     
   13056  -982.29     
   13057  -983.82     
   13058  -976.67     
   13059  -989.97     
   13060  -968.90     
   13061  -737.20     
   13062  -752.01     
   13063  -728.54     
   13064  -725.34     
   13065  -720.69     
 
  ***** POST1 NODAL DEGREE OF FREEDOM LISTING *****                            
 
  LOAD STEP=     1  SUBSTEP=     1                                             
   TIME=    1.0000      LOAD CASE=   0                                         
 
    NODE       VOLT  
   13066  -744.48     
   13067  -995.89     
   13068  -996.23     
   13069  -997.23     
   13070  -998.53     
   13071  -997.37     
   13072  -998.55     
   13073  -998.35     
   13074  -998.42     
   13075  -998.48     
   13076  -998.55     
   13077  -998.53     
   13078  -998.48     
   13079  -998.54     
   13080  -1417.2     
   13081  -994.50     
   13082  -992.99     
   13083  -993.47     
   13084  -996.53     
   13085  -993.76     
   13086  -993.94     
   13087  -989.92     
   13088  -989.78     
   13089  -991.33     
   13090  -992.21     
   13091  -992.36     
   13092  -992.06     
   13093  -992.11     
   13094  -990.26     
   13095  -990.51     
   13096  -991.44     
   13097  -988.39     
   13098  -992.92     
   13099  -994.10     
   13100  -992.89     
   13101  -992.77     
   13102  -993.55     
   13103  -992.55     
   13104  -992.83     
 
  ***** POST1 NODAL DEGREE OF FREEDOM LISTING *****                            
 
  LOAD STEP=     1  SUBSTEP=     1                                             
   TIME=    1.0000      LOAD CASE=   0                                         
 
    NODE       VOLT  
   13105  -992.76     
   13106  -992.64     
   13107  -604.68     
   13108  -604.83     
   13109  -608.33     
   13110  -606.36     
   13111  -606.32     
   13112  -603.13     
   13113  -603.35     
   13114  -618.95     
   13115  -623.61     
   13116  -604.77     
   13117  -602.14     
   13118  -604.82     
   13119  -603.00     
   13120  -604.86     
   13121  -602.92     
   13122  -601.72     
   13123  -602.16     
   13124  -602.51     
   13125  -601.76     
   13126  -602.18     
   13127  -602.32     
   13128  -600.78     
   13129  -602.35     
   13130  -689.35     
   13131  -684.23     
   13132  -710.12     
   13133  -718.76     
   13134  -690.53     
   13135  -707.76     
   13136  -737.26     
   13137  -731.65     
   13138  -723.51     
   13139  -741.00     
   13140  -729.98     
   13141  -746.75     
   13142  -748.12     
   13143  -765.97     
 
  ***** POST1 NODAL DEGREE OF FREEDOM LISTING *****                            
 
  LOAD STEP=     1  SUBSTEP=     1                                             
   TIME=    1.0000      LOAD CASE=   0                                         
 
    NODE       VOLT  
   13144  -748.32     
   13145  -744.99     
   13146  -763.28     
   13147  -778.41     
   13148  -736.53     
   13149  -686.05     
   13150  -668.67     
   13151  -695.45     
   13152  -662.56     
   13153  -669.80     
   13154  -723.34     
   13155  -679.71     
   13156  -722.81     
   13157  -694.47     
   13158  -715.66     
   13159  -1401.0     
   13160  -894.80     
   13161  -910.94     
   13162  -912.97     
   13163  -892.59     
   13164  -888.60     
   13165  -1713.1     
   13166  -845.35     
   13167  -867.74     
   13168  -857.36     
   13169  -1662.4     
   13170  -1658.7     
   13171  -887.81     
   13172  -901.37     
   13173  -874.76     
   13174  -881.76     
   13175  -876.78     
   13176  -911.55     
   13177  -919.42     
   13178  -729.09     
   13179  -733.32     
   13180  -743.46     
   13181  -741.35     
   13182  -731.93     
 
  ***** POST1 NODAL DEGREE OF FREEDOM LISTING *****                            
 
  LOAD STEP=     1  SUBSTEP=     1                                             
   TIME=    1.0000      LOAD CASE=   0                                         
 
    NODE       VOLT  
   13183  -745.13     
   13184  -735.25     
   13185  -739.65     
   13186  -724.41     
   13187  -729.22     
   13188  -720.12     
   13189  -732.29     
   13190  -721.39     
   13191  -731.80     
   13192  -1692.2     
   13193  -1688.4     
   13194  -755.87     
   13195  -754.46     
   13196  -736.58     
   13197  -721.58     
   13198  -725.84     
   13199  -997.11     
   13200  -996.68     
   13201  -995.68     
   13202  -998.42     
   13203  -998.33     
   13204  -994.36     
   13205  -995.35     
   13206  -998.26     
   13207  -998.08     
   13208  -994.34     
   13209  -998.70     
   13210  -997.09     
   13211  -995.87     
   13212  -995.68     
   13213  -997.22     
   13214  -994.87     
   13215  -998.54     
   13216  -991.88     
   13217  -989.47     
   13218  -987.63     
   13219  -993.56     
   13220  -992.62     
   13221  -998.35     
 
  ***** POST1 NODAL DEGREE OF FREEDOM LISTING *****                            
 
  LOAD STEP=     1  SUBSTEP=     1                                             
   TIME=    1.0000      LOAD CASE=   0                                         
 
    NODE       VOLT  
   13222  -993.27     
   13223  -990.96     
   13224  -992.19     
   13225  -995.30     
   13226  -995.19     
   13227  -992.66     
   13228  -990.52     
   13229  -986.65     
   13230  -987.54     
   13231  -993.47     
   13232  -990.54     
   13233  -989.69     
   13234  -994.05     
   13235  -995.91     
   13236  -992.94     
   13237  -996.00     
   13238  -994.94     
   13239  -997.35     
   13240  -996.67     
   13241  -996.85     
   13242  -996.18     
   13243  -1112.6     
   13244  -997.10     
   13245  -998.47     
   13246  -996.97     
   13247  -992.71     
   13248  -995.14     
   13249  -989.86     
   13250  -989.28     
   13251  -996.14     
   13252  -993.52     
   13253  -1120.0     
   13254  -993.64     
   13255  -990.75     
   13256  -995.29     
   13257  -995.95     
   13258  -992.39     
   13259  -995.89     
   13260  -992.74     
 
  ***** POST1 NODAL DEGREE OF FREEDOM LISTING *****                            
 
  LOAD STEP=     1  SUBSTEP=     1                                             
   TIME=    1.0000      LOAD CASE=   0                                         
 
    NODE       VOLT  
   13261  -989.72     
   13262  -994.09     
   13263  -992.59     
   13264  -992.03     
   13265  -991.06     
   13266  -989.51     
   13267  -989.29     
   13268  -989.01     
   13269  -991.51     
   13270  -985.70     
   13271  -993.91     
   13272  -991.72     
   13273  -992.01     
   13274  -992.50     
   13275  -992.71     
   13276  -992.93     
   13277  -993.51     
   13278  -992.70     
   13279  -977.46     
   13280  -974.68     
   13281  -987.10     
   13282  -995.61     
   13283  -985.28     
   13284  -989.45     
   13285  -962.81     
   13286  -961.49     
   13287  -961.44     
   13288  -977.79     
   13289  -974.61     
   13290  -977.80     
   13291  -944.79     
   13292  -940.03     
   13293  -953.75     
   13294  -947.66     
   13295  -929.49     
   13296  -972.19     
   13297  -984.22     
   13298  -1105.1     
   13299  -1108.9     
 
  ***** POST1 NODAL DEGREE OF FREEDOM LISTING *****                            
 
  LOAD STEP=     1  SUBSTEP=     1                                             
   TIME=    1.0000      LOAD CASE=   0                                         
 
    NODE       VOLT  
   13300  -977.02     
   13301  -994.14     
   13302  -982.26     
   13303  -977.85     
   13304  -993.06     
   13305  -1684.7     
   13306  -1695.9     
   13307  -600.40     
   13308  -600.31     
   13309  -600.35     
   13310  -600.42     
   13311  -600.69     
   13312  -600.22     
   13313  -600.26     
   13314  -600.35     
   13315  -600.33     
   13316  -600.69     
   13317  -600.47     
   13318  -600.40     
   13319  -600.17     
   13320  -600.21     
   13321  -600.15     
   13322  -600.09     
   13323  -600.11     
   13324  -600.11     
   13325  -599.98     
   13326  -600.89     
   13327  -600.50     
   13328  -600.33     
   13329  -600.62     
   13330  -949.72     
   13331  -963.24     
   13332  -942.43     
   13333  -942.64     
   13334  -964.03     
   13335  -917.28     
   13336  -902.92     
   13337  -915.37     
   13338  -908.94     
 
  ***** POST1 NODAL DEGREE OF FREEDOM LISTING *****                            
 
  LOAD STEP=     1  SUBSTEP=     1                                             
   TIME=    1.0000      LOAD CASE=   0                                         
 
    NODE       VOLT  
   13339  -895.77     
   13340  -895.32     
   13341  -919.69     
   13342  -910.18     
   13343  -918.58     
   13344  -897.60     
   13345  -904.13     
   13346  -919.17     
   13347  -926.80     
   13348  -913.08     
   13349  -919.85     
   13350  -931.92     
   13351  -906.28     
   13352  -618.47     
   13353  -631.87     
   13354  -616.42     
   13355  -617.26     
   13356  -633.10     
   13357  -610.98     
   13358  -609.58     
   13359  -607.49     
   13360  -604.47     
   13361  -607.19     
   13362  -602.75     
   13363  -605.13     
   13364  -609.61     
   13365  -617.29     
   13366  -608.46     
   13367  -617.71     
   13368  -607.33     
   13369  -617.68     
   13370  -603.99     
   13371  -605.48     
   13372  -604.59     
   13373  -1087.3     
   13374  -836.91     
   13375  -847.10     
   13376  -821.61     
   13377  -820.62     
 
  ***** POST1 NODAL DEGREE OF FREEDOM LISTING *****                            
 
  LOAD STEP=     1  SUBSTEP=     1                                             
   TIME=    1.0000      LOAD CASE=   0                                         
 
    NODE       VOLT  
   13378  -846.04     
   13379  -837.74     
   13380  -828.20     
   13381  -806.35     
   13382  -821.35     
   13383  -806.30     
   13384  -786.34     
   13385  -792.82     
   13386  -793.94     
   13387  -787.48     
   13388  -773.94     
   13389  -786.52     
   13390  -811.49     
   13391  -791.44     
   13392  -805.04     
   13393  -837.77     
   13394  -818.53     
   13395  -836.16     
   13396  -792.54     
   13397  -993.27     
   13398  -993.65     
   13399  -992.16     
   13400  -991.86     
   13401  -992.98     
   13402  -995.37     
   13403  -994.59     
   13404  -989.16     
   13405  -992.63     
   13406  -992.35     
   13407  -993.90     
   13408  -995.82     
   13409  -992.68     
   13410  -995.41     
   13411  -993.92     
   13412  -993.30     
   13413  -996.09     
   13414  -995.46     
   13415  -995.32     
   13416  -996.06     
 
  ***** POST1 NODAL DEGREE OF FREEDOM LISTING *****                            
 
  LOAD STEP=     1  SUBSTEP=     1                                             
   TIME=    1.0000      LOAD CASE=   0                                         
 
    NODE       VOLT  
   13417  -992.01     
   13418  -990.43     
   13419  -1952.2     
   13420  -1948.5     
   13421  -995.20     
   13422  -996.15     
   13423  -992.73     
   13424  -996.43     
   13425  -986.74     
   13426  -997.31     
   13427  -998.16     
   13428  -995.99     
   13429  -997.24     
   13430  -998.12     
   13431  -997.37     
   13432  -998.13     
   13433  -995.23     
   13434  -995.19     
   13435  -996.94     
   13436  -999.04     
   13437  -996.59     
   13438  -999.01     
   13439  -997.39     
   13440  -984.04     
   13441  -975.66     
   13442  -984.72     
   13443  -985.89     
   13444  -1993.1     
   13445  -1996.8     
   13446  -1918.8     
   13447  -1915.1     
   13448  -981.87     
   13449  -980.73     
   13450  -976.06     
   13451  -986.38     
   13452  -561.10     
   13453  -568.59     
   13454  -568.59     
   13455  -572.84     
 
  ***** POST1 NODAL DEGREE OF FREEDOM LISTING *****                            
 
  LOAD STEP=     1  SUBSTEP=     1                                             
   TIME=    1.0000      LOAD CASE=   0                                         
 
    NODE       VOLT  
   13456  -576.59     
   13457  -579.90     
   13458  -587.58     
   13459  -583.28     
   13460  -582.82     
   13461  -586.73     
   13462  -589.91     
   13463  -583.34     
   13464  -576.59     
   13465  -570.99     
   13466  -997.93     
   13467  -998.56     
   13468  -998.69     
   13469  -997.74     
   13470  -997.33     
   13471  -995.77     
   13472  -997.35     
   13473  -998.06     
   13474  -998.15     
   13475  -997.57     
   13476  -998.21     
   13477  -997.68     
   13478  -997.77     
   13479  -989.77     
   13480  -992.16     
   13481  -989.65     
   13482  -992.11     
   13483  -993.34     
   13484  -988.10     
   13485  -981.37     
   13486  -987.69     
   13487  -996.56     
   13488  -995.17     
   13489  -998.09     
   13490  -996.22     
   13491  -1982.0     
   13492  -991.75     
   13493  -993.82     
   13494  -1116.3     
 
  ***** POST1 NODAL DEGREE OF FREEDOM LISTING *****                            
 
  LOAD STEP=     1  SUBSTEP=     1                                             
   TIME=    1.0000      LOAD CASE=   0                                         
 
    NODE       VOLT  
   13495  -995.24     
   13496  -761.33     
   13497  -774.55     
   13498  -761.79     
   13499  -776.12     
   13500  -788.02     
   13501  -764.18     
   13502  -751.87     
   13503  -737.88     
   13504  -724.40     
   13505  -759.90     
   13506  -746.91     
   13507  -751.18     
   13508  -772.97     
   13509  -853.05     
   13510  -826.73     
   13511  -836.90     
   13512  -845.75     
   13513  -820.48     
   13514  -832.93     
   13515  -820.92     
   13516  -861.64     
   13517  -852.81     
   13518  -894.03     
   13519  -905.52     
   13520  -881.44     
   13521  -867.98     
   13522  -875.56     
   13523  -846.85     
   13524  -819.99     
   13525  -835.32     
   13526  -852.99     
   13527  -837.43     
   13528  -845.76     
   13529  -843.73     
   13530  -864.66     
   13531  -851.84     
   13532  -874.55     
   13533  -892.13     
 
  ***** POST1 NODAL DEGREE OF FREEDOM LISTING *****                            
 
  LOAD STEP=     1  SUBSTEP=     1                                             
   TIME=    1.0000      LOAD CASE=   0                                         
 
    NODE       VOLT  
   13534  -911.29     
   13535  -882.40     
   13536  -877.62     
   13537  -904.75     
   13538  -896.14     
   13539  -868.82     
   13540  -861.21     
   13541  -902.97     
   13542  -888.38     
   13543  -601.77     
   13544  -600.64     
   13545  -600.66     
   13546  -600.65     
   13547  -600.62     
   13548  -600.31     
   13549  -600.79     
   13550  -600.80     
   13551  -601.31     
   13552  -601.21     
   13553  -600.73     
   13554  -600.90     
   13555  -601.05     
   13556  -600.56     
   13557  -600.21     
   13558  -600.66     
   13559  -600.54     
   13560  -600.19     
   13561  -600.75     
   13562  -600.35     
   13563  -602.23     
   13564  -600.75     
   13565  -603.59     
   13566  -604.51     
   13567  -602.58     
   13568  -601.38     
   13569  -601.74     
   13570  -602.55     
   13571  -600.99     
   13572  -599.48     
 
  ***** POST1 NODAL DEGREE OF FREEDOM LISTING *****                            
 
  LOAD STEP=     1  SUBSTEP=     1                                             
   TIME=    1.0000      LOAD CASE=   0                                         
 
    NODE       VOLT  
   13573  -600.27     
   13574  -599.18     
   13575  -604.94     
   13576  -607.00     
   13577  -603.54     
   13578  -600.11     
   13579  -599.51     
   13580  -605.27     
   13581  -609.88     
   13582  -610.17     
   13583  -1133.5     
   13584  -600.55     
   13585  -600.39     
   13586  -599.72     
   13587  -597.09     
   13588  -599.52     
   13589  -594.32     
   13590  -595.47     
   13591  -599.52     
   13592  -601.07     
   13593  -597.69     
   13594  -603.59     
   13595  -604.74     
   13596  -600.33     
   13597  -603.26     
   13598  -600.32     
   13599  -597.59     
   13600  -596.44     
   13601  -598.61     
   13602  -1101.4     
   13603  -1097.7     
   13604  -595.57     
   13605  -598.56     
   13606  -594.09     
   13607  -598.54     
   13608  -595.99     
   13609  -594.54     
   13610  -592.99     
   13611  -589.39     
 
  ***** POST1 NODAL DEGREE OF FREEDOM LISTING *****                            
 
  LOAD STEP=     1  SUBSTEP=     1                                             
   TIME=    1.0000      LOAD CASE=   0                                         
 
    NODE       VOLT  
   13612  -986.24     
   13613  -986.13     
   13614  -985.63     
   13615  -989.86     
   13616  -987.51     
   13617  -993.06     
   13618  -2000.5     
   13619  -995.29     
   13620  -992.67     
   13621  -1974.5     
   13622  -1978.2     
   13623  -919.63     
   13624  -914.05     
   13625  -909.59     
   13626  -890.38     
   13627  -932.06     
   13628  -915.95     
   13629  -922.31     
   13630  -891.53     
   13631  -965.13     
   13632  -981.44     
   13633  -981.40     
   13634  -982.81     
   13635  -967.80     
   13636  -964.36     
   13637  -982.11     
   13638  -966.03     
   13639  -952.20     
   13640  -963.39     
   13641  -841.63     
   13642  -829.55     
   13643  -817.35     
   13644  -839.79     
   13645  -852.21     
   13646  -827.99     
   13647  -855.62     
   13648  -886.28     
   13649  -881.94     
   13650  -881.59     
 
  ***** POST1 NODAL DEGREE OF FREEDOM LISTING *****                            
 
  LOAD STEP=     1  SUBSTEP=     1                                             
   TIME=    1.0000      LOAD CASE=   0                                         
 
    NODE       VOLT  
   13651  -886.72     
   13652  -910.56     
   13653  -809.33     
   13654  -833.25     
   13655  -837.96     
   13656  -833.74     
   13657  -858.06     
   13658  -827.69     
   13659  -848.86     
   13660  -854.35     
   13661  -885.61     
   13662  -865.95     
   13663  -865.49     
   13664  -865.77     
   13665  -856.08     
   13666  -876.21     
   13667  -877.01     
   13668  -873.22     
   13669  -882.13     
   13670  -793.43     
   13671  -791.12     
   13672  -767.26     
   13673  -817.29     
   13674  -845.71     
   13675  -821.04     
   13676  -785.37     
   13677  -878.69     
   13678  -863.55     
   13679  -889.63     
   13680  -907.46     
   13681  -884.56     
   13682  -896.58     
   13683  -870.91     
   13684  -880.91     
   13685  -897.12     
   13686  -860.51     
   13687  -871.88     
   13688  -850.38     
   13689  -925.47     
 
  ***** POST1 NODAL DEGREE OF FREEDOM LISTING *****                            
 
  LOAD STEP=     1  SUBSTEP=     1                                             
   TIME=    1.0000      LOAD CASE=   0                                         
 
    NODE       VOLT  
   13690  -942.06     
   13691  -922.81     
   13692  -912.96     
   13693  -939.00     
   13694  -906.57     
   13695  -655.18     
   13696  -653.17     
   13697  -666.12     
   13698  -667.02     
   13699  -636.17     
   13700  -624.92     
   13701  -618.99     
   13702  -644.72     
   13703  -639.07     
   13704  -612.75     
   13705  -625.64     
   13706  -619.11     
   13707  -624.23     
   13708  -627.89     
   13709  -640.03     
   13710  -659.48     
   13711  -665.61     
   13712  -644.60     
   13713  -661.09     
   13714  -647.32     
   13715  -689.72     
   13716  -692.56     
   13717  -673.06     
   13718  -663.58     
   13719  -684.37     
   13720  -676.12     
   13721  -2212.3     
   13722  -2208.6     
   13723  -949.87     
   13724  -939.04     
   13725  -941.52     
   13726  -949.69     
   13727  -905.15     
   13728  -881.71     
 
  ***** POST1 NODAL DEGREE OF FREEDOM LISTING *****                            
 
  LOAD STEP=     1  SUBSTEP=     1                                             
   TIME=    1.0000      LOAD CASE=   0                                         
 
    NODE       VOLT  
   13729  -867.63     
   13730  -890.19     
   13731  -887.87     
   13732  -884.45     
   13733  -887.50     
   13734  -877.67     
   13735  -862.41     
   13736  -910.05     
   13737  -909.30     
   13738  -888.43     
   13739  -930.27     
   13740  -928.36     
   13741  -601.00     
   13742  -600.80     
   13743  -600.76     
   13744  -600.49     
   13745  -600.55     
   13746  -600.46     
   13747  -600.32     
   13748  -600.40     
   13749  -601.58     
   13750  -600.63     
   13751  -603.18     
   13752  -602.67     
   13753  -600.46     
   13754  -605.13     
   13755  -624.79     
   13756  -618.39     
   13757  -642.54     
   13758  -653.03     
   13759  -634.62     
   13760  -633.79     
   13761  -653.45     
   13762  -618.34     
   13763  -665.72     
   13764  -688.59     
   13765  -681.82     
   13766  -673.13     
   13767  -655.68     
 
  ***** POST1 NODAL DEGREE OF FREEDOM LISTING *****                            
 
  LOAD STEP=     1  SUBSTEP=     1                                             
   TIME=    1.0000      LOAD CASE=   0                                         
 
    NODE       VOLT  
   13768  -668.57     
   13769  -689.16     
   13770  -689.88     
   13771  -669.28     
   13772  -699.60     
   13773  -699.17     
   13774  -672.35     
   13775  -703.17     
   13776  -705.71     
   13777  -702.85     
   13778  -679.47     
   13779  -689.67     
   13780  -677.00     
   13781  -673.60     
   13782  -692.38     
   13783  -709.76     
   13784  -955.26     
   13785  -967.91     
   13786  -957.23     
   13787  -954.82     
   13788  -968.90     
   13789  -966.47     
   13790  -947.09     
   13791  -930.60     
   13792  -948.76     
   13793  -937.61     
   13794  -946.73     
   13795  -965.48     
   13796  -933.93     
   13797  -903.48     
   13798  -913.99     
   13799  -922.77     
   13800  -949.10     
   13801  -961.63     
   13802  -943.04     
   13803  -935.88     
   13804  -929.79     
   13805  -932.73     
   13806  -924.15     
 
  ***** POST1 NODAL DEGREE OF FREEDOM LISTING *****                            
 
  LOAD STEP=     1  SUBSTEP=     1                                             
   TIME=    1.0000      LOAD CASE=   0                                         
 
    NODE       VOLT  
   13807  -665.68     
   13808  -687.26     
   13809  -668.19     
   13810  -667.13     
   13811  -2277.8     
   13812  -654.71     
   13813  -655.35     
   13814  -636.02     
   13815  -619.53     
   13816  -619.63     
   13817  -665.60     
   13818  -644.50     
   13819  -646.70     
   13820  -621.85     
   13821  -633.46     
   13822  -655.82     
   13823  -619.98     
   13824  -657.36     
   13825  -668.41     
   13826  -664.46     
   13827  -666.34     
   13828  -756.54     
   13829  -746.63     
   13830  -757.48     
   13831  -2249.5     
   13832  -2245.8     
   13833  -754.17     
   13834  -770.85     
   13835  -758.17     
   13836  -760.32     
   13837  -735.19     
   13838  -721.96     
   13839  -726.00     
   13840  -740.85     
   13841  -727.87     
   13842  -708.48     
   13843  -708.28     
   13844  -719.79     
   13845  -682.27     
 
  ***** POST1 NODAL DEGREE OF FREEDOM LISTING *****                            
 
  LOAD STEP=     1  SUBSTEP=     1                                             
   TIME=    1.0000      LOAD CASE=   0                                         
 
    NODE       VOLT  
   13846  -733.86     
   13847  -593.64     
   13848  -594.18     
   13849  -489.50     
   13850  -474.44     
   13851  -587.81     
   13852  -595.22     
   13853  -600.92     
   13854  -594.91     
   13855  -598.05     
   13856  -600.34     
   13857  -599.30     
   13858  -598.92     
   13859  -599.97     
   13860  -600.07     
   13861  -593.45     
   13862  -590.78     
   13863  -942.88     
   13864  -948.31     
   13865  -963.03     
   13866  -968.41     
   13867  -982.50     
   13868  -981.82     
   13869  -979.10     
   13870  -600.88     
   13871  -596.07     
   13872  -595.74     
   13873  -604.66     
   13874  -582.26     
   13875  -599.98     
   13876  -603.10     
   13877  -596.33     
   13878  -697.93     
   13879  -681.83     
   13880  -702.96     
   13881  -703.81     
   13882  -682.06     
   13883  -774.79     
   13884  -786.46     
 
  ***** POST1 NODAL DEGREE OF FREEDOM LISTING *****                            
 
  LOAD STEP=     1  SUBSTEP=     1                                             
   TIME=    1.0000      LOAD CASE=   0                                         
 
    NODE       VOLT  
   13885  -779.65     
   13886  -805.03     
   13887  -2270.4     
   13888  -748.92     
   13889  -747.47     
   13890  -775.51     
   13891  -774.43     
   13892  -673.25     
   13893  -679.00     
   13894  -772.40     
   13895  -745.20     
   13896  -829.14     
   13897  -826.86     
   13898  -814.37     
   13899  -806.29     
   13900  -786.52     
   13901  -934.01     
   13902  -913.49     
   13903  -916.10     
   13904  -902.58     
   13905  -895.43     
   13906  -894.33     
   13907  -871.95     
   13908  -806.26     
   13909  -802.98     
   13910  -794.42     
   13911  -788.00     
   13912  -533.62     
   13913  -518.39     
   13914  -863.13     
   13915  -865.92     
   13916  -788.06     
   13917  -802.89     
   13918  -779.42     
   13919  -764.03     
   13920  -776.08     
   13921  -796.75     
   13922  -823.87     
   13923  -832.74     
 
  ***** POST1 NODAL DEGREE OF FREEDOM LISTING *****                            
 
  LOAD STEP=     1  SUBSTEP=     1                                             
   TIME=    1.0000      LOAD CASE=   0                                         
 
    NODE       VOLT  
   13924  -932.68     
   13925  -922.87     
   13926  -2344.0     
   13927  -930.05     
   13928  -921.34     
   13929  -955.22     
   13930  -941.05     
   13931  -951.71     
   13932  -907.69     
   13933  -921.13     
   13934  -935.79     
   13935  -937.61     
   13936  -849.44     
   13937  -844.70     
   13938  -822.86     
   13939  -916.13     
   13940  -613.27     
   13941  -619.88     
   13942  -806.26     
   13943  -790.20     
   13944  -826.43     
   13945  -601.01     
   13946  -598.82     
   13947  -601.63     
   13948  -601.85     
   13949  -600.87     
   13950  -601.33     
   13951  -601.34     
   13952  -601.77     
   13953  -602.85     
   13954  -601.73     
   13955  -602.67     
   13956  -601.61     
   13957  -600.86     
   13958  -604.91     
   13959  -608.40     
   13960  -605.12     
   13961  -602.57     
   13962  -607.69     
 
  ***** POST1 NODAL DEGREE OF FREEDOM LISTING *****                            
 
  LOAD STEP=     1  SUBSTEP=     1                                             
   TIME=    1.0000      LOAD CASE=   0                                         
 
    NODE       VOLT  
   13963  -608.36     
   13964  -601.31     
   13965  -993.41     
   13966  -978.10     
   13967  -982.21     
   13968  -990.16     
   13969  -991.40     
   13970  -994.57     
   13971  -993.04     
   13972  -995.01     
   13973  -997.70     
   13974  -996.65     
   13975  -995.86     
   13976  -997.50     
   13977  -994.67     
   13978  -674.06     
   13979  -655.33     
   13980  -654.72     
   13981  -994.11     
   13982  -994.92     
   13983  -991.39     
   13984  -988.52     
   13985  -992.65     
   13986  -806.25     
   13987  -788.09     
   13988  -773.33     
   13989  -760.79     
   13990  -747.43     
   13991  -603.28     
   13992  -587.66     
   13993  -580.72     
   13994  -588.91     
   13995  -582.29     
   13996  -771.10     
   13997  -702.25     
   13998  -759.09     
   13999  -761.38     
   14000  -921.37     
   14001  -944.49     
 
  ***** POST1 NODAL DEGREE OF FREEDOM LISTING *****                            
 
  LOAD STEP=     1  SUBSTEP=     1                                             
   TIME=    1.0000      LOAD CASE=   0                                         
 
    NODE       VOLT  
   14002  -934.48     
   14003  -956.41     
   14004  -945.08     
   14005  -941.59     
   14006  -967.49     
   14007  -934.12     
   14008  -916.06     
   14009  -929.09     
   14010  -905.27     
   14011  -919.40     
   14012  -884.35     
   14013  -872.43     
   14014  -891.99     
   14015  -917.53     
   14016  -739.28     
   14017  -743.64     
   14018  -705.29     
   14019  -716.65     
   14020  -743.45     
   14021  -704.69     
   14022  -776.19     
   14023  -761.16     
   14024  -729.03     
   14025  -600.57     
   14026  -600.58     
   14027  -600.45     
   14028  -755.21     
   14029  -738.18     
   14030  -728.48     
   14031  -766.14     
   14032  -763.17     
   14033  -651.41     
   14034  -690.88     
   14035  -679.75     
   14036  -652.09     
   14037  -701.80     
   14038  -712.04     
   14039  -694.53     
   14040  -711.62     
 
  ***** POST1 NODAL DEGREE OF FREEDOM LISTING *****                            
 
  LOAD STEP=     1  SUBSTEP=     1                                             
   TIME=    1.0000      LOAD CASE=   0                                         
 
    NODE       VOLT  
   14041  -708.12     
   14042  -689.48     
   14043  -703.86     
   14044  -652.16     
   14045  -996.06     
   14046  -987.41     
   14047  -994.91     
   14048  -988.45     
   14049  -667.91     
   14050  -966.03     
   14051  -937.58     
   14052  -961.84     
   14053  -601.85     
   14054  -602.08     
   14055  -603.05     
   14056  -602.23     
   14057  -602.97     
   14058  -601.11     
   14059  -602.26     
   14060  -601.24     
   14061  -607.10     
   14062  -610.58     
   14063  -605.21     
   14064  -603.23     
   14065  -605.47     
   14066  -604.57     
   14067  -601.20     
   14068  -600.40     
   14069  -600.32     
   14070  -600.04     
   14071  -599.82     
   14072  -612.46     
   14073  -610.93     
   14074  -607.68     
   14075  -889.30     
   14076  -844.70     
   14077  -894.94     
   14078  -903.35     
   14079  -884.20     
 
  ***** POST1 NODAL DEGREE OF FREEDOM LISTING *****                            
 
  LOAD STEP=     1  SUBSTEP=     1                                             
   TIME=    1.0000      LOAD CASE=   0                                         
 
    NODE       VOLT  
   14080  -873.40     
   14081  -988.53     
   14082  -982.05     
   14083  -979.25     
   14084  -982.58     
   14085  -911.14     
   14086  -919.08     
   14087  -923.65     
   14088  -930.10     
   14089  -940.86     
   14090  -939.80     
   14091  -940.30     
   14092  -958.41     
   14093  -945.58     
   14094  -922.84     
   14095  -919.98     
   14096  -950.97     
   14097  -930.38     
   14098  -929.54     
   14099  -903.41     
   14100  -870.88     
   14101  -2048.8     
   14102  -862.32     
   14103  -842.76     
   14104  -861.70     
   14105  -882.43     
   14106  -894.41     
   14107  -826.48     
   14108  -814.51     
   14109  -816.28     
   14110  -789.73     
   14111  -735.52     
   14112  -735.94     
   14113  -759.48     
   14114  -759.18     
   14115  -705.31     
   14116  -695.56     
   14117  -704.98     
   14118  -716.46     
 
  ***** POST1 NODAL DEGREE OF FREEDOM LISTING *****                            
 
  LOAD STEP=     1  SUBSTEP=     1                                             
   TIME=    1.0000      LOAD CASE=   0                                         
 
    NODE       VOLT  
   14119  -695.73     
   14120  -670.32     
   14121  -736.82     
   14122  -714.52     
   14123  -843.60     
   14124  -826.44     
   14125  -901.00     
   14126  -907.23     
   14127  -903.55     
   14128  -889.48     
   14129  -881.16     
   14130  -872.90     
   14131  -903.39     
   14132  -923.64     
   14133  -915.66     
   14134  -934.30     
   14135  -779.01     
   14136  -995.99     
   14137  -998.66     
   14138  -997.05     
   14139  -996.95     
   14140  -998.64     
   14141  -997.17     
   14142  -997.68     
   14143  -996.48     
   14144  -998.44     
   14145  -997.56     
   14146  -996.96     
   14147  -995.22     
   14148  -998.46     
   14149  -998.61     
   14150  -997.38     
   14151  -998.49     
   14152  -994.48     
   14153  -998.60     
   14154  -997.33     
   14155  -998.59     
   14156  -998.62     
   14157  -998.58     
 
  ***** POST1 NODAL DEGREE OF FREEDOM LISTING *****                            
 
  LOAD STEP=     1  SUBSTEP=     1                                             
   TIME=    1.0000      LOAD CASE=   0                                         
 
    NODE       VOLT  
   14158  -997.15     
   14159  -996.27     
   14160  -997.26     
   14161  -600.28     
   14162  -600.61     
   14163  -600.26     
   14164  -600.22     
   14165  -600.43     
   14166  -600.28     
   14167  -600.46     
   14168  -600.15     
   14169  -600.31     
   14170  -600.42     
   14171  -600.20     
   14172  -600.11     
   14173  -600.16     
   14174  -600.14     
   14175  -600.20     
   14176  -600.32     
   14177  -600.21     
   14178  -600.15     
   14179  -600.12     
   14180  -965.34     
   14181  -966.27     
   14182  -934.67     
   14183  -945.12     
   14184  -602.73     
   14185  -600.88     
   14186  -600.18     
   14187  -600.45     
   14188  -600.34     
   14189  -601.96     
   14190  -605.63     
   14191  -606.51     
   14192  -606.60     
   14193  -601.30     
   14194  -604.58     
   14195  -604.24     
   14196  -609.69     
 
  ***** POST1 NODAL DEGREE OF FREEDOM LISTING *****                            
 
  LOAD STEP=     1  SUBSTEP=     1                                             
   TIME=    1.0000      LOAD CASE=   0                                         
 
    NODE       VOLT  
   14197  -600.24     
   14198  -600.22     
   14199  -600.59     
   14200  -600.76     
   14201  -602.02     
   14202  -776.33     
   14203  -791.59     
   14204  -790.29     
   14205  -756.81     
   14206  -957.72     
   14207  -967.29     
   14208  -977.79     
   14209  -966.78     
   14210  -980.30     
   14211  -981.08     
   14212  -962.99     
   14213  -977.11     
   14214  -982.34     
   14215  -682.88     
   14216  -715.33     
   14217  -602.59     
   14218  -612.01     
   14219  -606.68     
   14220  -621.79     
   14221  -998.16     
   14222  -998.30     
   14223  -998.50     
   14224  -998.58     
   14225  -992.44     
   14226  -995.05     
   14227  -983.15     
   14228  -998.34     
   14229  -997.72     
   14230  -996.53     
   14231  -997.07     
   14232  -995.36     
   14233  -995.83     
   14234  -989.40     
   14235  -601.71     
 
  ***** POST1 NODAL DEGREE OF FREEDOM LISTING *****                            
 
  LOAD STEP=     1  SUBSTEP=     1                                             
   TIME=    1.0000      LOAD CASE=   0                                         
 
    NODE       VOLT  
   14236  -602.27     
   14237  -607.47     
   14238  -600.45     
   14239  -600.66     
   14240  -605.59     
   14241  -612.55     
   14242  -603.33     
   14243  -608.03     
   14244  -601.88     
   14245  -600.95     
   14246  -703.38     
   14247  -667.66     
   14248  -643.13     
   14249  -697.57     
   14250  -789.79     
   14251  -792.94     
   14252  -716.33     
   14253  -730.65     
   14254  -601.28     
   14255  -601.04     
   14256  -601.64     
   14257  -600.75     
   14258  -602.29     
   14259  -601.91     
   14260  -600.98     
   14261  -603.07     
   14262  -600.66     
   14263  -600.28     
   14264  -600.36     
   14265  -600.41     
   14266  -600.31     
   14267  -600.75     
   14268  -600.81     
   14269  -601.21     
   14270  -601.36     
   14271  -601.81     
   14272  -601.15     
   14273  -602.76     
   14274  -601.21     
 
  ***** POST1 NODAL DEGREE OF FREEDOM LISTING *****                            
 
  LOAD STEP=     1  SUBSTEP=     1                                             
   TIME=    1.0000      LOAD CASE=   0                                         
 
    NODE       VOLT  
   14275  -600.48     
   14276  -600.35     
   14277  -958.87     
   14278  -930.37     
   14279  -996.04     
   14280  -996.58     
   14281  -600.37     
   14282  -600.40     
   14283  -600.62     
   14284  -600.30     
   14285  -600.31     
   14286  -600.81     
   14287  -600.50     
   14288  -600.42     
   14289  -600.58     
   14290  -600.65     
   14291  -600.36     
   14292  -600.35     
   14293  -600.28     
   14294  -600.27     
   14295  -600.94     
   14296  -600.45     
   14297  -600.46     
   14298  -600.29     
   14299  -600.27     
   14300  -600.47     
   14301  -600.54     
   14302  -600.64     
   14303  -600.55     
   14304  -600.85     
   14305  -600.65     
   14306  -600.80     
   14307  -602.44     
   14308  -600.43     
   14309  -600.52     
   14310  -600.53     
   14311  -602.33     
   14312  -605.13     
   14313  -601.65     
 
  ***** POST1 NODAL DEGREE OF FREEDOM LISTING *****                            
 
  LOAD STEP=     1  SUBSTEP=     1                                             
   TIME=    1.0000      LOAD CASE=   0                                         
 
    NODE       VOLT  
   14314  -967.08     
   14315  -957.48     
   14316  -967.82     
   14317  -619.70     
   14318  -619.01     
   14319  -610.79     
   14320  -610.49     
   14321  -618.83     
   14322  -602.43     
   14323  -605.88     
   14324  -603.31     
   14325  -634.62     
   14326  -609.47     
   14327  -647.90     
   14328  -620.24     
   14329  -606.01     
   14330  -611.48     
   14331  -604.15     
   14332  -605.74     
   14333  -627.85     
   14334  -609.79     
   14335  -602.67     
   14336  -917.42     
   14337  -628.25     
   14338  -637.34     
   14339  -600.53     
   14340  -600.54     
   14341  -600.32     
   14342  -600.40     
   14343  -600.60     
   14344  -601.06     
   14345  -600.71     
   14346  -600.79     
   14347  -603.64     
   14348  -602.93     
   14349  -600.91     
   14350  -602.37     
   14351  -604.35     
   14352  -601.36     
 
  ***** POST1 NODAL DEGREE OF FREEDOM LISTING *****                            
 
  LOAD STEP=     1  SUBSTEP=     1                                             
   TIME=    1.0000      LOAD CASE=   0                                         
 
    NODE       VOLT  
   14353  -612.79     
   14354  -626.32     
   14355  -625.95     
   14356  -607.80     
   14357  -604.59     
   14358  -610.67     
   14359  -608.65     
   14360  -603.26     
   14361  -604.57     
   14362  -604.57     
   14363  -606.44     
   14364  -607.15     
   14365  -603.64     
   14366  -624.56     
   14367  -618.75     
   14368  -627.77     
   14369  -638.58     
   14370  -614.58     
   14371  -610.78     
   14372  -639.76     
   14373  -624.54     
   14374  -630.68     
   14375  -654.47     
   14376  -658.18     
   14377  -642.76     
   14378  -632.25     
   14379  -644.38     
   14380  -623.18     
   14381  -621.98     
   14382  -644.19     
   14383  -622.86     
   14384  -644.60     
   14385  -606.58     
   14386  -612.38     
   14387  -606.62     
   14388  -604.33     
   14389  -606.50     
   14390  -602.11     
   14391  -622.58     
 
  ***** POST1 NODAL DEGREE OF FREEDOM LISTING *****                            
 
  LOAD STEP=     1  SUBSTEP=     1                                             
   TIME=    1.0000      LOAD CASE=   0                                         
 
    NODE       VOLT  
   14392  -613.90     
   14393  -612.65     
   14394  -630.47     
   14395  -610.60     
   14396  -618.55     
   14397  -612.11     
   14398  -618.29     
   14399  -608.82     
   14400  -603.47     
   14401  -607.14     
   14402  -974.76     
   14403  -986.53     
   14404  -968.06     
   14405  -989.60     
   14406  -994.82     
   14407  -992.86     
   14408  -5.4377     
   14409  -10.875     
   14410  -998.10     
   14411  -992.26     
   14412  -983.37     
   14413  -991.46     
   14414  -986.08     
   14415  -986.06     
   14416  -982.55     
   14417  -600.25     
   14418  -600.25     
   14419  -600.31     
   14420  -600.27     
   14421  -600.29     
   14422  -600.35     
   14423  -600.30     
   14424  -600.58     
   14425  -600.47     
   14426  -601.57     
   14427  -600.59     
   14428  -601.37     
   14429  -600.50     
   14430  -600.22     
 
  ***** POST1 NODAL DEGREE OF FREEDOM LISTING *****                            
 
  LOAD STEP=     1  SUBSTEP=     1                                             
   TIME=    1.0000      LOAD CASE=   0                                         
 
    NODE       VOLT  
   14431  -600.21     
   14432  -600.18     
   14433  -600.40     
   14434  -600.25     
   14435  -986.30     
   14436  -970.83     
   14437  -995.64     
   14438  -996.68     
   14439  -976.55     
   14440  -996.14     
   14441  -996.77     
   14442  -981.03     
   14443  -600.62     
   14444  -600.32     
   14445  -600.75     
   14446  -600.36     
   14447  -600.23     
   14448  -600.43     
   14449  -600.19     
   14450  -600.24     
   14451  -600.83     
   14452  -602.01     
   14453  -602.01     
   14454  -638.51     
   14455  -647.12     
   14456  -635.39     
   14457  -634.50     
   14458  -634.83     
   14459  -654.96     
   14460  -982.47     
   14461  -967.59     
   14462  -994.66     
   14463  -995.59     
   14464  -998.62     
   14465  -992.34     
   14466  -600.45     
   14467  -619.41     
   14468  -600.95     
   14469  -615.72     
 
  ***** POST1 NODAL DEGREE OF FREEDOM LISTING *****                            
 
  LOAD STEP=     1  SUBSTEP=     1                                             
   TIME=    1.0000      LOAD CASE=   0                                         
 
    NODE       VOLT  
   14470  -601.93     
   14471  -600.96     
   14472  -607.18     
   14473  -607.13     
   14474  -997.04     
   14475  -603.49     
   14476  -601.81     
   14477  -601.52     
   14478  -602.83     
   14479  -600.85     
   14480  -601.62     
   14481  -601.08     
   14482  -600.66     
   14483  -601.19     
   14484  -600.25     
   14485  -600.25     
   14486  -600.40     
   14487  -600.21     
   14488  -600.28     
   14489  -600.19     
   14490  -600.26     
   14491  -996.95     
   14492  -998.30     
   14493  -998.60     
   14494  -997.02     
   14495  -991.84     
   14496  -996.12     
   14497  -995.85     
   14498  -998.54     
   14499  -998.64     
   14500  -998.63     
   14501  -998.63     
   14502  -996.98     
   14503  -2043.7     
   14504  -2047.5     
   14505  -605.57     
   14506  -596.34     
   14507  -997.02     
   14508  -998.37     
 
  ***** POST1 NODAL DEGREE OF FREEDOM LISTING *****                            
 
  LOAD STEP=     1  SUBSTEP=     1                                             
   TIME=    1.0000      LOAD CASE=   0                                         
 
    NODE       VOLT  
   14509  -998.68     
   14510  -998.64     
   14511  -998.34     
   14512  -601.53     
   14513  -600.94     
   14514  -601.18     
   14515  -601.14     
   14516  -600.94     
   14517  -992.09     
   14518  -998.39     
   14519  -997.51     
   14520  -997.19     
   14521  -600.50     
   14522  -601.02     
   14523  -600.85     
   14524  -600.78     
   14525  -600.89     
   14526  -600.78     
   14527  -600.42     
   14528  -600.51     
   14529  -601.00     
   14530  -601.46     
   14531  -601.09     
   14532  -601.49     
   14533  -601.96     
   14534  -601.32     
   14535  -610.32     
   14536  -619.04     
   14537  -601.16     
   14538  -610.75     
   14539  -997.11     
   14540  -601.19     
   14541  -601.73     
   14542  -601.20     
   14543  -997.25     
   14544  -603.68     
   14545  -601.17     
   14546  -601.93     
   14547  -604.22     
 
  ***** POST1 NODAL DEGREE OF FREEDOM LISTING *****                            
 
  LOAD STEP=     1  SUBSTEP=     1                                             
   TIME=    1.0000      LOAD CASE=   0                                         
 
    NODE       VOLT  
   14548  -611.34     
   14549  -604.04     
   14550  -656.69     
   14551  -655.47     
   14552  -661.53     
   14553  -689.83     
   14554  -686.66     
   14555  -658.18     
   14556  -670.19     
   14557  -660.21     
   14558  -647.04     
   14559  -600.18     
   14560  -600.09     
   14561  -600.15     
   14562  -600.62     
   14563  -600.46     
   14564  -600.54     
   14565  -601.34     
   14566  -601.46     
   14567  -602.85     
   14568  -606.50     
   14569  -606.77     
   14570  -994.51     
   14571  -998.10     
   14572  -997.91     
   14573  -996.28     
   14574  -998.23     
   14575  -996.82     
   14576  -973.30     
   14577  -975.23     
   14578  -984.79     
   14579  -973.30     
   14580  -600.26     
   14581  -600.53     
   14582  -600.18     
   14583  -600.25     
   14584  -600.43     
   14585  -600.35     
   14586  -602.10     
 
  ***** POST1 NODAL DEGREE OF FREEDOM LISTING *****                            
 
  LOAD STEP=     1  SUBSTEP=     1                                             
   TIME=    1.0000      LOAD CASE=   0                                         
 
    NODE       VOLT  
   14587  -993.20     
   14588  -995.89     
   14589  -874.19     
   14590  -929.49     
   14591  -817.08     
   14592  -846.59     
   14593  -819.76     
   14594  -887.53     
   14595  -932.41     
   14596  -913.99     
   14597  -977.36     
   14598  -981.14     
   14599  -600.19     
   14600  -600.30     
   14601  -600.87     
   14602  -600.29     
   14603  -600.18     
   14604  -626.73     
   14605  -619.45     
   14606  -660.19     
   14607  -944.89     
   14608  -927.38     
   14609  -942.50     
   14610  -991.74     
   14611  -942.06     
   14612  -990.37     
   14613  -936.64     
   14614  -940.27     
   14615  -986.91     
   14616  -980.40     
   14617  -981.51     
   14618  -987.19     
   14619  -989.38     
   14620  -966.57     
   14621  -981.66     
   14622  -928.00     
   14623  -981.67     
   14624  -982.50     
   14625  -980.70     
 
  ***** POST1 NODAL DEGREE OF FREEDOM LISTING *****                            
 
  LOAD STEP=     1  SUBSTEP=     1                                             
   TIME=    1.0000      LOAD CASE=   0                                         
 
    NODE       VOLT  
   14626  -998.06     
   14627  -999.05     
   14628  -602.83     
   14629  -967.93     
   14630  -928.42     
   14631  -898.09     
   14632  -919.06     
   14633  -919.19     
   14634  -897.20     
   14635  -600.86     
   14636  -600.55     
   14637  -600.26     
   14638  -2056.3     
   14639  -2060.0     
   14640  -635.69     
   14641  -2063.7     
   14642  -600.80     
   14643  -602.38     
   14644  -600.84     
   14645  -991.74     
   14646  -993.20     
   14647  -980.72     
   14648  -981.58     
   14649  -998.37     
   14650  -994.41     
   14651  -998.27     
   14652  -947.16     
   14653  -966.87     
   14654  -971.90     
   14655  -957.61     
   14656  -972.72     
   14657  -603.48     
   14658  -600.33     
   14659  -982.21     
   14660  -993.90     
   14661  -970.75     
   14662  -973.78     
   14663  -982.90     
   14664  -990.04     
 
  ***** POST1 NODAL DEGREE OF FREEDOM LISTING *****                            
 
  LOAD STEP=     1  SUBSTEP=     1                                             
   TIME=    1.0000      LOAD CASE=   0                                         
 
    NODE       VOLT  
   14665  -990.55     
   14666  -685.48     
   14667  -685.50     
   14668  -629.35     
   14669  -618.50     
   14670  -997.39     
   14671  -996.10     
   14672  -998.43     
   14673  -998.57     
   14674  -998.62     
   14675  -998.62     
   14676  -998.61     
   14677  -997.30     
   14678  -996.59     
   14679  -994.93     
   14680  -993.53     
   14681  -993.22     
   14682  -991.54     
   14683  -628.73     
   14684  -633.04     
   14685  -618.26     
   14686  -623.59     
   14687  -975.79     
   14688  -995.26     
   14689  -600.23     
   14690  -600.37     
   14691  -2260.6     
   14692  -2264.3     
   14693  -1967.1     
   14694  -1970.8     
   14695  -1681.0     
   14696  -1391.2     
   14697  -1394.9     
   14698  -600.31     
   14699  -612.83     
   14700  -610.37     
   14701  -997.47     
   14702  -998.79     
   14703  -996.74     
 
  ***** POST1 NODAL DEGREE OF FREEDOM LISTING *****                            
 
  LOAD STEP=     1  SUBSTEP=     1                                             
   TIME=    1.0000      LOAD CASE=   0                                         
 
    NODE       VOLT  
   14704  -997.66     
   14705  -991.58     
   14706  -988.49     
   14707  -992.07     
   14708  -996.86     
   14709  -2256.9     
   14710  -1677.3     
   14711  -1387.5     
   14712  -600.14     
   14713  -600.09     
   14714  -600.10     
   14715  -1673.6     
   14716  -1383.8     
   14717  -1380.1     
   14718  -1090.3     
   14719  -1094.7     
   14720  -997.86     
   14721  -998.58     
   14722  -998.41     
   14723  -1030.8     
   14724  -1026.2     
   14725  -600.24     
   14726  -600.22     
   14727  -600.21     
   14728  -600.11     
   14729  -600.21     
   14730  -992.64     
   14731  -994.20     
   14732  -990.13     
   14733  -995.85     
   14734  -980.63     
   14735  -992.09     
   14736  -996.04     
   14737  -993.26     
   14738  -1959.7     
   14739  -1956.0     
   14740  -1075.4     
   14741  -998.89     
   14742  -999.03     
 
  ***** POST1 NODAL DEGREE OF FREEDOM LISTING *****                            
 
  LOAD STEP=     1  SUBSTEP=     1                                             
   TIME=    1.0000      LOAD CASE=   0                                         
 
    NODE       VOLT  
   14743  -999.10     
   14744  -2026.5     
   14745  -2022.8     
   14746  -661.02     
   14747  -619.77     
   14748  -600.20     
   14749  -981.18     
   14750  -992.34     
   14751  -998.32     
   14752  -998.44     
   14753  -998.16     
   14754  -998.36     
   14755  -998.51     
   14756  -998.47     
   14757  -550.17     
   14758  -600.30     
   14759  -600.25     
   14760  -981.20     
   14761  -982.66     
   14762  -932.53     
   14763  -981.43     
   14764  -998.38     
   14765  -991.13     
   14766  -932.31     
   14767  -600.52     
   14768  -603.28     
   14769  -1963.4     
   14770  -1669.9     
   14771  -1666.2     
   14772  -1376.4     
   14773  -998.60     
   14774  -998.52     
   14775  -2294.0     
   14776  -2290.3     
   14777  -600.33     
   14778  -982.27     
   14779  -981.56     
   14780  -2019.1     
   14781  -998.30     
 
  ***** POST1 NODAL DEGREE OF FREEDOM LISTING *****                            
 
  LOAD STEP=     1  SUBSTEP=     1                                             
   TIME=    1.0000      LOAD CASE=   0                                         
 
    NODE       VOLT  
   14782  -998.31     
   14783  -998.28     
   14784  -998.52     
   14785  -2167.7     
   14786  -2164.0     
   14787  -2160.3     
   14788  -1877.9     
   14789  -1874.2     
   14790  -1870.5     
   14791  -1580.7     
   14792  -943.97     
   14793  -989.56     
   14794  -987.51     
   14795  -600.36     
   14796  -600.41     
   14797  -600.35     
   14798  -600.30     
   14799  -601.95     
   14800  -2156.6     
   14801  -1573.3     
   14802  -1577.0     
   14803  -1589.3     
   14804  -1588.1     
   14805  -1590.6     
   14806  -1589.3     
   14807  -1294.6     
   14808  -1298.3     
   14809  -998.54     
   14810  -1000.7     
   14811  -1944.8     
   14812  -1754.0     
   14813  -1757.7     
   14814  -1655.0     
   14815  -1372.6     
   14816  -1283.5     
   14817  -1287.2     
   14818  -1279.8     
   14819  -1290.9     
   14820  -1571.9     
 
  ***** POST1 NODAL DEGREE OF FREEDOM LISTING *****                            
 
  LOAD STEP=     1  SUBSTEP=     1                                             
   TIME=    1.0000      LOAD CASE=   0                                         
 
    NODE       VOLT  
   14821  -1866.8     
   14822  -1859.4     
   14823  -1863.1     
   14824  -2149.2     
   14825  -2152.9     
   14826  -617.83     
   14827  -623.08     
   14828  -609.77     
   14829  -608.47     
   14830  -601.31     
   14831  -600.88     
   14832  -600.67     
   14833  -995.78     
   14834  -996.99     
   14835  -997.18     
   14836  -998.22     
   14837  -998.19     
   14838  -996.85     
   14839  -998.28     
   14840  -995.89     
   14841  -1023.4     
   14842  -1018.8     
   14843  -600.03     
   14844  -619.63     
   14845  -618.27     
   14846  -2145.4     
   14847  -996.12     
   14848  -1851.9     
   14849  -1855.6     
   14850  -997.01     
   14851  -1568.2     
   14852  -1276.0     
   14853  -1274.7     
   14854  -980.98     
   14855  -981.00     
   14856  -981.47     
   14857  -982.35     
   14858  -1002.4     
   14859  -600.65     
 
  ***** POST1 NODAL DEGREE OF FREEDOM LISTING *****                            
 
  LOAD STEP=     1  SUBSTEP=     1                                             
   TIME=    1.0000      LOAD CASE=   0                                         
 
    NODE       VOLT  
   14860  -603.62     
   14861  -604.07     
   14862  -601.08     
   14863  -996.84     
   14864  -997.10     
   14865  -600.68     
   14866  -1079.9     
   14867  -1072.5     
   14868  -1082.8     
   14869  -2138.0     
   14870  -2134.3     
   14871  -1844.5     
   14872  -1848.2     
   14873  -1564.5     
   14874  -1271.0     
   14875  -2253.2     
   14876  -1368.9     
   14877  -1365.2     
   14878  -1267.2     
   14879  -1584.4     
   14880  -979.79     
   14881  -1560.8     
   14882  -1766.5     
   14883  -1770.2     
   14884  -2141.7     
   14885  -1773.9     
   14886  -600.28     
   14887  -602.80     
   14888  -602.07     
   14889  -600.18     
   14890  -987.81     
   14891  -981.15     
   14892  -971.24     
   14893  -987.09     
   14894  -600.28     
   14895  -600.24     
   14896  -981.44     
   14897  -970.84     
   14898  -958.63     
 
  ***** POST1 NODAL DEGREE OF FREEDOM LISTING *****                            
 
  LOAD STEP=     1  SUBSTEP=     1                                             
   TIME=    1.0000      LOAD CASE=   0                                         
 
    NODE       VOLT  
   14899  -981.03     
   14900  -2242.0     
   14901  -2126.9     
   14902  -2130.6     
   14903  -996.30     
   14904  -1593.0     
   14905  -2345.9     
   14906  -2348.5     
   14907  -998.57     
   14908  -996.62     
   14909  -998.45     
   14910  -998.31     
   14911  -1068.0     
   14912  -659.90     
   14913  -659.11     
   14914  -644.04     
   14915  -990.97     
   14916  -658.77     
   14917  -672.88     
   14918  -621.05     
   14919  -614.01     
   14920  -601.52     
   14921  -600.41     
   14922  -601.07     
   14923  -995.48     
   14924  -996.68     
   14925  -996.80     
   14926  -600.17     
   14927  -981.12     
   14928  -622.75     
   14929  -630.84     
   14930  -2119.4     
   14931  -2123.1     
   14932  -618.32     
   14933  -1837.1     
   14934  -1833.3     
   14935  -1829.6     
   14936  -619.18     
   14937  -618.43     
 
  ***** POST1 NODAL DEGREE OF FREEDOM LISTING *****                            
 
  LOAD STEP=     1  SUBSTEP=     1                                             
   TIME=    1.0000      LOAD CASE=   0                                         
 
    NODE       VOLT  
   14938  -1542.2     
   14939  -1545.9     
   14940  -1557.0     
   14941  -618.01     
   14942  -619.42     
   14943  -1252.4     
   14944  -1256.1     
   14945  -2238.3     
   14946  -610.50     
   14947  -1941.1     
   14948  -1937.4     
   14949  -1651.3     
   14950  -1647.6     
   14951  -1361.5     
   14952  -1357.8     
   14953  -1047.5     
   14954  -1050.2     
   14955  -645.03     
   14956  -631.20     
   14957  -1259.8     
   14958  -1549.6     
   14959  -2316.3     
   14960  -2312.6     
   14961  -620.25     
   14962  -619.43     
   14963  -619.28     
   14964  -600.66     
   14965  -998.41     
   14966  -998.52     
   14967  -602.84     
   14968  -680.13     
   14969  -2115.7     
   14970  -2112.0     
   14971  -2171.4     
   14972  -629.76     
   14973  -1825.9     
   14974  -1822.2     
   14975  -1881.6     
   14976  -1484.1     
 
  ***** POST1 NODAL DEGREE OF FREEDOM LISTING *****                            
 
  LOAD STEP=     1  SUBSTEP=     1                                             
   TIME=    1.0000      LOAD CASE=   0                                         
 
    NODE       VOLT  
   14977  -1536.1     
   14978  -1532.4     
   14979  -1476.7     
   14980  -1480.4     
   14981  -1246.3     
   14982  -1242.6     
   14983  -1263.5     
   14984  -604.04     
   14985  -594.88     
   14986  -700.76     
   14987  -676.72     
   14988  -678.45     
   14989  -702.11     
   14990  -618.28     
   14991  -1302.1     
   14992  -1305.8     
   14993  -1595.6     
   14994  -1885.4     
   14995  -2175.2     
   14996  -617.51     
   14997  -618.92     
   14998  -679.02     
   14999  -699.30     
   15000  -600.24     
   15001  -998.59     
   15002  -996.23     
   15003  -998.26     
   15004  -814.55     
   15005  -827.42     
   15006  -1593.0     
   15007  -230.84     
   15008  -1443.2     
   15009  -1439.5     
   15010  -261.29     
   15011  -246.06     
   15012  -1404.7     
   15013  -997.40     
   15014  -2274.1     
   15015  -2108.3     
 
  ***** POST1 NODAL DEGREE OF FREEDOM LISTING *****                            
 
  LOAD STEP=     1  SUBSTEP=     1                                             
   TIME=    1.0000      LOAD CASE=   0                                         
 
    NODE       VOLT  
   15016  -2106.9     
   15017  -1814.8     
   15018  -1818.5     
   15019  -1432.1     
   15020  -1840.8     
   15021  -1528.7     
   15022  -1527.3     
   15023  -1553.3     
   15024  -656.88     
   15025  -667.81     
   15026  -1235.2     
   15027  -1238.9     
   15028  -2347.2     
   15029  -2345.3     
   15030  -2344.0     
   15031  -2345.9     
   15032  -2340.2     
   15033  -2337.9     
   15034  -2340.2     
   15035  -2348.5     
   15036  -2347.2     
   15037  -1933.7     
   15038  -1643.9     
   15039  -1354.1     
   15040  -539.54     
   15041  -741.02     
   15042  -728.12     
   15043  -722.53     
   15044  -1174.4     
   15045  -1178.1     
   15046  -600.26     
   15047  -600.35     
   15048  -600.89     
   15049  -990.18     
   15050  -987.47     
   15051  -977.05     
   15052  -994.72     
   15053  -997.33     
   15054  -998.63     
 
  ***** POST1 NODAL DEGREE OF FREEDOM LISTING *****                            
 
  LOAD STEP=     1  SUBSTEP=     1                                             
   TIME=    1.0000      LOAD CASE=   0                                         
 
    NODE       VOLT  
   15055  -998.58     
   15056  -987.94     
   15057  -990.25     
   15058  -990.42     
   15059  -977.71     
   15060  -991.53     
   15061  -725.58     
   15062  -754.45     
   15063  -707.66     
   15064  -855.14     
   15065  -1409.8     
   15066  -1408.4     
   15067  -1699.6     
   15068  -1989.4     
   15069  -1985.7     
   15070  -2282.9     
   15071  -2178.9     
   15072  -2103.2     
   15073  -2099.5     
   15074  -1807.3     
   15075  -1811.1     
   15076  -1523.6     
   15077  -1599.3     
   15078  -1519.9     
   15079  -1227.7     
   15080  -1231.5     
   15081  -1309.5     
   15082  -200.38     
   15083  -215.61     
   15084  -2230.9     
   15085  -961.02     
   15086  -982.58     
   15087  -600.61     
   15088  -600.79     
   15089  -600.23     
   15090  -600.38     
   15091  -600.58     
   15092  -618.74     
   15093  -14.920     
 
  ***** POST1 NODAL DEGREE OF FREEDOM LISTING *****                            
 
  LOAD STEP=     1  SUBSTEP=     1                                             
   TIME=    1.0000      LOAD CASE=   0                                         
 
    NODE       VOLT  
   15094  -16.177     
   15095  -4.0443     
   15096  -9.4820     
   15097  -5.3018     
   15098  -15.226     
   15099  -21.751     
   15100  -5.3018     
   15101  -283.02     
   15102  -267.80     
   15103  -1127.4     
   15104  -1123.7     
   15105  -1413.5     
   15106  -1707.0     
   15107  -1703.3     
   15108  -2234.6     
   15109  -2093.4     
   15110  -1799.9     
   15111  -1803.6     
   15112  -1889.1     
   15113  -1516.2     
   15114  -1220.3     
   15115  -1224.0     
   15116  -2225.8     
   15117  -1194.3     
   15118  -600.89     
   15119  -1929.9     
   15120  -600.18     
   15121  -1640.1     
   15122  -1350.4     
   15123  -639.29     
   15124  -657.81     
   15125  -1313.2     
   15126  -1603.0     
   15127  -2182.6     
   15128  -618.33     
   15129  -617.50     
   15130  -610.59     
   15131  -618.64     
   15132  -1186.9     
 
  ***** POST1 NODAL DEGREE OF FREEDOM LISTING *****                            
 
  LOAD STEP=     1  SUBSTEP=     1                                             
   TIME=    1.0000      LOAD CASE=   0                                         
 
    NODE       VOLT  
   15133  -1190.6     
   15134  -981.37     
   15135  -998.12     
   15136  -998.32     
   15137  -998.54     
   15138  -767.14     
   15139  -1157.2     
   15140  -1153.4     
   15141  -65.390     
   15142  -80.616     
   15143  -52.202     
   15144  -2188.6     
   15145  -1898.9     
   15146  -1892.8     
   15147  -1606.7     
   15148  -1319.3     
   15149  -998.11     
   15150  -314.87     
   15151  -298.25     
   15152  -1423.3     
   15153  -2286.6     
   15154  -1512.5     
   15155  -4.3502     
   15156  -2086.0     
   15157  -659.35     
   15158  -1005.7     
   15159  -1008.8     
   15160  -1610.4     
   15161  -2348.5     
   15162  -2347.2     
   15163  -2348.7     
   15164  -679.06     
   15165  -664.66     
   15166  -618.65     
   15167  -665.58     
   15168  -657.01     
   15169  -600.22     
   15170  -602.58     
   15171  -603.67     
 
  ***** POST1 NODAL DEGREE OF FREEDOM LISTING *****                            
 
  LOAD STEP=     1  SUBSTEP=     1                                             
   TIME=    1.0000      LOAD CASE=   0                                         
 
    NODE       VOLT  
   15172  -619.69     
   15173  -618.99     
   15174  -504.72     
   15175  -2089.7     
   15176  -989.99     
   15177  -969.16     
   15178  -1041.1     
   15179  -1043.7     
   15180  -1038.3     
   15181  -1033.6     
   15182  -2219.7     
   15183  -2216.0     
   15184  -1926.2     
   15185  -1922.5     
   15186  -1636.4     
   15187  -1632.7     
   15188  -1346.6     
   15189  -1342.9     
   15190  -2348.7     
   15191  -2349.0     
   15192  -2348.7     
   15193  -2347.7     
   15194  -2347.2     
   15195  -2348.7     
   15196  -630.84     
   15197  -620.93     
   15198  -612.34     
   15199  -602.48     
   15200  -605.94     
   15201  -604.93     
   15202  -604.86     
   15203  -606.32     
   15204  -986.71     
   15205  -997.80     
   15206  -999.03     
   15207  -1467.9     
   15208  -1464.2     
   15209  -1170.6     
   15210  -169.93     
 
  ***** POST1 NODAL DEGREE OF FREEDOM LISTING *****                            
 
  LOAD STEP=     1  SUBSTEP=     1                                             
   TIME=    1.0000      LOAD CASE=   0                                         
 
    NODE       VOLT  
   15211  -185.16     
   15212  -916.42     
   15213  -898.23     
   15214  -890.84     
   15215  -870.07     
   15216  -391.00     
   15217  -375.78     
   15218  -608.56     
   15219  -1065.0     
   15220  -1326.7     
   15221  -1323.0     
   15222  -1616.5     
   15223  -1906.3     
   15224  -1902.6     
   15225  -2196.1     
   15226  -2192.4     
   15227  -600.37     
   15228  -878.14     
   15229  -828.22     
   15230  -964.91     
   15231  -981.44     
   15232  -945.39     
   15233  -606.13     
   15234  -604.68     
   15235  -600.35     
   15236  -600.25     
   15237  -999.07     
   15238  -999.05     
   15239  -999.05     
   15240  -996.96     
   15241  -2347.5     
   15242  -2334.9     
   15243  -2331.2     
   15244  -2040.0     
   15245  -1750.2     
   15246  -1460.4     
   15247  -154.71     
   15248  -139.48     
   15249  -1506.4     
 
  ***** POST1 NODAL DEGREE OF FREEDOM LISTING *****                            
 
  LOAD STEP=     1  SUBSTEP=     1                                             
   TIME=    1.0000      LOAD CASE=   0                                         
 
    NODE       VOLT  
   15250  -2347.4     
   15251  -330.10     
   15252  -345.32     
   15253  -421.45     
   15254  -406.23     
   15255  -1060.6     
   15256  -2204.9     
   15257  -1629.0     
   15258  -603.92     
   15259  -609.76     
   15260  -1625.3     
   15261  -1910.0     
   15262  -2201.2     
   15263  -9.6520     
   15264  -9.7879     
   15265  -10.740     
   15266  -36.977     
   15267  -5.4377     
   15268  -989.79     
   15269  -981.12     
   15270  -989.24     
   15271  -942.02     
   15272  -927.75     
   15273  -853.18     
   15274  -610.32     
   15275  -612.52     
   15276  -839.75     
   15277  -852.62     
   15278  -827.14     
   15279  -999.02     
   15280  -999.04     
   15281  -2327.5     
   15282  -2323.8     
   15283  -997.99     
   15284  -436.68     
   15285  -451.90     
   15286  -965.48     
   15287  -972.07     
   15288  -963.94     
 
  ***** POST1 NODAL DEGREE OF FREEDOM LISTING *****                            
 
  LOAD STEP=     1  SUBSTEP=     1                                             
   TIME=    1.0000      LOAD CASE=   0                                         
 
    NODE       VOLT  
   15289  -664.76     
   15290  -1016.0     
   15291  -1012.5     
   15292  -1330.4     
   15293  -1334.1     
   15294  -1620.2     
   15295  -1623.9     
   15296  -1913.7     
   15297  -945.92     
   15298  -993.96     
   15299  -859.20     
   15300  -634.31     
   15301  -982.67     
   15302  -991.37     
   15303  -990.73     
   15304  -981.09     
   15305  -998.19     
   15306  -998.99     
   15307  -2320.1     
   15308  -2032.6     
   15309  -2036.3     
   15310  -1742.8     
   15311  -1746.5     
   15312  -1163.2     
   15313  -611.69     
   15314  -360.55     
   15315  -4.3502     
   15316  -1594.3     
   15317  -612.98     
   15318  -610.43     
   15319  -626.73     
   15320  -909.14     
   15321  -772.50     
   15322  -759.33     
   15323  -748.09     
   15324  -706.92     
   15325  -673.32     
   15326  -728.36     
   15327  -740.55     
 
  ***** POST1 NODAL DEGREE OF FREEDOM LISTING *****                            
 
  LOAD STEP=     1  SUBSTEP=     1                                             
   TIME=    1.0000      LOAD CASE=   0                                         
 
    NODE       VOLT  
   15328  -752.07     
   15329  -897.67     
   15330  -618.07     
   15331  -600.22     
   15332  -997.77     
   15333  -997.91     
   15334  -980.71     
   15335  -2308.9     
   15336  -2305.2     
   15337  -2015.4     
   15338  -1721.9     
   15339  -1435.8     
   15340  -1456.7     
   15341  -1453.0     
   15342  -996.26     
   15343  -1796.2     
   15344  -1212.9     
   15345  -1209.2     
   15346  -1216.6     
   15347  -1759.0     
   15348  -1469.2     
   15349  -1179.4     
   15350  -124.26     
   15351  -673.10     
   15352  -1762.8     
   15353  -1473.0     
   15354  -1053.1     
   15355  -774.78     
   15356  -996.93     
   15357  -805.05     
   15358  -785.17     
   15359  -969.92     
   15360  -998.81     
   15361  -998.38     
   15362  -998.38     
   15363  -945.29     
   15364  -998.88     
   15365  -980.41     
   15366  -2297.8     
 
  ***** POST1 NODAL DEGREE OF FREEDOM LISTING *****                            
 
  LOAD STEP=     1  SUBSTEP=     1                                             
   TIME=    1.0000      LOAD CASE=   0                                         
 
    NODE       VOLT  
   15367  -2008.0     
   15368  -2004.3     
   15369  -2011.7     
   15370  -1736.7     
   15371  -1733.0     
   15372  -1716.8     
   15373  -1725.6     
   15374  -1720.5     
   15375  -1142.3     
   15376  -1140.9     
   15377  -1137.2     
   15378  -2078.6     
   15379  -2082.3     
   15380  -1788.8     
   15381  -1792.5     
   15382  -1502.7     
   15383  -1499.0     
   15384  -998.75     
   15385  -996.38     
   15386  -1183.2     
   15387  -2052.6     
   15388  -1149.7     
   15389  -1166.9     
   15390  -1057.6     
   15391  -777.28     
   15392  -2301.5     
   15393  -815.49     
   15394  -600.15     
   15395  -1427.0     
   15396  -1430.7     
   15397  -1146.0     
   15398  -1491.5     
   15399  -1495.2     
   15400  -109.03     
   15401  -850.76     
   15402  -1446.9     
   15403  -1781.3     
   15404  -963.40     
   15405  -2067.4     
 
  ***** POST1 NODAL DEGREE OF FREEDOM LISTING *****                            
 
  LOAD STEP=     1  SUBSTEP=     1                                             
   TIME=    1.0000      LOAD CASE=   0                                         
 
    NODE       VOLT  
   15406  -2071.1     
   15407  -1777.6     
   15408  -1487.8     
   15409  -1198.0     
   15410  -1201.7     
   15411  -93.804     
   15412  -982.32     
   15413  -1593.0     
   15414  -1205.5     
   15415  -1729.3     
   15416  -1785.0     
   15417  -2074.8     

 MAXIMUM ABSOLUTE VALUES
 NODE          25
 VALUE   -2350.0     

