
 PRINT DOF  NODAL SOLUTION PER NODE
 
  ***** POST1 NODAL DEGREE OF FREEDOM LISTING *****                            
 
  LOAD STEP=     1  SUBSTEP=     1                                             
   TIME=    1.0000      LOAD CASE=   0                                         
 
    NODE       VOLT  
       1  -310.35     
       2  -349.95     
       3  -300.00     
       4  -300.00     
       5  -300.00     
       6  -310.36     
       7  -300.00     
       8  -300.00     
       9  -300.00     
      10  -389.70     
      11  -389.37     
      12  -400.00     
      13  -300.00     
      14  -400.00     
      15  -300.00     
      16  -400.00     
      17  -300.00     
      18  -300.00     
      19  -400.00     
      20  -400.00     
      21  -400.00     
      22  -400.00     
      23  -300.00     
      24  -400.00     
      25  -1000.0     
      26  -400.00     
      27  -400.00     
      28  -1000.0     
      29  -400.00     
      30   0.0000     
      31   0.0000     
      32   0.0000     
      33   0.0000     
      34  -1000.0     
      35  -1000.0     
      36  -310.64     
      37  -310.42     
      38  -349.98     
      39  -349.94     
 
  ***** POST1 NODAL DEGREE OF FREEDOM LISTING *****                            
 
  LOAD STEP=     1  SUBSTEP=     1                                             
   TIME=    1.0000      LOAD CASE=   0                                         
 
    NODE       VOLT  
      40  -389.52     
      41  -389.52     
      42  -400.00     
      43  -300.00     
      44  -349.94     
      45  -313.62     
      46  -317.43     
      47  -322.72     
      48  -327.98     
      49  -334.25     
      50  -340.13     
      51  -345.53     
      52  -300.00     
      53  -300.00     
      54  -300.00     
      55  -300.00     
      56  -300.00     
      57  -300.00     
      58  -300.00     
      59  -300.00     
      60  -300.00     
      61  -300.00     
      62  -300.00     
      63  -300.00     
      64  -300.00     
      65  -300.00     
      66  -300.00     
      67  -300.00     
      68  -300.00     
      69  -300.00     
      70  -300.00     
      71  -300.00     
      72  -300.00     
      73  -300.00     
      74  -300.00     
      75  -300.00     
      76  -300.00     
      77  -300.00     
      78  -300.00     
 
  ***** POST1 NODAL DEGREE OF FREEDOM LISTING *****                            
 
  LOAD STEP=     1  SUBSTEP=     1                                             
   TIME=    1.0000      LOAD CASE=   0                                         
 
    NODE       VOLT  
      79  -300.00     
      80  -300.00     
      81  -300.00     
      82  -300.00     
      83  -300.00     
      84  -354.36     
      85  -359.75     
      86  -365.65     
      87  -371.94     
      88  -377.19     
      89  -382.53     
      90  -386.39     
      91  -307.05     
      92  -314.08     
      93  -323.77     
      94  -333.41     
      95  -350.00     
      96  -366.59     
      97  -376.23     
      98  -385.91     
      99  -392.95     
     100  -392.95     
     101  -385.91     
     102  -376.22     
     103  -366.58     
     104  -349.99     
     105  -333.41     
     106  -323.76     
     107  -314.08     
     108  -307.05     
     109  -300.00     
     110  -300.00     
     111  -300.00     
     112  -300.00     
     113  -300.00     
     114  -300.00     
     115  -300.00     
     116  -300.00     
     117  -300.00     
 
  ***** POST1 NODAL DEGREE OF FREEDOM LISTING *****                            
 
  LOAD STEP=     1  SUBSTEP=     1                                             
   TIME=    1.0000      LOAD CASE=   0                                         
 
    NODE       VOLT  
     118  -300.00     
     119  -300.00     
     120  -300.00     
     121  -300.00     
     122  -300.00     
     123  -300.00     
     124  -300.00     
     125  -300.00     
     126  -300.00     
     127  -300.00     
     128  -300.00     
     129  -300.00     
     130  -300.00     
     131  -300.00     
     132  -400.00     
     133  -400.00     
     134  -400.00     
     135  -400.00     
     136  -400.00     
     137  -400.00     
     138  -400.00     
     139  -400.00     
     140  -400.00     
     141  -400.00     
     142  -400.00     
     143  -400.00     
     144  -400.00     
     145  -400.00     
     146  -400.00     
     147  -400.00     
     148  -400.00     
     149  -400.00     
     150  -400.00     
     151  -400.00     
     152  -400.00     
     153  -400.00     
     154  -400.00     
     155  -400.00     
     156  -400.00     
 
  ***** POST1 NODAL DEGREE OF FREEDOM LISTING *****                            
 
  LOAD STEP=     1  SUBSTEP=     1                                             
   TIME=    1.0000      LOAD CASE=   0                                         
 
    NODE       VOLT  
     157  -400.00     
     158  -400.00     
     159  -400.00     
     160  -400.00     
     161  -400.00     
     162  -400.00     
     163  -400.00     
     164  -300.00     
     165  -300.00     
     166  -300.00     
     167  -300.00     
     168  -300.00     
     169  -300.00     
     170  -300.00     
     171  -300.00     
     172  -300.00     
     173  -400.40     
     174  -400.81     
     175  -401.41     
     176  -402.05     
     177  -403.03     
     178  -404.11     
     179  -405.74     
     180  -407.47     
     181  -410.01     
     182  -412.63     
     183  -416.34     
     184  -420.07     
     185  -425.30     
     186  -430.53     
     187  -437.69     
     188  -444.85     
     189  -454.01     
     190  -463.17     
     191  -473.08     
     192  -482.99     
     193  -492.94     
     194  -502.88     
     195  -512.83     
 
  ***** POST1 NODAL DEGREE OF FREEDOM LISTING *****                            
 
  LOAD STEP=     1  SUBSTEP=     1                                             
   TIME=    1.0000      LOAD CASE=   0                                         
 
    NODE       VOLT  
     196  -522.77     
     197  -535.49     
     198  -548.20     
     199  -558.15     
     200  -568.09     
     201  -578.04     
     202  -587.98     
     203  -597.93     
     204  -607.87     
     205  -617.82     
     206  -627.76     
     207  -637.71     
     208  -647.65     
     209  -657.60     
     210  -667.54     
     211  -677.49     
     212  -687.43     
     213  -697.38     
     214  -707.33     
     215  -717.27     
     216  -727.22     
     217  -737.16     
     218  -747.11     
     219  -757.05     
     220  -767.00     
     221  -776.94     
     222  -786.89     
     223  -796.83     
     224  -806.78     
     225  -816.72     
     226  -826.67     
     227  -836.61     
     228  -846.56     
     229  -856.50     
     230  -866.45     
     231  -876.39     
     232  -886.34     
     233  -896.29     
     234  -906.23     
 
  ***** POST1 NODAL DEGREE OF FREEDOM LISTING *****                            
 
  LOAD STEP=     1  SUBSTEP=     1                                             
   TIME=    1.0000      LOAD CASE=   0                                         
 
    NODE       VOLT  
     235  -916.18     
     236  -926.12     
     237  -936.07     
     238  -946.01     
     239  -955.96     
     240  -965.90     
     241  -975.85     
     242  -985.79     
     243  -992.90     
     244  -400.00     
     245  -400.00     
     246  -400.00     
     247  -400.00     
     248  -400.00     
     249  -400.00     
     250  -400.00     
     251  -400.00     
     252  -400.00     
     253  -400.00     
     254  -400.00     
     255  -400.00     
     256  -400.00     
     257  -400.00     
     258  -400.00     
     259  -400.00     
     260  -400.00     
     261  -400.00     
     262  -400.00     
     263  -400.00     
     264  -400.00     
     265  -400.00     
     266  -400.00     
     267  -400.40     
     268  -400.82     
     269  -401.41     
     270  -402.06     
     271  -403.04     
     272  -404.12     
     273  -405.74     
 
  ***** POST1 NODAL DEGREE OF FREEDOM LISTING *****                            
 
  LOAD STEP=     1  SUBSTEP=     1                                             
   TIME=    1.0000      LOAD CASE=   0                                         
 
    NODE       VOLT  
     274  -407.46     
     275  -409.99     
     276  -412.65     
     277  -416.33     
     278  -420.06     
     279  -425.29     
     280  -430.53     
     281  -437.79     
     282  -445.04     
     283  -454.37     
     284  -463.69     
     285  -473.61     
     286  -483.54     
     287  -493.48     
     288  -503.43     
     289  -513.37     
     290  -523.32     
     291  -535.76     
     292  -548.20     
     293  -558.15     
     294  -568.09     
     295  -578.04     
     296  -587.98     
     297  -597.93     
     298  -607.87     
     299  -617.82     
     300  -627.76     
     301  -637.71     
     302  -647.65     
     303  -657.60     
     304  -667.54     
     305  -677.49     
     306  -687.43     
     307  -697.38     
     308  -707.33     
     309  -717.27     
     310  -727.22     
     311  -737.16     
     312  -747.11     
 
  ***** POST1 NODAL DEGREE OF FREEDOM LISTING *****                            
 
  LOAD STEP=     1  SUBSTEP=     1                                             
   TIME=    1.0000      LOAD CASE=   0                                         
 
    NODE       VOLT  
     313  -757.05     
     314  -767.00     
     315  -776.94     
     316  -786.89     
     317  -796.83     
     318  -806.78     
     319  -816.72     
     320  -826.67     
     321  -836.61     
     322  -846.56     
     323  -856.50     
     324  -866.45     
     325  -876.39     
     326  -886.34     
     327  -896.29     
     328  -906.23     
     329  -916.18     
     330  -926.12     
     331  -936.07     
     332  -946.01     
     333  -955.96     
     334  -965.90     
     335  -975.85     
     336  -985.79     
     337  -992.90     
     338  -400.00     
     339  -400.00     
     340  -400.00     
     341  -400.00     
     342  -400.00     
     343  -400.00     
     344  -400.00     
     345  -400.00     
     346  -400.00     
     347  -299.19     
     348  -298.37     
     349  -297.22     
     350  -296.03     
     351  -294.28     
 
  ***** POST1 NODAL DEGREE OF FREEDOM LISTING *****                            
 
  LOAD STEP=     1  SUBSTEP=     1                                             
   TIME=    1.0000      LOAD CASE=   0                                         
 
    NODE       VOLT  
     352  -292.43     
     353  -289.73     
     354  -286.89     
     355  -282.92     
     356  -278.90     
     357  -273.18     
     358  -267.44     
     359  -259.36     
     360  -251.29     
     361  -239.98     
     362  -228.67     
     363  -213.92     
     364  -199.17     
     365  -183.90     
     366  -168.64     
     367  -153.35     
     368  -138.07     
     369  -122.78     
     370  -107.50     
     371  -93.724     
     372  -79.951     
     373  -66.178     
     374  -52.405     
     375  -37.120     
     376  -21.836     
     377  -10.918     
     378   0.0000     
     379   0.0000     
     380   0.0000     
     381   0.0000     
     382   0.0000     
     383   0.0000     
     384  -1000.0     
     385  -1000.0     
     386  -1000.0     
     387  -1000.0     
     388  -1000.0     
     389  -1000.0     
     390  -992.90     
 
  ***** POST1 NODAL DEGREE OF FREEDOM LISTING *****                            
 
  LOAD STEP=     1  SUBSTEP=     1                                             
   TIME=    1.0000      LOAD CASE=   0                                         
 
    NODE       VOLT  
     391  -985.79     
     392  -975.85     
     393  -965.90     
     394  -955.04     
     395  -944.18     
     396  -934.23     
     397  -924.29     
     398  -914.34     
     399  -904.40     
     400  -894.45     
     401  -884.51     
     402  -874.56     
     403  -864.62     
     404  -854.67     
     405  -844.73     
     406  -834.78     
     407  -824.84     
     408  -814.89     
     409  -804.94     
     410  -795.00     
     411  -785.05     
     412  -775.11     
     413  -765.16     
     414  -755.22     
     415  -745.27     
     416  -735.33     
     417  -725.38     
     418  -715.44     
     419  -705.49     
     420  -695.55     
     421  -685.60     
     422  -675.66     
     423  -665.71     
     424  -655.77     
     425  -645.82     
     426  -635.88     
     427  -625.93     
     428  -615.98     
     429  -606.04     
 
  ***** POST1 NODAL DEGREE OF FREEDOM LISTING *****                            
 
  LOAD STEP=     1  SUBSTEP=     1                                             
   TIME=    1.0000      LOAD CASE=   0                                         
 
    NODE       VOLT  
     430  -596.09     
     431  -586.15     
     432  -576.20     
     433  -566.26     
     434  -556.31     
     435  -546.37     
     436  -536.42     
     437  -526.48     
     438  -516.53     
     439  -506.59     
     440  -496.64     
     441  -486.70     
     442  -476.81     
     443  -466.93     
     444  -457.61     
     445  -448.30     
     446  -440.60     
     447  -432.90     
     448  -427.24     
     449  -421.57     
     450  -417.38     
     451  -413.16     
     452  -409.84     
     453  -406.16     
     454  -403.08     
     455  -399.13     
     456  -394.65     
     457  -388.50     
     458  -381.20     
     459  -371.95     
     460  -362.22     
     461  -351.91     
     462  -340.59     
     463  -329.63     
     464  -318.81     
     465  -310.06     
     466  -301.55     
     467  -295.20     
     468  -288.20     
 
  ***** POST1 NODAL DEGREE OF FREEDOM LISTING *****                            
 
  LOAD STEP=     1  SUBSTEP=     1                                             
   TIME=    1.0000      LOAD CASE=   0                                         
 
    NODE       VOLT  
     469  -282.09     
     470  -272.69     
     471  -263.44     
     472  -249.63     
     473  -235.82     
     474  -220.54     
     475  -205.25     
     476  -189.97     
     477  -174.68     
     478  -159.40     
     479  -144.11     
     480  -128.83     
     481  -113.54     
     482  -98.260     
     483  -82.975     
     484  -67.690     
     485  -52.405     
     486  -37.120     
     487  -21.836     
     488  -10.918     
     489  -299.19     
     490  -298.38     
     491  -297.22     
     492  -296.02     
     493  -294.28     
     494  -292.45     
     495  -289.75     
     496  -286.93     
     497  -282.95     
     498  -278.91     
     499  -273.20     
     500  -267.46     
     501  -259.37     
     502  -251.29     
     503  -239.98     
     504  -228.67     
     505  -214.34     
     506  -200.00     
     507  -184.76     
 
  ***** POST1 NODAL DEGREE OF FREEDOM LISTING *****                            
 
  LOAD STEP=     1  SUBSTEP=     1                                             
   TIME=    1.0000      LOAD CASE=   0                                         
 
    NODE       VOLT  
     508  -169.51     
     509  -154.23     
     510  -138.94     
     511  -123.66     
     512  -108.37     
     513  -94.382     
     514  -80.390     
     515  -66.398     
     516  -52.405     
     517  -37.120     
     518  -21.836     
     519  -10.918     
     520  -10.918     
     521  -21.836     
     522  -37.120     
     523  -52.405     
     524  -68.248     
     525  -84.092     
     526  -99.376     
     527  -114.66     
     528  -129.95     
     529  -145.23     
     530  -160.51     
     531  -175.80     
     532  -190.90     
     533  -206.01     
     534  -219.49     
     535  -232.97     
     536  -243.61     
     537  -254.25     
     538  -262.06     
     539  -269.87     
     540  -275.64     
     541  -281.58     
     542  -286.25     
     543  -291.28     
     544  -295.91     
     545  -301.44     
     546  -307.41     
 
  ***** POST1 NODAL DEGREE OF FREEDOM LISTING *****                            
 
  LOAD STEP=     1  SUBSTEP=     1                                             
   TIME=    1.0000      LOAD CASE=   0                                         
 
    NODE       VOLT  
     547  -315.23     
     548  -324.08     
     549  -334.35     
     550  -344.76     
     551  -355.32     
     552  -366.75     
     553  -377.11     
     554  -386.57     
     555  -393.49     
     556  -399.82     
     557  -404.25     
     558  -409.56     
     559  -414.13     
     560  -421.80     
     561  -429.39     
     562  -439.07     
     563  -448.75     
     564  -458.69     
     565  -468.64     
     566  -478.58     
     567  -488.53     
     568  -498.47     
     569  -508.42     
     570  -518.37     
     571  -528.31     
     572  -538.26     
     573  -548.20     
     574  -558.15     
     575  -568.09     
     576  -578.04     
     577  -587.98     
     578  -597.93     
     579  -607.87     
     580  -617.82     
     581  -627.76     
     582  -637.71     
     583  -647.65     
     584  -657.60     
     585  -667.54     
 
  ***** POST1 NODAL DEGREE OF FREEDOM LISTING *****                            
 
  LOAD STEP=     1  SUBSTEP=     1                                             
   TIME=    1.0000      LOAD CASE=   0                                         
 
    NODE       VOLT  
     586  -677.49     
     587  -687.43     
     588  -697.38     
     589  -707.33     
     590  -717.27     
     591  -727.22     
     592  -737.16     
     593  -747.11     
     594  -757.05     
     595  -767.00     
     596  -776.94     
     597  -786.89     
     598  -796.83     
     599  -806.78     
     600  -816.72     
     601  -826.67     
     602  -836.61     
     603  -846.56     
     604  -856.50     
     605  -866.45     
     606  -876.39     
     607  -886.34     
     608  -896.29     
     609  -906.23     
     610  -916.18     
     611  -926.12     
     612  -936.07     
     613  -946.01     
     614  -955.96     
     615  -965.90     
     616  -975.85     
     617  -985.79     
     618  -992.90     
     619  -310.48     
     620  -310.68     
     621  -310.55     
     622  -310.24     
     623  -310.33     
     624  -310.33     
 
  ***** POST1 NODAL DEGREE OF FREEDOM LISTING *****                            
 
  LOAD STEP=     1  SUBSTEP=     1                                             
   TIME=    1.0000      LOAD CASE=   0                                         
 
    NODE       VOLT  
     625  -310.21     
     626  -310.20     
     627  -310.21     
     628  -310.23     
     629  -310.42     
     630  -310.47     
     631  -310.56     
     632  -310.50     
     633  -310.55     
     634  -310.41     
     635  -310.36     
     636  -349.96     
     637  -349.93     
     638  -349.94     
     639  -349.95     
     640  -349.96     
     641  -349.98     
     642  -349.96     
     643  -349.95     
     644  -349.94     
     645  -349.91     
     646  -349.93     
     647  -313.86     
     648  -317.62     
     649  -322.83     
     650  -327.92     
     651  -334.04     
     652  -339.80     
     653  -345.39     
     654  -310.44     
     655  -310.44     
     656  -310.45     
     657  -310.34     
     658  -310.39     
     659  -310.26     
     660  -310.30     
     661  -310.23     
     662  -310.34     
     663  -310.42     
 
  ***** POST1 NODAL DEGREE OF FREEDOM LISTING *****                            
 
  LOAD STEP=     1  SUBSTEP=     1                                             
   TIME=    1.0000      LOAD CASE=   0                                         
 
    NODE       VOLT  
     664  -310.46     
     665  -310.31     
     666  -310.29     
     667  -310.19     
     668  -310.32     
     669  -310.28     
     670  -310.26     
     671  -389.47     
     672  -389.54     
     673  -389.51     
     674  -389.53     
     675  -389.70     
     676  -389.77     
     677  -389.62     
     678  -389.59     
     679  -389.50     
     680  -389.46     
     681  -389.40     
     682  -389.43     
     683  -389.24     
     684  -389.22     
     685  -389.16     
     686  -389.47     
     687  -389.58     
     688  -400.00     
     689  -400.00     
     690  -400.00     
     691  -400.00     
     692  -400.00     
     693  -400.00     
     694  -400.00     
     695  -400.00     
     696  -400.00     
     697  -400.00     
     698  -400.00     
     699  -400.00     
     700  -400.00     
     701  -400.00     
     702  -400.00     
 
  ***** POST1 NODAL DEGREE OF FREEDOM LISTING *****                            
 
  LOAD STEP=     1  SUBSTEP=     1                                             
   TIME=    1.0000      LOAD CASE=   0                                         
 
    NODE       VOLT  
     703  -400.00     
     704  -400.00     
     705  -400.00     
     706  -400.00     
     707  -400.00     
     708  -400.00     
     709  -400.00     
     710  -400.00     
     711  -400.00     
     712  -400.00     
     713  -400.00     
     714  -400.00     
     715  -400.00     
     716  -400.00     
     717  -400.00     
     718  -400.00     
     719  -400.00     
     720  -400.00     
     721  -400.00     
     722  -400.00     
     723  -400.00     
     724  -400.00     
     725  -400.00     
     726  -300.00     
     727  -300.00     
     728  -300.00     
     729  -300.00     
     730  -300.00     
     731  -300.00     
     732  -300.00     
     733  -300.00     
     734  -300.00     
     735  -300.00     
     736  -300.00     
     737  -300.00     
     738  -300.00     
     739  -300.00     
     740  -300.00     
     741  -300.00     
 
  ***** POST1 NODAL DEGREE OF FREEDOM LISTING *****                            
 
  LOAD STEP=     1  SUBSTEP=     1                                             
   TIME=    1.0000      LOAD CASE=   0                                         
 
    NODE       VOLT  
     742  -300.00     
     743  -300.00     
     744  -300.00     
     745  -300.00     
     746  -300.00     
     747  -300.00     
     748  -300.00     
     749  -300.00     
     750  -300.00     
     751  -300.00     
     752  -300.00     
     753  -300.00     
     754  -300.00     
     755  -300.00     
     756  -300.00     
     757  -300.00     
     758  -300.00     
     759  -300.00     
     760  -300.00     
     761  -300.00     
     762  -300.00     
     763  -300.00     
     764  -354.52     
     765  -360.10     
     766  -365.88     
     767  -372.00     
     768  -377.18     
     769  -382.45     
     770  -386.25     
     771  -349.93     
     772  -349.93     
     773  -349.90     
     774  -349.89     
     775  -349.90     
     776  -349.90     
     777  -349.89     
     778  -349.86     
     779  -349.88     
     780  -349.90     
 
  ***** POST1 NODAL DEGREE OF FREEDOM LISTING *****                            
 
  LOAD STEP=     1  SUBSTEP=     1                                             
   TIME=    1.0000      LOAD CASE=   0                                         
 
    NODE       VOLT  
     781  -349.91     
     782  -313.64     
     783  -317.44     
     784  -322.70     
     785  -327.89     
     786  -334.02     
     787  -339.79     
     788  -345.36     
     789  -313.70     
     790  -317.45     
     791  -322.75     
     792  -327.94     
     793  -334.16     
     794  -340.01     
     795  -345.46     
     796  -354.44     
     797  -359.89     
     798  -365.74     
     799  -371.97     
     800  -377.14     
     801  -382.44     
     802  -386.28     
     803  -389.55     
     804  -389.37     
     805  -389.31     
     806  -389.41     
     807  -389.51     
     808  -389.53     
     809  -389.51     
     810  -389.40     
     811  -389.39     
     812  -389.54     
     813  -389.45     
     814  -389.54     
     815  -389.65     
     816  -389.77     
     817  -389.71     
     818  -389.84     
     819  -389.81     
 
  ***** POST1 NODAL DEGREE OF FREEDOM LISTING *****                            
 
  LOAD STEP=     1  SUBSTEP=     1                                             
   TIME=    1.0000      LOAD CASE=   0                                         
 
    NODE       VOLT  
     820  -400.00     
     821  -400.00     
     822  -400.00     
     823  -400.00     
     824  -400.00     
     825  -400.00     
     826  -400.00     
     827  -400.00     
     828  -400.00     
     829  -400.00     
     830  -400.00     
     831  -400.00     
     832  -400.00     
     833  -400.00     
     834  -400.00     
     835  -400.00     
     836  -400.00     
     837  -400.00     
     838  -400.00     
     839  -400.00     
     840  -400.00     
     841  -400.00     
     842  -400.00     
     843  -400.00     
     844  -400.00     
     845  -400.00     
     846  -400.00     
     847  -400.00     
     848  -400.00     
     849  -400.00     
     850  -400.00     
     851  -400.00     
     852  -400.00     
     853  -400.00     
     854  -400.00     
     855  -400.00     
     856  -400.00     
     857  -400.00     
     858  -300.00     
 
  ***** POST1 NODAL DEGREE OF FREEDOM LISTING *****                            
 
  LOAD STEP=     1  SUBSTEP=     1                                             
   TIME=    1.0000      LOAD CASE=   0                                         
 
    NODE       VOLT  
     859  -300.00     
     860  -300.00     
     861  -300.00     
     862  -300.00     
     863  -300.00     
     864  -300.00     
     865  -300.00     
     866  -300.00     
     867  -300.00     
     868  -300.00     
     869  -300.00     
     870  -300.00     
     871  -300.00     
     872  -300.00     
     873  -300.00     
     874  -300.00     
     875  -300.00     
     876  -300.00     
     877  -300.00     
     878  -300.00     
     879  -300.00     
     880  -300.00     
     881  -300.00     
     882  -300.00     
     883  -300.00     
     884  -300.00     
     885  -300.00     
     886  -300.00     
     887  -300.00     
     888  -300.00     
     889  -300.00     
     890  -300.00     
     891  -300.00     
     892  -300.00     
     893  -300.00     
     894  -300.00     
     895  -300.00     
     896  -354.49     
     897  -360.07     
 
  ***** POST1 NODAL DEGREE OF FREEDOM LISTING *****                            
 
  LOAD STEP=     1  SUBSTEP=     1                                             
   TIME=    1.0000      LOAD CASE=   0                                         
 
    NODE       VOLT  
     898  -365.85     
     899  -371.97     
     900  -377.11     
     901  -382.36     
     902  -386.09     
     903  -300.00     
     904  -300.00     
     905  -300.00     
     906  -300.00     
     907  -300.00     
     908  -300.00     
     909  -300.00     
     910  -300.00     
     911  -300.00     
     912  -300.00     
     913  -300.00     
     914  -300.00     
     915  -300.00     
     916  -300.00     
     917  -300.00     
     918  -300.00     
     919  -300.00     
     920  -300.00     
     921  -300.00     
     922  -300.00     
     923  -300.00     
     924  -300.00     
     925  -300.00     
     926  -300.00     
     927  -300.00     
     928  -300.00     
     929  -300.00     
     930  -300.00     
     931  -300.00     
     932  -300.00     
     933  -300.00     
     934  -300.00     
     935  -400.00     
     936  -400.00     
 
  ***** POST1 NODAL DEGREE OF FREEDOM LISTING *****                            
 
  LOAD STEP=     1  SUBSTEP=     1                                             
   TIME=    1.0000      LOAD CASE=   0                                         
 
    NODE       VOLT  
     937  -400.00     
     938  -400.00     
     939  -400.00     
     940  -400.00     
     941  -400.00     
     942  -400.00     
     943  -400.00     
     944  -400.00     
     945  -400.00     
     946  -400.00     
     947  -400.00     
     948  -400.00     
     949  -400.00     
     950  -400.00     
     951  -400.00     
     952  -400.00     
     953  -400.00     
     954  -400.00     
     955  -400.00     
     956  -400.00     
     957  -400.00     
     958  -400.00     
     959  -400.00     
     960  -400.00     
     961  -400.00     
     962  -400.00     
     963  -400.00     
     964  -400.00     
     965  -400.00     
     966  -400.00     
     967  -400.00     
     968  -400.00     
     969  -400.00     
     970  -400.00     
     971  -400.00     
     972  -400.00     
     973  -400.00     
     974  -400.00     
     975  -400.00     
 
  ***** POST1 NODAL DEGREE OF FREEDOM LISTING *****                            
 
  LOAD STEP=     1  SUBSTEP=     1                                             
   TIME=    1.0000      LOAD CASE=   0                                         
 
    NODE       VOLT  
     976  -400.00     
     977  -400.00     
     978  -400.00     
     979  -400.00     
     980  -400.00     
     981  -400.00     
     982  -400.00     
     983  -400.00     
     984  -400.00     
     985  -400.00     
     986  -400.00     
     987  -400.00     
     988  -400.00     
     989  -400.00     
     990  -400.00     
     991  -400.00     
     992  -400.00     
     993  -400.00     
     994  -400.00     
     995  -400.00     
     996  -400.00     
     997  -400.00     
     998  -400.00     
     999  -300.00     
    1000  -300.00     
    1001  -300.00     
    1002  -300.00     
    1003  -300.00     
    1004  -300.00     
    1005  -300.00     
    1006  -300.00     
    1007  -300.00     
    1008  -300.00     
    1009  -300.00     
    1010  -300.00     
    1011  -300.00     
    1012  -300.00     
    1013  -300.00     
    1014  -300.00     
 
  ***** POST1 NODAL DEGREE OF FREEDOM LISTING *****                            
 
  LOAD STEP=     1  SUBSTEP=     1                                             
   TIME=    1.0000      LOAD CASE=   0                                         
 
    NODE       VOLT  
    1015  -300.00     
    1016  -300.00     
    1017  -300.00     
    1018  -300.00     
    1019  -300.00     
    1020  -300.00     
    1021  -300.00     
    1022  -300.00     
    1023  -300.00     
    1024  -300.00     
    1025  -300.00     
    1026  -300.00     
    1027  -300.00     
    1028  -300.00     
    1029  -300.00     
    1030  -300.00     
    1031  -361.94     
    1032  -365.47     
    1033  -376.52     
    1034  -385.94     
    1035  -360.55     
    1036  -380.83     
    1037  -356.48     
    1038  -383.77     
    1039  -387.62     
    1040  -383.62     
    1041  -387.36     
    1042  -357.37     
    1043  -357.80     
    1044  -352.69     
    1045  -352.70     
    1046  -361.20     
    1047  -352.61     
    1048  -357.85     
    1049  -352.61     
    1050  -368.02     
    1051  -369.85     
    1052  -371.78     
    1053  -368.85     
 
  ***** POST1 NODAL DEGREE OF FREEDOM LISTING *****                            
 
  LOAD STEP=     1  SUBSTEP=     1                                             
   TIME=    1.0000      LOAD CASE=   0                                         
 
    NODE       VOLT  
    1054  -374.67     
    1055  -367.14     
    1056  -362.27     
    1057  -362.47     
    1058  -362.99     
    1059  -363.34     
    1060  -364.61     
    1061  -364.86     
    1062  -373.41     
    1063  -373.39     
    1064  -374.50     
    1065  -373.95     
    1066  -377.17     
    1067  -375.83     
    1068  -377.71     
    1069  -377.07     
    1070  -373.04     
    1071  -362.02     
    1072  -371.10     
    1073  -379.96     
    1074  -357.39     
    1075  -357.94     
    1076  -358.53     
    1077  -380.49     
    1078  -379.35     
    1079  -379.86     
    1080  -381.77     
    1081  -382.36     
    1082  -382.28     
    1083  -374.23     
    1084  -362.49     
    1085  -368.59     
    1086  -374.41     
    1087  -379.70     
    1088  -353.21     
    1089  -353.23     
    1090  -353.40     
    1091  -353.42     
    1092  -353.78     
 
  ***** POST1 NODAL DEGREE OF FREEDOM LISTING *****                            
 
  LOAD STEP=     1  SUBSTEP=     1                                             
   TIME=    1.0000      LOAD CASE=   0                                         
 
    NODE       VOLT  
    1093  -353.77     
    1094  -354.00     
    1095  -353.93     
    1096  -385.95     
    1097  -385.87     
    1098  -384.99     
    1099  -384.83     
    1100  -384.95     
    1101  -384.85     
    1102  -385.52     
    1103  -385.55     
    1104  -386.45     
    1105  -386.64     
    1106  -386.11     
    1107  -386.12     
    1108  -386.97     
    1109  -386.69     
    1110  -369.33     
    1111  -363.35     
    1112  -382.03     
    1113  -376.77     
    1114  -381.80     
    1115  -366.99     
    1116  -383.00     
    1117  -381.71     
    1118  -383.13     
    1119  -380.54     
    1120  -379.47     
    1121  -379.45     
    1122  -358.95     
    1123  -358.38     
    1124  -357.73     
    1125  -357.28     
    1126  -377.00     
    1127  -365.42     
    1128  -372.49     
    1129  -371.34     
    1130  -368.69     
    1131  -367.62     
 
  ***** POST1 NODAL DEGREE OF FREEDOM LISTING *****                            
 
  LOAD STEP=     1  SUBSTEP=     1                                             
   TIME=    1.0000      LOAD CASE=   0                                         
 
    NODE       VOLT  
    1132  -355.85     
    1133  -356.01     
    1134  -384.68     
    1135  -306.88     
    1136  -393.01     
    1137  -328.84     
    1138  -375.84     
    1139  -325.28     
    1140  -377.17     
    1141  -349.53     
    1142  -354.58     
    1143  -354.62     
    1144  -323.77     
    1145  -324.85     
    1146  -377.72     
    1147  -388.85     
    1148  -311.21     
    1149  -376.73     
    1150  -387.45     
    1151  -393.97     
    1152  -386.94     
    1153  -393.98     
    1154  -313.37     
    1155  -312.97     
    1156  -305.94     
    1157  -305.93     
    1158  -351.06     
    1159  -351.58     
    1160  -367.09     
    1161  -367.51     
    1162  -361.54     
    1163  -377.00     
    1164  -334.48     
    1165  -338.66     
    1166  -338.78     
    1167  -328.68     
    1168  -346.22     
    1169  -326.40     
    1170  -369.24     
 
  ***** POST1 NODAL DEGREE OF FREEDOM LISTING *****                            
 
  LOAD STEP=     1  SUBSTEP=     1                                             
   TIME=    1.0000      LOAD CASE=   0                                         
 
    NODE       VOLT  
    1171  -386.00     
    1172  -314.89     
    1173  -337.75     
    1174  -331.59     
    1175  -346.98     
    1176  -352.56     
    1177  -364.43     
    1178  -358.51     
    1179  -321.97     
    1180  -316.21     
    1181  -383.76     
    1182  -377.98     
    1183  -393.49     
    1184  -393.44     
    1185  -393.35     
    1186  -392.47     
    1187  -307.42     
    1188  -307.59     
    1189  -307.48     
    1190  -307.48     
    1191  -391.99     
    1192  -391.00     
    1193  -308.91     
    1194  -307.95     
    1195  -315.86     
    1196  -384.14     
    1197  -314.94     
    1198  -386.87     
    1199  -356.10     
    1200  -336.05     
    1201  -342.00     
    1202  -335.58     
    1203  -367.27     
    1204  -367.55     
    1205  -311.87     
    1206  -387.96     
    1207  -338.35     
    1208  -324.50     
    1209  -314.12     
 
  ***** POST1 NODAL DEGREE OF FREEDOM LISTING *****                            
 
  LOAD STEP=     1  SUBSTEP=     1                                             
   TIME=    1.0000      LOAD CASE=   0                                         
 
    NODE       VOLT  
    1210  -313.34     
    1211  -327.30     
    1212  -340.67     
    1213  -338.82     
    1214  -344.19     
    1215  -347.53     
    1216  -342.52     
    1217  -347.54     
    1218  -343.65     
    1219  -342.01     
    1220  -347.24     
    1221  -347.26     
    1222  -328.50     
    1223  -333.08     
    1224  -331.82     
    1225  -331.44     
    1226  -333.59     
    1227  -327.15     
    1228  -327.20     
    1229  -327.08     
    1230  -326.83     
    1231  -325.68     
    1232  -324.06     
    1233  -322.43     
    1234  -321.73     
    1235  -338.14     
    1236  -337.92     
    1237  -338.02     
    1238  -337.28     
    1239  -336.78     
    1240  -338.27     
    1241  -333.30     
    1242  -327.25     
    1243  -340.09     
    1244  -319.72     
    1245  -321.14     
    1246  -320.86     
    1247  -319.12     
    1248  -318.01     
 
  ***** POST1 NODAL DEGREE OF FREEDOM LISTING *****                            
 
  LOAD STEP=     1  SUBSTEP=     1                                             
   TIME=    1.0000      LOAD CASE=   0                                         
 
    NODE       VOLT  
    1249  -317.79     
    1250  -343.06     
    1251  -342.83     
    1252  -343.19     
    1253  -325.84     
    1254  -317.25     
    1255  -322.55     
    1256  -332.35     
    1257  -338.37     
    1258  -313.72     
    1259  -314.02     
    1260  -315.07     
    1261  -315.18     
    1262  -315.39     
    1263  -315.27     
    1264  -315.27     
    1265  -314.89     
    1266  -313.61     
    1267  -313.79     
    1268  -313.95     
    1269  -314.04     
    1270  -313.23     
    1271  -313.26     
    1272  -346.84     
    1273  -346.88     
    1274  -346.77     
    1275  -346.78     
    1276  -346.54     
    1277  -346.56     
    1278  -347.09     
    1279  -347.03     
    1280  -323.14     
    1281  -317.86     
    1282  -336.66     
    1283  -330.70     
    1284  -333.19     
    1285  -318.11     
    1286  -343.54     
    1287  -342.61     
 
  ***** POST1 NODAL DEGREE OF FREEDOM LISTING *****                            
 
  LOAD STEP=     1  SUBSTEP=     1                                             
   TIME=    1.0000      LOAD CASE=   0                                         
 
    NODE       VOLT  
    1288  -342.81     
    1289  -343.08     
    1290  -316.97     
    1291  -318.39     
    1292  -317.46     
    1293  -320.57     
    1294  -320.93     
    1295  -321.00     
    1296  -336.35     
    1297  -333.06     
    1298  -330.41     
    1299  -332.82     
    1300  -326.34     
    1301  -344.03     
    1302  -344.68     
    1303  -306.87     
    1304  -393.26     
    1305  -378.77     
    1306  -364.31     
    1307  -341.65     
    1308  -379.11     
    1309  -377.64     
    1310  -390.00     
    1311  -310.12     
    1312  -312.40     
    1313  -309.14     
    1314  -387.30     
    1315  -312.68     
    1316  -310.13     
    1317  -361.08     
    1318  -380.44     
    1319  -379.10     
    1320  -386.92     
    1321  -387.26     
    1322  -394.30     
    1323  -394.30     
    1324  -352.22     
    1325  -359.13     
    1326  -369.44     
 
  ***** POST1 NODAL DEGREE OF FREEDOM LISTING *****                            
 
  LOAD STEP=     1  SUBSTEP=     1                                             
   TIME=    1.0000      LOAD CASE=   0                                         
 
    NODE       VOLT  
    1327  -365.38     
    1328  -350.06     
    1329  -349.27     
    1330  -356.28     
    1331  -349.51     
    1332  -365.53     
    1333  -363.88     
    1334  -335.41     
    1335  -333.40     
    1336  -334.15     
    1337  -336.40     
    1338  -336.68     
    1339  -334.42     
    1340  -336.08     
    1341  -336.68     
    1342  -337.29     
    1343  -371.83     
    1344  -358.71     
    1345  -349.17     
    1346  -354.12     
    1347  -365.72     
    1348  -374.48     
    1349  -359.31     
    1350  -361.38     
    1351  -377.95     
    1352  -370.93     
    1353  -364.06     
    1354  -364.99     
    1355  -364.01     
    1356  -339.70     
    1357  -333.13     
    1358  -334.76     
    1359  -379.88     
    1360  -322.51     
    1361  -324.18     
    1362  -320.88     
    1363  -320.46     
    1364  -320.53     
    1365  -383.58     
 
  ***** POST1 NODAL DEGREE OF FREEDOM LISTING *****                            
 
  LOAD STEP=     1  SUBSTEP=     1                                             
   TIME=    1.0000      LOAD CASE=   0                                         
 
    NODE       VOLT  
    1366  -386.75     
    1367  -379.17     
    1368  -337.89     
    1369  -343.88     
    1370  -349.53     
    1371  -355.14     
    1372  -326.83     
    1373  -317.16     
    1374  -379.71     
    1375  -381.00     
    1376  -387.74     
    1377  -387.14     
    1378  -317.73     
    1379  -323.49     
    1380  -376.40     
    1381  -382.18     
    1382  -392.61     
    1383  -392.62     
    1384  -392.61     
    1385  -394.52     
    1386  -394.51     
    1387  -393.22     
    1388  -393.22     
    1389  -393.52     
    1390  -393.52     
    1391  -390.05     
    1392  -390.03     
    1393  -390.04     
    1394  -388.91     
    1395  -389.05     
    1396  -390.68     
    1397  -310.13     
    1398  -310.12     
    1399  -312.41     
    1400  -312.40     
    1401  -311.80     
    1402  -311.79     
    1403  -309.10     
    1404  -309.11     
 
  ***** POST1 NODAL DEGREE OF FREEDOM LISTING *****                            
 
  LOAD STEP=     1  SUBSTEP=     1                                             
   TIME=    1.0000      LOAD CASE=   0                                         
 
    NODE       VOLT  
    1405  -309.12     
    1406  -311.44     
    1407  -311.60     
    1408  -309.12     
    1409  -389.12     
    1410  -390.15     
    1411  -309.76     
    1412  -310.88     
    1413  -319.08     
    1414  -380.62     
    1415  -322.83     
    1416  -318.21     
    1417  -323.57     
    1418  -324.79     
    1419  -320.23     
    1420  -378.12     
    1421  -380.09     
    1422  -387.05     
    1423  -386.44     
    1424  -389.03     
    1425  -385.24     
    1426  -372.99     
    1427  -348.97     
    1428  -345.99     
    1429  -349.98     
    1430  -368.86     
    1431  -349.77     
    1432  -358.47     
    1433  -348.56     
    1434  -350.11     
    1435  -372.30     
    1436  -388.61     
    1437  -400.00     
    1438  -400.00     
    1439  -400.00     
    1440  -400.00     
    1441  -400.00     
    1442  -400.00     
    1443  -400.00     
 
  ***** POST1 NODAL DEGREE OF FREEDOM LISTING *****                            
 
  LOAD STEP=     1  SUBSTEP=     1                                             
   TIME=    1.0000      LOAD CASE=   0                                         
 
    NODE       VOLT  
    1444  -400.00     
    1445  -400.00     
    1446  -400.00     
    1447  -400.00     
    1448  -400.00     
    1449  -400.00     
    1450  -400.00     
    1451  -400.00     
    1452  -400.00     
    1453  -400.00     
    1454  -400.00     
    1455  -400.00     
    1456  -400.00     
    1457  -400.00     
    1458  -400.00     
    1459  -400.00     
    1460  -400.00     
    1461  -400.00     
    1462  -400.00     
    1463  -400.00     
    1464  -400.00     
    1465  -400.00     
    1466  -400.00     
    1467  -400.00     
    1468  -400.00     
    1469  -400.00     
    1470  -400.00     
    1471  -400.00     
    1472  -400.00     
    1473  -400.00     
    1474  -400.00     
    1475  -400.00     
    1476  -400.00     
    1477  -400.00     
    1478  -400.00     
    1479  -400.00     
    1480  -400.00     
    1481  -400.00     
    1482  -400.00     
 
  ***** POST1 NODAL DEGREE OF FREEDOM LISTING *****                            
 
  LOAD STEP=     1  SUBSTEP=     1                                             
   TIME=    1.0000      LOAD CASE=   0                                         
 
    NODE       VOLT  
    1483  -400.00     
    1484  -400.00     
    1485  -400.00     
    1486  -400.00     
    1487  -400.00     
    1488  -400.00     
    1489  -400.00     
    1490  -400.00     
    1491  -400.00     
    1492  -400.00     
    1493  -400.00     
    1494  -400.00     
    1495  -400.00     
    1496  -400.00     
    1497  -400.00     
    1498  -400.00     
    1499  -400.00     
    1500  -400.00     
    1501  -400.00     
    1502  -400.00     
    1503  -400.00     
    1504  -400.00     
    1505  -400.00     
    1506  -400.00     
    1507  -400.00     
    1508  -400.00     
    1509  -400.00     
    1510  -400.00     
    1511  -400.00     
    1512  -400.00     
    1513  -400.00     
    1514  -400.00     
    1515  -400.00     
    1516  -400.00     
    1517  -400.00     
    1518  -400.00     
    1519  -400.00     
    1520  -400.00     
    1521  -400.00     
 
  ***** POST1 NODAL DEGREE OF FREEDOM LISTING *****                            
 
  LOAD STEP=     1  SUBSTEP=     1                                             
   TIME=    1.0000      LOAD CASE=   0                                         
 
    NODE       VOLT  
    1522  -400.00     
    1523  -400.00     
    1524  -400.00     
    1525  -400.00     
    1526  -400.00     
    1527  -400.00     
    1528  -400.00     
    1529  -400.00     
    1530  -400.00     
    1531  -400.00     
    1532  -400.00     
    1533  -400.00     
    1534  -400.00     
    1535  -400.00     
    1536  -400.00     
    1537  -400.00     
    1538  -400.00     
    1539  -400.00     
    1540  -400.00     
    1541  -400.00     
    1542  -400.00     
    1543  -400.00     
    1544  -400.00     
    1545  -400.00     
    1546  -400.00     
    1547  -400.00     
    1548  -400.00     
    1549  -400.00     
    1550  -400.00     
    1551  -400.00     
    1552  -400.00     
    1553  -400.00     
    1554  -400.00     
    1555  -400.00     
    1556  -400.00     
    1557  -400.00     
    1558  -400.00     
    1559  -400.00     
    1560  -400.00     
 
  ***** POST1 NODAL DEGREE OF FREEDOM LISTING *****                            
 
  LOAD STEP=     1  SUBSTEP=     1                                             
   TIME=    1.0000      LOAD CASE=   0                                         
 
    NODE       VOLT  
    1561  -400.00     
    1562  -400.00     
    1563  -400.00     
    1564  -400.00     
    1565  -400.00     
    1566  -400.00     
    1567  -400.00     
    1568  -400.00     
    1569  -400.00     
    1570  -400.00     
    1571  -400.00     
    1572  -400.00     
    1573  -400.00     
    1574  -400.00     
    1575  -400.00     
    1576  -400.00     
    1577  -400.00     
    1578  -400.00     
    1579  -400.00     
    1580  -400.00     
    1581  -400.00     
    1582  -400.00     
    1583  -400.00     
    1584  -400.00     
    1585  -400.00     
    1586  -400.00     
    1587  -400.00     
    1588  -400.00     
    1589  -400.00     
    1590  -400.00     
    1591  -400.00     
    1592  -400.00     
    1593  -400.00     
    1594  -400.00     
    1595  -400.00     
    1596  -400.00     
    1597  -400.00     
    1598  -400.00     
    1599  -400.00     
 
  ***** POST1 NODAL DEGREE OF FREEDOM LISTING *****                            
 
  LOAD STEP=     1  SUBSTEP=     1                                             
   TIME=    1.0000      LOAD CASE=   0                                         
 
    NODE       VOLT  
    1600  -400.00     
    1601  -400.00     
    1602  -400.00     
    1603  -400.00     
    1604  -400.00     
    1605  -400.00     
    1606  -400.00     
    1607  -400.00     
    1608  -400.00     
    1609  -400.00     
    1610  -400.00     
    1611  -400.00     
    1612  -400.00     
    1613  -400.00     
    1614  -400.00     
    1615  -400.00     
    1616  -400.00     
    1617  -400.00     
    1618  -400.00     
    1619  -400.00     
    1620  -400.00     
    1621  -400.00     
    1622  -400.00     
    1623  -400.00     
    1624  -400.00     
    1625  -400.00     
    1626  -400.00     
    1627  -400.00     
    1628  -400.00     
    1629  -400.00     
    1630  -400.00     
    1631  -400.00     
    1632  -400.00     
    1633  -400.00     
    1634  -400.00     
    1635  -400.00     
    1636  -400.00     
    1637  -400.00     
    1638  -400.00     
 
  ***** POST1 NODAL DEGREE OF FREEDOM LISTING *****                            
 
  LOAD STEP=     1  SUBSTEP=     1                                             
   TIME=    1.0000      LOAD CASE=   0                                         
 
    NODE       VOLT  
    1639  -400.00     
    1640  -400.00     
    1641  -400.00     
    1642  -400.00     
    1643  -400.00     
    1644  -400.00     
    1645  -400.00     
    1646  -400.00     
    1647  -400.00     
    1648  -400.00     
    1649  -400.00     
    1650  -400.00     
    1651  -400.00     
    1652  -400.00     
    1653  -400.00     
    1654  -400.00     
    1655  -400.00     
    1656  -400.00     
    1657  -400.00     
    1658  -400.00     
    1659  -400.00     
    1660  -400.00     
    1661  -400.00     
    1662  -400.00     
    1663  -400.00     
    1664  -400.00     
    1665  -400.00     
    1666  -400.00     
    1667  -400.00     
    1668  -400.00     
    1669  -400.00     
    1670  -400.00     
    1671  -400.00     
    1672  -400.00     
    1673  -400.00     
    1674  -400.00     
    1675  -400.00     
    1676  -400.00     
    1677  -400.00     
 
  ***** POST1 NODAL DEGREE OF FREEDOM LISTING *****                            
 
  LOAD STEP=     1  SUBSTEP=     1                                             
   TIME=    1.0000      LOAD CASE=   0                                         
 
    NODE       VOLT  
    1678  -400.00     
    1679  -400.00     
    1680  -400.00     
    1681  -400.00     
    1682  -400.00     
    1683  -400.00     
    1684  -400.00     
    1685  -400.00     
    1686  -400.00     
    1687  -400.00     
    1688  -400.00     
    1689  -400.00     
    1690  -400.00     
    1691  -400.00     
    1692  -400.00     
    1693  -400.00     
    1694  -400.00     
    1695  -400.00     
    1696  -400.00     
    1697  -400.00     
    1698  -400.00     
    1699  -400.00     
    1700  -400.00     
    1701  -400.00     
    1702  -400.00     
    1703  -400.00     
    1704  -400.00     
    1705  -400.00     
    1706  -400.00     
    1707  -400.00     
    1708  -400.00     
    1709  -400.00     
    1710  -400.00     
    1711  -400.00     
    1712  -400.00     
    1713  -400.00     
    1714  -400.00     
    1715  -400.00     
    1716  -400.00     
 
  ***** POST1 NODAL DEGREE OF FREEDOM LISTING *****                            
 
  LOAD STEP=     1  SUBSTEP=     1                                             
   TIME=    1.0000      LOAD CASE=   0                                         
 
    NODE       VOLT  
    1717  -400.00     
    1718  -400.00     
    1719  -400.00     
    1720  -400.00     
    1721  -400.00     
    1722  -400.00     
    1723  -400.00     
    1724  -400.00     
    1725  -400.00     
    1726  -400.00     
    1727  -400.00     
    1728  -400.00     
    1729  -400.00     
    1730  -400.00     
    1731  -400.00     
    1732  -400.00     
    1733  -400.00     
    1734  -400.00     
    1735  -400.00     
    1736  -400.00     
    1737  -400.00     
    1738  -400.00     
    1739  -400.00     
    1740  -400.00     
    1741  -400.00     
    1742  -400.00     
    1743  -400.00     
    1744  -400.00     
    1745  -400.00     
    1746  -400.00     
    1747  -400.00     
    1748  -400.00     
    1749  -400.00     
    1750  -400.00     
    1751  -400.00     
    1752  -400.00     
    1753  -400.00     
    1754  -400.00     
    1755  -400.00     
 
  ***** POST1 NODAL DEGREE OF FREEDOM LISTING *****                            
 
  LOAD STEP=     1  SUBSTEP=     1                                             
   TIME=    1.0000      LOAD CASE=   0                                         
 
    NODE       VOLT  
    1756  -400.00     
    1757  -400.00     
    1758  -400.00     
    1759  -400.00     
    1760  -400.00     
    1761  -400.00     
    1762  -400.00     
    1763  -400.00     
    1764  -400.00     
    1765  -400.00     
    1766  -400.00     
    1767  -400.00     
    1768  -400.00     
    1769  -400.00     
    1770  -400.00     
    1771  -400.00     
    1772  -400.00     
    1773  -400.00     
    1774  -400.00     
    1775  -400.00     
    1776  -400.00     
    1777  -400.00     
    1778  -400.00     
    1779  -400.00     
    1780  -400.00     
    1781  -400.00     
    1782  -400.00     
    1783  -400.00     
    1784  -400.00     
    1785  -400.00     
    1786  -400.00     
    1787  -400.00     
    1788  -400.00     
    1789  -400.00     
    1790  -400.00     
    1791  -400.00     
    1792  -400.00     
    1793  -400.00     
    1794  -400.00     
 
  ***** POST1 NODAL DEGREE OF FREEDOM LISTING *****                            
 
  LOAD STEP=     1  SUBSTEP=     1                                             
   TIME=    1.0000      LOAD CASE=   0                                         
 
    NODE       VOLT  
    1795  -400.00     
    1796  -400.00     
    1797  -400.00     
    1798  -400.00     
    1799  -400.00     
    1800  -400.00     
    1801  -400.00     
    1802  -400.00     
    1803  -400.00     
    1804  -400.00     
    1805  -400.00     
    1806  -400.00     
    1807  -400.00     
    1808  -400.00     
    1809  -400.00     
    1810  -400.00     
    1811  -400.00     
    1812  -400.00     
    1813  -400.00     
    1814  -400.00     
    1815  -400.00     
    1816  -400.00     
    1817  -400.00     
    1818  -400.00     
    1819  -400.00     
    1820  -400.00     
    1821  -400.00     
    1822  -400.00     
    1823  -400.00     
    1824  -400.00     
    1825  -400.00     
    1826  -400.00     
    1827  -400.00     
    1828  -400.00     
    1829  -400.00     
    1830  -400.00     
    1831  -400.00     
    1832  -400.00     
    1833  -400.00     
 
  ***** POST1 NODAL DEGREE OF FREEDOM LISTING *****                            
 
  LOAD STEP=     1  SUBSTEP=     1                                             
   TIME=    1.0000      LOAD CASE=   0                                         
 
    NODE       VOLT  
    1834  -400.00     
    1835  -400.00     
    1836  -400.00     
    1837  -400.00     
    1838  -400.00     
    1839  -400.00     
    1840  -400.00     
    1841  -400.00     
    1842  -400.00     
    1843  -400.00     
    1844  -400.00     
    1845  -400.00     
    1846  -400.00     
    1847  -400.00     
    1848  -400.00     
    1849  -400.00     
    1850  -400.00     
    1851  -400.00     
    1852  -400.00     
    1853  -400.00     
    1854  -400.00     
    1855  -400.00     
    1856  -400.00     
    1857  -400.00     
    1858  -400.00     
    1859  -400.00     
    1860  -400.00     
    1861  -400.00     
    1862  -400.00     
    1863  -400.00     
    1864  -400.00     
    1865  -400.00     
    1866  -400.00     
    1867  -400.00     
    1868  -400.00     
    1869  -400.00     
    1870  -400.00     
    1871  -400.00     
    1872  -400.00     
 
  ***** POST1 NODAL DEGREE OF FREEDOM LISTING *****                            
 
  LOAD STEP=     1  SUBSTEP=     1                                             
   TIME=    1.0000      LOAD CASE=   0                                         
 
    NODE       VOLT  
    1873  -400.00     
    1874  -400.00     
    1875  -400.00     
    1876  -400.00     
    1877  -400.00     
    1878  -400.00     
    1879  -400.00     
    1880  -400.00     
    1881  -400.00     
    1882  -400.00     
    1883  -400.00     
    1884  -400.00     
    1885  -400.00     
    1886  -400.00     
    1887  -400.00     
    1888  -400.00     
    1889  -400.00     
    1890  -400.00     
    1891  -400.00     
    1892  -400.00     
    1893  -400.00     
    1894  -400.00     
    1895  -400.00     
    1896  -400.00     
    1897  -400.00     
    1898  -400.00     
    1899  -400.00     
    1900  -400.00     
    1901  -400.00     
    1902  -400.00     
    1903  -400.00     
    1904  -400.00     
    1905  -400.00     
    1906  -400.00     
    1907  -400.00     
    1908  -400.00     
    1909  -400.00     
    1910  -400.00     
    1911  -400.00     
 
  ***** POST1 NODAL DEGREE OF FREEDOM LISTING *****                            
 
  LOAD STEP=     1  SUBSTEP=     1                                             
   TIME=    1.0000      LOAD CASE=   0                                         
 
    NODE       VOLT  
    1912  -400.00     
    1913  -400.00     
    1914  -400.00     
    1915  -400.00     
    1916  -400.00     
    1917  -400.00     
    1918  -400.00     
    1919  -400.00     
    1920  -400.00     
    1921  -400.00     
    1922  -400.00     
    1923  -400.00     
    1924  -400.00     
    1925  -400.00     
    1926  -400.00     
    1927  -400.00     
    1928  -400.00     
    1929  -400.00     
    1930  -400.00     
    1931  -400.00     
    1932  -400.00     
    1933  -400.00     
    1934  -400.00     
    1935  -400.00     
    1936  -400.00     
    1937  -400.00     
    1938  -400.00     
    1939  -400.00     
    1940  -400.00     
    1941  -400.00     
    1942  -400.00     
    1943  -400.00     
    1944  -400.00     
    1945  -400.00     
    1946  -400.00     
    1947  -400.00     
    1948  -400.00     
    1949  -400.00     
    1950  -400.00     
 
  ***** POST1 NODAL DEGREE OF FREEDOM LISTING *****                            
 
  LOAD STEP=     1  SUBSTEP=     1                                             
   TIME=    1.0000      LOAD CASE=   0                                         
 
    NODE       VOLT  
    1951  -400.00     
    1952  -400.00     
    1953  -400.00     
    1954  -400.00     
    1955  -400.00     
    1956  -400.00     
    1957  -400.00     
    1958  -400.00     
    1959  -400.00     
    1960  -400.00     
    1961  -400.00     
    1962  -400.00     
    1963  -400.00     
    1964  -400.00     
    1965  -400.00     
    1966  -400.00     
    1967  -400.00     
    1968  -400.00     
    1969  -400.00     
    1970  -400.00     
    1971  -400.00     
    1972  -393.07     
    1973  -393.07     
    1974  -390.68     
    1975  -390.71     
    1976  -395.79     
    1977  -395.47     
    1978  -390.64     
    1979  -395.75     
    1980  -390.75     
    1981  -395.44     
    1982  -392.86     
    1983  -392.94     
    1984  -392.83     
    1985  -393.17     
    1986  -393.07     
    1987  -393.58     
    1988  -393.54     
    1989  -393.05     
 
  ***** POST1 NODAL DEGREE OF FREEDOM LISTING *****                            
 
  LOAD STEP=     1  SUBSTEP=     1                                             
   TIME=    1.0000      LOAD CASE=   0                                         
 
    NODE       VOLT  
    1990  -393.34     
    1991  -392.86     
    1992  -393.15     
    1993  -392.67     
    1994  -393.01     
    1995  -391.99     
    1996  -392.39     
    1997  -392.96     
    1998  -392.55     
    1999  -392.57     
    2000  -361.93     
    2001  -361.34     
    2002  -367.18     
    2003  -374.01     
    2004  -378.68     
    2005  -385.85     
    2006  -356.49     
    2007  -360.71     
    2008  -381.11     
    2009  -384.49     
    2010  -387.38     
    2011  -383.64     
    2012  -387.33     
    2013  -356.33     
    2014  -357.74     
    2015  -352.57     
    2016  -352.52     
    2017  -361.20     
    2018  -352.65     
    2019  -357.87     
    2020  -352.64     
    2021  -368.07     
    2022  -367.43     
    2023  -372.45     
    2024  -367.01     
    2025  -362.16     
    2026  -362.22     
    2027  -362.40     
    2028  -362.46     
 
  ***** POST1 NODAL DEGREE OF FREEDOM LISTING *****                            
 
  LOAD STEP=     1  SUBSTEP=     1                                             
   TIME=    1.0000      LOAD CASE=   0                                         
 
    NODE       VOLT  
    2029  -362.94     
    2030  -373.36     
    2031  -373.28     
    2032  -373.57     
    2033  -373.51     
    2034  -374.87     
    2035  -380.48     
    2036  -373.01     
    2037  -362.65     
    2038  -371.10     
    2039  -376.70     
    2040  -380.24     
    2041  -357.24     
    2042  -357.38     
    2043  -357.18     
    2044  -380.51     
    2045  -379.39     
    2046  -379.53     
    2047  -380.32     
    2048  -382.79     
    2049  -384.22     
    2050  -374.24     
    2051  -371.49     
    2052  -380.66     
    2053  -353.20     
    2054  -353.24     
    2055  -353.24     
    2056  -353.28     
    2057  -353.41     
    2058  -353.39     
    2059  -353.18     
    2060  -353.11     
    2061  -385.86     
    2062  -386.29     
    2063  -384.80     
    2064  -384.93     
    2065  -384.97     
    2066  -384.84     
    2067  -385.08     
 
  ***** POST1 NODAL DEGREE OF FREEDOM LISTING *****                            
 
  LOAD STEP=     1  SUBSTEP=     1                                             
   TIME=    1.0000      LOAD CASE=   0                                         
 
    NODE       VOLT  
    2068  -384.75     
    2069  -385.55     
    2070  -385.74     
    2071  -387.23     
    2072  -387.22     
    2073  -387.09     
    2074  -386.85     
    2075  -369.35     
    2076  -363.36     
    2077  -382.07     
    2078  -376.78     
    2079  -362.81     
    2080  -368.85     
    2081  -374.52     
    2082  -379.77     
    2083  -377.17     
    2084  -366.03     
    2085  -381.83     
    2086  -366.97     
    2087  -384.38     
    2088  -384.46     
    2089  -381.21     
    2090  -379.65     
    2091  -379.65     
    2092  -379.46     
    2093  -357.03     
    2094  -357.57     
    2095  -357.41     
    2096  -357.29     
    2097  -376.40     
    2098  -368.76     
    2099  -367.75     
    2100  -367.40     
    2101  -355.87     
    2102  -355.77     
    2103  -384.83     
    2104  -307.13     
    2105  -322.66     
    2106  -376.91     
 
  ***** POST1 NODAL DEGREE OF FREEDOM LISTING *****                            
 
  LOAD STEP=     1  SUBSTEP=     1                                             
   TIME=    1.0000      LOAD CASE=   0                                         
 
    NODE       VOLT  
    2107  -378.12     
    2108  -324.17     
    2109  -353.70     
    2110  -350.82     
    2111  -378.69     
    2112  -377.42     
    2113  -388.75     
    2114  -311.15     
    2115  -323.78     
    2116  -324.62     
    2117  -388.01     
    2118  -394.26     
    2119  -387.23     
    2120  -394.27     
    2121  -312.70     
    2122  -313.21     
    2123  -306.18     
    2124  -306.17     
    2125  -352.02     
    2126  -342.47     
    2127  -339.66     
    2128  -342.38     
    2129  -334.26     
    2130  -332.90     
    2131  -332.29     
    2132  -321.44     
    2133  -367.77     
    2134  -359.05     
    2135  -359.42     
    2136  -369.32     
    2137  -363.21     
    2138  -378.43     
    2139  -347.00     
    2140  -326.50     
    2141  -369.91     
    2142  -313.97     
    2143  -386.31     
    2144  -337.78     
    2145  -331.58     
 
  ***** POST1 NODAL DEGREE OF FREEDOM LISTING *****                            
 
  LOAD STEP=     1  SUBSTEP=     1                                             
   TIME=    1.0000      LOAD CASE=   0                                         
 
    NODE       VOLT  
    2146  -347.56     
    2147  -353.08     
    2148  -365.00     
    2149  -359.07     
    2150  -322.06     
    2151  -316.26     
    2152  -383.71     
    2153  -378.00     
    2154  -306.50     
    2155  -306.65     
    2156  -306.56     
    2157  -307.54     
    2158  -393.77     
    2159  -393.72     
    2160  -393.63     
    2161  -392.48     
    2162  -308.56     
    2163  -308.02     
    2164  -392.02     
    2165  -391.06     
    2166  -384.09     
    2167  -315.92     
    2168  -387.43     
    2169  -313.12     
    2170  -357.25     
    2171  -336.23     
    2172  -369.50     
    2173  -368.90     
    2174  -349.45     
    2175  -329.72     
    2176  -335.14     
    2177  -312.35     
    2178  -388.53     
    2179  -338.25     
    2180  -319.20     
    2181  -322.35     
    2182  -329.32     
    2183  -314.01     
    2184  -338.79     
 
  ***** POST1 NODAL DEGREE OF FREEDOM LISTING *****                            
 
  LOAD STEP=     1  SUBSTEP=     1                                             
   TIME=    1.0000      LOAD CASE=   0                                         
 
    NODE       VOLT  
    2185  -315.40     
    2186  -339.50     
    2187  -343.86     
    2188  -347.42     
    2189  -342.26     
    2190  -347.44     
    2191  -343.56     
    2192  -342.01     
    2193  -347.24     
    2194  -347.28     
    2195  -318.72     
    2196  -316.22     
    2197  -312.39     
    2198  -312.50     
    2199  -331.77     
    2200  -332.14     
    2201  -328.77     
    2202  -326.75     
    2203  -326.53     
    2204  -325.65     
    2205  -324.48     
    2206  -325.69     
    2207  -326.90     
    2208  -319.99     
    2209  -319.99     
    2210  -323.44     
    2211  -337.66     
    2212  -336.90     
    2213  -336.81     
    2214  -338.09     
    2215  -337.91     
    2216  -332.99     
    2217  -327.12     
    2218  -333.90     
    2219  -338.43     
    2220  -319.60     
    2221  -320.64     
    2222  -319.28     
    2223  -319.29     
 
  ***** POST1 NODAL DEGREE OF FREEDOM LISTING *****                            
 
  LOAD STEP=     1  SUBSTEP=     1                                             
   TIME=    1.0000      LOAD CASE=   0                                         
 
    NODE       VOLT  
    2224  -318.13     
    2225  -315.88     
    2226  -342.80     
    2227  -342.63     
    2228  -343.04     
    2229  -325.82     
    2230  -328.53     
    2231  -338.96     
    2232  -313.90     
    2233  -314.09     
    2234  -314.99     
    2235  -315.03     
    2236  -315.02     
    2237  -314.75     
    2238  -313.88     
    2239  -313.92     
    2240  -314.87     
    2241  -314.82     
    2242  -312.88     
    2243  -312.79     
    2244  -312.86     
    2245  -312.78     
    2246  -346.78     
    2247  -346.84     
    2248  -346.57     
    2249  -346.62     
    2250  -346.63     
    2251  -346.61     
    2252  -346.93     
    2253  -346.87     
    2254  -323.17     
    2255  -317.96     
    2256  -336.64     
    2257  -330.68     
    2258  -320.07     
    2259  -325.31     
    2260  -331.25     
    2261  -337.28     
    2262  -334.29     
 
  ***** POST1 NODAL DEGREE OF FREEDOM LISTING *****                            
 
  LOAD STEP=     1  SUBSTEP=     1                                             
   TIME=    1.0000      LOAD CASE=   0                                         
 
    NODE       VOLT  
    2263  -322.57     
    2264  -333.12     
    2265  -318.14     
    2266  -343.26     
    2267  -342.59     
    2268  -342.42     
    2269  -342.93     
    2270  -315.83     
    2271  -315.84     
    2272  -320.33     
    2273  -318.12     
    2274  -320.19     
    2275  -320.71     
    2276  -333.21     
    2277  -332.48     
    2278  -330.70     
    2279  -324.12     
    2280  -314.94     
    2281  -344.01     
    2282  -344.31     
    2283  -306.93     
    2284  -356.68     
    2285  -337.96     
    2286  -378.10     
    2287  -358.22     
    2288  -380.01     
    2289  -337.68     
    2290  -342.54     
    2291  -368.16     
    2292  -308.06     
    2293  -311.05     
    2294  -361.02     
    2295  -388.09     
    2296  -312.25     
    2297  -391.61     
    2298  -308.07     
    2299  -353.83     
    2300  -331.05     
    2301  -331.40     
 
  ***** POST1 NODAL DEGREE OF FREEDOM LISTING *****                            
 
  LOAD STEP=     1  SUBSTEP=     1                                             
   TIME=    1.0000      LOAD CASE=   0                                         
 
    NODE       VOLT  
    2302  -357.88     
    2303  -340.91     
    2304  -333.01     
    2305  -332.59     
    2306  -329.15     
    2307  -329.05     
    2308  -346.76     
    2309  -340.43     
    2310  -340.00     
    2311  -349.82     
    2312  -350.04     
    2313  -349.92     
    2314  -371.01     
    2315  -369.45     
    2316  -358.58     
    2317  -342.00     
    2318  -333.39     
    2319  -364.73     
    2320  -334.40     
    2321  -320.71     
    2322  -321.74     
    2323  -320.08     
    2324  -323.62     
    2325  -321.32     
    2326  -339.47     
    2327  -366.86     
    2328  -348.64     
    2329  -350.36     
    2330  -352.10     
    2331  -361.76     
    2332  -359.86     
    2333  -364.55     
    2334  -363.22     
    2335  -363.29     
    2336  -372.91     
    2337  -366.30     
    2338  -374.62     
    2339  -366.91     
    2340  -368.06     
 
  ***** POST1 NODAL DEGREE OF FREEDOM LISTING *****                            
 
  LOAD STEP=     1  SUBSTEP=     1                                             
   TIME=    1.0000      LOAD CASE=   0                                         
 
    NODE       VOLT  
    2341  -375.24     
    2342  -367.02     
    2343  -374.86     
    2344  -366.33     
    2345  -367.79     
    2346  -374.16     
    2347  -376.33     
    2348  -381.64     
    2349  -384.57     
    2350  -374.89     
    2351  -324.78     
    2352  -315.10     
    2353  -337.91     
    2354  -343.81     
    2355  -349.51     
    2356  -355.16     
    2357  -379.98     
    2358  -380.96     
    2359  -380.07     
    2360  -379.92     
    2361  -381.96     
    2362  -381.84     
    2363  -380.75     
    2364  -380.81     
    2365  -381.49     
    2366  -381.53     
    2367  -380.36     
    2368  -386.10     
    2369  -387.99     
    2370  -387.15     
    2371  -387.42     
    2372  -387.48     
    2373  -387.40     
    2374  -384.02     
    2375  -387.72     
    2376  -317.40     
    2377  -323.08     
    2378  -377.22     
    2379  -382.99     
 
  ***** POST1 NODAL DEGREE OF FREEDOM LISTING *****                            
 
  LOAD STEP=     1  SUBSTEP=     1                                             
   TIME=    1.0000      LOAD CASE=   0                                         
 
    NODE       VOLT  
    2380  -308.07     
    2381  -308.07     
    2382  -312.66     
    2383  -312.66     
    2384  -309.10     
    2385  -309.10     
    2386  -309.10     
    2387  -311.00     
    2388  -311.01     
    2389  -311.02     
    2390  -312.72     
    2391  -312.89     
    2392  -308.70     
    2393  -391.61     
    2394  -391.61     
    2395  -394.48     
    2396  -394.48     
    2397  -393.50     
    2398  -393.50     
    2399  -393.65     
    2400  -393.65     
    2401  -393.77     
    2402  -393.77     
    2403  -393.71     
    2404  -393.71     
    2405  -393.67     
    2406  -393.68     
    2407  -394.01     
    2408  -394.04     
    2409  -389.80     
    2410  -389.95     
    2411  -391.67     
    2412  -309.29     
    2413  -310.37     
    2414  -390.11     
    2415  -391.10     
    2416  -382.47     
    2417  -318.29     
    2418  -379.91     
 
  ***** POST1 NODAL DEGREE OF FREEDOM LISTING *****                            
 
  LOAD STEP=     1  SUBSTEP=     1                                             
   TIME=    1.0000      LOAD CASE=   0                                         
 
    NODE       VOLT  
    2419  -388.07     
    2420  -387.36     
    2421  -387.43     
    2422  -387.54     
    2423  -387.30     
    2424  -387.00     
    2425  -388.97     
    2426  -383.23     
    2427  -325.37     
    2428  -322.00     
    2429  -318.18     
    2430  -325.29     
    2431  -316.12     
    2432  -372.68     
    2433  -375.63     
    2434  -374.09     
    2435  -376.39     
    2436  -372.84     
    2437  -372.97     
    2438  -348.99     
    2439  -359.97     
    2440  -359.75     
    2441  -353.62     
    2442  -356.46     
    2443  -350.58     
    2444  -340.77     
    2445  -359.21     
    2446  -340.10     
    2447  -339.90     
    2448  -309.52     
    2449  -304.38     
    2450  -309.27     
    2451  -304.58     
    2452  -309.56     
    2453  -309.40     
    2454  -305.30     
    2455  -304.60     
    2456  -307.09     
    2457  -307.52     
 
  ***** POST1 NODAL DEGREE OF FREEDOM LISTING *****                            
 
  LOAD STEP=     1  SUBSTEP=     1                                             
   TIME=    1.0000      LOAD CASE=   0                                         
 
    NODE       VOLT  
    2458  -308.06     
    2459  -307.65     
    2460  -306.90     
    2461  -306.45     
    2462  -306.99     
    2463  -306.64     
    2464  -306.87     
    2465  -307.07     
    2466  -307.77     
    2467  -306.93     
    2468  -307.91     
    2469  -307.09     
    2470  -307.76     
    2471  -307.77     
    2472  -307.78     
    2473  -307.64     
    2474  -300.00     
    2475  -300.00     
    2476  -300.00     
    2477  -300.00     
    2478  -300.00     
    2479  -300.00     
    2480  -300.00     
    2481  -300.00     
    2482  -300.00     
    2483  -300.00     
    2484  -300.00     
    2485  -300.00     
    2486  -300.00     
    2487  -300.00     
    2488  -300.00     
    2489  -300.00     
    2490  -300.00     
    2491  -300.00     
    2492  -300.00     
    2493  -300.00     
    2494  -300.00     
    2495  -300.00     
    2496  -300.00     
 
  ***** POST1 NODAL DEGREE OF FREEDOM LISTING *****                            
 
  LOAD STEP=     1  SUBSTEP=     1                                             
   TIME=    1.0000      LOAD CASE=   0                                         
 
    NODE       VOLT  
    2497  -300.00     
    2498  -300.00     
    2499  -300.00     
    2500  -300.00     
    2501  -300.00     
    2502  -300.00     
    2503  -300.00     
    2504  -300.00     
    2505  -300.00     
    2506  -300.00     
    2507  -300.00     
    2508  -300.00     
    2509  -300.00     
    2510  -300.00     
    2511  -300.00     
    2512  -300.00     
    2513  -300.00     
    2514  -300.00     
    2515  -300.00     
    2516  -300.00     
    2517  -300.00     
    2518  -300.00     
    2519  -300.00     
    2520  -300.00     
    2521  -300.00     
    2522  -300.00     
    2523  -300.00     
    2524  -300.00     
    2525  -300.00     
    2526  -300.00     
    2527  -300.00     
    2528  -300.00     
    2529  -300.00     
    2530  -300.00     
    2531  -300.00     
    2532  -300.00     
    2533  -300.00     
    2534  -300.00     
    2535  -300.00     
 
  ***** POST1 NODAL DEGREE OF FREEDOM LISTING *****                            
 
  LOAD STEP=     1  SUBSTEP=     1                                             
   TIME=    1.0000      LOAD CASE=   0                                         
 
    NODE       VOLT  
    2536  -300.00     
    2537  -300.00     
    2538  -300.00     
    2539  -300.00     
    2540  -300.00     
    2541  -300.00     
    2542  -300.00     
    2543  -300.00     
    2544  -300.00     
    2545  -300.00     
    2546  -300.00     
    2547  -300.00     
    2548  -300.00     
    2549  -300.00     
    2550  -300.00     
    2551  -300.00     
    2552  -300.00     
    2553  -300.00     
    2554  -300.00     
    2555  -300.00     
    2556  -300.00     
    2557  -300.00     
    2558  -300.00     
    2559  -300.00     
    2560  -300.00     
    2561  -300.00     
    2562  -300.00     
    2563  -300.00     
    2564  -300.00     
    2565  -300.00     
    2566  -300.00     
    2567  -300.00     
    2568  -300.00     
    2569  -300.00     
    2570  -300.00     
    2571  -300.00     
    2572  -300.00     
    2573  -300.00     
    2574  -300.00     
 
  ***** POST1 NODAL DEGREE OF FREEDOM LISTING *****                            
 
  LOAD STEP=     1  SUBSTEP=     1                                             
   TIME=    1.0000      LOAD CASE=   0                                         
 
    NODE       VOLT  
    2575  -300.00     
    2576  -300.00     
    2577  -300.00     
    2578  -300.00     
    2579  -300.00     
    2580  -300.00     
    2581  -300.00     
    2582  -300.00     
    2583  -300.00     
    2584  -300.00     
    2585  -300.00     
    2586  -300.00     
    2587  -300.00     
    2588  -300.00     
    2589  -300.00     
    2590  -300.00     
    2591  -300.00     
    2592  -300.00     
    2593  -300.00     
    2594  -300.00     
    2595  -300.00     
    2596  -300.00     
    2597  -300.00     
    2598  -300.00     
    2599  -300.00     
    2600  -300.00     
    2601  -300.00     
    2602  -300.00     
    2603  -300.00     
    2604  -300.00     
    2605  -300.00     
    2606  -300.00     
    2607  -300.00     
    2608  -300.00     
    2609  -300.00     
    2610  -300.00     
    2611  -300.00     
    2612  -300.00     
    2613  -300.00     
 
  ***** POST1 NODAL DEGREE OF FREEDOM LISTING *****                            
 
  LOAD STEP=     1  SUBSTEP=     1                                             
   TIME=    1.0000      LOAD CASE=   0                                         
 
    NODE       VOLT  
    2614  -300.00     
    2615  -300.00     
    2616  -300.00     
    2617  -300.00     
    2618  -300.00     
    2619  -300.00     
    2620  -300.00     
    2621  -300.00     
    2622  -300.00     
    2623  -300.00     
    2624  -300.00     
    2625  -300.00     
    2626  -300.00     
    2627  -300.00     
    2628  -300.00     
    2629  -300.00     
    2630  -300.00     
    2631  -300.00     
    2632  -300.00     
    2633  -300.00     
    2634  -300.00     
    2635  -300.00     
    2636  -300.00     
    2637  -300.00     
    2638  -300.00     
    2639  -300.00     
    2640  -300.00     
    2641  -300.00     
    2642  -300.00     
    2643  -300.00     
    2644  -300.00     
    2645  -300.00     
    2646  -300.00     
    2647  -300.00     
    2648  -300.00     
    2649  -300.00     
    2650  -300.00     
    2651  -300.00     
    2652  -300.00     
 
  ***** POST1 NODAL DEGREE OF FREEDOM LISTING *****                            
 
  LOAD STEP=     1  SUBSTEP=     1                                             
   TIME=    1.0000      LOAD CASE=   0                                         
 
    NODE       VOLT  
    2653  -300.00     
    2654  -300.00     
    2655  -300.00     
    2656  -300.00     
    2657  -300.00     
    2658  -300.00     
    2659  -300.00     
    2660  -300.00     
    2661  -300.00     
    2662  -300.00     
    2663  -300.00     
    2664  -300.00     
    2665  -300.00     
    2666  -300.00     
    2667  -300.00     
    2668  -300.00     
    2669  -300.00     
    2670  -300.00     
    2671  -300.00     
    2672  -300.00     
    2673  -300.00     
    2674  -300.00     
    2675  -300.00     
    2676  -300.00     
    2677  -300.00     
    2678  -300.00     
    2679  -300.00     
    2680  -300.00     
    2681  -300.00     
    2682  -300.00     
    2683  -300.00     
    2684  -300.00     
    2685  -300.00     
    2686  -300.00     
    2687  -300.00     
    2688  -300.00     
    2689  -300.00     
    2690  -300.00     
    2691  -300.00     
 
  ***** POST1 NODAL DEGREE OF FREEDOM LISTING *****                            
 
  LOAD STEP=     1  SUBSTEP=     1                                             
   TIME=    1.0000      LOAD CASE=   0                                         
 
    NODE       VOLT  
    2692  -300.00     
    2693  -300.00     
    2694  -300.00     
    2695  -300.00     
    2696  -300.00     
    2697  -300.00     
    2698  -300.00     
    2699  -300.00     
    2700  -300.00     
    2701  -300.00     
    2702  -300.00     
    2703  -300.00     
    2704  -300.00     
    2705  -300.00     
    2706  -300.00     
    2707  -300.00     
    2708  -300.00     
    2709  -300.00     
    2710  -300.00     
    2711  -300.00     
    2712  -300.00     
    2713  -300.00     
    2714  -300.00     
    2715  -300.00     
    2716  -300.00     
    2717  -300.00     
    2718  -300.00     
    2719  -300.00     
    2720  -300.00     
    2721  -300.00     
    2722  -300.00     
    2723  -300.00     
    2724  -300.00     
    2725  -300.00     
    2726  -300.00     
    2727  -300.00     
    2728  -300.00     
    2729  -300.00     
    2730  -300.00     
 
  ***** POST1 NODAL DEGREE OF FREEDOM LISTING *****                            
 
  LOAD STEP=     1  SUBSTEP=     1                                             
   TIME=    1.0000      LOAD CASE=   0                                         
 
    NODE       VOLT  
    2731  -300.00     
    2732  -300.00     
    2733  -300.00     
    2734  -300.00     
    2735  -300.00     
    2736  -300.00     
    2737  -300.00     
    2738  -300.00     
    2739  -300.00     
    2740  -300.00     
    2741  -300.00     
    2742  -300.00     
    2743  -300.00     
    2744  -300.00     
    2745  -300.00     
    2746  -300.00     
    2747  -300.00     
    2748  -300.00     
    2749  -300.00     
    2750  -300.00     
    2751  -300.00     
    2752  -300.00     
    2753  -300.00     
    2754  -300.00     
    2755  -300.00     
    2756  -300.00     
    2757  -300.00     
    2758  -300.00     
    2759  -300.00     
    2760  -300.00     
    2761  -300.00     
    2762  -300.00     
    2763  -300.00     
    2764  -300.00     
    2765  -300.00     
    2766  -300.00     
    2767  -300.00     
    2768  -300.00     
    2769  -300.00     
 
  ***** POST1 NODAL DEGREE OF FREEDOM LISTING *****                            
 
  LOAD STEP=     1  SUBSTEP=     1                                             
   TIME=    1.0000      LOAD CASE=   0                                         
 
    NODE       VOLT  
    2770  -300.00     
    2771  -300.00     
    2772  -300.00     
    2773  -300.00     
    2774  -300.00     
    2775  -300.00     
    2776  -300.00     
    2777  -300.00     
    2778  -300.00     
    2779  -300.00     
    2780  -300.00     
    2781  -300.00     
    2782  -300.00     
    2783  -300.00     
    2784  -300.00     
    2785  -300.00     
    2786  -300.00     
    2787  -300.00     
    2788  -300.00     
    2789  -300.00     
    2790  -300.00     
    2791  -300.00     
    2792  -300.00     
    2793  -300.00     
    2794  -300.00     
    2795  -300.00     
    2796  -300.00     
    2797  -300.00     
    2798  -300.00     
    2799  -300.00     
    2800  -300.00     
    2801  -300.00     
    2802  -300.00     
    2803  -300.00     
    2804  -300.00     
    2805  -300.00     
    2806  -300.00     
    2807  -300.00     
    2808  -300.00     
 
  ***** POST1 NODAL DEGREE OF FREEDOM LISTING *****                            
 
  LOAD STEP=     1  SUBSTEP=     1                                             
   TIME=    1.0000      LOAD CASE=   0                                         
 
    NODE       VOLT  
    2809  -300.00     
    2810  -300.00     
    2811  -300.00     
    2812  -300.00     
    2813  -300.00     
    2814  -300.00     
    2815  -300.00     
    2816  -300.00     
    2817  -300.00     
    2818  -300.00     
    2819  -300.00     
    2820  -300.00     
    2821  -300.00     
    2822  -300.00     
    2823  -300.00     
    2824  -300.00     
    2825  -300.00     
    2826  -300.00     
    2827  -300.00     
    2828  -300.00     
    2829  -300.00     
    2830  -300.00     
    2831  -300.00     
    2832  -300.00     
    2833  -300.00     
    2834  -300.00     
    2835  -300.00     
    2836  -300.00     
    2837  -300.00     
    2838  -300.00     
    2839  -300.00     
    2840  -300.00     
    2841  -300.00     
    2842  -300.00     
    2843  -300.00     
    2844  -300.00     
    2845  -300.00     
    2846  -300.00     
    2847  -300.00     
 
  ***** POST1 NODAL DEGREE OF FREEDOM LISTING *****                            
 
  LOAD STEP=     1  SUBSTEP=     1                                             
   TIME=    1.0000      LOAD CASE=   0                                         
 
    NODE       VOLT  
    2848  -300.00     
    2849  -300.00     
    2850  -300.00     
    2851  -300.00     
    2852  -300.00     
    2853  -300.00     
    2854  -300.00     
    2855  -300.00     
    2856  -300.00     
    2857  -300.00     
    2858  -300.00     
    2859  -300.00     
    2860  -300.00     
    2861  -300.00     
    2862  -300.00     
    2863  -300.00     
    2864  -300.00     
    2865  -300.00     
    2866  -300.00     
    2867  -300.00     
    2868  -300.00     
    2869  -300.00     
    2870  -300.00     
    2871  -300.00     
    2872  -300.00     
    2873  -300.00     
    2874  -300.00     
    2875  -300.00     
    2876  -300.00     
    2877  -300.00     
    2878  -300.00     
    2879  -300.00     
    2880  -300.00     
    2881  -300.00     
    2882  -300.00     
    2883  -300.00     
    2884  -300.00     
    2885  -300.00     
    2886  -300.00     
 
  ***** POST1 NODAL DEGREE OF FREEDOM LISTING *****                            
 
  LOAD STEP=     1  SUBSTEP=     1                                             
   TIME=    1.0000      LOAD CASE=   0                                         
 
    NODE       VOLT  
    2887  -300.00     
    2888  -300.00     
    2889  -300.00     
    2890  -300.00     
    2891  -300.00     
    2892  -300.00     
    2893  -300.00     
    2894  -300.00     
    2895  -300.00     
    2896  -300.00     
    2897  -300.00     
    2898  -300.00     
    2899  -300.00     
    2900  -300.00     
    2901  -300.00     
    2902  -300.00     
    2903  -300.00     
    2904  -300.00     
    2905  -300.00     
    2906  -300.00     
    2907  -300.00     
    2908  -300.00     
    2909  -300.00     
    2910  -300.00     
    2911  -300.00     
    2912  -300.00     
    2913  -300.00     
    2914  -300.00     
    2915  -300.00     
    2916  -300.00     
    2917  -300.00     
    2918  -300.00     
    2919  -300.00     
    2920  -300.00     
    2921  -300.00     
    2922  -300.00     
    2923  -300.00     
    2924  -300.00     
    2925  -300.00     
 
  ***** POST1 NODAL DEGREE OF FREEDOM LISTING *****                            
 
  LOAD STEP=     1  SUBSTEP=     1                                             
   TIME=    1.0000      LOAD CASE=   0                                         
 
    NODE       VOLT  
    2926  -300.00     
    2927  -300.00     
    2928  -300.00     
    2929  -300.00     
    2930  -300.00     
    2931  -300.00     
    2932  -300.00     
    2933  -300.00     
    2934  -300.00     
    2935  -300.00     
    2936  -300.00     
    2937  -300.00     
    2938  -300.00     
    2939  -300.00     
    2940  -300.00     
    2941  -300.00     
    2942  -300.00     
    2943  -300.00     
    2944  -300.00     
    2945  -300.00     
    2946  -300.00     
    2947  -300.00     
    2948  -300.00     
    2949  -300.00     
    2950  -300.00     
    2951  -300.00     
    2952  -300.00     
    2953  -300.00     
    2954  -300.00     
    2955  -300.00     
    2956  -300.00     
    2957  -300.00     
    2958  -300.00     
    2959  -300.00     
    2960  -300.00     
    2961  -300.00     
    2962  -300.00     
    2963  -300.00     
    2964  -300.00     
 
  ***** POST1 NODAL DEGREE OF FREEDOM LISTING *****                            
 
  LOAD STEP=     1  SUBSTEP=     1                                             
   TIME=    1.0000      LOAD CASE=   0                                         
 
    NODE       VOLT  
    2965  -300.00     
    2966  -300.00     
    2967  -300.00     
    2968  -300.00     
    2969  -300.00     
    2970  -300.00     
    2971  -300.00     
    2972  -300.00     
    2973  -300.00     
    2974  -300.00     
    2975  -300.00     
    2976  -300.00     
    2977  -300.00     
    2978  -300.00     
    2979  -300.00     
    2980  -300.00     
    2981  -300.00     
    2982  -300.00     
    2983  -300.00     
    2984  -300.00     
    2985  -300.00     
    2986  -300.00     
    2987  -300.00     
    2988  -300.00     
    2989  -300.00     
    2990  -300.00     
    2991  -300.00     
    2992  -300.00     
    2993  -300.00     
    2994  -300.00     
    2995  -300.00     
    2996  -300.00     
    2997  -300.00     
    2998  -300.00     
    2999  -300.00     
    3000  -300.00     
    3001  -300.00     
    3002  -300.00     
    3003  -300.00     
 
  ***** POST1 NODAL DEGREE OF FREEDOM LISTING *****                            
 
  LOAD STEP=     1  SUBSTEP=     1                                             
   TIME=    1.0000      LOAD CASE=   0                                         
 
    NODE       VOLT  
    3004  -300.00     
    3005  -300.00     
    3006  -300.00     
    3007  -300.00     
    3008  -300.00     
    3009  -309.40     
    3010  -304.13     
    3011  -309.19     
    3012  -304.45     
    3013  -309.33     
    3014  -309.17     
    3015  -304.23     
    3016  -304.53     
    3017  -306.56     
    3018  -307.21     
    3019  -307.08     
    3020  -307.72     
    3021  -307.10     
    3022  -306.64     
    3023  -307.49     
    3024  -306.55     
    3025  -306.86     
    3026  -307.03     
    3027  -307.36     
    3028  -306.83     
    3029  -307.22     
    3030  -306.82     
    3031  -307.49     
    3032  -307.59     
    3033  -307.41     
    3034  -307.31     
    3035  -390.74     
    3036  -395.81     
    3037  -390.71     
    3038  -395.43     
    3039  -390.98     
    3040  -390.96     
    3041  -396.05     
    3042  -395.66     
 
  ***** POST1 NODAL DEGREE OF FREEDOM LISTING *****                            
 
  LOAD STEP=     1  SUBSTEP=     1                                             
   TIME=    1.0000      LOAD CASE=   0                                         
 
    NODE       VOLT  
    3043  -393.34     
    3044  -393.13     
    3045  -392.49     
    3046  -392.63     
    3047  -392.94     
    3048  -392.67     
    3049  -393.15     
    3050  -392.83     
    3051  -392.43     
    3052  -392.19     
    3053  -393.10     
    3054  -392.54     
    3055  -393.12     
    3056  -392.81     
    3057  -392.94     
    3058  -393.25     
    3059  -392.91     
    3060  -392.53     
    3061  -389.13     
    3062  -386.94     
    3063  -392.44     
    3064  -391.47     
    3065  -371.53     
    3066  -381.57     
    3067  -378.51     
    3068  -313.54     
    3069  -314.83     
    3070  -393.36     
    3071  -329.06     
    3072  -314.66     
    3073  -335.62     
    3074  -322.91     
    3075  -318.10     
    3076  -315.49     
    3077  -324.91     
    3078  -332.90     
    3079  -320.32     
    3080  -309.60     
    3081  -331.25     
 
  ***** POST1 NODAL DEGREE OF FREEDOM LISTING *****                            
 
  LOAD STEP=     1  SUBSTEP=     1                                             
   TIME=    1.0000      LOAD CASE=   0                                         
 
    NODE       VOLT  
    3082  -317.32     
    3083  -359.25     
    3084  -350.56     
    3085  -343.60     
    3086  -338.00     
    3087  -363.53     
    3088  -358.91     
    3089  -355.65     
    3090  -377.14     
    3091  -386.21     
    3092  -358.57     
    3093  -386.68     
    3094  -377.45     
    3095  -374.38     
    3096  -354.40     
    3097  -361.44     
    3098  -371.20     
    3099  -387.92     
    3100  -366.36     
    3101  -383.65     
    3102  -391.85     
    3103  -391.76     
    3104  -382.15     
    3105  -387.40     
    3106  -344.84     
    3107  -325.41     
    3108  -331.21     
    3109  -347.16     
    3110  -324.16     
    3111  -310.94     
    3112  -321.30     
    3113  -329.26     
    3114  -330.39     
    3115  -313.41     
    3116  -312.72     
    3117  -316.17     
    3118  -330.26     
    3119  -314.00     
    3120  -340.79     
 
  ***** POST1 NODAL DEGREE OF FREEDOM LISTING *****                            
 
  LOAD STEP=     1  SUBSTEP=     1                                             
   TIME=    1.0000      LOAD CASE=   0                                         
 
    NODE       VOLT  
    3121  -310.63     
    3122  -322.00     
    3123  -310.73     
    3124  -369.78     
    3125  -375.13     
    3126  -384.39     
    3127  -349.99     
    3128  -366.73     
    3129  -385.18     
    3130  -388.87     
    3131  -386.30     
    3132  -377.10     
    3133  -386.15     
    3134  -316.35     
    3135  -365.11     
    3136  -363.36     
    3137  -313.43     
    3138  -313.75     
    3139  -322.61     
    3140  -349.13     
    3141  -338.71     
    3142  -357.04     
    3143  -358.51     
    3144  -372.94     
    3145  -379.16     
    3146  -366.08     
    3147  -352.05     
    3148  -311.73     
    3149  -314.69     
    3150  -324.66     
    3151  -313.74     
    3152  -327.18     
    3153  -333.69     
    3154  -325.80     
    3155  -313.98     
    3156  -314.57     
    3157  -314.01     
    3158  -313.49     
    3159  -387.89     
 
  ***** POST1 NODAL DEGREE OF FREEDOM LISTING *****                            
 
  LOAD STEP=     1  SUBSTEP=     1                                             
   TIME=    1.0000      LOAD CASE=   0                                         
 
    NODE       VOLT  
    3160  -388.68     
    3161  -385.87     
    3162  -317.57     
    3163  -311.90     
    3164  -351.09     
    3165  -336.79     
    3166  -324.81     
    3167  -323.41     
    3168  -326.74     
    3169  -312.77     
    3170  -344.10     
    3171  -334.58     
    3172  -346.46     
    3173  -337.05     
    3174  -338.25     
    3175  -332.62     
    3176  -326.13     
    3177  -353.37     
    3178  -355.48     
    3179  -315.62     
    3180  -329.65     
    3181  -313.93     
    3182  -312.25     
    3183  -361.33     
    3184  -344.89     
    3185  -324.21     
    3186  -372.24     
    3187  -387.74     
    3188  -378.15     
    3189  -364.96     
    3190  -353.17     
    3191  -362.22     
    3192  -363.47     
    3193  -374.58     
    3194  -313.73     
    3195  -329.33     
    3196  -356.45     
    3197  -346.01     
    3198  -342.34     
 
  ***** POST1 NODAL DEGREE OF FREEDOM LISTING *****                            
 
  LOAD STEP=     1  SUBSTEP=     1                                             
   TIME=    1.0000      LOAD CASE=   0                                         
 
    NODE       VOLT  
    3199  -346.14     
    3200  -342.04     
    3201  -354.74     
    3202  -337.37     
    3203  -318.27     
    3204  -341.93     
    3205  -345.84     
    3206  -333.85     
    3207  -343.00     
    3208  -350.76     
    3209  -346.85     
    3210  -329.14     
    3211  -334.93     
    3212  -359.05     
    3213  -349.99     
    3214  -344.49     
    3215  -348.83     
    3216  -348.96     
    3217  -350.06     
    3218  -352.27     
    3219  -362.03     
    3220  -364.22     
    3221  -335.26     
    3222  -337.02     
    3223  -332.92     
    3224  -337.24     
    3225  -354.58     
    3226  -354.28     
    3227  -366.18     
    3228  -366.54     
    3229  -384.43     
    3230  -382.80     
    3231  -378.87     
    3232  -377.85     
    3233  -321.78     
    3234  -311.00     
    3235  -335.51     
    3236  -347.51     
    3237  -333.07     
 
  ***** POST1 NODAL DEGREE OF FREEDOM LISTING *****                            
 
  LOAD STEP=     1  SUBSTEP=     1                                             
   TIME=    1.0000      LOAD CASE=   0                                         
 
    NODE       VOLT  
    3238  -345.88     
    3239  -357.59     
    3240  -310.05     
    3241  -306.18     
    3242  -317.34     
    3243  -321.63     
    3244  -346.73     
    3245  -331.99     
    3246  -390.63     
    3247  -366.31     
    3248  -359.13     
    3249  -390.14     
    3250  -377.07     
    3251  -384.51     
    3252  -386.09     
    3253  -384.91     
    3254  -309.44     
    3255  -310.75     
    3256  -328.86     
    3257  -319.48     
    3258  -321.21     
    3259  -334.71     
    3260  -315.21     
    3261  -333.27     
    3262  -315.45     
    3263  -375.88     
    3264  -386.42     
    3265  -392.20     
    3266  -330.45     
    3267  -311.20     
    3268  -342.15     
    3269  -381.71     
    3270  -374.34     
    3271  -385.66     
    3272  -364.31     
    3273  -346.32     
    3274  -333.44     
    3275  -343.32     
    3276  -310.56     
 
  ***** POST1 NODAL DEGREE OF FREEDOM LISTING *****                            
 
  LOAD STEP=     1  SUBSTEP=     1                                             
   TIME=    1.0000      LOAD CASE=   0                                         
 
    NODE       VOLT  
    3277  -314.03     
    3278  -310.89     
    3279  -309.60     
    3280  -314.62     
    3281  -327.58     
    3282  -385.89     
    3283  -380.74     
    3284  -387.21     
    3285  -371.63     
    3286  -385.55     
    3287  -376.78     
    3288  -369.75     
    3289  -370.15     
    3290  -372.80     
    3291  -354.50     
    3292  -319.58     
    3293  -319.95     
    3294  -379.73     
    3295  -377.33     
    3296  -374.67     
    3297  -312.91     
    3298  -310.97     
    3299  -373.02     
    3300  -363.89     
    3301  -362.00     
    3302  -374.33     
    3303  -357.67     
    3304  -339.52     
    3305  -346.00     
    3306  -354.73     
    3307  -348.90     
    3308  -357.74     
    3309  -366.74     
    3310  -358.52     
    3311  -374.58     
    3312  -378.63     
    3313  -387.50     
    3314  -386.87     
    3315  -387.98     
 
  ***** POST1 NODAL DEGREE OF FREEDOM LISTING *****                            
 
  LOAD STEP=     1  SUBSTEP=     1                                             
   TIME=    1.0000      LOAD CASE=   0                                         
 
    NODE       VOLT  
    3316  -393.64     
    3317  -388.43     
    3318  -382.17     
    3319  -376.17     
    3320  -369.62     
    3321  -364.23     
    3322  -352.92     
    3323  -378.13     
    3324  -378.31     
    3325  -365.09     
    3326  -369.76     
    3327  -379.67     
    3328  -346.01     
    3329  -349.95     
    3330  -336.60     
    3331  -349.97     
    3332  -334.72     
    3333  -325.41     
    3334  -340.80     
    3335  -338.35     
    3336  -325.03     
    3337  -337.47     
    3338  -338.39     
    3339  -323.92     
    3340  -313.88     
    3341  -310.35     
    3342  -325.13     
    3343  -313.58     
    3344  -314.01     
    3345  -316.48     
    3346  -323.24     
    3347  -384.25     
    3348  -386.52     
    3349  -375.30     
    3350  -368.39     
    3351  -389.95     
    3352  -389.85     
    3353  -379.38     
    3354  -383.19     
 
  ***** POST1 NODAL DEGREE OF FREEDOM LISTING *****                            
 
  LOAD STEP=     1  SUBSTEP=     1                                             
   TIME=    1.0000      LOAD CASE=   0                                         
 
    NODE       VOLT  
    3355  -387.14     
    3356  -393.20     
    3357  -314.67     
    3358  -322.82     
    3359  -320.71     
    3360  -311.09     
    3361  -314.53     
    3362  -327.18     
    3363  -324.02     
    3364  -322.53     
    3365  -334.99     
    3366  -347.19     
    3367  -330.45     
    3368  -382.65     
    3369  -386.90     
    3370  -389.48     
    3371  -386.34     
    3372  -370.94     
    3373  -386.02     
    3374  -386.42     
    3375  -371.29     
    3376  -371.15     
    3377  -360.30     
    3378  -364.64     
    3379  -376.81     
    3380  -382.08     
    3381  -367.40     
    3382  -376.54     
    3383  -374.52     
    3384  -385.13     
    3385  -329.13     
    3386  -336.50     
    3387  -311.39     
    3388  -318.24     
    3389  -313.61     
    3390  -316.03     
    3391  -329.47     
    3392  -324.27     
    3393  -337.49     
 
  ***** POST1 NODAL DEGREE OF FREEDOM LISTING *****                            
 
  LOAD STEP=     1  SUBSTEP=     1                                             
   TIME=    1.0000      LOAD CASE=   0                                         
 
    NODE       VOLT  
    3394  -382.00     
    3395  -367.62     
    3396  -377.87     
    3397  -375.86     
    3398  -314.92     
    3399  -345.11     
    3400  -354.66     
    3401  -332.62     
    3402  -336.67     
    3403  -375.21     
    3404  -381.66     
    3405  -389.96     
    3406  -347.16     
    3407  -347.17     
    3408  -348.07     
    3409  -339.28     
    3410  -342.28     
    3411  -350.08     
    3412  -355.90     
    3413  -363.11     
    3414  -362.21     
    3415  -332.12     
    3416  -308.72     
    3417  -312.10     
    3418  -312.05     
    3419  -317.55     
    3420  -385.58     
    3421  -388.99     
    3422  -369.23     
    3423  -367.48     
    3424  -311.84     
    3425  -324.76     
    3426  -310.54     
    3427  -385.94     
    3428  -382.20     
    3429  -369.54     
    3430  -390.17     
    3431  -385.75     
    3432  -326.78     
 
  ***** POST1 NODAL DEGREE OF FREEDOM LISTING *****                            
 
  LOAD STEP=     1  SUBSTEP=     1                                             
   TIME=    1.0000      LOAD CASE=   0                                         
 
    NODE       VOLT  
    3433  -320.68     
    3434  -334.09     
    3435  -314.65     
    3436  -367.32     
    3437  -310.34     
    3438  -341.35     
    3439  -358.56     
    3440  -311.10     
    3441  -310.69     
    3442  -376.79     
    3443  -385.88     
    3444  -386.35     
    3445  -370.68     
    3446  -384.22     
    3447  -355.59     
    3448  -366.51     
    3449  -363.59     
    3450  -326.64     
    3451  -311.86     
    3452  -333.39     
    3453  -313.93     
    3454  -344.55     
    3455  -342.97     
    3456  -356.85     
    3457  -355.71     
    3458  -309.55     
    3459  -318.95     
    3460  -352.65     
    3461  -314.47     
    3462  -322.52     
    3463  -328.77     
    3464  -313.93     
    3465  -310.72     
    3466  -314.52     
    3467  -385.03     
    3468  -390.15     
    3469  -385.77     
    3470  -377.78     
    3471  -386.39     
 
  ***** POST1 NODAL DEGREE OF FREEDOM LISTING *****                            
 
  LOAD STEP=     1  SUBSTEP=     1                                             
   TIME=    1.0000      LOAD CASE=   0                                         
 
    NODE       VOLT  
    3472  -376.42     
    3473  -372.96     
    3474  -351.00     
    3475  -350.28     
    3476  -314.15     
    3477  -373.29     
    3478  -376.42     
    3479  -374.27     
    3480  -310.51     
    3481  -310.49     
    3482  -308.78     
    3483  -383.98     
    3484  -315.66     
    3485  -376.18     
    3486  -388.87     
    3487  -309.31     
    3488  -306.56     
    3489  -326.35     
    3490  -325.40     
    3491  -390.60     
    3492  -349.32     
    3493  -362.94     
    3494  -372.78     
    3495  -333.05     
    3496  -354.14     
    3497  -377.88     
    3498  -392.60     
    3499  -354.08     
    3500  -362.46     
    3501  -393.47     
    3502  -354.62     
    3503  -369.69     
    3504  -323.34     
    3505  -323.34     
    3506  -313.17     
    3507  -356.00     
    3508  -346.24     
    3509  -332.74     
    3510  -322.49     
 
  ***** POST1 NODAL DEGREE OF FREEDOM LISTING *****                            
 
  LOAD STEP=     1  SUBSTEP=     1                                             
   TIME=    1.0000      LOAD CASE=   0                                         
 
    NODE       VOLT  
    3511  -330.78     
    3512  -348.86     
    3513  -367.52     
    3514  -382.14     
    3515  -371.19     
    3516  -334.06     
    3517  -337.76     
    3518  -325.75     
    3519  -314.36     
    3520  -333.35     
    3521  -367.58     
    3522  -366.82     
    3523  -386.03     
    3524  -306.53     
    3525  -312.61     
    3526  -325.76     
    3527  -313.11     
    3528  -388.25     
    3529  -391.87     
    3530  -312.81     
    3531  -362.21     
    3532  -358.15     
    3533  -337.97     
    3534  -328.88     
    3535  -341.47     
    3536  -350.70     
    3537  -313.53     
    3538  -393.64     
    3539  -349.99     
    3540  -362.52     
    3541  -391.65     
    3542  -351.20     
    3543  -335.26     
    3544  -323.16     
    3545  -389.36     
    3546  -342.30     
    3547  -341.40     
    3548  -322.07     
    3549  -337.98     
 
  ***** POST1 NODAL DEGREE OF FREEDOM LISTING *****                            
 
  LOAD STEP=     1  SUBSTEP=     1                                             
   TIME=    1.0000      LOAD CASE=   0                                         
 
    NODE       VOLT  
    3550  -360.26     
    3551  -358.82     
    3552  -367.01     
    3553  -306.28     
    3554  -386.03     
    3555  -349.98     
    3556  -388.62     
    3557  -374.27     
    3558  -388.88     
    3559  -388.81     
    3560  -388.03     
    3561  -393.46     
    3562  -394.56     
    3563  -390.79     
    3564  -389.69     
    3565  -396.21     
    3566  -390.30     
    3567  -389.20     
    3568  -395.74     
    3569  -394.55     
    3570  -396.21     
    3571  -396.21     
    3572  -394.56     
    3573  -396.22     
    3574  -381.97     
    3575  -376.56     
    3576  -387.00     
    3577  -385.46     
    3578  -375.02     
    3579  -380.04     
    3580  -315.39     
    3581  -310.66     
    3582  -311.73     
    3583  -317.00     
    3584  -313.89     
    3585  -310.51     
    3586  -308.50     
    3587  -310.94     
    3588  -311.25     
 
  ***** POST1 NODAL DEGREE OF FREEDOM LISTING *****                            
 
  LOAD STEP=     1  SUBSTEP=     1                                             
   TIME=    1.0000      LOAD CASE=   0                                         
 
    NODE       VOLT  
    3589  -311.77     
    3590  -382.78     
    3591  -393.52     
    3592  -389.25     
    3593  -385.93     
    3594  -390.20     
    3595  -396.68     
    3596  -384.31     
    3597  -390.78     
    3598  -322.03     
    3599  -325.34     
    3600  -332.17     
    3601  -325.84     
    3602  -318.77     
    3603  -329.34     
    3604  -396.68     
    3605  -389.25     
    3606  -382.48     
    3607  -389.90     
    3608  -393.22     
    3609  -320.55     
    3610  -316.73     
    3611  -319.16     
    3612  -316.37     
    3613  -314.89     
    3614  -323.86     
    3615  -328.92     
    3616  -327.87     
    3617  -330.27     
    3618  -334.21     
    3619  -322.60     
    3620  -321.62     
    3621  -316.28     
    3622  -317.31     
    3623  -314.98     
    3624  -328.09     
    3625  -324.90     
    3626  -340.46     
    3627  -320.06     
 
  ***** POST1 NODAL DEGREE OF FREEDOM LISTING *****                            
 
  LOAD STEP=     1  SUBSTEP=     1                                             
   TIME=    1.0000      LOAD CASE=   0                                         
 
    NODE       VOLT  
    3628  -326.59     
    3629  -323.32     
    3630  -327.03     
    3631  -354.89     
    3632  -347.09     
    3633  -351.43     
    3634  -348.63     
    3635  -344.30     
    3636  -340.80     
    3637  -357.04     
    3638  -361.41     
    3639  -359.08     
    3640  -354.72     
    3641  -361.23     
    3642  -353.10     
    3643  -357.45     
    3644  -359.60     
    3645  -381.67     
    3646  -372.34     
    3647  -367.83     
    3648  -381.91     
    3649  -386.45     
    3650  -372.59     
    3651  -375.93     
    3652  -364.11     
    3653  -365.92     
    3654  -369.10     
    3655  -367.65     
    3656  -358.12     
    3657  -374.17     
    3658  -379.55     
    3659  -382.53     
    3660  -371.75     
    3661  -368.78     
    3662  -377.13     
    3663  -380.39     
    3664  -387.75     
    3665  -384.49     
    3666  -384.45     
 
  ***** POST1 NODAL DEGREE OF FREEDOM LISTING *****                            
 
  LOAD STEP=     1  SUBSTEP=     1                                             
   TIME=    1.0000      LOAD CASE=   0                                         
 
    NODE       VOLT  
    3667  -387.70     
    3668  -391.81     
    3669  -376.68     
    3670  -379.65     
    3671  -377.42     
    3672  -382.91     
    3673  -387.00     
    3674  -382.27     
    3675  -389.63     
    3676  -384.77     
    3677  -335.14     
    3678  -328.30     
    3679  -338.01     
    3680  -345.99     
    3681  -336.29     
    3682  -339.18     
    3683  -324.78     
    3684  -318.18     
    3685  -317.55     
    3686  -322.73     
    3687  -323.35     
    3688  -316.12     
    3689  -334.51     
    3690  -327.33     
    3691  -337.05     
    3692  -326.70     
    3693  -327.88     
    3694  -338.76     
    3695  -330.80     
    3696  -319.41     
    3697  -322.32     
    3698  -321.90     
    3699  -320.11     
    3700  -321.34     
    3701  -312.17     
    3702  -314.45     
    3703  -320.48     
    3704  -318.75     
    3705  -306.35     
 
  ***** POST1 NODAL DEGREE OF FREEDOM LISTING *****                            
 
  LOAD STEP=     1  SUBSTEP=     1                                             
   TIME=    1.0000      LOAD CASE=   0                                         
 
    NODE       VOLT  
    3706  -308.09     
    3707  -327.84     
    3708  -330.73     
    3709  -319.71     
    3710  -322.14     
    3711  -322.62     
    3712  -333.11     
    3713  -335.98     
    3714  -335.52     
    3715  -306.67     
    3716  -306.23     
    3717  -304.88     
    3718  -333.09     
    3719  -321.65     
    3720  -333.43     
    3721  -323.69     
    3722  -313.70     
    3723  -318.08     
    3724  -310.84     
    3725  -316.02     
    3726  -372.45     
    3727  -379.77     
    3728  -377.09     
    3729  -359.86     
    3730  -362.52     
    3731  -367.13     
    3732  -358.37     
    3733  -370.94     
    3734  -375.51     
    3735  -392.32     
    3736  -384.72     
    3737  -392.69     
    3738  -387.59     
    3739  -381.71     
    3740  -382.98     
    3741  -387.51     
    3742  -386.23     
    3743  -381.63     
    3744  -387.54     
 
  ***** POST1 NODAL DEGREE OF FREEDOM LISTING *****                            
 
  LOAD STEP=     1  SUBSTEP=     1                                             
   TIME=    1.0000      LOAD CASE=   0                                         
 
    NODE       VOLT  
    3745  -393.14     
    3746  -380.71     
    3747  -392.22     
    3748  -385.38     
    3749  -312.42     
    3750  -318.39     
    3751  -315.97     
    3752  -380.64     
    3753  -393.07     
    3754  -348.58     
    3755  -361.14     
    3756  -370.13     
    3757  -357.54     
    3758  -356.13     
    3759  -375.61     
    3760  -369.26     
    3761  -374.74     
    3762  -364.23     
    3763  -307.96     
    3764  -310.45     
    3765  -315.50     
    3766  -312.71     
    3767  -307.78     
    3768  -316.10     
    3769  -309.58     
    3770  -314.76     
    3771  -318.97     
    3772  -318.04     
    3773  -318.17     
    3774  -322.50     
    3775  -311.22     
    3776  -315.57     
    3777  -320.20     
    3778  -310.26     
    3779  -311.21     
    3780  -312.74     
    3781  -311.48     
    3782  -346.53     
    3783  -349.58     
 
  ***** POST1 NODAL DEGREE OF FREEDOM LISTING *****                            
 
  LOAD STEP=     1  SUBSTEP=     1                                             
   TIME=    1.0000      LOAD CASE=   0                                         
 
    NODE       VOLT  
    3784  -344.50     
    3785  -354.58     
    3786  -357.47     
    3787  -352.67     
    3788  -344.16     
    3789  -341.54     
    3790  -339.29     
    3791  -353.27     
    3792  -357.30     
    3793  -352.82     
    3794  -361.82     
    3795  -341.02     
    3796  -346.04     
    3797  -349.58     
    3798  -365.73     
    3799  -376.05     
    3800  -368.83     
    3801  -364.86     
    3802  -372.08     
    3803  -375.18     
    3804  -369.65     
    3805  -362.44     
    3806  -366.30     
    3807  -372.65     
    3808  -376.63     
    3809  -308.35     
    3810  -368.65     
    3811  -359.07     
    3812  -361.62     
    3813  -366.23     
    3814  -359.20     
    3815  -371.95     
    3816  -377.41     
    3817  -378.16     
    3818  -371.61     
    3819  -374.10     
    3820  -369.37     
    3821  -365.58     
    3822  -363.03     
 
  ***** POST1 NODAL DEGREE OF FREEDOM LISTING *****                            
 
  LOAD STEP=     1  SUBSTEP=     1                                             
   TIME=    1.0000      LOAD CASE=   0                                         
 
    NODE       VOLT  
    3823  -311.04     
    3824  -305.88     
    3825  -305.87     
    3826  -316.87     
    3827  -305.86     
    3828  -307.34     
    3829  -313.20     
    3830  -305.86     
    3831  -307.35     
    3832  -318.20     
    3833  -319.20     
    3834  -312.73     
    3835  -319.46     
    3836  -325.92     
    3837  -320.47     
    3838  -329.17     
    3839  -322.72     
    3840  -318.77     
    3841  -325.22     
    3842  -329.74     
    3843  -314.27     
    3844  -307.28     
    3845  -306.99     
    3846  -313.99     
    3847  -314.26     
    3848  -307.00     
    3849  -313.99     
    3850  -307.01     
    3851  -306.99     
    3852  -307.00     
    3853  -307.02     
    3854  -306.75     
    3855  -306.75     
    3856  -307.00     
    3857  -313.73     
    3858  -307.00     
    3859  -307.30     
    3860  -388.45     
    3861  -387.35     
 
  ***** POST1 NODAL DEGREE OF FREEDOM LISTING *****                            
 
  LOAD STEP=     1  SUBSTEP=     1                                             
   TIME=    1.0000      LOAD CASE=   0                                         
 
    NODE       VOLT  
    3862  -386.84     
    3863  -393.76     
    3864  -394.50     
    3865  -392.66     
    3866  -314.67     
    3867  -306.59     
    3868  -309.67     
    3869  -316.63     
    3870  -314.13     
    3871  -308.79     
    3872  -334.71     
    3873  -343.75     
    3874  -327.47     
    3875  -329.97     
    3876  -346.60     
    3877  -339.22     
    3878  -316.14     
    3879  -318.44     
    3880  -330.95     
    3881  -324.95     
    3882  -321.25     
    3883  -317.86     
    3884  -323.98     
    3885  -330.19     
    3886  -322.12     
    3887  -325.65     
    3888  -331.71     
    3889  -319.81     
    3890  -315.10     
    3891  -318.72     
    3892  -339.78     
    3893  -334.57     
    3894  -338.52     
    3895  -332.84     
    3896  -336.83     
    3897  -342.44     
    3898  -321.08     
    3899  -323.44     
    3900  -329.76     
 
  ***** POST1 NODAL DEGREE OF FREEDOM LISTING *****                            
 
  LOAD STEP=     1  SUBSTEP=     1                                             
   TIME=    1.0000      LOAD CASE=   0                                         
 
    NODE       VOLT  
    3901  -327.44     
    3902  -328.30     
    3903  -319.73     
    3904  -312.06     
    3905  -320.22     
    3906  -315.01     
    3907  -312.56     
    3908  -341.86     
    3909  -337.52     
    3910  -342.34     
    3911  -341.16     
    3912  -336.33     
    3913  -336.93     
    3914  -333.82     
    3915  -339.33     
    3916  -330.88     
    3917  -337.79     
    3918  -321.80     
    3919  -330.87     
    3920  -327.68     
    3921  -325.46     
    3922  -343.16     
    3923  -344.33     
    3924  -348.72     
    3925  -345.66     
    3926  -350.90     
    3927  -349.93     
    3928  -345.27     
    3929  -318.74     
    3930  -330.03     
    3931  -327.18     
    3932  -328.77     
    3933  -331.43     
    3934  -322.65     
    3935  -321.78     
    3936  -314.76     
    3937  -313.94     
    3938  -320.97     
    3939  -313.08     
 
  ***** POST1 NODAL DEGREE OF FREEDOM LISTING *****                            
 
  LOAD STEP=     1  SUBSTEP=     1                                             
   TIME=    1.0000      LOAD CASE=   0                                         
 
    NODE       VOLT  
    3940  -361.91     
    3941  -356.21     
    3942  -358.51     
    3943  -364.23     
    3944  -358.75     
    3945  -319.30     
    3946  -318.46     
    3947  -312.35     
    3948  -306.97     
    3949  -306.12     
    3950  -313.83     
    3951  -306.87     
    3952  -334.79     
    3953  -348.46     
    3954  -338.37     
    3955  -339.30     
    3956  -342.88     
    3957  -324.42     
    3958  -319.06     
    3959  -318.98     
    3960  -334.14     
    3961  -347.82     
    3962  -327.14     
    3963  -336.60     
    3964  -340.83     
    3965  -337.28     
    3966  -335.84     
    3967  -331.33     
    3968  -330.43     
    3969  -332.59     
    3970  -314.21     
    3971  -320.94     
    3972  -371.90     
    3973  -380.31     
    3974  -380.67     
    3975  -375.40     
    3976  -383.81     
    3977  -388.46     
    3978  -379.96     
 
  ***** POST1 NODAL DEGREE OF FREEDOM LISTING *****                            
 
  LOAD STEP=     1  SUBSTEP=     1                                             
   TIME=    1.0000      LOAD CASE=   0                                         
 
    NODE       VOLT  
    3979  -375.20     
    3980  -383.63     
    3981  -382.94     
    3982  -368.25     
    3983  -368.62     
    3984  -362.70     
    3985  -362.33     
    3986  -359.05     
    3987  -371.73     
    3988  -367.22     
    3989  -362.85     
    3990  -367.85     
    3991  -373.43     
    3992  -368.37     
    3993  -369.03     
    3994  -322.48     
    3995  -322.09     
    3996  -313.54     
    3997  -330.25     
    3998  -329.86     
    3999  -321.57     
    4000  -321.65     
    4001  -329.74     
    4002  -357.85     
    4003  -351.22     
    4004  -352.63     
    4005  -347.22     
    4006  -342.00     
    4007  -342.22     
    4008  -346.69     
    4009  -346.70     
    4010  -344.08     
    4011  -348.81     
    4012  -350.89     
    4013  -346.07     
    4014  -344.00     
    4015  -350.84     
    4016  -352.66     
    4017  -355.20     
 
  ***** POST1 NODAL DEGREE OF FREEDOM LISTING *****                            
 
  LOAD STEP=     1  SUBSTEP=     1                                             
   TIME=    1.0000      LOAD CASE=   0                                         
 
    NODE       VOLT  
    4018  -359.12     
    4019  -332.11     
    4020  -322.53     
    4021  -327.94     
    4022  -339.56     
    4023  -334.36     
    4024  -330.20     
    4025  -348.19     
    4026  -344.71     
    4027  -342.22     
    4028  -339.86     
    4029  -338.70     
    4030  -346.75     
    4031  -344.41     
    4032  -338.45     
    4033  -348.82     
    4034  -337.85     
    4035  -339.87     
    4036  -340.13     
    4037  -338.13     
    4038  -329.13     
    4039  -341.06     
    4040  -340.67     
    4041  -350.38     
    4042  -340.62     
    4043  -340.20     
    4044  -342.79     
    4045  -347.17     
    4046  -355.01     
    4047  -350.43     
    4048  -342.55     
    4049  -354.61     
    4050  -339.62     
    4051  -350.38     
    4052  -348.41     
    4053  -339.80     
    4054  -347.55     
    4055  -351.76     
    4056  -348.89     
 
  ***** POST1 NODAL DEGREE OF FREEDOM LISTING *****                            
 
  LOAD STEP=     1  SUBSTEP=     1                                             
   TIME=    1.0000      LOAD CASE=   0                                         
 
    NODE       VOLT  
    4057  -349.51     
    4058  -349.45     
    4059  -356.06     
    4060  -356.21     
    4061  -356.70     
    4062  -350.58     
    4063  -357.08     
    4064  -355.41     
    4065  -351.19     
    4066  -356.04     
    4067  -358.15     
    4068  -356.48     
    4069  -363.11     
    4070  -342.04     
    4071  -336.07     
    4072  -342.99     
    4073  -340.87     
    4074  -334.11     
    4075  -334.86     
    4076  -336.23     
    4077  -342.84     
    4078  -343.90     
    4079  -344.66     
    4080  -351.67     
    4081  -354.45     
    4082  -351.57     
    4083  -345.79     
    4084  -345.81     
    4085  -360.16     
    4086  -359.20     
    4087  -365.20     
    4088  -360.42     
    4089  -359.47     
    4090  -366.46     
    4091  -369.75     
    4092  -378.68     
    4093  -375.39     
    4094  -375.47     
    4095  -380.42     
 
  ***** POST1 NODAL DEGREE OF FREEDOM LISTING *****                            
 
  LOAD STEP=     1  SUBSTEP=     1                                             
   TIME=    1.0000      LOAD CASE=   0                                         
 
    NODE       VOLT  
    4096  -386.18     
    4097  -377.87     
    4098  -380.83     
    4099  -375.91     
    4100  -375.40     
    4101  -380.33     
    4102  -378.36     
    4103  -364.69     
    4104  -361.40     
    4105  -357.48     
    4106  -310.89     
    4107  -305.49     
    4108  -316.39     
    4109  -310.90     
    4110  -305.50     
    4111  -337.68     
    4112  -343.70     
    4113  -341.51     
    4114  -328.65     
    4115  -330.83     
    4116  -334.68     
    4117  -326.59     
    4118  -340.38     
    4119  -340.21     
    4120  -336.48     
    4121  -334.28     
    4122  -342.89     
    4123  -339.47     
    4124  -340.67     
    4125  -350.13     
    4126  -319.97     
    4127  -314.59     
    4128  -309.10     
    4129  -353.23     
    4130  -353.23     
    4131  -357.85     
    4132  -323.53     
    4133  -318.15     
    4134  -308.12     
 
  ***** POST1 NODAL DEGREE OF FREEDOM LISTING *****                            
 
  LOAD STEP=     1  SUBSTEP=     1                                             
   TIME=    1.0000      LOAD CASE=   0                                         
 
    NODE       VOLT  
    4135  -309.46     
    4136  -311.39     
    4137  -305.04     
    4138  -303.08     
    4139  -306.39     
    4140  -305.02     
    4141  -310.13     
    4142  -315.13     
    4143  -311.21     
    4144  -306.18     
    4145  -316.29     
    4146  -306.36     
    4147  -305.02     
    4148  -385.54     
    4149  -379.63     
    4150  -385.50     
    4151  -310.13     
    4152  -310.13     
    4153  -305.02     
    4154  -323.61     
    4155  -327.22     
    4156  -313.68     
    4157  -328.62     
    4158  -318.71     
    4159  -315.83     
    4160  -319.50     
    4161  -329.34     
    4162  -349.22     
    4163  -347.99     
    4164  -352.05     
    4165  -344.39     
    4166  -349.05     
    4167  -343.72     
    4168  -352.95     
    4169  -347.86     
    4170  -330.93     
    4171  -327.44     
    4172  -335.47     
    4173  -336.35     
 
  ***** POST1 NODAL DEGREE OF FREEDOM LISTING *****                            
 
  LOAD STEP=     1  SUBSTEP=     1                                             
   TIME=    1.0000      LOAD CASE=   0                                         
 
    NODE       VOLT  
    4174  -328.62     
    4175  -333.09     
    4176  -337.87     
    4177  -355.26     
    4178  -385.24     
    4179  -389.90     
    4180  -395.31     
    4181  -389.36     
    4182  -393.99     
    4183  -393.47     
    4184  -365.72     
    4185  -362.12     
    4186  -362.71     
    4187  -371.70     
    4188  -371.10     
    4189  -368.09     
    4190  -383.61     
    4191  -377.60     
    4192  -374.57     
    4193  -388.15     
    4194  -354.96     
    4195  -354.09     
    4196  -380.79     
    4197  -385.61     
    4198  -381.71     
    4199  -380.98     
    4200  -384.78     
    4201  -385.57     
    4202  -351.99     
    4203  -347.41     
    4204  -354.57     
    4205  -357.54     
    4206  -316.84     
    4207  -311.47     
    4208  -318.87     
    4209  -311.67     
    4210  -313.70     
    4211  -333.92     
    4212  -331.11     
 
  ***** POST1 NODAL DEGREE OF FREEDOM LISTING *****                            
 
  LOAD STEP=     1  SUBSTEP=     1                                             
   TIME=    1.0000      LOAD CASE=   0                                         
 
    NODE       VOLT  
    4213  -322.33     
    4214  -319.80     
    4215  -331.35     
    4216  -326.68     
    4217  -315.09     
    4218  -324.19     
    4219  -315.99     
    4220  -325.01     
    4221  -327.53     
    4222  -335.90     
    4223  -329.03     
    4224  -322.72     
    4225  -329.62     
    4226  -355.46     
    4227  -356.01     
    4228  -352.41     
    4229  -348.29     
    4230  -345.02     
    4231  -355.66     
    4232  -354.25     
    4233  -355.28     
    4234  -344.10     
    4235  -355.31     
    4236  -351.72     
    4237  -330.47     
    4238  -332.51     
    4239  -335.51     
    4240  -316.80     
    4241  -311.56     
    4242  -308.23     
    4243  -311.71     
    4244  -314.68     
    4245  -307.80     
    4246  -306.78     
    4247  -307.38     
    4248  -307.99     
    4249  -317.27     
    4250  -310.07     
    4251  -324.32     
 
  ***** POST1 NODAL DEGREE OF FREEDOM LISTING *****                            
 
  LOAD STEP=     1  SUBSTEP=     1                                             
   TIME=    1.0000      LOAD CASE=   0                                         
 
    NODE       VOLT  
    4252  -324.62     
    4253  -326.51     
    4254  -311.84     
    4255  -315.48     
    4256  -315.85     
    4257  -320.35     
    4258  -312.67     
    4259  -307.72     
    4260  -307.71     
    4261  -312.66     
    4262  -308.27     
    4263  -380.81     
    4264  -376.53     
    4265  -371.12     
    4266  -380.15     
    4267  -386.34     
    4268  -376.23     
    4269  -376.12     
    4270  -372.46     
    4271  -362.32     
    4272  -358.92     
    4273  -351.09     
    4274  -381.29     
    4275  -384.67     
    4276  -389.45     
    4277  -384.03     
    4278  -367.23     
    4279  -327.56     
    4280  -337.03     
    4281  -330.03     
    4282  -323.76     
    4283  -314.60     
    4284  -320.46     
    4285  -316.71     
    4286  -313.41     
    4287  -326.94     
    4288  -335.90     
    4289  -327.51     
    4290  -318.33     
 
  ***** POST1 NODAL DEGREE OF FREEDOM LISTING *****                            
 
  LOAD STEP=     1  SUBSTEP=     1                                             
   TIME=    1.0000      LOAD CASE=   0                                         
 
    NODE       VOLT  
    4291  -333.89     
    4292  -327.72     
    4293  -318.51     
    4294  -325.54     
    4295  -311.70     
    4296  -319.04     
    4297  -390.82     
    4298  -394.25     
    4299  -385.11     
    4300  -390.85     
    4301  -394.26     
    4302  -393.98     
    4303  -393.96     
    4304  -393.98     
    4305  -373.97     
    4306  -370.31     
    4307  -378.02     
    4308  -368.09     
    4309  -364.43     
    4310  -383.73     
    4311  -377.25     
    4312  -375.30     
    4313  -384.60     
    4314  -386.55     
    4315  -377.01     
    4316  -373.33     
    4317  -383.48     
    4318  -379.79     
    4319  -383.82     
    4320  -385.17     
    4321  -388.57     
    4322  -370.63     
    4323  -363.43     
    4324  -372.93     
    4325  -380.84     
    4326  -372.20     
    4327  -375.29     
    4328  -383.94     
    4329  -383.19     
 
  ***** POST1 NODAL DEGREE OF FREEDOM LISTING *****                            
 
  LOAD STEP=     1  SUBSTEP=     1                                             
   TIME=    1.0000      LOAD CASE=   0                                         
 
    NODE       VOLT  
    4330  -366.59     
    4331  -375.21     
    4332  -355.31     
    4333  -354.84     
    4334  -363.84     
    4335  -355.73     
    4336  -346.74     
    4337  -359.18     
    4338  -358.48     
    4339  -347.86     
    4340  -356.43     
    4341  -367.06     
    4342  -333.37     
    4343  -333.98     
    4344  -333.94     
    4345  -338.55     
    4346  -338.45     
    4347  -338.96     
    4348  -367.93     
    4349  -371.41     
    4350  -357.58     
    4351  -364.64     
    4352  -355.65     
    4353  -366.92     
    4354  -367.45     
    4355  -368.92     
    4356  -364.85     
    4357  -358.17     
    4358  -355.57     
    4359  -362.53     
    4360  -349.99     
    4361  -310.75     
    4362  -317.37     
    4363  -315.93     
    4364  -318.45     
    4365  -323.34     
    4366  -319.32     
    4367  -323.39     
    4368  -327.86     
 
  ***** POST1 NODAL DEGREE OF FREEDOM LISTING *****                            
 
  LOAD STEP=     1  SUBSTEP=     1                                             
   TIME=    1.0000      LOAD CASE=   0                                         
 
    NODE       VOLT  
    4369  -313.84     
    4370  -314.97     
    4371  -305.36     
    4372  -305.60     
    4373  -305.36     
    4374  -304.82     
    4375  -312.10     
    4376  -307.32     
    4377  -304.80     
    4378  -307.28     
    4379  -320.43     
    4380  -324.72     
    4381  -329.65     
    4382  -321.30     
    4383  -313.92     
    4384  -313.52     
    4385  -320.81     
    4386  -314.28     
    4387  -306.50     
    4388  -307.09     
    4389  -307.61     
    4390  -315.33     
    4391  -309.28     
    4392  -308.44     
    4393  -307.97     
    4394  -391.61     
    4395  -389.14     
    4396  -383.14     
    4397  -385.02     
    4398  -389.15     
    4399  -382.64     
    4400  -388.39     
    4401  -388.61     
    4402  -391.97     
    4403  -386.54     
    4404  -393.67     
    4405  -393.57     
    4406  -391.65     
    4407  -392.95     
 
  ***** POST1 NODAL DEGREE OF FREEDOM LISTING *****                            
 
  LOAD STEP=     1  SUBSTEP=     1                                             
   TIME=    1.0000      LOAD CASE=   0                                         
 
    NODE       VOLT  
    4408  -383.31     
    4409  -376.55     
    4410  -378.50     
    4411  -384.36     
    4412  -378.99     
    4413  -388.98     
    4414  -386.13     
    4415  -392.54     
    4416  -386.36     
    4417  -388.32     
    4418  -390.06     
    4419  -376.34     
    4420  -380.64     
    4421  -380.21     
    4422  -376.54     
    4423  -376.94     
    4424  -369.70     
    4425  -370.13     
    4426  -370.30     
    4427  -396.10     
    4428  -393.34     
    4429  -387.91     
    4430  -364.54     
    4431  -368.17     
    4432  -362.90     
    4433  -368.02     
    4434  -373.26     
    4435  -371.66     
    4436  -351.27     
    4437  -358.76     
    4438  -373.02     
    4439  -364.36     
    4440  -367.37     
    4441  -364.53     
    4442  -372.53     
    4443  -369.57     
    4444  -369.28     
    4445  -363.35     
    4446  -363.64     
 
  ***** POST1 NODAL DEGREE OF FREEDOM LISTING *****                            
 
  LOAD STEP=     1  SUBSTEP=     1                                             
   TIME=    1.0000      LOAD CASE=   0                                         
 
    NODE       VOLT  
    4447  -360.39     
    4448  -370.79     
    4449  -371.56     
    4450  -364.24     
    4451  -370.23     
    4452  -374.32     
    4453  -370.71     
    4454  -373.69     
    4455  -391.60     
    4456  -391.60     
    4457  -362.99     
    4458  -349.68     
    4459  -358.93     
    4460  -345.58     
    4461  -315.09     
    4462  -310.10     
    4463  -304.50     
    4464  -306.22     
    4465  -311.08     
    4466  -311.73     
    4467  -319.03     
    4468  -311.91     
    4469  -315.75     
    4470  -314.82     
    4471  -308.62     
    4472  -314.37     
    4473  -312.83     
    4474  -313.01     
    4475  -311.38     
    4476  -307.96     
    4477  -311.24     
    4478  -308.29     
    4479  -307.67     
    4480  -326.73     
    4481  -320.47     
    4482  -325.34     
    4483  -329.06     
    4484  -331.58     
    4485  -329.45     
 
  ***** POST1 NODAL DEGREE OF FREEDOM LISTING *****                            
 
  LOAD STEP=     1  SUBSTEP=     1                                             
   TIME=    1.0000      LOAD CASE=   0                                         
 
    NODE       VOLT  
    4486  -393.84     
    4487  -393.58     
    4488  -390.71     
    4489  -393.40     
    4490  -378.46     
    4491  -368.95     
    4492  -370.03     
    4493  -373.20     
    4494  -372.07     
    4495  -381.57     
    4496  -381.14     
    4497  -380.18     
    4498  -305.52     
    4499  -311.95     
    4500  -306.47     
    4501  -305.48     
    4502  -310.97     
    4503  -311.94     
    4504  -373.92     
    4505  -383.15     
    4506  -376.42     
    4507  -370.95     
    4508  -377.48     
    4509  -367.41     
    4510  -364.91     
    4511  -381.44     
    4512  -381.86     
    4513  -387.06     
    4514  -387.17     
    4515  -389.93     
    4516  -384.00     
    4517  -388.56     
    4518  -389.36     
    4519  -394.19     
    4520  -390.91     
    4521  -375.83     
    4522  -384.80     
    4523  -385.50     
    4524  -391.96     
 
  ***** POST1 NODAL DEGREE OF FREEDOM LISTING *****                            
 
  LOAD STEP=     1  SUBSTEP=     1                                             
   TIME=    1.0000      LOAD CASE=   0                                         
 
    NODE       VOLT  
    4525  -379.09     
    4526  -392.39     
    4527  -392.62     
    4528  -376.00     
    4529  -368.79     
    4530  -373.11     
    4531  -377.12     
    4532  -372.38     
    4533  -369.75     
    4534  -378.52     
    4535  -374.16     
    4536  -380.93     
    4537  -377.62     
    4538  -381.67     
    4539  -390.11     
    4540  -387.22     
    4541  -389.23     
    4542  -383.38     
    4543  -391.74     
    4544  -363.04     
    4545  -368.12     
    4546  -369.06     
    4547  -360.83     
    4548  -359.81     
    4549  -365.85     
    4550  -383.13     
    4551  -386.17     
    4552  -348.33     
    4553  -342.90     
    4554  -351.20     
    4555  -356.03     
    4556  -346.79     
    4557  -349.89     
    4558  -351.66     
    4559  -353.54     
    4560  -350.45     
    4561  -353.33     
    4562  -356.37     
    4563  -355.36     
 
  ***** POST1 NODAL DEGREE OF FREEDOM LISTING *****                            
 
  LOAD STEP=     1  SUBSTEP=     1                                             
   TIME=    1.0000      LOAD CASE=   0                                         
 
    NODE       VOLT  
    4564  -357.65     
    4565  -361.86     
    4566  -362.16     
    4567  -358.09     
    4568  -358.00     
    4569  -362.54     
    4570  -362.55     
    4571  -366.93     
    4572  -344.28     
    4573  -347.35     
    4574  -351.59     
    4575  -353.66     
    4576  -351.93     
    4577  -374.63     
    4578  -381.15     
    4579  -383.24     
    4580  -376.72     
    4581  -376.59     
    4582  -382.79     
    4583  -382.77     
    4584  -387.65     
    4585  -382.54     
    4586  -388.14     
    4587  -387.45     
    4588  -393.91     
    4589  -393.38     
    4590  -390.23     
    4591  -390.80     
    4592  -396.83     
    4593  -376.18     
    4594  -393.75     
    4595  -394.45     
    4596  -388.26     
    4597  -381.51     
    4598  -385.09     
    4599  -385.29     
    4600  -378.41     
    4601  -366.46     
    4602  -366.26     
 
  ***** POST1 NODAL DEGREE OF FREEDOM LISTING *****                            
 
  LOAD STEP=     1  SUBSTEP=     1                                             
   TIME=    1.0000      LOAD CASE=   0                                         
 
    NODE       VOLT  
    4603  -357.46     
    4604  -365.25     
    4605  -363.42     
    4606  -362.05     
    4607  -361.07     
    4608  -356.76     
    4609  -362.45     
    4610  -358.43     
    4611  -361.06     
    4612  -366.92     
    4613  -365.75     
    4614  -360.06     
    4615  -368.26     
    4616  -372.29     
    4617  -378.93     
    4618  -373.20     
    4619  -372.40     
    4620  -367.15     
    4621  -363.11     
    4622  -371.29     
    4623  -377.21     
    4624  -371.64     
    4625  -372.31     
    4626  -377.73     
    4627  -371.10     
    4628  -365.71     
    4629  -371.67     
    4630  -367.43     
    4631  -379.93     
    4632  -377.94     
    4633  -372.98     
    4634  -378.39     
    4635  -378.99     
    4636  -389.51     
    4637  -375.60     
    4638  -358.33     
    4639  -357.73     
    4640  -379.22     
    4641  -382.02     
 
  ***** POST1 NODAL DEGREE OF FREEDOM LISTING *****                            
 
  LOAD STEP=     1  SUBSTEP=     1                                             
   TIME=    1.0000      LOAD CASE=   0                                         
 
    NODE       VOLT  
    4642  -383.31     
    4643  -340.61     
    4644  -340.14     
    4645  -345.38     
    4646  -342.81     
    4647  -345.42     
    4648  -343.40     
    4649  -337.67     
    4650  -339.68     
    4651  -340.31     
    4652  -323.76     
    4653  -331.53     
    4654  -327.52     
    4655  -322.42     
    4656  -345.36     
    4657  -349.97     
    4658  -340.12     
    4659  -351.56     
    4660  -349.96     
    4661  -347.11     
    4662  -356.23     
    4663  -345.05     
    4664  -352.53     
    4665  -342.79     
    4666  -351.06     
    4667  -344.88     
    4668  -343.32     
    4669  -349.46     
    4670  -351.56     
    4671  -343.40     
    4672  -350.02     
    4673  -341.86     
    4674  -330.04     
    4675  -337.22     
    4676  -335.65     
    4677  -331.02     
    4678  -344.89     
    4679  -337.76     
    4680  -333.10     
 
  ***** POST1 NODAL DEGREE OF FREEDOM LISTING *****                            
 
  LOAD STEP=     1  SUBSTEP=     1                                             
   TIME=    1.0000      LOAD CASE=   0                                         
 
    NODE       VOLT  
    4681  -343.56     
    4682  -337.43     
    4683  -331.90     
    4684  -331.21     
    4685  -337.91     
    4686  -331.74     
    4687  -330.80     
    4688  -337.03     
    4689  -337.49     
    4690  -343.97     
    4691  -330.27     
    4692  -324.45     
    4693  -330.70     
    4694  -312.07     
    4695  -317.99     
    4696  -319.56     
    4697  -313.35     
    4698  -311.88     
    4699  -319.28     
    4700  -313.72     
    4701  -314.53     
    4702  -315.04     
    4703  -318.68     
    4704  -318.55     
    4705  -319.76     
    4706  -385.40     
    4707  -380.92     
    4708  -379.76     
    4709  -376.96     
    4710  -378.11     
    4711  -372.52     
    4712  -373.39     
    4713  -366.63     
    4714  -380.61     
    4715  -379.81     
    4716  -374.66     
    4717  -383.62     
    4718  -381.64     
    4719  -376.51     
 
  ***** POST1 NODAL DEGREE OF FREEDOM LISTING *****                            
 
  LOAD STEP=     1  SUBSTEP=     1                                             
   TIME=    1.0000      LOAD CASE=   0                                         
 
    NODE       VOLT  
    4720  -384.67     
    4721  -372.58     
    4722  -367.47     
    4723  -377.43     
    4724  -371.81     
    4725  -394.97     
    4726  -394.03     
    4727  -388.99     
    4728  -394.95     
    4729  -394.00     
    4730  -389.91     
    4731  -384.63     
    4732  -384.65     
    4733  -394.91     
    4734  -389.66     
    4735  -386.07     
    4736  -382.71     
    4737  -386.57     
    4738  -388.55     
    4739  -384.68     
    4740  -385.16     
    4741  -391.59     
    4742  -396.58     
    4743  -394.92     
    4744  -396.63     
    4745  -386.52     
    4746  -381.29     
    4747  -318.72     
    4748  -321.44     
    4749  -317.70     
    4750  -312.92     
    4751  -316.97     
    4752  -315.95     
    4753  -312.66     
    4754  -314.39     
    4755  -307.02     
    4756  -305.65     
    4757  -307.57     
    4758  -320.96     
 
  ***** POST1 NODAL DEGREE OF FREEDOM LISTING *****                            
 
  LOAD STEP=     1  SUBSTEP=     1                                             
   TIME=    1.0000      LOAD CASE=   0                                         
 
    NODE       VOLT  
    4759  -325.57     
    4760  -319.65     
    4761  -318.53     
    4762  -324.90     
    4763  -323.12     
    4764  -308.06     
    4765  -308.00     
    4766  -313.31     
    4767  -317.93     
    4768  -313.43     
    4769  -341.10     
    4770  -338.97     
    4771  -332.72     
    4772  -336.64     
    4773  -342.60     
    4774  -334.35     
    4775  -313.10     
    4776  -391.04     
    4777  -393.26     
    4778  -384.77     
    4779  -386.15     
    4780  -394.81     
    4781  -388.35     
    4782  -312.95     
    4783  -359.30     
    4784  -390.85     
    4785  -394.30     
    4786  -392.61     
    4787  -318.90     
    4788  -325.05     
    4789  -321.03     
    4790  -378.60     
    4791  -378.48     
    4792  -386.24     
    4793  -386.38     
    4794  -378.63     
    4795  -386.24     
    4796  -371.21     
    4797  -378.53     
 
  ***** POST1 NODAL DEGREE OF FREEDOM LISTING *****                            
 
  LOAD STEP=     1  SUBSTEP=     1                                             
   TIME=    1.0000      LOAD CASE=   0                                         
 
    NODE       VOLT  
    4798  -378.84     
    4799  -371.27     
    4800  -371.03     
    4801  -365.96     
    4802  -365.73     
    4803  -365.61     
    4804  -356.66     
    4805  -344.51     
    4806  -358.50     
    4807  -372.20     
    4808  -357.87     
    4809  -359.48     
    4810  -367.97     
    4811  -375.44     
    4812  -379.33     
    4813  -378.34     
    4814  -374.58     
    4815  -374.25     
    4816  -381.64     
    4817  -381.79     
    4818  -386.91     
    4819  -378.71     
    4820  -386.16     
    4821  -378.42     
    4822  -376.54     
    4823  -374.38     
    4824  -379.55     
    4825  -374.59     
    4826  -369.65     
    4827  -372.33     
    4828  -388.50     
    4829  -391.04     
    4830  -379.55     
    4831  -377.32     
    4832  -387.67     
    4833  -371.83     
    4834  -393.80     
    4835  -393.49     
    4836  -393.49     
 
  ***** POST1 NODAL DEGREE OF FREEDOM LISTING *****                            
 
  LOAD STEP=     1  SUBSTEP=     1                                             
   TIME=    1.0000      LOAD CASE=   0                                         
 
    NODE       VOLT  
    4837  -380.18     
    4838  -376.35     
    4839  -370.93     
    4840  -380.18     
    4841  -386.03     
    4842  -376.08     
    4843  -394.48     
    4844  -394.48     
    4845  -336.34     
    4846  -346.78     
    4847  -339.51     
    4848  -344.02     
    4849  -354.44     
    4850  -337.52     
    4851  -341.15     
    4852  -332.81     
    4853  -331.50     
    4854  -335.16     
    4855  -352.34     
    4856  -320.30     
    4857  -312.42     
    4858  -321.33     
    4859  -324.32     
    4860  -315.45     
    4861  -316.47     
    4862  -323.58     
    4863  -315.86     
    4864  -321.40     
    4865  -314.75     
    4866  -312.50     
    4867  -328.04     
    4868  -329.76     
    4869  -330.36     
    4870  -329.67     
    4871  -340.21     
    4872  -325.84     
    4873  -332.54     
    4874  -322.77     
    4875  -320.13     
 
  ***** POST1 NODAL DEGREE OF FREEDOM LISTING *****                            
 
  LOAD STEP=     1  SUBSTEP=     1                                             
   TIME=    1.0000      LOAD CASE=   0                                         
 
    NODE       VOLT  
    4876  -329.90     
    4877  -326.84     
    4878  -315.03     
    4879  -307.05     
    4880  -308.00     
    4881  -316.05     
    4882  -308.07     
    4883  -396.68     
    4884  -319.62     
    4885  -315.48     
    4886  -308.08     
    4887  -307.52     
    4888  -312.24     
    4889  -308.00     
    4890  -308.07     
    4891  -308.03     
    4892  -320.18     
    4893  -319.49     
    4894  -328.03     
    4895  -329.82     
    4896  -329.25     
    4897  -305.75     
    4898  -309.18     
    4899  -306.90     
    4900  -324.71     
    4901  -331.43     
    4902  -310.43     
    4903  -314.66     
    4904  -305.35     
    4905  -315.99     
    4906  -328.61     
    4907  -324.07     
    4908  -327.42     
    4909  -374.67     
    4910  -372.60     
    4911  -379.89     
    4912  -379.40     
    4913  -371.78     
    4914  -377.16     
 
  ***** POST1 NODAL DEGREE OF FREEDOM LISTING *****                            
 
  LOAD STEP=     1  SUBSTEP=     1                                             
   TIME=    1.0000      LOAD CASE=   0                                         
 
    NODE       VOLT  
    4915  -316.60     
    4916  -314.20     
    4917  -307.48     
    4918  -348.67     
    4919  -345.42     
    4920  -341.78     
    4921  -347.52     
    4922  -344.21     
    4923  -349.88     
    4924  -359.46     
    4925  -354.69     
    4926  -352.41     
    4927  -357.36     
    4928  -338.67     
    4929  -333.70     
    4930  -340.08     
    4931  -340.81     
    4932  -334.64     
    4933  -335.83     
    4934  -378.45     
    4935  -390.82     
    4936  -387.61     
    4937  -374.79     
    4938  -378.00     
    4939  -387.14     
    4940  -378.46     
    4941  -390.82     
    4942  -387.55     
    4943  -370.69     
    4944  -382.98     
    4945  -364.88     
    4946  -382.56     
    4947  -369.72     
    4948  -376.95     
    4949  -386.33     
    4950  -379.00     
    4951  -373.35     
    4952  -377.96     
    4953  -305.28     
 
  ***** POST1 NODAL DEGREE OF FREEDOM LISTING *****                            
 
  LOAD STEP=     1  SUBSTEP=     1                                             
   TIME=    1.0000      LOAD CASE=   0                                         
 
    NODE       VOLT  
    4954  -305.28     
    4955  -305.29     
    4956  -347.16     
    4957  -347.63     
    4958  -347.62     
    4959  -342.98     
    4960  -343.17     
    4961  -343.65     
    4962  -344.71     
    4963  -346.13     
    4964  -348.62     
    4965  -344.77     
    4966  -348.58     
    4967  -351.50     
    4968  -359.49     
    4969  -355.05     
    4970  -354.97     
    4971  -359.28     
    4972  -362.80     
    4973  -334.80     
    4974  -328.03     
    4975  -328.55     
    4976  -316.34     
    4977  -309.63     
    4978  -317.23     
    4979  -318.02     
    4980  -310.41     
    4981  -311.33     
    4982  -318.00     
    4983  -312.05     
    4984  -324.67     
    4985  -318.76     
    4986  -318.76     
    4987  -320.73     
    4988  -314.81     
    4989  -314.81     
    4990  -387.86     
    4991  -372.30     
    4992  -381.34     
 
  ***** POST1 NODAL DEGREE OF FREEDOM LISTING *****                            
 
  LOAD STEP=     1  SUBSTEP=     1                                             
   TIME=    1.0000      LOAD CASE=   0                                         
 
    NODE       VOLT  
    4993  -394.43     
    4994  -394.43     
    4995  -395.07     
    4996  -395.08     
    4997  -364.44     
    4998  -389.58     
    4999  -394.49     
    5000  -395.05     
    5001  -395.06     
    5002  -394.51     
    5003  -392.75     
    5004  -387.29     
    5005  -387.23     
    5006  -341.37     
    5007  -376.22     
    5008  -378.18     
    5009  -375.68     
    5010  -380.05     
    5011  -378.08     
    5012  -385.10     
    5013  -387.07     
    5014  -380.52     
    5015  -382.58     
    5016  -385.25     
    5017  -378.02     
    5018  -375.35     
    5019  -381.03     
    5020  -375.32     
    5021  -373.17     
    5022  -372.67     
    5023  -379.13     
    5024  -384.36     
    5025  -311.40     
    5026  -305.98     
    5027  -306.50     
    5028  -305.72     
    5029  -305.64     
    5030  -312.08     
    5031  -311.53     
 
  ***** POST1 NODAL DEGREE OF FREEDOM LISTING *****                            
 
  LOAD STEP=     1  SUBSTEP=     1                                             
   TIME=    1.0000      LOAD CASE=   0                                         
 
    NODE       VOLT  
    5032  -314.65     
    5033  -306.50     
    5034  -315.18     
    5035  -313.14     
    5036  -315.03     
    5037  -313.58     
    5038  -320.50     
    5039  -322.15     
    5040  -322.24     
    5041  -314.68     
    5042  -319.96     
    5043  -320.15     
    5044  -331.23     
    5045  -323.11     
    5046  -324.39     
    5047  -318.70     
    5048  -321.31     
    5049  -321.00     
    5050  -376.26     
    5051  -372.90     
    5052  -321.37     
    5053  -319.90     
    5054  -317.63     
    5055  -316.60     
    5056  -328.20     
    5057  -318.63     
    5058  -324.03     
    5059  -318.14     
    5060  -329.81     
    5061  -338.22     
    5062  -339.64     
    5063  -348.57     
    5064  -323.74     
    5065  -324.30     
    5066  -305.40     
    5067  -305.39     
    5068  -305.38     
    5069  -311.96     
    5070  -305.27     
 
  ***** POST1 NODAL DEGREE OF FREEDOM LISTING *****                            
 
  LOAD STEP=     1  SUBSTEP=     1                                             
   TIME=    1.0000      LOAD CASE=   0                                         
 
    NODE       VOLT  
    5071  -306.70     
    5072  -315.81     
    5073  -314.37     
    5074  -309.10     
    5075  -335.25     
    5076  -337.80     
    5077  -323.85     
    5078  -326.41     
    5079  -334.96     
    5080  -322.79     
    5081  -308.00     
    5082  -314.76     
    5083  -308.07     
    5084  -347.44     
    5085  -338.91     
    5086  -384.51     
    5087  -379.82     
    5088  -381.62     
    5089  -392.54     
    5090  -388.70     
    5091  -386.48     
    5092  -379.95     
    5093  -385.54     
    5094  -392.47     
    5095  -383.17     
    5096  -377.36     
    5097  -389.18     
    5098  -378.77     
    5099  -385.49     
    5100  -379.60     
    5101  -384.09     
    5102  -375.74     
    5103  -377.63     
    5104  -388.35     
    5105  -386.25     
    5106  -379.82     
    5107  -391.06     
    5108  -393.19     
    5109  -392.76     
 
  ***** POST1 NODAL DEGREE OF FREEDOM LISTING *****                            
 
  LOAD STEP=     1  SUBSTEP=     1                                             
   TIME=    1.0000      LOAD CASE=   0                                         
 
    NODE       VOLT  
    5110  -390.73     
    5111  -381.05     
    5112  -379.39     
    5113  -387.65     
    5114  -389.28     
    5115  -388.62     
    5116  -392.83     
    5117  -395.70     
    5118  -395.72     
    5119  -392.86     
    5120  -385.56     
    5121  -382.62     
    5122  -388.52     
    5123  -386.26     
    5124  -395.74     
    5125  -393.45     
    5126  -392.78     
    5127  -395.73     
    5128  -392.90     
    5129  -384.40     
    5130  -321.63     
    5131  -319.47     
    5132  -314.13     
    5133  -314.98     
    5134  -320.24     
    5135  -312.80     
    5136  -348.58     
    5137  -349.01     
    5138  -349.76     
    5139  -353.83     
    5140  -358.38     
    5141  -375.95     
    5142  -375.62     
    5143  -321.87     
    5144  -321.58     
    5145  -323.04     
    5146  -328.89     
    5147  -327.48     
    5148  -328.49     
 
  ***** POST1 NODAL DEGREE OF FREEDOM LISTING *****                            
 
  LOAD STEP=     1  SUBSTEP=     1                                             
   TIME=    1.0000      LOAD CASE=   0                                         
 
    NODE       VOLT  
    5149  -317.61     
    5150  -319.19     
    5151  -318.66     
    5152  -329.51     
    5153  -335.45     
    5154  -311.78     
    5155  -313.94     
    5156  -322.77     
    5157  -316.32     
    5158  -370.05     
    5159  -366.88     
    5160  -366.40     
    5161  -380.08     
    5162  -378.34     
    5163  -379.91     
    5164  -390.81     
    5165  -389.23     
    5166  -389.06     
    5167  -390.83     
    5168  -384.06     
    5169  -377.33     
    5170  -375.75     
    5171  -373.30     
    5172  -389.04     
    5173  -390.80     
    5174  -383.46     
    5175  -392.61     
    5176  -377.12     
    5177  -368.80     
    5178  -375.97     
    5179  -385.67     
    5180  -368.39     
    5181  -362.11     
    5182  -358.46     
    5183  -394.42     
    5184  -394.43     
    5185  -393.47     
    5186  -387.90     
    5187  -376.24     
 
  ***** POST1 NODAL DEGREE OF FREEDOM LISTING *****                            
 
  LOAD STEP=     1  SUBSTEP=     1                                             
   TIME=    1.0000      LOAD CASE=   0                                         
 
    NODE       VOLT  
    5188  -379.24     
    5189  -382.71     
    5190  -375.54     
    5191  -382.01     
    5192  -387.46     
    5193  -378.97     
    5194  -381.95     
    5195  -332.56     
    5196  -324.38     
    5197  -322.75     
    5198  -320.40     
    5199  -312.04     
    5200  -360.15     
    5201  -359.92     
    5202  -359.74     
    5203  -350.04     
    5204  -342.31     
    5205  -351.63     
    5206  -345.11     
    5207  -352.37     
    5208  -333.79     
    5209  -343.77     
    5210  -341.23     
    5211  -328.92     
    5212  -316.63     
    5213  -396.72     
    5214  -396.83     
    5215  -330.52     
    5216  -328.33     
    5217  -336.23     
    5218  -335.12     
    5219  -334.52     
    5220  -358.73     
    5221  -365.30     
    5222  -358.99     
    5223  -314.25     
    5224  -335.05     
    5225  -342.51     
    5226  -339.19     
 
  ***** POST1 NODAL DEGREE OF FREEDOM LISTING *****                            
 
  LOAD STEP=     1  SUBSTEP=     1                                             
   TIME=    1.0000      LOAD CASE=   0                                         
 
    NODE       VOLT  
    5227  -337.25     
    5228  -344.48     
    5229  -342.64     
    5230  -318.06     
    5231  -322.80     
    5232  -339.19     
    5233  -324.24     
    5234  -322.13     
    5235  -322.23     
    5236  -322.52     
    5237  -322.24     
    5238  -314.30     
    5239  -312.84     
    5240  -305.57     
    5241  -307.30     
    5242  -307.28     
    5243  -305.55     
    5244  -312.54     
    5245  -307.00     
    5246  -316.55     
    5247  -318.30     
    5248  -312.63     
    5249  -310.87     
    5250  -316.36     
    5251  -314.72     
    5252  -307.72     
    5253  -321.54     
    5254  -321.57     
    5255  -313.75     
    5256  -313.78     
    5257  -306.82     
    5258  -307.03     
    5259  -307.01     
    5260  -320.69     
    5261  -381.35     
    5262  -386.12     
    5263  -381.56     
    5264  -373.47     
    5265  -378.00     
 
  ***** POST1 NODAL DEGREE OF FREEDOM LISTING *****                            
 
  LOAD STEP=     1  SUBSTEP=     1                                             
   TIME=    1.0000      LOAD CASE=   0                                         
 
    NODE       VOLT  
    5266  -378.24     
    5267  -369.95     
    5268  -373.28     
    5269  -377.81     
    5270  -378.17     
    5271  -378.41     
    5272  -381.10     
    5273  -386.52     
    5274  -370.43     
    5275  -364.62     
    5276  -360.04     
    5277  -360.33     
    5278  -354.26     
    5279  -380.05     
    5280  -377.21     
    5281  -371.52     
    5282  -380.51     
    5283  -385.31     
    5284  -349.90     
    5285  -357.38     
    5286  -351.24     
    5287  -345.60     
    5288  -353.14     
    5289  -364.81     
    5290  -363.37     
    5291  -365.13     
    5292  -361.02     
    5293  -359.36     
    5294  -359.68     
    5295  -370.27     
    5296  -370.03     
    5297  -371.77     
    5298  -356.66     
    5299  -362.80     
    5300  -351.32     
    5301  -351.67     
    5302  -355.38     
    5303  -355.60     
    5304  -342.32     
 
  ***** POST1 NODAL DEGREE OF FREEDOM LISTING *****                            
 
  LOAD STEP=     1  SUBSTEP=     1                                             
   TIME=    1.0000      LOAD CASE=   0                                         
 
    NODE       VOLT  
    5305  -342.92     
    5306  -346.39     
    5307  -353.94     
    5308  -346.31     
    5309  -350.74     
    5310  -346.50     
    5311  -341.89     
    5312  -346.05     
    5313  -356.66     
    5314  -363.87     
    5315  -343.60     
    5316  -341.98     
    5317  -343.00     
    5318  -330.31     
    5319  -331.24     
    5320  -332.61     
    5321  -331.61     
    5322  -325.83     
    5323  -326.63     
    5324  -332.40     
    5325  -325.90     
    5326  -331.76     
    5327  -337.36     
    5328  -331.02     
    5329  -344.29     
    5330  -335.90     
    5331  -337.00     
    5332  -345.57     
    5333  -353.26     
    5334  -319.87     
    5335  -312.78     
    5336  -321.74     
    5337  -322.85     
    5338  -315.91     
    5339  -319.28     
    5340  -312.24     
    5341  -344.10     
    5342  -336.28     
    5343  -330.32     
 
  ***** POST1 NODAL DEGREE OF FREEDOM LISTING *****                            
 
  LOAD STEP=     1  SUBSTEP=     1                                             
   TIME=    1.0000      LOAD CASE=   0                                         
 
    NODE       VOLT  
    5344  -329.98     
    5345  -341.75     
    5346  -334.84     
    5347  -337.78     
    5348  -325.66     
    5349  -337.34     
    5350  -316.92     
    5351  -309.52     
    5352  -311.75     
    5353  -304.71     
    5354  -306.97     
    5355  -304.71     
    5356  -306.97     
    5357  -316.70     
    5358  -312.65     
    5359  -314.44     
    5360  -311.61     
    5361  -310.39     
    5362  -304.74     
    5363  -306.91     
    5364  -305.70     
    5365  -304.79     
    5366  -346.59     
    5367  -342.20     
    5368  -341.50     
    5369  -345.26     
    5370  -345.88     
    5371  -340.82     
    5372  -345.66     
    5373  -340.55     
    5374  -339.36     
    5375  -344.49     
    5376  -338.79     
    5377  -343.89     
    5378  -350.24     
    5379  -355.72     
    5380  -351.48     
    5381  -350.87     
    5382  -355.11     
 
  ***** POST1 NODAL DEGREE OF FREEDOM LISTING *****                            
 
  LOAD STEP=     1  SUBSTEP=     1                                             
   TIME=    1.0000      LOAD CASE=   0                                         
 
    NODE       VOLT  
    5383  -356.28     
    5384  -351.95     
    5385  -350.53     
    5386  -355.53     
    5387  -360.95     
    5388  -359.80     
    5389  -388.53     
    5390  -386.64     
    5391  -384.29     
    5392  -381.16     
    5393  -392.83     
    5394  -383.59     
    5395  -391.20     
    5396  -390.07     
    5397  -387.04     
    5398  -388.36     
    5399  -381.41     
    5400  -382.77     
    5401  -382.68     
    5402  -380.62     
    5403  -386.51     
    5404  -388.15     
    5405  -367.78     
    5406  -367.12     
    5407  -362.90     
    5408  -374.38     
    5409  -310.32     
    5410  -310.11     
    5411  -305.56     
    5412  -304.77     
    5413  -305.31     
    5414  -310.14     
    5415  -310.92     
    5416  -315.79     
    5417  -316.36     
    5418  -305.37     
    5419  -305.37     
    5420  -305.37     
    5421  -338.45     
 
  ***** POST1 NODAL DEGREE OF FREEDOM LISTING *****                            
 
  LOAD STEP=     1  SUBSTEP=     1                                             
   TIME=    1.0000      LOAD CASE=   0                                         
 
    NODE       VOLT  
    5422  -341.64     
    5423  -345.95     
    5424  -309.90     
    5425  -314.29     
    5426  -330.07     
    5427  -331.72     
    5428  -321.51     
    5429  -319.63     
    5430  -329.91     
    5431  -321.50     
    5432  -320.34     
    5433  -329.97     
    5434  -321.66     
    5435  -335.83     
    5436  -327.90     
    5437  -318.50     
    5438  -323.79     
    5439  -319.99     
    5440  -326.52     
    5441  -326.78     
    5442  -336.06     
    5443  -317.11     
    5444  -311.29     
    5445  -317.55     
    5446  -390.04     
    5447  -390.05     
    5448  -390.78     
    5449  -390.78     
    5450  -374.93     
    5451  -393.47     
    5452  -396.22     
    5453  -384.26     
    5454  -390.78     
    5455  -306.88     
    5456  -306.88     
    5457  -393.52     
    5458  -392.86     
    5459  -392.98     
    5460  -382.27     
 
  ***** POST1 NODAL DEGREE OF FREEDOM LISTING *****                            
 
  LOAD STEP=     1  SUBSTEP=     1                                             
   TIME=    1.0000      LOAD CASE=   0                                         
 
    NODE       VOLT  
    5461  -393.98     
    5462  -381.14     
    5463  -385.18     
    5464  -379.85     
    5465  -321.54     
    5466  -325.55     
    5467  -328.14     
    5468  -320.12     
    5469  -326.72     
    5470  -351.45     
    5471  -343.66     
    5472  -345.31     
    5473  -347.66     
    5474  -339.85     
    5475  -386.24     
    5476  -385.14     
    5477  -385.28     
    5478  -379.65     
    5479  -393.44     
    5480  -390.59     
    5481  -389.87     
    5482  -386.95     
    5483  -391.12     
    5484  -340.84     
    5485  -338.83     
    5486  -345.57     
    5487  -343.76     
    5488  -335.36     
    5489  -326.44     
    5490  -333.37     
    5491  -328.96     
    5492  -326.41     
    5493  -320.42     
    5494  -324.46     
    5495  -314.96     
    5496  -327.35     
    5497  -311.45     
    5498  -306.20     
    5499  -307.30     
 
  ***** POST1 NODAL DEGREE OF FREEDOM LISTING *****                            
 
  LOAD STEP=     1  SUBSTEP=     1                                             
   TIME=    1.0000      LOAD CASE=   0                                         
 
    NODE       VOLT  
    5500  -314.86     
    5501  -306.65     
    5502  -305.65     
    5503  -309.05     
    5504  -307.04     
    5505  -309.40     
    5506  -306.68     
    5507  -309.09     
    5508  -321.63     
    5509  -315.05     
    5510  -308.92     
    5511  -305.60     
    5512  -305.82     
    5513  -305.62     
    5514  -305.87     
    5515  -307.85     
    5516  -305.58     
    5517  -307.83     
    5518  -317.38     
    5519  -307.33     
    5520  -310.30     
    5521  -315.48     
    5522  -312.59     
    5523  -305.41     
    5524  -331.02     
    5525  -313.27     
    5526  -308.57     
    5527  -304.85     
    5528  -310.14     
    5529  -354.53     
    5530  -346.09     
    5531  -351.87     
    5532  -352.20     
    5533  -343.19     
    5534  -335.09     
    5535  -343.65     
    5536  -329.39     
    5537  -319.68     
    5538  -316.04     
 
  ***** POST1 NODAL DEGREE OF FREEDOM LISTING *****                            
 
  LOAD STEP=     1  SUBSTEP=     1                                             
   TIME=    1.0000      LOAD CASE=   0                                         
 
    NODE       VOLT  
    5539  -318.46     
    5540  -325.70     
    5541  -324.56     
    5542  -331.67     
    5543  -325.42     
    5544  -329.59     
    5545  -332.46     
    5546  -333.76     
    5547  -323.12     
    5548  -328.18     
    5549  -307.58     
    5550  -308.96     
    5551  -315.52     
    5552  -314.22     
    5553  -306.98     
    5554  -319.53     
    5555  -318.38     
    5556  -315.26     
    5557  -312.22     
    5558  -314.06     
    5559  -320.09     
    5560  -318.65     
    5561  -313.11     
    5562  -317.82     
    5563  -326.07     
    5564  -331.35     
    5565  -324.45     
    5566  -316.94     
    5567  -323.87     
    5568  -322.21     
    5569  -316.72     
    5570  -328.54     
    5571  -323.10     
    5572  -332.04     
    5573  -329.76     
    5574  -387.92     
    5575  -388.03     
    5576  -385.34     
    5577  -381.43     
 
  ***** POST1 NODAL DEGREE OF FREEDOM LISTING *****                            
 
  LOAD STEP=     1  SUBSTEP=     1                                             
   TIME=    1.0000      LOAD CASE=   0                                         
 
    NODE       VOLT  
    5578  -383.87     
    5579  -381.69     
    5580  -387.04     
    5581  -386.97     
    5582  -392.73     
    5583  -392.78     
    5584  -392.99     
    5585  -385.95     
    5586  -392.99     
    5587  -380.95     
    5588  -380.46     
    5589  -377.25     
    5590  -334.64     
    5591  -339.25     
    5592  -336.73     
    5593  -352.62     
    5594  -358.28     
    5595  -386.90     
    5596  -382.30     
    5597  -391.72     
    5598  -387.09     
    5599  -391.59     
    5600  -378.93     
    5601  -375.33     
    5602  -374.74     
    5603  -307.00     
    5604  -307.00     
    5605  -306.97     
    5606  -313.97     
    5607  -306.97     
    5608  -306.13     
    5609  -307.81     
    5610  -307.80     
    5611  -314.82     
    5612  -322.20     
    5613  -323.03     
    5614  -336.52     
    5615  -318.62     
    5616  -345.70     
 
  ***** POST1 NODAL DEGREE OF FREEDOM LISTING *****                            
 
  LOAD STEP=     1  SUBSTEP=     1                                             
   TIME=    1.0000      LOAD CASE=   0                                         
 
    NODE       VOLT  
    5617  -350.63     
    5618  -349.13     
    5619  -333.24     
    5620  -350.64     
    5621  -350.08     
    5622  -350.42     
    5623  -346.13     
    5624  -346.23     
    5625  -313.01     
    5626  -307.73     
    5627  -321.69     
    5628  -314.51     
    5629  -314.51     
    5630  -393.53     
    5631  -393.42     
    5632  -393.44     
    5633  -333.24     
    5634  -342.04     
    5635  -338.04     
    5636  -321.94     
    5637  -330.95     
    5638  -322.10     
    5639  -321.78     
    5640  -374.93     
    5641  -371.83     
    5642  -370.28     
    5643  -379.15     
    5644  -380.71     
    5645  -376.05     
    5646  -381.31     
    5647  -374.82     
    5648  -382.83     
    5649  -377.94     
    5650  -379.53     
    5651  -381.62     
    5652  -368.77     
    5653  -378.43     
    5654  -373.77     
    5655  -375.36     
 
  ***** POST1 NODAL DEGREE OF FREEDOM LISTING *****                            
 
  LOAD STEP=     1  SUBSTEP=     1                                             
   TIME=    1.0000      LOAD CASE=   0                                         
 
    NODE       VOLT  
    5656  -362.58     
    5657  -363.04     
    5658  -368.69     
    5659  -369.21     
    5660  -369.22     
    5661  -368.48     
    5662  -371.54     
    5663  -359.76     
    5664  -341.88     
    5665  -345.33     
    5666  -341.15     
    5667  -340.52     
    5668  -349.84     
    5669  -329.14     
    5670  -348.05     
    5671  -342.24     
    5672  -308.95     
    5673  -307.77     
    5674  -307.85     
    5675  -309.13     
    5676  -322.93     
    5677  -324.48     
    5678  -331.89     
    5679  -323.72     
    5680  -315.55     
    5681  -307.86     
    5682  -307.04     
    5683  -385.53     
    5684  -392.58     
    5685  -392.68     
    5686  -392.75     
    5687  -392.72     
    5688  -392.74     
    5689  -386.49     
    5690  -392.81     
    5691  -375.59     
    5692  -307.77     
    5693  -325.16     
    5694  -327.26     
 
  ***** POST1 NODAL DEGREE OF FREEDOM LISTING *****                            
 
  LOAD STEP=     1  SUBSTEP=     1                                             
   TIME=    1.0000      LOAD CASE=   0                                         
 
    NODE       VOLT  
    5695  -311.99     
    5696  -308.92     
    5697  -306.77     
    5698  -307.23     
    5699  -304.86     
    5700  -329.31     
    5701  -336.09     
    5702  -310.54     
    5703  -311.30     
    5704  -305.28     
    5705  -305.26     
    5706  -306.04     
    5707  -310.53     
    5708  -309.61     
    5709  -314.74     
    5710  -314.71     
    5711  -313.84     
    5712  -315.90     
    5713  -310.72     
    5714  -362.05     
    5715  -369.32     
    5716  -336.81     
    5717  -388.37     
    5718  -388.30     
    5719  -351.76     
    5720  -325.98     
    5721  -318.90     
    5722  -328.47     
    5723  -330.89     
    5724  -321.62     
    5725  -323.90     
    5726  -333.15     
    5727  -351.67     
    5728  -343.42     
    5729  -317.83     
    5730  -331.63     
    5731  -331.42     
    5732  -395.01     
    5733  -394.98     
 
  ***** POST1 NODAL DEGREE OF FREEDOM LISTING *****                            
 
  LOAD STEP=     1  SUBSTEP=     1                                             
   TIME=    1.0000      LOAD CASE=   0                                         
 
    NODE       VOLT  
    5734  -394.94     
    5735  -326.12     
    5736  -353.71     
    5737  -370.11     
    5738  -361.72     
    5739  -356.94     
    5740  -335.80     
    5741  -337.13     
    5742  -347.18     
    5743  -313.06     
    5744  -307.39     
    5745  -315.20     
    5746  -312.64     
    5747  -311.11     
    5748  -304.51     
    5749  -308.61     
    5750  -308.54     
    5751  -304.55     
    5752  -314.02     
    5753  -317.97     
    5754  -303.12     
    5755  -304.33     
    5756  -308.15     
    5757  -307.53     
    5758  -311.67     
    5759  -378.03     
    5760  -362.13     
    5761  -374.82     
    5762  -366.59     
    5763  -391.98     
    5764  -392.01     
    5765  -391.99     
    5766  -393.08     
    5767  -393.15     
    5768  -394.43     
    5769  -393.15     
    5770  -394.44     
    5771  -305.95     
    5772  -313.95     
 
  ***** POST1 NODAL DEGREE OF FREEDOM LISTING *****                            
 
  LOAD STEP=     1  SUBSTEP=     1                                             
   TIME=    1.0000      LOAD CASE=   0                                         
 
    NODE       VOLT  
    5773  -307.45     
    5774  -379.96     
    5775  -395.12     
    5776  -384.83     
    5777  -374.00     
    5778  -384.12     
    5779  -389.08     
    5780  -359.86     
    5781  -393.13     
    5782  -392.19     
    5783  -393.13     
    5784  -390.01     
    5785  -338.52     
    5786  -331.62     
    5787  -316.42     
    5788  -318.00     
    5789  -320.86     
    5790  -346.82     
    5791  -394.97     
    5792  -391.09     
    5793  -393.55     
    5794  -387.65     
    5795  -378.72     
    5796  -384.16     
    5797  -382.64     
    5798  -391.60     
    5799  -391.59     
    5800  -393.50     
    5801  -381.65     
    5802  -374.59     
    5803  -388.06     
    5804  -382.58     
    5805  -393.57     
    5806  -393.57     
    5807  -393.56     
    5808  -323.73     
    5809  -329.05     
    5810  -394.37     
    5811  -394.45     
 
  ***** POST1 NODAL DEGREE OF FREEDOM LISTING *****                            
 
  LOAD STEP=     1  SUBSTEP=     1                                             
   TIME=    1.0000      LOAD CASE=   0                                         
 
    NODE       VOLT  
    5812  -394.46     
    5813  -310.22     
    5814  -314.94     
    5815  -316.99     
    5816  -304.78     
    5817  -310.80     
    5818  -313.70     
    5819  -307.94     
    5820  -303.39     
    5821  -310.37     
    5822  -315.88     
    5823  -308.69     
    5824  -312.68     
    5825  -316.78     
    5826  -329.18     
    5827  -323.50     
    5828  -331.93     
    5829  -331.41     
    5830  -322.95     
    5831  -325.86     
    5832  -319.40     
    5833  -321.43     
    5834  -313.81     
    5835  -311.99     
    5836  -307.24     
    5837  -304.80     
    5838  -304.80     
    5839  -307.24     
    5840  -309.14     
    5841  -304.38     
    5842  -304.78     
    5843  -304.36     
    5844  -310.02     
    5845  -305.25     
    5846  -310.61     
    5847  -316.25     
    5848  -305.35     
    5849  -314.08     
    5850  -307.76     
 
  ***** POST1 NODAL DEGREE OF FREEDOM LISTING *****                            
 
  LOAD STEP=     1  SUBSTEP=     1                                             
   TIME=    1.0000      LOAD CASE=   0                                         
 
    NODE       VOLT  
    5851  -306.34     
    5852  -306.31     
    5853  -307.74     
    5854  -321.13     
    5855  -322.48     
    5856  -328.06     
    5857  -321.07     
    5858  -305.95     
    5859  -305.41     
    5860  -304.68     
    5861  -320.86     
    5862  -318.56     
    5863  -325.52     
    5864  -306.62     
    5865  -309.14     
    5866  -312.02     
    5867  -305.84     
    5868  -306.42     
    5869  -314.82     
    5870  -305.04     
    5871  -306.19     
    5872  -308.66     
    5873  -305.07     
    5874  -308.73     
    5875  -303.12     
    5876  -305.08     
    5877  -308.78     
    5878  -304.35     
    5879  -323.53     
    5880  -315.81     
    5881  -307.16     
    5882  -385.21     
    5883  -392.78     
    5884  -380.81     
    5885  -395.26     
    5886  -388.38     
    5887  -394.51     
    5888  -389.77     
    5889  -386.40     
 
  ***** POST1 NODAL DEGREE OF FREEDOM LISTING *****                            
 
  LOAD STEP=     1  SUBSTEP=     1                                             
   TIME=    1.0000      LOAD CASE=   0                                         
 
    NODE       VOLT  
    5890  -381.07     
    5891  -385.11     
    5892  -395.35     
    5893  -391.05     
    5894  -394.03     
    5895  -388.53     
    5896  -395.34     
    5897  -395.32     
    5898  -395.28     
    5899  -393.20     
    5900  -388.52     
    5901  -393.21     
    5902  -389.03     
    5903  -393.69     
    5904  -393.68     
    5905  -393.23     
    5906  -393.16     
    5907  -381.81     
    5908  -386.60     
    5909  -390.25     
    5910  -395.32     
    5911  -391.29     
    5912  -395.16     
    5913  -391.41     
    5914  -380.50     
    5915  -389.00     
    5916  -384.04     
    5917  -379.43     
    5918  -388.11     
    5919  -387.93     
    5920  -376.68     
    5921  -374.81     
    5922  -368.94     
    5923  -369.77     
    5924  -392.86     
    5925  -392.88     
    5926  -395.00     
    5927  -387.80     
    5928  -394.93     
 
  ***** POST1 NODAL DEGREE OF FREEDOM LISTING *****                            
 
  LOAD STEP=     1  SUBSTEP=     1                                             
   TIME=    1.0000      LOAD CASE=   0                                         
 
    NODE       VOLT  
    5929  -377.52     
    5930  -367.89     
    5931  -375.84     
    5932  -367.55     
    5933  -308.04     
    5934  -314.83     
    5935  -377.23     
    5936  -376.43     
    5937  -390.31     
    5938  -305.94     
    5939  -349.98     
    5940  -315.25     
    5941  -305.14     
    5942  -311.40     
    5943  -311.83     
    5944  -306.72     
    5945  -356.05     
    5946  -361.96     
    5947  -361.55     
    5948  -356.73     
    5949  -351.17     
    5950  -345.94     
    5951  -339.54     
    5952  -344.76     
    5953  -340.75     
    5954  -340.84     
    5955  -338.78     
    5956  -335.53     
    5957  -336.74     
    5958  -340.00     
    5959  -348.40     
    5960  -354.48     
    5961  -335.36     
    5962  -344.28     
    5963  -335.95     
    5964  -337.59     
    5965  -348.29     
    5966  -347.94     
    5967  -343.94     
 
  ***** POST1 NODAL DEGREE OF FREEDOM LISTING *****                            
 
  LOAD STEP=     1  SUBSTEP=     1                                             
   TIME=    1.0000      LOAD CASE=   0                                         
 
    NODE       VOLT  
    5968  -354.52     
    5969  -353.70     
    5970  -359.17     
    5971  -319.90     
    5972  -317.35     
    5973  -310.74     
    5974  -317.06     
    5975  -392.23     
    5976  -392.25     
    5977  -392.16     
    5978  -394.92     
    5979  -394.93     
    5980  -394.93     
    5981  -378.75     
    5982  -378.65     
    5983  -368.67     
    5984  -368.52     
    5985  -379.57     
    5986  -380.07     
    5987  -386.92     
    5988  -369.44     
    5989  -376.71     
    5990  -393.24     
    5991  -393.70     
    5992  -393.10     
    5993  -393.23     
    5994  -393.09     
    5995  -386.81     
    5996  -393.20     
    5997  -393.28     
    5998  -386.38     
    5999  -386.43     
    6000  -364.78     
    6001  -378.58     
    6002  -386.30     
    6003  -345.04     
    6004  -359.45     
    6005  -352.61     
    6006  -346.83     
 
  ***** POST1 NODAL DEGREE OF FREEDOM LISTING *****                            
 
  LOAD STEP=     1  SUBSTEP=     1                                             
   TIME=    1.0000      LOAD CASE=   0                                         
 
    NODE       VOLT  
    6007  -346.41     
    6008  -337.23     
    6009  -328.09     
    6010  -325.27     
    6011  -326.78     
    6012  -367.55     
    6013  -362.81     
    6014  -362.46     
    6015  -336.92     
    6016  -358.69     
    6017  -368.16     
    6018  -332.05     
    6019  -331.05     
    6020  -325.17     
    6021  -329.10     
    6022  -333.13     
    6023  -340.11     
    6024  -338.19     
    6025  -318.23     
    6026  -307.35     
    6027  -307.35     
    6028  -324.48     
    6029  -316.43     
    6030  -322.68     
    6031  -313.22     
    6032  -313.22     
    6033  -305.51     
    6034  -307.72     
    6035  -305.47     
    6036  -305.50     
    6037  -305.50     
    6038  -367.83     
    6039  -377.60     
    6040  -371.76     
    6041  -382.82     
    6042  -385.56     
    6043  -374.38     
    6044  -393.11     
    6045  -393.11     
 
  ***** POST1 NODAL DEGREE OF FREEDOM LISTING *****                            
 
  LOAD STEP=     1  SUBSTEP=     1                                             
   TIME=    1.0000      LOAD CASE=   0                                         
 
    NODE       VOLT  
    6046  -393.11     
    6047  -341.89     
    6048  -344.92     
    6049  -340.01     
    6050  -352.39     
    6051  -343.07     
    6052  -369.04     
    6053  -374.61     
    6054  -376.00     
    6055  -383.35     
    6056  -387.67     
    6057  -382.07     
    6058  -388.78     
    6059  -394.37     
    6060  -393.24     
    6061  -384.22     
    6062  -389.47     
    6063  -388.41     
    6064  -377.30     
    6065  -370.01     
    6066  -372.20     
    6067  -370.66     
    6068  -377.47     
    6069  -377.46     
    6070  -396.49     
    6071  -390.59     
    6072  -390.45     
    6073  -383.53     
    6074  -362.71     
    6075  -352.60     
    6076  -364.55     
    6077  -359.07     
    6078  -360.80     
    6079  -362.58     
    6080  -352.73     
    6081  -363.85     
    6082  -363.90     
    6083  -392.58     
    6084  -385.14     
 
  ***** POST1 NODAL DEGREE OF FREEDOM LISTING *****                            
 
  LOAD STEP=     1  SUBSTEP=     1                                             
   TIME=    1.0000      LOAD CASE=   0                                         
 
    NODE       VOLT  
    6085  -391.69     
    6086  -355.88     
    6087  -365.94     
    6088  -354.38     
    6089  -393.25     
    6090  -395.05     
    6091  -393.06     
    6092  -395.01     
    6093  -372.17     
    6094  -375.23     
    6095  -370.37     
    6096  -367.69     
    6097  -391.11     
    6098  -375.38     
    6099  -378.35     
    6100  -366.79     
    6101  -392.11     
    6102  -383.39     
    6103  -387.27     
    6104  -376.97     
    6105  -329.44     
    6106  -330.82     
    6107  -335.25     
    6108  -340.23     
    6109  -337.57     
    6110  -340.67     
    6111  -333.35     
    6112  -338.47     
    6113  -327.07     
    6114  -320.47     
    6115  -330.42     
    6116  -325.36     
    6117  -323.85     
    6118  -390.85     
    6119  -371.97     
    6120  -378.78     
    6121  -356.67     
    6122  -368.52     
    6123  -364.37     
 
  ***** POST1 NODAL DEGREE OF FREEDOM LISTING *****                            
 
  LOAD STEP=     1  SUBSTEP=     1                                             
   TIME=    1.0000      LOAD CASE=   0                                         
 
    NODE       VOLT  
    6124  -358.30     
    6125  -366.40     
    6126  -355.04     
    6127  -365.28     
    6128  -367.79     
    6129  -376.41     
    6130  -355.96     
    6131  -346.88     
    6132  -356.82     
    6133  -327.32     
    6134  -357.25     
    6135  -352.85     
    6136  -346.35     
    6137  -341.66     
    6138  -345.10     
    6139  -339.76     
    6140  -349.49     
    6141  -350.93     
    6142  -336.96     
    6143  -355.11     
    6144  -354.71     
    6145  -363.34     
    6146  -365.00     
    6147  -368.98     
    6148  -362.93     
    6149  -368.23     
    6150  -331.52     
    6151  -358.08     
    6152  -365.12     
    6153  -352.17     
    6154  -343.45     
    6155  -356.41     
    6156  -342.83     
    6157  -351.07     
    6158  -335.37     
    6159  -335.10     
    6160  -333.29     
    6161  -350.68     
    6162  -361.26     
 
  ***** POST1 NODAL DEGREE OF FREEDOM LISTING *****                            
 
  LOAD STEP=     1  SUBSTEP=     1                                             
   TIME=    1.0000      LOAD CASE=   0                                         
 
    NODE       VOLT  
    6163  -363.19     
    6164  -391.99     
    6165  -389.23     
    6166  -388.95     
    6167  -392.22     
    6168  -396.73     
    6169  -390.69     
    6170  -393.95     
    6171  -392.20     
    6172  -392.20     
    6173  -396.09     
    6174  -396.10     
    6175  -346.82     
    6176  -345.04     
    6177  -350.36     
    6178  -351.05     
    6179  -361.50     
    6180  -312.67     
    6181  -312.94     
    6182  -323.90     
    6183  -345.79     
    6184  -342.56     
    6185  -305.37     
    6186  -305.24     
    6187  -305.25     
    6188  -380.51     
    6189  -380.65     
    6190  -373.37     
    6191  -366.68     
    6192  -369.75     
    6193  -362.73     
    6194  -371.68     
    6195  -375.46     
    6196  -368.02     
    6197  -384.38     
    6198  -384.61     
    6199  -381.22     
    6200  -366.39     
    6201  -372.22     
 
  ***** POST1 NODAL DEGREE OF FREEDOM LISTING *****                            
 
  LOAD STEP=     1  SUBSTEP=     1                                             
   TIME=    1.0000      LOAD CASE=   0                                         
 
    NODE       VOLT  
    6202  -317.16     
    6203  -317.18     
    6204  -317.17     
    6205  -323.34     
    6206  -317.17     
    6207  -310.62     
    6208  -317.94     
    6209  -307.35     
    6210  -310.61     
    6211  -305.50     
    6212  -309.10     
    6213  -307.34     
    6214  -318.34     
    6215  -307.34     
    6216  -311.58     
    6217  -327.85     
    6218  -324.58     
    6219  -325.93     
    6220  -327.43     
    6221  -325.63     
    6222  -330.12     
    6223  -350.69     
    6224  -350.09     
    6225  -338.18     
    6226  -337.54     
    6227  -321.44     
    6228  -387.17     
    6229  -338.59     
    6230  -349.60     
    6231  -332.10     
    6232  -358.40     
    6233  -313.85     
    6234  -324.25     
    6235  -313.39     
    6236  -321.28     
    6237  -313.34     
    6238  -305.26     
    6239  -308.08     
    6240  -308.09     
 
  ***** POST1 NODAL DEGREE OF FREEDOM LISTING *****                            
 
  LOAD STEP=     1  SUBSTEP=     1                                             
   TIME=    1.0000      LOAD CASE=   0                                         
 
    NODE       VOLT  
    6241  -305.26     
    6242  -308.08     
    6243  -305.27     
    6244  -310.52     
    6245  -305.26     
    6246  -305.27     
    6247  -305.26     
    6248  -317.05     
    6249  -305.27     
    6250  -334.01     
    6251  -327.61     
    6252  -329.88     
    6253  -331.69     
    6254  -329.12     
    6255  -389.84     
    6256  -325.53     
    6257  -339.28     
    6258  -338.60     
    6259  -339.96     
    6260  -329.49     
    6261  -358.65     
    6262  -364.39     
    6263  -361.58     
    6264  -361.93     
    6265  -364.50     
    6266  -367.85     
    6267  -355.09     
    6268  -357.89     
    6269  -350.94     
    6270  -349.89     
    6271  -353.54     
    6272  -360.72     
    6273  -332.58     
    6274  -335.22     
    6275  -335.43     
    6276  -327.62     
    6277  -327.78     
    6278  -330.40     
    6279  -341.07     
 
  ***** POST1 NODAL DEGREE OF FREEDOM LISTING *****                            
 
  LOAD STEP=     1  SUBSTEP=     1                                             
   TIME=    1.0000      LOAD CASE=   0                                         
 
    NODE       VOLT  
    6280  -340.81     
    6281  -332.68     
    6282  -331.68     
    6283  -336.94     
    6284  -337.74     
    6285  -336.52     
    6286  -327.62     
    6287  -322.55     
    6288  -327.69     
    6289  -331.41     
    6290  -326.64     
    6291  -326.61     
    6292  -307.32     
    6293  -307.47     
    6294  -307.47     
    6295  -329.23     
    6296  -321.51     
    6297  -307.57     
    6298  -306.71     
    6299  -314.09     
    6300  -306.83     
    6301  -307.39     
    6302  -307.14     
    6303  -306.60     
    6304  -313.66     
    6305  -396.31     
    6306  -396.29     
    6307  -396.28     
    6308  -306.05     
    6309  -306.04     
    6310  -307.73     
    6311  -305.74     
    6312  -307.81     
    6313  -392.95     
    6314  -394.30     
    6315  -378.68     
    6316  -383.85     
    6317  -389.17     
    6318  -393.06     
 
  ***** POST1 NODAL DEGREE OF FREEDOM LISTING *****                            
 
  LOAD STEP=     1  SUBSTEP=     1                                             
   TIME=    1.0000      LOAD CASE=   0                                         
 
    NODE       VOLT  
    6319  -389.24     
    6320  -392.96     
    6321  -392.63     
    6322  -382.74     
    6323  -386.48     
    6324  -372.93     
    6325  -355.34     
    6326  -361.11     
    6327  -361.66     
    6328  -358.66     
    6329  -368.79     
    6330  -358.90     
    6331  -359.93     
    6332  -356.51     
    6333  -326.93     
    6334  -351.25     
    6335  -348.68     
    6336  -353.48     
    6337  -356.68     
    6338  -353.42     
    6339  -360.87     
    6340  -360.85     
    6341  -372.84     
    6342  -366.88     
    6343  -365.85     
    6344  -383.59     
    6345  -362.84     
    6346  -368.30     
    6347  -390.98     
    6348  -380.96     
    6349  -383.80     
    6350  -374.93     
    6351  -381.40     
    6352  -381.61     
    6353  -390.58     
    6354  -393.43     
    6355  -390.57     
    6356  -396.56     
    6357  -396.61     
 
  ***** POST1 NODAL DEGREE OF FREEDOM LISTING *****                            
 
  LOAD STEP=     1  SUBSTEP=     1                                             
   TIME=    1.0000      LOAD CASE=   0                                         
 
    NODE       VOLT  
    6358  -393.98     
    6359  -396.89     
    6360  -380.78     
    6361  -377.37     
    6362  -303.08     
    6363  -306.38     
    6364  -306.35     
    6365  -308.09     
    6366  -341.23     
    6367  -333.91     
    6368  -351.39     
    6369  -355.36     
    6370  -356.82     
    6371  -352.08     
    6372  -354.47     
    6373  -353.38     
    6374  -352.50     
    6375  -350.68     
    6376  -351.43     
    6377  -361.63     
    6378  -367.62     
    6379  -367.58     
    6380  -372.37     
    6381  -372.39     
    6382  -396.22     
    6383  -394.54     
    6384  -393.87     
    6385  -376.40     
    6386  -381.13     
    6387  -389.63     
    6388  -393.90     
    6389  -393.85     
    6390  -386.74     
    6391  -395.16     
    6392  -387.64     
    6393  -392.33     
    6394  -382.50     
    6395  -394.74     
    6396  -395.30     
 
  ***** POST1 NODAL DEGREE OF FREEDOM LISTING *****                            
 
  LOAD STEP=     1  SUBSTEP=     1                                             
   TIME=    1.0000      LOAD CASE=   0                                         
 
    NODE       VOLT  
    6397  -379.94     
    6398  -318.27     
    6399  -311.50     
    6400  -305.18     
    6401  -311.70     
    6402  -315.97     
    6403  -314.17     
    6404  -305.23     
    6405  -309.39     
    6406  -305.21     
    6407  -306.56     
    6408  -311.66     
    6409  -359.22     
    6410  -361.98     
    6411  -367.87     
    6412  -364.89     
    6413  -373.57     
    6414  -370.63     
    6415  -376.41     
    6416  -354.56     
    6417  -357.18     
    6418  -363.72     
    6419  -354.12     
    6420  -368.16     
    6421  -374.77     
    6422  -376.96     
    6423  -380.07     
    6424  -383.63     
    6425  -372.43     
    6426  -364.07     
    6427  -376.62     
    6428  -367.02     
    6429  -392.28     
    6430  -392.29     
    6431  -317.34     
    6432  -322.63     
    6433  -316.70     
    6434  -314.25     
    6435  -318.22     
 
  ***** POST1 NODAL DEGREE OF FREEDOM LISTING *****                            
 
  LOAD STEP=     1  SUBSTEP=     1                                             
   TIME=    1.0000      LOAD CASE=   0                                         
 
    NODE       VOLT  
    6436  -313.13     
    6437  -305.48     
    6438  -305.26     
    6439  -326.90     
    6440  -321.97     
    6441  -393.70     
    6442  -383.29     
    6443  -381.40     
    6444  -377.40     
    6445  -383.54     
    6446  -385.78     
    6447  -357.37     
    6448  -368.98     
    6449  -376.31     
    6450  -356.52     
    6451  -349.62     
    6452  -347.70     
    6453  -394.52     
    6454  -350.56     
    6455  -338.21     
    6456  -340.62     
    6457  -342.60     
    6458  -338.46     
    6459  -349.96     
    6460  -357.34     
    6461  -355.43     
    6462  -363.01     
    6463  -358.14     
    6464  -394.51     
    6465  -355.73     
    6466  -356.10     
    6467  -385.35     
    6468  -394.51     
    6469  -329.43     
    6470  -324.35     
    6471  -330.42     
    6472  -332.17     
    6473  -326.10     
    6474  -327.13     
 
  ***** POST1 NODAL DEGREE OF FREEDOM LISTING *****                            
 
  LOAD STEP=     1  SUBSTEP=     1                                             
   TIME=    1.0000      LOAD CASE=   0                                         
 
    NODE       VOLT  
    6475  -347.26     
    6476  -328.18     
    6477  -330.91     
    6478  -327.14     
    6479  -322.27     
    6480  -322.54     
    6481  -341.93     
    6482  -336.62     
    6483  -338.73     
    6484  -344.02     
    6485  -339.85     
    6486  -329.44     
    6487  -324.34     
    6488  -344.69     
    6489  -373.64     
    6490  -382.70     
    6491  -372.70     
    6492  -388.20     
    6493  -386.32     
    6494  -370.21     
    6495  -367.01     
    6496  -367.95     
    6497  -383.85     
    6498  -366.63     
    6499  -376.81     
    6500  -375.22     
    6501  -368.84     
    6502  -375.67     
    6503  -369.25     
    6504  -373.94     
    6505  -374.83     
    6506  -368.37     
    6507  -372.25     
    6508  -365.00     
    6509  -365.84     
    6510  -324.52     
    6511  -319.13     
    6512  -330.96     
    6513  -319.42     
 
  ***** POST1 NODAL DEGREE OF FREEDOM LISTING *****                            
 
  LOAD STEP=     1  SUBSTEP=     1                                             
   TIME=    1.0000      LOAD CASE=   0                                         
 
    NODE       VOLT  
    6514  -318.78     
    6515  -319.31     
    6516  -314.18     
    6517  -333.72     
    6518  -321.84     
    6519  -311.05     
    6520  -318.11     
    6521  -329.99     
    6522  -335.27     
    6523  -328.06     
    6524  -335.51     
    6525  -333.74     
    6526  -324.54     
    6527  -307.33     
    6528  -307.77     
    6529  -343.95     
    6530  -341.78     
    6531  -329.79     
    6532  -323.86     
    6533  -322.62     
    6534  -326.77     
    6535  -346.60     
    6536  -350.96     
    6537  -331.43     
    6538  -362.92     
    6539  -364.18     
    6540  -367.14     
    6541  -360.18     
    6542  -355.93     
    6543  -362.88     
    6544  -372.42     
    6545  -366.31     
    6546  -360.41     
    6547  -363.82     
    6548  -316.83     
    6549  -314.60     
    6550  -312.37     
    6551  -310.13     
    6552  -327.36     
 
  ***** POST1 NODAL DEGREE OF FREEDOM LISTING *****                            
 
  LOAD STEP=     1  SUBSTEP=     1                                             
   TIME=    1.0000      LOAD CASE=   0                                         
 
    NODE       VOLT  
    6553  -321.50     
    6554  -319.40     
    6555  -326.41     
    6556  -324.29     
    6557  -345.40     
    6558  -338.34     
    6559  -355.44     
    6560  -350.83     
    6561  -307.06     
    6562  -324.92     
    6563  -316.47     
    6564  -326.27     
    6565  -315.24     
    6566  -306.59     
    6567  -306.52     
    6568  -346.10     
    6569  -349.31     
    6570  -336.89     
    6571  -359.24     
    6572  -333.37     
    6573  -375.40     
    6574  -359.10     
    6575  -371.86     
    6576  -379.71     
    6577  -363.37     
    6578  -365.11     
    6579  -360.81     
    6580  -377.46     
    6581  -366.32     
    6582  -373.10     
    6583  -382.05     
    6584  -383.35     
    6585  -388.07     
    6586  -394.26     
    6587  -382.30     
    6588  -388.07     
    6589  -394.25     
    6590  -387.81     
    6591  -372.71     
 
  ***** POST1 NODAL DEGREE OF FREEDOM LISTING *****                            
 
  LOAD STEP=     1  SUBSTEP=     1                                             
   TIME=    1.0000      LOAD CASE=   0                                         
 
    NODE       VOLT  
    6592  -394.23     
    6593  -371.14     
    6594  -359.95     
    6595  -371.98     
    6596  -381.66     
    6597  -363.08     
    6598  -363.29     
    6599  -364.60     
    6600  -326.76     
    6601  -321.09     
    6602  -320.24     
    6603  -312.98     
    6604  -321.90     
    6605  -316.54     
    6606  -314.77     
    6607  -329.85     
    6608  -333.30     
    6609  -329.53     
    6610  -329.54     
    6611  -333.44     
    6612  -336.46     
    6613  -330.93     
    6614  -334.39     
    6615  -326.74     
    6616  -360.20     
    6617  -367.05     
    6618  -363.87     
    6619  -368.31     
    6620  -364.25     
    6621  -360.73     
    6622  -365.87     
    6623  -369.07     
    6624  -361.96     
    6625  -362.11     
    6626  -355.57     
    6627  -368.67     
    6628  -364.60     
    6629  -324.19     
    6630  -317.48     
 
  ***** POST1 NODAL DEGREE OF FREEDOM LISTING *****                            
 
  LOAD STEP=     1  SUBSTEP=     1                                             
   TIME=    1.0000      LOAD CASE=   0                                         
 
    NODE       VOLT  
    6631  -305.86     
    6632  -306.87     
    6633  -360.59     
    6634  -363.55     
    6635  -366.69     
    6636  -325.89     
    6637  -336.58     
    6638  -311.99     
    6639  -306.13     
    6640  -305.87     
    6641  -305.87     
    6642  -313.73     
    6643  -307.02     
    6644  -307.82     
    6645  -381.09     
    6646  -386.55     
    6647  -375.33     
    6648  -393.17     
    6649  -388.38     
    6650  -393.16     
    6651  -388.36     
    6652  -386.04     
    6653  -386.29     
    6654  -393.17     
    6655  -393.17     
    6656  -389.65     
    6657  -393.33     
    6658  -385.80     
    6659  -366.93     
    6660  -366.90     
    6661  -370.81     
    6662  -374.22     
    6663  -378.44     
    6664  -378.44     
    6665  -306.16     
    6666  -378.05     
    6667  -371.45     
    6668  -371.83     
    6669  -387.06     
 
  ***** POST1 NODAL DEGREE OF FREEDOM LISTING *****                            
 
  LOAD STEP=     1  SUBSTEP=     1                                             
   TIME=    1.0000      LOAD CASE=   0                                         
 
    NODE       VOLT  
    6670  -394.26     
    6671  -383.75     
    6672  -381.79     
    6673  -392.40     
    6674  -387.56     
    6675  -385.14     
    6676  -387.16     
    6677  -379.79     
    6678  -380.06     
    6679  -377.37     
    6680  -374.07     
    6681  -377.20     
    6682  -373.18     
    6683  -340.54     
    6684  -327.68     
    6685  -314.14     
    6686  -305.47     
    6687  -305.27     
    6688  -305.27     
    6689  -305.47     
    6690  -346.21     
    6691  -344.25     
    6692  -345.72     
    6693  -337.05     
    6694  -346.76     
    6695  -353.78     
    6696  -348.00     
    6697  -337.99     
    6698  -339.27     
    6699  -333.25     
    6700  -393.08     
    6701  -392.98     
    6702  -387.55     
    6703  -394.44     
    6704  -321.81     
    6705  -317.49     
    6706  -392.55     
    6707  -392.39     
    6708  -392.40     
 
  ***** POST1 NODAL DEGREE OF FREEDOM LISTING *****                            
 
  LOAD STEP=     1  SUBSTEP=     1                                             
   TIME=    1.0000      LOAD CASE=   0                                         
 
    NODE       VOLT  
    6709  -388.01     
    6710  -392.94     
    6711  -395.07     
    6712  -386.02     
    6713  -393.07     
    6714  -373.99     
    6715  -389.10     
    6716  -382.18     
    6717  -394.47     
    6718  -391.05     
    6719  -385.57     
    6720  -390.97     
    6721  -392.90     
    6722  -387.45     
    6723  -384.07     
    6724  -392.79     
    6725  -396.31     
    6726  -307.00     
    6727  -307.01     
    6728  -321.98     
    6729  -384.97     
    6730  -376.88     
    6731  -385.08     
    6732  -391.95     
    6733  -391.99     
    6734  -384.19     
    6735  -392.17     
    6736  -386.45     
    6737  -391.95     
    6738  -394.47     
    6739  -375.21     
    6740  -375.33     
    6741  -366.61     
    6742  -377.72     
    6743  -384.10     
    6744  -380.38     
    6745  -371.66     
    6746  -379.55     
    6747  -309.28     
 
  ***** POST1 NODAL DEGREE OF FREEDOM LISTING *****                            
 
  LOAD STEP=     1  SUBSTEP=     1                                             
   TIME=    1.0000      LOAD CASE=   0                                         
 
    NODE       VOLT  
    6748  -312.05     
    6749  -309.32     
    6750  -318.25     
    6751  -321.29     
    6752  -316.01     
    6753  -319.77     
    6754  -307.63     
    6755  -315.08     
    6756  -310.64     
    6757  -309.55     
    6758  -317.67     
    6759  -323.41     
    6760  -318.59     
    6761  -320.10     
    6762  -325.37     
    6763  -319.50     
    6764  -313.76     
    6765  -319.10     
    6766  -376.49     
    6767  -313.54     
    6768  -318.85     
    6769  -353.28     
    6770  -384.37     
    6771  -384.49     
    6772  -359.53     
    6773  -359.70     
    6774  -354.54     
    6775  -354.66     
    6776  -369.08     
    6777  -371.87     
    6778  -394.34     
    6779  -394.03     
    6780  -394.02     
    6781  -353.02     
    6782  -305.57     
    6783  -306.14     
    6784  -389.96     
    6785  -395.92     
    6786  -389.60     
 
  ***** POST1 NODAL DEGREE OF FREEDOM LISTING *****                            
 
  LOAD STEP=     1  SUBSTEP=     1                                             
   TIME=    1.0000      LOAD CASE=   0                                         
 
    NODE       VOLT  
    6787  -395.92     
    6788  -395.93     
    6789  -384.76     
    6790  -389.59     
    6791  -395.92     
    6792  -395.88     
    6793  -391.86     
    6794  -395.93     
    6795  -391.82     
    6796  -395.88     
    6797  -377.16     
    6798  -376.35     
    6799  -372.74     
    6800  -386.24     
    6801  -391.38     
    6802  -375.50     
    6803  -348.85     
    6804  -346.29     
    6805  -348.39     
    6806  -342.52     
    6807  -353.76     
    6808  -361.74     
    6809  -357.71     
    6810  -351.98     
    6811  -345.42     
    6812  -336.74     
    6813  -312.48     
    6814  -315.54     
    6815  -311.07     
    6816  -309.70     
    6817  -311.88     
    6818  -331.15     
    6819  -356.08     
    6820  -352.84     
    6821  -358.95     
    6822  -352.22     
    6823  -368.83     
    6824  -372.00     
    6825  -356.81     
 
  ***** POST1 NODAL DEGREE OF FREEDOM LISTING *****                            
 
  LOAD STEP=     1  SUBSTEP=     1                                             
   TIME=    1.0000      LOAD CASE=   0                                         
 
    NODE       VOLT  
    6826  -348.72     
    6827  -346.48     
    6828  -349.37     
    6829  -314.53     
    6830  -311.69     
    6831  -317.06     
    6832  -314.25     
    6833  -307.33     
    6834  -306.90     
    6835  -310.18     
    6836  -304.78     
    6837  -311.66     
    6838  -305.37     
    6839  -312.24     
    6840  -312.66     
    6841  -321.65     
    6842  -304.77     
    6843  -304.84     
    6844  -315.03     
    6845  -307.90     
    6846  -305.33     
    6847  -304.75     
    6848  -328.23     
    6849  -334.50     
    6850  -337.96     
    6851  -392.12     
    6852  -391.01     
    6853  -390.68     
    6854  -394.28     
    6855  -386.63     
    6856  -394.39     
    6857  -392.09     
    6858  -330.74     
    6859  -325.47     
    6860  -321.27     
    6861  -331.97     
    6862  -337.43     
    6863  -321.14     
    6864  -331.06     
 
  ***** POST1 NODAL DEGREE OF FREEDOM LISTING *****                            
 
  LOAD STEP=     1  SUBSTEP=     1                                             
   TIME=    1.0000      LOAD CASE=   0                                         
 
    NODE       VOLT  
    6865  -317.85     
    6866  -343.33     
    6867  -396.22     
    6868  -336.09     
    6869  -332.32     
    6870  -332.50     
    6871  -311.59     
    6872  -374.50     
    6873  -372.45     
    6874  -368.29     
    6875  -359.86     
    6876  -365.30     
    6877  -360.20     
    6878  -363.26     
    6879  -365.43     
    6880  -362.33     
    6881  -360.32     
    6882  -362.81     
    6883  -389.34     
    6884  -388.04     
    6885  -394.23     
    6886  -362.01     
    6887  -361.09     
    6888  -346.10     
    6889  -352.39     
    6890  -346.57     
    6891  -350.46     
    6892  -337.96     
    6893  -335.47     
    6894  -333.38     
    6895  -340.47     
    6896  -339.96     
    6897  -344.04     
    6898  -333.43     
    6899  -335.98     
    6900  -388.57     
    6901  -384.36     
    6902  -392.06     
    6903  -338.66     
 
  ***** POST1 NODAL DEGREE OF FREEDOM LISTING *****                            
 
  LOAD STEP=     1  SUBSTEP=     1                                             
   TIME=    1.0000      LOAD CASE=   0                                         
 
    NODE       VOLT  
    6904  -393.23     
    6905  -393.25     
    6906  -393.27     
    6907  -396.30     
    6908  -324.57     
    6909  -327.49     
    6910  -331.46     
    6911  -321.76     
    6912  -324.79     
    6913  -330.44     
    6914  -323.83     
    6915  -338.35     
    6916  -340.79     
    6917  -333.60     
    6918  -340.23     
    6919  -336.68     
    6920  -336.36     
    6921  -340.14     
    6922  -336.00     
    6923  -335.24     
    6924  -332.70     
    6925  -392.10     
    6926  -392.01     
    6927  -389.59     
    6928  -385.35     
    6929  -393.60     
    6930  -393.45     
    6931  -392.16     
    6932  -336.42     
    6933  -345.45     
    6934  -341.14     
    6935  -342.05     
    6936  -345.21     
    6937  -340.56     
    6938  -323.80     
    6939  -316.87     
    6940  -356.92     
    6941  -343.07     
    6942  -338.13     
 
  ***** POST1 NODAL DEGREE OF FREEDOM LISTING *****                            
 
  LOAD STEP=     1  SUBSTEP=     1                                             
   TIME=    1.0000      LOAD CASE=   0                                         
 
    NODE       VOLT  
    6943  -339.11     
    6944  -344.91     
    6945  -349.84     
    6946  -354.50     
    6947  -351.76     
    6948  -308.68     
    6949  -306.40     
    6950  -304.62     
    6951  -307.76     
    6952  -304.58     
    6953  -308.76     
    6954  -306.45     
    6955  -306.49     
    6956  -305.57     
    6957  -306.42     
    6958  -305.52     
    6959  -304.70     
    6960  -315.91     
    6961  -319.49     
    6962  -317.11     
    6963  -339.18     
    6964  -346.60     
    6965  -340.47     
    6966  -348.04     
    6967  -393.12     
    6968  -335.73     
    6969  -393.69     
    6970  -393.75     
    6971  -393.19     
    6972  -393.09     
    6973  -396.89     
    6974  -396.83     
    6975  -396.84     
    6976  -384.24     
    6977  -386.13     
    6978  -393.15     
    6979  -392.92     
    6980  -378.48     
    6981  -384.09     
 
  ***** POST1 NODAL DEGREE OF FREEDOM LISTING *****                            
 
  LOAD STEP=     1  SUBSTEP=     1                                             
   TIME=    1.0000      LOAD CASE=   0                                         
 
    NODE       VOLT  
    6982  -393.13     
    6983  -393.08     
    6984  -393.00     
    6985  -393.11     
    6986  -323.43     
    6987  -348.05     
    6988  -343.76     
    6989  -361.65     
    6990  -344.18     
    6991  -310.40     
    6992  -307.79     
    6993  -307.59     
    6994  -393.48     
    6995  -386.63     
    6996  -392.92     
    6997  -325.21     
    6998  -355.05     
    6999  -352.84     
    7000  -357.47     
    7001  -318.41     
    7002  -320.01     
    7003  -315.89     
    7004  -319.96     
    7005  -315.12     
    7006  -324.99     
    7007  -368.15     
    7008  -362.44     
    7009  -326.03     
    7010  -361.28     
    7011  -361.11     
    7012  -326.67     
    7013  -331.31     
    7014  -335.96     
    7015  -373.80     
    7016  -376.21     
    7017  -324.18     
    7018  -385.36     
    7019  -373.42     
    7020  -389.93     
 
  ***** POST1 NODAL DEGREE OF FREEDOM LISTING *****                            
 
  LOAD STEP=     1  SUBSTEP=     1                                             
   TIME=    1.0000      LOAD CASE=   0                                         
 
    NODE       VOLT  
    7021  -352.82     
    7022  -349.98     
    7023  -359.14     
    7024  -356.24     
    7025  -356.30     
    7026  -352.20     
    7027  -342.99     
    7028  -359.13     
    7029  -352.81     
    7030  -309.11     
    7031  -363.77     
    7032  -355.53     
    7033  -356.57     
    7034  -367.07     
    7035  -369.24     
    7036  -388.47     
    7037  -380.74     
    7038  -373.57     
    7039  -374.45     
    7040  -374.54     
    7041  -328.27     
    7042  -318.64     
    7043  -325.48     
    7044  -333.45     
    7045  -330.24     
    7046  -327.62     
    7047  -332.20     
    7048  -320.01     
    7049  -314.37     
    7050  -332.68     
    7051  -320.75     
    7052  -338.50     
    7053  -349.05     
    7054  -350.85     
    7055  -306.82     
    7056  -306.90     
    7057  -392.56     
    7058  -391.66     
    7059  -390.75     
 
  ***** POST1 NODAL DEGREE OF FREEDOM LISTING *****                            
 
  LOAD STEP=     1  SUBSTEP=     1                                             
   TIME=    1.0000      LOAD CASE=   0                                         
 
    NODE       VOLT  
    7060  -395.82     
    7061  -396.74     
    7062  -394.93     
    7063  -395.82     
    7064  -389.78     
    7065  -393.96     
    7066  -389.59     
    7067  -395.83     
    7068  -393.77     
    7069  -350.48     
    7070  -347.07     
    7071  -347.41     
    7072  -354.69     
    7073  -353.65     
    7074  -350.84     
    7075  -331.27     
    7076  -323.67     
    7077  -328.21     
    7078  -334.03     
    7079  -329.81     
    7080  -317.32     
    7081  -357.02     
    7082  -306.79     
    7083  -305.70     
    7084  -313.54     
    7085  -304.73     
    7086  -305.67     
    7087  -393.21     
    7088  -352.72     
    7089  -342.73     
    7090  -393.34     
    7091  -396.10     
    7092  -395.88     
    7093  -395.82     
    7094  -393.96     
    7095  -380.99     
    7096  -396.11     
    7097  -395.88     
    7098  -371.99     
 
  ***** POST1 NODAL DEGREE OF FREEDOM LISTING *****                            
 
  LOAD STEP=     1  SUBSTEP=     1                                             
   TIME=    1.0000      LOAD CASE=   0                                         
 
    NODE       VOLT  
    7099  -372.08     
    7100  -376.95     
    7101  -379.31     
    7102  -366.39     
    7103  -315.12     
    7104  -307.56     
    7105  -307.19     
    7106  -307.29     
    7107  -306.90     
    7108  -306.88     
    7109  -307.03     
    7110  -307.05     
    7111  -313.87     
    7112  -321.26     
    7113  -390.50     
    7114  -359.05     
    7115  -355.32     
    7116  -354.97     
    7117  -362.42     
    7118  -307.69     
    7119  -305.55     
    7120  -306.82     
    7121  -305.25     
    7122  -308.03     
    7123  -309.08     
    7124  -318.71     
    7125  -318.59     
    7126  -323.20     
    7127  -389.14     
    7128  -316.81     
    7129  -313.39     
    7130  -310.15     
    7131  -315.70     
    7132  -308.17     
    7133  -311.56     
    7134  -306.43     
    7135  -306.44     
    7136  -306.45     
    7137  -316.68     
 
  ***** POST1 NODAL DEGREE OF FREEDOM LISTING *****                            
 
  LOAD STEP=     1  SUBSTEP=     1                                             
   TIME=    1.0000      LOAD CASE=   0                                         
 
    NODE       VOLT  
    7138  -362.71     
    7139  -387.73     
    7140  -393.95     
    7141  -391.37     
    7142  -391.23     
    7143  -394.09     
    7144  -385.48     
    7145  -337.98     
    7146  -340.84     
    7147  -337.03     
    7148  -334.17     
    7149  -338.73     
    7150  -396.73     
    7151  -394.92     
    7152  -332.91     
    7153  -338.00     
    7154  -393.07     
    7155  -395.10     
    7156  -313.92     
    7157  -313.99     
    7158  -349.65     
    7159  -341.72     
    7160  -339.54     
    7161  -324.82     
    7162  -330.24     
    7163  -334.33     
    7164  -306.95     
    7165  -306.93     
    7166  -306.84     
    7167  -306.87     
    7168  -358.59     
    7169  -354.26     
    7170  -359.42     
    7171  -393.15     
    7172  -393.14     
    7173  -307.70     
    7174  -361.05     
    7175  -366.22     
    7176  -370.17     
 
  ***** POST1 NODAL DEGREE OF FREEDOM LISTING *****                            
 
  LOAD STEP=     1  SUBSTEP=     1                                             
   TIME=    1.0000      LOAD CASE=   0                                         
 
    NODE       VOLT  
    7177  -305.15     
    7178  -338.58     
    7179  -307.01     
    7180  -307.05     
    7181  -307.03     
    7182  -306.72     
    7183  -306.71     
    7184  -312.06     
    7185  -347.58     
    7186  -346.96     
    7187  -350.50     
    7188  -346.29     
    7189  -353.18     
    7190  -350.28     
    7191  -341.47     
    7192  -350.81     
    7193  -341.77     
    7194  -339.76     
    7195  -334.44     
    7196  -340.50     
    7197  -347.47     
    7198  -343.11     
    7199  -341.71     
    7200  -348.32     
    7201  -352.57     
    7202  -349.47     
    7203  -358.68     
    7204  -345.51     
    7205  -344.53     
    7206  -383.24     
    7207  -374.30     
    7208  -307.63     
    7209  -312.02     
    7210  -358.38     
    7211  -360.21     
    7212  -370.23     
    7213  -317.86     
    7214  -311.58     
    7215  -394.28     
 
  ***** POST1 NODAL DEGREE OF FREEDOM LISTING *****                            
 
  LOAD STEP=     1  SUBSTEP=     1                                             
   TIME=    1.0000      LOAD CASE=   0                                         
 
    NODE       VOLT  
    7216  -386.47     
    7217  -392.20     
    7218  -391.91     
    7219  -391.81     
    7220  -391.18     
    7221  -328.51     
    7222  -332.80     
    7223  -325.46     
    7224  -329.75     
    7225  -320.77     
    7226  -310.54     
    7227  -394.98     
    7228  -319.87     
    7229  -319.07     
    7230  -312.42     
    7231  -308.10     
    7232  -306.07     
    7233  -308.11     
    7234  -348.32     
    7235  -345.02     
    7236  -349.93     
    7237  -310.07     
    7238  -313.15     
    7239  -342.39     
    7240  -337.46     
    7241  -342.53     
    7242  -317.50     
    7243  -320.82     
    7244  -322.71     
    7245  -323.95     
    7246  -306.70     
    7247  -305.47     
    7248  -353.07     
    7249  -350.08     
    7250  -304.79     
    7251  -343.18     
    7252  -342.75     
    7253  -312.36     
    7254  -306.70     
 
  ***** POST1 NODAL DEGREE OF FREEDOM LISTING *****                            
 
  LOAD STEP=     1  SUBSTEP=     1                                             
   TIME=    1.0000      LOAD CASE=   0                                         
 
    NODE       VOLT  
    7255  -341.90     
    7256  -336.95     
    7257  -342.00     
    7258  -356.40     
    7259  -352.14     
    7260  -307.23     
    7261  -307.55     
    7262  -350.41     
    7263  -352.09     
    7264  -350.30     
    7265  -306.77     
    7266  -307.03     
    7267  -305.90     
    7268  -312.78     
    7269  -306.19     
    7270  -305.98     
    7271  -330.11     
    7272  -328.95     
    7273  -328.56     
    7274  -323.62     
    7275  -327.47     
    7276  -339.67     
    7277  -393.22     
    7278  -336.43     
    7279  -341.59     
    7280  -336.62     
    7281  -338.17     
    7282  -330.61     
    7283  -330.41     
    7284  -325.87     
    7285  -328.11     
    7286  -324.12     
    7287  -323.74     
    7288  -351.40     
    7289  -344.35     
    7290  -344.91     
    7291  -344.47     
    7292  -346.05     
    7293  -349.58     
 
  ***** POST1 NODAL DEGREE OF FREEDOM LISTING *****                            
 
  LOAD STEP=     1  SUBSTEP=     1                                             
   TIME=    1.0000      LOAD CASE=   0                                         
 
    NODE       VOLT  
    7294  -342.42     
    7295  -347.14     
    7296  -357.86     
    7297  -365.77     
    7298  -363.90     
    7299  -359.39     
    7300  -356.55     
    7301  -387.57     
    7302  -362.76     
    7303  -367.32     
    7304  -363.43     
    7305  -359.59     
    7306  -363.77     
    7307  -364.60     
    7308  -363.89     
    7309  -362.71     
    7310  -362.87     
    7311  -358.62     
    7312  -385.14     
    7313  -369.86     
    7314  -366.49     
    7315  -368.38     
    7316  -371.68     
    7317  -374.85     
    7318  -353.94     
    7319  -358.78     
    7320  -357.55     
    7321  -350.94     
    7322  -355.76     
    7323  -361.60     
    7324  -360.27     
    7325  -358.87     
    7326  -370.13     
    7327  -366.82     
    7328  -354.67     
    7329  -351.87     
    7330  -359.68     
    7331  -368.00     
    7332  -365.28     
 
  ***** POST1 NODAL DEGREE OF FREEDOM LISTING *****                            
 
  LOAD STEP=     1  SUBSTEP=     1                                             
   TIME=    1.0000      LOAD CASE=   0                                         
 
    NODE       VOLT  
    7333  -361.47     
    7334  -390.85     
    7335  -343.86     
    7336  -376.33     
    7337  -372.45     
    7338  -369.99     
    7339  -364.84     
    7340  -303.13     
    7341  -303.13     
    7342  -303.07     
    7343  -359.93     
    7344  -337.67     
    7345  -324.17     
    7346  -304.96     
    7347  -309.71     
    7348  -396.68     
    7349  -305.44     
    7350  -305.79     
    7351  -378.99     
    7352  -370.24     
    7353  -359.84     
    7354  -378.27     
    7355  -363.35     
    7356  -368.18     
    7357  -358.28     
    7358  -375.30     
    7359  -303.26     
    7360  -303.25     
    7361  -303.28     
    7362  -304.39     
    7363  -303.26     
    7364  -304.36     
    7365  -312.34     
    7366  -306.06     
    7367  -306.32     
    7368  -303.28     
    7369  -306.30     
    7370  -387.05     
    7371  -343.44     
 
  ***** POST1 NODAL DEGREE OF FREEDOM LISTING *****                            
 
  LOAD STEP=     1  SUBSTEP=     1                                             
   TIME=    1.0000      LOAD CASE=   0                                         
 
    NODE       VOLT  
    7372  -360.16     
    7373  -306.14     
    7374  -350.56     
    7375  -374.51     
    7376  -379.56     
    7377  -379.75     
    7378  -381.72     
    7379  -381.73     
    7380  -387.19     
    7381  -394.22     
    7382  -323.52     
    7383  -341.89     
    7384  -338.32     
    7385  -339.15     
    7386  -336.72     
    7387  -354.19     
    7388  -320.87     
    7389  -324.10     
    7390  -329.98     
    7391  -379.57     
    7392  -386.76     
    7393  -390.03     
    7394  -370.61     
    7395  -374.06     
    7396  -309.13     
    7397  -387.72     
    7398  -378.42     
    7399  -392.20     
    7400  -390.01     
    7401  -358.12     
    7402  -366.79     
    7403  -367.40     
    7404  -393.04     
    7405  -370.67     
    7406  -394.02     
    7407  -370.22     
    7408  -373.00     
    7409  -368.11     
    7410  -341.62     
 
  ***** POST1 NODAL DEGREE OF FREEDOM LISTING *****                            
 
  LOAD STEP=     1  SUBSTEP=     1                                             
   TIME=    1.0000      LOAD CASE=   0                                         
 
    NODE       VOLT  
    7411  -346.14     
    7412  -343.06     
    7413  -337.18     
    7414  -373.84     
    7415  -384.48     
    7416  -395.03     
    7417  -385.92     
    7418  -393.10     
    7419  -393.06     
    7420  -358.29     
    7421  -358.23     
    7422  -341.27     
    7423  -334.23     
    7424  -381.58     
    7425  -353.46     
    7426  -355.00     
    7427  -382.59     
    7428  -387.35     
    7429  -380.71     
    7430  -385.91     
    7431  -378.45     
    7432  -378.55     
    7433  -344.86     
    7434  -350.29     
    7435  -360.57     
    7436  -390.03     
    7437  -306.77     
    7438  -352.19     
    7439  -349.99     
    7440  -356.21     
    7441  -354.04     
    7442  -345.96     
    7443  -356.90     
    7444  -368.06     
    7445  -361.53     
    7446  -358.47     
    7447  -356.44     
    7448  -348.07     
    7449  -352.36     
 
  ***** POST1 NODAL DEGREE OF FREEDOM LISTING *****                            
 
  LOAD STEP=     1  SUBSTEP=     1                                             
   TIME=    1.0000      LOAD CASE=   0                                         
 
    NODE       VOLT  
    7450  -330.57     
    7451  -396.73     
    7452  -394.17     
    7453  -394.15     
    7454  -394.16     
    7455  -394.92     
    7456  -392.54     
    7457  -396.73     
    7458  -396.74     
    7459  -306.70     
    7460  -306.71     
    7461  -314.22     
    7462  -312.45     
    7463  -393.15     
    7464  -392.96     
    7465  -321.48     
    7466  -335.38     
    7467  -330.08     
    7468  -386.02     
    7469  -393.08     
    7470  -374.00     
    7471  -367.82     
    7472  -370.23     
    7473  -387.83     
    7474  -392.90     
    7475  -388.08     
    7476  -394.19     
    7477  -393.82     
    7478  -393.90     
    7479  -395.17     
    7480  -394.92     
    7481  -395.15     
    7482  -393.31     
    7483  -392.76     
    7484  -392.75     
    7485  -379.37     
    7486  -309.71     
    7487  -308.22     
    7488  -309.97     
 
  ***** POST1 NODAL DEGREE OF FREEDOM LISTING *****                            
 
  LOAD STEP=     1  SUBSTEP=     1                                             
   TIME=    1.0000      LOAD CASE=   0                                         
 
    NODE       VOLT  
    7489  -317.16     
    7490  -315.85     
    7491  -385.48     
    7492  -387.32     
    7493  -375.46     
    7494  -304.35     
    7495  -394.80     
    7496  -392.94     
    7497  -393.33     
    7498  -389.65     
    7499  -387.76     
    7500  -385.51     
    7501  -389.62     
    7502  -306.87     
    7503  -395.09     
    7504  -395.07     
    7505  -381.45     
    7506  -387.35     
    7507  -382.11     
    7508  -378.97     
    7509  -306.50     
    7510  -306.49     
    7511  -387.69     
    7512  -392.82     
    7513  -393.12     
    7514  -394.52     
    7515  -388.78     
    7516  -383.54     
    7517  -383.04     
    7518  -388.24     
    7519  -326.80     
    7520  -338.90     
    7521  -392.11     
    7522  -330.53     
    7523  -343.39     
    7524  -341.48     
    7525  -379.11     
    7526  -375.38     
    7527  -377.15     
 
  ***** POST1 NODAL DEGREE OF FREEDOM LISTING *****                            
 
  LOAD STEP=     1  SUBSTEP=     1                                             
   TIME=    1.0000      LOAD CASE=   0                                         
 
    NODE       VOLT  
    7528  -376.20     
    7529  -368.35     
    7530  -369.45     
    7531  -370.29     
    7532  -304.35     
    7533  -306.70     
    7534  -392.94     
    7535  -392.97     
    7536  -391.56     
    7537  -318.05     
    7538  -322.44     
    7539  -323.87     
    7540  -380.10     
    7541  -382.05     
    7542  -381.22     
    7543  -308.38     
    7544  -308.44     
    7545  -308.82     
    7546  -308.07     
    7547  -323.31     
    7548  -306.41     
    7549  -313.37     
    7550  -307.50     
    7551  -324.99     
    7552  -328.62     
    7553  -311.75     
    7554  -335.81     
    7555  -359.90     
    7556  -369.80     
    7557  -356.76     
    7558  -370.41     
    7559  -386.40     
    7560  -395.94     
    7561  -389.90     
    7562  -395.94     
    7563  -393.68     
    7564  -395.94     
    7565  -305.87     
    7566  -394.50     
 
  ***** POST1 NODAL DEGREE OF FREEDOM LISTING *****                            
 
  LOAD STEP=     1  SUBSTEP=     1                                             
   TIME=    1.0000      LOAD CASE=   0                                         
 
    NODE       VOLT  
    7567  -394.19     
    7568  -394.46     
    7569  -362.04     
    7570  -386.91     
    7571  -305.37     
    7572  -388.27     
    7573  -343.99     
    7574  -337.50     
    7575  -337.66     
    7576  -337.85     
    7577  -303.27     
    7578  -303.20     
    7579  -303.26     
    7580  -384.32     
    7581  -357.54     
    7582  -363.23     
    7583  -392.98     
    7584  -358.28     
    7585  -333.34     
    7586  -331.21     
    7587  -332.17     
    7588  -340.32     
    7589  -335.53     
    7590  -335.55     
    7591  -349.16     
    7592  -345.27     
    7593  -339.90     
    7594  -331.62     
    7595  -326.05     
    7596  -308.94     
    7597  -307.63     
    7598  -362.78     
    7599  -387.12     
    7600  -316.62     
    7601  -312.84     
    7602  -303.23     
    7603  -307.02     
    7604  -306.88     
    7605  -394.96     
 
  ***** POST1 NODAL DEGREE OF FREEDOM LISTING *****                            
 
  LOAD STEP=     1  SUBSTEP=     1                                             
   TIME=    1.0000      LOAD CASE=   0                                         
 
    NODE       VOLT  
    7606  -367.41     
    7607  -362.05     
    7608  -367.24     
    7609  -379.85     
    7610  -384.07     
    7611  -387.38     
    7612  -321.85     
    7613  -327.91     
    7614  -378.57     
    7615  -382.70     
    7616  -388.70     
    7617  -388.58     
    7618  -373.25     
    7619  -376.81     
    7620  -382.30     
    7621  -376.82     
    7622  -390.63     
    7623  -394.99     
    7624  -391.58     
    7625  -387.23     
    7626  -388.13     
    7627  -354.54     
    7628  -362.91     
    7629  -363.43     
    7630  -364.20     
    7631  -391.76     
    7632  -389.54     
    7633  -385.40     
    7634  -382.94     
    7635  -307.00     
    7636  -358.20     
    7637  -362.28     
    7638  -383.51     
    7639  -388.32     
    7640  -392.90     
    7641  -392.38     
    7642  -392.71     
    7643  -380.36     
    7644  -379.13     
 
  ***** POST1 NODAL DEGREE OF FREEDOM LISTING *****                            
 
  LOAD STEP=     1  SUBSTEP=     1                                             
   TIME=    1.0000      LOAD CASE=   0                                         
 
    NODE       VOLT  
    7645  -348.23     
    7646  -349.50     
    7647  -349.94     
    7648  -351.27     
    7649  -393.79     
    7650  -346.98     
    7651  -306.13     
    7652  -306.02     
    7653  -306.10     
    7654  -318.08     
    7655  -312.83     
    7656  -318.13     
    7657  -374.51     
    7658  -372.41     
    7659  -318.99     
    7660  -313.75     
    7661  -313.71     
    7662  -317.05     
    7663  -311.83     
    7664  -317.34     
    7665  -317.06     
    7666  -333.40     
    7667  -331.90     
    7668  -327.23     
    7669  -331.55     
    7670  -331.60     
    7671  -393.71     
    7672  -372.45     
    7673  -386.46     
    7674  -386.91     
    7675  -380.28     
    7676  -392.92     
    7677  -393.07     
    7678  -313.66     
    7679  -360.99     
    7680  -309.12     
    7681  -305.99     
    7682  -335.88     
    7683  -356.20     
 
  ***** POST1 NODAL DEGREE OF FREEDOM LISTING *****                            
 
  LOAD STEP=     1  SUBSTEP=     1                                             
   TIME=    1.0000      LOAD CASE=   0                                         
 
    NODE       VOLT  
    7684  -350.14     
    7685  -353.88     
    7686  -355.37     
    7687  -345.28     
    7688  -360.25     
    7689  -347.52     
    7690  -375.11     
    7691  -375.15     
    7692  -369.09     
    7693  -369.76     
    7694  -313.36     
    7695  -311.67     
    7696  -319.12     
    7697  -349.97     
    7698  -349.65     
    7699  -345.34     
    7700  -345.82     
    7701  -358.28     
    7702  -348.39     
    7703  -349.96     
    7704  -306.30     
    7705  -306.39     
    7706  -356.41     
    7707  -352.29     
    7708  -356.69     
    7709  -352.02     
    7710  -357.30     
    7711  -349.71     
    7712  -381.77     
    7713  -321.57     
    7714  -373.43     
    7715  -391.60     
    7716  -314.59     
    7717  -393.65     
    7718  -391.75     
    7719  -389.91     
    7720  -386.58     
    7721  -390.23     
    7722  -363.97     
 
  ***** POST1 NODAL DEGREE OF FREEDOM LISTING *****                            
 
  LOAD STEP=     1  SUBSTEP=     1                                             
   TIME=    1.0000      LOAD CASE=   0                                         
 
    NODE       VOLT  
    7723  -381.10     
    7724  -392.86     
    7725  -328.57     
    7726  -322.55     
    7727  -362.20     
    7728  -363.46     
    7729  -368.58     
    7730  -393.26     
    7731  -365.97     
    7732  -370.22     
    7733  -349.70     
    7734  -347.49     
    7735  -352.37     
    7736  -350.03     
    7737  -353.77     
    7738  -351.08     
    7739  -344.54     
    7740  -337.65     
    7741  -356.44     
    7742  -351.80     
    7743  -352.99     
    7744  -381.25     
    7745  -381.18     
    7746  -393.03     
    7747  -381.65     
    7748  -393.34     
    7749  -351.41     
    7750  -360.41     
    7751  -355.09     
    7752  -363.01     
    7753  -395.82     
    7754  -325.35     
    7755  -317.47     
    7756  -374.44     
    7757  -392.96     
    7758  -356.68     
    7759  -312.28     
    7760  -337.10     
    7761  -345.34     
 
  ***** POST1 NODAL DEGREE OF FREEDOM LISTING *****                            
 
  LOAD STEP=     1  SUBSTEP=     1                                             
   TIME=    1.0000      LOAD CASE=   0                                         
 
    NODE       VOLT  
    7762  -308.49     
    7763  -396.74     
    7764  -305.62     
    7765  -319.13     
    7766  -314.04     
    7767  -320.03     
    7768  -303.39     
    7769  -373.33     
    7770  -378.51     
    7771  -368.18     
    7772  -384.75     
    7773  -330.40     
    7774  -372.06     
    7775  -371.58     
    7776  -310.14     
    7777  -355.33     
    7778  -333.60     
    7779  -344.18     
    7780  -348.22     
    7781  -311.58     
    7782  -380.77     
    7783  -387.89     
    7784  -381.95     
    7785  -383.68     
    7786  -393.12     
    7787  -336.00     
    7788  -337.29     
    7789  -305.51     
    7790  -362.21     
    7791  -362.76     
    7792  -353.92     
    7793  -343.52     
    7794  -307.02     
    7795  -306.12     
    7796  -307.67     
    7797  -303.24     
    7798  -352.87     
    7799  -326.49     
    7800  -332.58     
 
  ***** POST1 NODAL DEGREE OF FREEDOM LISTING *****                            
 
  LOAD STEP=     1  SUBSTEP=     1                                             
   TIME=    1.0000      LOAD CASE=   0                                         
 
    NODE       VOLT  
    7801  -331.70     
    7802  -362.77     
    7803  -383.35     
    7804  -382.75     
    7805  -320.00     
    7806  -309.32     
    7807  -349.61     
    7808  -346.44     
    7809  -343.88     
    7810  -307.40     
    7811  -353.92     
    7812  -357.19     
    7813  -394.00     
    7814  -306.72     
    7815  -306.82     
    7816  -306.69     
    7817  -347.25     
    7818  -346.57     
    7819  -345.58     
    7820  -338.31     
    7821  -343.33     
    7822  -321.03     
    7823  -312.96     
    7824  -311.35     
    7825  -346.44     
    7826  -365.89     
    7827  -366.06     
    7828  -358.07     
    7829  -305.67     
    7830  -305.22     
    7831  -334.64     
    7832  -377.21     
    7833  -334.14     
    7834  -322.42     
    7835  -382.72     
    7836  -387.20     
    7837  -389.91     
    7838  -394.66     
    7839  -391.92     
 
  ***** POST1 NODAL DEGREE OF FREEDOM LISTING *****                            
 
  LOAD STEP=     1  SUBSTEP=     1                                             
   TIME=    1.0000      LOAD CASE=   0                                         
 
    NODE       VOLT  
    7840  -329.83     
    7841  -359.94     
    7842  -360.06     
    7843  -356.09     
    7844  -372.54     
    7845  -375.91     
    7846  -394.60     
    7847  -394.87     
    7848  -388.16     
    7849  -380.53     
    7850  -385.88     
    7851  -311.93     
    7852  -311.74     
    7853  -354.62     
    7854  -355.17     
    7855  -350.06     
    7856  -354.26     
    7857  -309.95     
    7858  -349.13     
    7859  -324.26     
    7860  -341.02     
    7861  -374.26     
    7862  -380.09     
    7863  -368.10     
    7864  -369.21     
    7865  -362.27     
    7866  -374.71     
    7867  -366.82     
    7868  -372.73     
    7869  -373.56     
    7870  -367.48     
    7871  -368.25     
    7872  -367.64     
    7873  -362.39     
    7874  -310.56     
    7875  -316.37     
    7876  -316.52     
    7877  -316.51     
    7878  -322.23     
 
  ***** POST1 NODAL DEGREE OF FREEDOM LISTING *****                            
 
  LOAD STEP=     1  SUBSTEP=     1                                             
   TIME=    1.0000      LOAD CASE=   0                                         
 
    NODE       VOLT  
    7879  -305.43     
    7880  -305.19     
    7881  -304.97     
    7882  -305.17     
    7883  -313.14     
    7884  -360.56     
    7885  -380.29     
    7886  -386.28     
    7887  -380.09     
    7888  -378.78     
    7889  -387.48     
    7890  -386.13     
    7891  -389.80     
    7892  -384.90     
    7893  -390.67     
    7894  -322.88     
    7895  -312.98     
    7896  -343.12     
    7897  -327.83     
    7898  -328.07     
    7899  -382.04     
    7900  -386.24     
    7901  -388.25     
    7902  -388.10     
    7903  -387.07     
    7904  -374.93     
    7905  -370.91     
    7906  -378.15     
    7907  -308.51     
    7908  -373.55     
    7909  -309.72     
    7910  -306.60     
    7911  -311.88     
    7912  -306.46     
    7913  -312.84     
    7914  -306.58     
    7915  -314.40     
    7916  -346.00     
    7917  -319.33     
 
  ***** POST1 NODAL DEGREE OF FREEDOM LISTING *****                            
 
  LOAD STEP=     1  SUBSTEP=     1                                             
   TIME=    1.0000      LOAD CASE=   0                                         
 
    NODE       VOLT  
    7918  -319.73     
    7919  -313.26     
    7920  -306.23     
    7921  -318.20     
    7922  -321.77     
    7923  -306.50     
    7924  -322.37     
    7925  -305.94     
    7926  -314.03     
    7927  -316.17     
    7928  -321.77     
    7929  -328.85     
    7930  -305.38     
    7931  -308.19     
    7932  -313.14     
    7933  -350.25     
    7934  -346.27     
    7935  -365.96     
    7936  -393.39     
    7937  -393.53     
    7938  -354.34     
    7939  -362.22     
    7940  -365.82     
    7941  -358.95     
    7942  -365.96     
    7943  -365.86     
    7944  -356.02     
    7945  -374.83     
    7946  -366.34     
    7947  -335.45     
    7948  -370.89     
    7949  -392.11     
    7950  -350.03     
    7951  -393.71     
    7952  -392.23     
    7953  -320.21     
    7954  -320.48     
    7955  -312.39     
    7956  -312.80     
 
  ***** POST1 NODAL DEGREE OF FREEDOM LISTING *****                            
 
  LOAD STEP=     1  SUBSTEP=     1                                             
   TIME=    1.0000      LOAD CASE=   0                                         
 
    NODE       VOLT  
    7957  -313.74     
    7958  -379.54     
    7959  -388.10     
    7960  -390.83     
    7961  -371.00     
    7962  -317.89     
    7963  -312.18     
    7964  -380.02     
    7965  -385.59     
    7966  -381.05     
    7967  -387.65     
    7968  -387.19     
    7969  -391.05     
    7970  -312.41     
    7971  -380.14     
    7972  -373.87     
    7973  -368.72     
    7974  -387.84     
    7975  -353.48     
    7976  -324.11     
    7977  -380.53     
    7978  -382.86     
    7979  -381.62     
    7980  -374.44     
    7981  -373.69     
    7982  -363.22     
    7983  -330.31     
    7984  -330.17     
    7985  -344.82     
    7986  -312.83     
    7987  -306.75     
    7988  -306.84     
    7989  -332.79     
    7990  -353.41     
    7991  -343.76     
    7992  -322.24     
    7993  -388.39     
    7994  -309.47     
    7995  -320.76     
 
  ***** POST1 NODAL DEGREE OF FREEDOM LISTING *****                            
 
  LOAD STEP=     1  SUBSTEP=     1                                             
   TIME=    1.0000      LOAD CASE=   0                                         
 
    NODE       VOLT  
    7996  -365.10     
    7997  -367.44     
    7998  -349.50     
    7999  -384.48     
    8000  -346.51     
    8001  -347.27     
    8002  -339.90     
    8003  -358.41     
    8004  -362.12     
    8005  -327.57     
    8006  -329.42     
    8007  -323.13     
    8008  -318.71     
    8009  -306.72     
    8010  -332.58     
    8011  -345.22     
    8012  -366.79     
    8013  -356.09     
    8014  -346.02     
    8015  -329.73     
    8016  -394.85     
    8017  -381.33     
    8018  -368.58     
    8019  -393.65     
    8020  -340.13     
    8021  -338.17     
    8022  -340.43     
    8023  -336.66     
    8024  -343.99     
    8025  -344.24     
    8026  -347.30     
    8027  -330.91     
    8028  -332.42     
    8029  -308.17     
    8030  -318.08     
    8031  -369.99     
    8032  -332.04     
    8033  -333.33     
    8034  -386.89     
 
  ***** POST1 NODAL DEGREE OF FREEDOM LISTING *****                            
 
  LOAD STEP=     1  SUBSTEP=     1                                             
   TIME=    1.0000      LOAD CASE=   0                                         
 
    NODE       VOLT  
    8035  -306.40     
    8036  -356.04     
    8037  -362.13     
    8038  -350.28     
    8039  -354.31     
    8040  -350.29     
    8041  -386.11     
    8042  -387.27     
    8043  -313.08     
    8044  -385.60     
    8045  -325.89     
    8046  -326.28     
    8047  -344.27     
    8048  -312.75     
    8049  -338.36     
    8050  -358.53     
    8051  -356.29     
    8052  -315.23     
    8053  -368.26     
    8054  -380.73     
    8055  -370.60     
    8056  -372.56     
    8057  -337.76     
    8058  -341.78     
    8059  -346.29     
    8060  -346.29     
    8061  -346.57     
    8062  -353.83     
    8063  -332.58     
    8064  -354.77     
    8065   0.0000     
    8066   0.0000     
    8067   0.0000     
    8068   0.0000     
    8069   0.0000     
    8070   0.0000     
    8071   0.0000     
    8072   0.0000     
    8073   0.0000     
 
  ***** POST1 NODAL DEGREE OF FREEDOM LISTING *****                            
 
  LOAD STEP=     1  SUBSTEP=     1                                             
   TIME=    1.0000      LOAD CASE=   0                                         
 
    NODE       VOLT  
    8074   0.0000     
    8075   0.0000     
    8076   0.0000     
    8077   0.0000     
    8078  -400.00     
    8079  -400.00     
    8080  -400.00     
    8081  -400.00     
    8082  -400.00     
    8083  -400.00     
    8084  -400.00     
    8085  -400.00     
    8086  -400.00     
    8087  -400.00     
    8088  -400.00     
    8089  -400.00     
    8090  -400.00     
    8091  -400.00     
    8092  -400.00     
    8093  -400.00     
    8094  -400.00     
    8095  -400.00     
    8096  -400.00     
    8097  -400.00     
    8098  -400.00     
    8099  -400.00     
    8100  -400.00     
    8101  -400.00     
    8102  -400.00     
    8103  -400.00     
    8104  -400.00     
    8105  -400.00     
    8106  -400.00     
    8107  -400.00     
    8108  -400.00     
    8109  -400.00     
    8110  -400.00     
    8111  -400.00     
    8112  -400.00     
 
  ***** POST1 NODAL DEGREE OF FREEDOM LISTING *****                            
 
  LOAD STEP=     1  SUBSTEP=     1                                             
   TIME=    1.0000      LOAD CASE=   0                                         
 
    NODE       VOLT  
    8113  -400.00     
    8114  -400.00     
    8115  -400.00     
    8116  -400.00     
    8117  -400.00     
    8118  -400.00     
    8119  -400.00     
    8120  -400.00     
    8121  -400.00     
    8122  -400.00     
    8123  -400.00     
    8124  -400.00     
    8125  -400.00     
    8126  -400.00     
    8127  -400.00     
    8128  -400.00     
    8129  -400.00     
    8130  -400.00     
    8131  -400.00     
    8132  -400.00     
    8133  -400.00     
    8134  -400.00     
    8135  -400.00     
    8136  -400.00     
    8137  -400.00     
    8138  -400.00     
    8139  -400.00     
    8140  -400.00     
    8141  -400.00     
    8142  -400.00     
    8143  -400.00     
    8144  -400.00     
    8145  -400.00     
    8146  -400.00     
    8147  -400.00     
    8148  -400.00     
    8149  -400.00     
    8150  -400.00     
    8151  -400.00     
 
  ***** POST1 NODAL DEGREE OF FREEDOM LISTING *****                            
 
  LOAD STEP=     1  SUBSTEP=     1                                             
   TIME=    1.0000      LOAD CASE=   0                                         
 
    NODE       VOLT  
    8152  -400.00     
    8153  -400.00     
    8154  -400.00     
    8155  -400.00     
    8156  -400.00     
    8157  -400.00     
    8158  -400.00     
    8159  -400.00     
    8160  -400.00     
    8161  -400.00     
    8162  -400.00     
    8163  -400.00     
    8164  -400.00     
    8165  -400.00     
    8166  -400.00     
    8167  -400.00     
    8168  -400.00     
    8169  -400.00     
    8170  -400.00     
    8171  -400.00     
    8172  -400.00     
    8173  -400.00     
    8174  -400.00     
    8175  -400.00     
    8176  -400.00     
    8177  -400.00     
    8178  -400.00     
    8179  -400.00     
    8180  -400.00     
    8181  -400.00     
    8182  -400.00     
    8183  -400.00     
    8184  -400.00     
    8185  -400.00     
    8186  -400.00     
    8187  -400.00     
    8188  -400.00     
    8189  -400.00     
    8190  -400.00     
 
  ***** POST1 NODAL DEGREE OF FREEDOM LISTING *****                            
 
  LOAD STEP=     1  SUBSTEP=     1                                             
   TIME=    1.0000      LOAD CASE=   0                                         
 
    NODE       VOLT  
    8191  -400.00     
    8192  -400.00     
    8193  -400.00     
    8194  -400.00     
    8195  -400.00     
    8196  -400.00     
    8197  -400.00     
    8198  -400.00     
    8199  -400.00     
    8200  -400.00     
    8201  -400.00     
    8202  -400.00     
    8203  -400.00     
    8204  -400.00     
    8205  -400.00     
    8206  -400.00     
    8207  -400.00     
    8208  -400.00     
    8209  -400.00     
    8210  -400.00     
    8211  -400.00     
    8212  -400.00     
    8213  -400.00     
    8214  -400.00     
    8215  -400.00     
    8216  -400.00     
    8217  -400.00     
    8218  -400.00     
    8219  -400.00     
    8220  -400.00     
    8221  -400.00     
    8222  -400.00     
    8223  -400.00     
    8224  -400.00     
    8225  -400.00     
    8226  -400.00     
    8227  -400.00     
    8228  -400.00     
    8229  -400.00     
 
  ***** POST1 NODAL DEGREE OF FREEDOM LISTING *****                            
 
  LOAD STEP=     1  SUBSTEP=     1                                             
   TIME=    1.0000      LOAD CASE=   0                                         
 
    NODE       VOLT  
    8230  -400.00     
    8231  -400.00     
    8232  -400.00     
    8233  -400.00     
    8234  -400.00     
    8235  -400.00     
    8236  -400.00     
    8237  -400.00     
    8238  -400.00     
    8239  -400.00     
    8240  -400.00     
    8241  -400.00     
    8242  -400.00     
    8243  -400.00     
    8244  -400.00     
    8245  -400.00     
    8246  -400.00     
    8247  -400.00     
    8248  -400.00     
    8249  -400.00     
    8250  -400.00     
    8251  -400.00     
    8252  -400.00     
    8253  -400.00     
    8254  -400.00     
    8255  -400.00     
    8256  -400.00     
    8257  -400.00     
    8258  -400.00     
    8259  -400.00     
    8260  -400.00     
    8261  -400.00     
    8262  -400.00     
    8263  -400.00     
    8264  -400.00     
    8265  -400.00     
    8266  -400.00     
    8267  -400.00     
    8268  -400.00     
 
  ***** POST1 NODAL DEGREE OF FREEDOM LISTING *****                            
 
  LOAD STEP=     1  SUBSTEP=     1                                             
   TIME=    1.0000      LOAD CASE=   0                                         
 
    NODE       VOLT  
    8269  -400.00     
    8270  -400.00     
    8271  -400.00     
    8272  -400.00     
    8273  -400.00     
    8274  -400.00     
    8275  -400.00     
    8276  -400.00     
    8277  -400.00     
    8278  -400.00     
    8279  -400.00     
    8280  -400.00     
    8281  -400.00     
    8282  -400.00     
    8283  -400.00     
    8284  -400.00     
    8285  -400.00     
    8286  -400.00     
    8287  -400.00     
    8288  -400.00     
    8289  -400.00     
    8290  -400.00     
    8291  -400.00     
    8292  -400.00     
    8293  -400.00     
    8294  -400.00     
    8295  -400.00     
    8296  -400.00     
    8297  -400.00     
    8298  -400.00     
    8299  -400.00     
    8300  -400.00     
    8301  -400.00     
    8302  -400.00     
    8303  -400.00     
    8304  -400.00     
    8305  -400.00     
    8306  -400.00     
    8307  -400.00     
 
  ***** POST1 NODAL DEGREE OF FREEDOM LISTING *****                            
 
  LOAD STEP=     1  SUBSTEP=     1                                             
   TIME=    1.0000      LOAD CASE=   0                                         
 
    NODE       VOLT  
    8308  -400.00     
    8309  -400.00     
    8310  -400.00     
    8311  -400.00     
    8312  -400.00     
    8313  -400.00     
    8314  -400.00     
    8315  -400.00     
    8316  -400.00     
    8317  -400.00     
    8318  -400.00     
    8319  -400.00     
    8320  -400.00     
    8321  -400.00     
    8322  -400.00     
    8323  -400.00     
    8324  -400.00     
    8325  -400.00     
    8326  -400.00     
    8327  -400.00     
    8328  -400.00     
    8329  -400.00     
    8330  -400.00     
    8331  -400.00     
    8332  -400.00     
    8333  -400.00     
    8334  -400.00     
    8335  -400.00     
    8336  -400.00     
    8337  -400.00     
    8338  -400.00     
    8339  -400.00     
    8340  -400.00     
    8341  -400.00     
    8342  -400.00     
    8343  -400.00     
    8344  -400.00     
    8345  -400.00     
    8346  -400.00     
 
  ***** POST1 NODAL DEGREE OF FREEDOM LISTING *****                            
 
  LOAD STEP=     1  SUBSTEP=     1                                             
   TIME=    1.0000      LOAD CASE=   0                                         
 
    NODE       VOLT  
    8347  -400.00     
    8348  -400.00     
    8349  -400.00     
    8350  -400.00     
    8351  -400.00     
    8352  -400.00     
    8353  -400.00     
    8354  -400.00     
    8355  -400.00     
    8356  -400.00     
    8357  -400.00     
    8358  -400.00     
    8359  -400.00     
    8360  -400.00     
    8361  -400.00     
    8362  -400.00     
    8363  -400.00     
    8364  -400.00     
    8365  -400.00     
    8366  -400.00     
    8367  -400.00     
    8368  -400.00     
    8369  -400.00     
    8370  -400.00     
    8371  -400.00     
    8372  -400.00     
    8373  -400.00     
    8374  -400.00     
    8375  -400.00     
    8376  -400.00     
    8377  -400.00     
    8378  -400.00     
    8379  -400.00     
    8380  -400.00     
    8381  -400.00     
    8382  -400.00     
    8383  -400.00     
    8384  -400.00     
    8385  -400.00     
 
  ***** POST1 NODAL DEGREE OF FREEDOM LISTING *****                            
 
  LOAD STEP=     1  SUBSTEP=     1                                             
   TIME=    1.0000      LOAD CASE=   0                                         
 
    NODE       VOLT  
    8386  -400.00     
    8387  -400.00     
    8388  -400.00     
    8389  -400.00     
    8390  -400.00     
    8391  -400.00     
    8392  -400.00     
    8393  -400.00     
    8394  -400.00     
    8395  -400.00     
    8396  -400.00     
    8397  -400.00     
    8398  -400.00     
    8399  -400.00     
    8400  -400.00     
    8401  -400.00     
    8402  -400.00     
    8403  -400.00     
    8404  -400.00     
    8405  -400.00     
    8406  -400.00     
    8407  -400.00     
    8408  -400.00     
    8409  -400.00     
    8410  -400.00     
    8411  -400.00     
    8412  -400.00     
    8413  -400.00     
    8414  -400.00     
    8415  -400.00     
    8416  -400.00     
    8417  -400.00     
    8418  -400.00     
    8419  -400.00     
    8420  -400.00     
    8421  -400.00     
    8422  -400.00     
    8423  -400.00     
    8424  -400.00     
 
  ***** POST1 NODAL DEGREE OF FREEDOM LISTING *****                            
 
  LOAD STEP=     1  SUBSTEP=     1                                             
   TIME=    1.0000      LOAD CASE=   0                                         
 
    NODE       VOLT  
    8425  -400.00     
    8426  -400.00     
    8427  -400.00     
    8428  -400.00     
    8429  -400.00     
    8430  -400.00     
    8431  -400.00     
    8432  -400.00     
    8433  -400.00     
    8434  -400.00     
    8435  -400.00     
    8436  -400.00     
    8437  -400.00     
    8438  -400.00     
    8439  -400.00     
    8440  -400.00     
    8441  -400.00     
    8442  -400.00     
    8443  -400.00     
    8444  -400.00     
    8445  -400.00     
    8446  -400.00     
    8447  -400.00     
    8448  -400.00     
    8449  -400.00     
    8450  -400.00     
    8451  -400.00     
    8452  -400.00     
    8453  -400.00     
    8454  -400.00     
    8455  -400.00     
    8456  -400.00     
    8457  -400.00     
    8458  -400.00     
    8459  -400.00     
    8460  -400.00     
    8461  -400.00     
    8462  -400.00     
    8463  -400.00     
 
  ***** POST1 NODAL DEGREE OF FREEDOM LISTING *****                            
 
  LOAD STEP=     1  SUBSTEP=     1                                             
   TIME=    1.0000      LOAD CASE=   0                                         
 
    NODE       VOLT  
    8464  -400.00     
    8465  -400.00     
    8466  -400.00     
    8467  -400.00     
    8468  -400.00     
    8469  -400.00     
    8470  -400.00     
    8471  -400.00     
    8472  -400.00     
    8473  -400.00     
    8474  -400.00     
    8475  -400.00     
    8476  -400.00     
    8477  -400.00     
    8478  -400.00     
    8479  -400.00     
    8480  -400.00     
    8481  -400.00     
    8482  -400.00     
    8483  -400.00     
    8484  -400.00     
    8485  -400.00     
    8486  -400.00     
    8487  -400.00     
    8488  -400.00     
    8489  -400.00     
    8490  -400.00     
    8491  -400.00     
    8492  -400.00     
    8493  -400.00     
    8494  -400.00     
    8495  -400.00     
    8496  -400.00     
    8497  -400.00     
    8498  -400.00     
    8499  -400.00     
    8500  -400.00     
    8501  -400.00     
    8502  -400.00     
 
  ***** POST1 NODAL DEGREE OF FREEDOM LISTING *****                            
 
  LOAD STEP=     1  SUBSTEP=     1                                             
   TIME=    1.0000      LOAD CASE=   0                                         
 
    NODE       VOLT  
    8503  -400.00     
    8504  -400.00     
    8505  -400.00     
    8506  -400.00     
    8507  -400.00     
    8508  -400.00     
    8509  -400.00     
    8510  -400.00     
    8511  -400.00     
    8512  -400.00     
    8513  -400.00     
    8514  -400.00     
    8515  -400.00     
    8516  -400.00     
    8517  -400.00     
    8518  -400.00     
    8519  -400.00     
    8520  -400.00     
    8521  -400.00     
    8522  -400.00     
    8523  -400.00     
    8524  -400.00     
    8525  -400.00     
    8526  -400.00     
    8527  -400.00     
    8528  -400.00     
    8529  -400.00     
    8530  -400.00     
    8531  -400.00     
    8532  -400.00     
    8533  -400.00     
    8534  -400.00     
    8535  -400.00     
    8536  -400.00     
    8537  -400.00     
    8538  -400.00     
    8539  -400.00     
    8540  -400.00     
    8541  -400.00     
 
  ***** POST1 NODAL DEGREE OF FREEDOM LISTING *****                            
 
  LOAD STEP=     1  SUBSTEP=     1                                             
   TIME=    1.0000      LOAD CASE=   0                                         
 
    NODE       VOLT  
    8542  -400.00     
    8543  -400.00     
    8544  -400.00     
    8545  -400.00     
    8546  -400.00     
    8547  -400.00     
    8548  -400.00     
    8549  -400.00     
    8550  -400.00     
    8551  -400.00     
    8552  -400.00     
    8553  -400.00     
    8554  -400.00     
    8555  -400.00     
    8556  -400.00     
    8557  -400.00     
    8558  -400.00     
    8559  -400.00     
    8560  -400.00     
    8561  -400.00     
    8562  -400.00     
    8563  -400.00     
    8564  -400.00     
    8565  -400.00     
    8566  -400.00     
    8567  -400.00     
    8568  -400.00     
    8569  -400.00     
    8570  -400.00     
    8571  -400.00     
    8572  -400.00     
    8573  -400.00     
    8574  -400.00     
    8575  -400.00     
    8576  -400.00     
    8577  -400.00     
    8578  -400.00     
    8579  -400.00     
    8580  -400.00     
 
  ***** POST1 NODAL DEGREE OF FREEDOM LISTING *****                            
 
  LOAD STEP=     1  SUBSTEP=     1                                             
   TIME=    1.0000      LOAD CASE=   0                                         
 
    NODE       VOLT  
    8581  -400.00     
    8582  -400.00     
    8583  -400.00     
    8584  -400.00     
    8585  -400.00     
    8586  -400.00     
    8587  -400.00     
    8588  -400.00     
    8589  -400.00     
    8590  -400.00     
    8591  -400.00     
    8592  -400.00     
    8593  -400.00     
    8594  -400.00     
    8595  -400.00     
    8596  -400.00     
    8597  -400.00     
    8598  -400.00     
    8599  -400.00     
    8600  -400.00     
    8601  -400.00     
    8602  -400.00     
    8603  -400.00     
    8604  -400.00     
    8605  -400.00     
    8606  -400.00     
    8607  -400.00     
    8608  -400.00     
    8609  -400.00     
    8610  -400.00     
    8611  -400.00     
    8612  -400.00     
    8613  -400.00     
    8614  -400.00     
    8615  -400.00     
    8616  -400.00     
    8617  -400.00     
    8618  -400.00     
    8619  -400.00     
 
  ***** POST1 NODAL DEGREE OF FREEDOM LISTING *****                            
 
  LOAD STEP=     1  SUBSTEP=     1                                             
   TIME=    1.0000      LOAD CASE=   0                                         
 
    NODE       VOLT  
    8620  -400.00     
    8621  -400.00     
    8622  -400.00     
    8623  -400.00     
    8624  -400.00     
    8625  -400.00     
    8626  -400.00     
    8627  -400.00     
    8628  -400.00     
    8629  -400.00     
    8630  -400.00     
    8631  -400.00     
    8632  -400.00     
    8633  -400.00     
    8634  -400.00     
    8635  -400.00     
    8636  -400.00     
    8637  -400.00     
    8638  -400.00     
    8639  -400.00     
    8640  -400.00     
    8641  -400.00     
    8642  -400.00     
    8643  -400.00     
    8644  -400.00     
    8645  -400.00     
    8646  -400.00     
    8647  -400.00     
    8648  -400.00     
    8649  -400.00     
    8650  -400.00     
    8651  -400.00     
    8652  -400.00     
    8653  -400.00     
    8654  -400.00     
    8655  -400.00     
    8656  -400.00     
    8657  -400.00     
    8658  -400.00     
 
  ***** POST1 NODAL DEGREE OF FREEDOM LISTING *****                            
 
  LOAD STEP=     1  SUBSTEP=     1                                             
   TIME=    1.0000      LOAD CASE=   0                                         
 
    NODE       VOLT  
    8659  -300.00     
    8660  -300.00     
    8661  -300.00     
    8662  -300.00     
    8663  -300.00     
    8664  -300.00     
    8665  -300.00     
    8666  -300.00     
    8667  -300.00     
    8668  -300.00     
    8669  -300.00     
    8670  -300.00     
    8671  -300.00     
    8672  -300.00     
    8673  -300.00     
    8674  -300.00     
    8675  -300.00     
    8676  -300.00     
    8677  -300.00     
    8678  -300.00     
    8679  -300.00     
    8680  -300.00     
    8681  -300.00     
    8682  -300.00     
    8683  -300.00     
    8684  -300.00     
    8685  -300.00     
    8686  -300.00     
    8687  -300.00     
    8688  -300.00     
    8689  -300.00     
    8690  -300.00     
    8691  -300.00     
    8692  -300.00     
    8693  -300.00     
    8694  -300.00     
    8695  -300.00     
    8696  -300.00     
    8697  -300.00     
 
  ***** POST1 NODAL DEGREE OF FREEDOM LISTING *****                            
 
  LOAD STEP=     1  SUBSTEP=     1                                             
   TIME=    1.0000      LOAD CASE=   0                                         
 
    NODE       VOLT  
    8698  -300.00     
    8699  -300.00     
    8700  -300.00     
    8701  -300.00     
    8702  -300.00     
    8703  -300.00     
    8704  -300.00     
    8705  -300.00     
    8706  -300.00     
    8707  -300.00     
    8708  -300.00     
    8709  -300.00     
    8710  -300.00     
    8711  -300.00     
    8712  -300.00     
    8713  -300.00     
    8714  -300.00     
    8715  -300.00     
    8716  -300.00     
    8717  -300.00     
    8718  -300.00     
    8719  -300.00     
    8720  -300.00     
    8721  -300.00     
    8722  -300.00     
    8723  -300.00     
    8724  -300.00     
    8725  -300.00     
    8726  -300.00     
    8727  -300.00     
    8728  -300.00     
    8729  -300.00     
    8730  -300.00     
    8731  -300.00     
    8732  -300.00     
    8733  -300.00     
    8734  -300.00     
    8735  -300.00     
    8736  -300.00     
 
  ***** POST1 NODAL DEGREE OF FREEDOM LISTING *****                            
 
  LOAD STEP=     1  SUBSTEP=     1                                             
   TIME=    1.0000      LOAD CASE=   0                                         
 
    NODE       VOLT  
    8737  -300.00     
    8738  -300.00     
    8739  -300.00     
    8740  -300.00     
    8741  -300.00     
    8742  -300.00     
    8743  -300.00     
    8744  -300.00     
    8745  -300.00     
    8746  -300.00     
    8747  -300.00     
    8748  -300.00     
    8749  -300.00     
    8750  -300.00     
    8751  -300.00     
    8752  -300.00     
    8753  -300.00     
    8754  -300.00     
    8755  -300.00     
    8756  -300.00     
    8757  -300.00     
    8758  -300.00     
    8759  -300.00     
    8760  -300.00     
    8761  -300.00     
    8762  -300.00     
    8763  -300.00     
    8764  -300.00     
    8765  -300.00     
    8766  -300.00     
    8767  -300.00     
    8768  -300.00     
    8769  -300.00     
    8770  -300.00     
    8771  -300.00     
    8772  -300.00     
    8773  -300.00     
    8774  -300.00     
    8775  -300.00     
 
  ***** POST1 NODAL DEGREE OF FREEDOM LISTING *****                            
 
  LOAD STEP=     1  SUBSTEP=     1                                             
   TIME=    1.0000      LOAD CASE=   0                                         
 
    NODE       VOLT  
    8776  -300.00     
    8777  -300.00     
    8778  -300.00     
    8779  -300.00     
    8780  -300.00     
    8781  -300.00     
    8782  -300.00     
    8783  -300.00     
    8784  -300.00     
    8785  -300.00     
    8786  -300.00     
    8787  -300.00     
    8788  -300.00     
    8789  -300.00     
    8790  -300.00     
    8791  -300.00     
    8792  -300.00     
    8793  -300.00     
    8794  -300.00     
    8795  -300.00     
    8796  -300.00     
    8797  -300.00     
    8798  -300.00     
    8799  -300.00     
    8800  -300.00     
    8801  -300.00     
    8802  -300.00     
    8803  -300.00     
    8804  -300.00     
    8805  -300.00     
    8806  -300.00     
    8807  -300.00     
    8808  -300.00     
    8809  -300.00     
    8810  -300.00     
    8811  -300.00     
    8812  -300.00     
    8813  -300.00     
    8814  -300.00     
 
  ***** POST1 NODAL DEGREE OF FREEDOM LISTING *****                            
 
  LOAD STEP=     1  SUBSTEP=     1                                             
   TIME=    1.0000      LOAD CASE=   0                                         
 
    NODE       VOLT  
    8815  -300.00     
    8816  -300.00     
    8817  -300.00     
    8818  -300.00     
    8819  -300.00     
    8820  -300.00     
    8821  -300.00     
    8822  -300.00     
    8823  -300.00     
    8824  -300.00     
    8825  -300.00     
    8826  -300.00     
    8827  -300.00     
    8828  -300.00     
    8829  -300.00     
    8830  -300.00     
    8831  -300.00     
    8832  -300.00     
    8833  -300.00     
    8834  -300.00     
    8835  -300.00     
    8836  -300.00     
    8837  -300.00     
    8838  -300.00     
    8839  -300.00     
    8840  -300.00     
    8841  -300.00     
    8842  -300.00     
    8843  -300.00     
    8844  -300.00     
    8845  -300.00     
    8846  -300.00     
    8847  -300.00     
    8848  -300.00     
    8849  -300.00     
    8850  -300.00     
    8851  -300.00     
    8852  -300.00     
    8853  -300.00     
 
  ***** POST1 NODAL DEGREE OF FREEDOM LISTING *****                            
 
  LOAD STEP=     1  SUBSTEP=     1                                             
   TIME=    1.0000      LOAD CASE=   0                                         
 
    NODE       VOLT  
    8854  -300.00     
    8855  -300.00     
    8856  -300.00     
    8857  -300.00     
    8858  -300.00     
    8859  -300.00     
    8860  -300.00     
    8861  -300.00     
    8862  -300.00     
    8863  -300.00     
    8864  -300.00     
    8865  -300.00     
    8866  -300.00     
    8867  -300.00     
    8868  -300.00     
    8869  -300.00     
    8870  -300.00     
    8871  -300.00     
    8872  -300.00     
    8873  -300.00     
    8874  -300.00     
    8875  -300.00     
    8876  -300.00     
    8877  -300.00     
    8878  -300.00     
    8879  -300.00     
    8880  -300.00     
    8881  -300.00     
    8882  -300.00     
    8883  -300.00     
    8884  -300.00     
    8885  -300.00     
    8886  -300.00     
    8887  -300.00     
    8888  -300.00     
    8889  -300.00     
    8890  -300.00     
    8891  -300.00     
    8892  -300.00     
 
  ***** POST1 NODAL DEGREE OF FREEDOM LISTING *****                            
 
  LOAD STEP=     1  SUBSTEP=     1                                             
   TIME=    1.0000      LOAD CASE=   0                                         
 
    NODE       VOLT  
    8893  -300.00     
    8894  -300.00     
    8895  -300.00     
    8896  -300.00     
    8897  -300.00     
    8898  -300.00     
    8899  -300.00     
    8900  -300.00     
    8901  -300.00     
    8902  -300.00     
    8903  -300.00     
    8904  -300.00     
    8905  -300.00     
    8906  -300.00     
    8907  -300.00     
    8908  -300.00     
    8909  -300.00     
    8910  -300.00     
    8911  -300.00     
    8912  -300.00     
    8913  -300.00     
    8914  -300.00     
    8915  -300.00     
    8916  -300.00     
    8917  -300.00     
    8918  -300.00     
    8919  -300.00     
    8920  -300.00     
    8921  -300.00     
    8922  -300.00     
    8923  -300.00     
    8924  -300.00     
    8925  -300.00     
    8926  -300.00     
    8927  -300.00     
    8928  -300.00     
    8929  -300.00     
    8930  -300.00     
    8931  -300.00     
 
  ***** POST1 NODAL DEGREE OF FREEDOM LISTING *****                            
 
  LOAD STEP=     1  SUBSTEP=     1                                             
   TIME=    1.0000      LOAD CASE=   0                                         
 
    NODE       VOLT  
    8932  -300.00     
    8933  -300.00     
    8934  -300.00     
    8935  -300.00     
    8936  -300.00     
    8937  -300.00     
    8938  -300.00     
    8939  -300.00     
    8940  -300.00     
    8941  -300.00     
    8942  -300.00     
    8943  -300.00     
    8944  -300.00     
    8945  -300.00     
    8946  -300.00     
    8947  -300.00     
    8948  -300.00     
    8949  -300.00     
    8950  -300.00     
    8951  -300.00     
    8952  -300.00     
    8953  -300.00     
    8954  -300.00     
    8955  -300.00     
    8956  -300.00     
    8957  -300.00     
    8958  -300.00     
    8959  -300.00     
    8960  -300.00     
    8961  -300.00     
    8962  -300.00     
    8963  -300.00     
    8964  -300.00     
    8965  -300.00     
    8966  -300.00     
    8967  -300.00     
    8968  -300.00     
    8969  -300.00     
    8970  -300.00     
 
  ***** POST1 NODAL DEGREE OF FREEDOM LISTING *****                            
 
  LOAD STEP=     1  SUBSTEP=     1                                             
   TIME=    1.0000      LOAD CASE=   0                                         
 
    NODE       VOLT  
    8971  -300.00     
    8972  -300.00     
    8973  -300.00     
    8974  -300.00     
    8975  -300.00     
    8976  -300.00     
    8977  -300.00     
    8978  -300.00     
    8979  -300.00     
    8980  -300.00     
    8981  -300.00     
    8982  -300.00     
    8983  -300.00     
    8984  -300.00     
    8985  -300.00     
    8986  -300.00     
    8987  -300.00     
    8988  -300.00     
    8989  -300.00     
    8990  -300.00     
    8991  -300.00     
    8992  -300.00     
    8993  -300.00     
    8994  -300.00     
    8995  -300.00     
    8996  -300.00     
    8997  -300.00     
    8998  -300.00     
    8999  -300.00     
    9000  -300.00     
    9001  -300.00     
    9002  -300.00     
    9003  -300.00     
    9004  -300.00     
    9005  -300.00     
    9006  -300.00     
    9007  -300.00     
    9008  -300.00     
    9009  -300.00     
 
  ***** POST1 NODAL DEGREE OF FREEDOM LISTING *****                            
 
  LOAD STEP=     1  SUBSTEP=     1                                             
   TIME=    1.0000      LOAD CASE=   0                                         
 
    NODE       VOLT  
    9010  -300.00     
    9011  -300.00     
    9012  -300.00     
    9013  -300.00     
    9014  -300.00     
    9015  -300.00     
    9016  -300.00     
    9017  -300.00     
    9018  -300.00     
    9019  -300.00     
    9020  -300.00     
    9021  -300.00     
    9022  -300.00     
    9023  -300.00     
    9024  -300.00     
    9025  -300.00     
    9026  -300.00     
    9027  -300.00     
    9028  -300.00     
    9029  -300.00     
    9030  -300.00     
    9031  -300.00     
    9032  -300.00     
    9033  -300.00     
    9034  -300.00     
    9035  -300.00     
    9036  -300.00     
    9037  -300.00     
    9038  -300.00     
    9039  -300.00     
    9040  -300.00     
    9041  -300.00     
    9042  -300.00     
    9043  -300.00     
    9044  -300.00     
    9045  -300.00     
    9046  -300.00     
    9047  -300.00     
    9048  -300.00     
 
  ***** POST1 NODAL DEGREE OF FREEDOM LISTING *****                            
 
  LOAD STEP=     1  SUBSTEP=     1                                             
   TIME=    1.0000      LOAD CASE=   0                                         
 
    NODE       VOLT  
    9049  -300.00     
    9050  -300.00     
    9051  -300.00     
    9052  -300.00     
    9053  -300.00     
    9054  -300.00     
    9055  -300.00     
    9056  -300.00     
    9057  -300.00     
    9058  -300.00     
    9059  -300.00     
    9060  -300.00     
    9061  -300.00     
    9062  -300.00     
    9063  -300.00     
    9064  -300.00     
    9065  -300.00     
    9066  -300.00     
    9067  -300.00     
    9068  -300.00     
    9069  -300.00     
    9070  -300.00     
    9071  -300.00     
    9072  -300.00     
    9073  -300.00     
    9074  -300.00     
    9075  -300.00     
    9076  -300.00     
    9077  -300.00     
    9078  -300.00     
    9079  -300.00     
    9080  -300.00     
    9081  -300.00     
    9082  -300.00     
    9083  -300.00     
    9084  -300.00     
    9085  -300.00     
    9086  -300.00     
    9087  -300.00     
 
  ***** POST1 NODAL DEGREE OF FREEDOM LISTING *****                            
 
  LOAD STEP=     1  SUBSTEP=     1                                             
   TIME=    1.0000      LOAD CASE=   0                                         
 
    NODE       VOLT  
    9088  -300.00     
    9089  -300.00     
    9090  -300.00     
    9091  -300.00     
    9092  -300.00     
    9093  -300.00     
    9094  -300.00     
    9095  -300.00     
    9096  -300.00     
    9097  -300.00     
    9098  -300.00     
    9099  -300.00     
    9100  -300.00     
    9101  -300.00     
    9102  -300.00     
    9103  -300.00     
    9104  -300.00     
    9105  -300.00     
    9106  -300.00     
    9107  -300.00     
    9108  -300.00     
    9109  -300.00     
    9110  -300.00     
    9111  -300.00     
    9112  -300.00     
    9113  -300.00     
    9114  -300.00     
    9115  -300.00     
    9116  -300.00     
    9117  -300.00     
    9118  -300.00     
    9119  -300.00     
    9120  -300.00     
    9121  -300.00     
    9122  -300.00     
    9123  -300.00     
    9124  -300.00     
    9125  -300.00     
    9126  -300.00     
 
  ***** POST1 NODAL DEGREE OF FREEDOM LISTING *****                            
 
  LOAD STEP=     1  SUBSTEP=     1                                             
   TIME=    1.0000      LOAD CASE=   0                                         
 
    NODE       VOLT  
    9127  -300.00     
    9128  -300.00     
    9129  -300.00     
    9130  -300.00     
    9131  -300.00     
    9132  -300.00     
    9133  -300.00     
    9134  -300.00     
    9135  -300.00     
    9136  -300.00     
    9137  -300.00     
    9138  -300.00     
    9139  -300.00     
    9140  -300.00     
    9141  -300.00     
    9142  -300.00     
    9143  -300.00     
    9144  -300.00     
    9145  -300.00     
    9146  -300.00     
    9147  -300.00     
    9148  -300.00     
    9149  -300.00     
    9150  -300.00     
    9151  -300.00     
    9152  -300.00     
    9153  -300.00     
    9154  -300.00     
    9155  -300.00     
    9156  -300.00     
    9157  -300.00     
    9158  -300.00     
    9159  -300.00     
    9160  -300.00     
    9161  -300.00     
    9162  -300.00     
    9163  -300.00     
    9164  -300.00     
    9165  -300.00     
 
  ***** POST1 NODAL DEGREE OF FREEDOM LISTING *****                            
 
  LOAD STEP=     1  SUBSTEP=     1                                             
   TIME=    1.0000      LOAD CASE=   0                                         
 
    NODE       VOLT  
    9166  -300.00     
    9167  -300.00     
    9168  -300.00     
    9169  -300.00     
    9170  -300.00     
    9171  -300.00     
    9172  -300.00     
    9173  -300.00     
    9174  -300.00     
    9175  -300.00     
    9176  -300.00     
    9177  -300.00     
    9178  -300.00     
    9179  -300.00     
    9180  -300.00     
    9181  -300.00     
    9182  -300.00     
    9183  -300.00     
    9184  -300.00     
    9185  -300.00     
    9186  -300.00     
    9187  -300.00     
    9188  -300.00     
    9189  -300.00     
    9190  -300.00     
    9191  -300.00     
    9192  -300.00     
    9193  -300.00     
    9194  -300.00     
    9195  -300.00     
    9196  -300.00     
    9197  -300.00     
    9198  -300.00     
    9199  -300.00     
    9200  -300.00     
    9201  -300.00     
    9202  -300.00     
    9203  -300.00     
    9204  -300.00     
 
  ***** POST1 NODAL DEGREE OF FREEDOM LISTING *****                            
 
  LOAD STEP=     1  SUBSTEP=     1                                             
   TIME=    1.0000      LOAD CASE=   0                                         
 
    NODE       VOLT  
    9205  -300.00     
    9206  -300.00     
    9207  -300.00     
    9208  -300.00     
    9209  -300.00     
    9210  -300.00     
    9211  -300.00     
    9212  -300.00     
    9213  -300.00     
    9214  -300.00     
    9215  -300.00     
    9216  -300.00     
    9217  -300.00     
    9218  -300.00     
    9219  -300.00     
    9220  -300.00     
    9221  -300.00     
    9222  -300.00     
    9223  -300.00     
    9224  -300.00     
    9225  -300.00     
    9226  -300.00     
    9227  -300.00     
    9228  -300.00     
    9229  -300.00     
    9230  -300.00     
    9231  -300.00     
    9232  -300.00     
    9233  -300.00     
    9234  -300.00     
    9235  -300.00     
    9236  -300.00     
    9237  -300.00     
    9238  -300.00     
    9239  -300.00     
    9240  -300.00     
    9241  -300.00     
    9242  -300.00     
    9243  -300.00     
 
  ***** POST1 NODAL DEGREE OF FREEDOM LISTING *****                            
 
  LOAD STEP=     1  SUBSTEP=     1                                             
   TIME=    1.0000      LOAD CASE=   0                                         
 
    NODE       VOLT  
    9244  -300.00     
    9245  -300.00     
    9246  -300.00     
    9247  -300.00     
    9248  -1000.0     
    9249  -1000.0     
    9250  -1000.0     
    9251  -1000.0     
    9252  -1000.0     
    9253  -1000.0     
    9254  -1000.0     
    9255  -1000.0     
    9256  -1000.0     
    9257  -1000.0     
    9258  -1000.0     
    9259  -1000.0     
    9260  -1000.0     
    9261  -309.34     
    9262  -304.57     
    9263  -395.13     
    9264  -400.40     
    9265  -299.13     
    9266  -401.40     
    9267  -342.56     
    9268  -359.51     
    9269  -299.35     
    9270  -299.54     
    9271  -989.34     
    9272  -989.34     
    9273  -996.45     
    9274  -996.45     
    9275  -16.377     
    9276  -5.4589     
    9277  -16.377     
    9278  -5.4589     
    9279  -945.10     
    9280  -955.96     
    9281  -965.90     
    9282  -935.15     
 
  ***** POST1 NODAL DEGREE OF FREEDOM LISTING *****                            
 
  LOAD STEP=     1  SUBSTEP=     1                                             
   TIME=    1.0000      LOAD CASE=   0                                         
 
    NODE       VOLT  
    9283  -925.20     
    9284  -915.26     
    9285  -905.31     
    9286  -895.37     
    9287  -885.42     
    9288  -875.48     
    9289  -865.53     
    9290  -855.59     
    9291  -845.64     
    9292  -835.70     
    9293  -825.75     
    9294  -815.81     
    9295  -805.86     
    9296  -795.92     
    9297  -785.97     
    9298  -776.03     
    9299  -766.08     
    9300  -756.14     
    9301  -746.19     
    9302  -736.24     
    9303  -726.30     
    9304  -716.35     
    9305  -706.41     
    9306  -696.46     
    9307  -686.52     
    9308  -676.57     
    9309  -666.63     
    9310  -656.68     
    9311  -646.74     
    9312  -636.79     
    9313  -626.85     
    9314  -616.90     
    9315  -606.96     
    9316  -597.01     
    9317  -587.07     
    9318  -577.12     
    9319  -567.18     
    9320  -557.23     
    9321  -547.28     
 
  ***** POST1 NODAL DEGREE OF FREEDOM LISTING *****                            
 
  LOAD STEP=     1  SUBSTEP=     1                                             
   TIME=    1.0000      LOAD CASE=   0                                         
 
    NODE       VOLT  
    9322  -537.34     
    9323  -524.63     
    9324  -514.68     
    9325  -504.74     
    9326  -494.79     
    9327  -484.85     
    9328  -202.21     
    9329  -186.93     
    9330  -171.66     
    9331  -156.38     
    9332  -141.09     
    9333  -125.81     
    9334  -110.52     
    9335  -81.463     
    9336  -95.236     
    9337  -52.405     
    9338  -66.178     
    9339  -474.96     
    9340  -465.05     
    9341  -216.96     
    9342  -455.73     
    9343  -232.25     
    9344  -243.56     
    9345  -446.57     
    9346  -975.85     
    9347  -37.120     
    9348  -438.87     
    9349  -985.79     
    9350  -21.836     
    9351  -431.71     
    9352  -426.06     
    9353  -257.36     
    9354  -265.44     
    9355  -420.82     
    9356  -274.62     
    9357  -416.68     
    9358  -415.08     
    9359  -287.99     
    9360  -411.48     
 
  ***** POST1 NODAL DEGREE OF FREEDOM LISTING *****                            
 
  LOAD STEP=     1  SUBSTEP=     1                                             
   TIME=    1.0000      LOAD CASE=   0                                         
 
    NODE       VOLT  
    9361  -408.15     
    9362  -294.75     
    9363  -411.35     
    9364  -280.44     
    9365  -284.62     
    9366  -408.73     
    9367  -300.16     
    9368  -289.93     
    9369  -298.30     
    9370  -398.00     
    9371  -406.61     
    9372  -407.10     
    9373  -294.23     
    9374  -296.97     
    9375  -406.05     
    9376  -402.18     
    9377  -404.28     
    9378  -401.54     
    9379  -403.79     
    9380  -404.36     
    9381  -290.94     
    9382  -393.20     
    9383  -400.40     
    9384  -400.33     
    9385  -337.22     
    9386  -337.23     
    9387  -348.63     
    9388  -355.19     
    9389  -347.61     
    9390  -351.96     
    9391  -365.48     
    9392  -354.30     
    9393  -364.93     
    9394  -323.60     
    9395  -329.70     
    9396  -371.27     
    9397  -376.39     
    9398  -403.12     
    9399  -293.61     
 
  ***** POST1 NODAL DEGREE OF FREEDOM LISTING *****                            
 
  LOAD STEP=     1  SUBSTEP=     1                                             
   TIME=    1.0000      LOAD CASE=   0                                         
 
    NODE       VOLT  
    9400  -295.40     
    9401  -302.14     
    9402  -307.93     
    9403  -313.75     
    9404  -322.86     
    9405  -310.48     
    9406  -317.04     
    9407  -296.94     
    9408  -296.62     
    9409  -296.95     
    9410  -298.93     
    9411  -298.49     
    9412  -299.42     
    9413  -399.56     
    9414  -376.57     
    9415  -384.86     
    9416  -388.72     
    9417  -381.69     
    9418  -385.90     
    9419  -394.15     
    9420  -397.16     
    9421  -397.81     
    9422  -394.34     
    9423  -395.83     
    9424  -402.65     
    9425  -403.22     
    9426  -401.62     
    9427  -322.55     
    9428  -402.13     
    9429  -297.16     
    9430  -377.12     
    9431  -305.71     
    9432  -387.13     
    9433  -391.22     
    9434  -298.31     
    9435  -328.66     
    9436  -333.99     
    9437  -366.29     
    9438  -371.56     
 
  ***** POST1 NODAL DEGREE OF FREEDOM LISTING *****                            
 
  LOAD STEP=     1  SUBSTEP=     1                                             
   TIME=    1.0000      LOAD CASE=   0                                         
 
    NODE       VOLT  
    9439  -301.63     
    9440  -310.53     
    9441  -303.13     
    9442  -307.39     
    9443  -388.55     
    9444  -397.19     
    9445  -392.23     
    9446  -396.33     
    9447  -400.78     
    9448  -400.80     
    9449  -401.33     
    9450  -401.43     
    9451  -400.74     
    9452  -400.33     
    9453  -299.14     
    9454  -299.17     
    9455  -400.36     
    9456  -400.38     
    9457  -399.92     
    9458  -400.34     
    9459  -399.62     
    9460  -400.36     
    9461  -400.25     
    9462  -399.91     
    9463  -400.07     
    9464  -321.16     
    9465  -378.27     
    9466  -299.86     
    9467  -300.58     
    9468  -398.85     
    9469  -399.54     
    9470  -313.32     
    9471  -316.62     
    9472  -382.71     
    9473  -386.07     
    9474  -383.12     
    9475  -315.76     
    9476  -398.81     
    9477  -299.52     
 
  ***** POST1 NODAL DEGREE OF FREEDOM LISTING *****                            
 
  LOAD STEP=     1  SUBSTEP=     1                                             
   TIME=    1.0000      LOAD CASE=   0                                         
 
    NODE       VOLT  
    9478  -400.05     
    9479  -400.62     
    9480  -400.88     
    9481  -400.78     
    9482  -298.28     
    9483  -402.13     
    9484  -393.82     
    9485  -305.51     
    9486  -371.31     
    9487  -329.12     
    9488  -390.19     
    9489  -304.64     
    9490  -404.46     
    9491  -397.57     
    9492  -397.32     
    9493  -381.12     
    9494  -298.78     
    9495  -294.90     
    9496  -317.44     
    9497  -358.63     
    9498  -345.28     
    9499  -402.91     
    9500  -293.59     
    9501  -409.95     
    9502  -10.918     
    9503  -992.90     
    9504  -400.89     
    9505  -401.18     
    9506  -303.24     
    9507  -274.30     
    9508  -340.32     
    9509  -304.38     
    9510  -395.85     
    9511  -400.36     
    9512  -299.40     
    9513  -37.120     
    9514  -401.36     
    9515  -357.41     
    9516  -989.34     
 
  ***** POST1 NODAL DEGREE OF FREEDOM LISTING *****                            
 
  LOAD STEP=     1  SUBSTEP=     1                                             
   TIME=    1.0000      LOAD CASE=   0                                         
 
    NODE       VOLT  
    9517  -989.34     
    9518  -996.45     
    9519  -996.45     
    9520  -16.377     
    9521  -5.4589     
    9522  -16.377     
    9523  -5.4589     
    9524  -965.90     
    9525  -111.52     
    9526  -142.09     
    9527  -126.80     
    9528  -172.65     
    9529  -157.37     
    9530  -466.17     
    9531  -486.03     
    9532  -476.09     
    9533  -505.92     
    9534  -495.98     
    9535  -525.81     
    9536  -515.87     
    9537  -548.20     
    9538  -538.26     
    9539  -568.09     
    9540  -558.15     
    9541  -587.98     
    9542  -578.04     
    9543  -607.87     
    9544  -597.93     
    9545  -627.76     
    9546  -617.82     
    9547  -647.65     
    9548  -637.71     
    9549  -667.54     
    9550  -657.60     
    9551  -687.43     
    9552  -677.49     
    9553  -707.33     
    9554  -697.38     
    9555  -727.22     
 
  ***** POST1 NODAL DEGREE OF FREEDOM LISTING *****                            
 
  LOAD STEP=     1  SUBSTEP=     1                                             
   TIME=    1.0000      LOAD CASE=   0                                         
 
    NODE       VOLT  
    9556  -717.27     
    9557  -747.11     
    9558  -737.16     
    9559  -767.00     
    9560  -757.05     
    9561  -786.89     
    9562  -776.94     
    9563  -806.78     
    9564  -796.83     
    9565  -826.67     
    9566  -816.72     
    9567  -846.56     
    9568  -836.61     
    9569  -866.45     
    9570  -856.50     
    9571  -886.34     
    9572  -876.39     
    9573  -906.23     
    9574  -896.29     
    9575  -916.18     
    9576  -926.12     
    9577  -936.07     
    9578  -955.96     
    9579  -946.01     
    9580  -203.01     
    9581  -187.90     
    9582  -456.22     
    9583  -446.89     
    9584  -82.241     
    9585  -96.233     
    9586  -52.405     
    9587  -66.398     
    9588  -975.85     
    9589  -217.34     
    9590  -437.22     
    9591  -985.79     
    9592  -230.82     
    9593  -21.836     
    9594  -242.13     
 
  ***** POST1 NODAL DEGREE OF FREEDOM LISTING *****                            
 
  LOAD STEP=     1  SUBSTEP=     1                                             
   TIME=    1.0000      LOAD CASE=   0                                         
 
    NODE       VOLT  
    9595  -424.72     
    9596  -429.96     
    9597  -252.77     
    9598  -260.85     
    9599  -413.34     
    9600  -417.13     
    9601  -268.65     
    9602  -275.62     
    9603  -410.56     
    9604  -404.96     
    9605  -286.07     
    9606  -281.49     
    9607  -407.44     
    9608  -410.07     
    9609  -280.05     
    9610  -284.15     
    9611  -405.72     
    9612  -404.17     
    9613  -402.12     
    9614  -396.94     
    9615  -286.19     
    9616  -286.41     
    9617  -291.34     
    9618  -291.78     
    9619  -295.47     
    9620  -294.54     
    9621  -295.39     
    9622  -293.76     
    9623  -405.39     
    9624  -288.83     
    9625  -291.61     
    9626  -293.55     
    9627  -401.81     
    9628  -403.74     
    9629  -402.30     
    9630  -366.61     
    9631  -348.33     
    9632  -354.94     
    9633  -363.49     
 
  ***** POST1 NODAL DEGREE OF FREEDOM LISTING *****                            
 
  LOAD STEP=     1  SUBSTEP=     1                                             
   TIME=    1.0000      LOAD CASE=   0                                         
 
    NODE       VOLT  
    9634  -347.91     
    9635  -352.30     
    9636  -300.78     
    9637  -304.50     
    9638  -303.29     
    9639  -311.44     
    9640  -316.18     
    9641  -320.68     
    9642  -330.53     
    9643  -337.71     
    9644  -345.50     
    9645  -333.61     
    9646  -334.52     
    9647  -374.49     
    9648  -380.25     
    9649  -321.41     
    9650  -327.19     
    9651  -402.92     
    9652  -397.02     
    9653  -398.77     
    9654  -298.24     
    9655  -400.87     
    9656  -378.62     
    9657  -388.96     
    9658  -392.33     
    9659  -383.40     
    9660  -388.47     
    9661  -395.27     
    9662  -296.18     
    9663  -297.68     
    9664  -298.53     
    9665  -299.10     
    9666  -294.19     
    9667  -396.16     
    9668  -398.69     
    9669  -300.94     
    9670  -301.16     
    9671  -303.67     
    9672  -304.68     
 
  ***** POST1 NODAL DEGREE OF FREEDOM LISTING *****                            
 
  LOAD STEP=     1  SUBSTEP=     1                                             
   TIME=    1.0000      LOAD CASE=   0                                         
 
    NODE       VOLT  
    9673  -307.86     
    9674  -311.72     
    9675  -321.56     
    9676  -311.82     
    9677  -316.37     
    9678  -401.93     
    9679  -295.95     
    9680  -297.15     
    9681  -321.66     
    9682  -377.91     
    9683  -388.88     
    9684  -392.87     
    9685  -306.95     
    9686  -311.08     
    9687  -298.95     
    9688  -327.79     
    9689  -333.21     
    9690  -366.86     
    9691  -372.12     
    9692  -389.61     
    9693  -398.46     
    9694  -392.96     
    9695  -396.79     
    9696  -301.48     
    9697  -310.22     
    9698  -303.10     
    9699  -307.14     
    9700  -298.59     
    9701  -297.42     
    9702  -297.23     
    9703  -298.58     
    9704  -400.98     
    9705  -401.20     
    9706  -400.76     
    9707  -299.20     
    9708  -299.29     
    9709  -400.24     
    9710  -400.56     
    9711  -400.15     
 
  ***** POST1 NODAL DEGREE OF FREEDOM LISTING *****                            
 
  LOAD STEP=     1  SUBSTEP=     1                                             
   TIME=    1.0000      LOAD CASE=   0                                         
 
    NODE       VOLT  
    9712  -400.22     
    9713  -321.06     
    9714  -378.62     
    9715  -299.41     
    9716  -299.43     
    9717  -299.62     
    9718  -400.32     
    9719  -400.34     
    9720  -400.03     
    9721  -299.89     
    9722  -300.45     
    9723  -399.30     
    9724  -399.77     
    9725  -313.14     
    9726  -316.54     
    9727  -383.11     
    9728  -386.34     
    9729  -383.79     
    9730  -315.60     
    9731  -399.77     
    9732  -299.74     
    9733  -400.69     
    9734  -298.82     
    9735  -400.40     
    9736  -298.47     
    9737  -401.70     
    9738  -295.95     
    9739  -305.25     
    9740  -394.77     
    9741  -372.36     
    9742  -327.59     
    9743  -307.53     
    9744  -392.50     
    9745  -316.45     
    9746  -307.67     
    9747  -302.13     
    9748  -299.65     
    9749  -397.65     
    9750  -296.81     
 
  ***** POST1 NODAL DEGREE OF FREEDOM LISTING *****                            
 
  LOAD STEP=     1  SUBSTEP=     1                                             
   TIME=    1.0000      LOAD CASE=   0                                         
 
    NODE       VOLT  
    9751  -383.84     
    9752  -403.00     
    9753  -400.30     
    9754  -326.60     
    9755  -341.14     
    9756  -354.65     
    9757  -290.92     
    9758  -291.87     
    9759  -281.29     
    9760  -407.19     
    9761  -10.918     
    9762  -992.90     
    9763  -403.49     
    9764  -403.18     
    9765  -278.55     
    9766  -407.95     
    9767  -293.02     
    9768  -298.64     
    9769  -400.55     
    9770  -380.09     
    9771  -997.16     
    9772  -4.3671     
    9773  -400.45     
    9774  -298.61     
    9775  -405.15     
    9776  -342.01     
    9777  -359.38     
    9778  -400.47     
    9779  -305.25     
    9780  -301.85     
    9781  -307.34     
    9782  -302.82     
    9783  -393.87     
    9784  -392.61     
    9785  -398.12     
    9786  -397.19     
    9787  -990.05     
    9788  -997.16     
    9789  -990.05     
 
  ***** POST1 NODAL DEGREE OF FREEDOM LISTING *****                            
 
  LOAD STEP=     1  SUBSTEP=     1                                             
   TIME=    1.0000      LOAD CASE=   0                                         
 
    NODE       VOLT  
    9790  -997.16     
    9791  -15.285     
    9792  -4.3671     
    9793  -15.285     
    9794  -4.3671     
    9795  -945.10     
    9796  -955.96     
    9797  -965.90     
    9798  -975.85     
    9799  -925.20     
    9800  -935.15     
    9801  -905.31     
    9802  -915.26     
    9803  -885.42     
    9804  -895.37     
    9805  -865.53     
    9806  -875.48     
    9807  -845.64     
    9808  -855.59     
    9809  -825.75     
    9810  -835.70     
    9811  -805.86     
    9812  -815.81     
    9813  -785.97     
    9814  -795.92     
    9815  -766.08     
    9816  -776.03     
    9817  -746.19     
    9818  -756.14     
    9819  -726.30     
    9820  -736.24     
    9821  -706.41     
    9822  -716.35     
    9823  -686.52     
    9824  -696.46     
    9825  -666.63     
    9826  -676.57     
    9827  -646.74     
    9828  -656.68     
 
  ***** POST1 NODAL DEGREE OF FREEDOM LISTING *****                            
 
  LOAD STEP=     1  SUBSTEP=     1                                             
   TIME=    1.0000      LOAD CASE=   0                                         
 
    NODE       VOLT  
    9829  -626.85     
    9830  -636.79     
    9831  -606.96     
    9832  -616.90     
    9833  -587.07     
    9834  -597.01     
    9835  -567.18     
    9836  -577.12     
    9837  -557.23     
    9838  -537.34     
    9839  -547.28     
    9840  -514.95     
    9841  -524.90     
    9842  -495.06     
    9843  -505.01     
    9844  -187.34     
    9845  -172.10     
    9846  -156.81     
    9847  -141.53     
    9848  -126.24     
    9849  -110.96     
    9850  -37.120     
    9851  -21.836     
    9852  -985.79     
    9853  -475.23     
    9854  -485.12     
    9855  -456.00     
    9856  -465.31     
    9857  -216.96     
    9858  -202.63     
    9859  -95.675     
    9860  -81.682     
    9861  -66.398     
    9862  -52.405     
    9863  -446.67     
    9864  -438.97     
    9865  -243.56     
    9866  -232.25     
    9867  -431.72     
 
  ***** POST1 NODAL DEGREE OF FREEDOM LISTING *****                            
 
  LOAD STEP=     1  SUBSTEP=     1                                             
   TIME=    1.0000      LOAD CASE=   0                                         
 
    NODE       VOLT  
    9868  -426.06     
    9869  -265.43     
    9870  -257.36     
    9871  -420.84     
    9872  -285.88     
    9873  -416.71     
    9874  -412.99     
    9875  -288.53     
    9876  -274.55     
    9877  -295.38     
    9878  -409.00     
    9879  -291.52     
    9880  -404.51     
    9881  -408.99     
    9882  -284.20     
    9883  -400.70     
    9884  -404.23     
    9885  -311.38     
    9886  -404.30     
    9887  -320.59     
    9888  -406.52     
    9889  -290.90     
    9890  -288.16     
    9891  -387.08     
    9892  -302.58     
    9893  -300.51     
    9894  -298.84     
    9895  -399.20     
    9896  -402.38     
    9897  -336.69     
    9898  -329.21     
    9899  -355.18     
    9900  -348.08     
    9901  -336.17     
    9902  -365.48     
    9903  -351.39     
    9904  -347.04     
    9905  -365.55     
    9906  -354.28     
 
  ***** POST1 NODAL DEGREE OF FREEDOM LISTING *****                            
 
  LOAD STEP=     1  SUBSTEP=     1                                             
   TIME=    1.0000      LOAD CASE=   0                                         
 
    NODE       VOLT  
    9907  -292.87     
    9908  -294.38     
    9909  -293.41     
    9910  -293.49     
    9911  -297.46     
    9912  -295.69     
    9913  -403.48     
    9914  -401.81     
    9915  -400.49     
    9916  -401.95     
    9917  -296.75     
    9918  -296.69     
    9919  -297.22     
    9920  -296.85     
    9921  -297.91     
    9922  -401.46     
    9923  -401.39     
    9924  -400.61     
    9925  -395.61     
    9926  -393.55     
    9927  -401.94     
    9928  -403.58     
    9929  -402.55     
    9930  -319.32     
    9931  -379.21     
    9932  -371.83     
    9933  -314.48     
    9934  -308.43     
    9935  -389.92     
    9936  -384.55     
    9937  -294.89     
    9938  -301.57     
    9939  -397.01     
    9940  -401.48     
    9941  -297.78     
    9942  -296.60     
    9943  -322.24     
    9944  -377.88     
    9945  -400.93     
 
  ***** POST1 NODAL DEGREE OF FREEDOM LISTING *****                            
 
  LOAD STEP=     1  SUBSTEP=     1                                             
   TIME=    1.0000      LOAD CASE=   0                                         
 
    NODE       VOLT  
    9946  -401.30     
    9947  -400.87     
    9948  -309.35     
    9949  -333.47     
    9950  -328.10     
    9951  -372.19     
    9952  -366.86     
    9953  -306.86     
    9954  -303.96     
    9955  -389.74     
    9956  -395.12     
    9957  -392.38     
    9958  -298.59     
    9959  -298.12     
    9960  -298.13     
    9961  -298.67     
    9962  -298.66     
    9963  -298.66     
    9964  -298.58     
    9965  -298.61     
    9966  -298.59     
    9967  -298.51     
    9968  -298.37     
    9969  -299.48     
    9970  -400.47     
    9971  -400.45     
    9972  -400.46     
    9973  -400.83     
    9974  -400.83     
    9975  -400.60     
    9976  -400.59     
    9977  -400.58     
    9978  -400.69     
    9979  -400.52     
    9980  -399.97     
    9981  -298.60     
    9982  -298.60     
    9983  -400.46     
    9984  -400.46     
 
  ***** POST1 NODAL DEGREE OF FREEDOM LISTING *****                            
 
  LOAD STEP=     1  SUBSTEP=     1                                             
   TIME=    1.0000      LOAD CASE=   0                                         
 
    NODE       VOLT  
    9985  -321.39     
    9986  -378.51     
    9987  -300.32     
    9988  -299.81     
    9989  -399.60     
    9990  -399.06     
    9991  -316.89     
    9992  -313.59     
    9993  -386.16     
    9994  -382.92     
    9995  -383.46     
    9996  -316.27     
    9997  -399.29     
    9998  -299.50     
    9999  -400.93     
   10000  -297.17     
   10001  -401.43     
   10002  -401.19     
   10003  -401.69     
   10004  -400.93     
   10005  -296.68     
   10006  -297.16     
   10007  -297.31     
   10008  -296.20     
   10009  -393.94     
   10010  -304.42     
   10011  -372.55     
   10012  -328.07     
   10013  -386.12     
   10014  -312.31     
   10015  -403.08     
   10016  -402.76     
   10017  -405.48     
   10018  -294.59     
   10019  -289.37     
   10020  -358.61     
   10021  -344.15     
   10022  -8.7342     
   10023  -994.32     
 
  ***** POST1 NODAL DEGREE OF FREEDOM LISTING *****                            
 
  LOAD STEP=     1  SUBSTEP=     1                                             
   TIME=    1.0000      LOAD CASE=   0                                         
 
    NODE       VOLT  
   10024  -395.65     
   10025  -304.36     
   10026  -400.53     
   10027  -401.84     
   10028  -293.28     
   10029  -280.70     
   10030  -295.80     
   10031  -304.04     
   10032  -403.94     
   10033  -293.40     
   10034  -315.26     
   10035  -298.48     
   10036  -400.79     
   10037  -411.01     
   10038  -390.53     
   10039  -997.16     
   10040  -4.3671     
   10041  -400.36     
   10042  -298.50     
   10043  -320.07     
   10044  -331.57     
   10045  -326.08     
   10046  -339.01     
   10047  -357.50     
   10048  -304.97     
   10049  -301.76     
   10050  -307.25     
   10051  -302.75     
   10052  -394.06     
   10053  -392.78     
   10054  -398.17     
   10055  -397.28     
   10056  -990.05     
   10057  -990.05     
   10058  -997.16     
   10059  -997.16     
   10060  -15.285     
   10061  -15.285     
   10062  -4.3671     
 
  ***** POST1 NODAL DEGREE OF FREEDOM LISTING *****                            
 
  LOAD STEP=     1  SUBSTEP=     1                                             
   TIME=    1.0000      LOAD CASE=   0                                         
 
    NODE       VOLT  
   10063  -4.3671     
   10064  -965.90     
   10065  -37.120     
   10066  -111.08     
   10067  -126.36     
   10068  -141.65     
   10069  -156.93     
   10070  -172.22     
   10071  -187.48     
   10072  -202.59     
   10073  -465.90     
   10074  -475.82     
   10075  -485.76     
   10076  -495.71     
   10077  -505.65     
   10078  -515.60     
   10079  -525.54     
   10080  -538.26     
   10081  -548.20     
   10082  -558.15     
   10083  -568.09     
   10084  -578.04     
   10085  -587.98     
   10086  -597.93     
   10087  -607.87     
   10088  -617.82     
   10089  -627.76     
   10090  -637.71     
   10091  -647.65     
   10092  -657.60     
   10093  -667.54     
   10094  -677.49     
   10095  -687.43     
   10096  -697.38     
   10097  -707.33     
   10098  -717.27     
   10099  -727.22     
   10100  -737.16     
   10101  -747.11     
 
  ***** POST1 NODAL DEGREE OF FREEDOM LISTING *****                            
 
  LOAD STEP=     1  SUBSTEP=     1                                             
   TIME=    1.0000      LOAD CASE=   0                                         
 
    NODE       VOLT  
   10102  -757.05     
   10103  -767.00     
   10104  -776.94     
   10105  -786.89     
   10106  -796.83     
   10107  -806.78     
   10108  -816.72     
   10109  -826.67     
   10110  -836.61     
   10111  -846.56     
   10112  -856.50     
   10113  -866.45     
   10114  -876.39     
   10115  -886.34     
   10116  -896.29     
   10117  -906.23     
   10118  -916.18     
   10119  -926.12     
   10120  -936.07     
   10121  -946.01     
   10122  -955.96     
   10123  -975.85     
   10124  -21.836     
   10125  -985.79     
   10126  -455.96     
   10127  -446.80     
   10128  -95.794     
   10129  -82.021     
   10130  -66.178     
   10131  -52.405     
   10132  -217.34     
   10133  -230.82     
   10134  -423.08     
   10135  -437.12     
   10136  -429.96     
   10137  -242.13     
   10138  -415.47     
   10139  -411.26     
   10140  -423.66     
 
  ***** POST1 NODAL DEGREE OF FREEDOM LISTING *****                            
 
  LOAD STEP=     1  SUBSTEP=     1                                             
   TIME=    1.0000      LOAD CASE=   0                                         
 
    NODE       VOLT  
   10141  -252.77     
   10142  -260.84     
   10143  -418.42     
   10144  -414.72     
   10145  -274.38     
   10146  -268.63     
   10147  -409.32     
   10148  -279.96     
   10149  -290.15     
   10150  -405.63     
   10151  -404.86     
   10152  -286.68     
   10153  -291.57     
   10154  -409.22     
   10155  -406.73     
   10156  -284.32     
   10157  -401.91     
   10158  -404.31     
   10159  -401.15     
   10160  -395.54     
   10161  -390.34     
   10162  -382.12     
   10163  -291.02     
   10164  -288.26     
   10165  -355.17     
   10166  -296.60     
   10167  -293.35     
   10168  -293.83     
   10169  -294.09     
   10170  -403.84     
   10171  -403.75     
   10172  -405.48     
   10173  -402.74     
   10174  -402.67     
   10175  -374.83     
   10176  -366.77     
   10177  -364.05     
   10178  -344.52     
   10179  -352.54     
 
  ***** POST1 NODAL DEGREE OF FREEDOM LISTING *****                            
 
  LOAD STEP=     1  SUBSTEP=     1                                             
   TIME=    1.0000      LOAD CASE=   0                                         
 
    NODE       VOLT  
   10180  -346.75     
   10181  -336.35     
   10182  -344.09     
   10183  -332.51     
   10184  -296.81     
   10185  -297.29     
   10186  -297.08     
   10187  -401.84     
   10188  -401.84     
   10189  -295.43     
   10190  -294.68     
   10191  -403.07     
   10192  -320.13     
   10193  -329.91     
   10194  -307.44     
   10195  -401.89     
   10196  -401.82     
   10197  -401.23     
   10198  -401.26     
   10199  -297.34     
   10200  -298.25     
   10201  -401.31     
   10202  -400.96     
   10203  -403.88     
   10204  -402.82     
   10205  -395.63     
   10206  -393.44     
   10207  -381.18     
   10208  -319.82     
   10209  -315.77     
   10210  -309.58     
   10211  -294.77     
   10212  -385.41     
   10213  -301.29     
   10214  -397.52     
   10215  -378.20     
   10216  -401.37     
   10217  -297.67     
   10218  -296.50     
 
  ***** POST1 NODAL DEGREE OF FREEDOM LISTING *****                            
 
  LOAD STEP=     1  SUBSTEP=     1                                             
   TIME=    1.0000      LOAD CASE=   0                                         
 
    NODE       VOLT  
   10219  -321.50     
   10220  -389.89     
   10221  -332.79     
   10222  -327.25     
   10223  -372.57     
   10224  -367.13     
   10225  -400.77     
   10226  -400.76     
   10227  -309.31     
   10228  -306.63     
   10229  -303.59     
   10230  -395.36     
   10231  -392.51     
   10232  -298.49     
   10233  -298.50     
   10234  -298.87     
   10235  -298.44     
   10236  -298.44     
   10237  -298.41     
   10238  -298.44     
   10239  -298.42     
   10240  -298.87     
   10241  -298.76     
   10242  -299.39     
   10243  -400.37     
   10244  -400.37     
   10245  -400.39     
   10246  -400.92     
   10247  -400.92     
   10248  -400.86     
   10249  -400.85     
   10250  -400.82     
   10251  -400.85     
   10252  -400.70     
   10253  -400.07     
   10254  -298.89     
   10255  -298.87     
   10256  -298.88     
   10257  -400.38     
 
  ***** POST1 NODAL DEGREE OF FREEDOM LISTING *****                            
 
  LOAD STEP=     1  SUBSTEP=     1                                             
   TIME=    1.0000      LOAD CASE=   0                                         
 
    NODE       VOLT  
   10258  -400.38     
   10259  -400.39     
   10260  -321.43     
   10261  -378.47     
   10262  -316.87     
   10263  -313.55     
   10264  -386.42     
   10265  -383.08     
   10266  -300.23     
   10267  -299.72     
   10268  -399.75     
   10269  -399.31     
   10270  -399.75     
   10271  -299.22     
   10272  -383.63     
   10273  -316.27     
   10274  -400.78     
   10275  -297.74     
   10276  -401.85     
   10277  -401.73     
   10278  -401.87     
   10279  -400.74     
   10280  -297.55     
   10281  -296.82     
   10282  -296.85     
   10283  -296.95     
   10284  -394.17     
   10285  -304.35     
   10286  -373.16     
   10287  -326.54     
   10288  -387.38     
   10289  -314.67     
   10290  -325.38     
   10291  -397.74     
   10292  -403.68     
   10293  -401.76     
   10294  -404.77     
   10295  -291.25     
   10296  -338.31     
 
  ***** POST1 NODAL DEGREE OF FREEDOM LISTING *****                            
 
  LOAD STEP=     1  SUBSTEP=     1                                             
   TIME=    1.0000      LOAD CASE=   0                                         
 
    NODE       VOLT  
   10297  -355.09     
   10298  -406.04     
   10299  -289.57     
   10300  -416.79     
   10301  -8.7342     
   10302  -994.32     
   10303  -395.77     
   10304  -304.19     
   10305  -353.76     
   10306  -336.63     
   10307  -406.97     
   10308  -403.47     
   10309  -411.85     
   10310  -407.99     
   10311  -403.08     
   10312  -297.85     
   10313  -298.68     
   10314  -295.99     
   10315  -298.51     
   10316  -297.39     
   10317  -298.43     
   10318  -297.91     
   10319  -295.38     
   10320  -289.86     
   10321  -298.36     
   10322  -323.96     
   10323  -404.10     
   10324  -413.28     
   10325  -329.24     
   10326  -299.15     
   10327  -297.35     
   10328  -294.97     
   10329  -299.50     
   10330  -305.99     
   10331  -297.69     
   10332  -300.27     
   10333  -299.04     
   10334  -297.78     
   10335  -297.55     
 
  ***** POST1 NODAL DEGREE OF FREEDOM LISTING *****                            
 
  LOAD STEP=     1  SUBSTEP=     1                                             
   TIME=    1.0000      LOAD CASE=   0                                         
 
    NODE       VOLT  
   10336  -295.09     
   10337  -308.01     
   10338  -401.79     
   10339  -400.80     
   10340  -402.26     
   10341  -402.85     
   10342  -402.33     
   10343  -353.80     
   10344  -399.93     
   10345  -280.72     
   10346  -289.18     
   10347  -292.84     
   10348  -296.32     
   10349  -297.58     
   10350  -294.86     
   10351  -400.56     
   10352  -401.21     
   10353  -400.47     
   10354  -335.95     
   10355  -336.99     
   10356  -334.68     
   10357  -344.71     
   10358  -325.60     
   10359  -337.16     
   10360  -298.15     
   10361  -399.03     
   10362  -401.20     
   10363  -399.67     
   10364  -395.33     
   10365  -400.59     
   10366  -394.77     
   10367  -397.86     
   10368  -400.39     
   10369  -400.74     
   10370  -400.77     
   10371  -400.85     
   10372  -402.01     
   10373  -345.66     
   10374  -323.94     
 
  ***** POST1 NODAL DEGREE OF FREEDOM LISTING *****                            
 
  LOAD STEP=     1  SUBSTEP=     1                                             
   TIME=    1.0000      LOAD CASE=   0                                         
 
    NODE       VOLT  
   10375  -319.10     
   10376  -400.79     
   10377  -400.65     
   10378  -403.14     
   10379  -401.35     
   10380  -402.47     
   10381  -298.52     
   10382  -298.72     
   10383  -297.07     
   10384  -298.86     
   10385  -298.76     
   10386  -363.08     
   10387  -389.68     
   10388  -396.86     
   10389  -397.20     
   10390  -385.73     
   10391  -390.68     
   10392  -374.51     
   10393  -401.08     
   10394  -299.74     
   10395  -302.63     
   10396  -299.38     
   10397  -297.86     
   10398  -399.58     
   10399  -400.19     
   10400  -399.69     
   10401  -400.19     
   10402  -351.34     
   10403  -298.26     
   10404  -371.12     
   10405  -400.90     
   10406  -323.73     
   10407  -295.25     
   10408  -299.29     
   10409  -310.41     
   10410  -298.32     
   10411  -309.09     
   10412  -314.68     
   10413  -313.39     
 
  ***** POST1 NODAL DEGREE OF FREEDOM LISTING *****                            
 
  LOAD STEP=     1  SUBSTEP=     1                                             
   TIME=    1.0000      LOAD CASE=   0                                         
 
    NODE       VOLT  
   10414  -324.40     
   10415  -307.58     
   10416  -313.27     
   10417  -400.91     
   10418  -335.56     
   10419  -378.63     
   10420  -375.18     
   10421  -300.52     
   10422  -305.02     
   10423  -313.29     
   10424  -304.97     
   10425  -305.26     
   10426  -386.46     
   10427  -383.58     
   10428  -370.58     
   10429  -377.02     
   10430  -387.52     
   10431  -387.62     
   10432  -392.56     
   10433  -378.07     
   10434  -394.26     
   10435  -390.25     
   10436  -398.72     
   10437  -397.57     
   10438  -396.70     
   10439  -307.55     
   10440  -318.77     
   10441  -400.49     
   10442  -400.44     
   10443  -362.89     
   10444  -400.88     
   10445  -400.16     
   10446  -314.10     
   10447  -316.32     
   10448  -325.41     
   10449  -387.52     
   10450  -379.61     
   10451  -380.77     
   10452  -279.85     
 
  ***** POST1 NODAL DEGREE OF FREEDOM LISTING *****                            
 
  LOAD STEP=     1  SUBSTEP=     1                                             
   TIME=    1.0000      LOAD CASE=   0                                         
 
    NODE       VOLT  
   10453  -273.37     
   10454  -388.52     
   10455  -401.04     
   10456  -365.43     
   10457  -381.69     
   10458  -375.12     
   10459  -394.97     
   10460  -386.17     
   10461  -399.18     
   10462  -399.88     
   10463  -322.77     
   10464  -401.00     
   10465  -400.68     
   10466  -400.95     
   10467  -299.23     
   10468  -297.60     
   10469  -298.67     
   10470  -300.37     
   10471  -302.93     
   10472  -296.09     
   10473  -400.93     
   10474  -393.67     
   10475  -391.10     
   10476  -384.01     
   10477  -299.14     
   10478  -309.09     
   10479  -307.32     
   10480  -298.29     
   10481  -400.95     
   10482  -400.02     
   10483  -976.16     
   10484  -594.06     
   10485  -345.44     
   10486  -343.56     
   10487  -351.85     
   10488  -351.82     
   10489  -343.63     
   10490  -405.47     
   10491  -407.77     
 
  ***** POST1 NODAL DEGREE OF FREEDOM LISTING *****                            
 
  LOAD STEP=     1  SUBSTEP=     1                                             
   TIME=    1.0000      LOAD CASE=   0                                         
 
    NODE       VOLT  
   10492  -409.34     
   10493  -406.00     
   10494  -403.95     
   10495  -408.32     
   10496  -407.57     
   10497  -406.67     
   10498  -406.21     
   10499  -405.12     
   10500  -405.37     
   10501  -404.31     
   10502  -369.63     
   10503  -364.84     
   10504  -298.21     
   10505  -297.42     
   10506  -296.82     
   10507  -298.13     
   10508  -298.61     
   10509  -297.35     
   10510  -299.31     
   10511  -298.97     
   10512  -298.94     
   10513  -299.27     
   10514  -297.62     
   10515  -298.72     
   10516  -298.93     
   10517  -298.71     
   10518  -299.19     
   10519  -299.21     
   10520  -298.93     
   10521  -298.11     
   10522  -297.81     
   10523  -296.61     
   10524  -296.66     
   10525  -294.04     
   10526  -294.10     
   10527  -292.72     
   10528  -298.11     
   10529  -299.17     
   10530  -298.93     
 
  ***** POST1 NODAL DEGREE OF FREEDOM LISTING *****                            
 
  LOAD STEP=     1  SUBSTEP=     1                                             
   TIME=    1.0000      LOAD CASE=   0                                         
 
    NODE       VOLT  
   10531  -298.94     
   10532  -299.18     
   10533  -322.63     
   10534  -327.10     
   10535  -321.49     
   10536  -423.65     
   10537  -419.18     
   10538  -418.41     
   10539  -406.00     
   10540  -407.04     
   10541  -405.36     
   10542  -403.53     
   10543  -404.68     
   10544  -410.09     
   10545  -409.24     
   10546  -410.71     
   10547  -412.50     
   10548  -415.03     
   10549  -413.26     
   10550  -410.45     
   10551  -415.05     
   10552  -337.15     
   10553  -329.60     
   10554  -329.34     
   10555  -405.55     
   10556  -412.62     
   10557  -411.81     
   10558  -414.35     
   10559  -298.19     
   10560  -296.26     
   10561  -297.13     
   10562  -299.49     
   10563  -297.96     
   10564  -296.97     
   10565  -299.93     
   10566  -301.13     
   10567  -302.05     
   10568  -304.74     
   10569  -302.63     
 
  ***** POST1 NODAL DEGREE OF FREEDOM LISTING *****                            
 
  LOAD STEP=     1  SUBSTEP=     1                                             
   TIME=    1.0000      LOAD CASE=   0                                         
 
    NODE       VOLT  
   10570  -301.20     
   10571  -300.04     
   10572  -299.72     
   10573  -300.17     
   10574  -299.80     
   10575  -299.10     
   10576  -298.29     
   10577  -299.67     
   10578  -299.12     
   10579  -299.41     
   10580  -298.96     
   10581  -300.21     
   10582  -300.62     
   10583  -301.00     
   10584  -300.31     
   10585  -299.96     
   10586  -298.71     
   10587  -299.05     
   10588  -300.09     
   10589  -299.14     
   10590  -297.73     
   10591  -298.03     
   10592  -298.13     
   10593  -298.71     
   10594  -296.34     
   10595  -296.49     
   10596  -296.54     
   10597  -300.22     
   10598  -299.10     
   10599  -299.76     
   10600  -298.93     
   10601  -299.82     
   10602  -299.03     
   10603  -302.08     
   10604  -303.06     
   10605  -304.42     
   10606  -300.56     
   10607  -305.22     
   10608  -303.44     
 
  ***** POST1 NODAL DEGREE OF FREEDOM LISTING *****                            
 
  LOAD STEP=     1  SUBSTEP=     1                                             
   TIME=    1.0000      LOAD CASE=   0                                         
 
    NODE       VOLT  
   10609  -300.75     
   10610  -305.25     
   10611  -408.38     
   10612  -407.00     
   10613  -408.90     
   10614  -401.40     
   10615  -401.47     
   10616  -402.04     
   10617  -402.84     
   10618  -402.23     
   10619  -403.08     
   10620  -403.63     
   10621  -404.38     
   10622  -403.21     
   10623  -402.61     
   10624  -404.13     
   10625  -404.04     
   10626  -405.97     
   10627  -404.25     
   10628  -404.12     
   10629  -406.48     
   10630  -351.85     
   10631  -354.89     
   10632  -355.53     
   10633  -402.13     
   10634  -400.41     
   10635  -401.26     
   10636  -285.10     
   10637  -279.80     
   10638  -283.89     
   10639  -285.53     
   10640  -279.54     
   10641  -285.23     
   10642  -287.95     
   10643  -289.87     
   10644  -291.09     
   10645  -290.13     
   10646  -291.95     
   10647  -292.65     
 
  ***** POST1 NODAL DEGREE OF FREEDOM LISTING *****                            
 
  LOAD STEP=     1  SUBSTEP=     1                                             
   TIME=    1.0000      LOAD CASE=   0                                         
 
    NODE       VOLT  
   10648  -293.10     
   10649  -297.10     
   10650  -294.35     
   10651  -294.89     
   10652  -293.54     
   10653  -292.92     
   10654  -292.43     
   10655  -293.85     
   10656  -294.17     
   10657  -295.52     
   10658  -400.66     
   10659  -401.00     
   10660  -400.88     
   10661  -400.29     
   10662  -400.36     
   10663  -400.61     
   10664  -400.22     
   10665  -400.27     
   10666  -400.55     
   10667  -400.25     
   10668  -400.27     
   10669  -401.15     
   10670  -401.51     
   10671  -401.15     
   10672  -401.80     
   10673  -400.68     
   10674  -401.31     
   10675  -400.29     
   10676  -400.89     
   10677  -400.38     
   10678  -400.28     
   10679  -400.29     
   10680  -401.48     
   10681  -400.84     
   10682  -401.09     
   10683  -336.46     
   10684  -335.89     
   10685  -335.39     
   10686  -340.23     
 
  ***** POST1 NODAL DEGREE OF FREEDOM LISTING *****                            
 
  LOAD STEP=     1  SUBSTEP=     1                                             
   TIME=    1.0000      LOAD CASE=   0                                         
 
    NODE       VOLT  
   10687  -340.91     
   10688  -339.82     
   10689  -330.80     
   10690  -331.09     
   10691  -336.54     
   10692  -338.55     
   10693  -333.32     
   10694  -339.20     
   10695  -331.23     
   10696  -326.21     
   10697  -341.49     
   10698  -337.16     
   10699  -345.48     
   10700  -349.94     
   10701  -299.05     
   10702  -299.07     
   10703  -299.06     
   10704  -299.09     
   10705  -299.05     
   10706  -297.96     
   10707  -298.87     
   10708  -298.83     
   10709  -298.92     
   10710  -299.11     
   10711  -299.17     
   10712  -299.17     
   10713  -298.95     
   10714  -297.81     
   10715  -298.76     
   10716  -299.10     
   10717  -400.00     
   10718  -400.20     
   10719  -399.30     
   10720  -397.41     
   10721  -398.89     
   10722  -398.21     
   10723  -399.59     
   10724  -398.15     
   10725  -397.20     
 
  ***** POST1 NODAL DEGREE OF FREEDOM LISTING *****                            
 
  LOAD STEP=     1  SUBSTEP=     1                                             
   TIME=    1.0000      LOAD CASE=   0                                         
 
    NODE       VOLT  
   10726  -398.38     
   10727  -399.23     
   10728  -396.14     
   10729  -399.93     
   10730  -400.38     
   10731  -399.62     
   10732  -398.74     
   10733  -394.84     
   10734  -401.54     
   10735  -401.31     
   10736  -402.12     
   10737  -401.53     
   10738  -400.76     
   10739  -401.32     
   10740  -401.66     
   10741  -401.35     
   10742  -402.06     
   10743  -402.22     
   10744  -401.41     
   10745  -401.89     
   10746  -401.23     
   10747  -402.08     
   10748  -403.00     
   10749  -402.73     
   10750  -401.87     
   10751  -402.27     
   10752  -339.81     
   10753  -339.71     
   10754  -337.10     
   10755  -341.50     
   10756  -344.13     
   10757  -341.40     
   10758  -331.03     
   10759  -324.91     
   10760  -330.62     
   10761  -327.87     
   10762  -322.55     
   10763  -321.51     
   10764  -402.28     
 
  ***** POST1 NODAL DEGREE OF FREEDOM LISTING *****                            
 
  LOAD STEP=     1  SUBSTEP=     1                                             
   TIME=    1.0000      LOAD CASE=   0                                         
 
    NODE       VOLT  
   10765  -401.85     
   10766  -400.79     
   10767  -402.12     
   10768  -403.16     
   10769  -401.79     
   10770  -403.35     
   10771  -403.06     
   10772  -403.05     
   10773  -404.95     
   10774  -405.32     
   10775  -410.43     
   10776  -409.50     
   10777  -408.80     
   10778  -402.22     
   10779  -401.15     
   10780  -402.03     
   10781  -401.02     
   10782  -400.86     
   10783  -401.80     
   10784  -401.81     
   10785  -401.54     
   10786  -402.46     
   10787  -404.95     
   10788  -402.81     
   10789  -404.55     
   10790  -404.38     
   10791  -403.90     
   10792  -403.31     
   10793  -299.28     
   10794  -298.58     
   10795  -299.33     
   10796  -298.57     
   10797  -297.78     
   10798  -297.91     
   10799  -298.69     
   10800  -299.44     
   10801  -299.27     
   10802  -299.44     
   10803  -299.26     
 
  ***** POST1 NODAL DEGREE OF FREEDOM LISTING *****                            
 
  LOAD STEP=     1  SUBSTEP=     1                                             
   TIME=    1.0000      LOAD CASE=   0                                         
 
    NODE       VOLT  
   10804  -299.37     
   10805  -298.64     
   10806  -297.37     
   10807  -297.50     
   10808  -364.40     
   10809  -360.27     
   10810  -359.61     
   10811  -299.26     
   10812  -299.26     
   10813  -299.26     
   10814  -299.27     
   10815  -299.26     
   10816  -299.43     
   10817  -393.93     
   10818  -397.34     
   10819  -394.00     
   10820  -394.15     
   10821  -396.66     
   10822  -397.72     
   10823  -387.45     
   10824  -386.14     
   10825  -384.38     
   10826  -390.62     
   10827  -392.26     
   10828  -389.59     
   10829  -393.14     
   10830  -390.03     
   10831  -390.16     
   10832  -393.63     
   10833  -397.65     
   10834  -393.98     
   10835  -382.61     
   10836  -376.67     
   10837  -385.36     
   10838  -386.31     
   10839  -377.66     
   10840  -394.93     
   10841  -389.53     
   10842  -395.41     
 
  ***** POST1 NODAL DEGREE OF FREEDOM LISTING *****                            
 
  LOAD STEP=     1  SUBSTEP=     1                                             
   TIME=    1.0000      LOAD CASE=   0                                         
 
    NODE       VOLT  
   10843  -389.61     
   10844  -400.92     
   10845  -400.54     
   10846  -400.36     
   10847  -400.36     
   10848  -400.54     
   10849  -400.36     
   10850  -400.37     
   10851  -400.37     
   10852  -400.39     
   10853  -400.39     
   10854  -400.38     
   10855  -400.39     
   10856  -400.37     
   10857  -400.37     
   10858  -400.54     
   10859  -401.69     
   10860  -400.92     
   10861  -300.17     
   10862  -301.85     
   10863  -300.77     
   10864  -300.23     
   10865  -301.89     
   10866  -299.94     
   10867  -299.93     
   10868  -299.65     
   10869  -300.53     
   10870  -298.76     
   10871  -299.04     
   10872  -299.73     
   10873  -299.81     
   10874  -299.10     
   10875  -299.05     
   10876  -298.67     
   10877  -298.20     
   10878  -297.36     
   10879  -299.35     
   10880  -300.01     
   10881  -300.05     
 
  ***** POST1 NODAL DEGREE OF FREEDOM LISTING *****                            
 
  LOAD STEP=     1  SUBSTEP=     1                                             
   TIME=    1.0000      LOAD CASE=   0                                         
 
    NODE       VOLT  
   10882  -299.77     
   10883  -299.78     
   10884  -298.37     
   10885  -298.19     
   10886  -399.84     
   10887  -399.79     
   10888  -399.61     
   10889  -399.95     
   10890  -400.08     
   10891  -399.57     
   10892  -399.99     
   10893  -399.94     
   10894  -399.73     
   10895  -399.70     
   10896  -399.95     
   10897  -399.94     
   10898  -400.08     
   10899  -398.71     
   10900  -398.46     
   10901  -399.31     
   10902  -400.16     
   10903  -400.45     
   10904  -399.38     
   10905  -399.88     
   10906  -358.37     
   10907  -355.79     
   10908  -360.52     
   10909  -348.98     
   10910  -347.78     
   10911  -352.56     
   10912  -356.21     
   10913  -354.93     
   10914  -360.74     
   10915  -357.47     
   10916  -295.58     
   10917  -296.93     
   10918  -294.58     
   10919  -294.07     
   10920  -295.97     
 
  ***** POST1 NODAL DEGREE OF FREEDOM LISTING *****                            
 
  LOAD STEP=     1  SUBSTEP=     1                                             
   TIME=    1.0000      LOAD CASE=   0                                         
 
    NODE       VOLT  
   10921  -296.84     
   10922  -299.13     
   10923  -297.73     
   10924  -296.25     
   10925  -297.72     
   10926  -298.59     
   10927  -395.89     
   10928  -395.52     
   10929  -297.14     
   10930  -297.95     
   10931  -296.22     
   10932  -296.33     
   10933  -298.09     
   10934  -297.14     
   10935  -293.29     
   10936  -292.44     
   10937  -297.19     
   10938  -293.37     
   10939  -296.24     
   10940  -365.67     
   10941  -298.06     
   10942  -296.91     
   10943  -298.30     
   10944  -298.04     
   10945  -298.39     
   10946  -297.64     
   10947  -297.72     
   10948  -361.39     
   10949  -367.29     
   10950  -357.05     
   10951  -364.92     
   10952  -371.36     
   10953  -362.04     
   10954  -354.94     
   10955  -364.93     
   10956  -352.54     
   10957  -353.79     
   10958  -358.36     
   10959  -347.05     
 
  ***** POST1 NODAL DEGREE OF FREEDOM LISTING *****                            
 
  LOAD STEP=     1  SUBSTEP=     1                                             
   TIME=    1.0000      LOAD CASE=   0                                         
 
    NODE       VOLT  
   10960  -354.26     
   10961  -355.75     
   10962  -348.34     
   10963  -349.55     
   10964  -356.22     
   10965  -400.57     
   10966  -401.12     
   10967  -400.21     
   10968  -399.61     
   10969  -400.52     
   10970  -400.33     
   10971  -399.85     
   10972  -399.88     
   10973  -398.04     
   10974  -399.40     
   10975  -399.18     
   10976  -397.03     
   10977  -399.13     
   10978  -396.94     
   10979  -399.54     
   10980  -399.62     
   10981  -297.99     
   10982  -299.43     
   10983  -299.13     
   10984  -299.13     
   10985  -299.14     
   10986  -298.61     
   10987  -298.68     
   10988  -298.66     
   10989  -297.61     
   10990  -295.87     
   10991  -299.14     
   10992  -299.13     
   10993  -299.14     
   10994  -298.60     
   10995  -298.63     
   10996  -299.15     
   10997  -298.63     
   10998  -340.70     
 
  ***** POST1 NODAL DEGREE OF FREEDOM LISTING *****                            
 
  LOAD STEP=     1  SUBSTEP=     1                                             
   TIME=    1.0000      LOAD CASE=   0                                         
 
    NODE       VOLT  
   10999  -345.18     
   11000  -347.34     
   11001  -343.67     
   11002  -339.61     
   11003  -343.55     
   11004  -330.60     
   11005  -330.46     
   11006  -323.94     
   11007  -324.88     
   11008  -328.08     
   11009  -335.09     
   11010  -335.19     
   11011  -328.16     
   11012  -292.69     
   11013  -292.66     
   11014  -295.30     
   11015  -296.52     
   11016  -293.80     
   11017  -296.32     
   11018  -295.66     
   11019  -297.63     
   11020  -296.72     
   11021  -298.66     
   11022  -290.35     
   11023  -290.32     
   11024  -289.32     
   11025  -284.90     
   11026  -285.97     
   11027  -285.33     
   11028  -292.86     
   11029  -291.26     
   11030  -295.02     
   11031  -290.96     
   11032  -297.74     
   11033  -299.44     
   11034  -299.43     
   11035  -299.43     
   11036  -298.67     
   11037  -298.66     
 
  ***** POST1 NODAL DEGREE OF FREEDOM LISTING *****                            
 
  LOAD STEP=     1  SUBSTEP=     1                                             
   TIME=    1.0000      LOAD CASE=   0                                         
 
    NODE       VOLT  
   11038  -307.46     
   11039  -311.68     
   11040  -313.40     
   11041  -299.39     
   11042  -299.28     
   11043  -298.70     
   11044  -299.32     
   11045  -299.12     
   11046  -299.10     
   11047  -298.51     
   11048  -299.44     
   11049  -297.92     
   11050  -309.87     
   11051  -312.60     
   11052  -311.67     
   11053  -309.69     
   11054  -312.55     
   11055  -318.44     
   11056  -319.32     
   11057  -324.18     
   11058  -319.27     
   11059  -314.15     
   11060  -320.09     
   11061  -310.58     
   11062  -318.79     
   11063  -315.43     
   11064  -310.18     
   11065  -313.70     
   11066  -311.14     
   11067  -312.02     
   11068  -309.59     
   11069  -312.64     
   11070  -299.37     
   11071  -299.38     
   11072  -299.38     
   11073  -395.78     
   11074  -400.97     
   11075  -401.61     
   11076  -400.91     
 
  ***** POST1 NODAL DEGREE OF FREEDOM LISTING *****                            
 
  LOAD STEP=     1  SUBSTEP=     1                                             
   TIME=    1.0000      LOAD CASE=   0                                         
 
    NODE       VOLT  
   11077  -400.88     
   11078  -400.63     
   11079  -400.81     
   11080  -400.64     
   11081  -400.48     
   11082  -400.34     
   11083  -400.42     
   11084  -400.32     
   11085  -400.29     
   11086  -400.31     
   11087  -400.43     
   11088  -399.95     
   11089  -400.89     
   11090  -400.46     
   11091  -401.26     
   11092  -399.58     
   11093  -401.40     
   11094  -404.77     
   11095  -403.08     
   11096  -404.80     
   11097  -416.68     
   11098  -415.99     
   11099  -412.97     
   11100  -412.25     
   11101  -402.86     
   11102  -408.05     
   11103  -402.83     
   11104  -342.96     
   11105  -342.94     
   11106  -338.84     
   11107  -355.63     
   11108  -360.43     
   11109  -368.57     
   11110  -363.87     
   11111  -366.34     
   11112  -373.68     
   11113  -378.96     
   11114  -373.45     
   11115  -351.84     
 
  ***** POST1 NODAL DEGREE OF FREEDOM LISTING *****                            
 
  LOAD STEP=     1  SUBSTEP=     1                                             
   TIME=    1.0000      LOAD CASE=   0                                         
 
    NODE       VOLT  
   11116  -372.81     
   11117  -369.09     
   11118  -367.86     
   11119  -371.60     
   11120  -373.62     
   11121  -343.66     
   11122  -344.87     
   11123  -344.88     
   11124  -315.40     
   11125  -316.05     
   11126  -321.05     
   11127  -311.31     
   11128  -305.42     
   11129  -303.93     
   11130  -307.03     
   11131  -308.73     
   11132  -302.79     
   11133  -313.48     
   11134  -308.86     
   11135  -308.85     
   11136  -311.97     
   11137  -311.97     
   11138  -306.90     
   11139  -308.43     
   11140  -307.24     
   11141  -309.01     
   11142  -306.70     
   11143  -305.18     
   11144  -307.12     
   11145  -293.73     
   11146  -295.97     
   11147  -295.04     
   11148  -291.08     
   11149  -292.29     
   11150  -297.67     
   11151  -297.21     
   11152  -296.36     
   11153  -295.88     
   11154  -295.15     
 
  ***** POST1 NODAL DEGREE OF FREEDOM LISTING *****                            
 
  LOAD STEP=     1  SUBSTEP=     1                                             
   TIME=    1.0000      LOAD CASE=   0                                         
 
    NODE       VOLT  
   11155  -296.02     
   11156  -292.46     
   11157  -295.09     
   11158  -296.89     
   11159  -296.52     
   11160  -294.36     
   11161  -291.19     
   11162  -292.27     
   11163  -292.60     
   11164  -294.64     
   11165  -291.66     
   11166  -294.99     
   11167  -385.08     
   11168  -377.15     
   11169  -379.51     
   11170  -382.28     
   11171  -380.32     
   11172  -373.69     
   11173  -374.87     
   11174  -380.17     
   11175  -386.81     
   11176  -382.76     
   11177  -380.49     
   11178  -390.45     
   11179  -390.88     
   11180  -386.81     
   11181  -385.56     
   11182  -391.76     
   11183  -389.78     
   11184  -392.65     
   11185  -390.21     
   11186  -386.71     
   11187  -389.85     
   11188  -382.17     
   11189  -382.91     
   11190  -375.59     
   11191  -339.96     
   11192  -340.23     
   11193  -336.63     
 
  ***** POST1 NODAL DEGREE OF FREEDOM LISTING *****                            
 
  LOAD STEP=     1  SUBSTEP=     1                                             
   TIME=    1.0000      LOAD CASE=   0                                         
 
    NODE       VOLT  
   11194  -332.27     
   11195  -351.61     
   11196  -347.03     
   11197  -351.85     
   11198  -344.21     
   11199  -336.13     
   11200  -391.28     
   11201  -394.21     
   11202  -395.79     
   11203  -392.97     
   11204  -396.00     
   11205  -392.18     
   11206  -393.84     
   11207  -395.99     
   11208  -396.76     
   11209  -395.22     
   11210  -398.95     
   11211  -392.79     
   11212  -395.13     
   11213  -395.97     
   11214  -393.39     
   11215  -395.89     
   11216  -394.60     
   11217  -397.66     
   11218  -397.73     
   11219  -393.59     
   11220  -396.69     
   11221  -388.66     
   11222  -390.20     
   11223  -391.02     
   11224  -306.75     
   11225  -308.99     
   11226  -308.82     
   11227  -307.38     
   11228  -304.79     
   11229  -307.02     
   11230  -309.32     
   11231  -302.76     
   11232  -303.90     
 
  ***** POST1 NODAL DEGREE OF FREEDOM LISTING *****                            
 
  LOAD STEP=     1  SUBSTEP=     1                                             
   TIME=    1.0000      LOAD CASE=   0                                         
 
    NODE       VOLT  
   11233  -317.41     
   11234  -317.39     
   11235  -309.04     
   11236  -315.34     
   11237  -308.78     
   11238  -311.96     
   11239  -313.61     
   11240  -304.49     
   11241  -301.97     
   11242  -304.09     
   11243  -301.92     
   11244  -301.02     
   11245  -303.96     
   11246  -306.12     
   11247  -304.36     
   11248  -312.73     
   11249  -321.46     
   11250  -314.67     
   11251  -400.47     
   11252  -400.27     
   11253  -400.35     
   11254  -400.27     
   11255  -400.21     
   11256  -399.91     
   11257  -400.09     
   11258  -400.16     
   11259  -399.67     
   11260  -399.89     
   11261  -399.44     
   11262  -399.78     
   11263  -400.12     
   11264  -400.76     
   11265  -401.01     
   11266  -401.12     
   11267  -399.41     
   11268  -399.12     
   11269  -400.59     
   11270  -399.96     
   11271  -398.75     
 
  ***** POST1 NODAL DEGREE OF FREEDOM LISTING *****                            
 
  LOAD STEP=     1  SUBSTEP=     1                                             
   TIME=    1.0000      LOAD CASE=   0                                         
 
    NODE       VOLT  
   11272  -399.77     
   11273  -397.83     
   11274  -398.60     
   11275  -400.21     
   11276  -400.48     
   11277  -401.31     
   11278  -400.13     
   11279  -339.53     
   11280  -344.52     
   11281  -343.96     
   11282  -338.92     
   11283  -353.92     
   11284  -354.36     
   11285  -356.55     
   11286  -347.81     
   11287  -345.73     
   11288  -350.55     
   11289  -350.08     
   11290  -347.36     
   11291  -341.17     
   11292  -338.46     
   11293  -336.57     
   11294  -359.05     
   11295  -393.10     
   11296  -393.02     
   11297  -388.22     
   11298  -388.32     
   11299  -385.50     
   11300  -383.14     
   11301  -379.70     
   11302  -385.57     
   11303  -385.54     
   11304  -382.72     
   11305  -379.10     
   11306  -390.11     
   11307  -393.27     
   11308  -386.37     
   11309  -386.34     
   11310  -393.47     
 
  ***** POST1 NODAL DEGREE OF FREEDOM LISTING *****                            
 
  LOAD STEP=     1  SUBSTEP=     1                                             
   TIME=    1.0000      LOAD CASE=   0                                         
 
    NODE       VOLT  
   11311  -401.42     
   11312  -401.56     
   11313  -400.99     
   11314  -400.91     
   11315  -401.06     
   11316  -403.15     
   11317  -402.94     
   11318  -401.42     
   11319  -402.57     
   11320  -401.01     
   11321  -400.63     
   11322  -400.56     
   11323  -311.14     
   11324  -312.27     
   11325  -315.43     
   11326  -309.41     
   11327  -307.10     
   11328  -310.71     
   11329  -307.77     
   11330  -307.73     
   11331  -312.38     
   11332  -312.42     
   11333  -383.14     
   11334  -315.98     
   11335  -316.84     
   11336  -319.12     
   11337  -312.48     
   11338  -316.36     
   11339  -312.52     
   11340  -310.88     
   11341  -308.40     
   11342  -308.03     
   11343  -299.15     
   11344  -298.94     
   11345  -299.15     
   11346  -298.92     
   11347  -299.20     
   11348  -299.21     
   11349  -299.20     
 
  ***** POST1 NODAL DEGREE OF FREEDOM LISTING *****                            
 
  LOAD STEP=     1  SUBSTEP=     1                                             
   TIME=    1.0000      LOAD CASE=   0                                         
 
    NODE       VOLT  
   11350  -299.22     
   11351  -293.74     
   11352  -289.65     
   11353  -299.22     
   11354  -299.26     
   11355  -298.63     
   11356  -299.14     
   11357  -299.17     
   11358  -299.18     
   11359  -299.15     
   11360  -299.18     
   11361  -298.31     
   11362  -299.19     
   11363  -299.12     
   11364  -297.77     
   11365  -289.72     
   11366  -399.95     
   11367  -399.87     
   11368  -400.07     
   11369  -399.71     
   11370  -399.86     
   11371  -294.76     
   11372  -286.26     
   11373  -291.97     
   11374  -298.31     
   11375  -299.12     
   11376  -298.94     
   11377  -296.48     
   11378  -296.41     
   11379  -297.82     
   11380  -299.49     
   11381  -298.36     
   11382  -297.75     
   11383  -296.46     
   11384  -296.51     
   11385  -294.95     
   11386  -296.12     
   11387  -316.36     
   11388  -320.62     
 
  ***** POST1 NODAL DEGREE OF FREEDOM LISTING *****                            
 
  LOAD STEP=     1  SUBSTEP=     1                                             
   TIME=    1.0000      LOAD CASE=   0                                         
 
    NODE       VOLT  
   11389  -320.48     
   11390  -322.52     
   11391  -327.45     
   11392  -315.75     
   11393  -319.58     
   11394  -313.59     
   11395  -319.46     
   11396  -322.74     
   11397  -320.15     
   11398  -326.94     
   11399  -314.78     
   11400  -320.11     
   11401  -327.60     
   11402  -311.69     
   11403  -306.51     
   11404  -309.90     
   11405  -305.60     
   11406  -309.73     
   11407  -384.07     
   11408  -388.10     
   11409  -383.42     
   11410  -379.03     
   11411  -384.23     
   11412  -383.39     
   11413  -365.20     
   11414  -370.74     
   11415  -368.61     
   11416  -376.49     
   11417  -383.67     
   11418  -381.71     
   11419  -376.67     
   11420  -372.73     
   11421  -369.37     
   11422  -371.02     
   11423  -373.18     
   11424  -371.24     
   11425  -364.90     
   11426  -366.26     
   11427  -382.62     
 
  ***** POST1 NODAL DEGREE OF FREEDOM LISTING *****                            
 
  LOAD STEP=     1  SUBSTEP=     1                                             
   TIME=    1.0000      LOAD CASE=   0                                         
 
    NODE       VOLT  
   11428  -380.22     
   11429  -379.18     
   11430  -375.33     
   11431  -376.24     
   11432  -343.99     
   11433  -343.50     
   11434  -378.79     
   11435  -386.34     
   11436  -377.22     
   11437  -380.91     
   11438  -362.83     
   11439  -362.64     
   11440  -364.22     
   11441  -354.92     
   11442  -355.56     
   11443  -371.02     
   11444  -375.48     
   11445  -340.21     
   11446  -338.13     
   11447  -332.81     
   11448  -335.01     
   11449  -330.95     
   11450  -340.19     
   11451  -341.07     
   11452  -344.43     
   11453  -343.58     
   11454  -347.61     
   11455  -331.05     
   11456  -328.68     
   11457  -334.72     
   11458  -329.01     
   11459  -392.13     
   11460  -395.65     
   11461  -393.81     
   11462  -391.17     
   11463  -399.72     
   11464  -399.23     
   11465  -397.35     
   11466  -396.86     
 
  ***** POST1 NODAL DEGREE OF FREEDOM LISTING *****                            
 
  LOAD STEP=     1  SUBSTEP=     1                                             
   TIME=    1.0000      LOAD CASE=   0                                         
 
    NODE       VOLT  
   11467  -399.35     
   11468  -399.35     
   11469  -395.07     
   11470  -397.49     
   11471  -388.40     
   11472  -378.19     
   11473  -375.53     
   11474  -370.89     
   11475  -394.07     
   11476  -374.58     
   11477  -371.59     
   11478  -369.73     
   11479  -380.32     
   11480  -371.38     
   11481  -375.64     
   11482  -383.77     
   11483  -374.57     
   11484  -378.92     
   11485  -371.78     
   11486  -368.08     
   11487  -280.90     
   11488  -284.89     
   11489  -286.33     
   11490  -299.58     
   11491  -296.39     
   11492  -297.08     
   11493  -281.72     
   11494  -276.63     
   11495  -277.62     
   11496  -280.25     
   11497  -277.02     
   11498  -394.16     
   11499  -389.13     
   11500  -385.50     
   11501  -389.50     
   11502  -388.24     
   11503  -382.40     
   11504  -385.33     
   11505  -389.16     
 
  ***** POST1 NODAL DEGREE OF FREEDOM LISTING *****                            
 
  LOAD STEP=     1  SUBSTEP=     1                                             
   TIME=    1.0000      LOAD CASE=   0                                         
 
    NODE       VOLT  
   11506  -384.50     
   11507  -385.00     
   11508  -400.01     
   11509  -399.67     
   11510  -400.35     
   11511  -400.40     
   11512  -401.00     
   11513  -401.38     
   11514  -401.32     
   11515  -401.84     
   11516  -401.90     
   11517  -401.33     
   11518  -400.89     
   11519  -400.46     
   11520  -400.78     
   11521  -374.93     
   11522  -369.64     
   11523  -366.88     
   11524  -367.90     
   11525  -364.73     
   11526  -362.09     
   11527  -374.94     
   11528  -380.58     
   11529  -375.33     
   11530  -400.77     
   11531  -379.67     
   11532  -381.13     
   11533  -374.21     
   11534  -372.27     
   11535  -373.11     
   11536  -366.46     
   11537  -364.10     
   11538  -370.84     
   11539  -356.52     
   11540  -357.46     
   11541  -357.43     
   11542  -356.12     
   11543  -352.31     
   11544  -352.28     
 
  ***** POST1 NODAL DEGREE OF FREEDOM LISTING *****                            
 
  LOAD STEP=     1  SUBSTEP=     1                                             
   TIME=    1.0000      LOAD CASE=   0                                         
 
    NODE       VOLT  
   11545  -360.97     
   11546  -377.09     
   11547  -375.06     
   11548  -368.89     
   11549  -371.35     
   11550  -366.60     
   11551  -371.68     
   11552  -370.19     
   11553  -366.43     
   11554  -372.08     
   11555  -390.66     
   11556  -385.88     
   11557  -391.01     
   11558  -392.97     
   11559  -387.42     
   11560  -387.44     
   11561  -393.23     
   11562  -387.50     
   11563  -393.00     
   11564  -397.70     
   11565  -398.89     
   11566  -396.74     
   11567  -397.55     
   11568  -399.12     
   11569  -399.13     
   11570  -397.87     
   11571  -399.25     
   11572  -394.07     
   11573  -397.23     
   11574  -299.05     
   11575  -299.41     
   11576  -299.07     
   11577  -298.81     
   11578  -298.87     
   11579  -297.72     
   11580  -374.35     
   11581  -375.89     
   11582  -370.91     
   11583  -387.62     
 
  ***** POST1 NODAL DEGREE OF FREEDOM LISTING *****                            
 
  LOAD STEP=     1  SUBSTEP=     1                                             
   TIME=    1.0000      LOAD CASE=   0                                         
 
    NODE       VOLT  
   11584  -386.59     
   11585  -382.47     
   11586  -386.95     
   11587  -377.27     
   11588  -381.12     
   11589  -376.78     
   11590  -382.44     
   11591  -285.21     
   11592  -274.07     
   11593  -275.36     
   11594  -274.88     
   11595  -271.62     
   11596  -281.03     
   11597  -290.34     
   11598  -396.00     
   11599  -392.81     
   11600  -388.24     
   11601  -392.64     
   11602  -389.83     
   11603  -396.30     
   11604  -398.23     
   11605  -392.66     
   11606  -388.33     
   11607  -395.40     
   11608  -384.28     
   11609  -384.33     
   11610  -385.88     
   11611  -385.77     
   11612  -384.76     
   11613  -384.82     
   11614  -384.60     
   11615  -306.37     
   11616  -318.71     
   11617  -323.34     
   11618  -320.52     
   11619  -316.59     
   11620  -322.40     
   11621  -318.58     
   11622  -319.95     
 
  ***** POST1 NODAL DEGREE OF FREEDOM LISTING *****                            
 
  LOAD STEP=     1  SUBSTEP=     1                                             
   TIME=    1.0000      LOAD CASE=   0                                         
 
    NODE       VOLT  
   11623  -314.05     
   11624  -330.43     
   11625  -329.26     
   11626  -329.26     
   11627  -326.82     
   11628  -334.02     
   11629  -327.94     
   11630  -337.28     
   11631  -330.53     
   11632  -347.37     
   11633  -399.90     
   11634  -399.92     
   11635  -400.27     
   11636  -400.39     
   11637  -400.38     
   11638  -399.60     
   11639  -400.89     
   11640  -400.31     
   11641  -400.51     
   11642  -400.53     
   11643  -400.32     
   11644  -400.97     
   11645  -400.37     
   11646  -400.45     
   11647  -400.31     
   11648  -401.17     
   11649  -400.43     
   11650  -399.71     
   11651  -400.41     
   11652  -401.03     
   11653  -400.71     
   11654  -401.71     
   11655  -402.04     
   11656  -400.35     
   11657  -400.33     
   11658  -401.16     
   11659  -401.55     
   11660  -401.15     
   11661  -394.62     
 
  ***** POST1 NODAL DEGREE OF FREEDOM LISTING *****                            
 
  LOAD STEP=     1  SUBSTEP=     1                                             
   TIME=    1.0000      LOAD CASE=   0                                         
 
    NODE       VOLT  
   11662  -402.05     
   11663  -399.27     
   11664  -400.59     
   11665  -319.84     
   11666  -318.46     
   11667  -334.47     
   11668  -339.21     
   11669  -330.24     
   11670  -332.31     
   11671  -326.70     
   11672  -323.38     
   11673  -320.07     
   11674  -322.69     
   11675  -328.32     
   11676  -325.37     
   11677  -316.72     
   11678  -316.34     
   11679  -322.67     
   11680  -322.71     
   11681  -296.05     
   11682  -299.31     
   11683  -295.25     
   11684  -298.45     
   11685  -298.32     
   11686  -297.88     
   11687  -290.56     
   11688  -284.79     
   11689  -289.05     
   11690  -283.41     
   11691  -294.17     
   11692  -294.72     
   11693  -281.53     
   11694  -276.17     
   11695  -279.38     
   11696  -328.86     
   11697  -263.83     
   11698  -270.42     
   11699  -377.88     
   11700  -382.02     
 
  ***** POST1 NODAL DEGREE OF FREEDOM LISTING *****                            
 
  LOAD STEP=     1  SUBSTEP=     1                                             
   TIME=    1.0000      LOAD CASE=   0                                         
 
    NODE       VOLT  
   11701  -383.63     
   11702  -380.11     
   11703  -376.97     
   11704  -387.79     
   11705  -391.51     
   11706  -389.28     
   11707  -372.27     
   11708  -379.45     
   11709  -380.36     
   11710  -378.58     
   11711  -371.77     
   11712  -367.32     
   11713  -299.45     
   11714  -299.48     
   11715  -299.44     
   11716  -299.24     
   11717  -299.37     
   11718  -299.30     
   11719  -298.68     
   11720  -299.45     
   11721  -299.37     
   11722  -299.37     
   11723  -298.93     
   11724  -299.31     
   11725  -299.32     
   11726  -297.95     
   11727  -298.72     
   11728  -299.26     
   11729  -298.88     
   11730  -301.34     
   11731  -297.82     
   11732  -298.63     
   11733  -300.49     
   11734  -299.27     
   11735  -297.96     
   11736  -299.01     
   11737  -299.00     
   11738  -298.91     
   11739  -296.00     
 
  ***** POST1 NODAL DEGREE OF FREEDOM LISTING *****                            
 
  LOAD STEP=     1  SUBSTEP=     1                                             
   TIME=    1.0000      LOAD CASE=   0                                         
 
    NODE       VOLT  
   11740  -297.09     
   11741  -392.76     
   11742  -395.85     
   11743  -397.68     
   11744  -398.07     
   11745  -297.43     
   11746  -332.72     
   11747  -310.24     
   11748  -315.94     
   11749  -316.87     
   11750  -316.75     
   11751  -335.25     
   11752  -325.11     
   11753  -302.83     
   11754  -300.16     
   11755  -300.92     
   11756  -305.02     
   11757  -300.39     
   11758  -384.01     
   11759  -383.17     
   11760  -386.39     
   11761  -298.36     
   11762  -299.61     
   11763  -295.94     
   11764  -391.48     
   11765  -388.35     
   11766  -393.35     
   11767  -391.15     
   11768  -394.32     
   11769  -392.40     
   11770  -398.31     
   11771  -299.80     
   11772  -301.20     
   11773  -302.56     
   11774  -302.56     
   11775  -301.19     
   11776  -301.46     
   11777  -303.03     
   11778  -300.16     
 
  ***** POST1 NODAL DEGREE OF FREEDOM LISTING *****                            
 
  LOAD STEP=     1  SUBSTEP=     1                                             
   TIME=    1.0000      LOAD CASE=   0                                         
 
    NODE       VOLT  
   11779  -299.13     
   11780  -300.19     
   11781  -301.75     
   11782  -302.58     
   11783  -300.88     
   11784  -304.10     
   11785  -323.86     
   11786  -326.29     
   11787  -326.13     
   11788  -330.87     
   11789  -328.81     
   11790  -307.30     
   11791  -302.69     
   11792  -303.19     
   11793  -300.61     
   11794  -297.99     
   11795  -299.31     
   11796  -293.48     
   11797  -292.59     
   11798  -296.53     
   11799  -296.03     
   11800  -296.58     
   11801  -294.27     
   11802  -296.98     
   11803  -296.27     
   11804  -297.32     
   11805  -296.09     
   11806  -297.42     
   11807  -297.92     
   11808  -296.60     
   11809  -296.60     
   11810  -297.72     
   11811  -296.47     
   11812  -296.31     
   11813  -297.19     
   11814  -297.45     
   11815  -295.95     
   11816  -295.45     
   11817  -295.39     
 
  ***** POST1 NODAL DEGREE OF FREEDOM LISTING *****                            
 
  LOAD STEP=     1  SUBSTEP=     1                                             
   TIME=    1.0000      LOAD CASE=   0                                         
 
    NODE       VOLT  
   11818  -295.82     
   11819  -400.99     
   11820  -400.46     
   11821  -400.50     
   11822  -400.51     
   11823  -400.47     
   11824  -401.07     
   11825  -400.51     
   11826  -401.42     
   11827  -400.82     
   11828  -400.52     
   11829  -400.53     
   11830  -400.93     
   11831  -401.82     
   11832  -400.41     
   11833  -400.36     
   11834  -400.43     
   11835  -400.43     
   11836  -400.49     
   11837  -400.50     
   11838  -400.48     
   11839  -401.00     
   11840  -401.85     
   11841  -401.94     
   11842  -399.53     
   11843  -399.66     
   11844  -399.89     
   11845  -399.80     
   11846  -399.09     
   11847  -399.76     
   11848  -396.73     
   11849  -398.61     
   11850  -318.63     
   11851  -395.89     
   11852  -396.22     
   11853  -398.48     
   11854  -397.45     
   11855  -396.99     
   11856  -395.61     
 
  ***** POST1 NODAL DEGREE OF FREEDOM LISTING *****                            
 
  LOAD STEP=     1  SUBSTEP=     1                                             
   TIME=    1.0000      LOAD CASE=   0                                         
 
    NODE       VOLT  
   11857  -395.54     
   11858  -396.65     
   11859  -398.90     
   11860  -399.34     
   11861  -399.44     
   11862  -299.38     
   11863  -299.19     
   11864  -298.53     
   11865  -295.79     
   11866  -298.61     
   11867  -298.44     
   11868  -298.73     
   11869  -297.69     
   11870  -296.83     
   11871  -299.34     
   11872  -299.25     
   11873  -388.83     
   11874  -392.28     
   11875  -390.42     
   11876  -385.78     
   11877  -388.38     
   11878  -389.52     
   11879  -389.36     
   11880  -386.58     
   11881  -385.86     
   11882  -388.10     
   11883  -385.04     
   11884  -377.75     
   11885  -379.25     
   11886  -379.48     
   11887  -382.67     
   11888  -383.96     
   11889  -377.02     
   11890  -382.00     
   11891  -384.61     
   11892  -385.07     
   11893  -384.66     
   11894  -391.86     
   11895  -390.57     
 
  ***** POST1 NODAL DEGREE OF FREEDOM LISTING *****                            
 
  LOAD STEP=     1  SUBSTEP=     1                                             
   TIME=    1.0000      LOAD CASE=   0                                         
 
    NODE       VOLT  
   11896  -390.10     
   11897  -391.83     
   11898  -317.85     
   11899  -305.32     
   11900  -299.40     
   11901  -299.35     
   11902  -299.27     
   11903  -299.31     
   11904  -299.09     
   11905  -299.42     
   11906  -298.30     
   11907  -298.91     
   11908  -299.49     
   11909  -298.89     
   11910  -299.43     
   11911  -299.56     
   11912  -298.12     
   11913  -298.67     
   11914  -299.22     
   11915  -298.41     
   11916  -298.45     
   11917  -309.10     
   11918  -318.09     
   11919  -322.26     
   11920  -312.27     
   11921  -324.98     
   11922  -329.82     
   11923  -330.69     
   11924  -327.97     
   11925  -333.35     
   11926  -323.18     
   11927  -317.16     
   11928  -323.33     
   11929  -326.75     
   11930  -332.76     
   11931  -358.79     
   11932  -359.87     
   11933  -367.74     
   11934  -365.03     
 
  ***** POST1 NODAL DEGREE OF FREEDOM LISTING *****                            
 
  LOAD STEP=     1  SUBSTEP=     1                                             
   TIME=    1.0000      LOAD CASE=   0                                         
 
    NODE       VOLT  
   11935  -366.69     
   11936  -347.81     
   11937  -320.59     
   11938  -319.08     
   11939  -317.61     
   11940  -325.81     
   11941  -350.16     
   11942  -304.33     
   11943  -309.14     
   11944  -307.01     
   11945  -303.27     
   11946  -307.49     
   11947  -302.78     
   11948  -301.76     
   11949  -313.34     
   11950  -317.00     
   11951  -309.11     
   11952  -317.08     
   11953  -315.29     
   11954  -400.45     
   11955  -400.31     
   11956  -400.35     
   11957  -401.18     
   11958  -400.56     
   11959  -401.82     
   11960  -401.73     
   11961  -400.50     
   11962  -401.09     
   11963  -400.33     
   11964  -400.74     
   11965  -400.93     
   11966  -400.56     
   11967  -400.58     
   11968  -400.35     
   11969  -400.61     
   11970  -401.74     
   11971  -401.12     
   11972  -400.84     
   11973  -401.09     
 
  ***** POST1 NODAL DEGREE OF FREEDOM LISTING *****                            
 
  LOAD STEP=     1  SUBSTEP=     1                                             
   TIME=    1.0000      LOAD CASE=   0                                         
 
    NODE       VOLT  
   11974  -400.27     
   11975  -402.40     
   11976  -400.17     
   11977  -400.16     
   11978  -400.39     
   11979  -400.18     
   11980  -400.18     
   11981  -400.25     
   11982  -400.79     
   11983  -400.29     
   11984  -400.85     
   11985  -400.44     
   11986  -400.18     
   11987  -401.87     
   11988  -402.10     
   11989  -400.79     
   11990  -399.75     
   11991  -399.24     
   11992  -397.28     
   11993  -399.41     
   11994  -398.15     
   11995  -400.65     
   11996  -398.72     
   11997  -396.68     
   11998  -392.09     
   11999  -303.96     
   12000  -392.46     
   12001  -388.22     
   12002  -395.16     
   12003  -395.68     
   12004  -400.84     
   12005  -399.33     
   12006  -399.30     
   12007  -319.59     
   12008  -322.42     
   12009  -317.15     
   12010  -314.65     
   12011  -317.51     
   12012  -315.87     
 
  ***** POST1 NODAL DEGREE OF FREEDOM LISTING *****                            
 
  LOAD STEP=     1  SUBSTEP=     1                                             
   TIME=    1.0000      LOAD CASE=   0                                         
 
    NODE       VOLT  
   12013  -325.59     
   12014  -321.24     
   12015  -305.56     
   12016  -302.42     
   12017  -400.12     
   12018  -400.19     
   12019  -400.80     
   12020  -400.85     
   12021  -400.55     
   12022  -401.78     
   12023  -400.60     
   12024  -399.07     
   12025  -398.39     
   12026  -395.52     
   12027  -391.53     
   12028  -392.07     
   12029  -397.86     
   12030  -397.01     
   12031  -395.77     
   12032  -397.76     
   12033  -396.28     
   12034  -396.45     
   12035  -395.96     
   12036  -311.25     
   12037  -316.38     
   12038  -313.61     
   12039  -310.02     
   12040  -312.63     
   12041  -308.48     
   12042  -312.06     
   12043  -315.19     
   12044  -308.67     
   12045  -306.55     
   12046  -311.92     
   12047  -308.71     
   12048  -306.92     
   12049  -306.55     
   12050  -367.44     
   12051  -365.46     
 
  ***** POST1 NODAL DEGREE OF FREEDOM LISTING *****                            
 
  LOAD STEP=     1  SUBSTEP=     1                                             
   TIME=    1.0000      LOAD CASE=   0                                         
 
    NODE       VOLT  
   12052  -364.80     
   12053  -369.96     
   12054  -381.98     
   12055  -382.62     
   12056  -380.82     
   12057  -386.12     
   12058  -384.96     
   12059  -338.79     
   12060  -339.37     
   12061  -333.94     
   12062  -331.80     
   12063  -335.10     
   12064  -335.01     
   12065  -328.22     
   12066  -305.04     
   12067  -302.47     
   12068  -300.88     
   12069  -305.20     
   12070  -300.94     
   12071  -299.58     
   12072  -306.80     
   12073  -304.65     
   12074  -303.84     
   12075  -302.56     
   12076  -307.65     
   12077  -303.17     
   12078  -300.37     
   12079  -304.36     
   12080  -304.49     
   12081  -305.01     
   12082  -304.08     
   12083  -400.37     
   12084  -400.52     
   12085  -400.39     
   12086  -400.38     
   12087  -400.37     
   12088  -401.29     
   12089  -400.87     
   12090  -400.91     
 
  ***** POST1 NODAL DEGREE OF FREEDOM LISTING *****                            
 
  LOAD STEP=     1  SUBSTEP=     1                                             
   TIME=    1.0000      LOAD CASE=   0                                         
 
    NODE       VOLT  
   12091  -400.78     
   12092  -400.37     
   12093  -400.83     
   12094  -412.94     
   12095  -408.74     
   12096  -401.90     
   12097  -400.15     
   12098  -400.90     
   12099  -402.13     
   12100  -400.57     
   12101  -299.38     
   12102  -298.55     
   12103  -299.42     
   12104  -299.15     
   12105  -299.17     
   12106  -297.22     
   12107  -298.36     
   12108  -297.16     
   12109  -298.00     
   12110  -297.71     
   12111  -299.12     
   12112  -299.40     
   12113  -298.61     
   12114  -299.76     
   12115  -298.94     
   12116  -303.83     
   12117  -302.66     
   12118  -299.90     
   12119  -300.98     
   12120  -305.02     
   12121  -301.00     
   12122  -297.96     
   12123  -294.88     
   12124  -331.27     
   12125  -335.19     
   12126  -343.37     
   12127  -347.80     
   12128  -345.50     
   12129  -355.46     
 
  ***** POST1 NODAL DEGREE OF FREEDOM LISTING *****                            
 
  LOAD STEP=     1  SUBSTEP=     1                                             
   TIME=    1.0000      LOAD CASE=   0                                         
 
    NODE       VOLT  
   12130  -339.95     
   12131  -344.24     
   12132  -340.45     
   12133  -338.38     
   12134  -335.33     
   12135  -330.58     
   12136  -325.74     
   12137  -326.23     
   12138  -400.52     
   12139  -401.15     
   12140  -400.71     
   12141  -401.89     
   12142  -401.89     
   12143  -400.92     
   12144  -400.60     
   12145  -400.44     
   12146  -400.40     
   12147  -400.21     
   12148  -400.50     
   12149  -400.44     
   12150  -312.20     
   12151  -303.07     
   12152  -308.40     
   12153  -302.32     
   12154  -314.80     
   12155  -312.22     
   12156  -306.81     
   12157  -313.52     
   12158  -315.09     
   12159  -320.24     
   12160  -317.57     
   12161  -315.61     
   12162  -320.84     
   12163  -316.70     
   12164  -319.65     
   12165  -325.56     
   12166  -324.88     
   12167  -323.76     
   12168  -314.27     
 
  ***** POST1 NODAL DEGREE OF FREEDOM LISTING *****                            
 
  LOAD STEP=     1  SUBSTEP=     1                                             
   TIME=    1.0000      LOAD CASE=   0                                         
 
    NODE       VOLT  
   12169  -319.29     
   12170  -309.66     
   12171  -378.66     
   12172  -373.48     
   12173  -379.37     
   12174  -373.54     
   12175  -377.00     
   12176  -382.00     
   12177  -382.11     
   12178  -371.70     
   12179  -395.26     
   12180  -395.30     
   12181  -381.63     
   12182  -375.66     
   12183  -381.87     
   12184  -385.20     
   12185  -383.90     
   12186  -402.91     
   12187  -392.48     
   12188  -385.60     
   12189  -401.65     
   12190  -400.99     
   12191  -401.64     
   12192  -383.92     
   12193  -400.57     
   12194  -400.52     
   12195  -387.11     
   12196  -399.99     
   12197  -399.75     
   12198  -399.58     
   12199  -400.46     
   12200  -401.54     
   12201  -400.29     
   12202  -399.34     
   12203  -398.66     
   12204  -328.79     
   12205  -326.33     
   12206  -320.06     
   12207  -316.01     
 
  ***** POST1 NODAL DEGREE OF FREEDOM LISTING *****                            
 
  LOAD STEP=     1  SUBSTEP=     1                                             
   TIME=    1.0000      LOAD CASE=   0                                         
 
    NODE       VOLT  
   12208  -312.16     
   12209  -308.53     
   12210  -319.58     
   12211  -325.02     
   12212  -400.51     
   12213  -400.49     
   12214  -400.51     
   12215  -400.44     
   12216  -400.42     
   12217  -400.40     
   12218  -400.07     
   12219  -400.51     
   12220  -402.48     
   12221  -401.40     
   12222  -401.13     
   12223  -399.87     
   12224  -401.88     
   12225  -323.17     
   12226  -317.88     
   12227  -320.89     
   12228  -312.70     
   12229  -312.65     
   12230  -317.49     
   12231  -311.22     
   12232  -308.54     
   12233  -315.21     
   12234  -308.77     
   12235  -387.06     
   12236  -383.73     
   12237  -388.38     
   12238  -381.16     
   12239  -388.35     
   12240  -392.17     
   12241  -386.57     
   12242  -386.68     
   12243  -299.48     
   12244  -299.35     
   12245  -299.73     
   12246  -297.94     
 
  ***** POST1 NODAL DEGREE OF FREEDOM LISTING *****                            
 
  LOAD STEP=     1  SUBSTEP=     1                                             
   TIME=    1.0000      LOAD CASE=   0                                         
 
    NODE       VOLT  
   12247  -298.72     
   12248  -303.21     
   12249  -304.27     
   12250  -307.12     
   12251  -303.95     
   12252  -298.95     
   12253  -402.60     
   12254  -401.65     
   12255  -402.09     
   12256  -400.65     
   12257  -401.18     
   12258  -399.59     
   12259  -401.97     
   12260  -403.46     
   12261  -298.24     
   12262  -298.51     
   12263  -298.06     
   12264  -299.16     
   12265  -299.19     
   12266  -298.87     
   12267  -396.87     
   12268  -298.74     
   12269  -298.84     
   12270  -298.20     
   12271  -299.33     
   12272  -299.39     
   12273  -298.38     
   12274  -301.03     
   12275  -298.10     
   12276  -297.60     
   12277  -258.84     
   12278  -270.40     
   12279  -301.90     
   12280  -303.55     
   12281  -268.41     
   12282  -52.405     
   12283  -395.56     
   12284  -398.22     
   12285  -396.07     
 
  ***** POST1 NODAL DEGREE OF FREEDOM LISTING *****                            
 
  LOAD STEP=     1  SUBSTEP=     1                                             
   TIME=    1.0000      LOAD CASE=   0                                         
 
    NODE       VOLT  
   12286  -398.24     
   12287  -370.32     
   12288  -377.38     
   12289  -303.52     
   12290  -301.78     
   12291  -302.73     
   12292  -293.78     
   12293  -295.63     
   12294  -307.16     
   12295  -305.35     
   12296  -297.91     
   12297  -298.88     
   12298  -299.06     
   12299  -298.88     
   12300  -304.62     
   12301  -300.08     
   12302  -387.06     
   12303  -377.95     
   12304  -386.71     
   12305  -382.77     
   12306  -382.28     
   12307  -386.43     
   12308  -746.19     
   12309  -756.14     
   12310  -297.75     
   12311  -400.68     
   12312  -400.83     
   12313  -400.68     
   12314  -400.82     
   12315  -400.68     
   12316  -400.59     
   12317  -401.32     
   12318  -400.69     
   12319  -400.60     
   12320  -400.83     
   12321  -401.17     
   12322  -400.53     
   12323  -400.66     
   12324  -400.65     
 
  ***** POST1 NODAL DEGREE OF FREEDOM LISTING *****                            
 
  LOAD STEP=     1  SUBSTEP=     1                                             
   TIME=    1.0000      LOAD CASE=   0                                         
 
    NODE       VOLT  
   12325  -400.50     
   12326  -401.96     
   12327  -401.90     
   12328  -401.72     
   12329  -401.82     
   12330  -401.98     
   12331  -401.52     
   12332  -402.14     
   12333  -400.90     
   12334  -400.68     
   12335  -400.24     
   12336  -400.42     
   12337  -400.34     
   12338  -400.14     
   12339  -400.48     
   12340  -400.63     
   12341  -400.78     
   12342  -400.35     
   12343  -400.41     
   12344  -400.29     
   12345  -400.55     
   12346  -400.16     
   12347  -400.03     
   12348  -400.42     
   12349  -400.13     
   12350  -299.44     
   12351  -299.72     
   12352  -398.97     
   12353  -399.18     
   12354  -399.44     
   12355  -399.68     
   12356  -298.98     
   12357  -300.93     
   12358  -299.26     
   12359  -298.71     
   12360  -297.66     
   12361  -298.71     
   12362  -297.42     
   12363  -296.86     
 
  ***** POST1 NODAL DEGREE OF FREEDOM LISTING *****                            
 
  LOAD STEP=     1  SUBSTEP=     1                                             
   TIME=    1.0000      LOAD CASE=   0                                         
 
    NODE       VOLT  
   12364  -298.13     
   12365  -393.41     
   12366  -393.97     
   12367  -394.37     
   12368  -394.82     
   12369  -390.63     
   12370  -394.07     
   12371  -393.79     
   12372  -391.91     
   12373  -391.13     
   12374  -392.24     
   12375  -299.85     
   12376  -298.26     
   12377  -299.07     
   12378  -300.29     
   12379  -300.14     
   12380  -304.66     
   12381  -396.17     
   12382  -398.31     
   12383  -398.19     
   12384  -396.31     
   12385  -388.24     
   12386  -400.23     
   12387  -400.02     
   12388  -400.03     
   12389  -400.34     
   12390  -400.27     
   12391  -400.46     
   12392  -401.18     
   12393  -400.36     
   12394  -401.19     
   12395  -297.90     
   12396  -299.23     
   12397  -296.32     
   12398  -295.99     
   12399  -293.04     
   12400  -299.45     
   12401  -300.30     
   12402  -298.96     
 
  ***** POST1 NODAL DEGREE OF FREEDOM LISTING *****                            
 
  LOAD STEP=     1  SUBSTEP=     1                                             
   TIME=    1.0000      LOAD CASE=   0                                         
 
    NODE       VOLT  
   12403  -300.12     
   12404  -312.60     
   12405  -324.43     
   12406  -316.44     
   12407  -330.87     
   12408  -326.57     
   12409  -335.46     
   12410  -331.01     
   12411  -398.62     
   12412  -736.24     
   12413  -407.69     
   12414  -405.26     
   12415  -361.83     
   12416  -403.60     
   12417  -404.31     
   12418  -402.29     
   12419  -403.18     
   12420  -413.48     
   12421  -407.97     
   12422  -403.78     
   12423  -298.73     
   12424  -298.88     
   12425  -298.79     
   12426  -298.98     
   12427  -299.04     
   12428  -298.78     
   12429  -298.16     
   12430  -299.25     
   12431  -299.00     
   12432  -299.28     
   12433  -503.15     
   12434  -400.47     
   12435  -400.18     
   12436  -400.32     
   12437  -400.19     
   12438  -400.39     
   12439  -400.43     
   12440  -993.61     
   12441  -993.61     
 
  ***** POST1 NODAL DEGREE OF FREEDOM LISTING *****                            
 
  LOAD STEP=     1  SUBSTEP=     1                                             
   TIME=    1.0000      LOAD CASE=   0                                         
 
    NODE       VOLT  
   12442  -994.32     
   12443  -990.05     
   12444  -989.34     
   12445  -993.61     
   12446  -980.98     
   12447  -971.03     
   12448  -980.98     
   12449  -971.03     
   12450  -980.98     
   12451  -971.03     
   12452  -971.03     
   12453  -303.21     
   12454  -304.57     
   12455  -301.05     
   12456  -301.06     
   12457  -304.22     
   12458  -305.14     
   12459  -304.33     
   12460  -304.36     
   12461  -299.24     
   12462  -294.53     
   12463  -301.49     
   12464  -304.46     
   12465  -298.95     
   12466  -298.03     
   12467  -299.35     
   12468  -297.73     
   12469  -401.17     
   12470  -400.53     
   12471  -400.51     
   12472  -401.15     
   12473  -403.11     
   12474  -401.05     
   12475  -400.46     
   12476  -400.55     
   12477  -400.47     
   12478  -400.47     
   12479  -400.33     
   12480  -399.95     
 
  ***** POST1 NODAL DEGREE OF FREEDOM LISTING *****                            
 
  LOAD STEP=     1  SUBSTEP=     1                                             
   TIME=    1.0000      LOAD CASE=   0                                         
 
    NODE       VOLT  
   12481  -437.69     
   12482  -444.94     
   12483  -399.41     
   12484  -399.17     
   12485  -398.93     
   12486  -400.74     
   12487  -400.42     
   12488  -400.25     
   12489  -400.16     
   12490  -343.79     
   12491  -305.84     
   12492  -305.35     
   12493  -303.95     
   12494  -311.53     
   12495  -312.56     
   12496  -316.21     
   12497  -394.00     
   12498  -398.45     
   12499  -398.59     
   12500  -395.42     
   12501  -395.25     
   12502  -395.69     
   12503  -391.78     
   12504  -395.68     
   12505  -400.48     
   12506  -401.28     
   12507  -399.99     
   12508  -399.71     
   12509  -400.24     
   12510  -400.42     
   12511  -400.52     
   12512  -400.53     
   12513  -400.46     
   12514  -400.97     
   12515  -400.51     
   12516  -400.48     
   12517  -400.45     
   12518  -400.12     
   12519  -400.11     
 
  ***** POST1 NODAL DEGREE OF FREEDOM LISTING *****                            
 
  LOAD STEP=     1  SUBSTEP=     1                                             
   TIME=    1.0000      LOAD CASE=   0                                         
 
    NODE       VOLT  
   12520  -397.74     
   12521  -398.69     
   12522  -400.13     
   12523  -400.26     
   12524  -399.51     
   12525  -330.15     
   12526  -400.84     
   12527  -401.55     
   12528  -403.21     
   12529  -397.47     
   12530  -399.08     
   12531  -398.76     
   12532  -397.89     
   12533  -400.39     
   12534  -399.69     
   12535  -399.94     
   12536  -399.27     
   12537  -399.50     
   12538  -398.53     
   12539  -398.93     
   12540  -399.61     
   12541  -402.21     
   12542  -399.25     
   12543  -397.68     
   12544  -399.25     
   12545  -397.61     
   12546  -395.63     
   12547  -395.89     
   12548  -399.88     
   12549  -396.06     
   12550  -399.97     
   12551  -399.16     
   12552  -399.27     
   12553  -399.64     
   12554  -399.84     
   12555  -400.49     
   12556  -399.86     
   12557  -342.26     
   12558  -383.28     
 
  ***** POST1 NODAL DEGREE OF FREEDOM LISTING *****                            
 
  LOAD STEP=     1  SUBSTEP=     1                                             
   TIME=    1.0000      LOAD CASE=   0                                         
 
    NODE       VOLT  
   12559  -402.43     
   12560  -400.09     
   12561  -400.11     
   12562  -400.45     
   12563  -400.29     
   12564  -402.22     
   12565  -523.05     
   12566  -395.50     
   12567  -307.34     
   12568  -313.24     
   12569  -302.50     
   12570  -307.67     
   12571  -305.06     
   12572  -299.82     
   12573  -299.38     
   12574  -305.65     
   12575  -302.96     
   12576  -304.33     
   12577  -305.11     
   12578  -305.00     
   12579  -300.88     
   12580  -300.80     
   12581  -303.03     
   12582  -303.23     
   12583  -304.06     
   12584  -400.25     
   12585  -400.17     
   12586  -400.09     
   12587  -399.92     
   12588  -400.02     
   12589  -399.44     
   12590  -400.24     
   12591  -400.32     
   12592  -400.33     
   12593  -395.92     
   12594  -400.44     
   12595  -298.72     
   12596  -299.20     
   12597  -298.71     
 
  ***** POST1 NODAL DEGREE OF FREEDOM LISTING *****                            
 
  LOAD STEP=     1  SUBSTEP=     1                                             
   TIME=    1.0000      LOAD CASE=   0                                         
 
    NODE       VOLT  
   12598  -297.10     
   12599  -299.85     
   12600  -448.52     
   12601  -299.42     
   12602  -297.70     
   12603  -298.71     
   12604  -458.47     
   12605  -299.20     
   12606  -299.31     
   12607  -300.21     
   12608  -296.99     
   12609  -298.04     
   12610  -296.68     
   12611  -299.19     
   12612  -299.47     
   12613  -299.79     
   12614  -299.76     
   12615  -300.18     
   12616  -299.69     
   12617  -400.45     
   12618  -400.65     
   12619  -400.46     
   12620  -299.25     
   12621  -302.86     
   12622  -301.15     
   12623  -299.10     
   12624  -300.76     
   12625  -300.53     
   12626  -399.45     
   12627  -399.83     
   12628  -399.73     
   12629  -398.77     
   12630  -400.37     
   12631  -400.36     
   12632  -400.45     
   12633  -294.48     
   12634  -296.93     
   12635  -299.26     
   12636  -299.56     
 
  ***** POST1 NODAL DEGREE OF FREEDOM LISTING *****                            
 
  LOAD STEP=     1  SUBSTEP=     1                                             
   TIME=    1.0000      LOAD CASE=   0                                         
 
    NODE       VOLT  
   12637  -389.86     
   12638  -395.39     
   12639  -395.52     
   12640  -395.51     
   12641  -395.40     
   12642  -395.56     
   12643  -394.64     
   12644  -394.62     
   12645  -392.77     
   12646  -389.78     
   12647  -386.35     
   12648  -298.97     
   12649  -298.94     
   12650  -400.15     
   12651  -400.40     
   12652  -403.33     
   12653  -385.99     
   12654  -400.80     
   12655  -321.27     
   12656  -392.56     
   12657  -394.44     
   12658  -996.45     
   12659  -997.16     
   12660  -993.61     
   12661  -997.16     
   12662  -796.83     
   12663  -786.89     
   12664  -806.78     
   12665  -298.94     
   12666  -298.88     
   12667  -299.25     
   12668  -299.38     
   12669  -299.30     
   12670  -299.33     
   12671  -815.81     
   12672  -825.75     
   12673  -767.00     
   12674  -303.27     
   12675  -302.57     
 
  ***** POST1 NODAL DEGREE OF FREEDOM LISTING *****                            
 
  LOAD STEP=     1  SUBSTEP=     1                                             
   TIME=    1.0000      LOAD CASE=   0                                         
 
    NODE       VOLT  
   12676  -303.83     
   12677  -306.26     
   12678  -397.08     
   12679  -361.58     
   12680  -997.16     
   12681  -306.03     
   12682  -303.08     
   12683  -303.71     
   12684  -302.39     
   12685  -400.35     
   12686  -400.82     
   12687  -400.45     
   12688  -400.35     
   12689  -400.45     
   12690  -696.46     
   12691  -706.41     
   12692  -716.35     
   12693  -997.16     
   12694  -395.58     
   12695  -298.88     
   12696  -298.89     
   12697  -299.23     
   12698  -298.85     
   12699  -400.40     
   12700  -400.36     
   12701  -400.39     
   12702  -686.52     
   12703  -352.55     
   12704  -347.34     
   12705  -352.56     
   12706  -184.34     
   12707  -169.07     
   12708  -114.10     
   12709  -354.28     
   12710  -351.85     
   12711  -357.56     
   12712  -302.33     
   12713  -299.13     
   12714  -395.69     
 
  ***** POST1 NODAL DEGREE OF FREEDOM LISTING *****                            
 
  LOAD STEP=     1  SUBSTEP=     1                                             
   TIME=    1.0000      LOAD CASE=   0                                         
 
    NODE       VOLT  
   12715  -400.53     
   12716  -548.20     
   12717  -558.15     
   12718  -666.63     
   12719  -676.57     
   12720  -401.37     
   12721  -400.45     
   12722  -400.46     
   12723  -400.38     
   12724  -400.33     
   12725  -129.39     
   12726  -144.67     
   12727  -397.67     
   12728  -398.01     
   12729  -395.10     
   12730  -304.56     
   12731  -304.24     
   12732  -299.66     
   12733  -298.45     
   12734  -298.41     
   12735  -298.44     
   12736  -298.41     
   12737  -298.45     
   12738  -298.44     
   12739  -303.09     
   12740  -399.97     
   12741  -395.55     
   12742  -400.17     
   12743  -355.78     
   12744  -356.56     
   12745  -358.96     
   12746  -322.57     
   12747  -308.51     
   12748  -400.31     
   12749  -400.46     
   12750  -400.45     
   12751  -380.71     
   12752  -378.47     
   12753  -378.98     
 
  ***** POST1 NODAL DEGREE OF FREEDOM LISTING *****                            
 
  LOAD STEP=     1  SUBSTEP=     1                                             
   TIME=    1.0000      LOAD CASE=   0                                         
 
    NODE       VOLT  
   12754  -646.74     
   12755  -636.79     
   12756  -656.68     
   12757  -397.59     
   12758  -304.30     
   12759  -297.66     
   12760  -297.67     
   12761  -302.26     
   12762  -302.99     
   12763  -305.42     
   12764  -302.40     
   12765  -9.8260     
   12766  -15.285     
   12767  -400.38     
   12768  -318.89     
   12769  -299.24     
   12770  -298.98     
   12771  -626.85     
   12772  -400.45     
   12773  -304.50     
   12774  -308.61     
   12775  -304.35     
   12776  -304.47     
   12777  -304.31     
   12778  -304.39     
   12779  -400.48     
   12780  -300.36     
   12781  -399.73     
   12782  -298.60     
   12783  -304.51     
   12784  -307.89     
   12785  -304.61     
   12786  -299.48     
   12787  -297.87     
   12788  -299.16     
   12789  -299.01     
   12790  -304.27     
   12791  -298.87     
   12792  -298.45     
 
  ***** POST1 NODAL DEGREE OF FREEDOM LISTING *****                            
 
  LOAD STEP=     1  SUBSTEP=     1                                             
   TIME=    1.0000      LOAD CASE=   0                                         
 
    NODE       VOLT  
   12793  -299.12     
   12794  -296.66     
   12795  -297.53     
   12796  -399.36     
   12797  -395.79     
   12798  -393.40     
   12799  -397.54     
   12800  -400.44     
   12801  -396.73     
   12802  -395.80     
   12803  -395.28     
   12804  -376.96     
   12805  -380.70     
   12806  -886.34     
   12807  -875.48     
   12808  -896.29     
   12809  -298.50     
   12810  -4.3671     
   12811  -5.4589     
   12812  -299.16     
   12813  -513.10     
   12814  -299.36     
   12815  -399.54     
   12816  -399.99     
   12817  -199.58     
   12818  -400.37     
   12819  -591.02     
   12820  -600.97     
   12821  -591.02     
   12822  -317.51     
   12823  -606.96     
   12824  -600.97     
   12825  -600.05     
   12826  -600.97     
   12827  -335.59     
   12828  -304.14     
   12829  -395.63     
   12830  -299.07     
   12831  -300.19     
 
  ***** POST1 NODAL DEGREE OF FREEDOM LISTING *****                            
 
  LOAD STEP=     1  SUBSTEP=     1                                             
   TIME=    1.0000      LOAD CASE=   0                                         
 
    NODE       VOLT  
   12832  -299.83     
   12833  -400.16     
   12834  -400.32     
   12835  -395.57     
   12836  -400.38     
   12837  -298.50     
   12838  -577.12     
   12839  -616.90     
   12840  -855.59     
   12841  -865.53     
   12842  -298.44     
   12843  -483.26     
   12844  -493.21     
   12845  -467.78     
   12846  -399.82     
   12847  -568.09     
   12848  -400.67     
   12849  -400.92     
   12850  -401.19     
   12851  -298.97     
   12852  -395.75     
   12853  -296.26     
   12854  -299.71     
   12855  -107.94     
   12856  -906.23     
   12857  -916.18     
   12858  -395.49     
   12859  -395.33     
   12860  -400.64     
   12861  -402.37     
   12862  -304.34     
   12863  -234.40     
   12864  -245.04     
   12865  -299.94     
   12866  -359.95     
   12867  -304.24     
   12868  -9.8260     
   12869  -298.49     
   12870  -297.14     
 
  ***** POST1 NODAL DEGREE OF FREEDOM LISTING *****                            
 
  LOAD STEP=     1  SUBSTEP=     1                                             
   TIME=    1.0000      LOAD CASE=   0                                         
 
    NODE       VOLT  
   12871  -298.69     
   12872  -298.43     
   12873  -298.46     
   12874  -299.14     
   12875  -304.51     
   12876  -304.15     
   12877  -400.67     
   12878  -299.85     
   12879  -396.34     
   12880  -397.55     
   12881  -93.943     
   12882  -80.170     
   12883  -213.92     
   12884  -396.95     
   12885  -298.33     
   12886  -304.30     
   12887  -535.49     
   12888  -402.77     
   12889  -298.70     
   12890  -299.66     
   12891  -299.00     
   12892  -299.89     
   12893  -402.43     
   12894  -400.15     
   12895  -401.13     
   12896  -401.12     
   12897  -297.04     
   12898  -298.70     
   12899  -845.64     
   12900  -835.70     
   12901  -955.04     
   12902  -965.90     
   12903  -339.62     
   12904  -299.63     
   12905  -299.14     
   12906  -395.52     
   12907  -384.94     
   12908  -297.96     
   12909  -316.87     
 
  ***** POST1 NODAL DEGREE OF FREEDOM LISTING *****                            
 
  LOAD STEP=     1  SUBSTEP=     1                                             
   TIME=    1.0000      LOAD CASE=   0                                         
 
    NODE       VOLT  
   12910  -307.31     
   12911  -305.07     
   12912  -299.93     
   12913  -298.42     
   12914  -298.44     
   12915  -323.09     
   12916  -357.10     
   12917  -365.32     
   12918  -299.48     
   12919  -314.54     
   12920  -300.32     
   12921  -304.32     
   12922  -298.70     
   12923  -299.71     
   12924  -15.285     
   12925  -21.836     
   12926  -299.28     
   12927  -298.58     
   12928  -4.3671     
   12929  -397.74     
   12930  -8.7342     
   12931  -430.53     
   12932  -399.86     
   12933  -399.99     
   12934  -400.37     
   12935  -400.35     
   12936  -396.86     
   12937  -394.16     
   12938  -297.72     
   12939  -304.39     
   12940  -362.45     
   12941  -300.04     
   12942  -401.53     
   12943  -299.54     
   12944  -299.22     
   12945  -300.04     
   12946  -298.70     
   12947  -400.35     
   12948  -400.60     
 
  ***** POST1 NODAL DEGREE OF FREEDOM LISTING *****                            
 
  LOAD STEP=     1  SUBSTEP=     1                                             
   TIME=    1.0000      LOAD CASE=   0                                         
 
    NODE       VOLT  
   12949  -9.8260     
   12950  -395.22     
   12951  -4.3671     
   12952  -5.4589     
   12953  -4.3671     
   12954  -776.94     
   12955  -400.39     
   12956  -9.8260     
   12957  -996.45     
   12958  -989.34     
   12959  -587.07     
   12960  -400.34     
   12961  -590.10     
   12962  -591.02     
   12963  -935.15     
   12964  -926.12     
   12965  -228.67     
   12966  -37.120     
   12967  -726.30     
   12968  -980.98     
   12969  -984.53     
   12970  -298.56     
   12971  -945.10     
   12972  -400.45     
   12973  -299.30     

 MAXIMUM ABSOLUTE VALUES
 NODE          25
 VALUE   -1000.0     

