
 PRINT DOF  NODAL SOLUTION PER NODE
 
  ***** POST1 NODAL DEGREE OF FREEDOM LISTING *****                            
 
  LOAD STEP=     1  SUBSTEP=     1                                             
   TIME=    1.0000      LOAD CASE=   0                                         
 
    NODE       VOLT  
       1  -642.65     
       2  -799.99     
       3  -600.00     
       4  -600.00     
       5  -600.00     
       6  -642.67     
       7  -600.00     
       8  -600.00     
       9  -600.00     
      10  -958.06     
      11  -956.68     
      12  -1000.0     
      13  -600.00     
      14  -1000.0     
      15  -600.00     
      16  -1000.0     
      17  -600.00     
      18  -600.00     
      19  -1000.0     
      20  -1000.0     
      21  -1000.0     
      22  -1000.0     
      23  -600.00     
      24  -1000.0     
      25  -3700.0     
      26  -1000.0     
      27  -1000.0     
      28  -3700.0     
      29  -1000.0     
      30   0.0000     
      31   0.0000     
      32   0.0000     
      33   0.0000     
      34  -3700.0     
      35  -3700.0     
      36  -643.62     
      37  -643.38     
      38  -800.11     
      39  -800.05     
 
  ***** POST1 NODAL DEGREE OF FREEDOM LISTING *****                            
 
  LOAD STEP=     1  SUBSTEP=     1                                             
   TIME=    1.0000      LOAD CASE=   0                                         
 
    NODE       VOLT  
      40  -957.37     
      41  -957.26     
      42  -1000.0     
      43  -600.00     
      44  -800.01     
      45  -655.63     
      46  -670.75     
      47  -691.81     
      48  -712.69     
      49  -737.67     
      50  -761.08     
      51  -782.47     
      52  -600.00     
      53  -600.00     
      54  -600.00     
      55  -600.00     
      56  -600.00     
      57  -600.00     
      58  -600.00     
      59  -600.00     
      60  -600.00     
      61  -600.00     
      62  -600.00     
      63  -600.00     
      64  -600.00     
      65  -600.00     
      66  -600.00     
      67  -600.00     
      68  -600.00     
      69  -600.00     
      70  -600.00     
      71  -600.00     
      72  -600.00     
      73  -600.00     
      74  -600.00     
      75  -600.00     
      76  -600.00     
      77  -600.00     
      78  -600.00     
 
  ***** POST1 NODAL DEGREE OF FREEDOM LISTING *****                            
 
  LOAD STEP=     1  SUBSTEP=     1                                             
   TIME=    1.0000      LOAD CASE=   0                                         
 
    NODE       VOLT  
      79  -600.00     
      80  -600.00     
      81  -600.00     
      82  -600.00     
      83  -600.00     
      84  -817.44     
      85  -838.90     
      86  -862.34     
      87  -887.41     
      88  -908.29     
      89  -929.58     
      90  -944.92     
      91  -628.20     
      92  -656.36     
      93  -695.11     
      94  -733.69     
      95  -800.02     
      96  -866.36     
      97  -904.92     
      98  -943.66     
      99  -971.81     
     100  -971.80     
     101  -943.64     
     102  -904.90     
     103  -866.33     
     104  -799.98     
     105  -733.66     
     106  -695.09     
     107  -656.34     
     108  -628.19     
     109  -600.00     
     110  -600.00     
     111  -600.00     
     112  -600.00     
     113  -600.00     
     114  -600.00     
     115  -600.00     
     116  -600.00     
     117  -600.00     
 
  ***** POST1 NODAL DEGREE OF FREEDOM LISTING *****                            
 
  LOAD STEP=     1  SUBSTEP=     1                                             
   TIME=    1.0000      LOAD CASE=   0                                         
 
    NODE       VOLT  
     118  -600.00     
     119  -600.00     
     120  -600.00     
     121  -600.00     
     122  -600.00     
     123  -600.00     
     124  -600.00     
     125  -600.00     
     126  -600.00     
     127  -600.00     
     128  -600.00     
     129  -600.00     
     130  -600.00     
     131  -600.00     
     132  -1000.0     
     133  -1000.0     
     134  -1000.0     
     135  -1000.0     
     136  -1000.0     
     137  -1000.0     
     138  -1000.0     
     139  -1000.0     
     140  -1000.0     
     141  -1000.0     
     142  -1000.0     
     143  -1000.0     
     144  -1000.0     
     145  -1000.0     
     146  -1000.0     
     147  -1000.0     
     148  -1000.0     
     149  -1000.0     
     150  -1000.0     
     151  -1000.0     
     152  -1000.0     
     153  -1000.0     
     154  -1000.0     
     155  -1000.0     
     156  -1000.0     
 
  ***** POST1 NODAL DEGREE OF FREEDOM LISTING *****                            
 
  LOAD STEP=     1  SUBSTEP=     1                                             
   TIME=    1.0000      LOAD CASE=   0                                         
 
    NODE       VOLT  
     157  -1000.0     
     158  -1000.0     
     159  -1000.0     
     160  -1000.0     
     161  -1000.0     
     162  -1000.0     
     163  -1000.0     
     164  -600.00     
     165  -600.00     
     166  -600.00     
     167  -600.00     
     168  -600.00     
     169  -600.00     
     170  -600.00     
     171  -600.00     
     172  -600.00     
     173  -999.18     
     174  -998.40     
     175  -997.44     
     176  -996.67     
     177  -995.94     
     178  -995.62     
     179  -995.79     
     180  -996.42     
     181  -997.75     
     182  -999.33     
     183  -1001.9     
     184  -1004.6     
     185  -1008.5     
     186  -1012.4     
     187  -1017.5     
     188  -1022.6     
     189  -1028.9     
     190  -1035.2     
     191  -1042.5     
     192  -1049.8     
     193  -1057.2     
     194  -1064.5     
     195  -1071.9     
 
  ***** POST1 NODAL DEGREE OF FREEDOM LISTING *****                            
 
  LOAD STEP=     1  SUBSTEP=     1                                             
   TIME=    1.0000      LOAD CASE=   0                                         
 
    NODE       VOLT  
     196  -1079.3     
     197  -1086.7     
     198  -1094.1     
     199  -1099.5     
     200  -1104.9     
     201  -1110.2     
     202  -1115.6     
     203  -1123.0     
     204  -1130.4     
     205  -1137.8     
     206  -1145.2     
     207  -1152.6     
     208  -1160.0     
     209  -1167.4     
     210  -1174.8     
     211  -1182.2     
     212  -1189.6     
     213  -1197.0     
     214  -1204.4     
     215  -1211.7     
     216  -1219.1     
     217  -1226.5     
     218  -1233.9     
     219  -1241.3     
     220  -1248.7     
     221  -1256.1     
     222  -1263.5     
     223  -1270.9     
     224  -1278.3     
     225  -1285.7     
     226  -1293.1     
     227  -1300.5     
     228  -1307.9     
     229  -1315.3     
     230  -1322.7     
     231  -1330.1     
     232  -1337.5     
     233  -1344.9     
     234  -1352.3     
 
  ***** POST1 NODAL DEGREE OF FREEDOM LISTING *****                            
 
  LOAD STEP=     1  SUBSTEP=     1                                             
   TIME=    1.0000      LOAD CASE=   0                                         
 
    NODE       VOLT  
     235  -1359.7     
     236  -1367.1     
     237  -1374.5     
     238  -1381.9     
     239  -1389.3     
     240  -1396.6     
     241  -1404.0     
     242  -1411.4     
     243  -1418.8     
     244  -1426.2     
     245  -1433.6     
     246  -1441.0     
     247  -1448.4     
     248  -1455.8     
     249  -1463.2     
     250  -1470.6     
     251  -1478.0     
     252  -1485.4     
     253  -1492.8     
     254  -1500.2     
     255  -1507.6     
     256  -1515.0     
     257  -1522.4     
     258  -1529.8     
     259  -1537.2     
     260  -1544.6     
     261  -1552.0     
     262  -1559.4     
     263  -1566.8     
     264  -1574.2     
     265  -1581.6     
     266  -1588.9     
     267  -1596.3     
     268  -1603.7     
     269  -1611.1     
     270  -1618.5     
     271  -1625.9     
     272  -1633.3     
     273  -1640.7     
 
  ***** POST1 NODAL DEGREE OF FREEDOM LISTING *****                            
 
  LOAD STEP=     1  SUBSTEP=     1                                             
   TIME=    1.0000      LOAD CASE=   0                                         
 
    NODE       VOLT  
     274  -1648.1     
     275  -1655.5     
     276  -1662.9     
     277  -1670.3     
     278  -1677.7     
     279  -1685.1     
     280  -1692.5     
     281  -1699.9     
     282  -1707.3     
     283  -1714.7     
     284  -1722.1     
     285  -1729.5     
     286  -1736.9     
     287  -1744.3     
     288  -1751.7     
     289  -1759.1     
     290  -1766.5     
     291  -1773.8     
     292  -1781.2     
     293  -1788.6     
     294  -1796.0     
     295  -1803.4     
     296  -1810.8     
     297  -1818.2     
     298  -1825.6     
     299  -1833.0     
     300  -1840.4     
     301  -1847.8     
     302  -1855.2     
     303  -1862.6     
     304  -1870.0     
     305  -1877.4     
     306  -1884.8     
     307  -1892.2     
     308  -1899.6     
     309  -1907.0     
     310  -1914.4     
     311  -1921.8     
     312  -1929.2     
 
  ***** POST1 NODAL DEGREE OF FREEDOM LISTING *****                            
 
  LOAD STEP=     1  SUBSTEP=     1                                             
   TIME=    1.0000      LOAD CASE=   0                                         
 
    NODE       VOLT  
     313  -1936.6     
     314  -1944.0     
     315  -1951.4     
     316  -1958.8     
     317  -1966.1     
     318  -1973.5     
     319  -1980.9     
     320  -1988.3     
     321  -1995.7     
     322  -2003.1     
     323  -2010.5     
     324  -2017.9     
     325  -2025.3     
     326  -2032.7     
     327  -2040.1     
     328  -2047.5     
     329  -2054.9     
     330  -2062.3     
     331  -2069.7     
     332  -2077.1     
     333  -2084.5     
     334  -2091.9     
     335  -2099.3     
     336  -2106.7     
     337  -2114.1     
     338  -2121.5     
     339  -2128.9     
     340  -2136.3     
     341  -2143.7     
     342  -2151.0     
     343  -2158.4     
     344  -2165.8     
     345  -2173.2     
     346  -2180.6     
     347  -2188.0     
     348  -2195.4     
     349  -2202.8     
     350  -2210.2     
     351  -2217.6     
 
  ***** POST1 NODAL DEGREE OF FREEDOM LISTING *****                            
 
  LOAD STEP=     1  SUBSTEP=     1                                             
   TIME=    1.0000      LOAD CASE=   0                                         
 
    NODE       VOLT  
     352  -2225.0     
     353  -2232.4     
     354  -2239.8     
     355  -2247.2     
     356  -2254.6     
     357  -2262.0     
     358  -2269.4     
     359  -2276.8     
     360  -2284.2     
     361  -2291.6     
     362  -2299.0     
     363  -2306.4     
     364  -2313.8     
     365  -2321.2     
     366  -2328.6     
     367  -2336.0     
     368  -2343.3     
     369  -2350.7     
     370  -2358.1     
     371  -2365.5     
     372  -2372.9     
     373  -2380.3     
     374  -2387.7     
     375  -2395.1     
     376  -2402.5     
     377  -2409.9     
     378  -2417.3     
     379  -2424.7     
     380  -2432.1     
     381  -2439.5     
     382  -2446.9     
     383  -2454.3     
     384  -2461.7     
     385  -2469.1     
     386  -2476.5     
     387  -2483.9     
     388  -2491.3     
     389  -2498.7     
     390  -2506.1     
 
  ***** POST1 NODAL DEGREE OF FREEDOM LISTING *****                            
 
  LOAD STEP=     1  SUBSTEP=     1                                             
   TIME=    1.0000      LOAD CASE=   0                                         
 
    NODE       VOLT  
     391  -2513.5     
     392  -2520.9     
     393  -2528.2     
     394  -2535.6     
     395  -2543.0     
     396  -2550.4     
     397  -2557.8     
     398  -2565.2     
     399  -2572.6     
     400  -2580.0     
     401  -2587.4     
     402  -2594.8     
     403  -2602.2     
     404  -2609.6     
     405  -2617.0     
     406  -2624.4     
     407  -2631.8     
     408  -2639.2     
     409  -2646.6     
     410  -2654.0     
     411  -2661.4     
     412  -2668.8     
     413  -2676.2     
     414  -2683.6     
     415  -2691.0     
     416  -2698.4     
     417  -2705.8     
     418  -2713.2     
     419  -2720.5     
     420  -2727.9     
     421  -2735.3     
     422  -2742.7     
     423  -2750.1     
     424  -2757.5     
     425  -2764.9     
     426  -2772.3     
     427  -2779.7     
     428  -2787.1     
     429  -2794.5     
 
  ***** POST1 NODAL DEGREE OF FREEDOM LISTING *****                            
 
  LOAD STEP=     1  SUBSTEP=     1                                             
   TIME=    1.0000      LOAD CASE=   0                                         
 
    NODE       VOLT  
     430  -2801.9     
     431  -2809.3     
     432  -2816.7     
     433  -2824.1     
     434  -2831.5     
     435  -2838.9     
     436  -2846.3     
     437  -2853.7     
     438  -2861.1     
     439  -2868.5     
     440  -2875.9     
     441  -2883.3     
     442  -2890.7     
     443  -2898.1     
     444  -2905.4     
     445  -2912.8     
     446  -2920.2     
     447  -2927.6     
     448  -2935.0     
     449  -2942.4     
     450  -2949.8     
     451  -2957.2     
     452  -2964.6     
     453  -2972.0     
     454  -2979.4     
     455  -2986.8     
     456  -2994.2     
     457  -3001.6     
     458  -3009.0     
     459  -3016.4     
     460  -3023.8     
     461  -3031.2     
     462  -3038.6     
     463  -3046.0     
     464  -3053.4     
     465  -3060.8     
     466  -3068.2     
     467  -3075.6     
     468  -3083.0     
 
  ***** POST1 NODAL DEGREE OF FREEDOM LISTING *****                            
 
  LOAD STEP=     1  SUBSTEP=     1                                             
   TIME=    1.0000      LOAD CASE=   0                                         
 
    NODE       VOLT  
     469  -3090.4     
     470  -3097.7     
     471  -3105.1     
     472  -3112.5     
     473  -3119.9     
     474  -3127.3     
     475  -3134.7     
     476  -3142.1     
     477  -3149.5     
     478  -3156.9     
     479  -3164.3     
     480  -3171.7     
     481  -3179.1     
     482  -3186.5     
     483  -3193.9     
     484  -3201.3     
     485  -3208.7     
     486  -3216.1     
     487  -3223.5     
     488  -3230.9     
     489  -3238.3     
     490  -3245.7     
     491  -3253.1     
     492  -3260.5     
     493  -3267.9     
     494  -3275.3     
     495  -3282.6     
     496  -3290.0     
     497  -3297.4     
     498  -3304.8     
     499  -3312.2     
     500  -3319.6     
     501  -3327.0     
     502  -3334.4     
     503  -3341.8     
     504  -3349.2     
     505  -3356.6     
     506  -3364.0     
     507  -3371.4     
 
  ***** POST1 NODAL DEGREE OF FREEDOM LISTING *****                            
 
  LOAD STEP=     1  SUBSTEP=     1                                             
   TIME=    1.0000      LOAD CASE=   0                                         
 
    NODE       VOLT  
     508  -3378.8     
     509  -3386.2     
     510  -3393.6     
     511  -3401.0     
     512  -3408.4     
     513  -3415.8     
     514  -3423.2     
     515  -3430.6     
     516  -3438.0     
     517  -3445.4     
     518  -3452.8     
     519  -3460.2     
     520  -3467.6     
     521  -3474.9     
     522  -3482.3     
     523  -3489.7     
     524  -3497.1     
     525  -3504.5     
     526  -3511.9     
     527  -3519.3     
     528  -3526.7     
     529  -3534.1     
     530  -3541.5     
     531  -3548.9     
     532  -3556.3     
     533  -3563.7     
     534  -3571.1     
     535  -3578.5     
     536  -3585.9     
     537  -3593.3     
     538  -3600.7     
     539  -3608.1     
     540  -3615.5     
     541  -3622.9     
     542  -3630.3     
     543  -3637.7     
     544  -3645.1     
     545  -3652.5     
     546  -3659.8     
 
  ***** POST1 NODAL DEGREE OF FREEDOM LISTING *****                            
 
  LOAD STEP=     1  SUBSTEP=     1                                             
   TIME=    1.0000      LOAD CASE=   0                                         
 
    NODE       VOLT  
     547  -3667.2     
     548  -3674.6     
     549  -3682.0     
     550  -3689.4     
     551  -3694.7     
     552  -1000.0     
     553  -1000.0     
     554  -1000.0     
     555  -1000.0     
     556  -1000.0     
     557  -1000.0     
     558  -1000.0     
     559  -1000.0     
     560  -1000.0     
     561  -1000.0     
     562  -1000.0     
     563  -1000.0     
     564  -1000.0     
     565  -1000.0     
     566  -1000.0     
     567  -1000.0     
     568  -1000.0     
     569  -1000.0     
     570  -1000.0     
     571  -1000.0     
     572  -1000.0     
     573  -1000.0     
     574  -1000.0     
     575  -999.17     
     576  -998.39     
     577  -997.44     
     578  -996.69     
     579  -995.96     
     580  -995.60     
     581  -995.80     
     582  -996.53     
     583  -997.80     
     584  -999.32     
     585  -1001.9     
 
  ***** POST1 NODAL DEGREE OF FREEDOM LISTING *****                            
 
  LOAD STEP=     1  SUBSTEP=     1                                             
   TIME=    1.0000      LOAD CASE=   0                                         
 
    NODE       VOLT  
     586  -1004.6     
     587  -1008.5     
     588  -1012.4     
     589  -1017.6     
     590  -1022.7     
     591  -1029.1     
     592  -1035.5     
     593  -1042.8     
     594  -1050.1     
     595  -1057.5     
     596  -1064.9     
     597  -1072.3     
     598  -1079.7     
     599  -1087.1     
     600  -1094.5     
     601  -1101.9     
     602  -1109.3     
     603  -1116.7     
     604  -1124.1     
     605  -1131.5     
     606  -1138.8     
     607  -1146.2     
     608  -1153.6     
     609  -1161.0     
     610  -1168.4     
     611  -1175.8     
     612  -1183.2     
     613  -1190.6     
     614  -1198.0     
     615  -1203.3     
     616  -1208.6     
     617  -1213.9     
     618  -1219.1     
     619  -1226.5     
     620  -1233.9     
     621  -1241.3     
     622  -1248.7     
     623  -1256.1     
     624  -1263.5     
 
  ***** POST1 NODAL DEGREE OF FREEDOM LISTING *****                            
 
  LOAD STEP=     1  SUBSTEP=     1                                             
   TIME=    1.0000      LOAD CASE=   0                                         
 
    NODE       VOLT  
     625  -1270.9     
     626  -1278.3     
     627  -1285.7     
     628  -1293.1     
     629  -1300.5     
     630  -1307.9     
     631  -1315.3     
     632  -1322.7     
     633  -1330.1     
     634  -1337.5     
     635  -1344.9     
     636  -1352.3     
     637  -1359.7     
     638  -1367.1     
     639  -1374.5     
     640  -1381.9     
     641  -1389.3     
     642  -1396.6     
     643  -1404.0     
     644  -1411.4     
     645  -1418.8     
     646  -1426.2     
     647  -1433.6     
     648  -1441.0     
     649  -1448.4     
     650  -1455.8     
     651  -1463.2     
     652  -1470.6     
     653  -1478.0     
     654  -1485.4     
     655  -1492.8     
     656  -1500.2     
     657  -1507.6     
     658  -1515.0     
     659  -1522.4     
     660  -1529.8     
     661  -1537.2     
     662  -1544.6     
     663  -1552.0     
 
  ***** POST1 NODAL DEGREE OF FREEDOM LISTING *****                            
 
  LOAD STEP=     1  SUBSTEP=     1                                             
   TIME=    1.0000      LOAD CASE=   0                                         
 
    NODE       VOLT  
     664  -1559.4     
     665  -1566.8     
     666  -1574.2     
     667  -1581.6     
     668  -1588.9     
     669  -1596.3     
     670  -1603.7     
     671  -1611.1     
     672  -1618.5     
     673  -1625.9     
     674  -1633.3     
     675  -1640.7     
     676  -1648.1     
     677  -1655.5     
     678  -1662.9     
     679  -1670.3     
     680  -1677.7     
     681  -1685.1     
     682  -1692.5     
     683  -1699.9     
     684  -1707.3     
     685  -1714.7     
     686  -1722.1     
     687  -1729.5     
     688  -1736.9     
     689  -1744.3     
     690  -1751.7     
     691  -1759.1     
     692  -1766.5     
     693  -1773.8     
     694  -1781.2     
     695  -1788.6     
     696  -1796.0     
     697  -1803.4     
     698  -1810.8     
     699  -1818.2     
     700  -1825.6     
     701  -1833.0     
     702  -1840.4     
 
  ***** POST1 NODAL DEGREE OF FREEDOM LISTING *****                            
 
  LOAD STEP=     1  SUBSTEP=     1                                             
   TIME=    1.0000      LOAD CASE=   0                                         
 
    NODE       VOLT  
     703  -1847.8     
     704  -1855.2     
     705  -1862.6     
     706  -1870.0     
     707  -1877.4     
     708  -1884.8     
     709  -1892.2     
     710  -1899.6     
     711  -1907.0     
     712  -1914.4     
     713  -1921.8     
     714  -1929.2     
     715  -1936.6     
     716  -1944.0     
     717  -1951.4     
     718  -1958.8     
     719  -1966.1     
     720  -1973.5     
     721  -1980.9     
     722  -1988.3     
     723  -1995.7     
     724  -2003.1     
     725  -2010.5     
     726  -2017.9     
     727  -2025.3     
     728  -2032.7     
     729  -2040.1     
     730  -2047.5     
     731  -2054.9     
     732  -2062.3     
     733  -2069.7     
     734  -2077.1     
     735  -2084.5     
     736  -2091.9     
     737  -2099.3     
     738  -2106.7     
     739  -2114.1     
     740  -2121.5     
     741  -2128.9     
 
  ***** POST1 NODAL DEGREE OF FREEDOM LISTING *****                            
 
  LOAD STEP=     1  SUBSTEP=     1                                             
   TIME=    1.0000      LOAD CASE=   0                                         
 
    NODE       VOLT  
     742  -2136.3     
     743  -2143.7     
     744  -2151.0     
     745  -2158.4     
     746  -2165.8     
     747  -2173.2     
     748  -2180.6     
     749  -2188.0     
     750  -2195.4     
     751  -2202.8     
     752  -2210.2     
     753  -2217.6     
     754  -2225.0     
     755  -2232.4     
     756  -2239.8     
     757  -2247.2     
     758  -2254.6     
     759  -2262.0     
     760  -2269.4     
     761  -2276.8     
     762  -2284.2     
     763  -2291.6     
     764  -2299.0     
     765  -2306.4     
     766  -2313.8     
     767  -2321.2     
     768  -2328.6     
     769  -2336.0     
     770  -2343.3     
     771  -2350.7     
     772  -2358.1     
     773  -2365.5     
     774  -2372.9     
     775  -2380.3     
     776  -2387.7     
     777  -2395.1     
     778  -2402.5     
     779  -2409.9     
     780  -2417.3     
 
  ***** POST1 NODAL DEGREE OF FREEDOM LISTING *****                            
 
  LOAD STEP=     1  SUBSTEP=     1                                             
   TIME=    1.0000      LOAD CASE=   0                                         
 
    NODE       VOLT  
     781  -2424.7     
     782  -2432.1     
     783  -2439.5     
     784  -2446.9     
     785  -2454.3     
     786  -2461.7     
     787  -2469.1     
     788  -2476.5     
     789  -2483.9     
     790  -2491.3     
     791  -2498.7     
     792  -2506.1     
     793  -2513.5     
     794  -2520.9     
     795  -2528.2     
     796  -2535.6     
     797  -2543.0     
     798  -2550.4     
     799  -2557.8     
     800  -2565.2     
     801  -2572.6     
     802  -2580.0     
     803  -2587.4     
     804  -2594.8     
     805  -2602.2     
     806  -2609.6     
     807  -2617.0     
     808  -2624.4     
     809  -2631.8     
     810  -2639.2     
     811  -2646.6     
     812  -2654.0     
     813  -2661.4     
     814  -2668.8     
     815  -2676.2     
     816  -2683.6     
     817  -2691.0     
     818  -2698.4     
     819  -2705.8     
 
  ***** POST1 NODAL DEGREE OF FREEDOM LISTING *****                            
 
  LOAD STEP=     1  SUBSTEP=     1                                             
   TIME=    1.0000      LOAD CASE=   0                                         
 
    NODE       VOLT  
     820  -2713.2     
     821  -2720.5     
     822  -2727.9     
     823  -2735.3     
     824  -2742.7     
     825  -2750.1     
     826  -2757.5     
     827  -2764.9     
     828  -2772.3     
     829  -2779.7     
     830  -2787.1     
     831  -2794.5     
     832  -2801.9     
     833  -2809.3     
     834  -2816.7     
     835  -2824.1     
     836  -2831.5     
     837  -2838.9     
     838  -2846.3     
     839  -2853.7     
     840  -2861.1     
     841  -2868.5     
     842  -2875.9     
     843  -2883.3     
     844  -2890.7     
     845  -2898.1     
     846  -2905.4     
     847  -2912.8     
     848  -2920.2     
     849  -2927.6     
     850  -2935.0     
     851  -2942.4     
     852  -2949.8     
     853  -2957.2     
     854  -2964.6     
     855  -2972.0     
     856  -2979.4     
     857  -2986.8     
     858  -2994.2     
 
  ***** POST1 NODAL DEGREE OF FREEDOM LISTING *****                            
 
  LOAD STEP=     1  SUBSTEP=     1                                             
   TIME=    1.0000      LOAD CASE=   0                                         
 
    NODE       VOLT  
     859  -3001.6     
     860  -3009.0     
     861  -3016.4     
     862  -3023.8     
     863  -3031.2     
     864  -3038.6     
     865  -3046.0     
     866  -3053.4     
     867  -3060.8     
     868  -3068.2     
     869  -3075.6     
     870  -3083.0     
     871  -3090.4     
     872  -3097.7     
     873  -3105.1     
     874  -3112.5     
     875  -3119.9     
     876  -3127.3     
     877  -3134.7     
     878  -3142.1     
     879  -3149.5     
     880  -3156.9     
     881  -3164.3     
     882  -3171.7     
     883  -3179.1     
     884  -3186.5     
     885  -3193.9     
     886  -3201.3     
     887  -3208.7     
     888  -3216.1     
     889  -3223.5     
     890  -3230.9     
     891  -3238.3     
     892  -3245.7     
     893  -3253.1     
     894  -3260.5     
     895  -3267.9     
     896  -3275.3     
     897  -3282.6     
 
  ***** POST1 NODAL DEGREE OF FREEDOM LISTING *****                            
 
  LOAD STEP=     1  SUBSTEP=     1                                             
   TIME=    1.0000      LOAD CASE=   0                                         
 
    NODE       VOLT  
     898  -3290.0     
     899  -3297.4     
     900  -3304.8     
     901  -3312.2     
     902  -3319.6     
     903  -3327.0     
     904  -3334.4     
     905  -3341.8     
     906  -3349.2     
     907  -3356.6     
     908  -3364.0     
     909  -3371.4     
     910  -3378.8     
     911  -3386.2     
     912  -3393.6     
     913  -3401.0     
     914  -3408.4     
     915  -3415.8     
     916  -3423.2     
     917  -3430.6     
     918  -3438.0     
     919  -3445.4     
     920  -3452.8     
     921  -3460.2     
     922  -3467.6     
     923  -3474.9     
     924  -3482.3     
     925  -3489.7     
     926  -3497.1     
     927  -3504.5     
     928  -3511.9     
     929  -3519.3     
     930  -3526.7     
     931  -3534.1     
     932  -3541.5     
     933  -3548.9     
     934  -3556.3     
     935  -3563.7     
     936  -3571.1     
 
  ***** POST1 NODAL DEGREE OF FREEDOM LISTING *****                            
 
  LOAD STEP=     1  SUBSTEP=     1                                             
   TIME=    1.0000      LOAD CASE=   0                                         
 
    NODE       VOLT  
     937  -3578.5     
     938  -3585.9     
     939  -3593.3     
     940  -3600.7     
     941  -3608.1     
     942  -3615.5     
     943  -3622.9     
     944  -3630.3     
     945  -3637.7     
     946  -3645.1     
     947  -3652.5     
     948  -3659.8     
     949  -3667.2     
     950  -3674.6     
     951  -3682.0     
     952  -3689.4     
     953  -3694.7     
     954  -1000.0     
     955  -1000.0     
     956  -1000.0     
     957  -1000.0     
     958  -1000.0     
     959  -1000.0     
     960  -1000.0     
     961  -1000.0     
     962  -1000.0     
     963  -600.23     
     964  -600.43     
     965  -600.58     
     966  -600.56     
     967  -600.17     
     968  -599.34     
     969  -597.54     
     970  -595.25     
     971  -591.88     
     972  -588.30     
     973  -582.75     
     974  -577.12     
     975  -569.11     
 
  ***** POST1 NODAL DEGREE OF FREEDOM LISTING *****                            
 
  LOAD STEP=     1  SUBSTEP=     1                                             
   TIME=    1.0000      LOAD CASE=   0                                         
 
    NODE       VOLT  
     976  -561.10     
     977  -550.17     
     978  -539.25     
     979  -525.44     
     980  -511.63     
     981  -496.48     
     982  -481.32     
     983  -466.10     
     984  -450.87     
     985  -435.65     
     986  -420.42     
     987  -405.20     
     988  -389.97     
     989  -374.74     
     990  -359.52     
     991  -344.29     
     992  -329.07     
     993  -312.44     
     994  -295.81     
     995  -280.59     
     996  -265.36     
     997  -250.14     
     998  -234.91     
     999  -219.69     
    1000  -204.46     
    1001  -189.23     
    1002  -174.01     
    1003  -158.78     
    1004  -143.56     
    1005  -128.33     
    1006  -113.11     
    1007  -97.880     
    1008  -82.654     
    1009  -67.428     
    1010  -52.203     
    1011  -36.977     
    1012  -21.751     
    1013  -10.876     
    1014   0.0000     
 
  ***** POST1 NODAL DEGREE OF FREEDOM LISTING *****                            
 
  LOAD STEP=     1  SUBSTEP=     1                                             
   TIME=    1.0000      LOAD CASE=   0                                         
 
    NODE       VOLT  
    1015   0.0000     
    1016   0.0000     
    1017   0.0000     
    1018   0.0000     
    1019   0.0000     
    1020  -3700.0     
    1021  -3700.0     
    1022  -3700.0     
    1023  -3700.0     
    1024  -3700.0     
    1025  -3700.0     
    1026  -3694.7     
    1027  -3689.4     
    1028  -3683.4     
    1029  -3677.4     
    1030  -3671.3     
    1031  -3665.3     
    1032  -3657.9     
    1033  -3650.5     
    1034  -3643.1     
    1035  -3635.7     
    1036  -3628.3     
    1037  -3620.9     
    1038  -3613.5     
    1039  -3606.1     
    1040  -3598.7     
    1041  -3591.4     
    1042  -3584.0     
    1043  -3576.6     
    1044  -3569.2     
    1045  -3561.8     
    1046  -3554.4     
    1047  -3547.0     
    1048  -3539.6     
    1049  -3532.2     
    1050  -3524.8     
    1051  -3517.4     
    1052  -3510.0     
    1053  -3502.6     
 
  ***** POST1 NODAL DEGREE OF FREEDOM LISTING *****                            
 
  LOAD STEP=     1  SUBSTEP=     1                                             
   TIME=    1.0000      LOAD CASE=   0                                         
 
    NODE       VOLT  
    1054  -3495.2     
    1055  -3487.8     
    1056  -3480.4     
    1057  -3473.0     
    1058  -3465.6     
    1059  -3458.2     
    1060  -3450.8     
    1061  -3443.4     
    1062  -3436.0     
    1063  -3428.6     
    1064  -3421.2     
    1065  -3413.8     
    1066  -3406.5     
    1067  -3399.1     
    1068  -3391.7     
    1069  -3384.3     
    1070  -3376.9     
    1071  -3369.5     
    1072  -3362.1     
    1073  -3354.7     
    1074  -3347.3     
    1075  -3339.9     
    1076  -3332.5     
    1077  -3325.1     
    1078  -3317.7     
    1079  -3310.3     
    1080  -3302.9     
    1081  -3295.5     
    1082  -3288.1     
    1083  -3280.7     
    1084  -3273.3     
    1085  -3265.9     
    1086  -3258.5     
    1087  -3251.1     
    1088  -3243.7     
    1089  -3236.3     
    1090  -3228.9     
    1091  -3221.5     
    1092  -3214.2     
 
  ***** POST1 NODAL DEGREE OF FREEDOM LISTING *****                            
 
  LOAD STEP=     1  SUBSTEP=     1                                             
   TIME=    1.0000      LOAD CASE=   0                                         
 
    NODE       VOLT  
    1093  -3206.8     
    1094  -3199.4     
    1095  -3192.0     
    1096  -3184.6     
    1097  -3177.2     
    1098  -3169.8     
    1099  -3162.4     
    1100  -3155.0     
    1101  -3147.6     
    1102  -3140.2     
    1103  -3132.8     
    1104  -3125.4     
    1105  -3118.0     
    1106  -3110.6     
    1107  -3103.2     
    1108  -3095.8     
    1109  -3088.4     
    1110  -3081.0     
    1111  -3073.6     
    1112  -3066.2     
    1113  -3058.8     
    1114  -3051.4     
    1115  -3044.0     
    1116  -3036.6     
    1117  -3029.3     
    1118  -3021.9     
    1119  -3014.5     
    1120  -3007.1     
    1121  -2999.7     
    1122  -2992.3     
    1123  -2984.9     
    1124  -2977.5     
    1125  -2970.1     
    1126  -2962.7     
    1127  -2955.3     
    1128  -2947.9     
    1129  -2940.5     
    1130  -2933.1     
    1131  -2925.7     
 
  ***** POST1 NODAL DEGREE OF FREEDOM LISTING *****                            
 
  LOAD STEP=     1  SUBSTEP=     1                                             
   TIME=    1.0000      LOAD CASE=   0                                         
 
    NODE       VOLT  
    1132  -2918.3     
    1133  -2910.9     
    1134  -2903.5     
    1135  -2896.1     
    1136  -2888.7     
    1137  -2881.3     
    1138  -2873.9     
    1139  -2866.5     
    1140  -2859.1     
    1141  -2851.7     
    1142  -2844.3     
    1143  -2837.0     
    1144  -2829.6     
    1145  -2822.2     
    1146  -2814.8     
    1147  -2807.4     
    1148  -2800.0     
    1149  -2792.6     
    1150  -2785.2     
    1151  -2777.8     
    1152  -2770.4     
    1153  -2763.0     
    1154  -2755.6     
    1155  -2748.2     
    1156  -2740.8     
    1157  -2733.4     
    1158  -2726.0     
    1159  -2718.6     
    1160  -2711.2     
    1161  -2703.8     
    1162  -2696.4     
    1163  -2689.0     
    1164  -2681.6     
    1165  -2674.2     
    1166  -2666.8     
    1167  -2659.4     
    1168  -2652.1     
    1169  -2644.7     
    1170  -2637.3     
 
  ***** POST1 NODAL DEGREE OF FREEDOM LISTING *****                            
 
  LOAD STEP=     1  SUBSTEP=     1                                             
   TIME=    1.0000      LOAD CASE=   0                                         
 
    NODE       VOLT  
    1171  -2629.9     
    1172  -2622.5     
    1173  -2615.1     
    1174  -2607.7     
    1175  -2600.3     
    1176  -2592.9     
    1177  -2585.5     
    1178  -2578.1     
    1179  -2570.7     
    1180  -2563.3     
    1181  -2555.9     
    1182  -2548.5     
    1183  -2541.1     
    1184  -2533.7     
    1185  -2526.3     
    1186  -2518.9     
    1187  -2511.5     
    1188  -2504.1     
    1189  -2496.7     
    1190  -2489.3     
    1191  -2481.9     
    1192  -2474.5     
    1193  -2467.1     
    1194  -2459.8     
    1195  -2452.4     
    1196  -2445.0     
    1197  -2437.6     
    1198  -2430.2     
    1199  -2422.8     
    1200  -2415.4     
    1201  -2408.0     
    1202  -2400.6     
    1203  -2393.2     
    1204  -2385.8     
    1205  -2378.4     
    1206  -2371.0     
    1207  -2363.6     
    1208  -2356.2     
    1209  -2348.8     
 
  ***** POST1 NODAL DEGREE OF FREEDOM LISTING *****                            
 
  LOAD STEP=     1  SUBSTEP=     1                                             
   TIME=    1.0000      LOAD CASE=   0                                         
 
    NODE       VOLT  
    1210  -2341.4     
    1211  -2334.0     
    1212  -2326.6     
    1213  -2319.2     
    1214  -2311.8     
    1215  -2304.4     
    1216  -2297.0     
    1217  -2289.6     
    1218  -2282.2     
    1219  -2274.9     
    1220  -2267.5     
    1221  -2260.1     
    1222  -2252.7     
    1223  -2245.3     
    1224  -2237.9     
    1225  -2230.5     
    1226  -2223.1     
    1227  -2215.7     
    1228  -2208.3     
    1229  -2200.9     
    1230  -2193.5     
    1231  -2186.1     
    1232  -2178.7     
    1233  -2171.3     
    1234  -2163.9     
    1235  -2156.5     
    1236  -2149.1     
    1237  -2141.7     
    1238  -2134.3     
    1239  -2126.9     
    1240  -2119.5     
    1241  -2112.1     
    1242  -2104.7     
    1243  -2097.3     
    1244  -2089.9     
    1245  -2082.6     
    1246  -2075.2     
    1247  -2067.8     
    1248  -2060.4     
 
  ***** POST1 NODAL DEGREE OF FREEDOM LISTING *****                            
 
  LOAD STEP=     1  SUBSTEP=     1                                             
   TIME=    1.0000      LOAD CASE=   0                                         
 
    NODE       VOLT  
    1249  -2053.0     
    1250  -2045.6     
    1251  -2038.2     
    1252  -2030.8     
    1253  -2023.4     
    1254  -2016.0     
    1255  -2008.6     
    1256  -2001.2     
    1257  -1993.8     
    1258  -1986.4     
    1259  -1979.0     
    1260  -1971.6     
    1261  -1964.2     
    1262  -1956.8     
    1263  -1949.4     
    1264  -1942.0     
    1265  -1934.6     
    1266  -1927.2     
    1267  -1919.8     
    1268  -1912.4     
    1269  -1905.0     
    1270  -1897.7     
    1271  -1890.3     
    1272  -1882.9     
    1273  -1875.5     
    1274  -1868.1     
    1275  -1860.7     
    1276  -1853.3     
    1277  -1845.9     
    1278  -1838.5     
    1279  -1831.1     
    1280  -1823.7     
    1281  -1816.3     
    1282  -1808.9     
    1283  -1801.5     
    1284  -1794.1     
    1285  -1786.7     
    1286  -1779.3     
    1287  -1771.9     
 
  ***** POST1 NODAL DEGREE OF FREEDOM LISTING *****                            
 
  LOAD STEP=     1  SUBSTEP=     1                                             
   TIME=    1.0000      LOAD CASE=   0                                         
 
    NODE       VOLT  
    1288  -1764.5     
    1289  -1757.1     
    1290  -1749.7     
    1291  -1742.3     
    1292  -1734.9     
    1293  -1727.5     
    1294  -1720.1     
    1295  -1712.7     
    1296  -1705.4     
    1297  -1698.0     
    1298  -1690.6     
    1299  -1683.2     
    1300  -1675.8     
    1301  -1668.4     
    1302  -1661.0     
    1303  -1653.6     
    1304  -1646.2     
    1305  -1638.8     
    1306  -1631.4     
    1307  -1624.0     
    1308  -1616.6     
    1309  -1609.2     
    1310  -1601.8     
    1311  -1594.4     
    1312  -1587.0     
    1313  -1579.6     
    1314  -1572.2     
    1315  -1564.8     
    1316  -1557.4     
    1317  -1550.0     
    1318  -1542.6     
    1319  -1535.2     
    1320  -1527.8     
    1321  -1520.5     
    1322  -1513.1     
    1323  -1505.7     
    1324  -1498.3     
    1325  -1490.9     
    1326  -1483.5     
 
  ***** POST1 NODAL DEGREE OF FREEDOM LISTING *****                            
 
  LOAD STEP=     1  SUBSTEP=     1                                             
   TIME=    1.0000      LOAD CASE=   0                                         
 
    NODE       VOLT  
    1327  -1476.1     
    1328  -1468.7     
    1329  -1461.3     
    1330  -1453.9     
    1331  -1446.5     
    1332  -1439.1     
    1333  -1431.7     
    1334  -1424.3     
    1335  -1416.9     
    1336  -1409.5     
    1337  -1402.1     
    1338  -1394.7     
    1339  -1387.3     
    1340  -1379.9     
    1341  -1372.5     
    1342  -1365.1     
    1343  -1357.7     
    1344  -1350.3     
    1345  -1342.9     
    1346  -1335.5     
    1347  -1328.2     
    1348  -1320.8     
    1349  -1313.4     
    1350  -1306.0     
    1351  -1298.6     
    1352  -1291.2     
    1353  -1283.8     
    1354  -1276.4     
    1355  -1269.0     
    1356  -1261.6     
    1357  -1254.2     
    1358  -1246.8     
    1359  -1239.4     
    1360  -1232.0     
    1361  -1224.6     
    1362  -1217.2     
    1363  -1209.8     
    1364  -1202.4     
    1365  -1195.0     
 
  ***** POST1 NODAL DEGREE OF FREEDOM LISTING *****                            
 
  LOAD STEP=     1  SUBSTEP=     1                                             
   TIME=    1.0000      LOAD CASE=   0                                         
 
    NODE       VOLT  
    1366  -1187.6     
    1367  -1180.2     
    1368  -1172.8     
    1369  -1165.4     
    1370  -1158.0     
    1371  -1150.6     
    1372  -1143.3     
    1373  -1135.9     
    1374  -1128.5     
    1375  -1121.1     
    1376  -1113.7     
    1377  -1106.3     
    1378  -1098.9     
    1379  -1091.5     
    1380  -1084.1     
    1381  -1076.7     
    1382  -1069.3     
    1383  -1061.9     
    1384  -1054.6     
    1385  -1047.2     
    1386  -1040.3     
    1387  -1033.3     
    1388  -1027.1     
    1389  -1020.9     
    1390  -1015.7     
    1391  -1010.5     
    1392  -1006.8     
    1393  -1002.9     
    1394  -999.75     
    1395  -995.87     
    1396  -992.06     
    1397  -986.32     
    1398  -978.63     
    1399  -966.67     
    1400  -949.80     
    1401  -924.47     
    1402  -893.18     
    1403  -854.83     
    1404  -814.85     
 
  ***** POST1 NODAL DEGREE OF FREEDOM LISTING *****                            
 
  LOAD STEP=     1  SUBSTEP=     1                                             
   TIME=    1.0000      LOAD CASE=   0                                         
 
    NODE       VOLT  
    1405  -774.04     
    1406  -729.80     
    1407  -691.08     
    1408  -657.18     
    1409  -634.52     
    1410  -615.34     
    1411  -604.50     
    1412  -594.21     
    1413  -585.82     
    1414  -575.74     
    1415  -565.92     
    1416  -552.67     
    1417  -539.43     
    1418  -524.20     
    1419  -508.97     
    1420  -493.75     
    1421  -478.52     
    1422  -463.30     
    1423  -448.07     
    1424  -432.85     
    1425  -417.62     
    1426  -402.39     
    1427  -387.17     
    1428  -371.94     
    1429  -356.72     
    1430  -341.49     
    1431  -326.27     
    1432  -311.04     
    1433  -295.81     
    1434  -280.59     
    1435  -265.36     
    1436  -250.14     
    1437  -234.91     
    1438  -219.69     
    1439  -204.46     
    1440  -189.23     
    1441  -174.01     
    1442  -158.78     
    1443  -143.56     
 
  ***** POST1 NODAL DEGREE OF FREEDOM LISTING *****                            
 
  LOAD STEP=     1  SUBSTEP=     1                                             
   TIME=    1.0000      LOAD CASE=   0                                         
 
    NODE       VOLT  
    1444  -128.33     
    1445  -113.11     
    1446  -97.880     
    1447  -82.654     
    1448  -67.428     
    1449  -52.203     
    1450  -36.977     
    1451  -21.751     
    1452  -10.876     
    1453  -600.24     
    1454  -600.44     
    1455  -600.56     
    1456  -600.46     
    1457  -600.01     
    1458  -599.09     
    1459  -597.54     
    1460  -595.57     
    1461  -592.10     
    1462  -588.32     
    1463  -582.78     
    1464  -577.14     
    1465  -569.12     
    1466  -561.10     
    1467  -550.47     
    1468  -539.84     
    1469  -526.62     
    1470  -513.40     
    1471  -498.39     
    1472  -483.38     
    1473  -468.16     
    1474  -452.94     
    1475  -437.71     
    1476  -422.49     
    1477  -407.26     
    1478  -392.04     
    1479  -376.81     
    1480  -361.59     
    1481  -346.36     
    1482  -331.13     
 
  ***** POST1 NODAL DEGREE OF FREEDOM LISTING *****                            
 
  LOAD STEP=     1  SUBSTEP=     1                                             
   TIME=    1.0000      LOAD CASE=   0                                         
 
    NODE       VOLT  
    1483  -315.91     
    1484  -300.68     
    1485  -285.46     
    1486  -270.23     
    1487  -255.01     
    1488  -239.78     
    1489  -224.55     
    1490  -209.33     
    1491  -194.10     
    1492  -178.88     
    1493  -163.65     
    1494  -148.42     
    1495  -133.20     
    1496  -117.97     
    1497  -102.75     
    1498  -87.522     
    1499  -69.862     
    1500  -52.203     
    1501  -36.977     
    1502  -21.751     
    1503  -10.876     
    1504  -10.876     
    1505  -21.751     
    1506  -36.977     
    1507  -52.203     
    1508  -65.391     
    1509  -78.579     
    1510  -91.767     
    1511  -104.96     
    1512  -120.18     
    1513  -135.41     
    1514  -150.63     
    1515  -165.86     
    1516  -181.08     
    1517  -196.31     
    1518  -211.54     
    1519  -226.76     
    1520  -241.99     
    1521  -257.21     
 
  ***** POST1 NODAL DEGREE OF FREEDOM LISTING *****                            
 
  LOAD STEP=     1  SUBSTEP=     1                                             
   TIME=    1.0000      LOAD CASE=   0                                         
 
    NODE       VOLT  
    1522  -272.44     
    1523  -287.66     
    1524  -302.89     
    1525  -318.12     
    1526  -333.34     
    1527  -348.57     
    1528  -363.79     
    1529  -379.02     
    1530  -394.24     
    1531  -409.47     
    1532  -424.70     
    1533  -439.92     
    1534  -455.14     
    1535  -470.37     
    1536  -485.42     
    1537  -500.47     
    1538  -514.15     
    1539  -527.82     
    1540  -539.39     
    1541  -550.96     
    1542  -560.27     
    1543  -569.60     
    1544  -576.75     
    1545  -584.00     
    1546  -589.88     
    1547  -596.56     
    1548  -602.61     
    1549  -611.07     
    1550  -623.17     
    1551  -640.21     
    1552  -660.88     
    1553  -691.46     
    1554  -726.14     
    1555  -765.55     
    1556  -807.47     
    1557  -849.06     
    1558  -891.55     
    1559  -926.01     
    1560  -954.90     
 
  ***** POST1 NODAL DEGREE OF FREEDOM LISTING *****                            
 
  LOAD STEP=     1  SUBSTEP=     1                                             
   TIME=    1.0000      LOAD CASE=   0                                         
 
    NODE       VOLT  
    1561  -972.13     
    1562  -985.44     
    1563  -992.23     
    1564  -998.36     
    1565  -1002.9     
    1566  -1008.4     
    1567  -1013.7     
    1568  -1020.3     
    1569  -1026.8     
    1570  -1034.2     
    1571  -1041.6     
    1572  -1049.0     
    1573  -1056.4     
    1574  -1063.8     
    1575  -1071.2     
    1576  -1078.6     
    1577  -1086.0     
    1578  -1093.4     
    1579  -1100.8     
    1580  -1108.2     
    1581  -1115.6     
    1582  -1123.0     
    1583  -1130.4     
    1584  -1137.8     
    1585  -1145.2     
    1586  -1152.6     
    1587  -1160.0     
    1588  -1167.4     
    1589  -1174.8     
    1590  -1182.2     
    1591  -1189.6     
    1592  -1197.0     
    1593  -1204.4     
    1594  -1211.7     
    1595  -1219.1     
    1596  -1226.5     
    1597  -1233.9     
    1598  -1241.3     
    1599  -1248.7     
 
  ***** POST1 NODAL DEGREE OF FREEDOM LISTING *****                            
 
  LOAD STEP=     1  SUBSTEP=     1                                             
   TIME=    1.0000      LOAD CASE=   0                                         
 
    NODE       VOLT  
    1600  -1256.1     
    1601  -1263.5     
    1602  -1270.9     
    1603  -1278.3     
    1604  -1285.7     
    1605  -1293.1     
    1606  -1300.5     
    1607  -1307.9     
    1608  -1315.3     
    1609  -1322.7     
    1610  -1330.1     
    1611  -1337.5     
    1612  -1344.9     
    1613  -1352.3     
    1614  -1359.7     
    1615  -1367.1     
    1616  -1374.5     
    1617  -1381.9     
    1618  -1389.3     
    1619  -1396.6     
    1620  -1404.0     
    1621  -1411.4     
    1622  -1418.8     
    1623  -1426.2     
    1624  -1433.6     
    1625  -1441.0     
    1626  -1448.4     
    1627  -1455.8     
    1628  -1463.2     
    1629  -1470.6     
    1630  -1478.0     
    1631  -1485.4     
    1632  -1492.8     
    1633  -1500.2     
    1634  -1507.6     
    1635  -1515.0     
    1636  -1522.4     
    1637  -1529.8     
    1638  -1537.2     
 
  ***** POST1 NODAL DEGREE OF FREEDOM LISTING *****                            
 
  LOAD STEP=     1  SUBSTEP=     1                                             
   TIME=    1.0000      LOAD CASE=   0                                         
 
    NODE       VOLT  
    1639  -1544.6     
    1640  -1552.0     
    1641  -1559.4     
    1642  -1566.8     
    1643  -1574.2     
    1644  -1581.6     
    1645  -1588.9     
    1646  -1596.3     
    1647  -1603.7     
    1648  -1611.1     
    1649  -1618.5     
    1650  -1625.9     
    1651  -1633.3     
    1652  -1640.7     
    1653  -1648.1     
    1654  -1655.5     
    1655  -1662.9     
    1656  -1670.3     
    1657  -1677.7     
    1658  -1685.1     
    1659  -1692.5     
    1660  -1699.9     
    1661  -1707.3     
    1662  -1714.7     
    1663  -1722.1     
    1664  -1729.5     
    1665  -1736.9     
    1666  -1744.3     
    1667  -1751.7     
    1668  -1759.1     
    1669  -1766.5     
    1670  -1773.8     
    1671  -1781.2     
    1672  -1788.6     
    1673  -1796.0     
    1674  -1803.4     
    1675  -1810.8     
    1676  -1818.2     
    1677  -1825.6     
 
  ***** POST1 NODAL DEGREE OF FREEDOM LISTING *****                            
 
  LOAD STEP=     1  SUBSTEP=     1                                             
   TIME=    1.0000      LOAD CASE=   0                                         
 
    NODE       VOLT  
    1678  -1833.0     
    1679  -1840.4     
    1680  -1847.8     
    1681  -1855.2     
    1682  -1862.6     
    1683  -1870.0     
    1684  -1877.4     
    1685  -1884.8     
    1686  -1892.2     
    1687  -1899.6     
    1688  -1907.0     
    1689  -1914.4     
    1690  -1921.8     
    1691  -1929.2     
    1692  -1936.6     
    1693  -1944.0     
    1694  -1951.4     
    1695  -1958.8     
    1696  -1966.1     
    1697  -1973.5     
    1698  -1980.9     
    1699  -1988.3     
    1700  -1995.7     
    1701  -2003.1     
    1702  -2010.5     
    1703  -2017.9     
    1704  -2025.3     
    1705  -2032.7     
    1706  -2040.1     
    1707  -2047.5     
    1708  -2054.9     
    1709  -2062.3     
    1710  -2069.7     
    1711  -2077.1     
    1712  -2084.5     
    1713  -2091.9     
    1714  -2099.3     
    1715  -2106.7     
    1716  -2114.1     
 
  ***** POST1 NODAL DEGREE OF FREEDOM LISTING *****                            
 
  LOAD STEP=     1  SUBSTEP=     1                                             
   TIME=    1.0000      LOAD CASE=   0                                         
 
    NODE       VOLT  
    1717  -2121.5     
    1718  -2128.9     
    1719  -2136.3     
    1720  -2143.7     
    1721  -2151.0     
    1722  -2158.4     
    1723  -2165.8     
    1724  -2173.2     
    1725  -2180.6     
    1726  -2188.0     
    1727  -2195.4     
    1728  -2202.8     
    1729  -2210.2     
    1730  -2217.6     
    1731  -2225.0     
    1732  -2232.4     
    1733  -2239.8     
    1734  -2247.2     
    1735  -2254.6     
    1736  -2262.0     
    1737  -2269.4     
    1738  -2276.8     
    1739  -2284.2     
    1740  -2291.6     
    1741  -2299.0     
    1742  -2306.4     
    1743  -2313.8     
    1744  -2321.2     
    1745  -2328.6     
    1746  -2336.0     
    1747  -2343.3     
    1748  -2350.7     
    1749  -2358.1     
    1750  -2365.5     
    1751  -2372.9     
    1752  -2380.3     
    1753  -2387.7     
    1754  -2395.1     
    1755  -2402.5     
 
  ***** POST1 NODAL DEGREE OF FREEDOM LISTING *****                            
 
  LOAD STEP=     1  SUBSTEP=     1                                             
   TIME=    1.0000      LOAD CASE=   0                                         
 
    NODE       VOLT  
    1756  -2409.9     
    1757  -2417.3     
    1758  -2424.7     
    1759  -2432.1     
    1760  -2439.5     
    1761  -2446.9     
    1762  -2454.3     
    1763  -2461.7     
    1764  -2469.1     
    1765  -2476.5     
    1766  -2483.9     
    1767  -2491.3     
    1768  -2498.7     
    1769  -2506.1     
    1770  -2513.5     
    1771  -2520.9     
    1772  -2528.2     
    1773  -2535.6     
    1774  -2543.0     
    1775  -2550.4     
    1776  -2557.8     
    1777  -2565.2     
    1778  -2572.6     
    1779  -2580.0     
    1780  -2587.4     
    1781  -2594.8     
    1782  -2602.2     
    1783  -2609.6     
    1784  -2617.0     
    1785  -2624.4     
    1786  -2631.8     
    1787  -2639.2     
    1788  -2646.6     
    1789  -2654.0     
    1790  -2661.4     
    1791  -2668.8     
    1792  -2676.2     
    1793  -2683.6     
    1794  -2691.0     
 
  ***** POST1 NODAL DEGREE OF FREEDOM LISTING *****                            
 
  LOAD STEP=     1  SUBSTEP=     1                                             
   TIME=    1.0000      LOAD CASE=   0                                         
 
    NODE       VOLT  
    1795  -2698.4     
    1796  -2705.8     
    1797  -2713.2     
    1798  -2720.5     
    1799  -2727.9     
    1800  -2735.3     
    1801  -2742.7     
    1802  -2750.1     
    1803  -2757.5     
    1804  -2764.9     
    1805  -2772.3     
    1806  -2779.7     
    1807  -2787.1     
    1808  -2794.5     
    1809  -2801.9     
    1810  -2809.3     
    1811  -2816.7     
    1812  -2824.1     
    1813  -2831.5     
    1814  -2838.9     
    1815  -2846.3     
    1816  -2853.7     
    1817  -2861.1     
    1818  -2868.5     
    1819  -2875.9     
    1820  -2883.3     
    1821  -2890.7     
    1822  -2898.1     
    1823  -2905.4     
    1824  -2912.8     
    1825  -2920.2     
    1826  -2927.6     
    1827  -2935.0     
    1828  -2942.4     
    1829  -2949.8     
    1830  -2957.2     
    1831  -2964.6     
    1832  -2972.0     
    1833  -2979.4     
 
  ***** POST1 NODAL DEGREE OF FREEDOM LISTING *****                            
 
  LOAD STEP=     1  SUBSTEP=     1                                             
   TIME=    1.0000      LOAD CASE=   0                                         
 
    NODE       VOLT  
    1834  -2986.8     
    1835  -2994.2     
    1836  -3001.6     
    1837  -3009.0     
    1838  -3016.4     
    1839  -3023.8     
    1840  -3031.2     
    1841  -3038.6     
    1842  -3046.0     
    1843  -3053.4     
    1844  -3060.8     
    1845  -3068.2     
    1846  -3075.6     
    1847  -3083.0     
    1848  -3090.4     
    1849  -3097.7     
    1850  -3105.1     
    1851  -3112.5     
    1852  -3119.9     
    1853  -3127.3     
    1854  -3134.7     
    1855  -3142.1     
    1856  -3149.5     
    1857  -3156.9     
    1858  -3164.3     
    1859  -3171.7     
    1860  -3179.1     
    1861  -3186.5     
    1862  -3193.9     
    1863  -3201.3     
    1864  -3208.7     
    1865  -3216.1     
    1866  -3223.5     
    1867  -3230.9     
    1868  -3238.3     
    1869  -3245.7     
    1870  -3253.1     
    1871  -3260.5     
    1872  -3267.9     
 
  ***** POST1 NODAL DEGREE OF FREEDOM LISTING *****                            
 
  LOAD STEP=     1  SUBSTEP=     1                                             
   TIME=    1.0000      LOAD CASE=   0                                         
 
    NODE       VOLT  
    1873  -3275.3     
    1874  -3282.6     
    1875  -3290.0     
    1876  -3297.4     
    1877  -3304.8     
    1878  -3312.2     
    1879  -3319.6     
    1880  -3327.0     
    1881  -3334.4     
    1882  -3341.8     
    1883  -3349.2     
    1884  -3356.6     
    1885  -3364.0     
    1886  -3371.4     
    1887  -3378.8     
    1888  -3386.2     
    1889  -3393.6     
    1890  -3401.0     
    1891  -3408.4     
    1892  -3415.8     
    1893  -3423.2     
    1894  -3430.6     
    1895  -3438.0     
    1896  -3445.4     
    1897  -3452.8     
    1898  -3460.2     
    1899  -3467.6     
    1900  -3474.9     
    1901  -3482.3     
    1902  -3489.7     
    1903  -3497.1     
    1904  -3504.5     
    1905  -3511.9     
    1906  -3519.3     
    1907  -3526.7     
    1908  -3534.1     
    1909  -3541.5     
    1910  -3548.9     
    1911  -3556.3     
 
  ***** POST1 NODAL DEGREE OF FREEDOM LISTING *****                            
 
  LOAD STEP=     1  SUBSTEP=     1                                             
   TIME=    1.0000      LOAD CASE=   0                                         
 
    NODE       VOLT  
    1912  -3563.7     
    1913  -3571.1     
    1914  -3578.5     
    1915  -3585.9     
    1916  -3593.3     
    1917  -3600.7     
    1918  -3608.1     
    1919  -3615.5     
    1920  -3622.9     
    1921  -3630.3     
    1922  -3637.7     
    1923  -3645.1     
    1924  -3652.5     
    1925  -3659.8     
    1926  -3667.2     
    1927  -3674.6     
    1928  -3682.0     
    1929  -3689.4     
    1930  -3694.7     
    1931  -643.24     
    1932  -644.28     
    1933  -643.35     
    1934  -641.97     
    1935  -642.36     
    1936  -642.36     
    1937  -642.31     
    1938  -642.36     
    1939  -642.58     
    1940  -642.99     
    1941  -643.00     
    1942  -642.43     
    1943  -642.79     
    1944  -642.56     
    1945  -642.84     
    1946  -642.42     
    1947  -642.61     
    1948  -800.03     
    1949  -799.94     
    1950  -800.01     
 
  ***** POST1 NODAL DEGREE OF FREEDOM LISTING *****                            
 
  LOAD STEP=     1  SUBSTEP=     1                                             
   TIME=    1.0000      LOAD CASE=   0                                         
 
    NODE       VOLT  
    1951  -800.12     
    1952  -800.04     
    1953  -800.02     
    1954  -799.99     
    1955  -799.96     
    1956  -799.99     
    1957  -800.04     
    1958  -800.04     
    1959  -656.46     
    1960  -671.40     
    1961  -692.15     
    1962  -712.43     
    1963  -736.82     
    1964  -759.73     
    1965  -781.92     
    1966  -643.09     
    1967  -643.29     
    1968  -643.10     
    1969  -642.35     
    1970  -642.60     
    1971  -642.22     
    1972  -642.41     
    1973  -642.27     
    1974  -642.69     
    1975  -642.96     
    1976  -643.00     
    1977  -641.95     
    1978  -642.39     
    1979  -642.26     
    1980  -643.03     
    1981  -642.88     
    1982  -642.52     
    1983  -957.13     
    1984  -957.24     
    1985  -957.31     
    1986  -957.38     
    1987  -957.99     
    1988  -958.16     
    1989  -957.82     
 
  ***** POST1 NODAL DEGREE OF FREEDOM LISTING *****                            
 
  LOAD STEP=     1  SUBSTEP=     1                                             
   TIME=    1.0000      LOAD CASE=   0                                         
 
    NODE       VOLT  
    1990  -957.73     
    1991  -957.39     
    1992  -957.37     
    1993  -956.99     
    1994  -956.84     
    1995  -956.31     
    1996  -956.29     
    1997  -956.02     
    1998  -957.14     
    1999  -957.53     
    2000  -1000.0     
    2001  -1000.0     
    2002  -1000.0     
    2003  -1000.0     
    2004  -1000.0     
    2005  -1000.0     
    2006  -1000.0     
    2007  -1000.0     
    2008  -1000.0     
    2009  -1000.0     
    2010  -1000.0     
    2011  -1000.0     
    2012  -1000.0     
    2013  -1000.0     
    2014  -1000.0     
    2015  -1000.0     
    2016  -1000.0     
    2017  -1000.0     
    2018  -1000.0     
    2019  -1000.0     
    2020  -1000.0     
    2021  -1000.0     
    2022  -1000.0     
    2023  -1000.0     
    2024  -1000.0     
    2025  -1000.0     
    2026  -1000.0     
    2027  -1000.0     
    2028  -1000.0     
 
  ***** POST1 NODAL DEGREE OF FREEDOM LISTING *****                            
 
  LOAD STEP=     1  SUBSTEP=     1                                             
   TIME=    1.0000      LOAD CASE=   0                                         
 
    NODE       VOLT  
    2029  -1000.0     
    2030  -1000.0     
    2031  -1000.0     
    2032  -1000.0     
    2033  -1000.0     
    2034  -1000.0     
    2035  -1000.0     
    2036  -1000.0     
    2037  -1000.0     
    2038  -600.00     
    2039  -600.00     
    2040  -600.00     
    2041  -600.00     
    2042  -600.00     
    2043  -600.00     
    2044  -600.00     
    2045  -600.00     
    2046  -600.00     
    2047  -600.00     
    2048  -600.00     
    2049  -600.00     
    2050  -600.00     
    2051  -600.00     
    2052  -600.00     
    2053  -600.00     
    2054  -600.00     
    2055  -600.00     
    2056  -600.00     
    2057  -600.00     
    2058  -600.00     
    2059  -600.00     
    2060  -600.00     
    2061  -600.00     
    2062  -600.00     
    2063  -600.00     
    2064  -600.00     
    2065  -600.00     
    2066  -600.00     
    2067  -600.00     
 
  ***** POST1 NODAL DEGREE OF FREEDOM LISTING *****                            
 
  LOAD STEP=     1  SUBSTEP=     1                                             
   TIME=    1.0000      LOAD CASE=   0                                         
 
    NODE       VOLT  
    2068  -600.00     
    2069  -600.00     
    2070  -600.00     
    2071  -600.00     
    2072  -600.00     
    2073  -600.00     
    2074  -600.00     
    2075  -600.00     
    2076  -818.13     
    2077  -840.34     
    2078  -863.28     
    2079  -887.58     
    2080  -908.23     
    2081  -929.23     
    2082  -944.35     
    2083  -799.93     
    2084  -799.77     
    2085  -799.86     
    2086  -799.98     
    2087  -799.86     
    2088  -799.76     
    2089  -799.85     
    2090  -799.88     
    2091  -799.90     
    2092  -799.97     
    2093  -799.98     
    2094  -655.65     
    2095  -670.72     
    2096  -691.68     
    2097  -712.36     
    2098  -736.72     
    2099  -759.67     
    2100  -781.80     
    2101  -656.01     
    2102  -670.75     
    2103  -691.85     
    2104  -712.54     
    2105  -737.29     
    2106  -760.54     
 
  ***** POST1 NODAL DEGREE OF FREEDOM LISTING *****                            
 
  LOAD STEP=     1  SUBSTEP=     1                                             
   TIME=    1.0000      LOAD CASE=   0                                         
 
    NODE       VOLT  
    2107  -782.20     
    2108  -817.80     
    2109  -839.45     
    2110  -862.72     
    2111  -887.53     
    2112  -908.15     
    2113  -929.15     
    2114  -944.47     
    2115  -957.36     
    2116  -956.35     
    2117  -956.43     
    2118  -957.18     
    2119  -957.41     
    2120  -957.44     
    2121  -957.16     
    2122  -956.53     
    2123  -956.63     
    2124  -957.25     
    2125  -956.91     
    2126  -957.22     
    2127  -957.88     
    2128  -958.30     
    2129  -958.17     
    2130  -958.69     
    2131  -958.47     
    2132  -1000.0     
    2133  -1000.0     
    2134  -1000.0     
    2135  -1000.0     
    2136  -1000.0     
    2137  -1000.0     
    2138  -1000.0     
    2139  -1000.0     
    2140  -1000.0     
    2141  -1000.0     
    2142  -1000.0     
    2143  -1000.0     
    2144  -1000.0     
    2145  -1000.0     
 
  ***** POST1 NODAL DEGREE OF FREEDOM LISTING *****                            
 
  LOAD STEP=     1  SUBSTEP=     1                                             
   TIME=    1.0000      LOAD CASE=   0                                         
 
    NODE       VOLT  
    2146  -1000.0     
    2147  -1000.0     
    2148  -1000.0     
    2149  -1000.0     
    2150  -1000.0     
    2151  -1000.0     
    2152  -1000.0     
    2153  -1000.0     
    2154  -1000.0     
    2155  -1000.0     
    2156  -1000.0     
    2157  -1000.0     
    2158  -1000.0     
    2159  -1000.0     
    2160  -1000.0     
    2161  -1000.0     
    2162  -1000.0     
    2163  -1000.0     
    2164  -1000.0     
    2165  -1000.0     
    2166  -1000.0     
    2167  -1000.0     
    2168  -1000.0     
    2169  -1000.0     
    2170  -600.00     
    2171  -600.00     
    2172  -600.00     
    2173  -600.00     
    2174  -600.00     
    2175  -600.00     
    2176  -600.00     
    2177  -600.00     
    2178  -600.00     
    2179  -600.00     
    2180  -600.00     
    2181  -600.00     
    2182  -600.00     
    2183  -600.00     
    2184  -600.00     
 
  ***** POST1 NODAL DEGREE OF FREEDOM LISTING *****                            
 
  LOAD STEP=     1  SUBSTEP=     1                                             
   TIME=    1.0000      LOAD CASE=   0                                         
 
    NODE       VOLT  
    2185  -600.00     
    2186  -600.00     
    2187  -600.00     
    2188  -600.00     
    2189  -600.00     
    2190  -600.00     
    2191  -600.00     
    2192  -600.00     
    2193  -600.00     
    2194  -600.00     
    2195  -600.00     
    2196  -600.00     
    2197  -600.00     
    2198  -600.00     
    2199  -600.00     
    2200  -600.00     
    2201  -600.00     
    2202  -600.00     
    2203  -600.00     
    2204  -600.00     
    2205  -600.00     
    2206  -600.00     
    2207  -600.00     
    2208  -817.95     
    2209  -840.17     
    2210  -863.13     
    2211  -887.48     
    2212  -907.96     
    2213  -928.86     
    2214  -943.69     
    2215  -600.00     
    2216  -600.00     
    2217  -600.00     
    2218  -600.00     
    2219  -600.00     
    2220  -600.00     
    2221  -600.00     
    2222  -600.00     
    2223  -600.00     
 
  ***** POST1 NODAL DEGREE OF FREEDOM LISTING *****                            
 
  LOAD STEP=     1  SUBSTEP=     1                                             
   TIME=    1.0000      LOAD CASE=   0                                         
 
    NODE       VOLT  
    2224  -600.00     
    2225  -600.00     
    2226  -600.00     
    2227  -600.00     
    2228  -600.00     
    2229  -600.00     
    2230  -600.00     
    2231  -600.00     
    2232  -600.00     
    2233  -600.00     
    2234  -600.00     
    2235  -600.00     
    2236  -600.00     
    2237  -600.00     
    2238  -600.00     
    2239  -600.00     
    2240  -600.00     
    2241  -600.00     
    2242  -600.00     
    2243  -600.00     
    2244  -600.00     
    2245  -600.00     
    2246  -600.00     
    2247  -1000.0     
    2248  -1000.0     
    2249  -1000.0     
    2250  -1000.0     
    2251  -1000.0     
    2252  -1000.0     
    2253  -1000.0     
    2254  -1000.0     
    2255  -1000.0     
    2256  -1000.0     
    2257  -1000.0     
    2258  -1000.0     
    2259  -1000.0     
    2260  -1000.0     
    2261  -1000.0     
    2262  -1000.0     
 
  ***** POST1 NODAL DEGREE OF FREEDOM LISTING *****                            
 
  LOAD STEP=     1  SUBSTEP=     1                                             
   TIME=    1.0000      LOAD CASE=   0                                         
 
    NODE       VOLT  
    2263  -1000.0     
    2264  -1000.0     
    2265  -1000.0     
    2266  -1000.0     
    2267  -1000.0     
    2268  -1000.0     
    2269  -1000.0     
    2270  -1000.0     
    2271  -1000.0     
    2272  -1000.0     
    2273  -1000.0     
    2274  -1000.0     
    2275  -1000.0     
    2276  -1000.0     
    2277  -1000.0     
    2278  -1000.0     
    2279  -1000.0     
    2280  -1000.0     
    2281  -1000.0     
    2282  -1000.0     
    2283  -1000.0     
    2284  -1000.0     
    2285  -1000.0     
    2286  -1000.0     
    2287  -1000.0     
    2288  -1000.0     
    2289  -1000.0     
    2290  -1000.0     
    2291  -1000.0     
    2292  -1000.0     
    2293  -1000.0     
    2294  -1000.0     
    2295  -1000.0     
    2296  -1000.0     
    2297  -1000.0     
    2298  -1000.0     
    2299  -1000.0     
    2300  -1000.0     
    2301  -1000.0     
 
  ***** POST1 NODAL DEGREE OF FREEDOM LISTING *****                            
 
  LOAD STEP=     1  SUBSTEP=     1                                             
   TIME=    1.0000      LOAD CASE=   0                                         
 
    NODE       VOLT  
    2302  -1000.0     
    2303  -1000.0     
    2304  -1000.0     
    2305  -1000.0     
    2306  -1000.0     
    2307  -1000.0     
    2308  -1000.0     
    2309  -1000.0     
    2310  -1000.0     
    2311  -600.00     
    2312  -600.00     
    2313  -600.00     
    2314  -600.00     
    2315  -600.00     
    2316  -600.00     
    2317  -600.00     
    2318  -600.00     
    2319  -600.00     
    2320  -600.00     
    2321  -600.00     
    2322  -600.00     
    2323  -600.00     
    2324  -600.00     
    2325  -600.00     
    2326  -600.00     
    2327  -600.00     
    2328  -600.00     
    2329  -600.00     
    2330  -600.00     
    2331  -600.00     
    2332  -600.00     
    2333  -600.00     
    2334  -600.00     
    2335  -600.00     
    2336  -600.00     
    2337  -600.00     
    2338  -600.00     
    2339  -600.00     
    2340  -600.00     
 
  ***** POST1 NODAL DEGREE OF FREEDOM LISTING *****                            
 
  LOAD STEP=     1  SUBSTEP=     1                                             
   TIME=    1.0000      LOAD CASE=   0                                         
 
    NODE       VOLT  
    2341  -600.00     
    2342  -600.00     
    2343  -847.57     
    2344  -861.66     
    2345  -905.60     
    2346  -943.11     
    2347  -842.06     
    2348  -922.77     
    2349  -825.86     
    2350  -934.51     
    2351  -949.82     
    2352  -933.88     
    2353  -948.78     
    2354  -829.41     
    2355  -831.13     
    2356  -810.89     
    2357  -810.88     
    2358  -844.66     
    2359  -810.53     
    2360  -831.30     
    2361  -810.53     
    2362  -871.79     
    2363  -879.07     
    2364  -886.71     
    2365  -875.06     
    2366  -898.22     
    2367  -868.28     
    2368  -848.88     
    2369  -849.72     
    2370  -851.78     
    2371  -853.16     
    2372  -858.26     
    2373  -859.27     
    2374  -893.25     
    2375  -893.17     
    2376  -897.54     
    2377  -895.35     
    2378  -908.24     
    2379  -902.82     
 
  ***** POST1 NODAL DEGREE OF FREEDOM LISTING *****                            
 
  LOAD STEP=     1  SUBSTEP=     1                                             
   TIME=    1.0000      LOAD CASE=   0                                         
 
    NODE       VOLT  
    2380  -910.34     
    2381  -907.79     
    2382  -891.75     
    2383  -847.90     
    2384  -884.06     
    2385  -919.32     
    2386  -829.49     
    2387  -831.66     
    2388  -833.98     
    2389  -921.46     
    2390  -916.91     
    2391  -918.93     
    2392  -926.51     
    2393  -928.87     
    2394  -928.59     
    2395  -896.50     
    2396  -849.77     
    2397  -874.04     
    2398  -897.24     
    2399  -918.30     
    2400  -812.88     
    2401  -812.96     
    2402  -813.72     
    2403  -813.71     
    2404  -815.09     
    2405  -815.05     
    2406  -815.87     
    2407  -815.78     
    2408  -943.22     
    2409  -942.74     
    2410  -939.38     
    2411  -938.76     
    2412  -939.12     
    2413  -938.78     
    2414  -941.39     
    2415  -941.57     
    2416  -945.09     
    2417  -945.70     
    2418  -943.81     
 
  ***** POST1 NODAL DEGREE OF FREEDOM LISTING *****                            
 
  LOAD STEP=     1  SUBSTEP=     1                                             
   TIME=    1.0000      LOAD CASE=   0                                         
 
    NODE       VOLT  
    2419  -943.74     
    2420  -947.17     
    2421  -946.17     
    2422  -876.99     
    2423  -853.22     
    2424  -927.54     
    2425  -906.61     
    2426  -926.63     
    2427  -867.70     
    2428  -931.42     
    2429  -926.35     
    2430  -931.83     
    2431  -921.65     
    2432  -917.36     
    2433  -917.30     
    2434  -835.69     
    2435  -833.39     
    2436  -830.85     
    2437  -829.07     
    2438  -907.50     
    2439  -861.44     
    2440  -889.56     
    2441  -884.98     
    2442  -874.43     
    2443  -870.21     
    2444  -823.38     
    2445  -824.01     
    2446  -938.11     
    2447  -628.02     
    2448  -971.57     
    2449  -715.53     
    2450  -903.32     
    2451  -701.15     
    2452  -908.69     
    2453  -798.21     
    2454  -818.36     
    2455  -818.54     
    2456  -695.11     
    2457  -699.43     
 
  ***** POST1 NODAL DEGREE OF FREEDOM LISTING *****                            
 
  LOAD STEP=     1  SUBSTEP=     1                                             
   TIME=    1.0000      LOAD CASE=   0                                         
 
    NODE       VOLT  
    2458  -910.91     
    2459  -955.12     
    2460  -645.31     
    2461  -906.95     
    2462  -949.81     
    2463  -975.89     
    2464  -947.76     
    2465  -975.94     
    2466  -653.52     
    2467  -651.91     
    2468  -623.79     
    2469  -623.74     
    2470  -804.26     
    2471  -806.36     
    2472  -868.36     
    2473  -870.05     
    2474  -846.17     
    2475  -907.97     
    2476  -737.98     
    2477  -754.80     
    2478  -755.17     
    2479  -714.82     
    2480  -785.07     
    2481  -705.95     
    2482  -876.86     
    2483  -943.97     
    2484  -659.68     
    2485  -751.43     
    2486  -726.86     
    2487  -788.16     
    2488  -810.35     
    2489  -857.59     
    2490  -834.03     
    2491  -688.43     
    2492  -665.39     
    2493  -934.74     
    2494  -911.63     
    2495  -973.98     
    2496  -973.77     
 
  ***** POST1 NODAL DEGREE OF FREEDOM LISTING *****                            
 
  LOAD STEP=     1  SUBSTEP=     1                                             
   TIME=    1.0000      LOAD CASE=   0                                         
 
    NODE       VOLT  
    2497  -973.39     
    2498  -969.84     
    2499  -629.71     
    2500  -630.41     
    2501  -629.93     
    2502  -630.00     
    2503  -967.90     
    2504  -963.87     
    2505  -635.90     
    2506  -631.95     
    2507  -663.71     
    2508  -936.44     
    2509  -659.79     
    2510  -947.48     
    2511  -824.42     
    2512  -744.52     
    2513  -768.09     
    2514  -742.38     
    2515  -869.08     
    2516  -870.23     
    2517  -647.51     
    2518  -951.82     
    2519  -753.95     
    2520  -698.83     
    2521  -657.53     
    2522  -654.59     
    2523  -710.01     
    2524  -763.16     
    2525  -755.81     
    2526  -777.16     
    2527  -790.37     
    2528  -770.51     
    2529  -790.47     
    2530  -774.99     
    2531  -768.51     
    2532  -789.21     
    2533  -789.36     
    2534  -714.76     
    2535  -733.01     
 
  ***** POST1 NODAL DEGREE OF FREEDOM LISTING *****                            
 
  LOAD STEP=     1  SUBSTEP=     1                                             
   TIME=    1.0000      LOAD CASE=   0                                         
 
    NODE       VOLT  
    2536  -728.00     
    2537  -726.50     
    2538  -735.01     
    2539  -709.33     
    2540  -709.51     
    2541  -709.13     
    2542  -708.12     
    2543  -703.49     
    2544  -696.99     
    2545  -690.64     
    2546  -687.83     
    2547  -753.08     
    2548  -752.24     
    2549  -752.64     
    2550  -749.69     
    2551  -747.71     
    2552  -753.60     
    2553  -733.85     
    2554  -709.69     
    2555  -760.88     
    2556  -679.79     
    2557  -685.47     
    2558  -684.37     
    2559  -677.46     
    2560  -673.10     
    2561  -672.28     
    2562  -772.67     
    2563  -771.76     
    2564  -773.19     
    2565  -704.15     
    2566  -670.04     
    2567  -691.15     
    2568  -730.09     
    2569  -754.05     
    2570  -655.89     
    2571  -657.09     
    2572  -661.45     
    2573  -661.78     
    2574  -662.60     
 
  ***** POST1 NODAL DEGREE OF FREEDOM LISTING *****                            
 
  LOAD STEP=     1  SUBSTEP=     1                                             
   TIME=    1.0000      LOAD CASE=   0                                         
 
    NODE       VOLT  
    2575  -662.15     
    2576  -662.15     
    2577  -660.63     
    2578  -655.55     
    2579  -656.06     
    2580  -656.82     
    2581  -657.32     
    2582  -654.04     
    2583  -654.28     
    2584  -787.69     
    2585  -787.85     
    2586  -787.46     
    2587  -787.35     
    2588  -786.61     
    2589  -786.61     
    2590  -788.63     
    2591  -788.52     
    2592  -693.46     
    2593  -672.39     
    2594  -747.23     
    2595  -723.51     
    2596  -733.41     
    2597  -673.38     
    2598  -774.60     
    2599  -770.90     
    2600  -771.67     
    2601  -772.72     
    2602  -668.91     
    2603  -674.63     
    2604  -670.95     
    2605  -683.20     
    2606  -684.65     
    2607  -684.83     
    2608  -746.01     
    2609  -732.89     
    2610  -722.32     
    2611  -731.96     
    2612  -706.19     
    2613  -776.50     
 
  ***** POST1 NODAL DEGREE OF FREEDOM LISTING *****                            
 
  LOAD STEP=     1  SUBSTEP=     1                                             
   TIME=    1.0000      LOAD CASE=   0                                         
 
    NODE       VOLT  
    2614  -779.08     
    2615  -628.19     
    2616  -972.62     
    2617  -915.07     
    2618  -857.28     
    2619  -766.62     
    2620  -916.46     
    2621  -910.59     
    2622  -960.00     
    2623  -640.49     
    2624  -649.60     
    2625  -636.59     
    2626  -948.94     
    2627  -651.26     
    2628  -640.54     
    2629  -844.26     
    2630  -921.79     
    2631  -916.40     
    2632  -947.70     
    2633  -949.05     
    2634  -977.21     
    2635  -977.20     
    2636  -808.91     
    2637  -836.54     
    2638  -877.78     
    2639  -861.55     
    2640  -800.27     
    2641  -797.12     
    2642  -825.15     
    2643  -798.16     
    2644  -862.10     
    2645  -855.52     
    2646  -741.66     
    2647  -733.62     
    2648  -736.62     
    2649  -745.67     
    2650  -746.83     
    2651  -737.85     
    2652  -744.33     
 
  ***** POST1 NODAL DEGREE OF FREEDOM LISTING *****                            
 
  LOAD STEP=     1  SUBSTEP=     1                                             
   TIME=    1.0000      LOAD CASE=   0                                         
 
    NODE       VOLT  
    2653  -746.76     
    2654  -749.17     
    2655  -887.33     
    2656  -834.85     
    2657  -796.69     
    2658  -816.51     
    2659  -862.91     
    2660  -897.95     
    2661  -837.26     
    2662  -845.53     
    2663  -911.80     
    2664  -883.73     
    2665  -856.25     
    2666  -859.96     
    2667  -856.00     
    2668  -758.84     
    2669  -732.57     
    2670  -739.32     
    2671  -919.48     
    2672  -690.07     
    2673  -696.73     
    2674  -683.55     
    2675  -681.87     
    2676  -682.28     
    2677  -934.33     
    2678  -946.99     
    2679  -916.69     
    2680  -751.96     
    2681  -775.81     
    2682  -798.29     
    2683  -820.60     
    2684  -707.36     
    2685  -668.67     
    2686  -918.87     
    2687  -924.03     
    2688  -950.95     
    2689  -948.55     
    2690  -671.53     
    2691  -694.52     
 
  ***** POST1 NODAL DEGREE OF FREEDOM LISTING *****                            
 
  LOAD STEP=     1  SUBSTEP=     1                                             
   TIME=    1.0000      LOAD CASE=   0                                         
 
    NODE       VOLT  
    2692  -905.36     
    2693  -928.45     
    2694  -970.45     
    2695  -970.48     
    2696  -970.46     
    2697  -978.07     
    2698  -978.05     
    2699  -972.89     
    2700  -972.87     
    2701  -974.10     
    2702  -974.09     
    2703  -960.20     
    2704  -960.11     
    2705  -960.17     
    2706  -955.64     
    2707  -956.18     
    2708  -962.68     
    2709  -640.52     
    2710  -640.50     
    2711  -649.66     
    2712  -649.63     
    2713  -647.19     
    2714  -647.18     
    2715  -636.42     
    2716  -636.44     
    2717  -636.50     
    2718  -645.79     
    2719  -646.46     
    2720  -636.60     
    2721  -956.33     
    2722  -960.51     
    2723  -639.24     
    2724  -643.83     
    2725  -676.65     
    2726  -922.37     
    2727  -691.37     
    2728  -672.87     
    2729  -694.31     
    2730  -699.18     
 
  ***** POST1 NODAL DEGREE OF FREEDOM LISTING *****                            
 
  LOAD STEP=     1  SUBSTEP=     1                                             
   TIME=    1.0000      LOAD CASE=   0                                         
 
    NODE       VOLT  
    2731  -680.94     
    2732  -912.50     
    2733  -920.36     
    2734  -948.20     
    2735  -945.78     
    2736  -956.13     
    2737  -940.97     
    2738  -891.99     
    2739  -796.04     
    2740  -783.98     
    2741  -799.96     
    2742  -875.45     
    2743  -799.11     
    2744  -833.89     
    2745  -794.27     
    2746  -800.50     
    2747  -889.23     
    2748  -954.44     
    2749  -1000.0     
    2750  -1000.0     
    2751  -1000.0     
    2752  -1000.0     
    2753  -1000.0     
    2754  -1000.0     
    2755  -1000.0     
    2756  -1000.0     
    2757  -1000.0     
    2758  -1000.0     
    2759  -1000.0     
    2760  -1000.0     
    2761  -1000.0     
    2762  -1000.0     
    2763  -1000.0     
    2764  -1000.0     
    2765  -1000.0     
    2766  -1000.0     
    2767  -1000.0     
    2768  -1000.0     
    2769  -1000.0     
 
  ***** POST1 NODAL DEGREE OF FREEDOM LISTING *****                            
 
  LOAD STEP=     1  SUBSTEP=     1                                             
   TIME=    1.0000      LOAD CASE=   0                                         
 
    NODE       VOLT  
    2770  -1000.0     
    2771  -1000.0     
    2772  -1000.0     
    2773  -1000.0     
    2774  -1000.0     
    2775  -1000.0     
    2776  -1000.0     
    2777  -1000.0     
    2778  -1000.0     
    2779  -1000.0     
    2780  -1000.0     
    2781  -1000.0     
    2782  -1000.0     
    2783  -1000.0     
    2784  -1000.0     
    2785  -1000.0     
    2786  -1000.0     
    2787  -1000.0     
    2788  -1000.0     
    2789  -1000.0     
    2790  -1000.0     
    2791  -1000.0     
    2792  -1000.0     
    2793  -1000.0     
    2794  -1000.0     
    2795  -1000.0     
    2796  -1000.0     
    2797  -1000.0     
    2798  -1000.0     
    2799  -1000.0     
    2800  -1000.0     
    2801  -1000.0     
    2802  -1000.0     
    2803  -1000.0     
    2804  -1000.0     
    2805  -1000.0     
    2806  -1000.0     
    2807  -1000.0     
    2808  -1000.0     
 
  ***** POST1 NODAL DEGREE OF FREEDOM LISTING *****                            
 
  LOAD STEP=     1  SUBSTEP=     1                                             
   TIME=    1.0000      LOAD CASE=   0                                         
 
    NODE       VOLT  
    2809  -1000.0     
    2810  -1000.0     
    2811  -1000.0     
    2812  -1000.0     
    2813  -1000.0     
    2814  -1000.0     
    2815  -1000.0     
    2816  -1000.0     
    2817  -1000.0     
    2818  -1000.0     
    2819  -1000.0     
    2820  -1000.0     
    2821  -1000.0     
    2822  -1000.0     
    2823  -1000.0     
    2824  -1000.0     
    2825  -1000.0     
    2826  -1000.0     
    2827  -1000.0     
    2828  -1000.0     
    2829  -1000.0     
    2830  -1000.0     
    2831  -1000.0     
    2832  -1000.0     
    2833  -1000.0     
    2834  -1000.0     
    2835  -1000.0     
    2836  -1000.0     
    2837  -1000.0     
    2838  -1000.0     
    2839  -1000.0     
    2840  -1000.0     
    2841  -1000.0     
    2842  -1000.0     
    2843  -1000.0     
    2844  -1000.0     
    2845  -1000.0     
    2846  -1000.0     
    2847  -1000.0     
 
  ***** POST1 NODAL DEGREE OF FREEDOM LISTING *****                            
 
  LOAD STEP=     1  SUBSTEP=     1                                             
   TIME=    1.0000      LOAD CASE=   0                                         
 
    NODE       VOLT  
    2848  -1000.0     
    2849  -1000.0     
    2850  -1000.0     
    2851  -1000.0     
    2852  -1000.0     
    2853  -1000.0     
    2854  -1000.0     
    2855  -1000.0     
    2856  -1000.0     
    2857  -1000.0     
    2858  -1000.0     
    2859  -1000.0     
    2860  -1000.0     
    2861  -1000.0     
    2862  -1000.0     
    2863  -1000.0     
    2864  -1000.0     
    2865  -1000.0     
    2866  -1000.0     
    2867  -1000.0     
    2868  -1000.0     
    2869  -1000.0     
    2870  -1000.0     
    2871  -1000.0     
    2872  -1000.0     
    2873  -1000.0     
    2874  -1000.0     
    2875  -1000.0     
    2876  -1000.0     
    2877  -1000.0     
    2878  -1000.0     
    2879  -1000.0     
    2880  -1000.0     
    2881  -1000.0     
    2882  -1000.0     
    2883  -1000.0     
    2884  -1000.0     
    2885  -1000.0     
    2886  -1000.0     
 
  ***** POST1 NODAL DEGREE OF FREEDOM LISTING *****                            
 
  LOAD STEP=     1  SUBSTEP=     1                                             
   TIME=    1.0000      LOAD CASE=   0                                         
 
    NODE       VOLT  
    2887  -1000.0     
    2888  -1000.0     
    2889  -1000.0     
    2890  -1000.0     
    2891  -1000.0     
    2892  -1000.0     
    2893  -1000.0     
    2894  -1000.0     
    2895  -1000.0     
    2896  -1000.0     
    2897  -1000.0     
    2898  -1000.0     
    2899  -1000.0     
    2900  -1000.0     
    2901  -1000.0     
    2902  -1000.0     
    2903  -1000.0     
    2904  -1000.0     
    2905  -1000.0     
    2906  -1000.0     
    2907  -1000.0     
    2908  -1000.0     
    2909  -1000.0     
    2910  -1000.0     
    2911  -1000.0     
    2912  -1000.0     
    2913  -1000.0     
    2914  -1000.0     
    2915  -1000.0     
    2916  -1000.0     
    2917  -1000.0     
    2918  -1000.0     
    2919  -1000.0     
    2920  -1000.0     
    2921  -1000.0     
    2922  -1000.0     
    2923  -1000.0     
    2924  -1000.0     
    2925  -1000.0     
 
  ***** POST1 NODAL DEGREE OF FREEDOM LISTING *****                            
 
  LOAD STEP=     1  SUBSTEP=     1                                             
   TIME=    1.0000      LOAD CASE=   0                                         
 
    NODE       VOLT  
    2926  -1000.0     
    2927  -1000.0     
    2928  -1000.0     
    2929  -1000.0     
    2930  -1000.0     
    2931  -1000.0     
    2932  -1000.0     
    2933  -1000.0     
    2934  -1000.0     
    2935  -1000.0     
    2936  -1000.0     
    2937  -1000.0     
    2938  -1000.0     
    2939  -1000.0     
    2940  -1000.0     
    2941  -1000.0     
    2942  -1000.0     
    2943  -1000.0     
    2944  -1000.0     
    2945  -1000.0     
    2946  -1000.0     
    2947  -1000.0     
    2948  -1000.0     
    2949  -1000.0     
    2950  -1000.0     
    2951  -1000.0     
    2952  -1000.0     
    2953  -1000.0     
    2954  -1000.0     
    2955  -1000.0     
    2956  -1000.0     
    2957  -1000.0     
    2958  -1000.0     
    2959  -1000.0     
    2960  -1000.0     
    2961  -1000.0     
    2962  -1000.0     
    2963  -1000.0     
    2964  -1000.0     
 
  ***** POST1 NODAL DEGREE OF FREEDOM LISTING *****                            
 
  LOAD STEP=     1  SUBSTEP=     1                                             
   TIME=    1.0000      LOAD CASE=   0                                         
 
    NODE       VOLT  
    2965  -1000.0     
    2966  -1000.0     
    2967  -1000.0     
    2968  -1000.0     
    2969  -1000.0     
    2970  -1000.0     
    2971  -1000.0     
    2972  -1000.0     
    2973  -1000.0     
    2974  -1000.0     
    2975  -1000.0     
    2976  -1000.0     
    2977  -1000.0     
    2978  -1000.0     
    2979  -1000.0     
    2980  -1000.0     
    2981  -1000.0     
    2982  -1000.0     
    2983  -1000.0     
    2984  -1000.0     
    2985  -1000.0     
    2986  -1000.0     
    2987  -1000.0     
    2988  -1000.0     
    2989  -1000.0     
    2990  -1000.0     
    2991  -1000.0     
    2992  -1000.0     
    2993  -1000.0     
    2994  -1000.0     
    2995  -1000.0     
    2996  -1000.0     
    2997  -1000.0     
    2998  -1000.0     
    2999  -1000.0     
    3000  -1000.0     
    3001  -1000.0     
    3002  -1000.0     
    3003  -1000.0     
 
  ***** POST1 NODAL DEGREE OF FREEDOM LISTING *****                            
 
  LOAD STEP=     1  SUBSTEP=     1                                             
   TIME=    1.0000      LOAD CASE=   0                                         
 
    NODE       VOLT  
    3004  -1000.0     
    3005  -1000.0     
    3006  -1000.0     
    3007  -1000.0     
    3008  -1000.0     
    3009  -1000.0     
    3010  -1000.0     
    3011  -1000.0     
    3012  -1000.0     
    3013  -1000.0     
    3014  -1000.0     
    3015  -1000.0     
    3016  -1000.0     
    3017  -1000.0     
    3018  -1000.0     
    3019  -1000.0     
    3020  -1000.0     
    3021  -1000.0     
    3022  -1000.0     
    3023  -1000.0     
    3024  -1000.0     
    3025  -1000.0     
    3026  -1000.0     
    3027  -1000.0     
    3028  -1000.0     
    3029  -1000.0     
    3030  -1000.0     
    3031  -1000.0     
    3032  -1000.0     
    3033  -1000.0     
    3034  -1000.0     
    3035  -1000.0     
    3036  -1000.0     
    3037  -1000.0     
    3038  -1000.0     
    3039  -1000.0     
    3040  -1000.0     
    3041  -1000.0     
    3042  -1000.0     
 
  ***** POST1 NODAL DEGREE OF FREEDOM LISTING *****                            
 
  LOAD STEP=     1  SUBSTEP=     1                                             
   TIME=    1.0000      LOAD CASE=   0                                         
 
    NODE       VOLT  
    3043  -1000.0     
    3044  -1000.0     
    3045  -1000.0     
    3046  -1000.0     
    3047  -1000.0     
    3048  -1000.0     
    3049  -1000.0     
    3050  -1000.0     
    3051  -1000.0     
    3052  -1000.0     
    3053  -1000.0     
    3054  -1000.0     
    3055  -1000.0     
    3056  -1000.0     
    3057  -1000.0     
    3058  -1000.0     
    3059  -1000.0     
    3060  -1000.0     
    3061  -1000.0     
    3062  -1000.0     
    3063  -1000.0     
    3064  -1000.0     
    3065  -1000.0     
    3066  -1000.0     
    3067  -1000.0     
    3068  -1000.0     
    3069  -1000.0     
    3070  -1000.0     
    3071  -1000.0     
    3072  -1000.0     
    3073  -1000.0     
    3074  -1000.0     
    3075  -1000.0     
    3076  -1000.0     
    3077  -1000.0     
    3078  -1000.0     
    3079  -1000.0     
    3080  -1000.0     
    3081  -1000.0     
 
  ***** POST1 NODAL DEGREE OF FREEDOM LISTING *****                            
 
  LOAD STEP=     1  SUBSTEP=     1                                             
   TIME=    1.0000      LOAD CASE=   0                                         
 
    NODE       VOLT  
    3082  -1000.0     
    3083  -1000.0     
    3084  -1000.0     
    3085  -1000.0     
    3086  -1000.0     
    3087  -1000.0     
    3088  -1000.0     
    3089  -1000.0     
    3090  -1000.0     
    3091  -1000.0     
    3092  -1000.0     
    3093  -1000.0     
    3094  -1000.0     
    3095  -1000.0     
    3096  -1000.0     
    3097  -1000.0     
    3098  -1000.0     
    3099  -1000.0     
    3100  -1000.0     
    3101  -1000.0     
    3102  -1000.0     
    3103  -1000.0     
    3104  -1000.0     
    3105  -1000.0     
    3106  -1000.0     
    3107  -1000.0     
    3108  -1000.0     
    3109  -1000.0     
    3110  -1000.0     
    3111  -1000.0     
    3112  -1000.0     
    3113  -1000.0     
    3114  -1000.0     
    3115  -1000.0     
    3116  -1000.0     
    3117  -1000.0     
    3118  -1000.0     
    3119  -1000.0     
    3120  -1000.0     
 
  ***** POST1 NODAL DEGREE OF FREEDOM LISTING *****                            
 
  LOAD STEP=     1  SUBSTEP=     1                                             
   TIME=    1.0000      LOAD CASE=   0                                         
 
    NODE       VOLT  
    3121  -1000.0     
    3122  -1000.0     
    3123  -1000.0     
    3124  -1000.0     
    3125  -1000.0     
    3126  -1000.0     
    3127  -1000.0     
    3128  -1000.0     
    3129  -1000.0     
    3130  -1000.0     
    3131  -1000.0     
    3132  -1000.0     
    3133  -1000.0     
    3134  -1000.0     
    3135  -1000.0     
    3136  -1000.0     
    3137  -1000.0     
    3138  -1000.0     
    3139  -1000.0     
    3140  -1000.0     
    3141  -1000.0     
    3142  -1000.0     
    3143  -1000.0     
    3144  -1000.0     
    3145  -1000.0     
    3146  -1000.0     
    3147  -1000.0     
    3148  -1000.0     
    3149  -1000.0     
    3150  -1000.0     
    3151  -1000.0     
    3152  -1000.0     
    3153  -1000.0     
    3154  -1000.0     
    3155  -1000.0     
    3156  -1000.0     
    3157  -1000.0     
    3158  -1000.0     
    3159  -1000.0     
 
  ***** POST1 NODAL DEGREE OF FREEDOM LISTING *****                            
 
  LOAD STEP=     1  SUBSTEP=     1                                             
   TIME=    1.0000      LOAD CASE=   0                                         
 
    NODE       VOLT  
    3160  -1000.0     
    3161  -1000.0     
    3162  -1000.0     
    3163  -1000.0     
    3164  -1000.0     
    3165  -1000.0     
    3166  -1000.0     
    3167  -1000.0     
    3168  -1000.0     
    3169  -1000.0     
    3170  -1000.0     
    3171  -1000.0     
    3172  -1000.0     
    3173  -1000.0     
    3174  -1000.0     
    3175  -1000.0     
    3176  -1000.0     
    3177  -1000.0     
    3178  -1000.0     
    3179  -1000.0     
    3180  -1000.0     
    3181  -1000.0     
    3182  -1000.0     
    3183  -1000.0     
    3184  -1000.0     
    3185  -1000.0     
    3186  -1000.0     
    3187  -1000.0     
    3188  -1000.0     
    3189  -1000.0     
    3190  -1000.0     
    3191  -1000.0     
    3192  -1000.0     
    3193  -1000.0     
    3194  -1000.0     
    3195  -1000.0     
    3196  -1000.0     
    3197  -1000.0     
    3198  -1000.0     
 
  ***** POST1 NODAL DEGREE OF FREEDOM LISTING *****                            
 
  LOAD STEP=     1  SUBSTEP=     1                                             
   TIME=    1.0000      LOAD CASE=   0                                         
 
    NODE       VOLT  
    3199  -1000.0     
    3200  -1000.0     
    3201  -1000.0     
    3202  -1000.0     
    3203  -1000.0     
    3204  -1000.0     
    3205  -1000.0     
    3206  -1000.0     
    3207  -1000.0     
    3208  -1000.0     
    3209  -1000.0     
    3210  -1000.0     
    3211  -1000.0     
    3212  -1000.0     
    3213  -1000.0     
    3214  -1000.0     
    3215  -1000.0     
    3216  -1000.0     
    3217  -1000.0     
    3218  -1000.0     
    3219  -1000.0     
    3220  -1000.0     
    3221  -1000.0     
    3222  -1000.0     
    3223  -1000.0     
    3224  -1000.0     
    3225  -1000.0     
    3226  -1000.0     
    3227  -1000.0     
    3228  -1000.0     
    3229  -1000.0     
    3230  -1000.0     
    3231  -1000.0     
    3232  -1000.0     
    3233  -1000.0     
    3234  -1000.0     
    3235  -1000.0     
    3236  -1000.0     
    3237  -1000.0     
 
  ***** POST1 NODAL DEGREE OF FREEDOM LISTING *****                            
 
  LOAD STEP=     1  SUBSTEP=     1                                             
   TIME=    1.0000      LOAD CASE=   0                                         
 
    NODE       VOLT  
    3238  -1000.0     
    3239  -1000.0     
    3240  -1000.0     
    3241  -1000.0     
    3242  -1000.0     
    3243  -1000.0     
    3244  -1000.0     
    3245  -1000.0     
    3246  -1000.0     
    3247  -1000.0     
    3248  -1000.0     
    3249  -1000.0     
    3250  -1000.0     
    3251  -1000.0     
    3252  -1000.0     
    3253  -1000.0     
    3254  -1000.0     
    3255  -1000.0     
    3256  -1000.0     
    3257  -1000.0     
    3258  -1000.0     
    3259  -1000.0     
    3260  -1000.0     
    3261  -1000.0     
    3262  -1000.0     
    3263  -1000.0     
    3264  -1000.0     
    3265  -1000.0     
    3266  -1000.0     
    3267  -1000.0     
    3268  -1000.0     
    3269  -1000.0     
    3270  -1000.0     
    3271  -1000.0     
    3272  -1000.0     
    3273  -1000.0     
    3274  -1000.0     
    3275  -1000.0     
    3276  -1000.0     
 
  ***** POST1 NODAL DEGREE OF FREEDOM LISTING *****                            
 
  LOAD STEP=     1  SUBSTEP=     1                                             
   TIME=    1.0000      LOAD CASE=   0                                         
 
    NODE       VOLT  
    3277  -1000.0     
    3278  -1000.0     
    3279  -1000.0     
    3280  -1000.0     
    3281  -1000.0     
    3282  -1000.0     
    3283  -1000.0     
    3284  -971.90     
    3285  -971.88     
    3286  -962.12     
    3287  -962.23     
    3288  -982.94     
    3289  -981.65     
    3290  -961.75     
    3291  -982.76     
    3292  -962.38     
    3293  -981.41     
    3294  -971.12     
    3295  -971.30     
    3296  -970.90     
    3297  -972.31     
    3298  -971.90     
    3299  -973.89     
    3300  -973.72     
    3301  -971.85     
    3302  -973.01     
    3303  -971.13     
    3304  -972.34     
    3305  -970.36     
    3306  -971.64     
    3307  -967.63     
    3308  -969.20     
    3309  -971.49     
    3310  -969.68     
    3311  -969.88     
    3312  -847.50     
    3313  -845.24     
    3314  -868.45     
    3315  -895.64     
 
  ***** POST1 NODAL DEGREE OF FREEDOM LISTING *****                            
 
  LOAD STEP=     1  SUBSTEP=     1                                             
   TIME=    1.0000      LOAD CASE=   0                                         
 
    NODE       VOLT  
    3316  -914.27     
    3317  -942.71     
    3318  -825.91     
    3319  -842.67     
    3320  -923.90     
    3321  -937.42     
    3322  -948.92     
    3323  -933.96     
    3324  -948.65     
    3325  -825.35     
    3326  -830.90     
    3327  -810.27     
    3328  -810.19     
    3329  -844.63     
    3330  -810.72     
    3331  -831.45     
    3332  -810.67     
    3333  -872.02     
    3334  -869.46     
    3335  -889.45     
    3336  -867.80     
    3337  -848.41     
    3338  -848.66     
    3339  -849.37     
    3340  -849.66     
    3341  -851.56     
    3342  -893.06     
    3343  -892.73     
    3344  -893.88     
    3345  -893.68     
    3346  -899.08     
    3347  -921.42     
    3348  -891.65     
    3349  -850.42     
    3350  -884.05     
    3351  -906.36     
    3352  -920.48     
    3353  -828.89     
    3354  -829.47     
 
  ***** POST1 NODAL DEGREE OF FREEDOM LISTING *****                            
 
  LOAD STEP=     1  SUBSTEP=     1                                             
   TIME=    1.0000      LOAD CASE=   0                                         
 
    NODE       VOLT  
    3355  -828.70     
    3356  -921.46     
    3357  -917.06     
    3358  -917.66     
    3359  -920.84     
    3360  -930.68     
    3361  -936.39     
    3362  -896.56     
    3363  -885.57     
    3364  -922.12     
    3365  -812.92     
    3366  -813.06     
    3367  -813.12     
    3368  -813.24     
    3369  -813.69     
    3370  -813.59     
    3371  -812.79     
    3372  -812.64     
    3373  -942.81     
    3374  -944.48     
    3375  -938.53     
    3376  -939.11     
    3377  -939.32     
    3378  -938.72     
    3379  -939.70     
    3380  -938.46     
    3381  -941.57     
    3382  -942.37     
    3383  -948.29     
    3384  -948.30     
    3385  -947.68     
    3386  -946.78     
    3387  -877.06     
    3388  -853.24     
    3389  -927.69     
    3390  -906.64     
    3391  -851.05     
    3392  -875.12     
    3393  -897.65     
 
  ***** POST1 NODAL DEGREE OF FREEDOM LISTING *****                            
 
  LOAD STEP=     1  SUBSTEP=     1                                             
   TIME=    1.0000      LOAD CASE=   0                                         
 
    NODE       VOLT  
    3394  -918.61     
    3395  -908.25     
    3396  -863.89     
    3397  -926.72     
    3398  -867.63     
    3399  -936.89     
    3400  -937.37     
    3401  -924.37     
    3402  -918.21     
    3403  -918.13     
    3404  -917.31     
    3405  -828.11     
    3406  -830.25     
    3407  -829.61     
    3408  -829.04     
    3409  -905.15     
    3410  -874.75     
    3411  -870.72     
    3412  -869.34     
    3413  -823.48     
    3414  -823.10     
    3415  -938.77     
    3416  -628.81     
    3417  -690.81     
    3418  -907.58     
    3419  -912.49     
    3420  -696.74     
    3421  -814.88     
    3422  -803.31     
    3423  -914.76     
    3424  -909.69     
    3425  -954.71     
    3426  -645.03     
    3427  -695.17     
    3428  -698.52     
    3429  -952.04     
    3430  -977.04     
    3431  -948.91     
    3432  -977.09     
 
  ***** POST1 NODAL DEGREE OF FREEDOM LISTING *****                            
 
  LOAD STEP=     1  SUBSTEP=     1                                             
   TIME=    1.0000      LOAD CASE=   0                                         
 
    NODE       VOLT  
    3433  -650.83     
    3434  -652.86     
    3435  -624.74     
    3436  -624.69     
    3437  -808.12     
    3438  -770.01     
    3439  -758.73     
    3440  -769.58     
    3441  -737.08     
    3442  -731.78     
    3443  -729.21     
    3444  -685.86     
    3445  -871.11     
    3446  -836.23     
    3447  -837.71     
    3448  -877.29     
    3449  -852.83     
    3450  -913.71     
    3451  -788.15     
    3452  -706.30     
    3453  -879.52     
    3454  -655.99     
    3455  -945.20     
    3456  -751.53     
    3457  -726.78     
    3458  -790.46     
    3459  -812.43     
    3460  -859.87     
    3461  -836.24     
    3462  -688.78     
    3463  -665.56     
    3464  -934.55     
    3465  -911.70     
    3466  -626.03     
    3467  -626.63     
    3468  -626.24     
    3469  -630.24     
    3470  -975.10     
    3471  -974.89     
 
  ***** POST1 NODAL DEGREE OF FREEDOM LISTING *****                            
 
  LOAD STEP=     1  SUBSTEP=     1                                             
   TIME=    1.0000      LOAD CASE=   0                                         
 
    NODE       VOLT  
    3472  -974.53     
    3473  -969.90     
    3474  -634.49     
    3475  -632.21     
    3476  -967.99     
    3477  -964.12     
    3478  -936.24     
    3479  -663.95     
    3480  -949.70     
    3481  -652.54     
    3482  -829.01     
    3483  -745.21     
    3484  -878.00     
    3485  -875.63     
    3486  -797.88     
    3487  -718.98     
    3488  -740.61     
    3489  -649.43     
    3490  -954.11     
    3491  -753.56     
    3492  -677.72     
    3493  -690.28     
    3494  -718.02     
    3495  -657.04     
    3496  -755.67     
    3497  -662.56     
    3498  -758.47     
    3499  -775.85     
    3500  -789.87     
    3501  -769.45     
    3502  -790.05     
    3503  -774.64     
    3504  -768.50     
    3505  -789.27     
    3506  -789.41     
    3507  -675.75     
    3508  -665.83     
    3509  -650.47     
    3510  -651.10     
 
  ***** POST1 NODAL DEGREE OF FREEDOM LISTING *****                            
 
  LOAD STEP=     1  SUBSTEP=     1                                             
   TIME=    1.0000      LOAD CASE=   0                                         
 
    NODE       VOLT  
    3511  -727.80     
    3512  -729.26     
    3513  -715.86     
    3514  -707.83     
    3515  -706.92     
    3516  -703.46     
    3517  -698.79     
    3518  -703.58     
    3519  -708.43     
    3520  -680.88     
    3521  -680.85     
    3522  -694.58     
    3523  -751.20     
    3524  -748.19     
    3525  -747.87     
    3526  -752.93     
    3527  -752.23     
    3528  -732.62     
    3529  -709.24     
    3530  -736.27     
    3531  -754.28     
    3532  -679.38     
    3533  -683.45     
    3534  -678.03     
    3535  -678.21     
    3536  -673.48     
    3537  -664.46     
    3538  -771.64     
    3539  -770.96     
    3540  -772.64     
    3541  -704.00     
    3542  -714.92     
    3543  -756.41     
    3544  -656.62     
    3545  -657.32     
    3546  -660.86     
    3547  -661.16     
    3548  -661.08     
    3549  -660.27     
 
  ***** POST1 NODAL DEGREE OF FREEDOM LISTING *****                            
 
  LOAD STEP=     1  SUBSTEP=     1                                             
   TIME=    1.0000      LOAD CASE=   0                                         
 
    NODE       VOLT  
    3550  -656.86     
    3551  -657.17     
    3552  -660.74     
    3553  -660.17     
    3554  -652.29     
    3555  -651.96     
    3556  -652.27     
    3557  -651.98     
    3558  -787.47     
    3559  -787.67     
    3560  -786.65     
    3561  -786.79     
    3562  -786.90     
    3563  -786.76     
    3564  -788.10     
    3565  -787.85     
    3566  -693.53     
    3567  -672.78     
    3568  -747.15     
    3569  -723.44     
    3570  -681.19     
    3571  -702.04     
    3572  -725.72     
    3573  -749.70     
    3574  -737.80     
    3575  -691.12     
    3576  -733.16     
    3577  -673.60     
    3578  -773.49     
    3579  -770.81     
    3580  -770.13     
    3581  -772.14     
    3582  -664.28     
    3583  -664.28     
    3584  -682.26     
    3585  -673.63     
    3586  -681.58     
    3587  -683.83     
    3588  -733.51     
 
  ***** POST1 NODAL DEGREE OF FREEDOM LISTING *****                            
 
  LOAD STEP=     1  SUBSTEP=     1                                             
   TIME=    1.0000      LOAD CASE=   0                                         
 
    NODE       VOLT  
    3589  -730.64     
    3590  -723.51     
    3591  -697.33     
    3592  -660.70     
    3593  -776.43     
    3594  -777.64     
    3595  -628.44     
    3596  -826.76     
    3597  -751.87     
    3598  -912.39     
    3599  -832.90     
    3600  -920.07     
    3601  -750.88     
    3602  -770.25     
    3603  -872.67     
    3604  -632.26     
    3605  -644.22     
    3606  -844.03     
    3607  -952.11     
    3608  -649.47     
    3609  -966.42     
    3610  -632.30     
    3611  -815.38     
    3612  -724.23     
    3613  -725.64     
    3614  -831.57     
    3615  -763.67     
    3616  -732.09     
    3617  -730.40     
    3618  -716.61     
    3619  -716.22     
    3620  -787.08     
    3621  -761.73     
    3622  -760.00     
    3623  -799.31     
    3624  -800.17     
    3625  -799.71     
    3626  -884.00     
    3627  -877.79     
 
  ***** POST1 NODAL DEGREE OF FREEDOM LISTING *****                            
 
  LOAD STEP=     1  SUBSTEP=     1                                             
   TIME=    1.0000      LOAD CASE=   0                                         
 
    NODE       VOLT  
    3628  -834.34     
    3629  -768.03     
    3630  -733.61     
    3631  -858.89     
    3632  -737.88     
    3633  -682.87     
    3634  -686.96     
    3635  -680.35     
    3636  -694.52     
    3637  -685.40     
    3638  -757.90     
    3639  -867.48     
    3640  -794.59     
    3641  -801.46     
    3642  -808.43     
    3643  -847.05     
    3644  -839.47     
    3645  -858.21     
    3646  -852.92     
    3647  -853.18     
    3648  -891.64     
    3649  -865.20     
    3650  -898.47     
    3651  -867.68     
    3652  -872.26     
    3653  -900.96     
    3654  -868.11     
    3655  -899.45     
    3656  -865.33     
    3657  -871.18     
    3658  -896.64     
    3659  -905.34     
    3660  -926.54     
    3661  -938.28     
    3662  -899.57     
    3663  -699.15     
    3664  -660.43     
    3665  -752.03     
    3666  -775.55     
 
  ***** POST1 NODAL DEGREE OF FREEDOM LISTING *****                            
 
  LOAD STEP=     1  SUBSTEP=     1                                             
   TIME=    1.0000      LOAD CASE=   0                                         
 
    NODE       VOLT  
    3667  -798.23     
    3668  -820.71     
    3669  -919.93     
    3670  -923.84     
    3671  -920.28     
    3672  -919.68     
    3673  -927.85     
    3674  -927.37     
    3675  -923.03     
    3676  -923.25     
    3677  -925.97     
    3678  -926.11     
    3679  -921.44     
    3680  -944.41     
    3681  -951.95     
    3682  -948.62     
    3683  -949.69     
    3684  -949.94     
    3685  -949.59     
    3686  -936.10     
    3687  -950.88     
    3688  -670.12     
    3689  -692.87     
    3690  -908.63     
    3691  -931.68     
    3692  -632.28     
    3693  -632.27     
    3694  -650.67     
    3695  -650.64     
    3696  -636.41     
    3697  -636.40     
    3698  -636.39     
    3699  -644.01     
    3700  -644.04     
    3701  -644.11     
    3702  -650.90     
    3703  -651.61     
    3704  -634.89     
    3705  -966.44     
 
  ***** POST1 NODAL DEGREE OF FREEDOM LISTING *****                            
 
  LOAD STEP=     1  SUBSTEP=     1                                             
   TIME=    1.0000      LOAD CASE=   0                                         
 
    NODE       VOLT  
    3706  -966.44     
    3707  -977.94     
    3708  -977.92     
    3709  -974.00     
    3710  -973.99     
    3711  -974.61     
    3712  -974.59     
    3713  -975.07     
    3714  -975.07     
    3715  -974.85     
    3716  -974.86     
    3717  -974.69     
    3718  -974.73     
    3719  -976.03     
    3720  -976.15     
    3721  -959.20     
    3722  -959.78     
    3723  -966.65     
    3724  -637.34     
    3725  -641.74     
    3726  -960.32     
    3727  -964.33     
    3728  -929.76     
    3729  -673.45     
    3730  -919.65     
    3731  -952.27     
    3732  -949.44     
    3733  -949.71     
    3734  -950.16     
    3735  -949.21     
    3736  -948.02     
    3737  -955.88     
    3738  -932.94     
    3739  -701.55     
    3740  -688.04     
    3741  -672.75     
    3742  -701.18     
    3743  -664.51     
    3744  -890.73     
 
  ***** POST1 NODAL DEGREE OF FREEDOM LISTING *****                            
 
  LOAD STEP=     1  SUBSTEP=     1                                             
   TIME=    1.0000      LOAD CASE=   0                                         
 
    NODE       VOLT  
    3745  -902.52     
    3746  -896.36     
    3747  -905.55     
    3748  -891.39     
    3749  -891.90     
    3750  -796.09     
    3751  -839.89     
    3752  -839.01     
    3753  -814.51     
    3754  -825.88     
    3755  -802.36     
    3756  -763.11     
    3757  -836.86     
    3758  -760.41     
    3759  -759.62     
    3760  -638.90     
    3761  -617.86     
    3762  -638.22     
    3763  -618.69     
    3764  -639.02     
    3765  -638.34     
    3766  -621.82     
    3767  -618.55     
    3768  -628.90     
    3769  -630.85     
    3770  -632.86     
    3771  -631.18     
    3772  -628.21     
    3773  -626.43     
    3774  -628.54     
    3775  -627.39     
    3776  -628.27     
    3777  -629.30     
    3778  -631.92     
    3779  -628.64     
    3780  -632.21     
    3781  -628.85     
    3782  -631.65     
    3783  -631.71     
 
  ***** POST1 NODAL DEGREE OF FREEDOM LISTING *****                            
 
  LOAD STEP=     1  SUBSTEP=     1                                             
   TIME=    1.0000      LOAD CASE=   0                                         
 
    NODE       VOLT  
    3784  -631.52     
    3785  -631.24     
    3786  -600.00     
    3787  -600.00     
    3788  -600.00     
    3789  -600.00     
    3790  -600.00     
    3791  -600.00     
    3792  -600.00     
    3793  -600.00     
    3794  -600.00     
    3795  -600.00     
    3796  -600.00     
    3797  -600.00     
    3798  -600.00     
    3799  -600.00     
    3800  -600.00     
    3801  -600.00     
    3802  -600.00     
    3803  -600.00     
    3804  -600.00     
    3805  -600.00     
    3806  -600.00     
    3807  -600.00     
    3808  -600.00     
    3809  -600.00     
    3810  -600.00     
    3811  -600.00     
    3812  -600.00     
    3813  -600.00     
    3814  -600.00     
    3815  -600.00     
    3816  -600.00     
    3817  -600.00     
    3818  -600.00     
    3819  -600.00     
    3820  -600.00     
    3821  -600.00     
    3822  -600.00     
 
  ***** POST1 NODAL DEGREE OF FREEDOM LISTING *****                            
 
  LOAD STEP=     1  SUBSTEP=     1                                             
   TIME=    1.0000      LOAD CASE=   0                                         
 
    NODE       VOLT  
    3823  -600.00     
    3824  -600.00     
    3825  -600.00     
    3826  -600.00     
    3827  -600.00     
    3828  -600.00     
    3829  -600.00     
    3830  -600.00     
    3831  -600.00     
    3832  -600.00     
    3833  -600.00     
    3834  -600.00     
    3835  -600.00     
    3836  -600.00     
    3837  -600.00     
    3838  -600.00     
    3839  -600.00     
    3840  -600.00     
    3841  -600.00     
    3842  -600.00     
    3843  -600.00     
    3844  -600.00     
    3845  -600.00     
    3846  -600.00     
    3847  -600.00     
    3848  -600.00     
    3849  -600.00     
    3850  -600.00     
    3851  -600.00     
    3852  -600.00     
    3853  -600.00     
    3854  -600.00     
    3855  -600.00     
    3856  -600.00     
    3857  -600.00     
    3858  -600.00     
    3859  -600.00     
    3860  -600.00     
    3861  -600.00     
 
  ***** POST1 NODAL DEGREE OF FREEDOM LISTING *****                            
 
  LOAD STEP=     1  SUBSTEP=     1                                             
   TIME=    1.0000      LOAD CASE=   0                                         
 
    NODE       VOLT  
    3862  -600.00     
    3863  -600.00     
    3864  -600.00     
    3865  -600.00     
    3866  -600.00     
    3867  -600.00     
    3868  -600.00     
    3869  -600.00     
    3870  -600.00     
    3871  -600.00     
    3872  -600.00     
    3873  -600.00     
    3874  -600.00     
    3875  -600.00     
    3876  -600.00     
    3877  -600.00     
    3878  -600.00     
    3879  -600.00     
    3880  -600.00     
    3881  -600.00     
    3882  -600.00     
    3883  -600.00     
    3884  -600.00     
    3885  -600.00     
    3886  -600.00     
    3887  -600.00     
    3888  -600.00     
    3889  -600.00     
    3890  -600.00     
    3891  -600.00     
    3892  -600.00     
    3893  -600.00     
    3894  -600.00     
    3895  -600.00     
    3896  -600.00     
    3897  -600.00     
    3898  -600.00     
    3899  -600.00     
    3900  -600.00     
 
  ***** POST1 NODAL DEGREE OF FREEDOM LISTING *****                            
 
  LOAD STEP=     1  SUBSTEP=     1                                             
   TIME=    1.0000      LOAD CASE=   0                                         
 
    NODE       VOLT  
    3901  -600.00     
    3902  -600.00     
    3903  -600.00     
    3904  -600.00     
    3905  -600.00     
    3906  -600.00     
    3907  -600.00     
    3908  -600.00     
    3909  -600.00     
    3910  -600.00     
    3911  -600.00     
    3912  -600.00     
    3913  -600.00     
    3914  -600.00     
    3915  -600.00     
    3916  -600.00     
    3917  -600.00     
    3918  -600.00     
    3919  -600.00     
    3920  -600.00     
    3921  -600.00     
    3922  -600.00     
    3923  -600.00     
    3924  -600.00     
    3925  -600.00     
    3926  -600.00     
    3927  -600.00     
    3928  -600.00     
    3929  -600.00     
    3930  -600.00     
    3931  -600.00     
    3932  -600.00     
    3933  -600.00     
    3934  -600.00     
    3935  -600.00     
    3936  -600.00     
    3937  -600.00     
    3938  -600.00     
    3939  -600.00     
 
  ***** POST1 NODAL DEGREE OF FREEDOM LISTING *****                            
 
  LOAD STEP=     1  SUBSTEP=     1                                             
   TIME=    1.0000      LOAD CASE=   0                                         
 
    NODE       VOLT  
    3940  -600.00     
    3941  -600.00     
    3942  -600.00     
    3943  -600.00     
    3944  -600.00     
    3945  -600.00     
    3946  -600.00     
    3947  -600.00     
    3948  -600.00     
    3949  -600.00     
    3950  -600.00     
    3951  -600.00     
    3952  -600.00     
    3953  -600.00     
    3954  -600.00     
    3955  -600.00     
    3956  -600.00     
    3957  -600.00     
    3958  -600.00     
    3959  -600.00     
    3960  -600.00     
    3961  -600.00     
    3962  -600.00     
    3963  -600.00     
    3964  -600.00     
    3965  -600.00     
    3966  -600.00     
    3967  -600.00     
    3968  -600.00     
    3969  -600.00     
    3970  -600.00     
    3971  -600.00     
    3972  -600.00     
    3973  -600.00     
    3974  -600.00     
    3975  -600.00     
    3976  -600.00     
    3977  -600.00     
    3978  -600.00     
 
  ***** POST1 NODAL DEGREE OF FREEDOM LISTING *****                            
 
  LOAD STEP=     1  SUBSTEP=     1                                             
   TIME=    1.0000      LOAD CASE=   0                                         
 
    NODE       VOLT  
    3979  -600.00     
    3980  -600.00     
    3981  -600.00     
    3982  -600.00     
    3983  -600.00     
    3984  -600.00     
    3985  -600.00     
    3986  -600.00     
    3987  -600.00     
    3988  -600.00     
    3989  -600.00     
    3990  -600.00     
    3991  -600.00     
    3992  -600.00     
    3993  -600.00     
    3994  -600.00     
    3995  -600.00     
    3996  -600.00     
    3997  -600.00     
    3998  -600.00     
    3999  -600.00     
    4000  -600.00     
    4001  -600.00     
    4002  -600.00     
    4003  -600.00     
    4004  -600.00     
    4005  -600.00     
    4006  -600.00     
    4007  -600.00     
    4008  -600.00     
    4009  -600.00     
    4010  -600.00     
    4011  -600.00     
    4012  -600.00     
    4013  -600.00     
    4014  -600.00     
    4015  -600.00     
    4016  -600.00     
    4017  -600.00     
 
  ***** POST1 NODAL DEGREE OF FREEDOM LISTING *****                            
 
  LOAD STEP=     1  SUBSTEP=     1                                             
   TIME=    1.0000      LOAD CASE=   0                                         
 
    NODE       VOLT  
    4018  -600.00     
    4019  -600.00     
    4020  -600.00     
    4021  -600.00     
    4022  -600.00     
    4023  -600.00     
    4024  -600.00     
    4025  -600.00     
    4026  -600.00     
    4027  -600.00     
    4028  -600.00     
    4029  -600.00     
    4030  -600.00     
    4031  -600.00     
    4032  -600.00     
    4033  -600.00     
    4034  -600.00     
    4035  -600.00     
    4036  -600.00     
    4037  -600.00     
    4038  -600.00     
    4039  -600.00     
    4040  -600.00     
    4041  -600.00     
    4042  -600.00     
    4043  -600.00     
    4044  -600.00     
    4045  -600.00     
    4046  -600.00     
    4047  -600.00     
    4048  -600.00     
    4049  -600.00     
    4050  -600.00     
    4051  -600.00     
    4052  -600.00     
    4053  -600.00     
    4054  -600.00     
    4055  -600.00     
    4056  -600.00     
 
  ***** POST1 NODAL DEGREE OF FREEDOM LISTING *****                            
 
  LOAD STEP=     1  SUBSTEP=     1                                             
   TIME=    1.0000      LOAD CASE=   0                                         
 
    NODE       VOLT  
    4057  -600.00     
    4058  -600.00     
    4059  -600.00     
    4060  -600.00     
    4061  -600.00     
    4062  -600.00     
    4063  -600.00     
    4064  -600.00     
    4065  -600.00     
    4066  -600.00     
    4067  -600.00     
    4068  -600.00     
    4069  -600.00     
    4070  -600.00     
    4071  -600.00     
    4072  -600.00     
    4073  -600.00     
    4074  -600.00     
    4075  -600.00     
    4076  -600.00     
    4077  -600.00     
    4078  -600.00     
    4079  -600.00     
    4080  -600.00     
    4081  -600.00     
    4082  -600.00     
    4083  -600.00     
    4084  -600.00     
    4085  -600.00     
    4086  -600.00     
    4087  -600.00     
    4088  -600.00     
    4089  -600.00     
    4090  -600.00     
    4091  -600.00     
    4092  -600.00     
    4093  -600.00     
    4094  -600.00     
    4095  -600.00     
 
  ***** POST1 NODAL DEGREE OF FREEDOM LISTING *****                            
 
  LOAD STEP=     1  SUBSTEP=     1                                             
   TIME=    1.0000      LOAD CASE=   0                                         
 
    NODE       VOLT  
    4096  -600.00     
    4097  -600.00     
    4098  -600.00     
    4099  -600.00     
    4100  -600.00     
    4101  -600.00     
    4102  -600.00     
    4103  -600.00     
    4104  -600.00     
    4105  -600.00     
    4106  -600.00     
    4107  -600.00     
    4108  -600.00     
    4109  -600.00     
    4110  -600.00     
    4111  -600.00     
    4112  -600.00     
    4113  -600.00     
    4114  -600.00     
    4115  -600.00     
    4116  -600.00     
    4117  -600.00     
    4118  -600.00     
    4119  -600.00     
    4120  -600.00     
    4121  -600.00     
    4122  -600.00     
    4123  -600.00     
    4124  -600.00     
    4125  -600.00     
    4126  -600.00     
    4127  -600.00     
    4128  -600.00     
    4129  -600.00     
    4130  -600.00     
    4131  -600.00     
    4132  -600.00     
    4133  -600.00     
    4134  -600.00     
 
  ***** POST1 NODAL DEGREE OF FREEDOM LISTING *****                            
 
  LOAD STEP=     1  SUBSTEP=     1                                             
   TIME=    1.0000      LOAD CASE=   0                                         
 
    NODE       VOLT  
    4135  -600.00     
    4136  -600.00     
    4137  -600.00     
    4138  -600.00     
    4139  -600.00     
    4140  -600.00     
    4141  -600.00     
    4142  -600.00     
    4143  -600.00     
    4144  -600.00     
    4145  -600.00     
    4146  -600.00     
    4147  -600.00     
    4148  -600.00     
    4149  -600.00     
    4150  -600.00     
    4151  -600.00     
    4152  -600.00     
    4153  -600.00     
    4154  -600.00     
    4155  -600.00     
    4156  -600.00     
    4157  -600.00     
    4158  -600.00     
    4159  -600.00     
    4160  -600.00     
    4161  -600.00     
    4162  -600.00     
    4163  -600.00     
    4164  -600.00     
    4165  -600.00     
    4166  -600.00     
    4167  -600.00     
    4168  -600.00     
    4169  -600.00     
    4170  -600.00     
    4171  -600.00     
    4172  -600.00     
    4173  -600.00     
 
  ***** POST1 NODAL DEGREE OF FREEDOM LISTING *****                            
 
  LOAD STEP=     1  SUBSTEP=     1                                             
   TIME=    1.0000      LOAD CASE=   0                                         
 
    NODE       VOLT  
    4174  -600.00     
    4175  -600.00     
    4176  -600.00     
    4177  -600.00     
    4178  -600.00     
    4179  -600.00     
    4180  -600.00     
    4181  -600.00     
    4182  -600.00     
    4183  -600.00     
    4184  -600.00     
    4185  -600.00     
    4186  -600.00     
    4187  -600.00     
    4188  -600.00     
    4189  -600.00     
    4190  -600.00     
    4191  -600.00     
    4192  -600.00     
    4193  -600.00     
    4194  -600.00     
    4195  -600.00     
    4196  -600.00     
    4197  -600.00     
    4198  -600.00     
    4199  -600.00     
    4200  -600.00     
    4201  -600.00     
    4202  -600.00     
    4203  -600.00     
    4204  -600.00     
    4205  -600.00     
    4206  -600.00     
    4207  -600.00     
    4208  -600.00     
    4209  -600.00     
    4210  -600.00     
    4211  -600.00     
    4212  -600.00     
 
  ***** POST1 NODAL DEGREE OF FREEDOM LISTING *****                            
 
  LOAD STEP=     1  SUBSTEP=     1                                             
   TIME=    1.0000      LOAD CASE=   0                                         
 
    NODE       VOLT  
    4213  -600.00     
    4214  -600.00     
    4215  -600.00     
    4216  -600.00     
    4217  -600.00     
    4218  -600.00     
    4219  -600.00     
    4220  -600.00     
    4221  -600.00     
    4222  -600.00     
    4223  -600.00     
    4224  -600.00     
    4225  -600.00     
    4226  -600.00     
    4227  -600.00     
    4228  -600.00     
    4229  -600.00     
    4230  -600.00     
    4231  -600.00     
    4232  -600.00     
    4233  -600.00     
    4234  -600.00     
    4235  -600.00     
    4236  -600.00     
    4237  -600.00     
    4238  -600.00     
    4239  -600.00     
    4240  -600.00     
    4241  -600.00     
    4242  -600.00     
    4243  -600.00     
    4244  -600.00     
    4245  -600.00     
    4246  -600.00     
    4247  -600.00     
    4248  -600.00     
    4249  -600.00     
    4250  -600.00     
    4251  -600.00     
 
  ***** POST1 NODAL DEGREE OF FREEDOM LISTING *****                            
 
  LOAD STEP=     1  SUBSTEP=     1                                             
   TIME=    1.0000      LOAD CASE=   0                                         
 
    NODE       VOLT  
    4252  -600.00     
    4253  -600.00     
    4254  -600.00     
    4255  -600.00     
    4256  -600.00     
    4257  -600.00     
    4258  -600.00     
    4259  -600.00     
    4260  -600.00     
    4261  -600.00     
    4262  -600.00     
    4263  -600.00     
    4264  -600.00     
    4265  -600.00     
    4266  -600.00     
    4267  -600.00     
    4268  -600.00     
    4269  -600.00     
    4270  -600.00     
    4271  -600.00     
    4272  -600.00     
    4273  -600.00     
    4274  -600.00     
    4275  -600.00     
    4276  -600.00     
    4277  -600.00     
    4278  -600.00     
    4279  -600.00     
    4280  -600.00     
    4281  -600.00     
    4282  -600.00     
    4283  -600.00     
    4284  -600.00     
    4285  -600.00     
    4286  -600.00     
    4287  -600.00     
    4288  -600.00     
    4289  -600.00     
    4290  -600.00     
 
  ***** POST1 NODAL DEGREE OF FREEDOM LISTING *****                            
 
  LOAD STEP=     1  SUBSTEP=     1                                             
   TIME=    1.0000      LOAD CASE=   0                                         
 
    NODE       VOLT  
    4291  -600.00     
    4292  -600.00     
    4293  -600.00     
    4294  -600.00     
    4295  -600.00     
    4296  -600.00     
    4297  -600.00     
    4298  -600.00     
    4299  -600.00     
    4300  -600.00     
    4301  -600.00     
    4302  -600.00     
    4303  -600.00     
    4304  -600.00     
    4305  -600.00     
    4306  -600.00     
    4307  -600.00     
    4308  -600.00     
    4309  -600.00     
    4310  -600.00     
    4311  -600.00     
    4312  -600.00     
    4313  -600.00     
    4314  -600.00     
    4315  -600.00     
    4316  -600.00     
    4317  -600.00     
    4318  -600.00     
    4319  -600.00     
    4320  -600.00     
    4321  -638.81     
    4322  -616.91     
    4323  -637.78     
    4324  -618.20     
    4325  -638.29     
    4326  -637.58     
    4327  -617.26     
    4328  -618.36     
    4329  -626.90     
 
  ***** POST1 NODAL DEGREE OF FREEDOM LISTING *****                            
 
  LOAD STEP=     1  SUBSTEP=     1                                             
   TIME=    1.0000      LOAD CASE=   0                                         
 
    NODE       VOLT  
    4330  -629.61     
    4331  -629.07     
    4332  -631.56     
    4333  -629.02     
    4334  -627.21     
    4335  -630.64     
    4336  -626.91     
    4337  -628.11     
    4338  -628.85     
    4339  -630.14     
    4340  -628.01     
    4341  -629.49     
    4342  -627.80     
    4343  -630.80     
    4344  -631.41     
    4345  -630.23     
    4346  -630.02     
    4347  -962.18     
    4348  -982.98     
    4349  -962.19     
    4350  -981.42     
    4351  -963.35     
    4352  -963.24     
    4353  -983.99     
    4354  -982.43     
    4355  -972.95     
    4356  -972.01     
    4357  -969.48     
    4358  -970.20     
    4359  -971.49     
    4360  -970.32     
    4361  -972.22     
    4362  -970.82     
    4363  -969.22     
    4364  -968.26     
    4365  -971.99     
    4366  -969.73     
    4367  -972.05     
    4368  -970.84     
 
  ***** POST1 NODAL DEGREE OF FREEDOM LISTING *****                            
 
  LOAD STEP=     1  SUBSTEP=     1                                             
   TIME=    1.0000      LOAD CASE=   0                                         
 
    NODE       VOLT  
    4369  -971.37     
    4370  -972.65     
    4371  -971.23     
    4372  -969.62     
    4373  -956.51     
    4374  -947.75     
    4375  -969.76     
    4376  -965.88     
    4377  -886.15     
    4378  -926.29     
    4379  -914.04     
    4380  -655.25     
    4381  -659.84     
    4382  -973.44     
    4383  -716.52     
    4384  -658.79     
    4385  -742.62     
    4386  -691.75     
    4387  -672.50     
    4388  -662.01     
    4389  -699.70     
    4390  -731.66     
    4391  -681.37     
    4392  -638.44     
    4393  -725.26     
    4394  -669.46     
    4395  -837.04     
    4396  -802.26     
    4397  -774.44     
    4398  -752.01     
    4399  -854.13     
    4400  -835.67     
    4401  -822.64     
    4402  -908.58     
    4403  -944.86     
    4404  -834.29     
    4405  -946.75     
    4406  -909.54     
    4407  -897.41     
 
  ***** POST1 NODAL DEGREE OF FREEDOM LISTING *****                            
 
  LOAD STEP=     1  SUBSTEP=     1                                             
   TIME=    1.0000      LOAD CASE=   0                                         
 
    NODE       VOLT  
    4408  -817.67     
    4409  -845.68     
    4410  -884.82     
    4411  -951.68     
    4412  -865.47     
    4413  -934.59     
    4414  -967.41     
    4415  -967.06     
    4416  -928.62     
    4417  -949.59     
    4418  -779.38     
    4419  -701.68     
    4420  -724.86     
    4421  -788.67     
    4422  -696.66     
    4423  -643.79     
    4424  -685.24     
    4425  -717.06     
    4426  -721.58     
    4427  -653.64     
    4428  -650.92     
    4429  -664.70     
    4430  -721.06     
    4431  -656.03     
    4432  -763.18     
    4433  -642.91     
    4434  -688.05     
    4435  -642.95     
    4436  -879.15     
    4437  -900.53     
    4438  -937.56     
    4439  -799.98     
    4440  -866.92     
    4441  -940.66     
    4442  -955.47     
    4443  -945.19     
    4444  -908.42     
    4445  -944.62     
    4446  -665.89     
 
  ***** POST1 NODAL DEGREE OF FREEDOM LISTING *****                            
 
  LOAD STEP=     1  SUBSTEP=     1                                             
   TIME=    1.0000      LOAD CASE=   0                                         
 
    NODE       VOLT  
    4447  -860.45     
    4448  -853.46     
    4449  -654.27     
    4450  -655.16     
    4451  -690.93     
    4452  -796.71     
    4453  -755.23     
    4454  -828.20     
    4455  -834.07     
    4456  -891.78     
    4457  -916.66     
    4458  -864.33     
    4459  -808.23     
    4460  -646.94     
    4461  -658.75     
    4462  -698.65     
    4463  -654.97     
    4464  -708.75     
    4465  -734.78     
    4466  -703.21     
    4467  -655.93     
    4468  -658.32     
    4469  -656.07     
    4470  -654.00     
    4471  -951.52     
    4472  -954.60     
    4473  -943.46     
    4474  -670.41     
    4475  -647.82     
    4476  -804.44     
    4477  -747.41     
    4478  -699.44     
    4479  -694.01     
    4480  -707.04     
    4481  -651.12     
    4482  -776.45     
    4483  -738.38     
    4484  -785.98     
    4485  -748.30     
 
  ***** POST1 NODAL DEGREE OF FREEDOM LISTING *****                            
 
  LOAD STEP=     1  SUBSTEP=     1                                             
   TIME=    1.0000      LOAD CASE=   0                                         
 
    NODE       VOLT  
    4486  -753.25     
    4487  -730.85     
    4488  -704.76     
    4489  -813.52     
    4490  -821.97     
    4491  -662.52     
    4492  -718.64     
    4493  -655.73     
    4494  -649.03     
    4495  -845.24     
    4496  -779.60     
    4497  -696.87     
    4498  -888.99     
    4499  -950.96     
    4500  -912.62     
    4501  -859.86     
    4502  -812.71     
    4503  -848.90     
    4504  -853.92     
    4505  -898.34     
    4506  -654.97     
    4507  -717.38     
    4508  -825.81     
    4509  -784.06     
    4510  -769.62     
    4511  -784.60     
    4512  -768.20     
    4513  -818.99     
    4514  -749.62     
    4515  -673.13     
    4516  -767.80     
    4517  -783.40     
    4518  -735.45     
    4519  -772.07     
    4520  -803.11     
    4521  -787.46     
    4522  -716.70     
    4523  -739.85     
    4524  -836.21     
 
  ***** POST1 NODAL DEGREE OF FREEDOM LISTING *****                            
 
  LOAD STEP=     1  SUBSTEP=     1                                             
   TIME=    1.0000      LOAD CASE=   0                                         
 
    NODE       VOLT  
    4525  -800.00     
    4526  -778.06     
    4527  -795.38     
    4528  -795.88     
    4529  -800.32     
    4530  -809.16     
    4531  -848.12     
    4532  -856.91     
    4533  -741.17     
    4534  -748.15     
    4535  -731.82     
    4536  -749.17     
    4537  -818.34     
    4538  -817.17     
    4539  -864.75     
    4540  -866.19     
    4541  -937.71     
    4542  -931.21     
    4543  -915.49     
    4544  -911.42     
    4545  -687.13     
    4546  -644.02     
    4547  -742.07     
    4548  -790.07     
    4549  -732.30     
    4550  -783.55     
    4551  -830.37     
    4552  -640.22     
    4553  -624.76     
    4554  -669.43     
    4555  -686.56     
    4556  -787.08     
    4557  -728.41     
    4558  -962.52     
    4559  -865.25     
    4560  -836.53     
    4561  -960.57     
    4562  -908.27     
    4563  -938.05     
 
  ***** POST1 NODAL DEGREE OF FREEDOM LISTING *****                            
 
  LOAD STEP=     1  SUBSTEP=     1                                             
   TIME=    1.0000      LOAD CASE=   0                                         
 
    NODE       VOLT  
    4564  -944.30     
    4565  -939.62     
    4566  -637.77     
    4567  -643.02     
    4568  -715.49     
    4569  -677.96     
    4570  -684.88     
    4571  -739.31     
    4572  -661.04     
    4573  -733.46     
    4574  -661.84     
    4575  -903.52     
    4576  -945.69     
    4577  -968.82     
    4578  -721.83     
    4579  -644.83     
    4580  -768.69     
    4581  -926.85     
    4582  -897.38     
    4583  -942.65     
    4584  -857.26     
    4585  -785.32     
    4586  -734.03     
    4587  -773.54     
    4588  -642.25     
    4589  -656.53     
    4590  -643.67     
    4591  -638.43     
    4592  -658.51     
    4593  -710.50     
    4594  -943.33     
    4595  -922.68     
    4596  -948.72     
    4597  -886.33     
    4598  -942.12     
    4599  -907.13     
    4600  -878.99     
    4601  -880.64     
    4602  -891.19     
 
  ***** POST1 NODAL DEGREE OF FREEDOM LISTING *****                            
 
  LOAD STEP=     1  SUBSTEP=     1                                             
   TIME=    1.0000      LOAD CASE=   0                                         
 
    NODE       VOLT  
    4603  -818.03     
    4604  -678.62     
    4605  -680.41     
    4606  -918.72     
    4607  -909.16     
    4608  -898.63     
    4609  -651.65     
    4610  -643.92     
    4611  -892.00     
    4612  -855.56     
    4613  -848.02     
    4614  -897.29     
    4615  -830.71     
    4616  -758.38     
    4617  -784.28     
    4618  -818.96     
    4619  -795.75     
    4620  -830.94     
    4621  -866.80     
    4622  -834.07     
    4623  -898.32     
    4624  -914.53     
    4625  -949.95     
    4626  -947.45     
    4627  -951.93     
    4628  -974.54     
    4629  -953.74     
    4630  -928.66     
    4631  -904.56     
    4632  -878.43     
    4633  -856.91     
    4634  -811.76     
    4635  -912.28     
    4636  -913.23     
    4637  -860.37     
    4638  -879.06     
    4639  -918.69     
    4640  -784.08     
    4641  -799.83     
 
  ***** POST1 NODAL DEGREE OF FREEDOM LISTING *****                            
 
  LOAD STEP=     1  SUBSTEP=     1                                             
   TIME=    1.0000      LOAD CASE=   0                                         
 
    NODE       VOLT  
    4642  -746.46     
    4643  -799.91     
    4644  -738.91     
    4645  -701.69     
    4646  -763.23     
    4647  -753.49     
    4648  -700.18     
    4649  -749.91     
    4650  -753.61     
    4651  -695.71     
    4652  -655.80     
    4653  -641.56     
    4654  -700.74     
    4655  -654.40     
    4656  -656.53     
    4657  -666.06     
    4658  -693.32     
    4659  -937.01     
    4660  -946.09     
    4661  -901.19     
    4662  -873.59     
    4663  -959.82     
    4664  -959.41     
    4665  -917.53     
    4666  -932.77     
    4667  -948.55     
    4668  -972.81     
    4669  -658.84     
    4670  -691.70     
    4671  -682.97     
    4672  -644.49     
    4673  -658.48     
    4674  -709.04     
    4675  -696.62     
    4676  -690.38     
    4677  -740.16     
    4678  -788.85     
    4679  -721.90     
    4680  -930.60     
 
  ***** POST1 NODAL DEGREE OF FREEDOM LISTING *****                            
 
  LOAD STEP=     1  SUBSTEP=     1                                             
   TIME=    1.0000      LOAD CASE=   0                                         
 
    NODE       VOLT  
    4681  -947.58     
    4682  -957.81     
    4683  -945.36     
    4684  -883.76     
    4685  -944.06     
    4686  -945.67     
    4687  -885.16     
    4688  -884.62     
    4689  -841.22     
    4690  -858.52     
    4691  -907.11     
    4692  -928.06     
    4693  -869.50     
    4694  -906.08     
    4695  -898.02     
    4696  -940.25     
    4697  -716.59     
    4698  -746.06     
    4699  -645.59     
    4700  -673.07     
    4701  -654.47     
    4702  -664.15     
    4703  -717.92     
    4704  -697.16     
    4705  -750.08     
    4706  -927.75     
    4707  -870.37     
    4708  -911.30     
    4709  -903.38     
    4710  -659.79     
    4711  -780.57     
    4712  -818.71     
    4713  -730.81     
    4714  -746.90     
    4715  -900.86     
    4716  -926.66     
    4717  -959.85     
    4718  -788.73     
    4719  -788.82     
 
  ***** POST1 NODAL DEGREE OF FREEDOM LISTING *****                            
 
  LOAD STEP=     1  SUBSTEP=     1                                             
   TIME=    1.0000      LOAD CASE=   0                                         
 
    NODE       VOLT  
    4720  -792.39     
    4721  -757.37     
    4722  -769.26     
    4723  -800.39     
    4724  -823.66     
    4725  -852.47     
    4726  -848.82     
    4727  -728.54     
    4728  -634.90     
    4729  -648.42     
    4730  -648.26     
    4731  -670.24     
    4732  -942.31     
    4733  -955.97     
    4734  -876.95     
    4735  -869.94     
    4736  -647.62     
    4737  -699.54     
    4738  -642.15     
    4739  -943.68     
    4740  -928.76     
    4741  -878.15     
    4742  -960.66     
    4743  -942.99     
    4744  -707.23     
    4745  -682.86     
    4746  -736.70     
    4747  -658.84     
    4748  -869.26     
    4749  -641.40     
    4750  -765.52     
    4751  -834.24     
    4752  -644.43     
    4753  -642.79     
    4754  -907.17     
    4755  -943.53     
    4756  -945.39     
    4757  -882.72     
    4758  -936.88     
 
  ***** POST1 NODAL DEGREE OF FREEDOM LISTING *****                            
 
  LOAD STEP=     1  SUBSTEP=     1                                             
   TIME=    1.0000      LOAD CASE=   0                                         
 
    NODE       VOLT  
    4759  -822.42     
    4760  -866.06     
    4761  -854.37     
    4762  -706.75     
    4763  -647.52     
    4764  -733.61     
    4765  -655.81     
    4766  -778.29     
    4767  -771.95     
    4768  -827.45     
    4769  -822.86     
    4770  -638.23     
    4771  -675.82     
    4772  -810.70     
    4773  -657.91     
    4774  -690.61     
    4775  -715.14     
    4776  -656.04     
    4777  -643.03     
    4778  -658.21     
    4779  -939.98     
    4780  -960.55     
    4781  -942.96     
    4782  -911.04     
    4783  -945.52     
    4784  -905.45     
    4785  -891.74     
    4786  -804.12     
    4787  -801.28     
    4788  -656.66     
    4789  -893.15     
    4790  -905.63     
    4791  -897.07     
    4792  -642.07     
    4793  -642.00     
    4794  -635.20     
    4795  -935.92     
    4796  -662.74     
    4797  -904.74     
 
  ***** POST1 NODAL DEGREE OF FREEDOM LISTING *****                            
 
  LOAD STEP=     1  SUBSTEP=     1                                             
   TIME=    1.0000      LOAD CASE=   0                                         
 
    NODE       VOLT  
    4798  -955.47     
    4799  -637.28     
    4800  -626.30     
    4801  -705.49     
    4802  -701.66     
    4803  -962.40     
    4804  -797.43     
    4805  -851.78     
    4806  -891.12     
    4807  -732.72     
    4808  -816.60     
    4809  -911.50     
    4810  -970.41     
    4811  -816.39     
    4812  -849.85     
    4813  -973.88     
    4814  -818.48     
    4815  -878.76     
    4816  -693.41     
    4817  -693.38     
    4818  -652.77     
    4819  -824.03     
    4820  -785.22     
    4821  -731.50     
    4822  -690.40     
    4823  -723.66     
    4824  -795.61     
    4825  -869.91     
    4826  -928.55     
    4827  -884.78     
    4828  -736.40     
    4829  -751.10     
    4830  -703.56     
    4831  -657.99     
    4832  -733.70     
    4833  -870.23     
    4834  -867.10     
    4835  -944.13     
    4836  -626.14     
 
  ***** POST1 NODAL DEGREE OF FREEDOM LISTING *****                            
 
  LOAD STEP=     1  SUBSTEP=     1                                             
   TIME=    1.0000      LOAD CASE=   0                                         
 
    NODE       VOLT  
    4837  -650.49     
    4838  -703.15     
    4839  -652.54     
    4840  -952.93     
    4841  -967.50     
    4842  -651.29     
    4843  -848.86     
    4844  -832.63     
    4845  -751.99     
    4846  -715.61     
    4847  -766.17     
    4848  -802.95     
    4849  -654.21     
    4850  -974.55     
    4851  -800.01     
    4852  -850.10     
    4853  -966.60     
    4854  -804.93     
    4855  -741.55     
    4856  -693.15     
    4857  -957.36     
    4858  -769.49     
    4859  -765.93     
    4860  -688.56     
    4861  -752.01     
    4862  -841.03     
    4863  -835.27     
    4864  -867.86     
    4865  -625.19     
    4866  -944.09     
    4867  -799.98     
    4868  -954.45     
    4869  -897.08     
    4870  -955.05     
    4871  -954.76     
    4872  -952.14     
    4873  -973.85     
    4874  -978.26     
    4875  -963.16     
 
  ***** POST1 NODAL DEGREE OF FREEDOM LISTING *****                            
 
  LOAD STEP=     1  SUBSTEP=     1                                             
   TIME=    1.0000      LOAD CASE=   0                                         
 
    NODE       VOLT  
    4876  -958.75     
    4877  -984.86     
    4878  -961.19     
    4879  -956.81     
    4880  -982.97     
    4881  -978.21     
    4882  -984.83     
    4883  -984.86     
    4884  -978.25     
    4885  -984.88     
    4886  -927.89     
    4887  -906.26     
    4888  -948.02     
    4889  -941.87     
    4890  -900.09     
    4891  -920.18     
    4892  -662.12     
    4893  -643.64     
    4894  -647.33     
    4895  -668.43     
    4896  -656.30     
    4897  -642.67     
    4898  -634.42     
    4899  -644.07     
    4900  -645.77     
    4901  -648.40     
    4902  -931.15     
    4903  -974.09     
    4904  -957.01     
    4905  -943.75     
    4906  -960.82     
    4907  -986.72     
    4908  -937.25     
    4909  -963.12     
    4910  -688.35     
    4911  -701.53     
    4912  -728.90     
    4913  -703.54     
    4914  -675.23     
 
  ***** POST1 NODAL DEGREE OF FREEDOM LISTING *****                            
 
  LOAD STEP=     1  SUBSTEP=     1                                             
   TIME=    1.0000      LOAD CASE=   0                                         
 
    NODE       VOLT  
    4915  -717.51     
    4916  -986.72     
    4917  -956.99     
    4918  -929.93     
    4919  -959.61     
    4920  -972.87     
    4921  -682.30     
    4922  -667.01     
    4923  -676.72     
    4924  -665.62     
    4925  -659.65     
    4926  -695.54     
    4927  -715.74     
    4928  -711.56     
    4929  -721.18     
    4930  -736.92     
    4931  -690.48     
    4932  -686.57     
    4933  -665.19     
    4934  -669.28     
    4935  -659.99     
    4936  -712.51     
    4937  -699.90     
    4938  -762.06     
    4939  -680.39     
    4940  -706.52     
    4941  -693.52     
    4942  -708.28     
    4943  -819.60     
    4944  -788.38     
    4945  -805.73     
    4946  -794.56     
    4947  -777.22     
    4948  -763.23     
    4949  -828.19     
    4950  -845.67     
    4951  -836.34     
    4952  -818.92     
    4953  -844.94     
 
  ***** POST1 NODAL DEGREE OF FREEDOM LISTING *****                            
 
  LOAD STEP=     1  SUBSTEP=     1                                             
   TIME=    1.0000      LOAD CASE=   0                                         
 
    NODE       VOLT  
    4954  -812.43     
    4955  -829.83     
    4956  -838.41     
    4957  -926.69     
    4958  -889.40     
    4959  -871.35     
    4960  -927.65     
    4961  -945.82     
    4962  -890.37     
    4963  -903.53     
    4964  -856.42     
    4965  -863.60     
    4966  -876.21     
    4967  -870.51     
    4968  -832.50     
    4969  -896.70     
    4970  -918.23     
    4971  -930.14     
    4972  -887.03     
    4973  -875.15     
    4974  -908.52     
    4975  -921.58     
    4976  -950.99     
    4977  -937.97     
    4978  -937.80     
    4979  -950.82     
    4980  -967.24     
    4981  -906.75     
    4982  -918.61     
    4983  -909.69     
    4984  -931.63     
    4985  -948.03     
    4986  -929.07     
    4987  -958.52     
    4988  -939.09     
    4989  -740.57     
    4990  -713.24     
    4991  -752.06     
    4992  -784.00     
 
  ***** POST1 NODAL DEGREE OF FREEDOM LISTING *****                            
 
  LOAD STEP=     1  SUBSTEP=     1                                             
   TIME=    1.0000      LOAD CASE=   0                                         
 
    NODE       VOLT  
    4993  -745.20     
    4994  -756.75     
    4995  -699.16     
    4996  -672.76     
    4997  -670.23     
    4998  -690.95     
    4999  -693.44     
    5000  -664.51     
    5001  -738.09     
    5002  -709.36     
    5003  -748.23     
    5004  -706.81     
    5005  -711.55     
    5006  -755.07     
    5007  -723.23     
    5008  -677.66     
    5009  -689.31     
    5010  -687.63     
    5011  -680.45     
    5012  -685.38     
    5013  -648.69     
    5014  -657.81     
    5015  -681.93     
    5016  -675.02     
    5017  -625.39     
    5018  -632.36     
    5019  -711.39     
    5020  -722.95     
    5021  -678.86     
    5022  -688.59     
    5023  -690.52     
    5024  -732.49     
    5025  -743.96     
    5026  -742.12     
    5027  -626.94     
    5028  -625.19     
    5029  -619.68     
    5030  -732.40     
    5031  -686.63     
 
  ***** POST1 NODAL DEGREE OF FREEDOM LISTING *****                            
 
  LOAD STEP=     1  SUBSTEP=     1                                             
   TIME=    1.0000      LOAD CASE=   0                                         
 
    NODE       VOLT  
    5032  -733.77     
    5033  -694.81     
    5034  -654.83     
    5035  -672.35     
    5036  -643.37     
    5037  -664.10     
    5038  -889.83     
    5039  -919.08     
    5040  -908.36     
    5041  -839.45     
    5042  -850.12     
    5043  -868.53     
    5044  -833.53     
    5045  -883.76     
    5046  -902.05     
    5047  -969.24     
    5048  -938.78     
    5049  -970.73     
    5050  -950.36     
    5051  -926.87     
    5052  -931.94     
    5053  -950.05     
    5054  -944.91     
    5055  -926.53     
    5056  -950.16     
    5057  -972.55     
    5058  -922.86     
    5059  -968.88     
    5060  -941.52     
    5061  -650.27     
    5062  -674.25     
    5063  -664.52     
    5064  -922.59     
    5065  -972.28     
    5066  -794.34     
    5067  -844.60     
    5068  -880.52     
    5069  -830.17     
    5070  -824.56     
 
  ***** POST1 NODAL DEGREE OF FREEDOM LISTING *****                            
 
  LOAD STEP=     1  SUBSTEP=     1                                             
   TIME=    1.0000      LOAD CASE=   0                                         
 
    NODE       VOLT  
    5071  -902.46     
    5072  -877.04     
    5073  -898.97     
    5074  -856.96     
    5075  -632.22     
    5076  -642.08     
    5077  -662.41     
    5078  -651.13     
    5079  -631.29     
    5080  -664.62     
    5081  -638.52     
    5082  -659.80     
    5083  -676.54     
    5084  -672.69     
    5085  -673.43     
    5086  -690.64     
    5087  -645.21     
    5088  -663.06     
    5089  -681.36     
    5090  -641.64     
    5091  -645.54     
    5092  -651.92     
    5093  -646.79     
    5094  -786.42     
    5095  -798.53     
    5096  -778.32     
    5097  -818.38     
    5098  -829.85     
    5099  -810.79     
    5100  -776.94     
    5101  -766.56     
    5102  -757.60     
    5103  -813.19     
    5104  -829.23     
    5105  -811.38     
    5106  -847.21     
    5107  -764.50     
    5108  -784.47     
    5109  -798.55     
 
  ***** POST1 NODAL DEGREE OF FREEDOM LISTING *****                            
 
  LOAD STEP=     1  SUBSTEP=     1                                             
   TIME=    1.0000      LOAD CASE=   0                                         
 
    NODE       VOLT  
    5110  -862.93     
    5111  -904.23     
    5112  -875.33     
    5113  -859.44     
    5114  -888.33     
    5115  -900.74     
    5116  -878.63     
    5117  -849.78     
    5118  -865.20     
    5119  -890.60     
    5120  -906.51     
    5121  -633.56     
    5122  -874.60     
    5123  -836.31     
    5124  -846.49     
    5125  -864.96     
    5126  -836.84     
    5127  -887.81     
    5128  -909.65     
    5129  -912.66     
    5130  -886.44     
    5131  -896.42     
    5132  -877.51     
    5133  -862.34     
    5134  -852.14     
    5135  -644.17     
    5136  -623.52     
    5137  -623.50     
    5138  -667.51     
    5139  -623.45     
    5140  -629.39     
    5141  -652.83     
    5142  -623.47     
    5143  -629.40     
    5144  -672.81     
    5145  -676.81     
    5146  -650.93     
    5147  -677.85     
    5148  -703.69     
 
  ***** POST1 NODAL DEGREE OF FREEDOM LISTING *****                            
 
  LOAD STEP=     1  SUBSTEP=     1                                             
   TIME=    1.0000      LOAD CASE=   0                                         
 
    NODE       VOLT  
    5149  -681.88     
    5150  -716.72     
    5151  -690.92     
    5152  -675.08     
    5153  -700.91     
    5154  -718.97     
    5155  -657.09     
    5156  -629.14     
    5157  -627.99     
    5158  -655.98     
    5159  -657.08     
    5160  -628.02     
    5161  -655.98     
    5162  -628.03     
    5163  -627.99     
    5164  -628.01     
    5165  -628.10     
    5166  -627.03     
    5167  -627.00     
    5168  -628.02     
    5169  -654.94     
    5170  -628.00     
    5171  -629.22     
    5172  -953.75     
    5173  -949.31     
    5174  -947.31     
    5175  -975.01     
    5176  -977.97     
    5177  -970.62     
    5178  -658.86     
    5179  -626.54     
    5180  -638.83     
    5181  -666.72     
    5182  -656.82     
    5183  -635.39     
    5184  -738.97     
    5185  -775.13     
    5186  -710.09     
    5187  -720.01     
 
  ***** POST1 NODAL DEGREE OF FREEDOM LISTING *****                            
 
  LOAD STEP=     1  SUBSTEP=     1                                             
   TIME=    1.0000      LOAD CASE=   0                                         
 
    NODE       VOLT  
    5188  -786.50     
    5189  -757.05     
    5190  -664.62     
    5191  -674.00     
    5192  -724.01     
    5193  -700.08     
    5194  -685.15     
    5195  -671.76     
    5196  -696.18     
    5197  -721.08     
    5198  -688.57     
    5199  -702.71     
    5200  -726.98     
    5201  -679.32     
    5202  -660.50     
    5203  -675.01     
    5204  -759.20     
    5205  -738.33     
    5206  -754.15     
    5207  -731.40     
    5208  -747.36     
    5209  -769.81     
    5210  -684.36     
    5211  -693.82     
    5212  -719.09     
    5213  -709.82     
    5214  -713.26     
    5215  -678.97     
    5216  -648.29     
    5217  -680.94     
    5218  -660.08     
    5219  -650.28     
    5220  -767.57     
    5221  -750.22     
    5222  -769.56     
    5223  -764.77     
    5224  -745.43     
    5225  -747.89     
    5226  -735.52     
 
  ***** POST1 NODAL DEGREE OF FREEDOM LISTING *****                            
 
  LOAD STEP=     1  SUBSTEP=     1                                             
   TIME=    1.0000      LOAD CASE=   0                                         
 
    NODE       VOLT  
    5227  -757.56     
    5228  -723.87     
    5229  -751.39     
    5230  -687.40     
    5231  -723.67     
    5232  -711.00     
    5233  -701.94     
    5234  -772.70     
    5235  -777.41     
    5236  -794.95     
    5237  -782.74     
    5238  -803.69     
    5239  -799.79     
    5240  -781.19     
    5241  -675.07     
    5242  -720.25     
    5243  -708.85     
    5244  -715.17     
    5245  -725.87     
    5246  -690.65     
    5247  -687.14     
    5248  -659.06     
    5249  -655.78     
    5250  -683.89     
    5251  -652.36     
    5252  -847.56     
    5253  -824.87     
    5254  -833.98     
    5255  -856.74     
    5256  -834.99     
    5257  -677.21     
    5258  -673.86     
    5259  -649.40     
    5260  -627.87     
    5261  -624.48     
    5262  -655.35     
    5263  -627.50     
    5264  -739.20     
    5265  -793.87     
 
  ***** POST1 NODAL DEGREE OF FREEDOM LISTING *****                            
 
  LOAD STEP=     1  SUBSTEP=     1                                             
   TIME=    1.0000      LOAD CASE=   0                                         
 
    NODE       VOLT  
    5266  -753.51     
    5267  -757.21     
    5268  -771.54     
    5269  -697.71     
    5270  -676.28     
    5271  -675.92     
    5272  -736.60     
    5273  -791.32     
    5274  -708.59     
    5275  -746.42     
    5276  -763.34     
    5277  -749.16     
    5278  -743.37     
    5279  -725.34     
    5280  -721.75     
    5281  -730.39     
    5282  -656.86     
    5283  -683.76     
    5284  -887.61     
    5285  -921.25     
    5286  -922.69     
    5287  -901.60     
    5288  -935.26     
    5289  -953.84     
    5290  -919.85     
    5291  -900.80     
    5292  -934.54     
    5293  -931.77     
    5294  -873.01     
    5295  -874.51     
    5296  -850.82     
    5297  -849.34     
    5298  -836.24     
    5299  -886.92     
    5300  -868.88     
    5301  -851.41     
    5302  -871.41     
    5303  -893.73     
    5304  -873.51     
 
  ***** POST1 NODAL DEGREE OF FREEDOM LISTING *****                            
 
  LOAD STEP=     1  SUBSTEP=     1                                             
   TIME=    1.0000      LOAD CASE=   0                                         
 
    NODE       VOLT  
    5305  -876.14     
    5306  -689.98     
    5307  -688.42     
    5308  -654.20     
    5309  -721.03     
    5310  -719.50     
    5311  -686.34     
    5312  -686.64     
    5313  -719.00     
    5314  -831.43     
    5315  -804.91     
    5316  -810.54     
    5317  -788.91     
    5318  -768.05     
    5319  -769.25     
    5320  -787.03     
    5321  -787.09     
    5322  -776.38     
    5323  -795.29     
    5324  -803.59     
    5325  -784.33     
    5326  -776.04     
    5327  -803.39     
    5328  -810.66     
    5329  -820.83     
    5330  -836.49     
    5331  -728.54     
    5332  -690.21     
    5333  -711.89     
    5334  -758.33     
    5335  -737.51     
    5336  -720.88     
    5337  -792.81     
    5338  -778.88     
    5339  -768.91     
    5340  -759.51     
    5341  -754.84     
    5342  -787.04     
    5343  -777.70     
 
  ***** POST1 NODAL DEGREE OF FREEDOM LISTING *****                            
 
  LOAD STEP=     1  SUBSTEP=     1                                             
   TIME=    1.0000      LOAD CASE=   0                                         
 
    NODE       VOLT  
    5344  -753.84     
    5345  -795.34     
    5346  -751.50     
    5347  -759.58     
    5348  -760.58     
    5349  -752.58     
    5350  -716.60     
    5351  -764.31     
    5352  -762.75     
    5353  -801.55     
    5354  -762.50     
    5355  -760.84     
    5356  -771.23     
    5357  -788.78     
    5358  -820.10     
    5359  -801.78     
    5360  -770.29     
    5361  -818.52     
    5362  -758.54     
    5363  -801.54     
    5364  -793.68     
    5365  -759.34     
    5366  -790.27     
    5367  -807.11     
    5368  -795.61     
    5369  -798.11     
    5370  -797.85     
    5371  -824.27     
    5372  -824.88     
    5373  -826.82     
    5374  -802.38     
    5375  -828.36     
    5376  -821.68     
    5377  -804.83     
    5378  -824.19     
    5379  -832.65     
    5380  -825.98     
    5381  -852.46     
    5382  -768.27     
 
  ***** POST1 NODAL DEGREE OF FREEDOM LISTING *****                            
 
  LOAD STEP=     1  SUBSTEP=     1                                             
   TIME=    1.0000      LOAD CASE=   0                                         
 
    NODE       VOLT  
    5383  -744.34     
    5384  -772.03     
    5385  -763.58     
    5386  -736.55     
    5387  -739.53     
    5388  -745.07     
    5389  -771.47     
    5390  -775.69     
    5391  -778.79     
    5392  -806.71     
    5393  -817.85     
    5394  -806.33     
    5395  -783.22     
    5396  -783.30     
    5397  -840.69     
    5398  -836.83     
    5399  -860.80     
    5400  -841.72     
    5401  -837.92     
    5402  -865.87     
    5403  -879.00     
    5404  -914.75     
    5405  -901.58     
    5406  -901.88     
    5407  -921.71     
    5408  -944.74     
    5409  -911.48     
    5410  -923.35     
    5411  -903.64     
    5412  -901.60     
    5413  -921.32     
    5414  -913.47     
    5415  -858.76     
    5416  -845.63     
    5417  -829.95     
    5418  -643.57     
    5419  -621.99     
    5420  -665.60     
    5421  -643.63     
 
  ***** POST1 NODAL DEGREE OF FREEDOM LISTING *****                            
 
  LOAD STEP=     1  SUBSTEP=     1                                             
   TIME=    1.0000      LOAD CASE=   0                                         
 
    NODE       VOLT  
    5422  -622.02     
    5423  -750.73     
    5424  -774.84     
    5425  -766.08     
    5426  -714.63     
    5427  -723.36     
    5428  -738.74     
    5429  -706.40     
    5430  -761.60     
    5431  -760.86     
    5432  -745.93     
    5433  -737.14     
    5434  -771.58     
    5435  -757.91     
    5436  -762.71     
    5437  -800.74     
    5438  -679.91     
    5439  -658.37     
    5440  -636.40     
    5441  -813.01     
    5442  -813.01     
    5443  -831.40     
    5444  -694.13     
    5445  -672.61     
    5446  -632.50     
    5447  -637.86     
    5448  -645.58     
    5449  -620.17     
    5450  -612.34     
    5451  -625.55     
    5452  -620.09     
    5453  -640.54     
    5454  -660.55     
    5455  -644.84     
    5456  -624.72     
    5457  -665.18     
    5458  -625.45     
    5459  -620.08     
    5460  -942.16     
 
  ***** POST1 NODAL DEGREE OF FREEDOM LISTING *****                            
 
  LOAD STEP=     1  SUBSTEP=     1                                             
   TIME=    1.0000      LOAD CASE=   0                                         
 
    NODE       VOLT  
    5461  -918.55     
    5462  -942.02     
    5463  -640.53     
    5464  -640.52     
    5465  -620.08     
    5466  -694.47     
    5467  -708.95     
    5468  -654.75     
    5469  -714.53     
    5470  -674.88     
    5471  -663.36     
    5472  -678.04     
    5473  -717.43     
    5474  -797.08     
    5475  -792.13     
    5476  -808.32     
    5477  -777.83     
    5478  -796.36     
    5479  -775.11     
    5480  -811.90     
    5481  -791.60     
    5482  -724.20     
    5483  -710.26     
    5484  -742.32     
    5485  -745.90     
    5486  -715.09     
    5487  -732.89     
    5488  -751.93     
    5489  -821.06     
    5490  -940.97     
    5491  -959.59     
    5492  -981.23     
    5493  -957.43     
    5494  -975.96     
    5495  -973.88     
    5496  -862.89     
    5497  -848.49     
    5498  -850.87     
    5499  -886.81     
 
  ***** POST1 NODAL DEGREE OF FREEDOM LISTING *****                            
 
  LOAD STEP=     1  SUBSTEP=     1                                             
   TIME=    1.0000      LOAD CASE=   0                                         
 
    NODE       VOLT  
    5500  -884.42     
    5501  -872.36     
    5502  -934.45     
    5503  -910.40     
    5504  -898.28     
    5505  -952.62     
    5506  -819.88     
    5507  -816.37     
    5508  -923.18     
    5509  -942.42     
    5510  -926.83     
    5511  -923.92     
    5512  -939.09     
    5513  -942.22     
    5514  -807.98     
    5515  -789.67     
    5516  -818.30     
    5517  -830.19     
    5518  -667.39     
    5519  -645.89     
    5520  -675.49     
    5521  -646.69     
    5522  -654.82     
    5523  -735.70     
    5524  -724.46     
    5525  -689.37     
    5526  -679.26     
    5527  -725.47     
    5528  -706.77     
    5529  -660.38     
    5530  -696.81     
    5531  -663.98     
    5532  -700.07     
    5533  -710.17     
    5534  -743.63     
    5535  -716.16     
    5536  -690.89     
    5537  -718.49     
    5538  -821.87     
 
  ***** POST1 NODAL DEGREE OF FREEDOM LISTING *****                            
 
  LOAD STEP=     1  SUBSTEP=     1                                             
   TIME=    1.0000      LOAD CASE=   0                                         
 
    NODE       VOLT  
    5539  -824.05     
    5540  -809.65     
    5541  -793.18     
    5542  -780.12     
    5543  -822.67     
    5544  -817.03     
    5545  -821.15     
    5546  -776.44     
    5547  -821.28     
    5548  -806.91     
    5549  -722.50     
    5550  -730.64     
    5551  -742.58     
    5552  -667.96     
    5553  -647.03     
    5554  -633.29     
    5555  -647.60     
    5556  -659.05     
    5557  -631.32     
    5558  -627.32     
    5559  -629.77     
    5560  -632.10     
    5561  -669.34     
    5562  -640.48     
    5563  -697.74     
    5564  -698.83     
    5565  -706.44     
    5566  -648.56     
    5567  -662.99     
    5568  -664.19     
    5569  -681.43     
    5570  -650.70     
    5571  -630.89     
    5572  -630.85     
    5573  -650.67     
    5574  -633.27     
    5575  -923.24     
    5576  -906.13     
    5577  -884.51     
 
  ***** POST1 NODAL DEGREE OF FREEDOM LISTING *****                            
 
  LOAD STEP=     1  SUBSTEP=     1                                             
   TIME=    1.0000      LOAD CASE=   0                                         
 
    NODE       VOLT  
    5578  -920.60     
    5579  -945.35     
    5580  -904.93     
    5581  -904.48     
    5582  -889.87     
    5583  -849.29     
    5584  -835.71     
    5585  -804.37     
    5586  -925.16     
    5587  -938.70     
    5588  -957.79     
    5589  -936.14     
    5590  -868.94     
    5591  -710.26     
    5592  -748.15     
    5593  -720.16     
    5594  -695.11     
    5595  -658.49     
    5596  -681.89     
    5597  -666.91     
    5598  -653.66     
    5599  -707.84     
    5600  -743.67     
    5601  -710.08     
    5602  -673.36     
    5603  -735.65     
    5604  -710.92     
    5605  -674.06     
    5606  -702.21     
    5607  -646.84     
    5608  -676.18     
    5609  -963.30     
    5610  -977.00     
    5611  -940.46     
    5612  -963.39     
    5613  -977.06     
    5614  -975.91     
    5615  -975.85     
    5616  -975.90     
 
  ***** POST1 NODAL DEGREE OF FREEDOM LISTING *****                            
 
  LOAD STEP=     1  SUBSTEP=     1                                             
   TIME=    1.0000      LOAD CASE=   0                                         
 
    NODE       VOLT  
    5617  -895.87     
    5618  -881.25     
    5619  -912.10     
    5620  -872.39     
    5621  -857.75     
    5622  -934.94     
    5623  -908.99     
    5624  -901.21     
    5625  -938.40     
    5626  -946.19     
    5627  -908.06     
    5628  -893.32     
    5629  -933.94     
    5630  -919.18     
    5631  -935.28     
    5632  -940.67     
    5633  -954.30     
    5634  -882.55     
    5635  -853.74     
    5636  -891.74     
    5637  -923.36     
    5638  -888.81     
    5639  -901.18     
    5640  -935.76     
    5641  -932.76     
    5642  -866.36     
    5643  -900.86     
    5644  -821.27     
    5645  -819.39     
    5646  -855.37     
    5647  -822.94     
    5648  -786.99     
    5649  -836.76     
    5650  -833.93     
    5651  -791.47     
    5652  -825.76     
    5653  -868.25     
    5654  -733.81     
    5655  -736.34     
 
  ***** POST1 NODAL DEGREE OF FREEDOM LISTING *****                            
 
  LOAD STEP=     1  SUBSTEP=     1                                             
   TIME=    1.0000      LOAD CASE=   0                                         
 
    NODE       VOLT  
    5656  -736.13     
    5657  -754.49     
    5658  -754.12     
    5659  -756.19     
    5660  -871.76     
    5661  -885.66     
    5662  -830.36     
    5663  -858.59     
    5664  -822.60     
    5665  -867.68     
    5666  -869.82     
    5667  -875.69     
    5668  -859.41     
    5669  -832.70     
    5670  -822.33     
    5671  -850.16     
    5672  -799.98     
    5673  -643.01     
    5674  -669.49     
    5675  -663.76     
    5676  -674.27     
    5677  -694.03     
    5678  -677.93     
    5679  -694.03     
    5680  -712.05     
    5681  -655.85     
    5682  -660.50     
    5683  -621.49     
    5684  -622.48     
    5685  -621.48     
    5686  -619.29     
    5687  -648.43     
    5688  -629.32     
    5689  -619.21     
    5690  -629.14     
    5691  -682.01     
    5692  -699.18     
    5693  -718.89     
    5694  -685.41     
 
  ***** POST1 NODAL DEGREE OF FREEDOM LISTING *****                            
 
  LOAD STEP=     1  SUBSTEP=     1                                             
   TIME=    1.0000      LOAD CASE=   0                                         
 
    NODE       VOLT  
    5695  -655.94     
    5696  -654.32     
    5697  -683.42     
    5698  -657.27     
    5699  -626.16     
    5700  -628.45     
    5701  -630.56     
    5702  -661.75     
    5703  -637.46     
    5704  -634.07     
    5705  -632.06     
    5706  -966.25     
    5707  -956.34     
    5708  -932.28     
    5709  -939.69     
    5710  -956.21     
    5711  -930.18     
    5712  -953.21     
    5713  -954.06     
    5714  -967.73     
    5715  -945.99     
    5716  -974.61     
    5717  -974.21     
    5718  -966.43     
    5719  -971.69     
    5720  -932.89     
    5721  -905.88     
    5722  -913.77     
    5723  -937.14     
    5724  -915.79     
    5725  -955.55     
    5726  -944.40     
    5727  -970.11     
    5728  -945.36     
    5729  -953.28     
    5730  -960.25     
    5731  -905.35     
    5732  -922.55     
    5733  -920.84     
 
  ***** POST1 NODAL DEGREE OF FREEDOM LISTING *****                            
 
  LOAD STEP=     1  SUBSTEP=     1                                             
   TIME=    1.0000      LOAD CASE=   0                                         
 
    NODE       VOLT  
    5734  -906.15     
    5735  -907.78     
    5736  -878.80     
    5737  -880.54     
    5738  -881.20     
    5739  -984.39     
    5740  -973.35     
    5741  -951.66     
    5742  -858.18     
    5743  -872.71     
    5744  -851.61     
    5745  -872.09     
    5746  -893.05     
    5747  -886.67     
    5748  -805.10     
    5749  -835.05     
    5750  -892.10     
    5751  -857.45     
    5752  -869.50     
    5753  -858.15     
    5754  -890.12     
    5755  -878.32     
    5756  -877.12     
    5757  -853.42     
    5758  -854.60     
    5759  -841.58     
    5760  -883.17     
    5761  -886.27     
    5762  -856.96     
    5763  -880.93     
    5764  -897.27     
    5765  -882.86     
    5766  -894.77     
    5767  -966.42     
    5768  -966.42     
    5769  -851.98     
    5770  -798.77     
    5771  -835.76     
    5772  -782.34     
 
  ***** POST1 NODAL DEGREE OF FREEDOM LISTING *****                            
 
  LOAD STEP=     1  SUBSTEP=     1                                             
   TIME=    1.0000      LOAD CASE=   0                                         
 
    NODE       VOLT  
    5773  -660.70     
    5774  -640.58     
    5775  -618.12     
    5776  -625.13     
    5777  -644.59     
    5778  -647.38     
    5779  -676.92     
    5780  -648.35     
    5781  -663.56     
    5782  -660.01     
    5783  -634.90     
    5784  -658.15     
    5785  -652.16     
    5786  -652.93     
    5787  -646.09     
    5788  -632.11     
    5789  -645.48     
    5790  -633.54     
    5791  -630.85     
    5792  -707.26     
    5793  -682.29     
    5794  -702.02     
    5795  -716.71     
    5796  -726.68     
    5797  -718.02     
    5798  -975.28     
    5799  -974.22     
    5800  -962.52     
    5801  -973.61     
    5802  -913.65     
    5803  -875.64     
    5804  -879.94     
    5805  -892.53     
    5806  -888.02     
    5807  -926.21     
    5808  -924.53     
    5809  -920.67     
    5810  -622.08     
    5811  -647.82     
 
  ***** POST1 NODAL DEGREE OF FREEDOM LISTING *****                            
 
  LOAD STEP=     1  SUBSTEP=     1                                             
   TIME=    1.0000      LOAD CASE=   0                                         
 
    NODE       VOLT  
    5812  -625.88     
    5813  -621.95     
    5814  -643.90     
    5815  -647.79     
    5816  -895.61     
    5817  -932.49     
    5818  -905.66     
    5819  -883.78     
    5820  -909.83     
    5821  -869.54     
    5822  -859.61     
    5823  -925.40     
    5824  -927.26     
    5825  -947.97     
    5826  -948.07     
    5827  -959.49     
    5828  -935.83     
    5829  -954.06     
    5830  -957.33     
    5831  -976.69     
    5832  -963.49     
    5833  -903.01     
    5834  -939.06     
    5835  -941.91     
    5836  -967.78     
    5837  -916.27     
    5838  -969.49     
    5839  -970.45     
    5840  -903.78     
    5841  -874.94     
    5842  -892.14     
    5843  -908.31     
    5844  -889.39     
    5845  -878.82     
    5846  -913.71     
    5847  -896.33     
    5848  -923.36     
    5849  -910.38     
    5850  -926.47     
 
  ***** POST1 NODAL DEGREE OF FREEDOM LISTING *****                            
 
  LOAD STEP=     1  SUBSTEP=     1                                             
   TIME=    1.0000      LOAD CASE=   0                                         
 
    NODE       VOLT  
    5851  -960.30     
    5852  -948.54     
    5853  -956.75     
    5854  -933.37     
    5855  -966.87     
    5856  -852.15     
    5857  -872.48     
    5858  -876.20     
    5859  -843.32     
    5860  -839.27     
    5861  -863.38     
    5862  -932.11     
    5863  -944.28     
    5864  -793.50     
    5865  -771.91     
    5866  -804.93     
    5867  -824.18     
    5868  -787.32     
    5869  -799.70     
    5870  -806.74     
    5871  -814.24     
    5872  -801.93     
    5873  -813.39     
    5874  -825.53     
    5875  -821.50     
    5876  -830.57     
    5877  -847.32     
    5878  -848.55     
    5879  -832.35     
    5880  -831.96     
    5881  -850.07     
    5882  -850.08     
    5883  -867.51     
    5884  -777.38     
    5885  -789.62     
    5886  -806.47     
    5887  -814.70     
    5888  -807.84     
    5889  -898.51     
 
  ***** POST1 NODAL DEGREE OF FREEDOM LISTING *****                            
 
  LOAD STEP=     1  SUBSTEP=     1                                             
   TIME=    1.0000      LOAD CASE=   0                                         
 
    NODE       VOLT  
    5890  -924.58     
    5891  -932.94     
    5892  -906.85     
    5893  -906.35     
    5894  -931.07     
    5895  -930.93     
    5896  -950.55     
    5897  -930.07     
    5898  -952.50     
    5899  -949.80     
    5900  -975.62     
    5901  -973.52     
    5902  -960.89     
    5903  -963.19     
    5904  -987.31     
    5905  -904.64     
    5906  -974.95     
    5907  -977.74     
    5908  -953.03     
    5909  -926.05     
    5910  -940.35     
    5911  -941.16     
    5912  -913.66     
    5913  -865.74     
    5914  -864.95     
    5915  -829.83     
    5916  -860.97     
    5917  -853.64     
    5918  -848.17     
    5919  -844.29     
    5920  -827.05     
    5921  -849.72     
    5922  -833.76     
    5923  -844.23     
    5924  -867.66     
    5925  -862.92     
    5926  -840.24     
    5927  -872.95     
    5928  -888.96     
 
  ***** POST1 NODAL DEGREE OF FREEDOM LISTING *****                            
 
  LOAD STEP=     1  SUBSTEP=     1                                             
   TIME=    1.0000      LOAD CASE=   0                                         
 
    NODE       VOLT  
    5929  -915.36     
    5930  -892.50     
    5931  -889.31     
    5932  -868.39     
    5933  -852.27     
    5934  -885.01     
    5935  -908.68     
    5936  -886.35     
    5937  -889.24     
    5938  -910.93     
    5939  -884.43     
    5940  -862.86     
    5941  -886.70     
    5942  -869.75     
    5943  -919.75     
    5944  -911.79     
    5945  -891.92     
    5946  -913.59     
    5947  -915.97     
    5948  -958.03     
    5949  -902.43     
    5950  -833.34     
    5951  -830.95     
    5952  -916.91     
    5953  -928.07     
    5954  -933.26     
    5955  -762.49     
    5956  -760.59     
    5957  -781.54     
    5958  -771.28     
    5959  -781.70     
    5960  -773.66     
    5961  -750.74     
    5962  -758.78     
    5963  -761.31     
    5964  -695.08     
    5965  -726.17     
    5966  -710.13     
    5967  -689.70     
 
  ***** POST1 NODAL DEGREE OF FREEDOM LISTING *****                            
 
  LOAD STEP=     1  SUBSTEP=     1                                             
   TIME=    1.0000      LOAD CASE=   0                                         
 
    NODE       VOLT  
    5968  -781.48     
    5969  -799.91     
    5970  -760.51     
    5971  -806.28     
    5972  -799.86     
    5973  -788.47     
    5974  -824.97     
    5975  -780.27     
    5976  -810.15     
    5977  -771.21     
    5978  -804.28     
    5979  -779.58     
    5980  -773.34     
    5981  -797.90     
    5982  -806.27     
    5983  -773.66     
    5984  -800.12     
    5985  -767.49     
    5986  -720.21     
    5987  -748.94     
    5988  -742.64     
    5989  -724.12     
    5990  -779.60     
    5991  -751.08     
    5992  -732.43     
    5993  -774.30     
    5994  -749.80     
    5995  -727.68     
    5996  -724.90     
    5997  -751.67     
    5998  -727.02     
    5999  -723.26     
    6000  -748.18     
    6001  -750.00     
    6002  -775.91     
    6003  -721.14     
    6004  -697.84     
    6005  -722.85     
    6006  -648.51     
 
  ***** POST1 NODAL DEGREE OF FREEDOM LISTING *****                            
 
  LOAD STEP=     1  SUBSTEP=     1                                             
   TIME=    1.0000      LOAD CASE=   0                                         
 
    NODE       VOLT  
    6007  -672.16     
    6008  -678.50     
    6009  -653.53     
    6010  -647.64     
    6011  -677.27     
    6012  -655.27     
    6013  -658.39     
    6014  -660.38     
    6015  -675.07     
    6016  -674.62     
    6017  -679.27     
    6018  -941.60     
    6019  -923.70     
    6020  -919.03     
    6021  -907.85     
    6022  -912.46     
    6023  -890.07     
    6024  -893.58     
    6025  -866.55     
    6026  -922.44     
    6027  -919.26     
    6028  -898.67     
    6029  -934.48     
    6030  -926.58     
    6031  -906.04     
    6032  -938.70     
    6033  -890.33     
    6034  -869.91     
    6035  -909.72     
    6036  -887.25     
    6037  -979.87     
    6038  -976.11     
    6039  -955.95     
    6040  -979.81     
    6041  -975.99     
    6042  -959.64     
    6043  -938.52     
    6044  -938.62     
    6045  -979.64     
 
  ***** POST1 NODAL DEGREE OF FREEDOM LISTING *****                            
 
  LOAD STEP=     1  SUBSTEP=     1                                             
   TIME=    1.0000      LOAD CASE=   0                                         
 
    NODE       VOLT  
    6046  -958.62     
    6047  -944.27     
    6048  -930.85     
    6049  -946.29     
    6050  -954.19     
    6051  -938.72     
    6052  -940.65     
    6053  -966.36     
    6054  -986.33     
    6055  -979.69     
    6056  -986.50     
    6057  -946.09     
    6058  -925.18     
    6059  -675.15     
    6060  -686.01     
    6061  -670.92     
    6062  -651.83     
    6063  -668.15     
    6064  -663.94     
    6065  -650.88     
    6066  -657.80     
    6067  -628.24     
    6068  -622.68     
    6069  -630.37     
    6070  -684.20     
    6071  -702.72     
    6072  -679.07     
    6073  -674.42     
    6074  -699.89     
    6075  -692.85     
    6076  -632.52     
    6077  -632.26     
    6078  -654.00     
    6079  -672.38     
    6080  -654.50     
    6081  -764.53     
    6082  -755.99     
    6083  -731.01     
    6084  -746.77     
 
  ***** POST1 NODAL DEGREE OF FREEDOM LISTING *****                            
 
  LOAD STEP=     1  SUBSTEP=     1                                             
   TIME=    1.0000      LOAD CASE=   0                                         
 
    NODE       VOLT  
    6085  -770.54     
    6086  -737.57     
    6087  -653.18     
    6088  -964.13     
    6089  -973.01     
    6090  -939.06     
    6091  -944.55     
    6092  -979.21     
    6093  -953.37     
    6094  -652.56     
    6095  -837.12     
    6096  -963.39     
    6097  -977.20     
    6098  -970.44     
    6099  -676.01     
    6100  -700.56     
    6101  -684.38     
    6102  -914.39     
    6103  -913.92     
    6104  -944.96     
    6105  -945.52     
    6106  -914.51     
    6107  -944.95     
    6108  -884.86     
    6109  -914.09     
    6110  -915.33     
    6111  -885.07     
    6112  -884.13     
    6113  -863.86     
    6114  -862.95     
    6115  -862.46     
    6116  -826.70     
    6117  -778.19     
    6118  -834.03     
    6119  -888.77     
    6120  -831.52     
    6121  -837.92     
    6122  -871.84     
    6123  -901.64     
 
  ***** POST1 NODAL DEGREE OF FREEDOM LISTING *****                            
 
  LOAD STEP=     1  SUBSTEP=     1                                             
   TIME=    1.0000      LOAD CASE=   0                                         
 
    NODE       VOLT  
    6124  -917.25     
    6125  -913.31     
    6126  -898.24     
    6127  -896.95     
    6128  -926.51     
    6129  -927.00     
    6130  -947.60     
    6131  -914.82     
    6132  -944.63     
    6133  -913.67     
    6134  -905.82     
    6135  -897.18     
    6136  -917.93     
    6137  -898.19     
    6138  -878.36     
    6139  -889.13     
    6140  -953.84     
    6141  -964.02     
    6142  -918.08     
    6143  -909.15     
    6144  -950.62     
    6145  -887.23     
    6146  -975.20     
    6147  -973.94     
    6148  -973.93     
    6149  -920.63     
    6150  -905.29     
    6151  -883.60     
    6152  -920.59     
    6153  -943.96     
    6154  -904.10     
    6155  -977.92     
    6156  -977.91     
    6157  -745.41     
    6158  -787.14     
    6159  -758.09     
    6160  -776.11     
    6161  -817.78     
    6162  -750.13     
 
  ***** POST1 NODAL DEGREE OF FREEDOM LISTING *****                            
 
  LOAD STEP=     1  SUBSTEP=     1                                             
   TIME=    1.0000      LOAD CASE=   0                                         
 
    NODE       VOLT  
    6163  -764.66     
    6164  -731.31     
    6165  -726.05     
    6166  -740.70     
    6167  -809.41     
    6168  -681.25     
    6169  -649.72     
    6170  -685.35     
    6171  -697.33     
    6172  -661.85     
    6173  -665.91     
    6174  -694.40     
    6175  -663.49     
    6176  -685.65     
    6177  -659.09     
    6178  -650.06     
    6179  -712.24     
    6180  -719.08     
    6181  -721.46     
    6182  -718.71     
    6183  -760.89     
    6184  -703.39     
    6185  -730.19     
    6186  -691.11     
    6187  -680.57     
    6188  -719.64     
    6189  -707.42     
    6190  -660.15     
    6191  -628.20     
    6192  -632.03     
    6193  -664.23     
    6194  -632.30     
    6195  -986.71     
    6196  -678.56     
    6197  -661.94     
    6198  -632.34     
    6199  -630.12     
    6200  -649.02     
    6201  -632.03     
 
  ***** POST1 NODAL DEGREE OF FREEDOM LISTING *****                            
 
  LOAD STEP=     1  SUBSTEP=     1                                             
   TIME=    1.0000      LOAD CASE=   0                                         
 
    NODE       VOLT  
    6202  -632.30     
    6203  -632.14     
    6204  -680.96     
    6205  -678.07     
    6206  -712.26     
    6207  -719.53     
    6208  -717.14     
    6209  -623.04     
    6210  -636.76     
    6211  -627.62     
    6212  -698.89     
    6213  -725.74     
    6214  -641.80     
    6215  -658.79     
    6216  -621.46     
    6217  -664.02     
    6218  -714.55     
    6219  -696.35     
    6220  -709.77     
    6221  -898.50     
    6222  -890.25     
    6223  -919.36     
    6224  -917.48     
    6225  -887.06     
    6226  -908.55     
    6227  -666.53     
    6228  -656.88     
    6229  -629.96     
    6230  -794.78     
    6231  -781.78     
    6232  -767.22     
    6233  -790.18     
    6234  -776.90     
    6235  -799.59     
    6236  -837.87     
    6237  -818.80     
    6238  -809.72     
    6239  -829.47     
    6240  -754.89     
 
  ***** POST1 NODAL DEGREE OF FREEDOM LISTING *****                            
 
  LOAD STEP=     1  SUBSTEP=     1                                             
   TIME=    1.0000      LOAD CASE=   0                                         
 
    NODE       VOLT  
    6241  -735.05     
    6242  -760.47     
    6243  -763.42     
    6244  -738.82     
    6245  -743.52     
    6246  -913.81     
    6247  -963.27     
    6248  -950.44     
    6249  -899.19     
    6250  -912.01     
    6251  -948.57     
    6252  -913.87     
    6253  -963.28     
    6254  -950.19     
    6255  -882.78     
    6256  -931.93     
    6257  -859.52     
    6258  -930.24     
    6259  -878.88     
    6260  -907.79     
    6261  -945.32     
    6262  -916.00     
    6263  -893.39     
    6264  -911.84     
    6265  -621.13     
    6266  -621.11     
    6267  -621.15     
    6268  -788.73     
    6269  -790.65     
    6270  -790.59     
    6271  -772.05     
    6272  -772.86     
    6273  -774.80     
    6274  -778.94     
    6275  -784.60     
    6276  -794.54     
    6277  -779.22     
    6278  -794.42     
    6279  -806.06     
 
  ***** POST1 NODAL DEGREE OF FREEDOM LISTING *****                            
 
  LOAD STEP=     1  SUBSTEP=     1                                             
   TIME=    1.0000      LOAD CASE=   0                                         
 
    NODE       VOLT  
    6280  -837.99     
    6281  -820.25     
    6282  -819.93     
    6283  -837.14     
    6284  -851.21     
    6285  -739.23     
    6286  -712.15     
    6287  -714.27     
    6288  -665.39     
    6289  -638.56     
    6290  -668.95     
    6291  -672.10     
    6292  -641.67     
    6293  -645.33     
    6294  -672.06     
    6295  -648.22     
    6296  -698.71     
    6297  -675.08     
    6298  -675.07     
    6299  -682.98     
    6300  -659.27     
    6301  -659.31     
    6302  -951.44     
    6303  -889.20     
    6304  -925.36     
    6305  -977.72     
    6306  -977.71     
    6307  -980.28     
    6308  -980.31     
    6309  -857.80     
    6310  -958.32     
    6311  -977.95     
    6312  -980.20     
    6313  -980.25     
    6314  -978.04     
    6315  -971.02     
    6316  -949.15     
    6317  -948.93     
    6318  -765.52     
 
  ***** POST1 NODAL DEGREE OF FREEDOM LISTING *****                            
 
  LOAD STEP=     1  SUBSTEP=     1                                             
   TIME=    1.0000      LOAD CASE=   0                                         
 
    NODE       VOLT  
    6319  -904.88     
    6320  -912.73     
    6321  -902.73     
    6322  -920.21     
    6323  -912.33     
    6324  -940.41     
    6325  -948.30     
    6326  -922.10     
    6327  -930.32     
    6328  -941.02     
    6329  -912.09     
    6330  -901.41     
    6331  -924.12     
    6332  -901.31     
    6333  -892.69     
    6334  -890.68     
    6335  -916.54     
    6336  -937.43     
    6337  -645.79     
    6338  -624.03     
    6339  -626.18     
    6340  -623.01     
    6341  -622.64     
    6342  -649.06     
    6343  -646.84     
    6344  -659.22     
    6345  -626.19     
    6346  -661.32     
    6347  -652.71     
    6348  -660.28     
    6349  -654.54     
    6350  -682.22     
    6351  -688.74     
    6352  -689.13     
    6353  -659.23     
    6354  -680.20     
    6355  -681.16     
    6356  -725.14     
    6357  -692.78     
 
  ***** POST1 NODAL DEGREE OF FREEDOM LISTING *****                            
 
  LOAD STEP=     1  SUBSTEP=     1                                             
   TIME=    1.0000      LOAD CASE=   0                                         
 
    NODE       VOLT  
    6358  -697.76     
    6359  -675.24     
    6360  -685.97     
    6361  -684.74     
    6362  -904.70     
    6363  -891.39     
    6364  -686.07     
    6365  -680.26     
    6366  -670.91     
    6367  -667.04     
    6368  -713.13     
    6369  -674.76     
    6370  -696.14     
    6371  -672.57     
    6372  -719.25     
    6373  -752.90     
    6374  -758.60     
    6375  -794.31     
    6376  -694.96     
    6377  -697.23     
    6378  -621.63     
    6379  -621.56     
    6380  -621.53     
    6381  -647.87     
    6382  -621.08     
    6383  -626.80     
    6384  -663.27     
    6385  -657.47     
    6386  -636.43     
    6387  -741.01     
    6388  -751.21     
    6389  -695.44     
    6390  -705.67     
    6391  -739.85     
    6392  -691.17     
    6393  -632.03     
    6394  -659.08     
    6395  -632.28     
    6396  -789.79     
 
  ***** POST1 NODAL DEGREE OF FREEDOM LISTING *****                            
 
  LOAD STEP=     1  SUBSTEP=     1                                             
   TIME=    1.0000      LOAD CASE=   0                                         
 
    NODE       VOLT  
    6397  -755.68     
    6398  -937.81     
    6399  -918.91     
    6400  -926.32     
    6401  -970.09     
    6402  -954.40     
    6403  -945.62     
    6404  -919.71     
    6405  -942.01     
    6406  -969.80     
    6407  -932.59     
    6408  -909.30     
    6409  -956.57     
    6410  -914.82     
    6411  -941.73     
    6412  -918.16     
    6413  -936.32     
    6414  -902.96     
    6415  -910.47     
    6416  -953.39     
    6417  -944.99     
    6418  -919.26     
    6419  -964.22     
    6420  -972.76     
    6421  -970.99     
    6422  -962.87     
    6423  -924.13     
    6424  -917.51     
    6425  -950.54     
    6426  -956.71     
    6427  -954.49     
    6428  -971.33     
    6429  -982.82     
    6430  -982.86     
    6431  -971.43     
    6432  -942.25     
    6433  -930.49     
    6434  -954.08     
    6435  -945.04     
 
  ***** POST1 NODAL DEGREE OF FREEDOM LISTING *****                            
 
  LOAD STEP=     1  SUBSTEP=     1                                             
   TIME=    1.0000      LOAD CASE=   0                                         
 
    NODE       VOLT  
    6436  -982.94     
    6437  -973.82     
    6438  -971.12     
    6439  -982.92     
    6440  -971.62     
    6441  -937.59     
    6442  -686.63     
    6443  -677.95     
    6444  -656.60     
    6445  -660.02     
    6446  -681.08     
    6447  -651.27     
    6448  -794.34     
    6449  -796.07     
    6450  -799.06     
    6451  -815.37     
    6452  -833.54     
    6453  -903.82     
    6454  -902.48     
    6455  -687.72     
    6456  -686.51     
    6457  -692.48     
    6458  -715.92     
    6459  -710.18     
    6460  -714.26     
    6461  -670.62     
    6462  -677.07     
    6463  -674.90     
    6464  -718.31     
    6465  -742.09     
    6466  -647.18     
    6467  -655.81     
    6468  -691.25     
    6469  -665.48     
    6470  -880.24     
    6471  -867.54     
    6472  -865.63     
    6473  -920.35     
    6474  -913.38     
 
  ***** POST1 NODAL DEGREE OF FREEDOM LISTING *****                            
 
  LOAD STEP=     1  SUBSTEP=     1                                             
   TIME=    1.0000      LOAD CASE=   0                                         
 
    NODE       VOLT  
    6475  -919.66     
    6476  -963.26     
    6477  -956.91     
    6478  -956.26     
    6479  -963.34     
    6480  -936.26     
    6481  -909.35     
    6482  -903.03     
    6483  -893.22     
    6484  -956.16     
    6485  -963.20     
    6486  -933.84     
    6487  -970.46     
    6488  -908.49     
    6489  -875.20     
    6490  -903.91     
    6491  -942.70     
    6492  -873.55     
    6493  -848.42     
    6494  -833.87     
    6495  -977.69     
    6496  -977.73     
    6497  -973.88     
    6498  -951.62     
    6499  -904.97     
    6500  -916.98     
    6501  -930.84     
    6502  -902.18     
    6503  -928.06     
    6504  -949.83     
    6505  -915.88     
    6506  -927.80     
    6507  -730.30     
    6508  -697.59     
    6509  -691.08     
    6510  -681.63     
    6511  -648.19     
    6512  -840.61     
    6513  -839.72     
 
  ***** POST1 NODAL DEGREE OF FREEDOM LISTING *****                            
 
  LOAD STEP=     1  SUBSTEP=     1                                             
   TIME=    1.0000      LOAD CASE=   0                                         
 
    NODE       VOLT  
    6514  -838.98     
    6515  -800.22     
    6516  -769.41     
    6517  -806.61     
    6518  -780.56     
    6519  -809.54     
    6520  -735.40     
    6521  -775.29     
    6522  -765.20     
    6523  -715.78     
    6524  -666.56     
    6525  -986.85     
    6526  -987.32     
    6527  -722.46     
    6528  -713.58     
    6529  -745.16     
    6530  -740.67     
    6531  -738.26     
    6532  -834.88     
    6533  -861.04     
    6534  -835.91     
    6535  -657.75     
    6536  -740.53     
    6537  -770.30     
    6538  -757.03     
    6539  -749.36     
    6540  -778.11     
    6541  -770.91     
    6542  -672.53     
    6543  -691.43     
    6544  -756.99     
    6545  -697.02     
    6546  -688.56     
    6547  -688.95     
    6548  -690.12     
    6549  -689.00     
    6550  -657.21     
    6551  -651.37     
    6552  -622.27     
 
  ***** POST1 NODAL DEGREE OF FREEDOM LISTING *****                            
 
  LOAD STEP=     1  SUBSTEP=     1                                             
   TIME=    1.0000      LOAD CASE=   0                                         
 
    NODE       VOLT  
    6553  -629.23     
    6554  -629.12     
    6555  -622.21     
    6556  -650.17     
    6557  -628.01     
    6558  -666.24     
    6559  -673.21     
    6560  -650.53     
    6561  -643.52     
    6562  -665.46     
    6563  -658.92     
    6564  -630.89     
    6565  -686.19     
    6566  -686.34     
    6567  -655.01     
    6568  -655.15     
    6569  -627.29     
    6570  -628.15     
    6571  -628.07     
    6572  -682.81     
    6573  -925.41     
    6574  -944.50     
    6575  -926.26     
    6576  -893.91     
    6577  -912.03     
    6578  -912.97     
    6579  -879.84     
    6580  -893.13     
    6581  -911.25     
    6582  -912.71     
    6583  -913.63     
    6584  -924.43     
    6585  -946.08     
    6586  -881.76     
    6587  -858.52     
    6588  -840.17     
    6589  -841.34     
    6590  -817.06     
    6591  -920.21     
 
  ***** POST1 NODAL DEGREE OF FREEDOM LISTING *****                            
 
  LOAD STEP=     1  SUBSTEP=     1                                             
   TIME=    1.0000      LOAD CASE=   0                                         
 
    NODE       VOLT  
    6592  -908.86     
    6593  -886.10     
    6594  -922.06     
    6595  -941.23     
    6596  -799.67     
    6597  -829.57     
    6598  -805.03     
    6599  -782.48     
    6600  -812.59     
    6601  -859.27     
    6602  -853.51     
    6603  -860.53     
    6604  -844.11     
    6605  -837.46     
    6606  -838.75     
    6607  -881.07     
    6608  -880.12     
    6609  -887.08     
    6610  -826.67     
    6611  -851.23     
    6612  -805.33     
    6613  -806.75     
    6614  -821.58     
    6615  -822.45     
    6616  -769.39     
    6617  -771.82     
    6618  -785.64     
    6619  -815.82     
    6620  -785.39     
    6621  -802.99     
    6622  -786.06     
    6623  -767.64     
    6624  -784.28     
    6625  -826.68     
    6626  -855.50     
    6627  -774.49     
    6628  -767.98     
    6629  -772.05     
    6630  -721.31     
 
  ***** POST1 NODAL DEGREE OF FREEDOM LISTING *****                            
 
  LOAD STEP=     1  SUBSTEP=     1                                             
   TIME=    1.0000      LOAD CASE=   0                                         
 
    NODE       VOLT  
    6631  -725.00     
    6632  -730.53     
    6633  -726.59     
    6634  -703.46     
    6635  -706.68     
    6636  -729.75     
    6637  -703.84     
    6638  -727.29     
    6639  -749.58     
    6640  -724.31     
    6641  -777.30     
    6642  -743.77     
    6643  -748.24     
    6644  -782.40     
    6645  -813.11     
    6646  -679.62     
    6647  -651.24     
    6648  -687.13     
    6649  -691.57     
    6650  -663.77     
    6651  -677.22     
    6652  -649.05     
    6653  -776.56     
    6654  -745.31     
    6655  -721.39     
    6656  -720.06     
    6657  -767.13     
    6658  -739.53     
    6659  -751.21     
    6660  -702.73     
    6661  -749.44     
    6662  -667.71     
    6663  -638.10     
    6664  -647.02     
    6665  -618.85     
    6666  -627.90     
    6667  -618.85     
    6668  -627.89     
    6669  -666.86     
 
  ***** POST1 NODAL DEGREE OF FREEDOM LISTING *****                            
 
  LOAD STEP=     1  SUBSTEP=     1                                             
   TIME=    1.0000      LOAD CASE=   0                                         
 
    NODE       VOLT  
    6670  -650.67     
    6671  -657.81     
    6672  -646.47     
    6673  -641.60     
    6674  -618.97     
    6675  -627.65     
    6676  -622.80     
    6677  -619.18     
    6678  -786.42     
    6679  -768.89     
    6680  -766.06     
    6681  -781.12     
    6682  -783.62     
    6683  -763.39     
    6684  -782.74     
    6685  -762.29     
    6686  -757.51     
    6687  -778.03     
    6688  -755.22     
    6689  -775.59     
    6690  -800.98     
    6691  -822.90     
    6692  -805.97     
    6693  -803.53     
    6694  -820.50     
    6695  -825.18     
    6696  -807.85     
    6697  -802.17     
    6698  -822.14     
    6699  -843.81     
    6700  -839.24     
    6701  -953.99     
    6702  -946.30     
    6703  -937.00     
    6704  -924.57     
    6705  -971.28     
    6706  -934.10     
    6707  -964.56     
    6708  -960.09     
 
  ***** POST1 NODAL DEGREE OF FREEDOM LISTING *****                            
 
  LOAD STEP=     1  SUBSTEP=     1                                             
   TIME=    1.0000      LOAD CASE=   0                                         
 
    NODE       VOLT  
    6709  -947.72     
    6710  -952.99     
    6711  -925.26     
    6712  -930.65     
    6713  -930.32     
    6714  -922.06     
    6715  -945.74     
    6716  -952.13     
    6717  -870.97     
    6718  -868.40     
    6719  -851.54     
    6720  -897.26     
    6721  -641.32     
    6722  -640.48     
    6723  -622.23     
    6724  -619.09     
    6725  -621.25     
    6726  -640.56     
    6727  -643.69     
    6728  -663.19     
    6729  -665.47     
    6730  -621.49     
    6731  -621.47     
    6732  -621.50     
    6733  -753.84     
    6734  -766.59     
    6735  -783.83     
    6736  -640.27     
    6737  -657.91     
    6738  -720.65     
    6739  -727.26     
    6740  -686.37     
    6741  -678.94     
    6742  -720.10     
    6743  -686.48     
    6744  -682.12     
    6745  -720.43     
    6746  -687.22     
    6747  -743.81     
 
  ***** POST1 NODAL DEGREE OF FREEDOM LISTING *****                            
 
  LOAD STEP=     1  SUBSTEP=     1                                             
   TIME=    1.0000      LOAD CASE=   0                                         
 
    NODE       VOLT  
    6748  -712.17     
    6749  -674.59     
    6750  -695.69     
    6751  -680.64     
    6752  -706.60     
    6753  -707.76     
    6754  -744.69     
    6755  -669.02     
    6756  -645.85     
    6757  -670.96     
    6758  -960.17     
    6759  -960.19     
    6760  -963.11     
    6761  -963.12     
    6762  -899.74     
    6763  -973.90     
    6764  -984.89     
    6765  -937.04     
    6766  -963.11     
    6767  -627.51     
    6768  -627.53     
    6769  -974.09     
    6770  -971.41     
    6771  -971.89     
    6772  -929.07     
    6773  -975.92     
    6774  -924.24     
    6775  -940.40     
    6776  -919.08     
    6777  -686.19     
    6778  -702.24     
    6779  -712.58     
    6780  -680.50     
    6781  -706.90     
    6782  -805.89     
    6783  -774.74     
    6784  -781.37     
    6785  -790.74     
    6786  -759.55     
 
  ***** POST1 NODAL DEGREE OF FREEDOM LISTING *****                            
 
  LOAD STEP=     1  SUBSTEP=     1                                             
   TIME=    1.0000      LOAD CASE=   0                                         
 
    NODE       VOLT  
    6787  -944.59     
    6788  -940.38     
    6789  -941.03     
    6790  -918.38     
    6791  -973.66     
    6792  -962.13     
    6793  -959.29     
    6794  -947.45     
    6795  -964.38     
    6796  -763.54     
    6797  -755.51     
    6798  -782.48     
    6799  -775.21     
    6800  -741.61     
    6801  -705.92     
    6802  -733.64     
    6803  -716.21     
    6804  -705.91     
    6805  -682.38     
    6806  -698.32     
    6807  -660.45     
    6808  -709.52     
    6809  -645.86     
    6810  -624.88     
    6811  -629.33     
    6812  -659.62     
    6813  -626.65     
    6814  -622.62     
    6815  -636.26     
    6816  -628.24     
    6817  -637.69     
    6818  -626.78     
    6819  -636.42     
    6820  -686.81     
    6821  -660.47     
    6822  -635.72     
    6823  -622.43     
    6824  -623.31     
    6825  -622.49     
 
  ***** POST1 NODAL DEGREE OF FREEDOM LISTING *****                            
 
  LOAD STEP=     1  SUBSTEP=     1                                             
   TIME=    1.0000      LOAD CASE=   0                                         
 
    NODE       VOLT  
    6826  -623.50     
    6827  -631.42     
    6828  -622.35     
    6829  -631.36     
    6830  -669.61     
    6831  -629.34     
    6832  -641.25     
    6833  -661.97     
    6834  -650.38     
    6835  -621.68     
    6836  -724.15     
    6837  -653.19     
    6838  -634.35     
    6839  -619.44     
    6840  -640.60     
    6841  -818.18     
    6842  -784.52     
    6843  -807.54     
    6844  -808.88     
    6845  -772.89     
    6846  -740.51     
    6847  -774.68     
    6848  -717.88     
    6849  -679.06     
    6850  -664.32     
    6851  -674.15     
    6852  -703.21     
    6853  -698.31     
    6854  -726.74     
    6855  -701.80     
    6856  -718.45     
    6857  -729.92     
    6858  -735.13     
    6859  -692.65     
    6860  -712.88     
    6861  -630.41     
    6862  -635.97     
    6863  -662.32     
    6864  -657.12     
 
  ***** POST1 NODAL DEGREE OF FREEDOM LISTING *****                            
 
  LOAD STEP=     1  SUBSTEP=     1                                             
   TIME=    1.0000      LOAD CASE=   0                                         
 
    NODE       VOLT  
    6865  -628.09     
    6866  -678.63     
    6867  -673.97     
    6868  -661.48     
    6869  -649.11     
    6870  -656.43     
    6871  -680.64     
    6872  -674.84     
    6873  -652.73     
    6874  -671.58     
    6875  -704.49     
    6876  -725.51     
    6877  -698.01     
    6878  -667.97     
    6879  -695.62     
    6880  -689.00     
    6881  -667.26     
    6882  -714.40     
    6883  -692.64     
    6884  -728.38     
    6885  -719.19     
    6886  -951.59     
    6887  -952.06     
    6888  -941.21     
    6889  -925.60     
    6890  -935.42     
    6891  -926.65     
    6892  -947.78     
    6893  -947.48     
    6894  -970.86     
    6895  -971.04     
    6896  -971.92     
    6897  -943.72     
    6898  -971.94     
    6899  -923.63     
    6900  -921.63     
    6901  -908.86     
    6902  -739.07     
    6903  -757.40     
 
  ***** POST1 NODAL DEGREE OF FREEDOM LISTING *****                            
 
  LOAD STEP=     1  SUBSTEP=     1                                             
   TIME=    1.0000      LOAD CASE=   0                                         
 
    NODE       VOLT  
    6904  -747.41     
    6905  -810.55     
    6906  -833.17     
    6907  -947.20     
    6908  -928.90     
    6909  -966.77     
    6910  -947.96     
    6911  -966.24     
    6912  -915.58     
    6913  -901.23     
    6914  -898.82     
    6915  -628.02     
    6916  -628.01     
    6917  -627.88     
    6918  -655.88     
    6919  -627.90     
    6920  -624.54     
    6921  -631.26     
    6922  -631.20     
    6923  -659.29     
    6924  -688.83     
    6925  -692.17     
    6926  -746.23     
    6927  -674.57     
    6928  -782.95     
    6929  -802.60     
    6930  -796.64     
    6931  -733.52     
    6932  -802.68     
    6933  -800.50     
    6934  -801.84     
    6935  -784.75     
    6936  -785.24     
    6937  -652.18     
    6938  -631.01     
    6939  -686.87     
    6940  -658.14     
    6941  -658.15     
    6942  -974.13     
 
  ***** POST1 NODAL DEGREE OF FREEDOM LISTING *****                            
 
  LOAD STEP=     1  SUBSTEP=     1                                             
   TIME=    1.0000      LOAD CASE=   0                                         
 
    NODE       VOLT  
    6943  -973.65     
    6944  -973.75     
    6945  -733.04     
    6946  -768.24     
    6947  -752.22     
    6948  -687.83     
    6949  -723.90     
    6950  -688.49     
    6951  -687.19     
    6952  -899.65     
    6953  -887.26     
    6954  -881.09     
    6955  -916.56     
    6956  -922.77     
    6957  -904.14     
    6958  -925.17     
    6959  -899.25     
    6960  -931.24     
    6961  -911.73     
    6962  -918.08     
    6963  -926.45     
    6964  -875.07     
    6965  -913.72     
    6966  -895.07     
    6967  -901.43     
    6968  -850.35     
    6969  -852.16     
    6970  -874.75     
    6971  -876.82     
    6972  -876.88     
    6973  -873.88     
    6974  -886.11     
    6975  -839.04     
    6976  -767.55     
    6977  -781.35     
    6978  -764.63     
    6979  -762.10     
    6980  -799.39     
    6981  -716.59     
 
  ***** POST1 NODAL DEGREE OF FREEDOM LISTING *****                            
 
  LOAD STEP=     1  SUBSTEP=     1                                             
   TIME=    1.0000      LOAD CASE=   0                                         
 
    NODE       VOLT  
    6982  -792.21     
    6983  -768.98     
    6984  -635.84     
    6985  -631.11     
    6986  -631.45     
    6987  -636.58     
    6988  -691.76     
    6989  -697.98     
    6990  -727.61     
    6991  -694.93     
    6992  -662.22     
    6993  -631.45     
    6994  -628.19     
    6995  -942.11     
    6996  -970.27     
    6997  -970.72     
    6998  -971.00     
    6999  -970.86     
    7000  -970.95     
    7001  -945.96     
    7002  -971.25     
    7003  -902.29     
    7004  -631.27     
    7005  -700.73     
    7006  -709.13     
    7007  -648.04     
    7008  -635.80     
    7009  -627.21     
    7010  -629.00     
    7011  -619.47     
    7012  -717.27     
    7013  -744.41     
    7014  -642.15     
    7015  -645.20     
    7016  -621.13     
    7017  -621.06     
    7018  -624.18     
    7019  -642.12     
    7020  -638.44     
 
  ***** POST1 NODAL DEGREE OF FREEDOM LISTING *****                            
 
  LOAD STEP=     1  SUBSTEP=     1                                             
   TIME=    1.0000      LOAD CASE=   0                                         
 
    NODE       VOLT  
    7021  -658.97     
    7022  -658.87     
    7023  -655.39     
    7024  -663.64     
    7025  -642.88     
    7026  -848.22     
    7027  -877.32     
    7028  -747.34     
    7029  -953.04     
    7030  -952.76     
    7031  -807.10     
    7032  -704.07     
    7033  -675.69     
    7034  -713.95     
    7035  -723.73     
    7036  -686.67     
    7037  -695.72     
    7038  -732.64     
    7039  -806.73     
    7040  -773.73     
    7041  -671.38     
    7042  -726.57     
    7043  -725.71     
    7044  -980.05     
    7045  -979.93     
    7046  -979.76     
    7047  -704.50     
    7048  -814.85     
    7049  -880.45     
    7050  -846.89     
    7051  -827.77     
    7052  -743.26     
    7053  -748.60     
    7054  -788.80     
    7055  -652.30     
    7056  -629.59     
    7057  -660.86     
    7058  -650.68     
    7059  -644.50     
 
  ***** POST1 NODAL DEGREE OF FREEDOM LISTING *****                            
 
  LOAD STEP=     1  SUBSTEP=     1                                             
   TIME=    1.0000      LOAD CASE=   0                                         
 
    NODE       VOLT  
    7060  -618.11     
    7061  -634.54     
    7062  -634.29     
    7063  -618.25     
    7064  -656.26     
    7065  -672.09     
    7066  -612.49     
    7067  -617.37     
    7068  -632.65     
    7069  -630.23     
    7070  -646.79     
    7071  -912.14     
    7072  -848.54     
    7073  -899.28     
    7074  -866.37     
    7075  -967.93     
    7076  -968.03     
    7077  -967.96     
    7078  -972.31     
    7079  -972.59     
    7080  -977.73     
    7081  -972.60     
    7082  -977.75     
    7083  -623.83     
    7084  -655.82     
    7085  -629.81     
    7086  -919.84     
    7087  -980.47     
    7088  -939.34     
    7089  -896.00     
    7090  -936.46     
    7091  -956.34     
    7092  -839.46     
    7093  -972.51     
    7094  -968.75     
    7095  -972.54     
    7096  -960.06     
    7097  -754.24     
    7098  -726.64     
 
  ***** POST1 NODAL DEGREE OF FREEDOM LISTING *****                            
 
  LOAD STEP=     1  SUBSTEP=     1                                             
   TIME=    1.0000      LOAD CASE=   0                                         
 
    NODE       VOLT  
    7099  -665.83     
    7100  -672.10     
    7101  -683.60     
    7102  -787.39     
    7103  -979.88     
    7104  -964.34     
    7105  -974.20     
    7106  -950.58     
    7107  -914.88     
    7108  -936.64     
    7109  -930.55     
    7110  -966.40     
    7111  -966.36     
    7112  -973.99     
    7113  -926.62     
    7114  -898.36     
    7115  -952.23     
    7116  -930.34     
    7117  -974.30     
    7118  -974.27     
    7119  -974.25     
    7120  -695.35     
    7121  -716.63     
    7122  -977.45     
    7123  -977.79     
    7124  -977.84     
    7125  -640.98     
    7126  -659.86     
    7127  -668.09     
    7128  -619.15     
    7129  -643.33     
    7130  -654.93     
    7131  -631.83     
    7132  -613.58     
    7133  -641.59     
    7134  -663.65     
    7135  -634.85     
    7136  -650.89     
    7137  -667.30     
 
  ***** POST1 NODAL DEGREE OF FREEDOM LISTING *****                            
 
  LOAD STEP=     1  SUBSTEP=     1                                             
   TIME=    1.0000      LOAD CASE=   0                                         
 
    NODE       VOLT  
    7138  -716.87     
    7139  -694.12     
    7140  -727.86     
    7141  -725.76     
    7142  -691.89     
    7143  -703.52     
    7144  -677.69     
    7145  -685.83     
    7146  -655.31     
    7147  -647.99     
    7148  -628.97     
    7149  -619.20     
    7150  -619.21     
    7151  -629.00     
    7152  -636.58     
    7153  -617.53     
    7154  -619.12     
    7155  -617.45     
    7156  -640.11     
    7157  -621.01     
    7158  -642.47     
    7159  -665.03     
    7160  -621.41     
    7161  -656.37     
    7162  -631.05     
    7163  -625.38     
    7164  -625.24     
    7165  -630.98     
    7166  -684.56     
    7167  -689.96     
    7168  -712.28     
    7169  -684.32     
    7170  -623.90     
    7171  -621.71     
    7172  -618.75     
    7173  -683.52     
    7174  -674.29     
    7175  -702.16     
    7176  -626.52     
 
  ***** POST1 NODAL DEGREE OF FREEDOM LISTING *****                            
 
  LOAD STEP=     1  SUBSTEP=     1                                             
   TIME=    1.0000      LOAD CASE=   0                                         
 
    NODE       VOLT  
    7177  -636.67     
    7178  -648.21     
    7179  -623.47     
    7180  -625.72     
    7181  -659.31     
    7182  -620.15     
    7183  -624.78     
    7184  -634.65     
    7185  -620.29     
    7186  -634.95     
    7187  -612.49     
    7188  -620.35     
    7189  -635.16     
    7190  -617.43     
    7191  -694.22     
    7192  -663.30     
    7193  -628.69     
    7194  -940.82     
    7195  -971.10     
    7196  -923.25     
    7197  -981.04     
    7198  -953.52     
    7199  -978.05     
    7200  -959.05     
    7201  -945.59     
    7202  -924.29     
    7203  -940.43     
    7204  -981.40     
    7205  -964.22     
    7206  -976.10     
    7207  -954.10     
    7208  -981.35     
    7209  -981.29     
    7210  -981.11     
    7211  -972.79     
    7212  -954.10     
    7213  -972.85     
    7214  -956.11     
    7215  -974.76     
 
  ***** POST1 NODAL DEGREE OF FREEDOM LISTING *****                            
 
  LOAD STEP=     1  SUBSTEP=     1                                             
   TIME=    1.0000      LOAD CASE=   0                                         
 
    NODE       VOLT  
    7216  -974.72     
    7217  -972.93     
    7218  -972.62     
    7219  -927.20     
    7220  -946.38     
    7221  -960.96     
    7222  -981.27     
    7223  -965.16     
    7224  -980.61     
    7225  -965.63     
    7226  -922.00     
    7227  -956.01     
    7228  -936.17     
    7229  -917.71     
    7230  -952.44     
    7231  -951.67     
    7232  -906.73     
    7233  -899.22     
    7234  -875.76     
    7235  -879.10     
    7236  -971.43     
    7237  -971.54     
    7238  -980.00     
    7239  -951.19     
    7240  -979.71     
    7241  -910.05     
    7242  -871.57     
    7243  -903.37     
    7244  -870.21     
    7245  -632.19     
    7246  -659.33     
    7247  -908.89     
    7248  -905.70     
    7249  -961.22     
    7250  -623.76     
    7251  -799.96     
    7252  -661.04     
    7253  -620.57     
    7254  -645.63     
 
  ***** POST1 NODAL DEGREE OF FREEDOM LISTING *****                            
 
  LOAD STEP=     1  SUBSTEP=     1                                             
   TIME=    1.0000      LOAD CASE=   0                                         
 
    NODE       VOLT  
    7255  -647.36     
    7256  -626.88     
    7257  -824.24     
    7258  -847.87     
    7259  -846.24     
    7260  -826.95     
    7261  -804.69     
    7262  -783.79     
    7263  -758.21     
    7264  -779.08     
    7265  -763.05     
    7266  -763.39     
    7267  -755.16     
    7268  -742.16     
    7269  -747.00     
    7270  -760.04     
    7271  -793.68     
    7272  -817.98     
    7273  -741.76     
    7274  -777.30     
    7275  -744.09     
    7276  -750.69     
    7277  -793.30     
    7278  -791.89     
    7279  -775.96     
    7280  -818.14     
    7281  -814.85     
    7282  -836.73     
    7283  -679.63     
    7284  -669.40     
    7285  -642.97     
    7286  -668.24     
    7287  -968.93     
    7288  -969.01     
    7289  -968.63     
    7290  -979.70     
    7291  -979.71     
    7292  -979.72     
    7293  -915.02     
 
  ***** POST1 NODAL DEGREE OF FREEDOM LISTING *****                            
 
  LOAD STEP=     1  SUBSTEP=     1                                             
   TIME=    1.0000      LOAD CASE=   0                                         
 
    NODE       VOLT  
    7294  -914.60     
    7295  -874.68     
    7296  -874.08     
    7297  -918.27     
    7298  -920.30     
    7299  -947.68     
    7300  -877.76     
    7301  -906.84     
    7302  -972.96     
    7303  -974.79     
    7304  -972.40     
    7305  -972.93     
    7306  -972.38     
    7307  -947.23     
    7308  -972.81     
    7309  -973.12     
    7310  -945.51     
    7311  -945.73     
    7312  -859.13     
    7313  -914.34     
    7314  -945.22     
    7315  -780.20     
    7316  -837.81     
    7317  -810.48     
    7318  -787.34     
    7319  -785.66     
    7320  -748.95     
    7321  -712.81     
    7322  -701.77     
    7323  -707.76     
    7324  -870.23     
    7325  -851.26     
    7326  -849.87     
    7327  -747.83     
    7328  -834.77     
    7329  -872.66     
    7330  -728.35     
    7331  -724.47     
    7332  -700.84     
 
  ***** POST1 NODAL DEGREE OF FREEDOM LISTING *****                            
 
  LOAD STEP=     1  SUBSTEP=     1                                             
   TIME=    1.0000      LOAD CASE=   0                                         
 
    NODE       VOLT  
    7333  -716.86     
    7334  -732.90     
    7335  -760.70     
    7336  -753.14     
    7337  -672.93     
    7338  -629.39     
    7339  -629.41     
    7340  -697.93     
    7341  -665.75     
    7342  -690.74     
    7343  -652.89     
    7344  -652.91     
    7345  -622.05     
    7346  -630.90     
    7347  -621.88     
    7348  -622.02     
    7349  -621.99     
    7350  -871.33     
    7351  -910.41     
    7352  -887.03     
    7353  -931.27     
    7354  -942.22     
    7355  -897.53     
    7356  -972.43     
    7357  -972.44     
    7358  -972.44     
    7359  -767.59     
    7360  -779.71     
    7361  -760.08     
    7362  -809.59     
    7363  -772.31     
    7364  -876.13     
    7365  -898.41     
    7366  -903.97     
    7367  -933.37     
    7368  -950.65     
    7369  -928.22     
    7370  -955.12     
    7371  -977.48     
 
  ***** POST1 NODAL DEGREE OF FREEDOM LISTING *****                            
 
  LOAD STEP=     1  SUBSTEP=     1                                             
   TIME=    1.0000      LOAD CASE=   0                                         
 
    NODE       VOLT  
    7372  -972.94     
    7373  -936.88     
    7374  -957.90     
    7375  -953.66     
    7376  -909.17     
    7377  -880.01     
    7378  -888.81     
    7379  -882.62     
    7380  -909.88     
    7381  -909.83     
    7382  -985.93     
    7383  -962.36     
    7384  -961.78     
    7385  -934.11     
    7386  -850.86     
    7387  -810.45     
    7388  -858.22     
    7389  -836.29     
    7390  -843.24     
    7391  -850.33     
    7392  -811.01     
    7393  -855.37     
    7394  -855.57     
    7395  -970.28     
    7396  -940.49     
    7397  -966.66     
    7398  -823.55     
    7399  -863.78     
    7400  -817.56     
    7401  -972.99     
    7402  -980.18     
    7403  -972.21     
    7404  -980.05     
    7405  -888.63     
    7406  -900.88     
    7407  -881.46     
    7408  -870.72     
    7409  -964.41     
    7410  -901.45     
 
  ***** POST1 NODAL DEGREE OF FREEDOM LISTING *****                            
 
  LOAD STEP=     1  SUBSTEP=     1                                             
   TIME=    1.0000      LOAD CASE=   0                                         
 
    NODE       VOLT  
    7411  -913.35     
    7412  -867.12     
    7413  -968.44     
    7414  -933.57     
    7415  -949.08     
    7416  -907.87     
    7417  -717.80     
    7418  -723.32     
    7419  -741.08     
    7420  -760.95     
    7421  -750.32     
    7422  -762.76     
    7423  -733.46     
    7424  -753.93     
    7425  -708.32     
    7426  -681.93     
    7427  -721.74     
    7428  -701.48     
    7429  -695.47     
    7430  -963.33     
    7431  -887.89     
    7432  -915.13     
    7433  -826.72     
    7434  -874.10     
    7435  -857.50     
    7436  -833.22     
    7437  -865.51     
    7438  -820.21     
    7439  -861.04     
    7440  -871.10     
    7441  -905.60     
    7442  -823.87     
    7443  -787.56     
    7444  -827.31     
    7445  -709.33     
    7446  -829.05     
    7447  -811.44     
    7448  -785.46     
    7449  -766.69     
 
  ***** POST1 NODAL DEGREE OF FREEDOM LISTING *****                            
 
  LOAD STEP=     1  SUBSTEP=     1                                             
   TIME=    1.0000      LOAD CASE=   0                                         
 
    NODE       VOLT  
    7450  -780.47     
    7451  -759.12     
    7452  -798.00     
    7453  -803.75     
    7454  -747.95     
    7455  -820.49     
    7456  -818.92     
    7457  -853.40     
    7458  -860.03     
    7459  -875.90     
    7460  -851.72     
    7461  -872.85     
    7462  -726.15     
    7463  -832.35     
    7464  -860.50     
    7465  -808.74     
    7466  -773.85     
    7467  -825.66     
    7468  -771.37     
    7469  -804.33     
    7470  -741.51     
    7471  -740.47     
    7472  -733.19     
    7473  -802.77     
    7474  -845.07     
    7475  -852.79     
    7476  -967.96     
    7477  -956.91     
    7478  -955.81     
    7479  -968.87     
    7480  -986.93     
    7481  -962.78     
    7482  -975.81     
    7483  -968.82     
    7484  -968.79     
    7485  -984.37     
    7486  -984.41     
    7487  -787.33     
    7488  -780.18     
 
  ***** POST1 NODAL DEGREE OF FREEDOM LISTING *****                            
 
  LOAD STEP=     1  SUBSTEP=     1                                             
   TIME=    1.0000      LOAD CASE=   0                                         
 
    NODE       VOLT  
    7489  -801.46     
    7490  -804.24     
    7491  -846.02     
    7492  -650.73     
    7493  -651.79     
    7494  -695.62     
    7495  -783.18     
    7496  -770.28     
    7497  -621.48     
    7498  -620.99     
    7499  -621.02     
    7500  -922.05     
    7501  -922.59     
    7502  -893.48     
    7503  -866.71     
    7504  -879.00     
    7505  -850.94     
    7506  -886.71     
    7507  -901.86     
    7508  -872.11     
    7509  -937.52     
    7510  -938.44     
    7511  -924.88     
    7512  -865.58     
    7513  -888.83     
    7514  -668.68     
    7515  -668.75     
    7516  -668.70     
    7517  -693.40     
    7518  -668.72     
    7519  -642.49     
    7520  -671.79     
    7521  -629.40     
    7522  -642.45     
    7523  -622.00     
    7524  -636.41     
    7525  -629.38     
    7526  -673.37     
    7527  -629.38     
 
  ***** POST1 NODAL DEGREE OF FREEDOM LISTING *****                            
 
  LOAD STEP=     1  SUBSTEP=     1                                             
   TIME=    1.0000      LOAD CASE=   0                                         
 
    NODE       VOLT  
    7528  -647.10     
    7529  -711.42     
    7530  -698.36     
    7531  -703.76     
    7532  -709.73     
    7533  -702.52     
    7534  -720.52     
    7535  -802.84     
    7536  -800.42     
    7537  -752.82     
    7538  -750.24     
    7539  -685.78     
    7540  -948.22     
    7541  -754.58     
    7542  -798.52     
    7543  -728.49     
    7544  -833.62     
    7545  -655.42     
    7546  -697.13     
    7547  -653.62     
    7548  -685.19     
    7549  -653.38     
    7550  -621.03     
    7551  -632.33     
    7552  -632.35     
    7553  -621.05     
    7554  -632.34     
    7555  -621.10     
    7556  -642.11     
    7557  -621.04     
    7558  -621.08     
    7559  -621.03     
    7560  -668.20     
    7561  -621.07     
    7562  -736.52     
    7563  -711.08     
    7564  -720.05     
    7565  -727.37     
    7566  -717.00     
 
  ***** POST1 NODAL DEGREE OF FREEDOM LISTING *****                            
 
  LOAD STEP=     1  SUBSTEP=     1                                             
   TIME=    1.0000      LOAD CASE=   0                                         
 
    NODE       VOLT  
    7567  -959.37     
    7568  -702.80     
    7569  -757.58     
    7570  -754.89     
    7571  -760.30     
    7572  -718.50     
    7573  -834.57     
    7574  -857.46     
    7575  -846.25     
    7576  -847.61     
    7577  -857.82     
    7578  -871.22     
    7579  -820.40     
    7580  -831.55     
    7581  -803.90     
    7582  -799.71     
    7583  -814.23     
    7584  -842.86     
    7585  -730.72     
    7586  -741.23     
    7587  -742.01     
    7588  -710.86     
    7589  -711.60     
    7590  -721.94     
    7591  -764.55     
    7592  -763.56     
    7593  -731.18     
    7594  -727.20     
    7595  -748.30     
    7596  -751.43     
    7597  -746.49     
    7598  -710.94     
    7599  -690.67     
    7600  -711.18     
    7601  -726.16     
    7602  -707.21     
    7603  -707.06     
    7604  -629.33     
    7605  -629.94     
 
  ***** POST1 NODAL DEGREE OF FREEDOM LISTING *****                            
 
  LOAD STEP=     1  SUBSTEP=     1                                             
   TIME=    1.0000      LOAD CASE=   0                                         
 
    NODE       VOLT  
    7606  -629.93     
    7607  -716.99     
    7608  -686.12     
    7609  -630.37     
    7610  -626.90     
    7611  -656.50     
    7612  -627.40     
    7613  -629.62     
    7614  -628.62     
    7615  -626.45     
    7616  -654.70     
    7617  -985.23     
    7618  -985.17     
    7619  -985.13     
    7620  -624.22     
    7621  -624.16     
    7622  -631.00     
    7623  -623.08     
    7624  -631.37     
    7625  -971.80     
    7626  -977.20     
    7627  -914.41     
    7628  -935.12     
    7629  -956.66     
    7630  -972.22     
    7631  -956.96     
    7632  -971.81     
    7633  -970.48     
    7634  -930.95     
    7635  -945.92     
    7636  -891.70     
    7637  -821.42     
    7638  -844.44     
    7639  -846.66     
    7640  -834.67     
    7641  -875.10     
    7642  -835.63     
    7643  -839.69     
    7644  -826.07     
 
  ***** POST1 NODAL DEGREE OF FREEDOM LISTING *****                            
 
  LOAD STEP=     1  SUBSTEP=     1                                             
   TIME=    1.0000      LOAD CASE=   0                                         
 
    NODE       VOLT  
    7645  -707.92     
    7646  -805.11     
    7647  -794.87     
    7648  -813.98     
    7649  -826.78     
    7650  -813.75     
    7651  -843.48     
    7652  -843.42     
    7653  -891.26     
    7654  -867.54     
    7655  -863.40     
    7656  -934.31     
    7657  -851.26     
    7658  -873.01     
    7659  -963.93     
    7660  -923.79     
    7661  -935.19     
    7662  -899.71     
    7663  -925.57     
    7664  -926.42     
    7665  -962.31     
    7666  -973.73     
    7667  -962.27     
    7668  -986.24     
    7669  -986.42     
    7670  -975.90     
    7671  -987.57     
    7672  -923.11     
    7673  -909.48     
    7674  -612.31     
    7675  -625.52     
    7676  -625.42     
    7677  -632.38     
    7678  -765.02     
    7679  -735.73     
    7680  -805.67     
    7681  -821.46     
    7682  -827.29     
    7683  -808.44     
 
  ***** POST1 NODAL DEGREE OF FREEDOM LISTING *****                            
 
  LOAD STEP=     1  SUBSTEP=     1                                             
   TIME=    1.0000      LOAD CASE=   0                                         
 
    NODE       VOLT  
    7684  -817.96     
    7685  -813.60     
    7686  -810.11     
    7687  -802.85     
    7688  -805.81     
    7689  -846.42     
    7690  -870.23     
    7691  -870.18     
    7692  -889.33     
    7693  -889.29     
    7694  -984.90     
    7695  -978.15     
    7696  -975.49     
    7697  -905.60     
    7698  -924.51     
    7699  -958.50     
    7700  -975.62     
    7701  -975.39     
    7702  -946.96     
    7703  -980.64     
    7704  -950.46     
    7705  -969.26     
    7706  -929.86     
    7707  -978.90     
    7708  -981.20     
    7709  -919.61     
    7710  -673.09     
    7711  -646.03     
    7712  -620.75     
    7713  -646.84     
    7714  -664.08     
    7715  -656.81     
    7716  -620.96     
    7717  -637.70     
    7718  -620.86     
    7719  -626.28     
    7720  -646.69     
    7721  -836.90     
    7722  -847.95     
 
  ***** POST1 NODAL DEGREE OF FREEDOM LISTING *****                            
 
  LOAD STEP=     1  SUBSTEP=     1                                             
   TIME=    1.0000      LOAD CASE=   0                                         
 
    NODE       VOLT  
    7723  -871.49     
    7724  -859.58     
    7725  -894.30     
    7726  -882.53     
    7727  -905.66     
    7728  -818.27     
    7729  -828.75     
    7730  -854.92     
    7731  -816.50     
    7732  -872.65     
    7733  -899.08     
    7734  -907.86     
    7735  -920.28     
    7736  -934.52     
    7737  -889.73     
    7738  -856.29     
    7739  -906.48     
    7740  -868.07     
    7741  -969.10     
    7742  -969.18     
    7743  -669.37     
    7744  -690.55     
    7745  -666.85     
    7746  -657.05     
    7747  -672.94     
    7748  -652.55     
    7749  -621.91     
    7750  -621.04     
    7751  -707.69     
    7752  -687.95     
    7753  -974.82     
    7754  -933.19     
    7755  -925.63     
    7756  -909.60     
    7757  -934.16     
    7758  -943.14     
    7759  -829.51     
    7760  -875.94     
    7761  -905.25     
 
  ***** POST1 NODAL DEGREE OF FREEDOM LISTING *****                            
 
  LOAD STEP=     1  SUBSTEP=     1                                             
   TIME=    1.0000      LOAD CASE=   0                                         
 
    NODE       VOLT  
    7762  -826.12     
    7763  -798.53     
    7764  -790.84     
    7765  -978.06     
    7766  -802.31     
    7767  -752.97     
    7768  -762.58     
    7769  -770.51     
    7770  -753.92     
    7771  -799.94     
    7772  -829.41     
    7773  -821.77     
    7774  -852.04     
    7775  -832.57     
    7776  -978.05     
    7777  -822.95     
    7778  -824.44     
    7779  -941.43     
    7780  -978.04     
    7781  -717.78     
    7782  -697.45     
    7783  -721.75     
    7784  -728.73     
    7785  -704.44     
    7786  -708.58     
    7787  -789.07     
    7788  -712.76     
    7789  -723.67     
    7790  -708.60     
    7791  -689.09     
    7792  -690.21     
    7793  -767.76     
    7794  -746.52     
    7795  -754.96     
    7796  -776.15     
    7797  -759.48     
    7798  -717.78     
    7799  -697.39     
    7800  -778.80     
 
  ***** POST1 NODAL DEGREE OF FREEDOM LISTING *****                            
 
  LOAD STEP=     1  SUBSTEP=     1                                             
   TIME=    1.0000      LOAD CASE=   0                                         
 
    NODE       VOLT  
    7801  -894.56     
    7802  -930.80     
    7803  -890.81     
    7804  -952.80     
    7805  -945.30     
    7806  -880.87     
    7807  -868.07     
    7808  -871.80     
    7809  -935.40     
    7810  -866.50     
    7811  -907.16     
    7812  -900.85     
    7813  -875.35     
    7814  -902.67     
    7815  -876.98     
    7816  -895.75     
    7817  -899.35     
    7818  -873.50     
    7819  -889.03     
    7820  -860.03     
    7821  -863.38     
    7822  -698.55     
    7823  -676.97     
    7824  -724.20     
    7825  -678.08     
    7826  -675.55     
    7827  -677.77     
    7828  -657.08     
    7829  -734.95     
    7830  -687.44     
    7831  -644.24     
    7832  -672.51     
    7833  -720.16     
    7834  -741.27     
    7835  -712.53     
    7836  -742.28     
    7837  -735.26     
    7838  -698.19     
    7839  -629.34     
 
  ***** POST1 NODAL DEGREE OF FREEDOM LISTING *****                            
 
  LOAD STEP=     1  SUBSTEP=     1                                             
   TIME=    1.0000      LOAD CASE=   0                                         
 
    NODE       VOLT  
    7840  -631.11     
    7841  -775.96     
    7842  -767.33     
    7843  -719.57     
    7844  -695.98     
    7845  -690.86     
    7846  -707.63     
    7847  -786.56     
    7848  -803.94     
    7849  -726.21     
    7850  -851.69     
    7851  -856.71     
    7852  -868.43     
    7853  -840.74     
    7854  -823.75     
    7855  -851.46     
    7856  -889.66     
    7857  -865.24     
    7858  -841.66     
    7859  -855.32     
    7860  -667.35     
    7861  -658.45     
    7862  -649.51     
    7863  -640.55     
    7864  -709.46     
    7865  -686.01     
    7866  -677.64     
    7867  -705.68     
    7868  -697.19     
    7869  -781.77     
    7870  -753.60     
    7871  -821.79     
    7872  -803.43     
    7873  -628.29     
    7874  -699.73     
    7875  -665.90     
    7876  -705.12     
    7877  -661.01     
    7878  -626.39     
 
  ***** POST1 NODAL DEGREE OF FREEDOM LISTING *****                            
 
  LOAD STEP=     1  SUBSTEP=     1                                             
   TIME=    1.0000      LOAD CASE=   0                                         
 
    NODE       VOLT  
    7879  -626.12     
    7880  -784.43     
    7881  -797.25     
    7882  -747.59     
    7883  -836.99     
    7884  -733.50     
    7885  -901.61     
    7886  -836.42     
    7887  -887.44     
    7888  -918.87     
    7889  -853.52     
    7890  -860.44     
    7891  -843.28     
    7892  -909.86     
    7893  -865.30     
    7894  -892.41     
    7895  -928.21     
    7896  -933.39     
    7897  -952.30     
    7898  -977.03     
    7899  -929.21     
    7900  -952.27     
    7901  -977.01     
    7902  -951.23     
    7903  -890.85     
    7904  -976.93     
    7905  -884.56     
    7906  -839.81     
    7907  -887.91     
    7908  -926.63     
    7909  -852.35     
    7910  -853.16     
    7911  -858.42     
    7912  -707.36     
    7913  -684.81     
    7914  -681.56     
    7915  -652.29     
    7916  -688.35     
    7917  -666.93     
 
  ***** POST1 NODAL DEGREE OF FREEDOM LISTING *****                            
 
  LOAD STEP=     1  SUBSTEP=     1                                             
   TIME=    1.0000      LOAD CASE=   0                                         
 
    NODE       VOLT  
    7918  -659.63     
    7919  -719.84     
    7920  -733.68     
    7921  -718.74     
    7922  -718.76     
    7923  -734.26     
    7924  -746.10     
    7925  -724.17     
    7926  -738.03     
    7927  -707.50     
    7928  -840.82     
    7929  -868.20     
    7930  -855.46     
    7931  -873.13     
    7932  -856.92     
    7933  -842.93     
    7934  -863.39     
    7935  -876.10     
    7936  -847.76     
    7937  -848.49     
    7938  -822.36     
    7939  -874.63     
    7940  -858.36     
    7941  -696.80     
    7942  -669.93     
    7943  -623.46     
    7944  -627.49     
    7945  -842.26     
    7946  -854.05     
    7947  -866.54     
    7948  -703.58     
    7949  -746.33     
    7950  -647.97     
    7951  -624.51     
    7952  -623.49     
    7953  -623.48     
    7954  -654.92     
    7955  -628.08     
    7956  -631.29     
 
  ***** POST1 NODAL DEGREE OF FREEDOM LISTING *****                            
 
  LOAD STEP=     1  SUBSTEP=     1                                             
   TIME=    1.0000      LOAD CASE=   0                                         
 
    NODE       VOLT  
    7957  -924.35     
    7958  -946.19     
    7959  -901.31     
    7960  -972.68     
    7961  -953.55     
    7962  -972.65     
    7963  -953.46     
    7964  -944.18     
    7965  -945.17     
    7966  -972.67     
    7967  -972.69     
    7968  -958.61     
    7969  -973.34     
    7970  -943.14     
    7971  -867.73     
    7972  -867.63     
    7973  -883.26     
    7974  -896.86     
    7975  -913.75     
    7976  -913.75     
    7977  -624.72     
    7978  -911.82     
    7979  -885.58     
    7980  -887.06     
    7981  -947.97     
    7982  -976.98     
    7983  -934.83     
    7984  -926.99     
    7985  -969.53     
    7986  -950.12     
    7987  -940.14     
    7988  -948.39     
    7989  -918.89     
    7990  -919.85     
    7991  -909.36     
    7992  -896.14     
    7993  -908.56     
    7994  -892.57     
    7995  -762.19     
 
  ***** POST1 NODAL DEGREE OF FREEDOM LISTING *****                            
 
  LOAD STEP=     1  SUBSTEP=     1                                             
   TIME=    1.0000      LOAD CASE=   0                                         
 
    NODE       VOLT  
    7996  -710.76     
    7997  -656.56     
    7998  -621.89     
    7999  -621.08     
    8000  -621.09     
    8001  -621.89     
    8002  -784.98     
    8003  -777.12     
    8004  -783.05     
    8005  -748.37     
    8006  -787.22     
    8007  -815.18     
    8008  -792.08     
    8009  -752.05     
    8010  -757.16     
    8011  -733.10     
    8012  -972.33     
    8013  -971.90     
    8014  -950.20     
    8015  -977.76     
    8016  -687.29     
    8017  -670.00     
    8018  -970.18     
    8019  -969.55     
    8020  -969.60     
    8021  -952.04     
    8022  -971.76     
    8023  -980.30     
    8024  -944.09     
    8025  -972.28     
    8026  -895.96     
    8027  -956.41     
    8028  -928.70     
    8029  -977.89     
    8030  -964.20     
    8031  -942.29     
    8032  -963.87     
    8033  -971.61     
    8034  -949.80     
 
  ***** POST1 NODAL DEGREE OF FREEDOM LISTING *****                            
 
  LOAD STEP=     1  SUBSTEP=     1                                             
   TIME=    1.0000      LOAD CASE=   0                                         
 
    NODE       VOLT  
    8035  -936.29     
    8036  -971.16     
    8037  -985.23     
    8038  -628.02     
    8039  -628.06     
    8040  -687.94     
    8041  -939.88     
    8042  -907.53     
    8043  -940.34     
    8044  -967.82     
    8045  -967.97     
    8046  -936.75     
    8047  -968.69     
    8048  -945.79     
    8049  -967.79     
    8050  -977.88     
    8051  -900.86     
    8052  -901.31     
    8053  -866.46     
    8054  -910.89     
    8055  -936.38     
    8056  -921.54     
    8057  -886.66     
    8058  -918.20     
    8059  -637.14     
    8060  -648.22     
    8061  -637.30     
    8062  -673.02     
    8063  -685.21     
    8064  -664.09     
    8065  -679.15     
    8066  -630.53     
    8067  -660.38     
    8068  -642.59     
    8069  -638.23     
    8070  -671.31     
    8071  -694.21     
    8072  -674.41     
    8073  -680.46     
 
  ***** POST1 NODAL DEGREE OF FREEDOM LISTING *****                            
 
  LOAD STEP=     1  SUBSTEP=     1                                             
   TIME=    1.0000      LOAD CASE=   0                                         
 
    NODE       VOLT  
    8074  -701.55     
    8075  -678.12     
    8076  -655.11     
    8077  -676.50     
    8078  -905.62     
    8079  -654.22     
    8080  -675.48     
    8081  -813.15     
    8082  -937.47     
    8083  -937.96     
    8084  -838.17     
    8085  -838.82     
    8086  -818.21     
    8087  -818.67     
    8088  -876.33     
    8089  -887.49     
    8090  -977.35     
    8091  -976.07     
    8092  -976.05     
    8093  -812.17     
    8094  -622.29     
    8095  -624.56     
    8096  -959.86     
    8097  -983.69     
    8098  -958.42     
    8099  -983.67     
    8100  -983.71     
    8101  -939.05     
    8102  -958.37     
    8103  -983.69     
    8104  -983.52     
    8105  -967.46     
    8106  -983.74     
    8107  -967.28     
    8108  -983.53     
    8109  -908.62     
    8110  -905.40     
    8111  -890.96     
    8112  -944.90     
 
  ***** POST1 NODAL DEGREE OF FREEDOM LISTING *****                            
 
  LOAD STEP=     1  SUBSTEP=     1                                             
   TIME=    1.0000      LOAD CASE=   0                                         
 
    NODE       VOLT  
    8113  -965.45     
    8114  -902.01     
    8115  -795.44     
    8116  -785.19     
    8117  -793.62     
    8118  -770.14     
    8119  -815.12     
    8120  -846.97     
    8121  -830.87     
    8122  -807.96     
    8123  -781.85     
    8124  -747.19     
    8125  -650.01     
    8126  -662.23     
    8127  -644.33     
    8128  -638.85     
    8129  -647.56     
    8130  -724.76     
    8131  -824.37     
    8132  -811.39     
    8133  -835.85     
    8134  -808.93     
    8135  -875.33     
    8136  -888.03     
    8137  -827.25     
    8138  -794.93     
    8139  -785.97     
    8140  -797.52     
    8141  -658.15     
    8142  -646.80     
    8143  -668.27     
    8144  -657.07     
    8145  -629.33     
    8146  -627.64     
    8147  -640.73     
    8148  -619.14     
    8149  -646.67     
    8150  -621.49     
    8151  -648.98     
 
  ***** POST1 NODAL DEGREE OF FREEDOM LISTING *****                            
 
  LOAD STEP=     1  SUBSTEP=     1                                             
   TIME=    1.0000      LOAD CASE=   0                                         
 
    NODE       VOLT  
    8152  -650.65     
    8153  -686.68     
    8154  -619.10     
    8155  -619.38     
    8156  -660.18     
    8157  -631.64     
    8158  -621.33     
    8159  -619.00     
    8160  -713.23     
    8161  -738.21     
    8162  -752.13     
    8163  -968.49     
    8164  -964.04     
    8165  -962.69     
    8166  -977.09     
    8167  -946.52     
    8168  -977.53     
    8169  -968.37     
    8170  -723.59     
    8171  -702.60     
    8172  -685.82     
    8173  -728.48     
    8174  -750.17     
    8175  -684.68     
    8176  -724.37     
    8177  -671.55     
    8178  -773.38     
    8179  -984.89     
    8180  -744.41     
    8181  -729.55     
    8182  -730.54     
    8183  -647.04     
    8184  -898.00     
    8185  -889.82     
    8186  -873.19     
    8187  -839.47     
    8188  -861.23     
    8189  -840.82     
    8190  -853.07     
 
  ***** POST1 NODAL DEGREE OF FREEDOM LISTING *****                            
 
  LOAD STEP=     1  SUBSTEP=     1                                             
   TIME=    1.0000      LOAD CASE=   0                                         
 
    NODE       VOLT  
    8191  -861.72     
    8192  -849.33     
    8193  -841.32     
    8194  -851.25     
    8195  -957.37     
    8196  -952.16     
    8197  -976.90     
    8198  -848.08     
    8199  -844.38     
    8200  -784.47     
    8201  -809.61     
    8202  -786.34     
    8203  -801.87     
    8204  -751.88     
    8205  -741.93     
    8206  -733.55     
    8207  -761.96     
    8208  -759.93     
    8209  -776.26     
    8210  -733.80     
    8211  -743.97     
    8212  -954.28     
    8213  -937.46     
    8214  -968.25     
    8215  -755.06     
    8216  -972.91     
    8217  -973.00     
    8218  -973.07     
    8219  -985.20     
    8220  -698.44     
    8221  -710.10     
    8222  -725.97     
    8223  -687.15     
    8224  -699.28     
    8225  -721.99     
    8226  -695.55     
    8227  -753.57     
    8228  -763.29     
    8229  -734.62     
 
  ***** POST1 NODAL DEGREE OF FREEDOM LISTING *****                            
 
  LOAD STEP=     1  SUBSTEP=     1                                             
   TIME=    1.0000      LOAD CASE=   0                                         
 
    NODE       VOLT  
    8230  -761.11     
    8231  -746.91     
    8232  -745.70     
    8233  -760.68     
    8234  -744.12     
    8235  -741.06     
    8236  -730.89     
    8237  -968.38     
    8238  -968.02     
    8239  -958.16     
    8240  -941.27     
    8241  -974.33     
    8242  -973.71     
    8243  -968.62     
    8244  -745.69     
    8245  -782.10     
    8246  -764.92     
    8247  -768.56     
    8248  -781.07     
    8249  -762.58     
    8250  -695.31     
    8251  -667.53     
    8252  -827.67     
    8253  -772.49     
    8254  -752.79     
    8255  -756.71     
    8256  -779.82     
    8257  -799.54     
    8258  -818.06     
    8259  -807.15     
    8260  -634.77     
    8261  -625.63     
    8262  -618.50     
    8263  -631.08     
    8264  -618.35     
    8265  -635.12     
    8266  -625.83     
    8267  -625.98     
    8268  -622.28     
 
  ***** POST1 NODAL DEGREE OF FREEDOM LISTING *****                            
 
  LOAD STEP=     1  SUBSTEP=     1                                             
   TIME=    1.0000      LOAD CASE=   0                                         
 
    NODE       VOLT  
    8269  -625.72     
    8270  -622.11     
    8271  -618.83     
    8272  -663.73     
    8273  -678.05     
    8274  -668.54     
    8275  -756.83     
    8276  -786.49     
    8277  -761.94     
    8278  -792.20     
    8279  -972.48     
    8280  -742.97     
    8281  -974.77     
    8282  -975.01     
    8283  -972.78     
    8284  -972.37     
    8285  -987.56     
    8286  -987.31     
    8287  -987.35     
    8288  -936.95     
    8289  -944.54     
    8290  -972.58     
    8291  -971.70     
    8292  -913.95     
    8293  -936.35     
    8294  -972.52     
    8295  -972.31     
    8296  -972.00     
    8297  -972.43     
    8298  -693.75     
    8299  -792.25     
    8300  -775.07     
    8301  -846.64     
    8302  -776.79     
    8303  -642.30     
    8304  -631.44     
    8305  -630.64     
    8306  -973.91     
    8307  -946.54     
 
  ***** POST1 NODAL DEGREE OF FREEDOM LISTING *****                            
 
  LOAD STEP=     1  SUBSTEP=     1                                             
   TIME=    1.0000      LOAD CASE=   0                                         
 
    NODE       VOLT  
    8308  -971.62     
    8309  -700.91     
    8310  -820.23     
    8311  -811.39     
    8312  -829.92     
    8313  -674.07     
    8314  -680.78     
    8315  -664.23     
    8316  -680.51     
    8317  -661.32     
    8318  -700.01     
    8319  -872.34     
    8320  -849.62     
    8321  -704.75     
    8322  -845.15     
    8323  -844.44     
    8324  -706.71     
    8325  -725.32     
    8326  -743.92     
    8327  -894.97     
    8328  -904.61     
    8329  -696.80     
    8330  -941.45     
    8331  -893.67     
    8332  -959.63     
    8333  -811.35     
    8334  -799.96     
    8335  -836.60     
    8336  -825.02     
    8337  -825.24     
    8338  -808.81     
    8339  -771.98     
    8340  -836.55     
    8341  -811.28     
    8342  -636.47     
    8343  -855.11     
    8344  -822.15     
    8345  -826.29     
    8346  -868.09     
 
  ***** POST1 NODAL DEGREE OF FREEDOM LISTING *****                            
 
  LOAD STEP=     1  SUBSTEP=     1                                             
   TIME=    1.0000      LOAD CASE=   0                                         
 
    NODE       VOLT  
    8347  -876.73     
    8348  -953.33     
    8349  -922.60     
    8350  -893.95     
    8351  -897.57     
    8352  -897.88     
    8353  -713.28     
    8354  -674.76     
    8355  -702.06     
    8356  -733.91     
    8357  -721.07     
    8358  -710.58     
    8359  -728.92     
    8360  -680.12     
    8361  -657.53     
    8362  -730.77     
    8363  -683.06     
    8364  -754.02     
    8365  -796.21     
    8366  -803.43     
    8367  -627.32     
    8368  -627.63     
    8369  -970.24     
    8370  -966.64     
    8371  -963.02     
    8372  -983.29     
    8373  -986.95     
    8374  -979.71     
    8375  -983.30     
    8376  -959.14     
    8377  -975.83     
    8378  -958.38     
    8379  -983.30     
    8380  -975.07     
    8381  -802.09     
    8382  -788.55     
    8383  -789.83     
    8384  -818.79     
    8385  -814.67     
 
  ***** POST1 NODAL DEGREE OF FREEDOM LISTING *****                            
 
  LOAD STEP=     1  SUBSTEP=     1                                             
   TIME=    1.0000      LOAD CASE=   0                                         
 
    NODE       VOLT  
    8386  -803.48     
    8387  -725.50     
    8388  -695.22     
    8389  -713.52     
    8390  -736.69     
    8391  -719.74     
    8392  -669.38     
    8393  -828.07     
    8394  -627.16     
    8395  -622.84     
    8396  -654.18     
    8397  -618.92     
    8398  -622.70     
    8399  -972.82     
    8400  -810.97     
    8401  -771.20     
    8402  -973.37     
    8403  -984.41     
    8404  -983.52     
    8405  -983.29     
    8406  -975.83     
    8407  -923.95     
    8408  -984.42     
    8409  -983.53     
    8410  -887.97     
    8411  -888.34     
    8412  -907.79     
    8413  -917.25     
    8414  -865.37     
    8415  -660.68     
    8416  -630.35     
    8417  -628.81     
    8418  -629.24     
    8419  -627.60     
    8420  -627.54     
    8421  -628.14     
    8422  -628.23     
    8423  -655.55     
    8424  -685.16     
 
  ***** POST1 NODAL DEGREE OF FREEDOM LISTING *****                            
 
  LOAD STEP=     1  SUBSTEP=     1                                             
   TIME=    1.0000      LOAD CASE=   0                                         
 
    NODE       VOLT  
    8425  -961.95     
    8426  -836.18     
    8427  -821.31     
    8428  -819.94     
    8429  -849.56     
    8430  -630.97     
    8431  -622.31     
    8432  -627.39     
    8433  -621.08     
    8434  -632.44     
    8435  -636.46     
    8436  -675.26     
    8437  -674.91     
    8438  -693.24     
    8439  -956.16     
    8440  -667.60     
    8441  -654.03     
    8442  -641.05     
    8443  -663.53     
    8444  -633.04     
    8445  -646.95     
    8446  -625.74     
    8447  -625.79     
    8448  -625.82     
    8449  -667.29     
    8450  -850.88     
    8451  -950.78     
    8452  -975.73     
    8453  -965.24     
    8454  -964.68     
    8455  -976.30     
    8456  -941.91     
    8457  -752.23     
    8458  -763.63     
    8459  -748.46     
    8460  -737.09     
    8461  -755.32     
    8462  -986.92     
    8463  -979.67     
 
  ***** POST1 NODAL DEGREE OF FREEDOM LISTING *****                            
 
  LOAD STEP=     1  SUBSTEP=     1                                             
   TIME=    1.0000      LOAD CASE=   0                                         
 
    NODE       VOLT  
    8464  -732.22     
    8465  -752.48     
    8466  -972.27     
    8467  -980.40     
    8468  -655.74     
    8469  -656.01     
    8470  -798.77     
    8471  -767.27     
    8472  -758.57     
    8473  -699.57     
    8474  -721.24     
    8475  -737.75     
    8476  -627.83     
    8477  -627.76     
    8478  -627.38     
    8479  -627.50     
    8480  -834.33     
    8481  -817.08     
    8482  -837.65     
    8483  -972.59     
    8484  -972.57     
    8485  -630.92     
    8486  -844.23     
    8487  -864.90     
    8488  -880.70     
    8489  -620.62     
    8490  -754.36     
    8491  -628.04     
    8492  -628.23     
    8493  -628.18     
    8494  -626.91     
    8495  -626.87     
    8496  -648.26     
    8497  -790.55     
    8498  -788.10     
    8499  -802.17     
    8500  -785.39     
    8501  -812.82     
    8502  -801.33     
 
  ***** POST1 NODAL DEGREE OF FREEDOM LISTING *****                            
 
  LOAD STEP=     1  SUBSTEP=     1                                             
   TIME=    1.0000      LOAD CASE=   0                                         
 
    NODE       VOLT  
    8503  -766.20     
    8504  -803.36     
    8505  -767.35     
    8506  -759.48     
    8507  -738.16     
    8508  -762.33     
    8509  -790.07     
    8510  -772.65     
    8511  -767.11     
    8512  -793.55     
    8513  -810.39     
    8514  -798.06     
    8515  -834.65     
    8516  -782.32     
    8517  -778.45     
    8518  -932.65     
    8519  -896.95     
    8520  -630.63     
    8521  -648.29     
    8522  -833.55     
    8523  -840.88     
    8524  -880.94     
    8525  -672.17     
    8526  -647.05     
    8527  -977.04     
    8528  -945.72     
    8529  -968.76     
    8530  -967.57     
    8531  -967.17     
    8532  -964.57     
    8533  -714.09     
    8534  -731.22     
    8535  -701.86     
    8536  -719.04     
    8537  -683.12     
    8538  -642.19     
    8539  -979.93     
    8540  -679.49     
    8541  -676.33     
 
  ***** POST1 NODAL DEGREE OF FREEDOM LISTING *****                            
 
  LOAD STEP=     1  SUBSTEP=     1                                             
   TIME=    1.0000      LOAD CASE=   0                                         
 
    NODE       VOLT  
    8542  -649.68     
    8543  -632.42     
    8544  -624.27     
    8545  -632.47     
    8546  -793.46     
    8547  -780.41     
    8548  -799.92     
    8549  -640.37     
    8550  -652.67     
    8551  -769.93     
    8552  -750.28     
    8553  -770.48     
    8554  -670.59     
    8555  -684.00     
    8556  -691.47     
    8557  -696.25     
    8558  -627.00     
    8559  -621.90     
    8560  -812.36     
    8561  -800.54     
    8562  -619.16     
    8563  -773.07     
    8564  -771.33     
    8565  -649.44     
    8566  -626.83     
    8567  -768.01     
    8568  -748.28     
    8569  -768.39     
    8570  -825.61     
    8571  -808.59     
    8572  -628.97     
    8573  -630.30     
    8574  -801.80     
    8575  -808.40     
    8576  -801.24     
    8577  -627.09     
    8578  -628.16     
    8579  -623.63     
    8580  -651.17     
 
  ***** POST1 NODAL DEGREE OF FREEDOM LISTING *****                            
 
  LOAD STEP=     1  SUBSTEP=     1                                             
   TIME=    1.0000      LOAD CASE=   0                                         
 
    NODE       VOLT  
    8581  -624.83     
    8582  -623.97     
    8583  -720.63     
    8584  -716.07     
    8585  -714.49     
    8586  -694.75     
    8587  -710.21     
    8588  -758.81     
    8589  -972.87     
    8590  -745.84     
    8591  -766.48     
    8592  -746.60     
    8593  -752.77     
    8594  -722.63     
    8595  -721.80     
    8596  -703.65     
    8597  -712.57     
    8598  -696.72     
    8599  -695.14     
    8600  -805.68     
    8601  -777.77     
    8602  -779.99     
    8603  -778.10     
    8604  -784.41     
    8605  -798.46     
    8606  -769.96     
    8607  -788.73     
    8608  -831.45     
    8609  -863.04     
    8610  -855.55     
    8611  -837.56     
    8612  -826.23     
    8613  -950.29     
    8614  -850.96     
    8615  -869.05     
    8616  -853.58     
    8617  -838.37     
    8618  -855.01     
    8619  -858.29     
 
  ***** POST1 NODAL DEGREE OF FREEDOM LISTING *****                            
 
  LOAD STEP=     1  SUBSTEP=     1                                             
   TIME=    1.0000      LOAD CASE=   0                                         
 
    NODE       VOLT  
    8620  -855.50     
    8621  -850.72     
    8622  -851.36     
    8623  -834.47     
    8624  -940.21     
    8625  -879.30     
    8626  -865.92     
    8627  -873.43     
    8628  -886.55     
    8629  -899.29     
    8630  -815.83     
    8631  -835.14     
    8632  -830.26     
    8633  -803.85     
    8634  -823.09     
    8635  -846.41     
    8636  -841.09     
    8637  -835.50     
    8638  -880.48     
    8639  -867.21     
    8640  -818.76     
    8641  -807.57     
    8642  -838.77     
    8643  -872.00     
    8644  -861.11     
    8645  -845.91     
    8646  -963.39     
    8647  -775.75     
    8648  -905.19     
    8649  -889.63     
    8650  -879.84     
    8651  -859.32     
    8652  -612.53     
    8653  -612.56     
    8654  -612.31     
    8655  -839.75     
    8656  -751.14     
    8657  -696.99     
    8658  -619.88     
 
  ***** POST1 NODAL DEGREE OF FREEDOM LISTING *****                            
 
  LOAD STEP=     1  SUBSTEP=     1                                             
   TIME=    1.0000      LOAD CASE=   0                                         
 
    NODE       VOLT  
    8659  -639.28     
    8660  -986.72     
    8661  -621.86     
    8662  -623.29     
    8663  -915.60     
    8664  -880.96     
    8665  -839.39     
    8666  -913.08     
    8667  -853.42     
    8668  -872.74     
    8669  -833.17     
    8670  -901.21     
    8671  -613.06     
    8672  -613.02     
    8673  -613.15     
    8674  -617.57     
    8675  -613.06     
    8676  -617.47     
    8677  -649.41     
    8678  -624.27     
    8679  -625.32     
    8680  -613.11     
    8681  -625.23     
    8682  -948.20     
    8683  -773.94     
    8684  -840.65     
    8685  -624.59     
    8686  -802.27     
    8687  -897.98     
    8688  -918.20     
    8689  -918.96     
    8690  -926.80     
    8691  -926.87     
    8692  -948.71     
    8693  -976.87     
    8694  -694.12     
    8695  -767.86     
    8696  -753.69     
    8697  -757.08     
 
  ***** POST1 NODAL DEGREE OF FREEDOM LISTING *****                            
 
  LOAD STEP=     1  SUBSTEP=     1                                             
   TIME=    1.0000      LOAD CASE=   0                                         
 
    NODE       VOLT  
    8698  -747.35     
    8699  -816.82     
    8700  -683.66     
    8701  -696.68     
    8702  -720.24     
    8703  -918.14     
    8704  -946.43     
    8705  -959.91     
    8706  -882.34     
    8707  -896.07     
    8708  -636.54     
    8709  -950.47     
    8710  -913.52     
    8711  -968.82     
    8712  -960.05     
    8713  -832.46     
    8714  -866.98     
    8715  -869.47     
    8716  -972.14     
    8717  -882.60     
    8718  -976.08     
    8719  -880.85     
    8720  -891.95     
    8721  -872.44     
    8722  -766.64     
    8723  -784.70     
    8724  -772.42     
    8725  -749.04     
    8726  -895.35     
    8727  -937.91     
    8728  -980.12     
    8729  -943.68     
    8730  -972.40     
    8731  -972.23     
    8732  -833.11     
    8733  -832.87     
    8734  -765.17     
    8735  -737.03     
    8736  -926.27     
 
  ***** POST1 NODAL DEGREE OF FREEDOM LISTING *****                            
 
  LOAD STEP=     1  SUBSTEP=     1                                             
   TIME=    1.0000      LOAD CASE=   0                                         
 
    NODE       VOLT  
    8737  -813.92     
    8738  -820.06     
    8739  -930.36     
    8740  -949.37     
    8741  -922.82     
    8742  -943.63     
    8743  -913.78     
    8744  -914.18     
    8745  -779.48     
    8746  -801.19     
    8747  -842.32     
    8748  -960.14     
    8749  -627.10     
    8750  -808.79     
    8751  -800.00     
    8752  -824.88     
    8753  -816.20     
    8754  -783.89     
    8755  -827.63     
    8756  -872.20     
    8757  -846.16     
    8758  -833.92     
    8759  -825.79     
    8760  -792.33     
    8761  -809.46     
    8762  -722.32     
    8763  -986.91     
    8764  -976.69     
    8765  -976.60     
    8766  -976.64     
    8767  -979.67     
    8768  -970.16     
    8769  -986.90     
    8770  -986.95     
    8771  -626.83     
    8772  -626.84     
    8773  -657.00     
    8774  -649.90     
    8775  -972.61     
 
  ***** POST1 NODAL DEGREE OF FREEDOM LISTING *****                            
 
  LOAD STEP=     1  SUBSTEP=     1                                             
   TIME=    1.0000      LOAD CASE=   0                                         
 
    NODE       VOLT  
    8776  -971.82     
    8777  -686.02     
    8778  -741.70     
    8779  -720.48     
    8780  -944.08     
    8781  -972.30     
    8782  -895.69     
    8783  -871.07     
    8784  -880.67     
    8785  -950.93     
    8786  -971.51     
    8787  -952.24     
    8788  -976.73     
    8789  -975.24     
    8790  -975.54     
    8791  -980.65     
    8792  -979.67     
    8793  -980.60     
    8794  -973.22     
    8795  -971.00     
    8796  -970.99     
    8797  -917.21     
    8798  -638.99     
    8799  -632.95     
    8800  -639.97     
    8801  -668.66     
    8802  -663.45     
    8803  -941.91     
    8804  -949.23     
    8805  -901.80     
    8806  -617.39     
    8807  -979.16     
    8808  -971.76     
    8809  -973.34     
    8810  -958.60     
    8811  -951.04     
    8812  -942.06     
    8813  -958.48     
    8814  -627.48     
 
  ***** POST1 NODAL DEGREE OF FREEDOM LISTING *****                            
 
  LOAD STEP=     1  SUBSTEP=     1                                             
   TIME=    1.0000      LOAD CASE=   0                                         
 
    NODE       VOLT  
    8815  -980.37     
    8816  -980.29     
    8817  -925.57     
    8818  -949.18     
    8819  -928.01     
    8820  -915.55     
    8821  -626.02     
    8822  -625.97     
    8823  -950.68     
    8824  -971.23     
    8825  -972.38     
    8826  -978.02     
    8827  -955.04     
    8828  -934.03     
    8829  -932.04     
    8830  -952.46     
    8831  -707.25     
    8832  -755.66     
    8833  -968.42     
    8834  -722.14     
    8835  -773.58     
    8836  -765.94     
    8837  -916.34     
    8838  -901.50     
    8839  -908.53     
    8840  -904.79     
    8841  -873.40     
    8842  -877.80     
    8843  -881.12     
    8844  -617.42     
    8845  -626.81     
    8846  -971.74     
    8847  -971.87     
    8848  -966.10     
    8849  -672.49     
    8850  -690.14     
    8851  -695.83     
    8852  -920.37     
    8853  -928.17     
 
  ***** POST1 NODAL DEGREE OF FREEDOM LISTING *****                            
 
  LOAD STEP=     1  SUBSTEP=     1                                             
   TIME=    1.0000      LOAD CASE=   0                                         
 
    NODE       VOLT  
    8854  -924.85     
    8855  -633.74     
    8856  -634.14     
    8857  -635.68     
    8858  -632.47     
    8859  -693.94     
    8860  -625.81     
    8861  -653.71     
    8862  -630.14     
    8863  -700.50     
    8864  -715.09     
    8865  -647.77     
    8866  -743.39     
    8867  -839.63     
    8868  -879.23     
    8869  -827.07     
    8870  -881.48     
    8871  -945.43     
    8872  -983.74     
    8873  -959.59     
    8874  -983.75     
    8875  -974.71     
    8876  -983.75     
    8877  -623.48     
    8878  -977.97     
    8879  -976.73     
    8880  -977.82     
    8881  -848.04     
    8882  -947.49     
    8883  -621.47     
    8884  -953.09     
    8885  -776.01     
    8886  -750.08     
    8887  -750.75     
    8888  -751.48     
    8889  -613.11     
    8890  -612.83     
    8891  -613.07     
    8892  -937.27     
 
  ***** POST1 NODAL DEGREE OF FREEDOM LISTING *****                            
 
  LOAD STEP=     1  SUBSTEP=     1                                             
   TIME=    1.0000      LOAD CASE=   0                                         
 
    NODE       VOLT  
    8893  -830.17     
    8894  -852.83     
    8895  -971.91     
    8896  -833.16     
    8897  -733.65     
    8898  -725.19     
    8899  -728.90     
    8900  -761.57     
    8901  -742.53     
    8902  -742.47     
    8903  -796.75     
    8904  -781.26     
    8905  -759.88     
    8906  -726.54     
    8907  -704.26     
    8908  -635.85     
    8909  -630.55     
    8910  -851.14     
    8911  -948.14     
    8912  -666.78     
    8913  -651.79     
    8914  -612.95     
    8915  -628.15     
    8916  -627.65     
    8917  -979.80     
    8918  -869.43     
    8919  -848.05     
    8920  -868.75     
    8921  -919.38     
    8922  -936.25     
    8923  -949.51     
    8924  -688.11     
    8925  -712.25     
    8926  -914.03     
    8927  -930.79     
    8928  -954.81     
    8929  -954.33     
    8930  -892.71     
    8931  -907.00     
 
  ***** POST1 NODAL DEGREE OF FREEDOM LISTING *****                            
 
  LOAD STEP=     1  SUBSTEP=     1                                             
   TIME=    1.0000      LOAD CASE=   0                                         
 
    NODE       VOLT  
    8932  -928.90     
    8933  -907.04     
    8934  -962.11     
    8935  -979.97     
    8936  -966.32     
    8937  -948.91     
    8938  -952.53     
    8939  -818.20     
    8940  -851.65     
    8941  -853.75     
    8942  -856.80     
    8943  -967.05     
    8944  -958.16     
    8945  -941.62     
    8946  -931.78     
    8947  -628.00     
    8948  -832.81     
    8949  -849.08     
    8950  -933.76     
    8951  -953.10     
    8952  -971.54     
    8953  -969.42     
    8954  -970.80     
    8955  -921.18     
    8956  -916.25     
    8957  -793.19     
    8958  -798.20     
    8959  -799.98     
    8960  -805.24     
    8961  -975.14     
    8962  -788.08     
    8963  -624.54     
    8964  -624.11     
    8965  -624.42     
    8966  -672.38     
    8967  -651.37     
    8968  -672.55     
    8969  -898.01     
    8970  -889.62     
 
  ***** POST1 NODAL DEGREE OF FREEDOM LISTING *****                            
 
  LOAD STEP=     1  SUBSTEP=     1                                             
   TIME=    1.0000      LOAD CASE=   0                                         
 
    NODE       VOLT  
    8971  -675.99     
    8972  -655.02     
    8973  -654.90     
    8974  -668.23     
    8975  -647.33     
    8976  -669.40     
    8977  -668.28     
    8978  -733.67     
    8979  -727.73     
    8980  -709.02     
    8981  -726.29     
    8982  -726.48     
    8983  -974.85     
    8984  -889.82     
    8985  -945.81     
    8986  -947.64     
    8987  -921.11     
    8988  -971.69     
    8989  -972.29     
    8990  -654.73     
    8991  -843.95     
    8992  -636.52     
    8993  -623.98     
    8994  -743.59     
    8995  -824.82     
    8996  -800.70     
    8997  -815.59     
    8998  -821.49     
    8999  -781.13     
    9000  -840.93     
    9001  -790.18     
    9002  -900.40     
    9003  -900.53     
    9004  -876.33     
    9005  -879.02     
    9006  -653.51     
    9007  -646.77     
    9008  -676.63     
    9009  -799.93     
 
  ***** POST1 NODAL DEGREE OF FREEDOM LISTING *****                            
 
  LOAD STEP=     1  SUBSTEP=     1                                             
   TIME=    1.0000      LOAD CASE=   0                                         
 
    NODE       VOLT  
    9010  -798.77     
    9011  -781.64     
    9012  -783.50     
    9013  -833.15     
    9014  -793.59     
    9015  -799.98     
    9016  -625.22     
    9017  -625.61     
    9018  -825.69     
    9019  -809.25     
    9020  -826.81     
    9021  -808.17     
    9022  -829.22     
    9023  -799.00     
    9024  -926.68     
    9025  -686.94     
    9026  -893.73     
    9027  -966.38     
    9028  -658.67     
    9029  -974.59     
    9030  -966.96     
    9031  -959.58     
    9032  -946.26     
    9033  -960.92     
    9034  -855.90     
    9035  -924.31     
    9036  -971.46     
    9037  -714.69     
    9038  -690.23     
    9039  -848.78     
    9040  -853.84     
    9041  -874.27     
    9042  -973.03     
    9043  -863.85     
    9044  -880.79     
    9045  -798.89     
    9046  -790.06     
    9047  -809.54     
    9048  -800.17     
 
  ***** POST1 NODAL DEGREE OF FREEDOM LISTING *****                            
 
  LOAD STEP=     1  SUBSTEP=     1                                             
   TIME=    1.0000      LOAD CASE=   0                                         
 
    NODE       VOLT  
    9049  -815.16     
    9050  -804.44     
    9051  -778.36     
    9052  -750.77     
    9053  -825.81     
    9054  -807.31     
    9055  -811.99     
    9056  -924.94     
    9057  -924.63     
    9058  -972.09     
    9059  -926.55     
    9060  -973.35     
    9061  -805.77     
    9062  -841.61     
    9063  -820.43     
    9064  -852.02     
    9065  -983.30     
    9066  -701.57     
    9067  -670.03     
    9068  -897.77     
    9069  -971.83     
    9070  -826.75     
    9071  -649.95     
    9072  -748.79     
    9073  -781.57     
    9074  -634.04     
    9075  -986.95     
    9076  -622.54     
    9077  -676.60     
    9078  -656.22     
    9079  -680.17     
    9080  -613.60     
    9081  -893.00     
    9082  -914.05     
    9083  -872.73     
    9084  -939.00     
    9085  -722.16     
    9086  -888.08     
    9087  -886.11     
 
  ***** POST1 NODAL DEGREE OF FREEDOM LISTING *****                            
 
  LOAD STEP=     1  SUBSTEP=     1                                             
   TIME=    1.0000      LOAD CASE=   0                                         
 
    NODE       VOLT  
    9088  -640.86     
    9089  -821.37     
    9090  -734.46     
    9091  -776.81     
    9092  -793.12     
    9093  -646.33     
    9094  -922.74     
    9095  -951.52     
    9096  -927.74     
    9097  -934.73     
    9098  -972.40     
    9099  -744.35     
    9100  -749.58     
    9101  -622.04     
    9102  -848.88     
    9103  -851.07     
    9104  -815.73     
    9105  -774.14     
    9106  -628.23     
    9107  -624.65     
    9108  -630.91     
    9109  -613.00     
    9110  -811.49     
    9111  -706.63     
    9112  -730.92     
    9113  -727.40     
    9114  -851.08     
    9115  -933.41     
    9116  -930.92     
    9117  -680.10     
    9118  -637.42     
    9119  -798.60     
    9120  -786.03     
    9121  -775.58     
    9122  -629.71     
    9123  -815.74     
    9124  -828.79     
    9125  -975.98     
    9126  -626.91     
 
  ***** POST1 NODAL DEGREE OF FREEDOM LISTING *****                            
 
  LOAD STEP=     1  SUBSTEP=     1                                             
   TIME=    1.0000      LOAD CASE=   0                                         
 
    NODE       VOLT  
    9127  -627.33     
    9128  -626.78     
    9129  -789.17     
    9130  -786.49     
    9131  -782.55     
    9132  -753.56     
    9133  -773.53     
    9134  -684.73     
    9135  -652.74     
    9136  -646.34     
    9137  -785.99     
    9138  -863.50     
    9139  -864.14     
    9140  -832.22     
    9141  -622.80     
    9142  -620.98     
    9143  -738.96     
    9144  -908.83     
    9145  -737.13     
    9146  -690.35     
    9147  -930.60     
    9148  -948.36     
    9149  -959.39     
    9150  -978.61     
    9151  -967.66     
    9152  -719.86     
    9153  -839.80     
    9154  -840.28     
    9155  -824.38     
    9156  -889.93     
    9157  -903.37     
    9158  -978.37     
    9159  -979.45     
    9160  -952.61     
    9161  -922.08     
    9162  -943.49     
    9163  -648.48     
    9164  -647.71     
    9165  -818.57     
 
  ***** POST1 NODAL DEGREE OF FREEDOM LISTING *****                            
 
  LOAD STEP=     1  SUBSTEP=     1                                             
   TIME=    1.0000      LOAD CASE=   0                                         
 
    NODE       VOLT  
    9166  -820.73     
    9167  -800.39     
    9168  -817.11     
    9169  -640.11     
    9170  -796.70     
    9171  -697.19     
    9172  -764.21     
    9173  -897.04     
    9174  -920.34     
    9175  -872.39     
    9176  -876.85     
    9177  -849.09     
    9178  -898.82     
    9179  -867.31     
    9180  -890.90     
    9181  -894.24     
    9182  -869.95     
    9183  -873.00     
    9184  -870.56     
    9185  -849.57     
    9186  -642.39     
    9187  -665.69     
    9188  -666.33     
    9189  -666.35     
    9190  -689.25     
    9191  -621.80     
    9192  -620.81     
    9193  -619.94     
    9194  -620.72     
    9195  -652.66     
    9196  -842.25     
    9197  -921.12     
    9198  -945.08     
    9199  -920.36     
    9200  -915.08     
    9201  -949.88     
    9202  -944.48     
    9203  -959.17     
    9204  -939.57     
 
  ***** POST1 NODAL DEGREE OF FREEDOM LISTING *****                            
 
  LOAD STEP=     1  SUBSTEP=     1                                             
   TIME=    1.0000      LOAD CASE=   0                                         
 
    NODE       VOLT  
    9205  -962.68     
    9206  -692.00     
    9207  -652.36     
    9208  -772.67     
    9209  -711.72     
    9210  -712.82     
    9211  -928.10     
    9212  -944.94     
    9213  -952.96     
    9214  -952.38     
    9215  -948.19     
    9216  -899.40     
    9217  -883.57     
    9218  -912.24     
    9219  -634.42     
    9220  -894.12     
    9221  -638.96     
    9222  -626.45     
    9223  -647.62     
    9224  -625.86     
    9225  -651.43     
    9226  -626.38     
    9227  -657.70     
    9228  -784.26     
    9229  -677.40     
    9230  -679.03     
    9231  -653.95     
    9232  -624.98     
    9233  -672.85     
    9234  -687.13     
    9235  -626.16     
    9236  -690.19     
    9237  -623.87     
    9238  -656.61     
    9239  -665.43     
    9240  -687.14     
    9241  -715.48     
    9242  -621.59     
    9243  -633.04     
 
  ***** POST1 NODAL DEGREE OF FREEDOM LISTING *****                            
 
  LOAD STEP=     1  SUBSTEP=     1                                             
   TIME=    1.0000      LOAD CASE=   0                                         
 
    NODE       VOLT  
    9244  -652.95     
    9245  -801.02     
    9246  -785.36     
    9247  -863.87     
    9248  -973.54     
    9249  -974.12     
    9250  -817.41     
    9251  -848.88     
    9252  -863.29     
    9253  -835.81     
    9254  -863.81     
    9255  -863.45     
    9256  -824.13     
    9257  -899.32     
    9258  -865.38     
    9259  -741.83     
    9260  -883.56     
    9261  -968.42     
    9262  -800.19     
    9263  -974.85     
    9264  -968.81     
    9265  -680.94     
    9266  -681.98     
    9267  -649.65     
    9268  -651.34     
    9269  -655.06     
    9270  -918.07     
    9271  -952.37     
    9272  -963.31     
    9273  -883.89     
    9274  -671.72     
    9275  -648.82     
    9276  -920.06     
    9277  -942.36     
    9278  -924.17     
    9279  -950.57     
    9280  -948.72     
    9281  -964.17     
    9282  -649.86     
 
  ***** POST1 NODAL DEGREE OF FREEDOM LISTING *****                            
 
  LOAD STEP=     1  SUBSTEP=     1                                             
   TIME=    1.0000      LOAD CASE=   0                                         
 
    NODE       VOLT  
    9283  -920.58     
    9284  -895.51     
    9285  -874.90     
    9286  -951.34     
    9287  -814.02     
    9288  -696.78     
    9289  -922.10     
    9290  -931.15     
    9291  -926.39     
    9292  -897.76     
    9293  -894.77     
    9294  -852.91     
    9295  -721.56     
    9296  -721.10     
    9297  -779.38     
    9298  -652.14     
    9299  -627.03     
    9300  -627.42     
    9301  -731.55     
    9302  -813.70     
    9303  -775.10     
    9304  -689.04     
    9305  -953.01     
    9306  -637.93     
    9307  -683.14     
    9308  -860.31     
    9309  -869.62     
    9310  -798.17     
    9311  -937.64     
    9312  -786.12     
    9313  -789.16     
    9314  -759.64     
    9315  -833.67     
    9316  -848.48     
    9317  -710.36     
    9318  -717.97     
    9319  -692.65     
    9320  -675.01     
    9321  -626.90     
 
  ***** POST1 NODAL DEGREE OF FREEDOM LISTING *****                            
 
  LOAD STEP=     1  SUBSTEP=     1                                             
   TIME=    1.0000      LOAD CASE=   0                                         
 
    NODE       VOLT  
    9322  -730.74     
    9323  -781.17     
    9324  -867.13     
    9325  -824.38     
    9326  -784.13     
    9327  -719.26     
    9328  -979.39     
    9329  -925.28     
    9330  -874.33     
    9331  -974.61     
    9332  -760.91     
    9333  -752.75     
    9334  -761.79     
    9335  -746.70     
    9336  -776.06     
    9337  -777.02     
    9338  -789.33     
    9339  -723.79     
    9340  -729.80     
    9341  -632.84     
    9342  -672.47     
    9343  -879.84     
    9344  -728.25     
    9345  -733.38     
    9346  -946.96     
    9347  -625.62     
    9348  -824.19     
    9349  -848.55     
    9350  -801.33     
    9351  -817.31     
    9352  -801.34     
    9353  -944.44     
    9354  -949.07     
    9355  -652.37     
    9356  -942.40     
    9357  -703.66     
    9358  -705.22     
    9359  -777.14     
    9360  -651.02     
 
  ***** POST1 NODAL DEGREE OF FREEDOM LISTING *****                            
 
  LOAD STEP=     1  SUBSTEP=     1                                             
   TIME=    1.0000      LOAD CASE=   0                                         
 
    NODE       VOLT  
    9361  -753.51     
    9362  -834.17     
    9363  -825.20     
    9364  -662.00     
    9365  -873.03     
    9366  -922.77     
    9367  -882.20     
    9368  -890.14     
    9369  -751.55     
    9370  -767.52     
    9371  -785.47     
    9372  -785.40     
    9373  -786.58     
    9374  -815.38     
    9375  -730.40     
    9376  -819.13     
    9377   0.0000     
    9378   0.0000     
    9379   0.0000     
    9380   0.0000     
    9381   0.0000     
    9382   0.0000     
    9383   0.0000     
    9384   0.0000     
    9385   0.0000     
    9386   0.0000     
    9387   0.0000     
    9388   0.0000     
    9389   0.0000     
    9390  -1000.0     
    9391  -1000.0     
    9392  -1000.0     
    9393  -1000.0     
    9394  -1000.0     
    9395  -1000.0     
    9396  -1000.0     
    9397  -1000.0     
    9398  -1000.0     
    9399  -1000.0     
 
  ***** POST1 NODAL DEGREE OF FREEDOM LISTING *****                            
 
  LOAD STEP=     1  SUBSTEP=     1                                             
   TIME=    1.0000      LOAD CASE=   0                                         
 
    NODE       VOLT  
    9400  -1000.0     
    9401  -1000.0     
    9402  -1000.0     
    9403  -1000.0     
    9404  -1000.0     
    9405  -1000.0     
    9406  -1000.0     
    9407  -1000.0     
    9408  -1000.0     
    9409  -1000.0     
    9410  -1000.0     
    9411  -1000.0     
    9412  -1000.0     
    9413  -1000.0     
    9414  -1000.0     
    9415  -1000.0     
    9416  -1000.0     
    9417  -1000.0     
    9418  -1000.0     
    9419  -1000.0     
    9420  -1000.0     
    9421  -1000.0     
    9422  -1000.0     
    9423  -1000.0     
    9424  -1000.0     
    9425  -1000.0     
    9426  -1000.0     
    9427  -1000.0     
    9428  -1000.0     
    9429  -1000.0     
    9430  -1000.0     
    9431  -1000.0     
    9432  -1000.0     
    9433  -1000.0     
    9434  -1000.0     
    9435  -1000.0     
    9436  -1000.0     
    9437  -1000.0     
    9438  -1000.0     
 
  ***** POST1 NODAL DEGREE OF FREEDOM LISTING *****                            
 
  LOAD STEP=     1  SUBSTEP=     1                                             
   TIME=    1.0000      LOAD CASE=   0                                         
 
    NODE       VOLT  
    9439  -1000.0     
    9440  -1000.0     
    9441  -1000.0     
    9442  -1000.0     
    9443  -1000.0     
    9444  -1000.0     
    9445  -1000.0     
    9446  -1000.0     
    9447  -1000.0     
    9448  -1000.0     
    9449  -1000.0     
    9450  -1000.0     
    9451  -1000.0     
    9452  -1000.0     
    9453  -1000.0     
    9454  -1000.0     
    9455  -1000.0     
    9456  -1000.0     
    9457  -1000.0     
    9458  -1000.0     
    9459  -1000.0     
    9460  -1000.0     
    9461  -1000.0     
    9462  -1000.0     
    9463  -1000.0     
    9464  -1000.0     
    9465  -1000.0     
    9466  -1000.0     
    9467  -1000.0     
    9468  -1000.0     
    9469  -1000.0     
    9470  -1000.0     
    9471  -1000.0     
    9472  -1000.0     
    9473  -1000.0     
    9474  -1000.0     
    9475  -1000.0     
    9476  -1000.0     
    9477  -1000.0     
 
  ***** POST1 NODAL DEGREE OF FREEDOM LISTING *****                            
 
  LOAD STEP=     1  SUBSTEP=     1                                             
   TIME=    1.0000      LOAD CASE=   0                                         
 
    NODE       VOLT  
    9478  -1000.0     
    9479  -1000.0     
    9480  -1000.0     
    9481  -1000.0     
    9482  -1000.0     
    9483  -1000.0     
    9484  -1000.0     
    9485  -1000.0     
    9486  -1000.0     
    9487  -1000.0     
    9488  -1000.0     
    9489  -1000.0     
    9490  -1000.0     
    9491  -1000.0     
    9492  -1000.0     
    9493  -1000.0     
    9494  -1000.0     
    9495  -1000.0     
    9496  -1000.0     
    9497  -1000.0     
    9498  -1000.0     
    9499  -1000.0     
    9500  -1000.0     
    9501  -1000.0     
    9502  -1000.0     
    9503  -1000.0     
    9504  -1000.0     
    9505  -1000.0     
    9506  -1000.0     
    9507  -1000.0     
    9508  -1000.0     
    9509  -1000.0     
    9510  -1000.0     
    9511  -1000.0     
    9512  -1000.0     
    9513  -1000.0     
    9514  -1000.0     
    9515  -1000.0     
    9516  -1000.0     
 
  ***** POST1 NODAL DEGREE OF FREEDOM LISTING *****                            
 
  LOAD STEP=     1  SUBSTEP=     1                                             
   TIME=    1.0000      LOAD CASE=   0                                         
 
    NODE       VOLT  
    9517  -1000.0     
    9518  -1000.0     
    9519  -1000.0     
    9520  -1000.0     
    9521  -1000.0     
    9522  -1000.0     
    9523  -1000.0     
    9524  -1000.0     
    9525  -1000.0     
    9526  -1000.0     
    9527  -1000.0     
    9528  -1000.0     
    9529  -1000.0     
    9530  -1000.0     
    9531  -1000.0     
    9532  -1000.0     
    9533  -1000.0     
    9534  -1000.0     
    9535  -1000.0     
    9536  -1000.0     
    9537  -1000.0     
    9538  -1000.0     
    9539  -1000.0     
    9540  -1000.0     
    9541  -1000.0     
    9542  -1000.0     
    9543  -1000.0     
    9544  -1000.0     
    9545  -1000.0     
    9546  -1000.0     
    9547  -1000.0     
    9548  -1000.0     
    9549  -1000.0     
    9550  -1000.0     
    9551  -1000.0     
    9552  -1000.0     
    9553  -1000.0     
    9554  -1000.0     
    9555  -1000.0     
 
  ***** POST1 NODAL DEGREE OF FREEDOM LISTING *****                            
 
  LOAD STEP=     1  SUBSTEP=     1                                             
   TIME=    1.0000      LOAD CASE=   0                                         
 
    NODE       VOLT  
    9556  -1000.0     
    9557  -1000.0     
    9558  -1000.0     
    9559  -1000.0     
    9560  -1000.0     
    9561  -1000.0     
    9562  -1000.0     
    9563  -1000.0     
    9564  -1000.0     
    9565  -1000.0     
    9566  -1000.0     
    9567  -1000.0     
    9568  -1000.0     
    9569  -1000.0     
    9570  -1000.0     
    9571  -1000.0     
    9572  -1000.0     
    9573  -1000.0     
    9574  -1000.0     
    9575  -1000.0     
    9576  -1000.0     
    9577  -1000.0     
    9578  -1000.0     
    9579  -1000.0     
    9580  -1000.0     
    9581  -1000.0     
    9582  -1000.0     
    9583  -1000.0     
    9584  -1000.0     
    9585  -1000.0     
    9586  -1000.0     
    9587  -1000.0     
    9588  -1000.0     
    9589  -1000.0     
    9590  -1000.0     
    9591  -1000.0     
    9592  -1000.0     
    9593  -1000.0     
    9594  -1000.0     
 
  ***** POST1 NODAL DEGREE OF FREEDOM LISTING *****                            
 
  LOAD STEP=     1  SUBSTEP=     1                                             
   TIME=    1.0000      LOAD CASE=   0                                         
 
    NODE       VOLT  
    9595  -1000.0     
    9596  -1000.0     
    9597  -1000.0     
    9598  -1000.0     
    9599  -1000.0     
    9600  -1000.0     
    9601  -1000.0     
    9602  -1000.0     
    9603  -1000.0     
    9604  -1000.0     
    9605  -1000.0     
    9606  -1000.0     
    9607  -1000.0     
    9608  -1000.0     
    9609  -1000.0     
    9610  -1000.0     
    9611  -1000.0     
    9612  -1000.0     
    9613  -1000.0     
    9614  -1000.0     
    9615  -1000.0     
    9616  -1000.0     
    9617  -1000.0     
    9618  -1000.0     
    9619  -1000.0     
    9620  -1000.0     
    9621  -1000.0     
    9622  -1000.0     
    9623  -1000.0     
    9624  -1000.0     
    9625  -1000.0     
    9626  -1000.0     
    9627  -1000.0     
    9628  -1000.0     
    9629  -1000.0     
    9630  -1000.0     
    9631  -1000.0     
    9632  -1000.0     
    9633  -1000.0     
 
  ***** POST1 NODAL DEGREE OF FREEDOM LISTING *****                            
 
  LOAD STEP=     1  SUBSTEP=     1                                             
   TIME=    1.0000      LOAD CASE=   0                                         
 
    NODE       VOLT  
    9634  -1000.0     
    9635  -1000.0     
    9636  -1000.0     
    9637  -1000.0     
    9638  -1000.0     
    9639  -1000.0     
    9640  -1000.0     
    9641  -1000.0     
    9642  -1000.0     
    9643  -1000.0     
    9644  -1000.0     
    9645  -1000.0     
    9646  -1000.0     
    9647  -1000.0     
    9648  -1000.0     
    9649  -1000.0     
    9650  -1000.0     
    9651  -1000.0     
    9652  -1000.0     
    9653  -1000.0     
    9654  -1000.0     
    9655  -1000.0     
    9656  -1000.0     
    9657  -1000.0     
    9658  -1000.0     
    9659  -1000.0     
    9660  -1000.0     
    9661  -1000.0     
    9662  -1000.0     
    9663  -1000.0     
    9664  -1000.0     
    9665  -1000.0     
    9666  -1000.0     
    9667  -1000.0     
    9668  -1000.0     
    9669  -1000.0     
    9670  -1000.0     
    9671  -1000.0     
    9672  -1000.0     
 
  ***** POST1 NODAL DEGREE OF FREEDOM LISTING *****                            
 
  LOAD STEP=     1  SUBSTEP=     1                                             
   TIME=    1.0000      LOAD CASE=   0                                         
 
    NODE       VOLT  
    9673  -1000.0     
    9674  -1000.0     
    9675  -1000.0     
    9676  -1000.0     
    9677  -1000.0     
    9678  -1000.0     
    9679  -1000.0     
    9680  -1000.0     
    9681  -1000.0     
    9682  -1000.0     
    9683  -1000.0     
    9684  -1000.0     
    9685  -1000.0     
    9686  -1000.0     
    9687  -1000.0     
    9688  -1000.0     
    9689  -1000.0     
    9690  -1000.0     
    9691  -1000.0     
    9692  -1000.0     
    9693  -1000.0     
    9694  -1000.0     
    9695  -1000.0     
    9696  -1000.0     
    9697  -1000.0     
    9698  -1000.0     
    9699  -1000.0     
    9700  -1000.0     
    9701  -1000.0     
    9702  -1000.0     
    9703  -1000.0     
    9704  -1000.0     
    9705  -1000.0     
    9706  -1000.0     
    9707  -1000.0     
    9708  -1000.0     
    9709  -1000.0     
    9710  -1000.0     
    9711  -1000.0     
 
  ***** POST1 NODAL DEGREE OF FREEDOM LISTING *****                            
 
  LOAD STEP=     1  SUBSTEP=     1                                             
   TIME=    1.0000      LOAD CASE=   0                                         
 
    NODE       VOLT  
    9712  -1000.0     
    9713  -1000.0     
    9714  -1000.0     
    9715  -1000.0     
    9716  -1000.0     
    9717  -1000.0     
    9718  -1000.0     
    9719  -1000.0     
    9720  -1000.0     
    9721  -1000.0     
    9722  -1000.0     
    9723  -1000.0     
    9724  -1000.0     
    9725  -1000.0     
    9726  -1000.0     
    9727  -1000.0     
    9728  -1000.0     
    9729  -1000.0     
    9730  -1000.0     
    9731  -1000.0     
    9732  -1000.0     
    9733  -1000.0     
    9734  -1000.0     
    9735  -1000.0     
    9736  -1000.0     
    9737  -1000.0     
    9738  -1000.0     
    9739  -1000.0     
    9740  -1000.0     
    9741  -1000.0     
    9742  -1000.0     
    9743  -1000.0     
    9744  -1000.0     
    9745  -1000.0     
    9746  -1000.0     
    9747  -1000.0     
    9748  -1000.0     
    9749  -1000.0     
    9750  -1000.0     
 
  ***** POST1 NODAL DEGREE OF FREEDOM LISTING *****                            
 
  LOAD STEP=     1  SUBSTEP=     1                                             
   TIME=    1.0000      LOAD CASE=   0                                         
 
    NODE       VOLT  
    9751  -1000.0     
    9752  -1000.0     
    9753  -1000.0     
    9754  -1000.0     
    9755  -1000.0     
    9756  -1000.0     
    9757  -1000.0     
    9758  -1000.0     
    9759  -1000.0     
    9760  -1000.0     
    9761  -1000.0     
    9762  -1000.0     
    9763  -1000.0     
    9764  -1000.0     
    9765  -1000.0     
    9766  -1000.0     
    9767  -1000.0     
    9768  -1000.0     
    9769  -1000.0     
    9770  -1000.0     
    9771  -1000.0     
    9772  -1000.0     
    9773  -1000.0     
    9774  -1000.0     
    9775  -1000.0     
    9776  -1000.0     
    9777  -1000.0     
    9778  -1000.0     
    9779  -1000.0     
    9780  -1000.0     
    9781  -1000.0     
    9782  -1000.0     
    9783  -1000.0     
    9784  -1000.0     
    9785  -1000.0     
    9786  -1000.0     
    9787  -1000.0     
    9788  -1000.0     
    9789  -1000.0     
 
  ***** POST1 NODAL DEGREE OF FREEDOM LISTING *****                            
 
  LOAD STEP=     1  SUBSTEP=     1                                             
   TIME=    1.0000      LOAD CASE=   0                                         
 
    NODE       VOLT  
    9790  -1000.0     
    9791  -1000.0     
    9792  -1000.0     
    9793  -1000.0     
    9794  -1000.0     
    9795  -1000.0     
    9796  -1000.0     
    9797  -1000.0     
    9798  -1000.0     
    9799  -1000.0     
    9800  -1000.0     
    9801  -1000.0     
    9802  -1000.0     
    9803  -1000.0     
    9804  -1000.0     
    9805  -1000.0     
    9806  -1000.0     
    9807  -1000.0     
    9808  -1000.0     
    9809  -1000.0     
    9810  -1000.0     
    9811  -1000.0     
    9812  -1000.0     
    9813  -1000.0     
    9814  -1000.0     
    9815  -1000.0     
    9816  -1000.0     
    9817  -1000.0     
    9818  -1000.0     
    9819  -1000.0     
    9820  -1000.0     
    9821  -1000.0     
    9822  -1000.0     
    9823  -1000.0     
    9824  -1000.0     
    9825  -1000.0     
    9826  -1000.0     
    9827  -1000.0     
    9828  -1000.0     
 
  ***** POST1 NODAL DEGREE OF FREEDOM LISTING *****                            
 
  LOAD STEP=     1  SUBSTEP=     1                                             
   TIME=    1.0000      LOAD CASE=   0                                         
 
    NODE       VOLT  
    9829  -1000.0     
    9830  -1000.0     
    9831  -1000.0     
    9832  -1000.0     
    9833  -1000.0     
    9834  -1000.0     
    9835  -1000.0     
    9836  -1000.0     
    9837  -1000.0     
    9838  -1000.0     
    9839  -1000.0     
    9840  -1000.0     
    9841  -1000.0     
    9842  -1000.0     
    9843  -1000.0     
    9844  -1000.0     
    9845  -1000.0     
    9846  -1000.0     
    9847  -1000.0     
    9848  -1000.0     
    9849  -1000.0     
    9850  -1000.0     
    9851  -1000.0     
    9852  -1000.0     
    9853  -1000.0     
    9854  -1000.0     
    9855  -1000.0     
    9856  -1000.0     
    9857  -1000.0     
    9858  -1000.0     
    9859  -1000.0     
    9860  -1000.0     
    9861  -1000.0     
    9862  -1000.0     
    9863  -1000.0     
    9864  -1000.0     
    9865  -1000.0     
    9866  -1000.0     
    9867  -1000.0     
 
  ***** POST1 NODAL DEGREE OF FREEDOM LISTING *****                            
 
  LOAD STEP=     1  SUBSTEP=     1                                             
   TIME=    1.0000      LOAD CASE=   0                                         
 
    NODE       VOLT  
    9868  -1000.0     
    9869  -1000.0     
    9870  -1000.0     
    9871  -1000.0     
    9872  -1000.0     
    9873  -1000.0     
    9874  -1000.0     
    9875  -1000.0     
    9876  -1000.0     
    9877  -1000.0     
    9878  -1000.0     
    9879  -1000.0     
    9880  -1000.0     
    9881  -1000.0     
    9882  -1000.0     
    9883  -1000.0     
    9884  -1000.0     
    9885  -1000.0     
    9886  -1000.0     
    9887  -1000.0     
    9888  -1000.0     
    9889  -1000.0     
    9890  -1000.0     
    9891  -1000.0     
    9892  -1000.0     
    9893  -1000.0     
    9894  -1000.0     
    9895  -1000.0     
    9896  -1000.0     
    9897  -1000.0     
    9898  -1000.0     
    9899  -1000.0     
    9900  -1000.0     
    9901  -1000.0     
    9902  -1000.0     
    9903  -1000.0     
    9904  -1000.0     
    9905  -1000.0     
    9906  -1000.0     
 
  ***** POST1 NODAL DEGREE OF FREEDOM LISTING *****                            
 
  LOAD STEP=     1  SUBSTEP=     1                                             
   TIME=    1.0000      LOAD CASE=   0                                         
 
    NODE       VOLT  
    9907  -1000.0     
    9908  -1000.0     
    9909  -1000.0     
    9910  -1000.0     
    9911  -1000.0     
    9912  -1000.0     
    9913  -1000.0     
    9914  -1000.0     
    9915  -1000.0     
    9916  -1000.0     
    9917  -1000.0     
    9918  -1000.0     
    9919  -1000.0     
    9920  -1000.0     
    9921  -1000.0     
    9922  -1000.0     
    9923  -1000.0     
    9924  -1000.0     
    9925  -1000.0     
    9926  -1000.0     
    9927  -1000.0     
    9928  -1000.0     
    9929  -1000.0     
    9930  -1000.0     
    9931  -1000.0     
    9932  -1000.0     
    9933  -1000.0     
    9934  -1000.0     
    9935  -1000.0     
    9936  -1000.0     
    9937  -1000.0     
    9938  -1000.0     
    9939  -1000.0     
    9940  -1000.0     
    9941  -1000.0     
    9942  -1000.0     
    9943  -1000.0     
    9944  -1000.0     
    9945  -1000.0     
 
  ***** POST1 NODAL DEGREE OF FREEDOM LISTING *****                            
 
  LOAD STEP=     1  SUBSTEP=     1                                             
   TIME=    1.0000      LOAD CASE=   0                                         
 
    NODE       VOLT  
    9946  -1000.0     
    9947  -1000.0     
    9948  -1000.0     
    9949  -1000.0     
    9950  -1000.0     
    9951  -1000.0     
    9952  -1000.0     
    9953  -1000.0     
    9954  -1000.0     
    9955  -1000.0     
    9956  -1000.0     
    9957  -1000.0     
    9958  -1000.0     
    9959  -1000.0     
    9960  -1000.0     
    9961  -1000.0     
    9962  -1000.0     
    9963  -1000.0     
    9964  -1000.0     
    9965  -1000.0     
    9966  -1000.0     
    9967  -1000.0     
    9968  -1000.0     
    9969  -1000.0     
    9970  -1000.0     
    9971  -600.00     
    9972  -600.00     
    9973  -600.00     
    9974  -600.00     
    9975  -600.00     
    9976  -600.00     
    9977  -600.00     
    9978  -600.00     
    9979  -600.00     
    9980  -600.00     
    9981  -600.00     
    9982  -600.00     
    9983  -600.00     
    9984  -600.00     
 
  ***** POST1 NODAL DEGREE OF FREEDOM LISTING *****                            
 
  LOAD STEP=     1  SUBSTEP=     1                                             
   TIME=    1.0000      LOAD CASE=   0                                         
 
    NODE       VOLT  
    9985  -600.00     
    9986  -600.00     
    9987  -600.00     
    9988  -600.00     
    9989  -600.00     
    9990  -600.00     
    9991  -600.00     
    9992  -600.00     
    9993  -600.00     
    9994  -600.00     
    9995  -600.00     
    9996  -600.00     
    9997  -600.00     
    9998  -600.00     
    9999  -600.00     
   10000  -600.00     
   10001  -600.00     
   10002  -600.00     
   10003  -600.00     
   10004  -600.00     
   10005  -600.00     
   10006  -600.00     
   10007  -600.00     
   10008  -600.00     
   10009  -600.00     
   10010  -600.00     
   10011  -600.00     
   10012  -600.00     
   10013  -600.00     
   10014  -600.00     
   10015  -600.00     
   10016  -600.00     
   10017  -600.00     
   10018  -600.00     
   10019  -600.00     
   10020  -600.00     
   10021  -600.00     
   10022  -600.00     
   10023  -600.00     
 
  ***** POST1 NODAL DEGREE OF FREEDOM LISTING *****                            
 
  LOAD STEP=     1  SUBSTEP=     1                                             
   TIME=    1.0000      LOAD CASE=   0                                         
 
    NODE       VOLT  
   10024  -600.00     
   10025  -600.00     
   10026  -600.00     
   10027  -600.00     
   10028  -600.00     
   10029  -600.00     
   10030  -600.00     
   10031  -600.00     
   10032  -600.00     
   10033  -600.00     
   10034  -600.00     
   10035  -600.00     
   10036  -600.00     
   10037  -600.00     
   10038  -600.00     
   10039  -600.00     
   10040  -600.00     
   10041  -600.00     
   10042  -600.00     
   10043  -600.00     
   10044  -600.00     
   10045  -600.00     
   10046  -600.00     
   10047  -600.00     
   10048  -600.00     
   10049  -600.00     
   10050  -600.00     
   10051  -600.00     
   10052  -600.00     
   10053  -600.00     
   10054  -600.00     
   10055  -600.00     
   10056  -600.00     
   10057  -600.00     
   10058  -600.00     
   10059  -600.00     
   10060  -600.00     
   10061  -600.00     
   10062  -600.00     
 
  ***** POST1 NODAL DEGREE OF FREEDOM LISTING *****                            
 
  LOAD STEP=     1  SUBSTEP=     1                                             
   TIME=    1.0000      LOAD CASE=   0                                         
 
    NODE       VOLT  
   10063  -600.00     
   10064  -600.00     
   10065  -600.00     
   10066  -600.00     
   10067  -600.00     
   10068  -600.00     
   10069  -600.00     
   10070  -600.00     
   10071  -600.00     
   10072  -600.00     
   10073  -600.00     
   10074  -600.00     
   10075  -600.00     
   10076  -600.00     
   10077  -600.00     
   10078  -600.00     
   10079  -600.00     
   10080  -600.00     
   10081  -600.00     
   10082  -600.00     
   10083  -600.00     
   10084  -600.00     
   10085  -600.00     
   10086  -600.00     
   10087  -600.00     
   10088  -600.00     
   10089  -600.00     
   10090  -600.00     
   10091  -600.00     
   10092  -600.00     
   10093  -600.00     
   10094  -600.00     
   10095  -600.00     
   10096  -600.00     
   10097  -600.00     
   10098  -600.00     
   10099  -600.00     
   10100  -600.00     
   10101  -600.00     
 
  ***** POST1 NODAL DEGREE OF FREEDOM LISTING *****                            
 
  LOAD STEP=     1  SUBSTEP=     1                                             
   TIME=    1.0000      LOAD CASE=   0                                         
 
    NODE       VOLT  
   10102  -600.00     
   10103  -600.00     
   10104  -600.00     
   10105  -600.00     
   10106  -600.00     
   10107  -600.00     
   10108  -600.00     
   10109  -600.00     
   10110  -600.00     
   10111  -600.00     
   10112  -600.00     
   10113  -600.00     
   10114  -600.00     
   10115  -600.00     
   10116  -600.00     
   10117  -600.00     
   10118  -600.00     
   10119  -600.00     
   10120  -600.00     
   10121  -600.00     
   10122  -600.00     
   10123  -600.00     
   10124  -600.00     
   10125  -600.00     
   10126  -600.00     
   10127  -600.00     
   10128  -600.00     
   10129  -600.00     
   10130  -600.00     
   10131  -600.00     
   10132  -600.00     
   10133  -600.00     
   10134  -600.00     
   10135  -600.00     
   10136  -600.00     
   10137  -600.00     
   10138  -600.00     
   10139  -600.00     
   10140  -600.00     
 
  ***** POST1 NODAL DEGREE OF FREEDOM LISTING *****                            
 
  LOAD STEP=     1  SUBSTEP=     1                                             
   TIME=    1.0000      LOAD CASE=   0                                         
 
    NODE       VOLT  
   10141  -600.00     
   10142  -600.00     
   10143  -600.00     
   10144  -600.00     
   10145  -600.00     
   10146  -600.00     
   10147  -600.00     
   10148  -600.00     
   10149  -600.00     
   10150  -600.00     
   10151  -600.00     
   10152  -600.00     
   10153  -600.00     
   10154  -600.00     
   10155  -600.00     
   10156  -600.00     
   10157  -600.00     
   10158  -600.00     
   10159  -600.00     
   10160  -600.00     
   10161  -600.00     
   10162  -600.00     
   10163  -600.00     
   10164  -600.00     
   10165  -600.00     
   10166  -600.00     
   10167  -600.00     
   10168  -600.00     
   10169  -600.00     
   10170  -600.00     
   10171  -600.00     
   10172  -600.00     
   10173  -600.00     
   10174  -600.00     
   10175  -600.00     
   10176  -600.00     
   10177  -600.00     
   10178  -600.00     
   10179  -600.00     
 
  ***** POST1 NODAL DEGREE OF FREEDOM LISTING *****                            
 
  LOAD STEP=     1  SUBSTEP=     1                                             
   TIME=    1.0000      LOAD CASE=   0                                         
 
    NODE       VOLT  
   10180  -600.00     
   10181  -600.00     
   10182  -600.00     
   10183  -600.00     
   10184  -600.00     
   10185  -600.00     
   10186  -600.00     
   10187  -600.00     
   10188  -600.00     
   10189  -600.00     
   10190  -600.00     
   10191  -600.00     
   10192  -600.00     
   10193  -600.00     
   10194  -600.00     
   10195  -600.00     
   10196  -600.00     
   10197  -600.00     
   10198  -600.00     
   10199  -600.00     
   10200  -600.00     
   10201  -600.00     
   10202  -600.00     
   10203  -600.00     
   10204  -600.00     
   10205  -600.00     
   10206  -600.00     
   10207  -600.00     
   10208  -600.00     
   10209  -600.00     
   10210  -600.00     
   10211  -600.00     
   10212  -600.00     
   10213  -600.00     
   10214  -600.00     
   10215  -600.00     
   10216  -600.00     
   10217  -600.00     
   10218  -600.00     
 
  ***** POST1 NODAL DEGREE OF FREEDOM LISTING *****                            
 
  LOAD STEP=     1  SUBSTEP=     1                                             
   TIME=    1.0000      LOAD CASE=   0                                         
 
    NODE       VOLT  
   10219  -600.00     
   10220  -600.00     
   10221  -600.00     
   10222  -600.00     
   10223  -600.00     
   10224  -600.00     
   10225  -600.00     
   10226  -600.00     
   10227  -600.00     
   10228  -600.00     
   10229  -600.00     
   10230  -600.00     
   10231  -600.00     
   10232  -600.00     
   10233  -600.00     
   10234  -600.00     
   10235  -600.00     
   10236  -600.00     
   10237  -600.00     
   10238  -600.00     
   10239  -600.00     
   10240  -600.00     
   10241  -600.00     
   10242  -600.00     
   10243  -600.00     
   10244  -600.00     
   10245  -600.00     
   10246  -600.00     
   10247  -600.00     
   10248  -600.00     
   10249  -600.00     
   10250  -600.00     
   10251  -600.00     
   10252  -600.00     
   10253  -600.00     
   10254  -600.00     
   10255  -600.00     
   10256  -600.00     
   10257  -600.00     
 
  ***** POST1 NODAL DEGREE OF FREEDOM LISTING *****                            
 
  LOAD STEP=     1  SUBSTEP=     1                                             
   TIME=    1.0000      LOAD CASE=   0                                         
 
    NODE       VOLT  
   10258  -600.00     
   10259  -600.00     
   10260  -600.00     
   10261  -600.00     
   10262  -600.00     
   10263  -600.00     
   10264  -600.00     
   10265  -600.00     
   10266  -600.00     
   10267  -600.00     
   10268  -600.00     
   10269  -600.00     
   10270  -600.00     
   10271  -600.00     
   10272  -600.00     
   10273  -600.00     
   10274  -600.00     
   10275  -600.00     
   10276  -600.00     
   10277  -600.00     
   10278  -600.00     
   10279  -600.00     
   10280  -600.00     
   10281  -600.00     
   10282  -600.00     
   10283  -600.00     
   10284  -600.00     
   10285  -600.00     
   10286  -600.00     
   10287  -600.00     
   10288  -600.00     
   10289  -600.00     
   10290  -600.00     
   10291  -600.00     
   10292  -600.00     
   10293  -600.00     
   10294  -600.00     
   10295  -600.00     
   10296  -600.00     
 
  ***** POST1 NODAL DEGREE OF FREEDOM LISTING *****                            
 
  LOAD STEP=     1  SUBSTEP=     1                                             
   TIME=    1.0000      LOAD CASE=   0                                         
 
    NODE       VOLT  
   10297  -600.00     
   10298  -600.00     
   10299  -600.00     
   10300  -600.00     
   10301  -600.00     
   10302  -600.00     
   10303  -600.00     
   10304  -600.00     
   10305  -600.00     
   10306  -600.00     
   10307  -600.00     
   10308  -600.00     
   10309  -600.00     
   10310  -600.00     
   10311  -600.00     
   10312  -600.00     
   10313  -600.00     
   10314  -600.00     
   10315  -600.00     
   10316  -600.00     
   10317  -600.00     
   10318  -600.00     
   10319  -600.00     
   10320  -600.00     
   10321  -600.00     
   10322  -600.00     
   10323  -600.00     
   10324  -600.00     
   10325  -600.00     
   10326  -600.00     
   10327  -600.00     
   10328  -600.00     
   10329  -600.00     
   10330  -600.00     
   10331  -600.00     
   10332  -600.00     
   10333  -600.00     
   10334  -600.00     
   10335  -600.00     
 
  ***** POST1 NODAL DEGREE OF FREEDOM LISTING *****                            
 
  LOAD STEP=     1  SUBSTEP=     1                                             
   TIME=    1.0000      LOAD CASE=   0                                         
 
    NODE       VOLT  
   10336  -600.00     
   10337  -600.00     
   10338  -600.00     
   10339  -600.00     
   10340  -600.00     
   10341  -600.00     
   10342  -600.00     
   10343  -600.00     
   10344  -600.00     
   10345  -600.00     
   10346  -600.00     
   10347  -600.00     
   10348  -600.00     
   10349  -600.00     
   10350  -600.00     
   10351  -600.00     
   10352  -600.00     
   10353  -600.00     
   10354  -600.00     
   10355  -600.00     
   10356  -600.00     
   10357  -600.00     
   10358  -600.00     
   10359  -600.00     
   10360  -600.00     
   10361  -600.00     
   10362  -600.00     
   10363  -600.00     
   10364  -600.00     
   10365  -600.00     
   10366  -600.00     
   10367  -600.00     
   10368  -600.00     
   10369  -600.00     
   10370  -600.00     
   10371  -600.00     
   10372  -600.00     
   10373  -600.00     
   10374  -600.00     
 
  ***** POST1 NODAL DEGREE OF FREEDOM LISTING *****                            
 
  LOAD STEP=     1  SUBSTEP=     1                                             
   TIME=    1.0000      LOAD CASE=   0                                         
 
    NODE       VOLT  
   10375  -600.00     
   10376  -600.00     
   10377  -600.00     
   10378  -600.00     
   10379  -600.00     
   10380  -600.00     
   10381  -600.00     
   10382  -600.00     
   10383  -600.00     
   10384  -600.00     
   10385  -600.00     
   10386  -600.00     
   10387  -600.00     
   10388  -600.00     
   10389  -600.00     
   10390  -600.00     
   10391  -600.00     
   10392  -600.00     
   10393  -600.00     
   10394  -600.00     
   10395  -600.00     
   10396  -600.00     
   10397  -600.00     
   10398  -600.00     
   10399  -600.00     
   10400  -600.00     
   10401  -600.00     
   10402  -600.00     
   10403  -600.00     
   10404  -600.00     
   10405  -600.00     
   10406  -600.00     
   10407  -600.00     
   10408  -600.00     
   10409  -600.00     
   10410  -600.00     
   10411  -600.00     
   10412  -600.00     
   10413  -600.00     
 
  ***** POST1 NODAL DEGREE OF FREEDOM LISTING *****                            
 
  LOAD STEP=     1  SUBSTEP=     1                                             
   TIME=    1.0000      LOAD CASE=   0                                         
 
    NODE       VOLT  
   10414  -600.00     
   10415  -600.00     
   10416  -600.00     
   10417  -600.00     
   10418  -600.00     
   10419  -600.00     
   10420  -600.00     
   10421  -600.00     
   10422  -600.00     
   10423  -600.00     
   10424  -600.00     
   10425  -600.00     
   10426  -600.00     
   10427  -600.00     
   10428  -600.00     
   10429  -600.00     
   10430  -600.00     
   10431  -600.00     
   10432  -600.00     
   10433  -600.00     
   10434  -600.00     
   10435  -600.00     
   10436  -600.00     
   10437  -600.00     
   10438  -600.00     
   10439  -600.00     
   10440  -600.00     
   10441  -600.00     
   10442  -600.00     
   10443  -600.00     
   10444  -600.00     
   10445  -600.00     
   10446  -600.00     
   10447  -600.00     
   10448  -600.00     
   10449  -600.00     
   10450  -600.00     
   10451  -600.00     
   10452  -600.00     
 
  ***** POST1 NODAL DEGREE OF FREEDOM LISTING *****                            
 
  LOAD STEP=     1  SUBSTEP=     1                                             
   TIME=    1.0000      LOAD CASE=   0                                         
 
    NODE       VOLT  
   10453  -600.00     
   10454  -600.00     
   10455  -600.00     
   10456  -600.00     
   10457  -600.00     
   10458  -600.00     
   10459  -600.00     
   10460  -600.00     
   10461  -600.00     
   10462  -600.00     
   10463  -600.00     
   10464  -600.00     
   10465  -600.00     
   10466  -600.00     
   10467  -600.00     
   10468  -600.00     
   10469  -600.00     
   10470  -600.00     
   10471  -600.00     
   10472  -600.00     
   10473  -600.00     
   10474  -600.00     
   10475  -600.00     
   10476  -600.00     
   10477  -600.00     
   10478  -600.00     
   10479  -600.00     
   10480  -600.00     
   10481  -600.00     
   10482  -600.00     
   10483  -600.00     
   10484  -600.00     
   10485  -600.00     
   10486  -600.00     
   10487  -600.00     
   10488  -600.00     
   10489  -600.00     
   10490  -600.00     
   10491  -600.00     
 
  ***** POST1 NODAL DEGREE OF FREEDOM LISTING *****                            
 
  LOAD STEP=     1  SUBSTEP=     1                                             
   TIME=    1.0000      LOAD CASE=   0                                         
 
    NODE       VOLT  
   10492  -600.00     
   10493  -600.00     
   10494  -600.00     
   10495  -600.00     
   10496  -600.00     
   10497  -600.00     
   10498  -600.00     
   10499  -600.00     
   10500  -600.00     
   10501  -600.00     
   10502  -600.00     
   10503  -600.00     
   10504  -600.00     
   10505  -600.00     
   10506  -600.00     
   10507  -600.00     
   10508  -600.00     
   10509  -600.00     
   10510  -600.00     
   10511  -600.00     
   10512  -600.00     
   10513  -600.00     
   10514  -600.00     
   10515  -600.00     
   10516  -600.00     
   10517  -600.00     
   10518  -600.00     
   10519  -600.00     
   10520  -600.00     
   10521  -600.00     
   10522  -600.00     
   10523  -600.00     
   10524  -600.00     
   10525  -600.00     
   10526  -600.00     
   10527  -600.00     
   10528  -600.00     
   10529  -600.00     
   10530  -600.00     
 
  ***** POST1 NODAL DEGREE OF FREEDOM LISTING *****                            
 
  LOAD STEP=     1  SUBSTEP=     1                                             
   TIME=    1.0000      LOAD CASE=   0                                         
 
    NODE       VOLT  
   10531  -600.00     
   10532  -600.00     
   10533  -600.00     
   10534  -600.00     
   10535  -600.00     
   10536  -600.00     
   10537  -600.00     
   10538  -600.00     
   10539  -600.00     
   10540  -600.00     
   10541  -600.00     
   10542  -600.00     
   10543  -600.00     
   10544  -600.00     
   10545  -600.00     
   10546  -600.00     
   10547  -600.00     
   10548  -600.00     
   10549  -600.00     
   10550  -600.00     
   10551  -600.00     
   10552  -600.00     
   10553  -600.00     
   10554  -600.00     
   10555  -600.00     
   10556  -600.00     
   10557  -600.00     
   10558  -600.00     
   10559  -600.00     
   10560  -3700.0     
   10561  -3700.0     
   10562  -3700.0     
   10563  -3700.0     
   10564  -3700.0     
   10565  -3700.0     
   10566  -3700.0     
   10567  -3700.0     
   10568  -3700.0     
   10569  -3700.0     
 
  ***** POST1 NODAL DEGREE OF FREEDOM LISTING *****                            
 
  LOAD STEP=     1  SUBSTEP=     1                                             
   TIME=    1.0000      LOAD CASE=   0                                         
 
    NODE       VOLT  
   10570  -3700.0     
   10571  -3700.0     
   10572  -3700.0     
   10573  -36.977     
   10574  -595.58     
   10575  -996.34     
   10576  -992.15     
   10577  -669.34     
   10578  -1000.9     
   10579  -1007.6     
   10580  -1003.8     
   10581  -623.40     
   10582  -980.37     
   10583  -999.35     
   10584  -600.19     
   10585  -764.90     
   10586  -835.91     
   10587  -3692.1     
   10588  -3692.1     
   10589  -3697.4     
   10590  -3697.4     
   10591  -16.313     
   10592  -5.4378     
   10593  -16.313     
   10594  -5.4378     
   10595  -3662.6     
   10596  -3655.2     
   10597  -3647.8     
   10598  -3640.4     
   10599  -3633.0     
   10600  -3625.6     
   10601  -3618.2     
   10602  -3610.8     
   10603  -3603.4     
   10604  -3596.0     
   10605  -3588.6     
   10606  -3581.2     
   10607  -3573.8     
   10608  -3566.4     
 
  ***** POST1 NODAL DEGREE OF FREEDOM LISTING *****                            
 
  LOAD STEP=     1  SUBSTEP=     1                                             
   TIME=    1.0000      LOAD CASE=   0                                         
 
    NODE       VOLT  
   10609  -3559.0     
   10610  -3551.6     
   10611  -3544.2     
   10612  -3536.8     
   10613  -3529.5     
   10614  -3522.1     
   10615  -3514.7     
   10616  -3507.3     
   10617  -3499.9     
   10618  -3492.5     
   10619  -3485.1     
   10620  -3477.7     
   10621  -3470.3     
   10622  -3462.9     
   10623  -3455.5     
   10624  -3448.1     
   10625  -3440.7     
   10626  -3433.3     
   10627  -3425.9     
   10628  -3418.5     
   10629  -3411.1     
   10630  -3403.7     
   10631  -3396.3     
   10632  -3388.9     
   10633  -3381.5     
   10634  -3374.1     
   10635  -3366.7     
   10636  -3359.3     
   10637  -3351.9     
   10638  -3344.5     
   10639  -3337.2     
   10640  -3329.8     
   10641  -3322.4     
   10642  -3315.0     
   10643  -3307.6     
   10644  -3300.2     
   10645  -3292.8     
   10646  -3285.4     
   10647  -3278.0     
 
  ***** POST1 NODAL DEGREE OF FREEDOM LISTING *****                            
 
  LOAD STEP=     1  SUBSTEP=     1                                             
   TIME=    1.0000      LOAD CASE=   0                                         
 
    NODE       VOLT  
   10648  -3270.6     
   10649  -3263.2     
   10650  -3255.8     
   10651  -3248.4     
   10652  -3241.0     
   10653  -3233.6     
   10654  -3226.2     
   10655  -3218.8     
   10656  -3211.4     
   10657  -3204.0     
   10658  -3196.6     
   10659  -3189.2     
   10660  -3181.8     
   10661  -3174.4     
   10662  -3167.0     
   10663  -3159.6     
   10664  -3152.3     
   10665  -3144.9     
   10666  -3137.5     
   10667  -3130.1     
   10668  -3122.7     
   10669  -3115.3     
   10670  -3107.9     
   10671  -3100.5     
   10672  -3093.1     
   10673  -3085.7     
   10674  -3078.3     
   10675  -3070.9     
   10676  -3063.5     
   10677  -3056.1     
   10678  -3048.7     
   10679  -3041.3     
   10680  -3033.9     
   10681  -3026.5     
   10682  -3019.1     
   10683  -3011.7     
   10684  -3004.3     
   10685  -2996.9     
   10686  -2989.5     
 
  ***** POST1 NODAL DEGREE OF FREEDOM LISTING *****                            
 
  LOAD STEP=     1  SUBSTEP=     1                                             
   TIME=    1.0000      LOAD CASE=   0                                         
 
    NODE       VOLT  
   10687  -2982.1     
   10688  -2974.7     
   10689  -2967.3     
   10690  -2960.0     
   10691  -2952.6     
   10692  -2945.2     
   10693  -2937.8     
   10694  -2930.4     
   10695  -2923.0     
   10696  -2915.6     
   10697  -2908.2     
   10698  -2900.8     
   10699  -2893.4     
   10700  -2886.0     
   10701  -2878.6     
   10702  -2871.2     
   10703  -2863.8     
   10704  -2856.4     
   10705  -2849.0     
   10706  -2841.6     
   10707  -2834.2     
   10708  -2826.8     
   10709  -2819.4     
   10710  -2812.0     
   10711  -2804.6     
   10712  -2797.2     
   10713  -2789.8     
   10714  -2782.4     
   10715  -2775.1     
   10716  -2767.7     
   10717  -2760.3     
   10718  -2752.9     
   10719  -2745.5     
   10720  -2738.1     
   10721  -2730.7     
   10722  -2723.3     
   10723  -2715.9     
   10724  -2708.5     
   10725  -2701.1     
 
  ***** POST1 NODAL DEGREE OF FREEDOM LISTING *****                            
 
  LOAD STEP=     1  SUBSTEP=     1                                             
   TIME=    1.0000      LOAD CASE=   0                                         
 
    NODE       VOLT  
   10726  -2693.7     
   10727  -2686.3     
   10728  -2678.9     
   10729  -2671.5     
   10730  -2664.1     
   10731  -2656.7     
   10732  -2649.3     
   10733  -2641.9     
   10734  -2634.5     
   10735  -2627.1     
   10736  -2619.7     
   10737  -2612.3     
   10738  -2604.9     
   10739  -2597.5     
   10740  -2590.1     
   10741  -2582.8     
   10742  -2575.4     
   10743  -2568.0     
   10744  -2560.6     
   10745  -2553.2     
   10746  -2545.8     
   10747  -2538.4     
   10748  -2531.0     
   10749  -2523.6     
   10750  -2516.2     
   10751  -2508.8     
   10752  -2501.4     
   10753  -2494.0     
   10754  -2486.6     
   10755  -2479.2     
   10756  -2471.8     
   10757  -2464.4     
   10758  -2457.0     
   10759  -2449.6     
   10760  -2442.2     
   10761  -2434.8     
   10762  -2427.4     
   10763  -2420.0     
   10764  -2412.6     
 
  ***** POST1 NODAL DEGREE OF FREEDOM LISTING *****                            
 
  LOAD STEP=     1  SUBSTEP=     1                                             
   TIME=    1.0000      LOAD CASE=   0                                         
 
    NODE       VOLT  
   10765  -2405.2     
   10766  -2397.9     
   10767  -2390.5     
   10768  -2383.1     
   10769  -2375.7     
   10770  -2368.3     
   10771  -2360.9     
   10772  -2353.5     
   10773  -2346.1     
   10774  -2338.7     
   10775  -2331.3     
   10776  -2323.9     
   10777  -2316.5     
   10778  -2309.1     
   10779  -2301.7     
   10780  -2294.3     
   10781  -2286.9     
   10782  -2279.5     
   10783  -2272.1     
   10784  -2264.7     
   10785  -2257.3     
   10786  -2249.9     
   10787  -2242.5     
   10788  -2235.1     
   10789  -2227.7     
   10790  -2220.3     
   10791  -2212.9     
   10792  -2205.6     
   10793  -2198.2     
   10794  -2190.8     
   10795  -2183.4     
   10796  -2176.0     
   10797  -2168.6     
   10798  -2161.2     
   10799  -2153.8     
   10800  -2146.4     
   10801  -2139.0     
   10802  -2131.6     
   10803  -2124.2     
 
  ***** POST1 NODAL DEGREE OF FREEDOM LISTING *****                            
 
  LOAD STEP=     1  SUBSTEP=     1                                             
   TIME=    1.0000      LOAD CASE=   0                                         
 
    NODE       VOLT  
   10804  -2116.8     
   10805  -2109.4     
   10806  -2102.0     
   10807  -2094.6     
   10808  -2087.2     
   10809  -2079.8     
   10810  -2072.4     
   10811  -2065.0     
   10812  -2057.6     
   10813  -2050.2     
   10814  -2042.8     
   10815  -2035.4     
   10816  -2028.0     
   10817  -2020.7     
   10818  -2013.3     
   10819  -2005.9     
   10820  -1998.5     
   10821  -1991.1     
   10822  -1983.7     
   10823  -1976.3     
   10824  -1968.9     
   10825  -1961.5     
   10826  -1954.1     
   10827  -1946.7     
   10828  -1939.3     
   10829  -1931.9     
   10830  -1924.5     
   10831  -1917.1     
   10832  -1909.7     
   10833  -1902.3     
   10834  -1894.9     
   10835  -1887.5     
   10836  -1880.1     
   10837  -1872.7     
   10838  -1865.3     
   10839  -1857.9     
   10840  -1850.5     
   10841  -1843.1     
   10842  -1835.7     
 
  ***** POST1 NODAL DEGREE OF FREEDOM LISTING *****                            
 
  LOAD STEP=     1  SUBSTEP=     1                                             
   TIME=    1.0000      LOAD CASE=   0                                         
 
    NODE       VOLT  
   10843  -1828.4     
   10844  -1821.0     
   10845  -1813.6     
   10846  -1806.2     
   10847  -1798.8     
   10848  -1791.4     
   10849  -1784.0     
   10850  -1776.6     
   10851  -1769.2     
   10852  -1761.8     
   10853  -1754.4     
   10854  -1747.0     
   10855  -1739.6     
   10856  -1732.2     
   10857  -1724.8     
   10858  -1717.4     
   10859  -1710.0     
   10860  -1702.6     
   10861  -1695.2     
   10862  -1687.8     
   10863  -1680.4     
   10864  -1673.0     
   10865  -1665.6     
   10866  -1658.2     
   10867  -1650.8     
   10868  -1643.5     
   10869  -1636.1     
   10870  -1628.7     
   10871  -1621.3     
   10872  -1613.9     
   10873  -1606.5     
   10874  -1599.1     
   10875  -1591.7     
   10876  -1584.3     
   10877  -1576.9     
   10878  -1569.5     
   10879  -1562.1     
   10880  -1554.7     
   10881  -1547.3     
 
  ***** POST1 NODAL DEGREE OF FREEDOM LISTING *****                            
 
  LOAD STEP=     1  SUBSTEP=     1                                             
   TIME=    1.0000      LOAD CASE=   0                                         
 
    NODE       VOLT  
   10882  -1539.9     
   10883  -1532.5     
   10884  -1525.1     
   10885  -1517.7     
   10886  -1510.3     
   10887  -1502.9     
   10888  -1495.5     
   10889  -1488.1     
   10890  -1480.7     
   10891  -1473.3     
   10892  -1465.9     
   10893  -1458.5     
   10894  -1451.2     
   10895  -1443.8     
   10896  -1436.4     
   10897  -1429.0     
   10898  -1421.6     
   10899  -1414.2     
   10900  -1406.8     
   10901  -1399.4     
   10902  -1392.0     
   10903  -1384.6     
   10904  -1377.2     
   10905  -1369.8     
   10906  -1362.4     
   10907  -1355.0     
   10908  -1347.6     
   10909  -1340.2     
   10910  -1332.8     
   10911  -1325.4     
   10912  -1318.0     
   10913  -1310.6     
   10914  -1303.2     
   10915  -1295.8     
   10916  -1288.4     
   10917  -1281.0     
   10918  -1273.6     
   10919  -1266.3     
   10920  -1258.9     
 
  ***** POST1 NODAL DEGREE OF FREEDOM LISTING *****                            
 
  LOAD STEP=     1  SUBSTEP=     1                                             
   TIME=    1.0000      LOAD CASE=   0                                         
 
    NODE       VOLT  
   10921  -1251.5     
   10922  -1244.1     
   10923  -1236.7     
   10924  -1229.3     
   10925  -1221.9     
   10926  -1214.5     
   10927  -1207.1     
   10928  -1199.7     
   10929  -1192.3     
   10930  -1184.9     
   10931  -1177.5     
   10932  -1170.1     
   10933  -1162.7     
   10934  -1155.3     
   10935  -1147.9     
   10936  -1140.5     
   10937  -1133.1     
   10938  -1125.7     
   10939  -1118.3     
   10940  -1092.8     
   10941  -1085.4     
   10942  -1078.0     
   10943  -1070.6     
   10944  -1063.2     
   10945  -1055.8     
   10946  -1048.5     
   10947  -510.30     
   10948  -495.15     
   10949  -479.92     
   10950  -464.70     
   10951  -449.47     
   10952  -434.25     
   10953  -419.02     
   10954  -403.79     
   10955  -388.57     
   10956  -373.34     
   10957  -358.12     
   10958  -342.89     
   10959  -327.67     
 
  ***** POST1 NODAL DEGREE OF FREEDOM LISTING *****                            
 
  LOAD STEP=     1  SUBSTEP=     1                                             
   TIME=    1.0000      LOAD CASE=   0                                         
 
    NODE       VOLT  
   10960  -311.04     
   10961  -295.81     
   10962  -280.59     
   10963  -265.36     
   10964  -250.14     
   10965  -234.91     
   10966  -219.69     
   10967  -204.46     
   10968  -189.23     
   10969  -174.01     
   10970  -158.78     
   10971  -143.56     
   10972  -128.33     
   10973  -113.11     
   10974  -97.880     
   10975  -82.654     
   10976  -67.428     
   10977  -52.203     
   10978  -1041.2     
   10979  -1034.3     
   10980  -3676.0     
   10981  -3670.0     
   10982  -1028.0     
   10983  -3683.4     
   10984  -525.53     
   10985  -1021.8     
   10986  -1100.2     
   10987  -1105.6     
   10988  -1110.9     
   10989  -3689.4     
   10990  -539.34     
   10991  -550.26     
   10992  -21.751     
   10993  -1016.6     
   10994  -563.51     
   10995  -571.53     
   10996  -1011.5     
   10997  -581.25     
   10998  -587.05     
 
  ***** POST1 NODAL DEGREE OF FREEDOM LISTING *****                            
 
  LOAD STEP=     1  SUBSTEP=     1                                             
   TIME=    1.0000      LOAD CASE=   0                                         
 
    NODE       VOLT  
   10999  -607.35     
   11000  -997.99     
   11001  -594.35     
   11002  -986.94     
   11003  -619.76     
   11004  -988.29     
   11005  -993.84     
   11006  -994.56     
   11007  -599.34     
   11008  -601.48     
   11009  -979.91     
   11010  -963.23     
   11011  -943.72     
   11012  -980.71     
   11013  -983.40     
   11014  -620.47     
   11015  -752.48     
   11016  -772.54     
   11017  -801.99     
   11018  -800.89     
   11019  -785.25     
   11020  -815.69     
   11021  -843.02     
   11022  -870.95     
   11023  -858.38     
   11024  -860.68     
   11025  -907.02     
   11026  -924.84     
   11027  -886.83     
   11028  -909.21     
   11029  -692.74     
   11030  -710.10     
   11031  -749.88     
   11032  -747.43     
   11033  -641.92     
   11034  -666.64     
   11035  -710.84     
   11036  -727.36     
   11037  -683.10     
 
  ***** POST1 NODAL DEGREE OF FREEDOM LISTING *****                            
 
  LOAD STEP=     1  SUBSTEP=     1                                             
   TIME=    1.0000      LOAD CASE=   0                                         
 
    NODE       VOLT  
   11038  -706.29     
   11039  -609.22     
   11040  -615.42     
   11041  -600.58     
   11042  -601.48     
   11043  -995.08     
   11044  -996.06     
   11045  -910.92     
   11046  -948.25     
   11047  -964.73     
   11048  -930.02     
   11049  -951.69     
   11050  -982.04     
   11051  -696.86     
   11052  -614.94     
   11053  -639.85     
   11054  -657.62     
   11055  -909.81     
   11056  -956.82     
   11057  -970.69     
   11058  -602.96     
   11059  -995.17     
   11060  -647.19     
   11061  -718.74     
   11062  -739.90     
   11063  -865.83     
   11064  -887.16     
   11065  -619.55     
   11066  -632.52     
   11067  -953.95     
   11068  -987.80     
   11069  -967.78     
   11070  -984.47     
   11071  -600.60     
   11072  -600.74     
   11073  -997.01     
   11074  -997.56     
   11075  -600.41     
   11076  -600.72     
 
  ***** POST1 NODAL DEGREE OF FREEDOM LISTING *****                            
 
  LOAD STEP=     1  SUBSTEP=     1                                             
   TIME=    1.0000      LOAD CASE=   0                                         
 
    NODE       VOLT  
   11077  -997.93     
   11078  -998.54     
   11079  -600.24     
   11080  -600.32     
   11081  -600.78     
   11082  -601.08     
   11083  -602.94     
   11084  -999.22     
   11085  -999.30     
   11086  -998.00     
   11087  -998.36     
   11088  -996.15     
   11089  -688.90     
   11090  -913.50     
   11091  -604.26     
   11092  -606.77     
   11093  -991.50     
   11094  -994.57     
   11095  -658.72     
   11096  -671.40     
   11097  -931.28     
   11098  -944.51     
   11099  -933.24     
   11100  -671.26     
   11101  -990.96     
   11102  -607.29     
   11103  -997.13     
   11104  -998.65     
   11105  -601.08     
   11106  -600.43     
   11107  -973.04     
   11108  -628.85     
   11109  -887.18     
   11110  -723.12     
   11111  -970.44     
   11112  -646.83     
   11113  -929.49     
   11114  -961.57     
   11115  -607.44     
 
  ***** POST1 NODAL DEGREE OF FREEDOM LISTING *****                            
 
  LOAD STEP=     1  SUBSTEP=     1                                             
   TIME=    1.0000      LOAD CASE=   0                                         
 
    NODE       VOLT  
   11116  -691.82     
   11117  -730.49     
   11118  -770.58     
   11119  -887.63     
   11120  -831.03     
   11121  -989.70     
   11122  -10.876     
   11123  -3694.7     
   11124  -948.65     
   11125  -580.46     
   11126  -614.22     
   11127  -996.51     
   11128  -598.00     
   11129  -593.34     
   11130  -603.13     
   11131  -671.53     
   11132  -573.38     
   11133  -941.67     
   11134  -620.64     
   11135  -978.85     
   11136  -999.18     
   11137  -3593.3     
   11138  -36.977     
   11139  -772.67     
   11140  -769.88     
   11141  -835.06     
   11142  -3692.1     
   11143  -3692.1     
   11144  -3697.4     
   11145  -3697.4     
   11146  -16.313     
   11147  -5.4378     
   11148  -16.313     
   11149  -5.4378     
   11150  -600.65     
   11151  -600.16     
   11152  -600.36     
   11153  -600.14     
   11154  -3423.2     
 
  ***** POST1 NODAL DEGREE OF FREEDOM LISTING *****                            
 
  LOAD STEP=     1  SUBSTEP=     1                                             
   TIME=    1.0000      LOAD CASE=   0                                         
 
    NODE       VOLT  
   11155  -3497.1     
   11156  -3585.9     
   11157  -3630.3     
   11158  -1233.9     
   11159  -1248.7     
   11160  -1241.3     
   11161  -1263.5     
   11162  -1256.1     
   11163  -1278.3     
   11164  -1270.9     
   11165  -1293.1     
   11166  -1285.7     
   11167  -1307.9     
   11168  -1300.5     
   11169  -1322.7     
   11170  -1315.3     
   11171  -1337.5     
   11172  -1330.1     
   11173  -1352.3     
   11174  -1344.9     
   11175  -1367.1     
   11176  -1359.7     
   11177  -1381.9     
   11178  -1374.5     
   11179  -1396.6     
   11180  -1389.3     
   11181  -1411.4     
   11182  -1404.0     
   11183  -1426.2     
   11184  -1418.8     
   11185  -1441.0     
   11186  -1433.6     
   11187  -1455.8     
   11188  -1448.4     
   11189  -1470.6     
   11190  -1463.2     
   11191  -1485.4     
   11192  -1478.0     
   11193  -1500.2     
 
  ***** POST1 NODAL DEGREE OF FREEDOM LISTING *****                            
 
  LOAD STEP=     1  SUBSTEP=     1                                             
   TIME=    1.0000      LOAD CASE=   0                                         
 
    NODE       VOLT  
   11194  -1492.8     
   11195  -1515.0     
   11196  -1507.6     
   11197  -1529.8     
   11198  -1522.4     
   11199  -1544.6     
   11200  -1537.2     
   11201  -1559.4     
   11202  -1552.0     
   11203  -1574.2     
   11204  -1566.8     
   11205  -1588.9     
   11206  -1581.6     
   11207  -1603.7     
   11208  -1596.3     
   11209  -1618.5     
   11210  -1611.1     
   11211  -1633.3     
   11212  -1625.9     
   11213  -1648.1     
   11214  -1640.7     
   11215  -1662.9     
   11216  -1655.5     
   11217  -1677.7     
   11218  -1670.3     
   11219  -1692.5     
   11220  -1685.1     
   11221  -1707.3     
   11222  -1699.9     
   11223  -1722.1     
   11224  -1714.7     
   11225  -1736.9     
   11226  -1729.5     
   11227  -1751.7     
   11228  -1744.3     
   11229  -1766.5     
   11230  -1759.1     
   11231  -1781.2     
   11232  -1773.8     
 
  ***** POST1 NODAL DEGREE OF FREEDOM LISTING *****                            
 
  LOAD STEP=     1  SUBSTEP=     1                                             
   TIME=    1.0000      LOAD CASE=   0                                         
 
    NODE       VOLT  
   11233  -1796.0     
   11234  -1788.6     
   11235  -1810.8     
   11236  -1803.4     
   11237  -1825.6     
   11238  -1818.2     
   11239  -1840.4     
   11240  -1833.0     
   11241  -1855.2     
   11242  -1847.8     
   11243  -1870.0     
   11244  -1862.6     
   11245  -1884.8     
   11246  -1877.4     
   11247  -1899.6     
   11248  -1892.2     
   11249  -1914.4     
   11250  -1907.0     
   11251  -1929.2     
   11252  -1921.8     
   11253  -1944.0     
   11254  -1936.6     
   11255  -1958.8     
   11256  -1951.4     
   11257  -1973.5     
   11258  -1966.1     
   11259  -1988.3     
   11260  -1980.9     
   11261  -2003.1     
   11262  -1995.7     
   11263  -2017.9     
   11264  -2010.5     
   11265  -2032.7     
   11266  -2025.3     
   11267  -2047.5     
   11268  -2040.1     
   11269  -2062.3     
   11270  -2054.9     
   11271  -2077.1     
 
  ***** POST1 NODAL DEGREE OF FREEDOM LISTING *****                            
 
  LOAD STEP=     1  SUBSTEP=     1                                             
   TIME=    1.0000      LOAD CASE=   0                                         
 
    NODE       VOLT  
   11272  -2069.7     
   11273  -2091.9     
   11274  -2084.5     
   11275  -2106.7     
   11276  -2099.3     
   11277  -2121.5     
   11278  -2114.1     
   11279  -2136.3     
   11280  -2128.9     
   11281  -2151.0     
   11282  -2143.7     
   11283  -2165.8     
   11284  -2158.4     
   11285  -2180.6     
   11286  -2173.2     
   11287  -2195.4     
   11288  -2188.0     
   11289  -2210.2     
   11290  -2202.8     
   11291  -2225.0     
   11292  -2217.6     
   11293  -2239.8     
   11294  -2232.4     
   11295  -2254.6     
   11296  -2247.2     
   11297  -2269.4     
   11298  -2262.0     
   11299  -2284.2     
   11300  -2276.8     
   11301  -2299.0     
   11302  -2291.6     
   11303  -2313.8     
   11304  -2306.4     
   11305  -2328.6     
   11306  -2321.2     
   11307  -2343.3     
   11308  -2336.0     
   11309  -2358.1     
   11310  -2350.7     
 
  ***** POST1 NODAL DEGREE OF FREEDOM LISTING *****                            
 
  LOAD STEP=     1  SUBSTEP=     1                                             
   TIME=    1.0000      LOAD CASE=   0                                         
 
    NODE       VOLT  
   11311  -2372.9     
   11312  -2365.5     
   11313  -2387.7     
   11314  -2380.3     
   11315  -2402.5     
   11316  -2395.1     
   11317  -2417.3     
   11318  -2409.9     
   11319  -2432.1     
   11320  -2424.7     
   11321  -2446.9     
   11322  -2439.5     
   11323  -2461.7     
   11324  -2454.3     
   11325  -2476.5     
   11326  -2469.1     
   11327  -2491.3     
   11328  -2483.9     
   11329  -2506.1     
   11330  -2498.7     
   11331  -2520.9     
   11332  -2513.5     
   11333  -2535.6     
   11334  -2528.2     
   11335  -2550.4     
   11336  -2543.0     
   11337  -2565.2     
   11338  -2557.8     
   11339  -2580.0     
   11340  -2572.6     
   11341  -2594.8     
   11342  -2587.4     
   11343  -2609.6     
   11344  -2602.2     
   11345  -2624.4     
   11346  -2617.0     
   11347  -2639.2     
   11348  -2631.8     
   11349  -2654.0     
 
  ***** POST1 NODAL DEGREE OF FREEDOM LISTING *****                            
 
  LOAD STEP=     1  SUBSTEP=     1                                             
   TIME=    1.0000      LOAD CASE=   0                                         
 
    NODE       VOLT  
   11350  -2646.6     
   11351  -2668.8     
   11352  -2661.4     
   11353  -2683.6     
   11354  -2676.2     
   11355  -2698.4     
   11356  -2691.0     
   11357  -2713.2     
   11358  -2705.8     
   11359  -2727.9     
   11360  -2720.5     
   11361  -2742.7     
   11362  -2735.3     
   11363  -2757.5     
   11364  -2750.1     
   11365  -2772.3     
   11366  -2764.9     
   11367  -2787.1     
   11368  -2779.7     
   11369  -2801.9     
   11370  -2794.5     
   11371  -2816.7     
   11372  -2809.3     
   11373  -2831.5     
   11374  -2824.1     
   11375  -2846.3     
   11376  -2838.9     
   11377  -2861.1     
   11378  -2853.7     
   11379  -2875.9     
   11380  -2868.5     
   11381  -2890.7     
   11382  -2883.3     
   11383  -2905.4     
   11384  -2898.1     
   11385  -2920.2     
   11386  -2912.8     
   11387  -2935.0     
   11388  -2927.6     
 
  ***** POST1 NODAL DEGREE OF FREEDOM LISTING *****                            
 
  LOAD STEP=     1  SUBSTEP=     1                                             
   TIME=    1.0000      LOAD CASE=   0                                         
 
    NODE       VOLT  
   11389  -2949.8     
   11390  -2942.4     
   11391  -2964.6     
   11392  -2957.2     
   11393  -2979.4     
   11394  -2972.0     
   11395  -2994.2     
   11396  -2986.8     
   11397  -3009.0     
   11398  -3001.6     
   11399  -3023.8     
   11400  -3016.4     
   11401  -3038.6     
   11402  -3031.2     
   11403  -3053.4     
   11404  -3046.0     
   11405  -3068.2     
   11406  -3060.8     
   11407  -3083.0     
   11408  -3075.6     
   11409  -3097.7     
   11410  -3090.4     
   11411  -3112.5     
   11412  -3105.1     
   11413  -3127.3     
   11414  -3119.9     
   11415  -3142.1     
   11416  -3134.7     
   11417  -3156.9     
   11418  -3149.5     
   11419  -3171.7     
   11420  -3164.3     
   11421  -3186.5     
   11422  -3179.1     
   11423  -3201.3     
   11424  -3193.9     
   11425  -3216.1     
   11426  -3208.7     
   11427  -3230.9     
 
  ***** POST1 NODAL DEGREE OF FREEDOM LISTING *****                            
 
  LOAD STEP=     1  SUBSTEP=     1                                             
   TIME=    1.0000      LOAD CASE=   0                                         
 
    NODE       VOLT  
   11428  -3223.5     
   11429  -3245.7     
   11430  -3238.3     
   11431  -3260.5     
   11432  -3253.1     
   11433  -3275.3     
   11434  -3267.9     
   11435  -3290.0     
   11436  -3282.6     
   11437  -3304.8     
   11438  -3297.4     
   11439  -3319.6     
   11440  -3312.2     
   11441  -3334.4     
   11442  -3327.0     
   11443  -3349.2     
   11444  -3341.8     
   11445  -3364.0     
   11446  -3356.6     
   11447  -3378.8     
   11448  -3371.4     
   11449  -3386.2     
   11450  -3393.6     
   11451  -3401.0     
   11452  -3415.8     
   11453  -3408.4     
   11454  -3438.0     
   11455  -3430.6     
   11456  -3445.4     
   11457  -3452.8     
   11458  -3460.2     
   11459  -3467.6     
   11460  -3474.9     
   11461  -3489.7     
   11462  -3482.3     
   11463  -3511.9     
   11464  -3504.5     
   11465  -3526.7     
   11466  -3519.3     
 
  ***** POST1 NODAL DEGREE OF FREEDOM LISTING *****                            
 
  LOAD STEP=     1  SUBSTEP=     1                                             
   TIME=    1.0000      LOAD CASE=   0                                         
 
    NODE       VOLT  
   11467  -3541.5     
   11468  -3534.1     
   11469  -3548.9     
   11470  -3556.3     
   11471  -3563.7     
   11472  -3578.5     
   11473  -3571.1     
   11474  -3600.7     
   11475  -3608.1     
   11476  -3622.9     
   11477  -3615.5     
   11478  -3645.1     
   11479  -3637.7     
   11480  -3652.5     
   11481  -3659.8     
   11482  -3667.2     
   11483  -3674.6     
   11484  -294.17     
   11485  -309.40     
   11486  -324.62     
   11487  -1112.4     
   11488  -278.95     
   11489  -263.72     
   11490  -339.85     
   11491  -355.08     
   11492  -1119.8     
   11493  -1127.2     
   11494  -1105.0     
   11495  -1097.6     
   11496  -248.50     
   11497  -233.27     
   11498  -370.30     
   11499  -385.53     
   11500  -1134.6     
   11501  -1142.0     
   11502  -1090.2     
   11503  -1082.8     
   11504  -218.04     
   11505  -202.82     
 
  ***** POST1 NODAL DEGREE OF FREEDOM LISTING *****                            
 
  LOAD STEP=     1  SUBSTEP=     1                                             
   TIME=    1.0000      LOAD CASE=   0                                         
 
    NODE       VOLT  
   11506  -400.75     
   11507  -415.98     
   11508  -1149.4     
   11509  -1156.8     
   11510  -1075.5     
   11511  -1068.1     
   11512  -187.59     
   11513  -172.37     
   11514  -431.20     
   11515  -446.43     
   11516  -1164.2     
   11517  -1171.6     
   11518  -1060.7     
   11519  -1053.3     
   11520  -157.14     
   11521  -141.92     
   11522  -461.65     
   11523  -476.87     
   11524  -1179.0     
   11525  -1186.4     
   11526  -1045.9     
   11527  -1038.6     
   11528  -126.69     
   11529  -111.46     
   11530  -491.93     
   11531  -506.94     
   11532  -1193.8     
   11533  -1024.8     
   11534  -1031.2     
   11535  -520.61     
   11536  -52.203     
   11537  -65.391     
   11538  -96.239     
   11539  -83.051     
   11540  -533.83     
   11541  -1226.5     
   11542  -3682.0     
   11543  -1018.2     
   11544  -1201.2     
 
  ***** POST1 NODAL DEGREE OF FREEDOM LISTING *****                            
 
  LOAD STEP=     1  SUBSTEP=     1                                             
   TIME=    1.0000      LOAD CASE=   0                                         
 
    NODE       VOLT  
   11545  -1206.5     
   11546  -1213.9     
   11547  -1219.1     
   11548  -3689.4     
   11549  -545.40     
   11550  -21.751     
   11551  -556.03     
   11552  -1009.2     
   11553  -1013.1     
   11554  -565.34     
   11555  -1000.8     
   11556  -1003.7     
   11557  -583.79     
   11558  -589.42     
   11559  -593.57     
   11560  -587.60     
   11561  -990.57     
   11562  -982.24     
   11563  -996.78     
   11564  -981.94     
   11565  -622.01     
   11566  -611.18     
   11567  -993.96     
   11568  -994.65     
   11569  -599.22     
   11570  -601.58     
   11571  -917.70     
   11572  -987.71     
   11573  -991.26     
   11574  -747.95     
   11575  -693.69     
   11576  -710.02     
   11577  -815.31     
   11578  -839.27     
   11579  -853.47     
   11580  -804.57     
   11581  -814.64     
   11582  -789.76     
   11583  -754.34     
 
  ***** POST1 NODAL DEGREE OF FREEDOM LISTING *****                            
 
  LOAD STEP=     1  SUBSTEP=     1                                             
   TIME=    1.0000      LOAD CASE=   0                                         
 
    NODE       VOLT  
   11584  -752.77     
   11585  -996.30     
   11586  -995.65     
   11587  -600.45     
   11588  -861.55     
   11589  -880.15     
   11590  -895.44     
   11591  -964.66     
   11592  -918.32     
   11593  -939.09     
   11594  -973.93     
   11595  -604.80     
   11596  -609.27     
   11597  -602.68     
   11598  -621.26     
   11599  -711.27     
   11600  -727.58     
   11601  -646.34     
   11602  -707.48     
   11603  -669.08     
   11604  -684.28     
   11605  -903.54     
   11606  -600.67     
   11607  -600.62     
   11608  -698.25     
   11609  -640.82     
   11610  -659.76     
   11611  -997.41     
   11612  -962.63     
   11613  -613.71     
   11614  -992.79     
   11615  -992.67     
   11616  -719.04     
   11617  -740.39     
   11618  -860.91     
   11619  -881.74     
   11620  -646.79     
   11621  -950.78     
   11622  -983.39     
 
  ***** POST1 NODAL DEGREE OF FREEDOM LISTING *****                            
 
  LOAD STEP=     1  SUBSTEP=     1                                             
   TIME=    1.0000      LOAD CASE=   0                                         
 
    NODE       VOLT  
   11623  -996.77     
   11624  -966.18     
   11625  -983.30     
   11626  -617.94     
   11627  -631.06     
   11628  -998.38     
   11629  -995.26     
   11630  -996.16     
   11631  -600.57     
   11632  -600.76     
   11633  -601.10     
   11634  -999.13     
   11635  -997.13     
   11636  -998.10     
   11637  -999.02     
   11638  -998.70     
   11639  -998.95     
   11640  -689.54     
   11641  -911.74     
   11642  -602.27     
   11643  -997.27     
   11644  -998.13     
   11645  -603.38     
   11646  -605.77     
   11647  -988.86     
   11648  -992.98     
   11649  -658.89     
   11650  -672.05     
   11651  -929.39     
   11652  -942.22     
   11653  -929.98     
   11654  -672.32     
   11655  -987.33     
   11656  -606.32     
   11657  -996.08     
   11658  -997.80     
   11659  -998.28     
   11660  -601.18     
   11661  -995.02     
 
  ***** POST1 NODAL DEGREE OF FREEDOM LISTING *****                            
 
  LOAD STEP=     1  SUBSTEP=     1                                             
   TIME=    1.0000      LOAD CASE=   0                                         
 
    NODE       VOLT  
   11662  -626.55     
   11663  -970.84     
   11664  -877.55     
   11665  -724.13     
   11666  -961.03     
   11667  -649.72     
   11668  -692.98     
   11669  -730.02     
   11670  -607.34     
   11671  -910.90     
   11672  -780.01     
   11673  -829.53     
   11674  -990.46     
   11675  -590.78     
   11676  -600.29     
   11677  -10.876     
   11678  -3694.7     
   11679  -36.977     
   11680  -982.55     
   11681  -963.34     
   11682  -730.00     
   11683  -996.06     
   11684  -899.35     
   11685  -600.49     
   11686  -600.16     
   11687  -600.43     
   11688  -998.63     
   11689  -4.3502     
   11690  -999.29     
   11691  -600.17     
   11692  -3694.1     
   11693  -599.26     
   11694  -767.73     
   11695  -834.50     
   11696  -999.32     
   11697  -626.49     
   11698  -607.88     
   11699  -630.71     
   11700  -611.63     
 
  ***** POST1 NODAL DEGREE OF FREEDOM LISTING *****                            
 
  LOAD STEP=     1  SUBSTEP=     1                                             
   TIME=    1.0000      LOAD CASE=   0                                         
 
    NODE       VOLT  
   11701  -973.41     
   11702  -969.55     
   11703  -991.92     
   11704  -988.44     
   11705  -3690.3     
   11706  -3691.7     
   11707  -3697.0     
   11708  -3697.0     
   11709  -3690.3     
   11710  -3697.0     
   11711  -3691.8     
   11712  -3697.0     
   11713  -15.226     
   11714  -4.3502     
   11715  -15.226     
   11716  -4.3502     
   11717  -3655.2     
   11718  -3662.6     
   11719  -3640.4     
   11720  -3647.8     
   11721  -3625.6     
   11722  -3633.0     
   11723  -3610.8     
   11724  -3618.2     
   11725  -3596.0     
   11726  -3603.4     
   11727  -3581.2     
   11728  -3588.6     
   11729  -3566.4     
   11730  -3573.8     
   11731  -3551.6     
   11732  -3559.0     
   11733  -3536.8     
   11734  -3544.2     
   11735  -3522.1     
   11736  -3529.5     
   11737  -3507.3     
   11738  -3514.7     
   11739  -3492.5     
 
  ***** POST1 NODAL DEGREE OF FREEDOM LISTING *****                            
 
  LOAD STEP=     1  SUBSTEP=     1                                             
   TIME=    1.0000      LOAD CASE=   0                                         
 
    NODE       VOLT  
   11740  -3499.9     
   11741  -3477.7     
   11742  -3485.1     
   11743  -3462.9     
   11744  -3470.3     
   11745  -3448.1     
   11746  -3455.5     
   11747  -3433.3     
   11748  -3440.7     
   11749  -3418.5     
   11750  -3425.9     
   11751  -3403.7     
   11752  -3411.1     
   11753  -3388.9     
   11754  -3396.3     
   11755  -3374.1     
   11756  -3381.5     
   11757  -3359.3     
   11758  -3366.7     
   11759  -3344.5     
   11760  -3351.9     
   11761  -3329.8     
   11762  -3337.2     
   11763  -3315.0     
   11764  -3322.4     
   11765  -3300.2     
   11766  -3307.6     
   11767  -3285.4     
   11768  -3292.8     
   11769  -3270.6     
   11770  -3278.0     
   11771  -3255.8     
   11772  -3263.2     
   11773  -3241.0     
   11774  -3248.4     
   11775  -3226.2     
   11776  -3233.6     
   11777  -3211.4     
   11778  -3218.8     
 
  ***** POST1 NODAL DEGREE OF FREEDOM LISTING *****                            
 
  LOAD STEP=     1  SUBSTEP=     1                                             
   TIME=    1.0000      LOAD CASE=   0                                         
 
    NODE       VOLT  
   11779  -3196.6     
   11780  -3204.0     
   11781  -3181.8     
   11782  -3189.2     
   11783  -3167.0     
   11784  -3174.4     
   11785  -3152.3     
   11786  -3159.6     
   11787  -3137.5     
   11788  -3144.9     
   11789  -3122.7     
   11790  -3130.1     
   11791  -3107.9     
   11792  -3115.3     
   11793  -3093.1     
   11794  -3100.5     
   11795  -3078.3     
   11796  -3085.7     
   11797  -3063.5     
   11798  -3070.9     
   11799  -3048.7     
   11800  -3056.1     
   11801  -3033.9     
   11802  -3041.3     
   11803  -3019.1     
   11804  -3026.5     
   11805  -3004.3     
   11806  -3011.7     
   11807  -2989.5     
   11808  -2996.9     
   11809  -2974.7     
   11810  -2982.1     
   11811  -2960.0     
   11812  -2967.3     
   11813  -2945.2     
   11814  -2952.6     
   11815  -2930.4     
   11816  -2937.8     
   11817  -2915.6     
 
  ***** POST1 NODAL DEGREE OF FREEDOM LISTING *****                            
 
  LOAD STEP=     1  SUBSTEP=     1                                             
   TIME=    1.0000      LOAD CASE=   0                                         
 
    NODE       VOLT  
   11818  -2923.0     
   11819  -2900.8     
   11820  -2908.2     
   11821  -2886.0     
   11822  -2893.4     
   11823  -2871.2     
   11824  -2878.6     
   11825  -2856.4     
   11826  -2863.8     
   11827  -2841.6     
   11828  -2849.0     
   11829  -2826.8     
   11830  -2834.2     
   11831  -2812.0     
   11832  -2819.4     
   11833  -2797.2     
   11834  -2804.6     
   11835  -2782.4     
   11836  -2789.8     
   11837  -2767.7     
   11838  -2775.1     
   11839  -2752.9     
   11840  -2760.3     
   11841  -2738.1     
   11842  -2745.5     
   11843  -2723.3     
   11844  -2730.7     
   11845  -2708.5     
   11846  -2715.9     
   11847  -2693.7     
   11848  -2701.1     
   11849  -2678.9     
   11850  -2686.3     
   11851  -2664.1     
   11852  -2671.5     
   11853  -2649.3     
   11854  -2656.7     
   11855  -2634.5     
   11856  -2641.9     
 
  ***** POST1 NODAL DEGREE OF FREEDOM LISTING *****                            
 
  LOAD STEP=     1  SUBSTEP=     1                                             
   TIME=    1.0000      LOAD CASE=   0                                         
 
    NODE       VOLT  
   11857  -2619.7     
   11858  -2627.1     
   11859  -2604.9     
   11860  -2612.3     
   11861  -2590.1     
   11862  -2597.5     
   11863  -2575.4     
   11864  -2582.8     
   11865  -2560.6     
   11866  -2568.0     
   11867  -2545.8     
   11868  -2553.2     
   11869  -2531.0     
   11870  -2538.4     
   11871  -2516.2     
   11872  -2523.6     
   11873  -2501.4     
   11874  -2508.8     
   11875  -2486.6     
   11876  -2494.0     
   11877  -2471.8     
   11878  -2479.2     
   11879  -2457.0     
   11880  -2464.4     
   11881  -2442.2     
   11882  -2449.6     
   11883  -2427.4     
   11884  -2434.8     
   11885  -2412.6     
   11886  -2420.0     
   11887  -2397.9     
   11888  -2405.2     
   11889  -2383.1     
   11890  -2390.5     
   11891  -2368.3     
   11892  -2375.7     
   11893  -2353.5     
   11894  -2360.9     
   11895  -2338.7     
 
  ***** POST1 NODAL DEGREE OF FREEDOM LISTING *****                            
 
  LOAD STEP=     1  SUBSTEP=     1                                             
   TIME=    1.0000      LOAD CASE=   0                                         
 
    NODE       VOLT  
   11896  -2346.1     
   11897  -2323.9     
   11898  -2331.3     
   11899  -2309.1     
   11900  -2316.5     
   11901  -2294.3     
   11902  -2301.7     
   11903  -2279.5     
   11904  -2286.9     
   11905  -2264.7     
   11906  -2272.1     
   11907  -2249.9     
   11908  -2257.3     
   11909  -2235.1     
   11910  -2242.5     
   11911  -2220.3     
   11912  -2227.7     
   11913  -2205.6     
   11914  -2212.9     
   11915  -2190.8     
   11916  -2198.2     
   11917  -2176.0     
   11918  -2183.4     
   11919  -2161.2     
   11920  -2168.6     
   11921  -2146.4     
   11922  -2153.8     
   11923  -2131.6     
   11924  -2139.0     
   11925  -2116.8     
   11926  -2124.2     
   11927  -2102.0     
   11928  -2109.4     
   11929  -2087.2     
   11930  -2094.6     
   11931  -2072.4     
   11932  -2079.8     
   11933  -2057.6     
   11934  -2065.0     
 
  ***** POST1 NODAL DEGREE OF FREEDOM LISTING *****                            
 
  LOAD STEP=     1  SUBSTEP=     1                                             
   TIME=    1.0000      LOAD CASE=   0                                         
 
    NODE       VOLT  
   11935  -2042.8     
   11936  -2050.2     
   11937  -2028.0     
   11938  -2035.4     
   11939  -2013.3     
   11940  -2020.7     
   11941  -1998.5     
   11942  -2005.9     
   11943  -1983.7     
   11944  -1991.1     
   11945  -1968.9     
   11946  -1976.3     
   11947  -1954.1     
   11948  -1961.5     
   11949  -1939.3     
   11950  -1946.7     
   11951  -1924.5     
   11952  -1931.9     
   11953  -1909.7     
   11954  -1917.1     
   11955  -1894.9     
   11956  -1902.3     
   11957  -1880.1     
   11958  -1887.5     
   11959  -1865.3     
   11960  -1872.7     
   11961  -1850.5     
   11962  -1857.9     
   11963  -1835.7     
   11964  -1843.1     
   11965  -1821.0     
   11966  -1828.4     
   11967  -1806.2     
   11968  -1813.6     
   11969  -1791.4     
   11970  -1798.8     
   11971  -1776.6     
   11972  -1784.0     
   11973  -1761.8     
 
  ***** POST1 NODAL DEGREE OF FREEDOM LISTING *****                            
 
  LOAD STEP=     1  SUBSTEP=     1                                             
   TIME=    1.0000      LOAD CASE=   0                                         
 
    NODE       VOLT  
   11974  -1769.2     
   11975  -1747.0     
   11976  -1754.4     
   11977  -1732.2     
   11978  -1739.6     
   11979  -1717.4     
   11980  -1724.8     
   11981  -1702.6     
   11982  -1710.0     
   11983  -1687.8     
   11984  -1695.2     
   11985  -1673.0     
   11986  -1680.4     
   11987  -1658.2     
   11988  -1665.6     
   11989  -1643.5     
   11990  -1650.8     
   11991  -1628.7     
   11992  -1636.1     
   11993  -1613.9     
   11994  -1621.3     
   11995  -1599.1     
   11996  -1606.5     
   11997  -1584.3     
   11998  -1591.7     
   11999  -1569.5     
   12000  -1576.9     
   12001  -1554.7     
   12002  -1562.1     
   12003  -1539.9     
   12004  -1547.3     
   12005  -1525.1     
   12006  -1532.5     
   12007  -1510.3     
   12008  -1517.7     
   12009  -1495.5     
   12010  -1502.9     
   12011  -1480.7     
   12012  -1488.1     
 
  ***** POST1 NODAL DEGREE OF FREEDOM LISTING *****                            
 
  LOAD STEP=     1  SUBSTEP=     1                                             
   TIME=    1.0000      LOAD CASE=   0                                         
 
    NODE       VOLT  
   12013  -1465.9     
   12014  -1473.3     
   12015  -1451.2     
   12016  -1458.5     
   12017  -1436.4     
   12018  -1443.8     
   12019  -1421.6     
   12020  -1429.0     
   12021  -1406.8     
   12022  -1414.2     
   12023  -1392.0     
   12024  -1399.4     
   12025  -1377.2     
   12026  -1384.6     
   12027  -1362.4     
   12028  -1369.8     
   12029  -1347.6     
   12030  -1355.0     
   12031  -1332.8     
   12032  -1340.2     
   12033  -1318.0     
   12034  -1325.4     
   12035  -1303.2     
   12036  -1310.6     
   12037  -1288.4     
   12038  -1295.8     
   12039  -1273.6     
   12040  -1281.0     
   12041  -1258.9     
   12042  -1266.3     
   12043  -1244.1     
   12044  -1251.5     
   12045  -1229.3     
   12046  -1236.7     
   12047  -1221.9     
   12048  -1196.5     
   12049  -1181.7     
   12050  -1189.1     
   12051  -1166.9     
 
  ***** POST1 NODAL DEGREE OF FREEDOM LISTING *****                            
 
  LOAD STEP=     1  SUBSTEP=     1                                             
   TIME=    1.0000      LOAD CASE=   0                                         
 
    NODE       VOLT  
   12052  -1174.3     
   12053  -1152.1     
   12054  -1159.5     
   12055  -1137.4     
   12056  -1144.7     
   12057  -1122.6     
   12058  -1130.0     
   12059  -1107.8     
   12060  -1115.2     
   12061  -1093.0     
   12062  -1100.4     
   12063  -1078.2     
   12064  -1085.6     
   12065  -1063.4     
   12066  -1070.8     
   12067  -1048.7     
   12068  -1056.0     
   12069  -1041.4     
   12070  -85.088     
   12071  -67.428     
   12072  -21.751     
   12073  -511.19     
   12074  -496.18     
   12075  -480.95     
   12076  -465.73     
   12077  -450.51     
   12078  -435.28     
   12079  -420.05     
   12080  -404.83     
   12081  -389.60     
   12082  -374.38     
   12083  -359.15     
   12084  -343.93     
   12085  -328.70     
   12086  -313.47     
   12087  -298.25     
   12088  -283.02     
   12089  -267.80     
   12090  -252.57     
 
  ***** POST1 NODAL DEGREE OF FREEDOM LISTING *****                            
 
  LOAD STEP=     1  SUBSTEP=     1                                             
   TIME=    1.0000      LOAD CASE=   0                                         
 
    NODE       VOLT  
   12091  -237.35     
   12092  -222.12     
   12093  -206.89     
   12094  -191.67     
   12095  -176.44     
   12096  -161.22     
   12097  -145.99     
   12098  -130.77     
   12099  -115.54     
   12100  -100.31     
   12101  -52.203     
   12102  -3688.0     
   12103  -1034.4     
   12104  -3680.6     
   12105  -3681.9     
   12106  -3688.0     
   12107  -3670.0     
   12108  -3676.0     
   12109  -1028.0     
   12110  -526.41     
   12111  -1021.8     
   12112  -1203.9     
   12113  -1214.5     
   12114  -1209.2     
   12115  -1016.6     
   12116  -550.26     
   12117  -539.63     
   12118  -1011.5     
   12119  -571.51     
   12120  -563.50     
   12121  -1007.6     
   12122  -595.46     
   12123  -1003.9     
   12124  -1001.2     
   12125  -586.68     
   12126  -581.09     
   12127  -998.26     
   12128  -997.00     
   12129  -592.57     
 
  ***** POST1 NODAL DEGREE OF FREEDOM LISTING *****                            
 
  LOAD STEP=     1  SUBSTEP=     1                                             
   TIME=    1.0000      LOAD CASE=   0                                         
 
    NODE       VOLT  
   12130  -605.43     
   12131  -616.06     
   12132  -995.12     
   12133  -988.27     
   12134  -993.06     
   12135  -997.44     
   12136  -593.09     
   12137  -996.26     
   12138  -995.90     
   12139  -598.36     
   12140  -596.47     
   12141  -680.57     
   12142  -701.86     
   12143  -611.34     
   12144  -987.11     
   12145  -774.96     
   12146  -816.18     
   12147  -743.14     
   12148  -842.01     
   12149  -802.06     
   12150  -787.48     
   12151  -851.85     
   12152  -814.47     
   12153  -599.25     
   12154  -601.70     
   12155  -606.57     
   12156  -604.19     
   12157  -996.23     
   12158  -996.52     
   12159  -996.45     
   12160  -993.54     
   12161  -991.32     
   12162  -599.20     
   12163  -599.33     
   12164  -953.25     
   12165  -600.05     
   12166  -600.93     
   12167  -604.33     
   12168  -997.69     
 
  ***** POST1 NODAL DEGREE OF FREEDOM LISTING *****                            
 
  LOAD STEP=     1  SUBSTEP=     1                                             
   TIME=    1.0000      LOAD CASE=   0                                         
 
    NODE       VOLT  
   12169  -998.05     
   12170  -997.02     
   12171  -994.74     
   12172  -996.06     
   12173  -996.87     
   12174  -649.90     
   12175  -637.37     
   12176  -600.11     
   12177  -686.46     
   12178  -929.96     
   12179  -926.88     
   12180  -882.44     
   12181  -863.06     
   12182  -924.76     
   12183  -895.93     
   12184  -953.74     
   12185  -935.95     
   12186  -669.26     
   12187  -648.06     
   12188  -615.98     
   12189  -984.11     
   12190  -691.06     
   12191  -997.53     
   12192  -907.32     
   12193  -600.10     
   12194  -600.41     
   12195  -645.44     
   12196  -732.81     
   12197  -711.69     
   12198  -880.73     
   12199  -858.99     
   12200  -958.28     
   12201  -600.56     
   12202  -600.55     
   12203  -600.37     
   12204  -600.38     
   12205  -998.50     
   12206  -997.78     
   12207  -633.09     
 
  ***** POST1 NODAL DEGREE OF FREEDOM LISTING *****                            
 
  LOAD STEP=     1  SUBSTEP=     1                                             
   TIME=    1.0000      LOAD CASE=   0                                         
 
    NODE       VOLT  
   12208  -621.19     
   12209  -977.69     
   12210  -967.61     
   12211  -600.20     
   12212  -600.21     
   12213  -600.20     
   12214  -600.25     
   12215  -600.08     
   12216  -600.09     
   12217  -600.12     
   12218  -600.28     
   12219  -600.18     
   12220  -601.60     
   12221  -601.06     
   12222  -602.56     
   12223  -998.45     
   12224  -998.51     
   12225  -998.98     
   12226  -999.01     
   12227  -999.02     
   12228  -998.91     
   12229  -998.86     
   12230  -998.76     
   12231  -997.61     
   12232  -997.12     
   12233  -996.65     
   12234  -600.17     
   12235  -600.17     
   12236  -999.30     
   12237  -999.31     
   12238  -688.25     
   12239  -916.52     
   12240  -606.45     
   12241  -604.10     
   12242  -995.09     
   12243  -992.75     
   12244  -670.36     
   12245  -657.36     
   12246  -946.41     
 
  ***** POST1 NODAL DEGREE OF FREEDOM LISTING *****                            
 
  LOAD STEP=     1  SUBSTEP=     1                                             
   TIME=    1.0000      LOAD CASE=   0                                         
 
    NODE       VOLT  
   12247  -934.10     
   12248  -937.95     
   12249  -669.65     
   12250  -992.13     
   12251  -607.31     
   12252  -998.62     
   12253  -600.33     
   12254  -995.93     
   12255  -997.79     
   12256  -998.12     
   12257  -997.17     
   12258  -602.49     
   12259  -600.27     
   12260  -600.02     
   12261  -600.27     
   12262  -600.41     
   12263  -970.19     
   12264  -629.91     
   12265  -875.44     
   12266  -710.49     
   12267  -667.11     
   12268  -937.97     
   12269  -913.79     
   12270  -597.21     
   12271  -992.47     
   12272  -996.17     
   12273  -603.38     
   12274  -829.10     
   12275  -775.39     
   12276  -3686.5     
   12277  -8.7004     
   12278  -3694.1     
   12279  -3694.1     
   12280  -981.71     
   12281  -618.12     
   12282  -599.02     
   12283  -1000.5     
   12284  -1000.6     
   12285  -594.02     
 
  ***** POST1 NODAL DEGREE OF FREEDOM LISTING *****                            
 
  LOAD STEP=     1  SUBSTEP=     1                                             
   TIME=    1.0000      LOAD CASE=   0                                         
 
    NODE       VOLT  
   12286  -623.23     
   12287  -889.89     
   12288  -995.87     
   12289  -770.91     
   12290  -600.41     
   12291  -998.69     
   12292  -1110.2     
   12293  -1123.0     
   12294  -1115.6     
   12295  -999.28     
   12296  -600.20     
   12297  -3692.1     
   12298  -16.177     
   12299  -3593.3     
   12300  -1003.1     
   12301  -703.60     
   12302  -834.41     
   12303  -628.00     
   12304  -608.03     
   12305  -630.40     
   12306  -611.54     
   12307  -974.28     
   12308  -970.18     
   12309  -992.11     
   12310  -988.77     
   12311  -3695.5     
   12312  -3697.4     
   12313  -3692.1     
   12314  -3697.4     
   12315  -3692.8     
   12316  -3698.0     
   12317  -3698.0     
   12318  -9.3462     
   12319  -5.3018     
   12320  -16.177     
   12321  -5.3018     
   12322  -14.920     
   12323  -4.0443     
   12324  -4.0443     
 
  ***** POST1 NODAL DEGREE OF FREEDOM LISTING *****                            
 
  LOAD STEP=     1  SUBSTEP=     1                                             
   TIME=    1.0000      LOAD CASE=   0                                         
 
    NODE       VOLT  
   12325  -1130.4     
   12326  -3423.2     
   12327  -3497.1     
   12328  -3585.9     
   12329  -3630.3     
   12330  -3689.4     
   12331  -21.751     
   12332  -36.977     
   12333  -109.03     
   12334  -124.26     
   12335  -139.48     
   12336  -154.71     
   12337  -169.93     
   12338  -185.16     
   12339  -200.38     
   12340  -215.61     
   12341  -230.84     
   12342  -246.06     
   12343  -261.29     
   12344  -276.51     
   12345  -291.74     
   12346  -306.96     
   12347  -323.59     
   12348  -338.82     
   12349  -354.04     
   12350  -369.27     
   12351  -384.49     
   12352  -399.72     
   12353  -414.95     
   12354  -430.17     
   12355  -445.40     
   12356  -460.62     
   12357  -475.85     
   12358  -490.90     
   12359  -1038.4     
   12360  -1045.7     
   12361  -1053.1     
   12362  -1060.5     
   12363  -1067.9     
 
  ***** POST1 NODAL DEGREE OF FREEDOM LISTING *****                            
 
  LOAD STEP=     1  SUBSTEP=     1                                             
   TIME=    1.0000      LOAD CASE=   0                                         
 
    NODE       VOLT  
   12364  -1075.3     
   12365  -1082.7     
   12366  -1090.1     
   12367  -1137.8     
   12368  -1145.2     
   12369  -1152.6     
   12370  -1160.0     
   12371  -1167.4     
   12372  -1174.8     
   12373  -1182.2     
   12374  -1189.6     
   12375  -1197.0     
   12376  -1204.4     
   12377  -1211.7     
   12378  -1219.1     
   12379  -1226.5     
   12380  -1233.9     
   12381  -1241.3     
   12382  -1248.7     
   12383  -1256.1     
   12384  -1263.5     
   12385  -1270.9     
   12386  -1278.3     
   12387  -1285.7     
   12388  -1293.1     
   12389  -1300.5     
   12390  -1307.9     
   12391  -1315.3     
   12392  -1322.7     
   12393  -1330.1     
   12394  -1337.5     
   12395  -1344.9     
   12396  -1352.3     
   12397  -1359.7     
   12398  -1367.1     
   12399  -1374.5     
   12400  -1381.9     
   12401  -1389.3     
   12402  -1396.6     
 
  ***** POST1 NODAL DEGREE OF FREEDOM LISTING *****                            
 
  LOAD STEP=     1  SUBSTEP=     1                                             
   TIME=    1.0000      LOAD CASE=   0                                         
 
    NODE       VOLT  
   12403  -1404.0     
   12404  -1411.4     
   12405  -1418.8     
   12406  -1426.2     
   12407  -1433.6     
   12408  -1441.0     
   12409  -1448.4     
   12410  -1455.8     
   12411  -1463.2     
   12412  -1470.6     
   12413  -1478.0     
   12414  -1485.4     
   12415  -1492.8     
   12416  -1500.2     
   12417  -1507.6     
   12418  -1515.0     
   12419  -1522.4     
   12420  -1529.8     
   12421  -1537.2     
   12422  -1544.6     
   12423  -1552.0     
   12424  -1559.4     
   12425  -1566.8     
   12426  -1574.2     
   12427  -1581.6     
   12428  -1588.9     
   12429  -1596.3     
   12430  -1603.7     
   12431  -1611.1     
   12432  -1618.5     
   12433  -1625.9     
   12434  -1633.3     
   12435  -1640.7     
   12436  -1648.1     
   12437  -1655.5     
   12438  -1662.9     
   12439  -1670.3     
   12440  -1677.7     
   12441  -1685.1     
 
  ***** POST1 NODAL DEGREE OF FREEDOM LISTING *****                            
 
  LOAD STEP=     1  SUBSTEP=     1                                             
   TIME=    1.0000      LOAD CASE=   0                                         
 
    NODE       VOLT  
   12442  -1692.5     
   12443  -1699.9     
   12444  -1707.3     
   12445  -1714.7     
   12446  -1722.1     
   12447  -1729.5     
   12448  -1736.9     
   12449  -1744.3     
   12450  -1751.7     
   12451  -1759.1     
   12452  -1766.5     
   12453  -1773.8     
   12454  -1781.2     
   12455  -1788.6     
   12456  -1796.0     
   12457  -1803.4     
   12458  -1810.8     
   12459  -1818.2     
   12460  -1825.6     
   12461  -1833.0     
   12462  -1840.4     
   12463  -1847.8     
   12464  -1855.2     
   12465  -1862.6     
   12466  -1870.0     
   12467  -1877.4     
   12468  -1884.8     
   12469  -1892.2     
   12470  -1899.6     
   12471  -1907.0     
   12472  -1914.4     
   12473  -1921.8     
   12474  -1929.2     
   12475  -1936.6     
   12476  -1944.0     
   12477  -1951.4     
   12478  -1958.8     
   12479  -1966.1     
   12480  -1973.5     
 
  ***** POST1 NODAL DEGREE OF FREEDOM LISTING *****                            
 
  LOAD STEP=     1  SUBSTEP=     1                                             
   TIME=    1.0000      LOAD CASE=   0                                         
 
    NODE       VOLT  
   12481  -1980.9     
   12482  -1988.3     
   12483  -1995.7     
   12484  -2003.1     
   12485  -2010.5     
   12486  -2017.9     
   12487  -2025.3     
   12488  -2032.7     
   12489  -2040.1     
   12490  -2047.5     
   12491  -2054.9     
   12492  -2062.3     
   12493  -2069.7     
   12494  -2077.1     
   12495  -2084.5     
   12496  -2091.9     
   12497  -2099.3     
   12498  -2106.7     
   12499  -2114.1     
   12500  -2121.5     
   12501  -2128.9     
   12502  -2136.3     
   12503  -2143.7     
   12504  -2151.0     
   12505  -2158.4     
   12506  -2165.8     
   12507  -2173.2     
   12508  -2180.6     
   12509  -2188.0     
   12510  -2195.4     
   12511  -2202.8     
   12512  -2210.2     
   12513  -2217.6     
   12514  -2225.0     
   12515  -2232.4     
   12516  -2239.8     
   12517  -2247.2     
   12518  -2254.6     
   12519  -2262.0     
 
  ***** POST1 NODAL DEGREE OF FREEDOM LISTING *****                            
 
  LOAD STEP=     1  SUBSTEP=     1                                             
   TIME=    1.0000      LOAD CASE=   0                                         
 
    NODE       VOLT  
   12520  -2269.4     
   12521  -2276.8     
   12522  -2284.2     
   12523  -2291.6     
   12524  -2299.0     
   12525  -2306.4     
   12526  -2313.8     
   12527  -2321.2     
   12528  -2328.6     
   12529  -2336.0     
   12530  -2343.3     
   12531  -2350.7     
   12532  -2358.1     
   12533  -2365.5     
   12534  -2372.9     
   12535  -2380.3     
   12536  -2387.7     
   12537  -2395.1     
   12538  -2402.5     
   12539  -2409.9     
   12540  -2417.3     
   12541  -2424.7     
   12542  -2432.1     
   12543  -2439.5     
   12544  -2446.9     
   12545  -2454.3     
   12546  -2461.7     
   12547  -2469.1     
   12548  -2476.5     
   12549  -2483.9     
   12550  -2491.3     
   12551  -2498.7     
   12552  -2506.1     
   12553  -2513.5     
   12554  -2520.9     
   12555  -2528.2     
   12556  -2535.6     
   12557  -2543.0     
   12558  -2550.4     
 
  ***** POST1 NODAL DEGREE OF FREEDOM LISTING *****                            
 
  LOAD STEP=     1  SUBSTEP=     1                                             
   TIME=    1.0000      LOAD CASE=   0                                         
 
    NODE       VOLT  
   12559  -2557.8     
   12560  -2565.2     
   12561  -2572.6     
   12562  -2580.0     
   12563  -2587.4     
   12564  -2594.8     
   12565  -2602.2     
   12566  -2609.6     
   12567  -2617.0     
   12568  -2624.4     
   12569  -2631.8     
   12570  -2639.2     
   12571  -2646.6     
   12572  -2654.0     
   12573  -2661.4     
   12574  -2668.8     
   12575  -2676.2     
   12576  -2683.6     
   12577  -2691.0     
   12578  -2698.4     
   12579  -2705.8     
   12580  -2713.2     
   12581  -2720.5     
   12582  -2727.9     
   12583  -2735.3     
   12584  -2742.7     
   12585  -2750.1     
   12586  -2757.5     
   12587  -2764.9     
   12588  -2772.3     
   12589  -2779.7     
   12590  -2787.1     
   12591  -2794.5     
   12592  -2801.9     
   12593  -2809.3     
   12594  -2816.7     
   12595  -2824.1     
   12596  -2831.5     
   12597  -2838.9     
 
  ***** POST1 NODAL DEGREE OF FREEDOM LISTING *****                            
 
  LOAD STEP=     1  SUBSTEP=     1                                             
   TIME=    1.0000      LOAD CASE=   0                                         
 
    NODE       VOLT  
   12598  -2846.3     
   12599  -2853.7     
   12600  -2861.1     
   12601  -2868.5     
   12602  -2875.9     
   12603  -2883.3     
   12604  -2890.7     
   12605  -2898.1     
   12606  -2905.4     
   12607  -2912.8     
   12608  -2920.2     
   12609  -2927.6     
   12610  -2935.0     
   12611  -2942.4     
   12612  -2949.8     
   12613  -2957.2     
   12614  -2964.6     
   12615  -2972.0     
   12616  -2979.4     
   12617  -2986.8     
   12618  -2994.2     
   12619  -3001.6     
   12620  -3009.0     
   12621  -3016.4     
   12622  -3023.8     
   12623  -3031.2     
   12624  -3038.6     
   12625  -3046.0     
   12626  -3053.4     
   12627  -3060.8     
   12628  -3068.2     
   12629  -3075.6     
   12630  -3083.0     
   12631  -3090.4     
   12632  -3097.7     
   12633  -3105.1     
   12634  -3112.5     
   12635  -3119.9     
   12636  -3127.3     
 
  ***** POST1 NODAL DEGREE OF FREEDOM LISTING *****                            
 
  LOAD STEP=     1  SUBSTEP=     1                                             
   TIME=    1.0000      LOAD CASE=   0                                         
 
    NODE       VOLT  
   12637  -3134.7     
   12638  -3142.1     
   12639  -3149.5     
   12640  -3156.9     
   12641  -3164.3     
   12642  -3171.7     
   12643  -3179.1     
   12644  -3186.5     
   12645  -3193.9     
   12646  -3201.3     
   12647  -3208.7     
   12648  -3216.1     
   12649  -3223.5     
   12650  -3230.9     
   12651  -3238.3     
   12652  -3245.7     
   12653  -3253.1     
   12654  -3260.5     
   12655  -3267.9     
   12656  -3275.3     
   12657  -3282.6     
   12658  -3290.0     
   12659  -3297.4     
   12660  -3304.8     
   12661  -3312.2     
   12662  -3319.6     
   12663  -3327.0     
   12664  -3334.4     
   12665  -3341.8     
   12666  -3349.2     
   12667  -3356.6     
   12668  -3364.0     
   12669  -3371.4     
   12670  -3378.8     
   12671  -3386.2     
   12672  -3393.6     
   12673  -3401.0     
   12674  -3408.4     
   12675  -3415.8     
 
  ***** POST1 NODAL DEGREE OF FREEDOM LISTING *****                            
 
  LOAD STEP=     1  SUBSTEP=     1                                             
   TIME=    1.0000      LOAD CASE=   0                                         
 
    NODE       VOLT  
   12676  -3430.6     
   12677  -3438.0     
   12678  -3445.4     
   12679  -3452.8     
   12680  -3460.2     
   12681  -3467.6     
   12682  -3474.9     
   12683  -3482.3     
   12684  -3489.7     
   12685  -3504.5     
   12686  -3511.9     
   12687  -3519.3     
   12688  -3526.7     
   12689  -3534.1     
   12690  -3541.5     
   12691  -3548.9     
   12692  -3556.3     
   12693  -3563.7     
   12694  -3571.1     
   12695  -3578.5     
   12696  -3600.7     
   12697  -3608.1     
   12698  -3615.5     
   12699  -3622.9     
   12700  -3637.7     
   12701  -3645.1     
   12702  -3652.5     
   12703  -3659.8     
   12704  -3667.2     
   12705  -3674.6     
   12706  -3682.0     
   12707  -52.203     
   12708  -65.391     
   12709  -80.616     
   12710  -93.805     
   12711  -506.05     
   12712  -519.73     
   12713  -1031.0     
   12714  -1024.7     
 
  ***** POST1 NODAL DEGREE OF FREEDOM LISTING *****                            
 
  LOAD STEP=     1  SUBSTEP=     1                                             
   TIME=    1.0000      LOAD CASE=   0                                         
 
    NODE       VOLT  
   12715  -533.53     
   12716  -1102.8     
   12717  -1097.5     
   12718  -545.10     
   12719  -1014.8     
   12720  -1018.2     
   12721  -1005.0     
   12722  -1010.3     
   12723  -556.03     
   12724  -1009.7     
   12725  -1005.8     
   12726  -565.33     
   12727  -573.34     
   12728  -585.98     
   12729  -580.33     
   12730  -997.53     
   12731  -598.25     
   12732  -591.57     
   12733  -984.93     
   12734  -991.72     
   12735  -995.17     
   12736  -997.41     
   12737  -593.08     
   12738  -600.72     
   12739  -608.14     
   12740  -925.29     
   12741  -996.22     
   12742  -995.96     
   12743  -598.34     
   12744  -596.28     
   12745  -639.16     
   12746  -966.66     
   12747  -954.62     
   12748  -610.98     
   12749  -986.83     
   12750  -599.14     
   12751  -599.33     
   12752  -601.54     
   12753  -996.37     
 
  ***** POST1 NODAL DEGREE OF FREEDOM LISTING *****                            
 
  LOAD STEP=     1  SUBSTEP=     1                                             
   TIME=    1.0000      LOAD CASE=   0                                         
 
    NODE       VOLT  
   12754  -996.43     
   12755  -996.37     
   12756  -773.15     
   12757  -747.98     
   12758  -709.95     
   12759  -754.76     
   12760  -731.01     
   12761  -815.78     
   12762  -757.46     
   12763  -863.26     
   12764  -839.19     
   12765  -805.08     
   12766  -790.26     
   12767  -855.44     
   12768  -814.59     
   12769  -600.02     
   12770  -600.12     
   12771  -600.86     
   12772  -997.76     
   12773  -997.93     
   12774  -996.91     
   12775  -606.34     
   12776  -604.10     
   12777  -992.93     
   12778  -990.49     
   12779  -604.34     
   12780  -993.87     
   12781  -996.25     
   12782  -997.05     
   12783  -600.49     
   12784  -600.16     
   12785  -906.69     
   12786  -688.33     
   12787  -662.83     
   12788  -949.60     
   12789  -925.98     
   12790  -616.78     
   12791  -983.59     
   12792  -904.60     
 
  ***** POST1 NODAL DEGREE OF FREEDOM LISTING *****                            
 
  LOAD STEP=     1  SUBSTEP=     1                                             
   TIME=    1.0000      LOAD CASE=   0                                         
 
    NODE       VOLT  
   12793  -997.52     
   12794  -600.57     
   12795  -702.41     
   12796  -647.72     
   12797  -955.93     
   12798  -745.53     
   12799  -723.49     
   12800  -883.75     
   12801  -862.47     
   12802  -633.55     
   12803  -623.58     
   12804  -978.53     
   12805  -968.47     
   12806  -600.40     
   12807  -600.40     
   12808  -600.19     
   12809  -600.20     
   12810  -600.15     
   12811  -600.08     
   12812  -600.09     
   12813  -600.12     
   12814  -600.27     
   12815  -600.17     
   12816  -601.71     
   12817  -601.08     
   12818  -602.56     
   12819  -998.50     
   12820  -998.01     
   12821  -999.28     
   12822  -999.29     
   12823  -998.77     
   12824  -998.82     
   12825  -998.84     
   12826  -998.98     
   12827  -998.93     
   12828  -998.84     
   12829  -997.35     
   12830  -996.74     
   12831  -996.04     
 
  ***** POST1 NODAL DEGREE OF FREEDOM LISTING *****                            
 
  LOAD STEP=     1  SUBSTEP=     1                                             
   TIME=    1.0000      LOAD CASE=   0                                         
 
    NODE       VOLT  
   12832  -600.28     
   12833  -600.19     
   12834  -600.23     
   12835  -998.64     
   12836  -998.69     
   12837  -998.74     
   12838  -690.85     
   12839  -911.08     
   12840  -673.69     
   12841  -660.94     
   12842  -941.90     
   12843  -928.90     
   12844  -606.45     
   12845  -604.18     
   12846  -994.30     
   12847  -991.82     
   12848  -990.84     
   12849  -607.70     
   12850  -928.77     
   12851  -675.11     
   12852  -997.61     
   12853  -600.25     
   12854  -995.40     
   12855  -997.92     
   12856  -997.82     
   12857  -998.60     
   12858  -602.43     
   12859  -600.25     
   12860  -600.01     
   12861  -600.37     
   12862  -972.12     
   12863  -629.33     
   12864  -881.35     
   12865  -731.97     
   12866  -926.78     
   12867  -992.95     
   12868  -602.62     
   12869  -829.47     
   12870  -780.91     
 
  ***** POST1 NODAL DEGREE OF FREEDOM LISTING *****                            
 
  LOAD STEP=     1  SUBSTEP=     1                                             
   TIME=    1.0000      LOAD CASE=   0                                         
 
    NODE       VOLT  
   12871  -729.73     
   12872  -996.15     
   12873  -596.99     
   12874  -1007.0     
   12875  -8.0887     
   12876  -10.604     
   12877  -3696.1     
   12878  -3694.8     
   12879  -982.08     
   12880  -618.19     
   12881  -601.31     
   12882  -600.56     
   12883  -601.34     
   12884  -602.65     
   12885  -602.27     
   12886  -602.26     
   12887  -600.44     
   12888  -992.08     
   12889  -607.18     
   12890  -616.30     
   12891  -980.73     
   12892  -743.09     
   12893  -997.70     
   12894  -996.62     
   12895  -994.39     
   12896  -996.09     
   12897  -995.70     
   12898  -991.08     
   12899  -999.38     
   12900  -607.98     
   12901  -602.53     
   12902  -602.50     
   12903  -601.25     
   12904  -662.51     
   12905  -700.27     
   12906  -715.10     
   12907  -750.06     
   12908  -775.94     
   12909  -661.04     
 
  ***** POST1 NODAL DEGREE OF FREEDOM LISTING *****                            
 
  LOAD STEP=     1  SUBSTEP=     1                                             
   TIME=    1.0000      LOAD CASE=   0                                         
 
    NODE       VOLT  
   12910  -899.75     
   12911  -891.44     
   12912  -861.84     
   12913  -889.23     
   12914  -739.18     
   12915  -719.28     
   12916  -747.46     
   12917  -743.13     
   12918  -719.56     
   12919  -995.81     
   12920  -997.83     
   12921  -996.46     
   12922  -996.42     
   12923  -987.95     
   12924  -994.69     
   12925  -984.28     
   12926  -994.50     
   12927  -987.70     
   12928  -997.99     
   12929  -994.86     
   12930  -995.35     
   12931  -967.45     
   12932  -960.49     
   12933  -937.52     
   12934  -992.27     
   12935  -600.97     
   12936  -600.04     
   12937  -600.47     
   12938  -601.58     
   12939  -929.90     
   12940  -967.45     
   12941  -903.92     
   12942  -903.18     
   12943  -907.66     
   12944  -610.43     
   12945  -609.54     
   12946  -812.98     
   12947  -861.96     
   12948  -844.13     
 
  ***** POST1 NODAL DEGREE OF FREEDOM LISTING *****                            
 
  LOAD STEP=     1  SUBSTEP=     1                                             
   TIME=    1.0000      LOAD CASE=   0                                         
 
    NODE       VOLT  
   12949  -772.60     
   12950  -810.20     
   12951  -983.42     
   12952  -972.56     
   12953  -576.06     
   12954  -590.55     
   12955  -589.47     
   12956  -725.45     
   12957  -862.50     
   12958  -921.20     
   12959  -601.61     
   12960  -601.80     
   12961  -602.35     
   12962  -603.52     
   12963  -610.19     
   12964  -597.66     
   12965  -600.75     
   12966  -599.32     
   12967  -901.81     
   12968  -904.60     
   12969  -971.69     
   12970  -854.80     
   12971  -806.04     
   12972  -850.23     
   12973  -861.88     
   12974  -912.90     
   12975  -812.88     
   12976  -914.95     
   12977  -610.84     
   12978  -613.18     
   12979  -641.88     
   12980  -684.33     
   12981  -665.17     
   12982  -946.83     
   12983  -601.30     
   12984  -664.68     
   12985  -665.85     
   12986  -939.88     
   12987  -969.94     
 
  ***** POST1 NODAL DEGREE OF FREEDOM LISTING *****                            
 
  LOAD STEP=     1  SUBSTEP=     1                                             
   TIME=    1.0000      LOAD CASE=   0                                         
 
    NODE       VOLT  
   12988  -958.31     
   12989  -698.48     
   12990  -600.12     
   12991  -679.66     
   12992  -751.98     
   12993  -604.39     
   12994  -997.10     
   12995  -600.69     
   12996  -602.46     
   12997  -611.63     
   12998  -893.03     
   12999  -997.90     
   13000  -600.28     
   13001  -600.46     
   13002  -603.79     
   13003  -601.04     
   13004  -600.59     
   13005  -600.59     
   13006  -600.44     
   13007  -630.92     
   13008  -644.05     
   13009  -2190.5     
   13010  -600.86     
   13011  -600.36     
   13012  -600.64     
   13013  -600.49     
   13014  -600.29     
   13015  -600.68     
   13016  -601.36     
   13017  -600.69     
   13018  -600.84     
   13019  -600.51     
   13020  -600.83     
   13021  -601.04     
   13022  -601.86     
   13023  -606.91     
   13024  -614.78     
   13025  -605.04     
   13026  -601.40     
 
  ***** POST1 NODAL DEGREE OF FREEDOM LISTING *****                            
 
  LOAD STEP=     1  SUBSTEP=     1                                             
   TIME=    1.0000      LOAD CASE=   0                                         
 
    NODE       VOLT  
   13027  -601.34     
   13028  -600.40     
   13029  -600.95     
   13030  -601.66     
   13031  -600.31     
   13032  -600.24     
   13033  -600.79     
   13034  -600.91     
   13035  -600.40     
   13036  -600.24     
   13037  -600.22     
   13038  -600.21     
   13039  -996.49     
   13040  -996.80     
   13041  -996.25     
   13042  -600.34     
   13043  -600.27     
   13044  -606.26     
   13045  -606.41     
   13046  -613.77     
   13047  -615.46     
   13048  -611.04     
   13049  -602.16     
   13050  -1687.8     
   13051  -1680.4     
   13052  -969.32     
   13053  -966.98     
   13054  -975.99     
   13055  -991.09     
   13056  -982.40     
   13057  -984.07     
   13058  -976.77     
   13059  -990.03     
   13060  -969.03     
   13061  -737.24     
   13062  -752.04     
   13063  -728.56     
   13064  -725.36     
   13065  -720.72     
 
  ***** POST1 NODAL DEGREE OF FREEDOM LISTING *****                            
 
  LOAD STEP=     1  SUBSTEP=     1                                             
   TIME=    1.0000      LOAD CASE=   0                                         
 
    NODE       VOLT  
   13066  -744.51     
   13067  -997.03     
   13068  -997.41     
   13069  -998.05     
   13070  -998.93     
   13071  -998.12     
   13072  -998.98     
   13073  -998.75     
   13074  -998.81     
   13075  -998.88     
   13076  -998.98     
   13077  -998.93     
   13078  -998.88     
   13079  -998.97     
   13080  -1843.1     
   13081  -996.42     
   13082  -995.83     
   13083  -995.21     
   13084  -997.52     
   13085  -995.69     
   13086  -996.21     
   13087  -993.56     
   13088  -992.60     
   13089  -994.82     
   13090  -996.28     
   13091  -995.61     
   13092  -995.78     
   13093  -994.55     
   13094  -993.31     
   13095  -994.35     
   13096  -994.68     
   13097  -990.97     
   13098  -998.00     
   13099  -1001.0     
   13100  -998.98     
   13101  -997.83     
   13102  -999.39     
   13103  -996.22     
   13104  -995.90     
 
  ***** POST1 NODAL DEGREE OF FREEDOM LISTING *****                            
 
  LOAD STEP=     1  SUBSTEP=     1                                             
   TIME=    1.0000      LOAD CASE=   0                                         
 
    NODE       VOLT  
   13105  -997.21     
   13106  -997.13     
   13107  -604.68     
   13108  -604.84     
   13109  -608.34     
   13110  -606.36     
   13111  -606.32     
   13112  -603.13     
   13113  -603.35     
   13114  -618.96     
   13115  -623.62     
   13116  -604.77     
   13117  -602.14     
   13118  -604.82     
   13119  -603.00     
   13120  -604.87     
   13121  -602.92     
   13122  -601.72     
   13123  -602.16     
   13124  -602.51     
   13125  -601.76     
   13126  -602.18     
   13127  -602.32     
   13128  -600.78     
   13129  -602.35     
   13130  -689.37     
   13131  -684.25     
   13132  -710.15     
   13133  -718.79     
   13134  -690.55     
   13135  -707.79     
   13136  -737.30     
   13137  -731.69     
   13138  -723.55     
   13139  -741.05     
   13140  -730.01     
   13141  -746.79     
   13142  -748.15     
   13143  -766.04     
 
  ***** POST1 NODAL DEGREE OF FREEDOM LISTING *****                            
 
  LOAD STEP=     1  SUBSTEP=     1                                             
   TIME=    1.0000      LOAD CASE=   0                                         
 
    NODE       VOLT  
   13144  -748.38     
   13145  -745.04     
   13146  -763.34     
   13147  -778.50     
   13148  -736.58     
   13149  -686.08     
   13150  -668.69     
   13151  -695.47     
   13152  -662.57     
   13153  -669.82     
   13154  -723.38     
   13155  -679.74     
   13156  -722.85     
   13157  -694.50     
   13158  -715.70     
   13159  -1810.8     
   13160  -895.22     
   13161  -911.42     
   13162  -913.54     
   13163  -893.04     
   13164  -888.98     
   13165  -2432.1     
   13166  -845.54     
   13167  -867.98     
   13168  -857.64     
   13169  -2331.3     
   13170  -2323.9     
   13171  -888.15     
   13172  -901.73     
   13173  -875.02     
   13174  -882.00     
   13175  -877.16     
   13176  -912.18     
   13177  -920.05     
   13178  -729.13     
   13179  -733.35     
   13180  -743.50     
   13181  -741.39     
   13182  -731.97     
 
  ***** POST1 NODAL DEGREE OF FREEDOM LISTING *****                            
 
  LOAD STEP=     1  SUBSTEP=     1                                             
   TIME=    1.0000      LOAD CASE=   0                                         
 
    NODE       VOLT  
   13183  -745.18     
   13184  -735.28     
   13185  -739.68     
   13186  -724.44     
   13187  -729.25     
   13188  -720.16     
   13189  -732.33     
   13190  -721.42     
   13191  -731.83     
   13192  -2390.5     
   13193  -2383.1     
   13194  -755.91     
   13195  -754.50     
   13196  -736.61     
   13197  -721.61     
   13198  -725.87     
   13199  -997.73     
   13200  -997.30     
   13201  -996.65     
   13202  -998.78     
   13203  -998.69     
   13204  -995.44     
   13205  -996.08     
   13206  -998.62     
   13207  -998.44     
   13208  -995.09     
   13209  -999.05     
   13210  -997.92     
   13211  -997.06     
   13212  -996.84     
   13213  -998.03     
   13214  -996.51     
   13215  -998.89     
   13216  -992.62     
   13217  -990.24     
   13218  -989.10     
   13219  -994.32     
   13220  -993.38     
   13221  -998.70     
 
  ***** POST1 NODAL DEGREE OF FREEDOM LISTING *****                            
 
  LOAD STEP=     1  SUBSTEP=     1                                             
   TIME=    1.0000      LOAD CASE=   0                                         
 
    NODE       VOLT  
   13222  -994.33     
   13223  -991.81     
   13224  -992.57     
   13225  -995.82     
   13226  -995.70     
   13227  -993.03     
   13228  -991.79     
   13229  -988.39     
   13230  -988.78     
   13231  -994.33     
   13232  -991.94     
   13233  -991.03     
   13234  -995.27     
   13235  -997.01     
   13236  -994.57     
   13237  -996.83     
   13238  -996.18     
   13239  -997.71     
   13240  -997.04     
   13241  -997.34     
   13242  -996.69     
   13243  -1236.7     
   13244  -997.59     
   13245  -998.82     
   13246  -997.73     
   13247  -993.93     
   13248  -996.18     
   13249  -991.35     
   13250  -990.49     
   13251  -996.89     
   13252  -994.54     
   13253  -1251.5     
   13254  -994.50     
   13255  -991.47     
   13256  -995.80     
   13257  -996.33     
   13258  -992.76     
   13259  -996.27     
   13260  -998.77     
 
  ***** POST1 NODAL DEGREE OF FREEDOM LISTING *****                            
 
  LOAD STEP=     1  SUBSTEP=     1                                             
   TIME=    1.0000      LOAD CASE=   0                                         
 
    NODE       VOLT  
   13261  -993.28     
   13262  -1001.0     
   13263  -997.60     
   13264  -996.41     
   13265  -993.78     
   13266  -991.51     
   13267  -992.74     
   13268  -991.81     
   13269  -992.83     
   13270  -987.80     
   13271  -995.71     
   13272  -995.00     
   13273  -995.65     
   13274  -996.17     
   13275  -995.86     
   13276  -997.45     
   13277  -999.35     
   13278  -997.70     
   13279  -977.91     
   13280  -975.44     
   13281  -987.54     
   13282  -995.99     
   13283  -985.96     
   13284  -990.19     
   13285  -964.24     
   13286  -962.93     
   13287  -962.23     
   13288  -978.98     
   13289  -976.49     
   13290  -978.98     
   13291  -945.53     
   13292  -940.82     
   13293  -954.33     
   13294  -948.30     
   13295  -930.09     
   13296  -972.96     
   13297  -985.44     
   13298  -1221.9     
   13299  -1229.3     
 
  ***** POST1 NODAL DEGREE OF FREEDOM LISTING *****                            
 
  LOAD STEP=     1  SUBSTEP=     1                                             
   TIME=    1.0000      LOAD CASE=   0                                         
 
    NODE       VOLT  
   13300  -977.47     
   13301  -994.53     
   13302  -982.96     
   13303  -978.29     
   13304  -993.46     
   13305  -2375.7     
   13306  -2397.9     
   13307  -600.40     
   13308  -600.31     
   13309  -600.35     
   13310  -600.42     
   13311  -600.69     
   13312  -600.22     
   13313  -600.26     
   13314  -600.35     
   13315  -600.33     
   13316  -600.69     
   13317  -600.47     
   13318  -600.40     
   13319  -600.17     
   13320  -600.21     
   13321  -600.15     
   13322  -600.09     
   13323  -600.11     
   13324  -600.11     
   13325  -599.98     
   13326  -600.89     
   13327  -600.50     
   13328  -600.33     
   13329  -600.62     
   13330  -950.08     
   13331  -963.52     
   13332  -942.65     
   13333  -942.86     
   13334  -964.31     
   13335  -917.51     
   13336  -903.14     
   13337  -915.65     
   13338  -909.22     
 
  ***** POST1 NODAL DEGREE OF FREEDOM LISTING *****                            
 
  LOAD STEP=     1  SUBSTEP=     1                                             
   TIME=    1.0000      LOAD CASE=   0                                         
 
    NODE       VOLT  
   13339  -896.00     
   13340  -895.58     
   13341  -920.08     
   13342  -910.52     
   13343  -918.85     
   13344  -897.86     
   13345  -904.27     
   13346  -919.34     
   13347  -926.99     
   13348  -913.22     
   13349  -920.02     
   13350  -932.11     
   13351  -906.44     
   13352  -618.47     
   13353  -631.88     
   13354  -616.43     
   13355  -617.26     
   13356  -633.11     
   13357  -610.98     
   13358  -609.58     
   13359  -607.49     
   13360  -604.47     
   13361  -607.19     
   13362  -602.75     
   13363  -605.13     
   13364  -609.62     
   13365  -617.29     
   13366  -608.46     
   13367  -617.71     
   13368  -607.33     
   13369  -617.68     
   13370  -603.99     
   13371  -605.48     
   13372  -604.59     
   13373  -1186.4     
   13374  -837.04     
   13375  -847.21     
   13376  -821.70     
   13377  -820.70     
 
  ***** POST1 NODAL DEGREE OF FREEDOM LISTING *****                            
 
  LOAD STEP=     1  SUBSTEP=     1                                             
   TIME=    1.0000      LOAD CASE=   0                                         
 
    NODE       VOLT  
   13378  -846.15     
   13379  -837.85     
   13380  -828.33     
   13381  -806.43     
   13382  -821.44     
   13383  -806.38     
   13384  -786.40     
   13385  -792.90     
   13386  -794.04     
   13387  -787.56     
   13388  -774.02     
   13389  -786.58     
   13390  -811.60     
   13391  -791.53     
   13392  -805.13     
   13393  -837.94     
   13394  -818.68     
   13395  -836.33     
   13396  -792.64     
   13397  -995.67     
   13398  -996.08     
   13399  -995.08     
   13400  -994.87     
   13401  -995.18     
   13402  -996.76     
   13403  -996.05     
   13404  -991.36     
   13405  -994.01     
   13406  -996.95     
   13407  -995.82     
   13408  -997.00     
   13409  -994.96     
   13410  -996.47     
   13411  -995.47     
   13412  -995.01     
   13413  -996.72     
   13414  -996.09     
   13415  -995.96     
   13416  -996.68     
 
  ***** POST1 NODAL DEGREE OF FREEDOM LISTING *****                            
 
  LOAD STEP=     1  SUBSTEP=     1                                             
   TIME=    1.0000      LOAD CASE=   0                                         
 
    NODE       VOLT  
   13417  -992.75     
   13418  -991.19     
   13419  -2908.2     
   13420  -2900.8     
   13421  -995.63     
   13422  -996.56     
   13423  -993.76     
   13424  -997.05     
   13425  -987.91     
   13426  -997.92     
   13427  -998.67     
   13428  -997.11     
   13429  -997.85     
   13430  -998.63     
   13431  -997.99     
   13432  -998.64     
   13433  -996.26     
   13434  -996.46     
   13435  -997.56     
   13436  -999.28     
   13437  -997.45     
   13438  -999.25     
   13439  -998.04     
   13440  -985.16     
   13441  -977.24     
   13442  -986.61     
   13443  -988.48     
   13444  -2989.5     
   13445  -2996.9     
   13446  -2841.6     
   13447  -2834.2     
   13448  -983.76     
   13449  -981.72     
   13450  -977.49     
   13451  -987.34     
   13452  -561.10     
   13453  -568.59     
   13454  -568.59     
   13455  -572.84     
 
  ***** POST1 NODAL DEGREE OF FREEDOM LISTING *****                            
 
  LOAD STEP=     1  SUBSTEP=     1                                             
   TIME=    1.0000      LOAD CASE=   0                                         
 
    NODE       VOLT  
   13456  -576.59     
   13457  -579.91     
   13458  -587.58     
   13459  -583.28     
   13460  -582.83     
   13461  -586.74     
   13462  -589.91     
   13463  -583.35     
   13464  -576.59     
   13465  -570.99     
   13466  -998.52     
   13467  -998.80     
   13468  -998.93     
   13469  -998.09     
   13470  -997.69     
   13471  -996.37     
   13472  -997.71     
   13473  -998.46     
   13474  -998.55     
   13475  -997.92     
   13476  -998.61     
   13477  -998.27     
   13478  -998.36     
   13479  -991.93     
   13480  -994.15     
   13481  -993.92     
   13482  -995.03     
   13483  -995.65     
   13484  -991.31     
   13485  -984.12     
   13486  -991.36     
   13487  -1005.8     
   13488  -1003.0     
   13489  -1008.8     
   13490  -1005.1     
   13491  -2967.3     
   13492  -994.66     
   13493  -996.22     
   13494  -1244.1     
 
  ***** POST1 NODAL DEGREE OF FREEDOM LISTING *****                            
 
  LOAD STEP=     1  SUBSTEP=     1                                             
   TIME=    1.0000      LOAD CASE=   0                                         
 
    NODE       VOLT  
   13495  -1003.1     
   13496  -761.36     
   13497  -774.60     
   13498  -761.83     
   13499  -776.17     
   13500  -788.09     
   13501  -764.22     
   13502  -751.93     
   13503  -737.92     
   13504  -724.43     
   13505  -759.94     
   13506  -746.94     
   13507  -751.22     
   13508  -773.02     
   13509  -853.25     
   13510  -826.86     
   13511  -837.07     
   13512  -845.97     
   13513  -820.62     
   13514  -833.13     
   13515  -821.04     
   13516  -861.85     
   13517  -852.97     
   13518  -894.40     
   13519  -905.98     
   13520  -881.79     
   13521  -868.19     
   13522  -875.78     
   13523  -846.96     
   13524  -820.08     
   13525  -835.46     
   13526  -853.15     
   13527  -837.53     
   13528  -845.93     
   13529  -843.83     
   13530  -864.78     
   13531  -851.96     
   13532  -874.77     
   13533  -892.34     
 
  ***** POST1 NODAL DEGREE OF FREEDOM LISTING *****                            
 
  LOAD STEP=     1  SUBSTEP=     1                                             
   TIME=    1.0000      LOAD CASE=   0                                         
 
    NODE       VOLT  
   13534  -911.57     
   13535  -882.60     
   13536  -877.87     
   13537  -905.08     
   13538  -896.45     
   13539  -869.05     
   13540  -861.45     
   13541  -903.25     
   13542  -888.69     
   13543  -601.77     
   13544  -600.64     
   13545  -600.66     
   13546  -600.65     
   13547  -600.62     
   13548  -600.31     
   13549  -600.79     
   13550  -600.80     
   13551  -601.31     
   13552  -601.21     
   13553  -600.73     
   13554  -600.90     
   13555  -601.05     
   13556  -600.56     
   13557  -600.21     
   13558  -600.66     
   13559  -600.54     
   13560  -600.19     
   13561  -600.75     
   13562  -600.35     
   13563  -602.23     
   13564  -600.75     
   13565  -603.60     
   13566  -604.51     
   13567  -602.58     
   13568  -601.39     
   13569  -601.74     
   13570  -602.55     
   13571  -601.00     
   13572  -599.48     
 
  ***** POST1 NODAL DEGREE OF FREEDOM LISTING *****                            
 
  LOAD STEP=     1  SUBSTEP=     1                                             
   TIME=    1.0000      LOAD CASE=   0                                         
 
    NODE       VOLT  
   13573  -600.27     
   13574  -599.18     
   13575  -604.94     
   13576  -607.01     
   13577  -603.55     
   13578  -600.12     
   13579  -599.51     
   13580  -605.27     
   13581  -609.89     
   13582  -610.17     
   13583  -1278.3     
   13584  -600.56     
   13585  -600.39     
   13586  -599.72     
   13587  -597.09     
   13588  -599.52     
   13589  -594.32     
   13590  -595.47     
   13591  -599.52     
   13592  -601.07     
   13593  -597.69     
   13594  -603.60     
   13595  -604.74     
   13596  -600.34     
   13597  -603.26     
   13598  -600.33     
   13599  -597.59     
   13600  -596.44     
   13601  -598.61     
   13602  -1214.5     
   13603  -1207.1     
   13604  -595.58     
   13605  -598.56     
   13606  -594.09     
   13607  -598.54     
   13608  -595.99     
   13609  -594.54     
   13610  -592.99     
   13611  -589.40     
 
  ***** POST1 NODAL DEGREE OF FREEDOM LISTING *****                            
 
  LOAD STEP=     1  SUBSTEP=     1                                             
   TIME=    1.0000      LOAD CASE=   0                                         
 
    NODE       VOLT  
   13612  -989.43     
   13613  -988.46     
   13614  -988.18     
   13615  -992.84     
   13616  -987.95     
   13617  -995.14     
   13618  -3004.3     
   13619  -996.52     
   13620  -995.19     
   13621  -2952.6     
   13622  -2960.0     
   13623  -920.01     
   13624  -914.56     
   13625  -909.94     
   13626  -890.68     
   13627  -932.47     
   13628  -916.23     
   13629  -922.64     
   13630  -891.79     
   13631  -965.53     
   13632  -981.55     
   13633  -981.51     
   13634  -983.07     
   13635  -968.39     
   13636  -964.77     
   13637  -982.22     
   13638  -966.28     
   13639  -952.66     
   13640  -964.03     
   13641  -841.79     
   13642  -829.70     
   13643  -817.50     
   13644  -839.97     
   13645  -852.41     
   13646  -828.16     
   13647  -855.86     
   13648  -886.67     
   13649  -882.29     
   13650  -881.90     
 
  ***** POST1 NODAL DEGREE OF FREEDOM LISTING *****                            
 
  LOAD STEP=     1  SUBSTEP=     1                                             
   TIME=    1.0000      LOAD CASE=   0                                         
 
    NODE       VOLT  
   13651  -887.05     
   13652  -911.04     
   13653  -809.45     
   13654  -833.38     
   13655  -838.12     
   13656  -833.92     
   13657  -858.28     
   13658  -827.89     
   13659  -849.12     
   13660  -854.63     
   13661  -885.87     
   13662  -866.08     
   13663  -865.61     
   13664  -865.90     
   13665  -856.20     
   13666  -876.50     
   13667  -877.26     
   13668  -873.41     
   13669  -882.34     
   13670  -793.54     
   13671  -791.22     
   13672  -767.34     
   13673  -817.44     
   13674  -845.91     
   13675  -821.16     
   13676  -785.48     
   13677  -878.92     
   13678  -863.67     
   13679  -889.82     
   13680  -907.76     
   13681  -884.76     
   13682  -896.74     
   13683  -871.18     
   13684  -881.20     
   13685  -897.56     
   13686  -860.67     
   13687  -872.04     
   13688  -850.54     
   13689  -925.84     
 
  ***** POST1 NODAL DEGREE OF FREEDOM LISTING *****                            
 
  LOAD STEP=     1  SUBSTEP=     1                                             
   TIME=    1.0000      LOAD CASE=   0                                         
 
    NODE       VOLT  
   13690  -942.54     
   13691  -923.27     
   13692  -913.31     
   13693  -939.57     
   13694  -906.94     
   13695  -655.19     
   13696  -653.18     
   13697  -666.14     
   13698  -667.03     
   13699  -636.18     
   13700  -624.92     
   13701  -618.99     
   13702  -644.74     
   13703  -639.08     
   13704  -612.76     
   13705  -625.65     
   13706  -619.12     
   13707  -624.24     
   13708  -627.90     
   13709  -640.04     
   13710  -659.50     
   13711  -665.63     
   13712  -644.62     
   13713  -661.11     
   13714  -647.33     
   13715  -689.74     
   13716  -692.59     
   13717  -673.08     
   13718  -663.59     
   13719  -684.39     
   13720  -676.14     
   13721  -3425.9     
   13722  -3418.5     
   13723  -950.29     
   13724  -939.51     
   13725  -941.75     
   13726  -950.11     
   13727  -905.37     
   13728  -881.90     
 
  ***** POST1 NODAL DEGREE OF FREEDOM LISTING *****                            
 
  LOAD STEP=     1  SUBSTEP=     1                                             
   TIME=    1.0000      LOAD CASE=   0                                         
 
    NODE       VOLT  
   13729  -867.76     
   13730  -890.31     
   13731  -887.99     
   13732  -884.57     
   13733  -887.64     
   13734  -877.83     
   13735  -862.55     
   13736  -910.19     
   13737  -909.47     
   13738  -888.58     
   13739  -930.43     
   13740  -928.56     
   13741  -601.00     
   13742  -600.80     
   13743  -600.76     
   13744  -600.49     
   13745  -600.55     
   13746  -600.47     
   13747  -600.32     
   13748  -600.40     
   13749  -601.58     
   13750  -600.63     
   13751  -603.18     
   13752  -602.67     
   13753  -600.46     
   13754  -605.13     
   13755  -624.80     
   13756  -618.39     
   13757  -642.55     
   13758  -653.04     
   13759  -634.63     
   13760  -633.80     
   13761  -653.46     
   13762  -618.34     
   13763  -665.74     
   13764  -688.61     
   13765  -681.83     
   13766  -673.15     
   13767  -655.69     
 
  ***** POST1 NODAL DEGREE OF FREEDOM LISTING *****                            
 
  LOAD STEP=     1  SUBSTEP=     1                                             
   TIME=    1.0000      LOAD CASE=   0                                         
 
    NODE       VOLT  
   13768  -668.59     
   13769  -689.18     
   13770  -689.91     
   13771  -669.30     
   13772  -699.62     
   13773  -699.20     
   13774  -672.37     
   13775  -703.19     
   13776  -705.73     
   13777  -702.88     
   13778  -679.48     
   13779  -689.69     
   13780  -677.02     
   13781  -673.62     
   13782  -692.40     
   13783  -709.79     
   13784  -955.75     
   13785  -968.69     
   13786  -957.90     
   13787  -955.24     
   13788  -969.40     
   13789  -966.79     
   13790  -947.39     
   13791  -930.96     
   13792  -949.15     
   13793  -937.84     
   13794  -947.03     
   13795  -965.81     
   13796  -934.18     
   13797  -903.68     
   13798  -914.32     
   13799  -922.97     
   13800  -949.76     
   13801  -962.38     
   13802  -943.60     
   13803  -936.25     
   13804  -929.98     
   13805  -933.28     
   13806  -924.63     
 
  ***** POST1 NODAL DEGREE OF FREEDOM LISTING *****                            
 
  LOAD STEP=     1  SUBSTEP=     1                                             
   TIME=    1.0000      LOAD CASE=   0                                         
 
    NODE       VOLT  
   13807  -665.69     
   13808  -687.29     
   13809  -668.21     
   13810  -667.15     
   13811  -3556.3     
   13812  -654.73     
   13813  -655.36     
   13814  -636.02     
   13815  -619.54     
   13816  -619.64     
   13817  -665.62     
   13818  -644.51     
   13819  -646.71     
   13820  -621.86     
   13821  -633.46     
   13822  -655.83     
   13823  -619.98     
   13824  -657.37     
   13825  -668.42     
   13826  -664.47     
   13827  -666.36     
   13828  -756.59     
   13829  -746.68     
   13830  -757.54     
   13831  -3499.9     
   13832  -3492.5     
   13833  -754.21     
   13834  -770.90     
   13835  -758.21     
   13836  -760.38     
   13837  -735.23     
   13838  -721.99     
   13839  -726.03     
   13840  -740.88     
   13841  -727.90     
   13842  -708.52     
   13843  -708.32     
   13844  -719.83     
   13845  -682.30     
 
  ***** POST1 NODAL DEGREE OF FREEDOM LISTING *****                            
 
  LOAD STEP=     1  SUBSTEP=     1                                             
   TIME=    1.0000      LOAD CASE=   0                                         
 
    NODE       VOLT  
   13846  -733.91     
   13847  -593.64     
   13848  -594.18     
   13849  -489.50     
   13850  -474.45     
   13851  -587.81     
   13852  -595.23     
   13853  -600.93     
   13854  -594.92     
   13855  -598.06     
   13856  -600.34     
   13857  -599.30     
   13858  -598.93     
   13859  -599.98     
   13860  -600.07     
   13861  -593.45     
   13862  -590.79     
   13863  -943.65     
   13864  -948.73     
   13865  -963.79     
   13866  -969.01     
   13867  -983.18     
   13868  -982.78     
   13869  -980.29     
   13870  -600.88     
   13871  -596.08     
   13872  -595.75     
   13873  -604.66     
   13874  -582.27     
   13875  -599.98     
   13876  -603.10     
   13877  -596.33     
   13878  -697.96     
   13879  -681.85     
   13880  -702.98     
   13881  -703.83     
   13882  -682.08     
   13883  -774.84     
   13884  -786.52     
 
  ***** POST1 NODAL DEGREE OF FREEDOM LISTING *****                            
 
  LOAD STEP=     1  SUBSTEP=     1                                             
   TIME=    1.0000      LOAD CASE=   0                                         
 
    NODE       VOLT  
   13885  -779.72     
   13886  -805.11     
   13887  -3541.5     
   13888  -748.98     
   13889  -747.51     
   13890  -775.58     
   13891  -774.48     
   13892  -673.27     
   13893  -679.02     
   13894  -772.45     
   13895  -745.24     
   13896  -829.25     
   13897  -826.96     
   13898  -814.46     
   13899  -806.36     
   13900  -786.58     
   13901  -934.28     
   13902  -913.72     
   13903  -916.27     
   13904  -902.86     
   13905  -895.58     
   13906  -894.52     
   13907  -872.07     
   13908  -806.34     
   13909  -803.08     
   13910  -794.50     
   13911  -788.07     
   13912  -533.62     
   13913  -518.40     
   13914  -863.38     
   13915  -866.13     
   13916  -788.12     
   13917  -802.99     
   13918  -779.51     
   13919  -764.09     
   13920  -776.14     
   13921  -796.85     
   13922  -823.96     
   13923  -832.85     
 
  ***** POST1 NODAL DEGREE OF FREEDOM LISTING *****                            
 
  LOAD STEP=     1  SUBSTEP=     1                                             
   TIME=    1.0000      LOAD CASE=   0                                         
 
    NODE       VOLT  
   13924  -933.02     
   13925  -923.17     
   13926  -3688.0     
   13927  -930.60     
   13928  -921.77     
   13929  -955.80     
   13930  -941.57     
   13931  -952.12     
   13932  -907.85     
   13933  -921.31     
   13934  -936.02     
   13935  -937.84     
   13936  -849.59     
   13937  -844.81     
   13938  -822.95     
   13939  -916.77     
   13940  -613.27     
   13941  -619.89     
   13942  -806.34     
   13943  -790.28     
   13944  -826.53     
   13945  -601.01     
   13946  -598.82     
   13947  -601.63     
   13948  -601.85     
   13949  -600.87     
   13950  -601.33     
   13951  -601.34     
   13952  -601.77     
   13953  -602.85     
   13954  -601.73     
   13955  -602.67     
   13956  -601.61     
   13957  -600.87     
   13958  -604.91     
   13959  -608.41     
   13960  -605.12     
   13961  -602.58     
   13962  -607.69     
 
  ***** POST1 NODAL DEGREE OF FREEDOM LISTING *****                            
 
  LOAD STEP=     1  SUBSTEP=     1                                             
   TIME=    1.0000      LOAD CASE=   0                                         
 
    NODE       VOLT  
   13963  -608.37     
   13964  -601.31     
   13965  -993.81     
   13966  -978.65     
   13967  -983.02     
   13968  -991.02     
   13969  -991.94     
   13970  -994.95     
   13971  -993.55     
   13972  -995.74     
   13973  -998.08     
   13974  -997.00     
   13975  -996.23     
   13976  -997.88     
   13977  -995.16     
   13978  -674.08     
   13979  -655.34     
   13980  -654.74     
   13981  -994.96     
   13982  -996.01     
   13983  -992.98     
   13984  -989.91     
   13985  -993.91     
   13986  -806.32     
   13987  -788.16     
   13988  -773.39     
   13989  -760.84     
   13990  -747.47     
   13991  -603.29     
   13992  -587.66     
   13993  -580.72     
   13994  -588.91     
   13995  -582.29     
   13996  -771.15     
   13997  -702.27     
   13998  -759.13     
   13999  -761.43     
   14000  -921.56     
   14001  -944.81     
 
  ***** POST1 NODAL DEGREE OF FREEDOM LISTING *****                            
 
  LOAD STEP=     1  SUBSTEP=     1                                             
   TIME=    1.0000      LOAD CASE=   0                                         
 
    NODE       VOLT  
   14002  -934.69     
   14003  -957.07     
   14004  -945.40     
   14005  -941.83     
   14006  -967.97     
   14007  -934.40     
   14008  -916.24     
   14009  -929.30     
   14010  -905.43     
   14011  -919.59     
   14012  -884.49     
   14013  -872.59     
   14014  -892.18     
   14015  -918.11     
   14016  -739.33     
   14017  -743.68     
   14018  -705.32     
   14019  -716.69     
   14020  -743.48     
   14021  -704.72     
   14022  -776.25     
   14023  -761.21     
   14024  -729.06     
   14025  -600.57     
   14026  -600.58     
   14027  -600.45     
   14028  -755.26     
   14029  -738.22     
   14030  -728.51     
   14031  -766.21     
   14032  -763.22     
   14033  -651.43     
   14034  -690.92     
   14035  -679.77     
   14036  -652.11     
   14037  -701.82     
   14038  -712.07     
   14039  -694.55     
   14040  -711.65     
 
  ***** POST1 NODAL DEGREE OF FREEDOM LISTING *****                            
 
  LOAD STEP=     1  SUBSTEP=     1                                             
   TIME=    1.0000      LOAD CASE=   0                                         
 
    NODE       VOLT  
   14041  -708.16     
   14042  -689.51     
   14043  -703.89     
   14044  -652.18     
   14045  -996.44     
   14046  -987.84     
   14047  -995.30     
   14048  -988.88     
   14049  -667.93     
   14050  -966.35     
   14051  -937.81     
   14052  -962.78     
   14053  -601.85     
   14054  -602.08     
   14055  -603.06     
   14056  -602.23     
   14057  -602.97     
   14058  -601.11     
   14059  -602.26     
   14060  -601.24     
   14061  -607.11     
   14062  -610.58     
   14063  -605.22     
   14064  -603.23     
   14065  -605.48     
   14066  -604.57     
   14067  -601.20     
   14068  -600.40     
   14069  -600.32     
   14070  -600.04     
   14071  -599.82     
   14072  -612.46     
   14073  -610.94     
   14074  -607.68     
   14075  -889.61     
   14076  -844.86     
   14077  -895.28     
   14078  -903.66     
   14079  -884.44     
 
  ***** POST1 NODAL DEGREE OF FREEDOM LISTING *****                            
 
  LOAD STEP=     1  SUBSTEP=     1                                             
   TIME=    1.0000      LOAD CASE=   0                                         
 
    NODE       VOLT  
   14080  -873.58     
   14081  -988.95     
   14082  -982.32     
   14083  -979.82     
   14084  -982.85     
   14085  -911.41     
   14086  -919.48     
   14087  -923.83     
   14088  -930.42     
   14089  -941.12     
   14090  -940.50     
   14091  -941.22     
   14092  -959.36     
   14093  -946.13     
   14094  -923.40     
   14095  -920.47     
   14096  -951.77     
   14097  -931.04     
   14098  -930.10     
   14099  -903.65     
   14100  -871.04     
   14101  -3100.5     
   14102  -862.43     
   14103  -842.87     
   14104  -861.82     
   14105  -882.57     
   14106  -894.57     
   14107  -826.57     
   14108  -814.61     
   14109  -816.41     
   14110  -789.81     
   14111  -735.58     
   14112  -736.00     
   14113  -759.55     
   14114  -759.26     
   14115  -705.35     
   14116  -695.60     
   14117  -705.01     
   14118  -716.50     
 
  ***** POST1 NODAL DEGREE OF FREEDOM LISTING *****                            
 
  LOAD STEP=     1  SUBSTEP=     1                                             
   TIME=    1.0000      LOAD CASE=   0                                         
 
    NODE       VOLT  
   14119  -695.77     
   14120  -670.34     
   14121  -736.88     
   14122  -714.56     
   14123  -843.71     
   14124  -826.53     
   14125  -901.16     
   14126  -907.40     
   14127  -903.71     
   14128  -889.63     
   14129  -881.30     
   14130  -873.06     
   14131  -903.55     
   14132  -923.82     
   14133  -915.83     
   14134  -934.51     
   14135  -779.08     
   14136  -996.72     
   14137  -999.01     
   14138  -997.88     
   14139  -997.76     
   14140  -998.99     
   14141  -997.98     
   14142  -998.03     
   14143  -997.18     
   14144  -998.79     
   14145  -997.92     
   14146  -997.68     
   14147  -995.96     
   14148  -998.81     
   14149  -998.96     
   14150  -998.08     
   14151  -998.85     
   14152  -995.56     
   14153  -998.95     
   14154  -998.03     
   14155  -998.95     
   14156  -998.97     
   14157  -998.92     
 
  ***** POST1 NODAL DEGREE OF FREEDOM LISTING *****                            
 
  LOAD STEP=     1  SUBSTEP=     1                                             
   TIME=    1.0000      LOAD CASE=   0                                         
 
    NODE       VOLT  
   14158  -997.90     
   14159  -997.37     
   14160  -998.02     
   14161  -600.28     
   14162  -600.61     
   14163  -600.26     
   14164  -600.22     
   14165  -600.43     
   14166  -600.28     
   14167  -600.46     
   14168  -600.16     
   14169  -600.31     
   14170  -600.42     
   14171  -600.20     
   14172  -600.11     
   14173  -600.16     
   14174  -600.14     
   14175  -600.20     
   14176  -600.32     
   14177  -600.21     
   14178  -600.15     
   14179  -600.12     
   14180  -965.61     
   14181  -966.53     
   14182  -934.88     
   14183  -945.44     
   14184  -602.73     
   14185  -600.88     
   14186  -600.18     
   14187  -600.45     
   14188  -600.34     
   14189  -601.96     
   14190  -605.63     
   14191  -606.51     
   14192  -606.60     
   14193  -601.30     
   14194  -604.58     
   14195  -604.25     
   14196  -609.70     
 
  ***** POST1 NODAL DEGREE OF FREEDOM LISTING *****                            
 
  LOAD STEP=     1  SUBSTEP=     1                                             
   TIME=    1.0000      LOAD CASE=   0                                         
 
    NODE       VOLT  
   14197  -600.24     
   14198  -600.22     
   14199  -600.59     
   14200  -600.76     
   14201  -602.02     
   14202  -776.40     
   14203  -791.71     
   14204  -790.38     
   14205  -756.88     
   14206  -958.49     
   14207  -967.97     
   14208  -978.31     
   14209  -967.24     
   14210  -980.41     
   14211  -981.35     
   14212  -963.27     
   14213  -977.65     
   14214  -982.44     
   14215  -682.91     
   14216  -715.37     
   14217  -602.59     
   14218  -612.02     
   14219  -606.69     
   14220  -621.80     
   14221  -998.53     
   14222  -998.68     
   14223  -998.85     
   14224  -998.92     
   14225  -993.18     
   14226  -995.44     
   14227  -984.35     
   14228  -998.69     
   14229  -998.10     
   14230  -996.89     
   14231  -997.44     
   14232  -995.73     
   14233  -996.21     
   14234  -990.67     
   14235  -601.71     
 
  ***** POST1 NODAL DEGREE OF FREEDOM LISTING *****                            
 
  LOAD STEP=     1  SUBSTEP=     1                                             
   TIME=    1.0000      LOAD CASE=   0                                         
 
    NODE       VOLT  
   14236  -602.27     
   14237  -607.48     
   14238  -600.45     
   14239  -600.66     
   14240  -605.59     
   14241  -612.56     
   14242  -603.33     
   14243  -608.03     
   14244  -601.88     
   14245  -600.95     
   14246  -703.41     
   14247  -667.68     
   14248  -643.14     
   14249  -697.61     
   14250  -789.87     
   14251  -793.05     
   14252  -716.38     
   14253  -730.70     
   14254  -601.28     
   14255  -601.04     
   14256  -601.64     
   14257  -600.75     
   14258  -602.29     
   14259  -601.91     
   14260  -600.98     
   14261  -603.07     
   14262  -600.66     
   14263  -600.28     
   14264  -600.36     
   14265  -600.41     
   14266  -600.31     
   14267  -600.75     
   14268  -600.81     
   14269  -601.21     
   14270  -601.36     
   14271  -601.81     
   14272  -601.15     
   14273  -602.76     
   14274  -601.21     
 
  ***** POST1 NODAL DEGREE OF FREEDOM LISTING *****                            
 
  LOAD STEP=     1  SUBSTEP=     1                                             
   TIME=    1.0000      LOAD CASE=   0                                         
 
    NODE       VOLT  
   14275  -600.48     
   14276  -600.35     
   14277  -959.32     
   14278  -930.69     
   14279  -996.67     
   14280  -997.21     
   14281  -600.37     
   14282  -600.40     
   14283  -600.62     
   14284  -600.30     
   14285  -600.31     
   14286  -600.81     
   14287  -600.50     
   14288  -600.42     
   14289  -600.59     
   14290  -600.65     
   14291  -600.36     
   14292  -600.35     
   14293  -600.28     
   14294  -600.27     
   14295  -600.94     
   14296  -600.45     
   14297  -600.46     
   14298  -600.29     
   14299  -600.27     
   14300  -600.47     
   14301  -600.54     
   14302  -600.64     
   14303  -600.55     
   14304  -600.85     
   14305  -600.65     
   14306  -600.80     
   14307  -602.44     
   14308  -600.43     
   14309  -600.52     
   14310  -600.53     
   14311  -602.34     
   14312  -605.13     
   14313  -601.65     
 
  ***** POST1 NODAL DEGREE OF FREEDOM LISTING *****                            
 
  LOAD STEP=     1  SUBSTEP=     1                                             
   TIME=    1.0000      LOAD CASE=   0                                         
 
    NODE       VOLT  
   14314  -967.40     
   14315  -958.12     
   14316  -968.14     
   14317  -619.71     
   14318  -619.01     
   14319  -610.80     
   14320  -610.49     
   14321  -618.83     
   14322  -602.43     
   14323  -605.88     
   14324  -603.31     
   14325  -634.63     
   14326  -609.47     
   14327  -647.91     
   14328  -620.24     
   14329  -606.01     
   14330  -611.49     
   14331  -604.15     
   14332  -605.75     
   14333  -627.86     
   14334  -609.79     
   14335  -602.67     
   14336  -917.59     
   14337  -628.26     
   14338  -637.35     
   14339  -600.54     
   14340  -600.54     
   14341  -600.32     
   14342  -600.40     
   14343  -600.60     
   14344  -601.07     
   14345  -600.71     
   14346  -600.79     
   14347  -603.64     
   14348  -602.93     
   14349  -600.91     
   14350  -602.37     
   14351  -604.35     
   14352  -601.37     
 
  ***** POST1 NODAL DEGREE OF FREEDOM LISTING *****                            
 
  LOAD STEP=     1  SUBSTEP=     1                                             
   TIME=    1.0000      LOAD CASE=   0                                         
 
    NODE       VOLT  
   14353  -612.80     
   14354  -626.33     
   14355  -625.96     
   14356  -607.80     
   14357  -604.59     
   14358  -610.67     
   14359  -608.65     
   14360  -603.27     
   14361  -604.57     
   14362  -604.58     
   14363  -606.44     
   14364  -607.15     
   14365  -603.65     
   14366  -624.56     
   14367  -618.75     
   14368  -627.78     
   14369  -638.59     
   14370  -614.59     
   14371  -610.78     
   14372  -639.77     
   14373  -624.55     
   14374  -630.69     
   14375  -654.49     
   14376  -658.20     
   14377  -642.78     
   14378  -632.26     
   14379  -644.39     
   14380  -623.19     
   14381  -621.99     
   14382  -644.20     
   14383  -622.87     
   14384  -644.62     
   14385  -606.58     
   14386  -612.38     
   14387  -606.62     
   14388  -604.33     
   14389  -606.51     
   14390  -602.11     
   14391  -622.59     
 
  ***** POST1 NODAL DEGREE OF FREEDOM LISTING *****                            
 
  LOAD STEP=     1  SUBSTEP=     1                                             
   TIME=    1.0000      LOAD CASE=   0                                         
 
    NODE       VOLT  
   14392  -613.90     
   14393  -612.65     
   14394  -630.48     
   14395  -610.60     
   14396  -618.56     
   14397  -612.11     
   14398  -618.29     
   14399  -608.82     
   14400  -603.47     
   14401  -607.14     
   14402  -976.12     
   14403  -987.40     
   14404  -968.60     
   14405  -992.44     
   14406  -996.24     
   14407  -994.36     
   14408  -5.4378     
   14409  -10.876     
   14410  -998.46     
   14411  -992.99     
   14412  -983.70     
   14413  -992.24     
   14414  -986.89     
   14415  -986.87     
   14416  -982.88     
   14417  -600.25     
   14418  -600.25     
   14419  -600.31     
   14420  -600.27     
   14421  -600.29     
   14422  -600.35     
   14423  -600.30     
   14424  -600.58     
   14425  -600.47     
   14426  -601.57     
   14427  -600.59     
   14428  -601.37     
   14429  -600.50     
   14430  -600.22     
 
  ***** POST1 NODAL DEGREE OF FREEDOM LISTING *****                            
 
  LOAD STEP=     1  SUBSTEP=     1                                             
   TIME=    1.0000      LOAD CASE=   0                                         
 
    NODE       VOLT  
   14431  -600.21     
   14432  -600.18     
   14433  -600.40     
   14434  -600.25     
   14435  -987.22     
   14436  -971.35     
   14437  -996.52     
   14438  -997.17     
   14439  -978.48     
   14440  -996.65     
   14441  -997.14     
   14442  -981.13     
   14443  -600.62     
   14444  -600.32     
   14445  -600.75     
   14446  -600.36     
   14447  -600.24     
   14448  -600.43     
   14449  -600.19     
   14450  -600.24     
   14451  -600.83     
   14452  -602.02     
   14453  -602.01     
   14454  -638.52     
   14455  -647.13     
   14456  -635.40     
   14457  -634.51     
   14458  -634.84     
   14459  -654.97     
   14460  -983.78     
   14461  -968.42     
   14462  -996.20     
   14463  -996.80     
   14464  -998.97     
   14465  -993.90     
   14466  -600.45     
   14467  -619.41     
   14468  -600.95     
   14469  -615.72     
 
  ***** POST1 NODAL DEGREE OF FREEDOM LISTING *****                            
 
  LOAD STEP=     1  SUBSTEP=     1                                             
   TIME=    1.0000      LOAD CASE=   0                                         
 
    NODE       VOLT  
   14470  -601.93     
   14471  -600.96     
   14472  -607.19     
   14473  -607.13     
   14474  -997.40     
   14475  -603.49     
   14476  -601.81     
   14477  -601.52     
   14478  -602.83     
   14479  -600.85     
   14480  -601.62     
   14481  -601.08     
   14482  -600.66     
   14483  -601.19     
   14484  -600.25     
   14485  -600.25     
   14486  -600.40     
   14487  -600.21     
   14488  -600.28     
   14489  -600.19     
   14490  -600.26     
   14491  -997.79     
   14492  -998.68     
   14493  -998.94     
   14494  -997.85     
   14495  -994.36     
   14496  -997.37     
   14497  -997.12     
   14498  -998.89     
   14499  -998.98     
   14500  -998.98     
   14501  -998.98     
   14502  -997.82     
   14503  -3090.4     
   14504  -3097.7     
   14505  -605.58     
   14506  -596.35     
   14507  -997.84     
   14508  -998.84     
 
  ***** POST1 NODAL DEGREE OF FREEDOM LISTING *****                            
 
  LOAD STEP=     1  SUBSTEP=     1                                             
   TIME=    1.0000      LOAD CASE=   0                                         
 
    NODE       VOLT  
   14509  -999.03     
   14510  -999.00     
   14511  -998.81     
   14512  -601.54     
   14513  -600.94     
   14514  -601.18     
   14515  -601.14     
   14516  -600.94     
   14517  -996.08     
   14518  -998.79     
   14519  -998.00     
   14520  -997.94     
   14521  -600.50     
   14522  -601.03     
   14523  -600.85     
   14524  -600.78     
   14525  -600.89     
   14526  -600.78     
   14527  -600.42     
   14528  -600.51     
   14529  -601.00     
   14530  -601.46     
   14531  -601.09     
   14532  -601.49     
   14533  -601.96     
   14534  -601.32     
   14535  -610.33     
   14536  -619.05     
   14537  -601.16     
   14538  -610.75     
   14539  -997.86     
   14540  -601.19     
   14541  -601.73     
   14542  -601.20     
   14543  -998.00     
   14544  -603.68     
   14545  -601.17     
   14546  -601.93     
   14547  -604.23     
 
  ***** POST1 NODAL DEGREE OF FREEDOM LISTING *****                            
 
  LOAD STEP=     1  SUBSTEP=     1                                             
   TIME=    1.0000      LOAD CASE=   0                                         
 
    NODE       VOLT  
   14548  -611.35     
   14549  -604.04     
   14550  -656.70     
   14551  -655.49     
   14552  -661.55     
   14553  -689.86     
   14554  -686.69     
   14555  -658.20     
   14556  -670.21     
   14557  -660.22     
   14558  -647.05     
   14559  -600.18     
   14560  -600.09     
   14561  -600.15     
   14562  -600.62     
   14563  -600.46     
   14564  -600.54     
   14565  -601.34     
   14566  -601.46     
   14567  -602.86     
   14568  -606.50     
   14569  -606.77     
   14570  -995.15     
   14571  -998.37     
   14572  -998.29     
   14573  -996.99     
   14574  -998.61     
   14575  -997.53     
   14576  -974.15     
   14577  -976.58     
   14578  -986.10     
   14579  -975.32     
   14580  -600.26     
   14581  -600.53     
   14582  -600.18     
   14583  -600.25     
   14584  -600.43     
   14585  -600.35     
   14586  -602.10     
 
  ***** POST1 NODAL DEGREE OF FREEDOM LISTING *****                            
 
  LOAD STEP=     1  SUBSTEP=     1                                             
   TIME=    1.0000      LOAD CASE=   0                                         
 
    NODE       VOLT  
   14587  -994.74     
   14588  -996.90     
   14589  -874.52     
   14590  -930.27     
   14591  -817.17     
   14592  -846.69     
   14593  -819.85     
   14594  -887.68     
   14595  -932.67     
   14596  -914.15     
   14597  -977.92     
   14598  -981.26     
   14599  -600.19     
   14600  -600.30     
   14601  -600.87     
   14602  -600.29     
   14603  -600.19     
   14604  -626.74     
   14605  -619.45     
   14606  -660.21     
   14607  -945.78     
   14608  -927.81     
   14609  -942.85     
   14610  -992.52     
   14611  -942.29     
   14612  -995.06     
   14613  -937.14     
   14614  -941.04     
   14615  -987.71     
   14616  -980.75     
   14617  -981.86     
   14618  -987.98     
   14619  -990.15     
   14620  -966.91     
   14621  -981.75     
   14622  -928.21     
   14623  -981.99     
   14624  -982.76     
   14625  -980.82     
 
  ***** POST1 NODAL DEGREE OF FREEDOM LISTING *****                            
 
  LOAD STEP=     1  SUBSTEP=     1                                             
   TIME=    1.0000      LOAD CASE=   0                                         
 
    NODE       VOLT  
   14626  -998.47     
   14627  -999.26     
   14628  -602.83     
   14629  -968.25     
   14630  -928.62     
   14631  -898.24     
   14632  -919.25     
   14633  -919.37     
   14634  -897.35     
   14635  -600.86     
   14636  -600.55     
   14637  -600.26     
   14638  -3115.3     
   14639  -3122.7     
   14640  -635.70     
   14641  -3130.1     
   14642  -600.80     
   14643  -602.38     
   14644  -600.84     
   14645  -992.51     
   14646  -993.96     
   14647  -981.00     
   14648  -981.93     
   14649  -998.73     
   14650  -995.16     
   14651  -998.63     
   14652  -948.24     
   14653  -968.34     
   14654  -973.69     
   14655  -958.73     
   14656  -974.28     
   14657  -603.48     
   14658  -600.33     
   14659  -982.32     
   14660  -995.90     
   14661  -972.16     
   14662  -975.15     
   14663  -985.43     
   14664  -990.80     
 
  ***** POST1 NODAL DEGREE OF FREEDOM LISTING *****                            
 
  LOAD STEP=     1  SUBSTEP=     1                                             
   TIME=    1.0000      LOAD CASE=   0                                         
 
    NODE       VOLT  
   14665  -991.31     
   14666  -685.50     
   14667  -685.52     
   14668  -629.35     
   14669  -618.50     
   14670  -998.14     
   14671  -997.31     
   14672  -998.90     
   14673  -998.91     
   14674  -998.97     
   14675  -998.97     
   14676  -998.96     
   14677  -998.05     
   14678  -997.24     
   14679  -995.36     
   14680  -993.98     
   14681  -993.67     
   14682  -992.01     
   14683  -628.73     
   14684  -633.05     
   14685  -618.27     
   14686  -623.60     
   14687  -976.92     
   14688  -995.63     
   14689  -600.23     
   14690  -600.37     
   14691  -3522.1     
   14692  -3529.5     
   14693  -2937.8     
   14694  -2945.2     
   14695  -2368.3     
   14696  -1791.4     
   14697  -1798.8     
   14698  -600.31     
   14699  -612.83     
   14700  -610.37     
   14701  -997.74     
   14702  -999.03     
   14703  -997.03     
 
  ***** POST1 NODAL DEGREE OF FREEDOM LISTING *****                            
 
  LOAD STEP=     1  SUBSTEP=     1                                             
   TIME=    1.0000      LOAD CASE=   0                                         
 
    NODE       VOLT  
   14704  -997.93     
   14705  -992.05     
   14706  -989.01     
   14707  -992.53     
   14708  -997.14     
   14709  -3514.7     
   14710  -2360.9     
   14711  -1784.0     
   14712  -600.14     
   14713  -600.09     
   14714  -600.10     
   14715  -2353.5     
   14716  -1776.6     
   14717  -1769.2     
   14718  -1192.3     
   14719  -1201.2     
   14720  -998.46     
   14721  -999.01     
   14722  -998.88     
   14723  -1074.0     
   14724  -1064.7     
   14725  -600.24     
   14726  -600.22     
   14727  -600.21     
   14728  -600.11     
   14729  -600.21     
   14730  -993.40     
   14731  -994.65     
   14732  -991.31     
   14733  -996.28     
   14734  -980.74     
   14735  -992.57     
   14736  -996.52     
   14737  -994.02     
   14738  -2923.0     
   14739  -2915.6     
   14740  -1162.7     
   14741  -999.17     
   14742  -999.27     
 
  ***** POST1 NODAL DEGREE OF FREEDOM LISTING *****                            
 
  LOAD STEP=     1  SUBSTEP=     1                                             
   TIME=    1.0000      LOAD CASE=   0                                         
 
    NODE       VOLT  
   14743  -999.32     
   14744  -3056.1     
   14745  -3048.7     
   14746  -661.03     
   14747  -619.78     
   14748  -600.20     
   14749  -981.29     
   14750  -992.81     
   14751  -998.76     
   14752  -998.88     
   14753  -998.54     
   14754  -998.74     
   14755  -998.95     
   14756  -998.91     
   14757  -550.17     
   14758  -600.30     
   14759  -600.25     
   14760  -981.32     
   14761  -982.78     
   14762  -932.73     
   14763  -981.54     
   14764  -998.82     
   14765  -991.61     
   14766  -932.53     
   14767  -600.52     
   14768  -603.29     
   14769  -2930.4     
   14770  -2346.1     
   14771  -2338.7     
   14772  -1761.8     
   14773  -998.95     
   14774  -998.87     
   14775  -3588.6     
   14776  -3581.2     
   14777  -600.33     
   14778  -982.38     
   14779  -981.67     
   14780  -3041.3     
   14781  -998.82     
 
  ***** POST1 NODAL DEGREE OF FREEDOM LISTING *****                            
 
  LOAD STEP=     1  SUBSTEP=     1                                             
   TIME=    1.0000      LOAD CASE=   0                                         
 
    NODE       VOLT  
   14782  -998.83     
   14783  -998.80     
   14784  -998.96     
   14785  -3337.2     
   14786  -3329.8     
   14787  -3322.4     
   14788  -2760.3     
   14789  -2752.9     
   14790  -2745.5     
   14791  -2168.6     
   14792  -944.20     
   14793  -989.63     
   14794  -987.55     
   14795  -600.36     
   14796  -600.41     
   14797  -600.35     
   14798  -600.30     
   14799  -601.95     
   14800  -3315.0     
   14801  -2153.8     
   14802  -2161.2     
   14803  -2185.6     
   14804  -2183.4     
   14805  -2188.3     
   14806  -2185.6     
   14807  -1599.1     
   14808  -1606.5     
   14809  -1009.7     
   14810  -1013.9     
   14811  -2893.4     
   14812  -2513.5     
   14813  -2520.9     
   14814  -2316.5     
   14815  -1754.4     
   14816  -1576.9     
   14817  -1584.3     
   14818  -1569.5     
   14819  -1591.7     
   14820  -2151.0     
 
  ***** POST1 NODAL DEGREE OF FREEDOM LISTING *****                            
 
  LOAD STEP=     1  SUBSTEP=     1                                             
   TIME=    1.0000      LOAD CASE=   0                                         
 
    NODE       VOLT  
   14821  -2738.1     
   14822  -2723.3     
   14823  -2730.7     
   14824  -3300.2     
   14825  -3307.6     
   14826  -617.84     
   14827  -623.09     
   14828  -609.77     
   14829  -608.48     
   14830  -601.31     
   14831  -600.88     
   14832  -600.67     
   14833  -997.09     
   14834  -997.80     
   14835  -997.99     
   14836  -998.73     
   14837  -998.70     
   14838  -997.46     
   14839  -998.80     
   14840  -997.21     
   14841  -1059.2     
   14842  -1049.9     
   14843  -600.04     
   14844  -619.63     
   14845  -618.28     
   14846  -3292.8     
   14847  -996.49     
   14848  -2708.5     
   14849  -2715.9     
   14850  -997.37     
   14851  -2143.7     
   14852  -1562.1     
   14853  -1559.4     
   14854  -981.10     
   14855  -981.34     
   14856  -981.59     
   14857  -982.45     
   14858  -1017.3     
   14859  -600.65     
 
  ***** POST1 NODAL DEGREE OF FREEDOM LISTING *****                            
 
  LOAD STEP=     1  SUBSTEP=     1                                             
   TIME=    1.0000      LOAD CASE=   0                                         
 
    NODE       VOLT  
   14860  -603.63     
   14861  -604.07     
   14862  -601.08     
   14863  -997.66     
   14864  -997.91     
   14865  -600.68     
   14866  -1171.6     
   14867  -1156.8     
   14868  -1177.5     
   14869  -3278.0     
   14870  -3270.6     
   14871  -2693.7     
   14872  -2701.1     
   14873  -2136.3     
   14874  -1552.0     
   14875  -3507.3     
   14876  -1747.0     
   14877  -1739.6     
   14878  -1544.6     
   14879  -2176.0     
   14880  -979.91     
   14881  -2128.9     
   14882  -2538.4     
   14883  -2545.8     
   14884  -3285.4     
   14885  -2553.2     
   14886  -600.28     
   14887  -602.80     
   14888  -602.08     
   14889  -600.18     
   14890  -987.86     
   14891  -981.33     
   14892  -971.43     
   14893  -987.13     
   14894  -600.29     
   14895  -600.24     
   14896  -981.54     
   14897  -971.36     
   14898  -959.08     
 
  ***** POST1 NODAL DEGREE OF FREEDOM LISTING *****                            
 
  LOAD STEP=     1  SUBSTEP=     1                                             
   TIME=    1.0000      LOAD CASE=   0                                         
 
    NODE       VOLT  
   14899  -981.13     
   14900  -3485.1     
   14901  -3255.8     
   14902  -3263.2     
   14903  -996.67     
   14904  -2193.0     
   14905  -3691.8     
   14906  -3697.0     
   14907  -999.01     
   14908  -997.28     
   14909  -998.81     
   14910  -998.68     
   14911  -1147.9     
   14912  -659.91     
   14913  -659.13     
   14914  -644.05     
   14915  -991.06     
   14916  -658.78     
   14917  -672.89     
   14918  -621.06     
   14919  -614.01     
   14920  -601.52     
   14921  -600.41     
   14922  -601.07     
   14923  -995.91     
   14924  -997.11     
   14925  -997.61     
   14926  -600.17     
   14927  -981.22     
   14928  -622.75     
   14929  -630.85     
   14930  -3241.0     
   14931  -3248.4     
   14932  -618.33     
   14933  -2678.9     
   14934  -2671.5     
   14935  -2664.1     
   14936  -619.19     
   14937  -618.43     
 
  ***** POST1 NODAL DEGREE OF FREEDOM LISTING *****                            
 
  LOAD STEP=     1  SUBSTEP=     1                                             
   TIME=    1.0000      LOAD CASE=   0                                         
 
    NODE       VOLT  
   14938  -2091.9     
   14939  -2099.3     
   14940  -2121.5     
   14941  -618.02     
   14942  -619.43     
   14943  -1515.0     
   14944  -1522.4     
   14945  -3477.7     
   14946  -610.51     
   14947  -2886.0     
   14948  -2878.6     
   14949  -2309.1     
   14950  -2301.7     
   14951  -1732.2     
   14952  -1724.8     
   14953  -1107.1     
   14954  -1112.4     
   14955  -645.04     
   14956  -631.20     
   14957  -1529.8     
   14958  -2106.7     
   14959  -3633.0     
   14960  -3625.6     
   14961  -620.26     
   14962  -619.43     
   14963  -619.28     
   14964  -600.66     
   14965  -998.77     
   14966  -998.88     
   14967  -602.84     
   14968  -680.15     
   14969  -3233.6     
   14970  -3226.2     
   14971  -3344.5     
   14972  -629.77     
   14973  -2656.7     
   14974  -2649.3     
   14975  -2767.7     
   14976  -1976.3     
 
  ***** POST1 NODAL DEGREE OF FREEDOM LISTING *****                            
 
  LOAD STEP=     1  SUBSTEP=     1                                             
   TIME=    1.0000      LOAD CASE=   0                                         
 
    NODE       VOLT  
   14977  -2079.8     
   14978  -2072.4     
   14979  -1961.5     
   14980  -1968.9     
   14981  -1502.9     
   14982  -1495.5     
   14983  -1537.2     
   14984  -604.04     
   14985  -594.88     
   14986  -700.79     
   14987  -676.74     
   14988  -678.47     
   14989  -702.14     
   14990  -618.28     
   14991  -1613.9     
   14992  -1621.3     
   14993  -2198.2     
   14994  -2775.1     
   14995  -3351.9     
   14996  -617.52     
   14997  -618.93     
   14998  -679.03     
   14999  -699.32     
   15000  -600.24     
   15001  -998.95     
   15002  -996.89     
   15003  -998.78     
   15004  -814.64     
   15005  -827.52     
   15006  -2193.0     
   15007  -230.84     
   15008  -1894.9     
   15009  -1887.5     
   15010  -261.29     
   15011  -246.06     
   15012  -1818.2     
   15013  -997.89     
   15014  -3548.9     
   15015  -3218.8     
 
  ***** POST1 NODAL DEGREE OF FREEDOM LISTING *****                            
 
  LOAD STEP=     1  SUBSTEP=     1                                             
   TIME=    1.0000      LOAD CASE=   0                                         
 
    NODE       VOLT  
   15016  -3216.1     
   15017  -2634.5     
   15018  -2641.9     
   15019  -1872.7     
   15020  -2686.3     
   15021  -2065.0     
   15022  -2062.3     
   15023  -2114.1     
   15024  -656.89     
   15025  -667.82     
   15026  -1480.7     
   15027  -1488.1     
   15028  -3694.5     
   15029  -3690.7     
   15030  -3688.0     
   15031  -3691.7     
   15032  -3680.6     
   15033  -3676.0     
   15034  -3680.6     
   15035  -3697.0     
   15036  -3694.5     
   15037  -2871.2     
   15038  -2294.3     
   15039  -1717.4     
   15040  -539.54     
   15041  -741.06     
   15042  -728.15     
   15043  -722.57     
   15044  -1359.7     
   15045  -1367.1     
   15046  -600.26     
   15047  -600.35     
   15048  -600.89     
   15049  -990.24     
   15050  -987.51     
   15051  -977.13     
   15052  -995.46     
   15053  -998.08     
   15054  -998.99     
 
  ***** POST1 NODAL DEGREE OF FREEDOM LISTING *****                            
 
  LOAD STEP=     1  SUBSTEP=     1                                             
   TIME=    1.0000      LOAD CASE=   0                                         
 
    NODE       VOLT  
   15055  -998.94     
   15056  -987.98     
   15057  -990.31     
   15058  -990.47     
   15059  -977.80     
   15060  -991.60     
   15061  -725.63     
   15062  -754.49     
   15063  -707.69     
   15064  -855.28     
   15065  -1828.4     
   15066  -1825.6     
   15067  -2405.2     
   15068  -2982.1     
   15069  -2974.7     
   15070  -3566.4     
   15071  -3359.3     
   15072  -3208.7     
   15073  -3201.3     
   15074  -2619.7     
   15075  -2627.1     
   15076  -2054.9     
   15077  -2205.6     
   15078  -2047.5     
   15079  -1465.9     
   15080  -1473.3     
   15081  -1628.7     
   15082  -200.38     
   15083  -215.61     
   15084  -3462.9     
   15085  -961.65     
   15086  -982.82     
   15087  -600.61     
   15088  -600.79     
   15089  -600.23     
   15090  -600.38     
   15091  -600.58     
   15092  -618.74     
   15093  -14.920     
 
  ***** POST1 NODAL DEGREE OF FREEDOM LISTING *****                            
 
  LOAD STEP=     1  SUBSTEP=     1                                             
   TIME=    1.0000      LOAD CASE=   0                                         
 
    NODE       VOLT  
   15094  -16.177     
   15095  -4.0443     
   15096  -9.4821     
   15097  -5.3018     
   15098  -15.226     
   15099  -21.751     
   15100  -5.3018     
   15101  -283.02     
   15102  -267.80     
   15103  -1266.3     
   15104  -1258.9     
   15105  -1835.7     
   15106  -2420.0     
   15107  -2412.6     
   15108  -3470.3     
   15109  -3189.2     
   15110  -2604.9     
   15111  -2612.3     
   15112  -2782.4     
   15113  -2040.1     
   15114  -1451.2     
   15115  -1458.5     
   15116  -3452.8     
   15117  -1399.4     
   15118  -600.89     
   15119  -2863.8     
   15120  -600.18     
   15121  -2286.9     
   15122  -1710.0     
   15123  -639.30     
   15124  -657.82     
   15125  -1636.1     
   15126  -2212.9     
   15127  -3366.7     
   15128  -618.34     
   15129  -617.50     
   15130  -610.59     
   15131  -618.64     
   15132  -1384.6     
 
  ***** POST1 NODAL DEGREE OF FREEDOM LISTING *****                            
 
  LOAD STEP=     1  SUBSTEP=     1                                             
   TIME=    1.0000      LOAD CASE=   0                                         
 
    NODE       VOLT  
   15133  -1392.0     
   15134  -981.46     
   15135  -998.52     
   15136  -998.72     
   15137  -998.90     
   15138  -767.23     
   15139  -1325.4     
   15140  -1318.0     
   15141  -65.391     
   15142  -80.616     
   15143  -52.203     
   15144  -3378.8     
   15145  -2801.9     
   15146  -2789.8     
   15147  -2220.3     
   15148  -1648.1     
   15149  -998.49     
   15150  -314.87     
   15151  -298.25     
   15152  -1855.2     
   15153  -3573.8     
   15154  -2032.7     
   15155  -4.3502     
   15156  -3174.4     
   15157  -659.36     
   15158  -1023.9     
   15159  -1030.1     
   15160  -2227.7     
   15161  -3697.0     
   15162  -3694.4     
   15163  -3697.4     
   15164  -679.07     
   15165  -664.68     
   15166  -618.66     
   15167  -665.59     
   15168  -657.02     
   15169  -600.22     
   15170  -602.58     
   15171  -603.67     
 
  ***** POST1 NODAL DEGREE OF FREEDOM LISTING *****                            
 
  LOAD STEP=     1  SUBSTEP=     1                                             
   TIME=    1.0000      LOAD CASE=   0                                         
 
    NODE       VOLT  
   15172  -619.70     
   15173  -619.00     
   15174  -504.72     
   15175  -3181.8     
   15176  -990.05     
   15177  -969.28     
   15178  -1094.3     
   15179  -1099.7     
   15180  -1088.7     
   15181  -1079.5     
   15182  -3440.7     
   15183  -3433.3     
   15184  -2856.4     
   15185  -2849.0     
   15186  -2279.5     
   15187  -2272.1     
   15188  -1702.6     
   15189  -1695.2     
   15190  -3697.4     
   15191  -3698.0     
   15192  -3697.4     
   15193  -3695.4     
   15194  -3694.4     
   15195  -3697.4     
   15196  -630.85     
   15197  -620.94     
   15198  -612.34     
   15199  -602.48     
   15200  -605.94     
   15201  -604.93     
   15202  -604.86     
   15203  -606.32     
   15204  -987.52     
   15205  -998.39     
   15206  -999.27     
   15207  -1944.0     
   15208  -1936.6     
   15209  -1352.3     
   15210  -169.93     
 
  ***** POST1 NODAL DEGREE OF FREEDOM LISTING *****                            
 
  LOAD STEP=     1  SUBSTEP=     1                                             
   TIME=    1.0000      LOAD CASE=   0                                         
 
    NODE       VOLT  
   15211  -185.16     
   15212  -916.59     
   15213  -898.38     
   15214  -891.07     
   15215  -870.22     
   15216  -391.00     
   15217  -375.78     
   15218  -608.56     
   15219  -1142.0     
   15220  -1662.9     
   15221  -1655.5     
   15222  -2239.8     
   15223  -2816.7     
   15224  -2809.3     
   15225  -3393.6     
   15226  -3386.2     
   15227  -600.37     
   15228  -878.30     
   15229  -828.34     
   15230  -965.32     
   15231  -981.54     
   15232  -945.71     
   15233  -606.13     
   15234  -604.68     
   15235  -600.35     
   15236  -600.25     
   15237  -999.30     
   15238  -999.29     
   15239  -999.29     
   15240  -997.45     
   15241  -3695.1     
   15242  -3670.0     
   15243  -3662.6     
   15244  -3083.0     
   15245  -2506.1     
   15246  -1929.2     
   15247  -154.71     
   15248  -139.48     
   15249  -2020.7     
 
  ***** POST1 NODAL DEGREE OF FREEDOM LISTING *****                            
 
  LOAD STEP=     1  SUBSTEP=     1                                             
   TIME=    1.0000      LOAD CASE=   0                                         
 
    NODE       VOLT  
   15250  -3694.8     
   15251  -330.10     
   15252  -345.33     
   15253  -421.45     
   15254  -406.23     
   15255  -1133.1     
   15256  -3411.1     
   15257  -2264.7     
   15258  -603.92     
   15259  -609.77     
   15260  -2257.3     
   15261  -2824.1     
   15262  -3403.7     
   15263  -9.6520     
   15264  -9.7880     
   15265  -10.740     
   15266  -36.977     
   15267  -5.4378     
   15268  -989.85     
   15269  -981.37     
   15270  -989.74     
   15271  -942.27     
   15272  -927.96     
   15273  -853.30     
   15274  -610.32     
   15275  -612.52     
   15276  -839.86     
   15277  -852.76     
   15278  -827.25     
   15279  -999.26     
   15280  -999.28     
   15281  -3655.2     
   15282  -3647.8     
   15283  -998.50     
   15284  -436.68     
   15285  -451.91     
   15286  -965.71     
   15287  -972.57     
   15288  -964.19     
 
  ***** POST1 NODAL DEGREE OF FREEDOM LISTING *****                            
 
  LOAD STEP=     1  SUBSTEP=     1                                             
   TIME=    1.0000      LOAD CASE=   0                                         
 
    NODE       VOLT  
   15289  -664.77     
   15290  -1044.4     
   15291  -1037.5     
   15292  -1670.3     
   15293  -1677.7     
   15294  -2247.2     
   15295  -2254.6     
   15296  -2831.5     
   15297  -946.17     
   15298  -994.42     
   15299  -859.32     
   15300  -634.32     
   15301  -982.77     
   15302  -991.44     
   15303  -991.54     
   15304  -981.19     
   15305  -998.65     
   15306  -999.23     
   15307  -3640.4     
   15308  -3068.2     
   15309  -3075.6     
   15310  -2491.3     
   15311  -2498.7     
   15312  -1337.5     
   15313  -611.70     
   15314  -360.55     
   15315  -4.3502     
   15316  -2195.7     
   15317  -612.98     
   15318  -610.43     
   15319  -626.74     
   15320  -909.32     
   15321  -772.56     
   15322  -759.39     
   15323  -748.13     
   15324  -706.95     
   15325  -673.34     
   15326  -728.39     
   15327  -740.61     
 
  ***** POST1 NODAL DEGREE OF FREEDOM LISTING *****                            
 
  LOAD STEP=     1  SUBSTEP=     1                                             
   TIME=    1.0000      LOAD CASE=   0                                         
 
    NODE       VOLT  
   15328  -752.13     
   15329  -897.82     
   15330  -618.07     
   15331  -600.22     
   15332  -998.19     
   15333  -998.33     
   15334  -980.83     
   15335  -3618.2     
   15336  -3610.8     
   15337  -3033.9     
   15338  -2449.6     
   15339  -1880.1     
   15340  -1921.8     
   15341  -1914.4     
   15342  -996.63     
   15343  -2597.5     
   15344  -1436.4     
   15345  -1429.0     
   15346  -1443.8     
   15347  -2523.6     
   15348  -1946.7     
   15349  -1369.8     
   15350  -124.26     
   15351  -673.11     
   15352  -2531.0     
   15353  -1954.1     
   15354  -1118.3     
   15355  -774.83     
   15356  -997.29     
   15357  -805.13     
   15358  -785.24     
   15359  -970.05     
   15360  -999.07     
   15361  -998.74     
   15362  -998.73     
   15363  -945.61     
   15364  -999.15     
   15365  -980.53     
   15366  -3596.0     
 
  ***** POST1 NODAL DEGREE OF FREEDOM LISTING *****                            
 
  LOAD STEP=     1  SUBSTEP=     1                                             
   TIME=    1.0000      LOAD CASE=   0                                         
 
    NODE       VOLT  
   15367  -3019.1     
   15368  -3011.7     
   15369  -3026.5     
   15370  -2479.2     
   15371  -2471.8     
   15372  -2439.5     
   15373  -2457.0     
   15374  -2446.9     
   15375  -1295.8     
   15376  -1293.1     
   15377  -1285.7     
   15378  -3159.6     
   15379  -3167.0     
   15380  -2582.8     
   15381  -2590.1     
   15382  -2013.3     
   15383  -2005.9     
   15384  -999.02     
   15385  -997.26     
   15386  -1377.2     
   15387  -3107.9     
   15388  -1310.6     
   15389  -1344.9     
   15390  -1127.2     
   15391  -777.34     
   15392  -3603.4     
   15393  -815.60     
   15394  -600.15     
   15395  -1862.6     
   15396  -1870.0     
   15397  -1303.2     
   15398  -1991.1     
   15399  -1998.5     
   15400  -109.03     
   15401  -850.88     
   15402  -1902.3     
   15403  -2568.0     
   15404  -963.83     
   15405  -3137.5     
 
  ***** POST1 NODAL DEGREE OF FREEDOM LISTING *****                            
 
  LOAD STEP=     1  SUBSTEP=     1                                             
   TIME=    1.0000      LOAD CASE=   0                                         
 
    NODE       VOLT  
   15406  -3144.9     
   15407  -2560.6     
   15408  -1983.7     
   15409  -1406.8     
   15410  -1414.2     
   15411  -93.805     
   15412  -982.44     
   15413  -2193.0     
   15414  -1421.6     
   15415  -2464.4     
   15416  -2575.4     
   15417  -3152.3     

 MAXIMUM ABSOLUTE VALUES
 NODE          25
 VALUE   -3700.0     

