trial,x,y,z,dx,dy,dz,energy
0,0.01000440797534016,-0.061531667348735164,0.001598476176462422,0.6464029580714721,-0.564925228167279,-0.5128573899015187,5.164472112987183
0,0.010214320745653035,-0.061261006624719706,0.001943095779886941,0.8574561378530902,-0.37850899286972334,0.34856837776082095,13.35433755917532
0,0.009842232076527613,-0.061726377056762184,0.0013727805276859276,0.9527962249464805,-0.12178503391452684,-0.27811465125407053,16.074271476029804
1,0.015357708919721665,-0.011442577256957673,-0.003000001553436376,-0.053016575810841376,-0.06469615722032294,0.9964956848527828,8.313943788349158
1,0.021108589384569547,-0.008125832116909676,-0.0029890242283573043,0.28040026562532255,0.9556412334903648,0.09014168786007346,12.310593493699093
1,0.025202493086675694,-0.011513616668071625,-0.0030000005445445137,-0.25732578577367793,0.06402870373051028,0.9642011019878318,2.4300046343230783
1,0.01985427629108972,-0.009862953889286093,8.776091076409777e-05,-0.5624111836582373,0.7354845014889813,-0.3778309258989333,11.48187002253583
1,0.017266058548421233,0.05646845706548702,-0.20999998562911426,-0.22351987639173543,-0.12712271237284525,-0.9663739860203161,5.4707295766241115
1,0.03950950636756763,-0.022060806012392412,-0.20999998446369522,0.23548235356731906,-0.4492175241838021,-0.8618304224872612,6.380992804309059
1,0.017766351503784843,-0.013346059465897113,-0.0023918772279992425,-0.9804884024366264,-0.19636363245006344,0.009155137262140366,16.425987334970955
1,0.017274836796320952,-0.010667251340695355,-0.0026510626854721175,-0.8983639058882469,-0.18974024280497315,0.3961577121015352,20.468885040229686
1,0.019137691532373123,-0.007764812937099489,-0.0030000010486490886,-0.6499879832145666,0.012238174702954185,0.7598459375140465,3.2964294144731663
1,0.017826707670030403,-0.010785791404935342,-0.002360376975623877,-0.720820442403063,0.6729547012667763,-0.16598150456239572,25.021779732407268
1,0.025348685815817826,-0.012137763337672297,-0.0030000024294366294,0.1760413752981424,-0.25035469867595156,0.9520146842533534,10.655497256723688
1,0.02174433284332252,-0.009592458492458756,0.00034799501687009444,0.9349338931474919,0.3547050312160582,0.009108033491889711,7.450648876613224
1,0.02138304096082894,0.0018784653677278405,-0.17790318997221535,0.5556866066050905,0.8144108714583174,0.16717454259014197,8.89504967847427
1,0.02135307045509981,-0.009343825316264931,-0.0007572693351543562,-0.2528593676158542,0.8778065720844471,0.4068387422729832,2.361017116311806
1,0.02089480720296308,-0.02622794495217439,-0.20999998406137035,0.2429031227652028,0.7185183149055313,-0.651712746611748,2.635581432854545
1,0.0334473346067199,0.0036576740369815325,-0.20999998580051055,-0.8878911932796744,0.19944642315696187,-0.41457249448834677,4.220256341415774
1,-0.009903061896589248,-0.029274645231140616,-0.20999998597597214,0.5934366170665566,-0.4821303605733951,-0.6445023637954859,7.90755400515613
1,0.025371563107479796,-0.05944046909933675,-0.20999998483741605,-0.13161878110393027,0.44573907246504335,-0.8854338912300105,5.516339363828584
1,0.033003506976909555,-0.031589330083260286,-0.20999998585739932,-0.15880452140174395,-0.9532409490239131,-0.25712412777946864,7.375558359449266
1,0.015730410609018718,-0.012190914309374364,-0.004353215178054613,-0.4911470804262916,0.6646799835365231,-0.5630053861861509,10.098351916040636
1,0.029041127134277735,-0.024447727782384736,-0.2099999839822173,-0.3810130277817648,0.10252889317123931,-0.9188671823096376,5.390538991633184
1,0.016454872381393187,-0.008972498512999156,-0.0030000017451331487,0.4700124188372634,-0.07285142749702146,0.8796482226722177,2.769358870380938
1,0.01772972135575135,-0.009821040720866751,-0.002930396548927356,-0.910157865337891,0.16701830845010013,0.3791009691441593,6.924889760060654
1,0.019628203599886207,-0.009963849507368554,-0.00014808887187235366,-0.2824576593522037,0.9131884267663323,0.2937763909733139,9.727090963299387
1,0.048157350985261735,-0.04374377485152289,-0.20999998528109198,0.5154689827191504,0.18764087150136136,-0.8361116140783442,6.645691654690571
1,-0.010908398236316829,-0.011402832655074652,-0.20999998578026166,0.5516005641587413,0.7759021276124074,-0.30612531092070455,6.582678011796482
1,0.019145904150496384,-0.009943060536206173,-0.0009075275900634627,-0.3804834326025783,0.2515727340467879,-0.8899120838595143,4.389955977183712
1,0.025602731654541147,-0.011819510459036134,-0.20999998577956652,-0.03337803188801143,-0.128768464543893,-0.9911128036335172,7.484298417285653
1,0.019294175099173028,-0.009219320939942,-0.0021722763551102276,0.7752216518421533,0.4034236415913848,0.48608718962781666,7.347090206189618
1,0.01875723382781026,-0.008540978405254473,-0.003000000344504802,-0.6967839358738441,-0.39351371923321304,0.5996991741560084,7.5766617516166335
1,0.01728035692134764,-0.013940824108191332,-0.003000000800281292,-0.7186266307119009,0.5471016664452085,0.42924996471116583,5.752679296389677
1,0.017862276346548647,-0.01298298668204273,-0.0018827809096582456,-0.8775737146348068,0.4719438622404219,-0.0844592580813984,8.617740771009613
1,0.017022389534992646,-0.01254697053813535,-0.0027539437087880027,-0.8920815195573862,0.005588814879040107,-0.4518399358317415,12.480880443204711
1,0.017636526017175053,-0.014332937591202702,-0.003000000429616804,-0.21444703516121424,-0.8445679858952151,0.4906295815699097,10.633765440811596
1,0.014339252646968293,0.017514706631309756,-0.20999998597955927,0.6386835699455196,-0.7099768419529845,-0.29667521192730895,5.705154784917983
1,0.0178174916554351,-0.013038058362402061,-0.002027451470073987,-0.2608347464732186,-0.8780750016344194,-0.4011851524383303,4.847556765034717
1,0.01766897391819478,-0.012904206306745037,-0.0023029467608041746,-0.7354473490160405,-0.6614289612275516,-0.14706776014722056,4.403822410597826
1,0.017203549206411376,-0.01338407961208904,-0.0029889547362166014,-0.9325208401979146,-0.35853875387067313,-0.04306790649010135,12.635486120368185
1,0.018359111990891182,-0.008827952709671112,-0.0030000042025386947,0.06961431722728831,-0.26155279722082075,0.9626754287416619,5.725812024225027
1,0.01806290057171866,-0.009408946675228565,-0.0028444327956932084,-0.31902751057637,0.9178368498509645,-0.23621381109304862,21.761398286967687
1,0.01964260712936535,0.035280379201869584,-0.20999998588193702,-0.7583863641517427,0.5453626021813257,-0.3569730449357673,5.456795285637206
1,0.037906533948357655,-0.061881525020420824,-0.20999998445485238,0.7654794442052852,-0.1334764105865157,-0.6294642708812844,7.783878080190477
1,0.017030100269583265,-0.01261414611211961,-0.002967072292683794,-0.4961410177622596,0.63043046605105,0.5969937336090594,9.760583758730583
1,-0.01721790209649115,-0.02640062409372347,-0.2099999859913342,-0.2667265145835814,0.6322426644964636,-0.727410599048781,5.16594197707245
1,0.03360318836986802,0.0036707727382714653,-0.10334250768275291,0.29642524872200077,-0.8480144830212499,0.4393216458431134,10.530380013439418
1,-0.036316995287749246,0.02011197066776622,-0.2099999841102994,0.20669726745265174,0.6771303575997214,-0.7062370129386315,9.121048858847928
1,0.017237220785650598,0.0031845608682127147,-0.2099999836357023,0.020515746558284868,-0.008066673265005634,-0.9997569869351209,7.81219622539959
1,0.021215967437408216,-0.009539676314940529,0.00023420784156835694,-0.11192477090205505,0.8561074850615771,-0.5045322781349716,10.635839324912954
1,0.017746625292316666,-0.008699114446909068,-0.0030000010112986772,-0.32290170358600195,-0.3011150019319799,0.8972537241119488,8.285925082195394
1,0.01594119136368087,-0.00962243489144484,-0.0030000000283947606,0.6549639463694168,0.5238881776708529,0.54457635484192,2.1008416103347667
1,0.016676050910891752,-0.009028264190157426,-0.0030000010548284807,-0.5834485267547728,-0.35186600111802374,0.7319686700159345,7.315935245192502
1,0.00019191611680103085,0.029220987768852288,-0.20999998439049467,0.36023700149487703,-0.508365617086258,-0.7821724248006241,5.991867977580231
1,0.018071987663662404,0.00260931300714394,-0.20999998598848996,-0.6563944016774336,0.30258868860419574,-0.6910763163177546,6.53188022733943
1,0.00608024401831957,0.007132677119104806,-0.20999998535726105,-0.0770157045242281,-0.8727018269460797,-0.4821411644960546,10.630989640819802
1,0.02002774357382707,-0.007591538885217799,-0.0030000016260259693,0.6462935624757798,0.2277330778698328,0.7283146822262327,11.699625349386398
1,0.0199208469476461,-0.007304717450592982,-0.003000000812521951,-0.28627373119792787,0.14799405929907003,0.9466494119990778,4.420258444943476
1,0.019586736388877084,-0.008972530639950982,-0.002385472428405854,-0.1243764884352892,0.8780203488155136,0.46218043683218585,19.61444994365252
1,0.023769677291969164,-0.003565735015854333,-0.01522130643872766,-0.27283133944106563,-0.9009611093970509,0.33739018891015377,8.464898761451531
1,-0.0016036471415151845,-0.009651583878320423,-0.20999998596793884,-0.017268825841416684,-0.9993593996219431,-0.03134610089514045,7.7443630087832345
1,0.01888509116372403,-0.008650645296340045,-0.003000002421726577,-0.2232838859103587,0.2007489742631352,0.9538575132718041,2.2582831336379687
1,0.0262978747147529,-0.008838373069018588,-0.003000000231398632,0.24293172262166543,0.7458551722627045,0.6202291835709133,1.3138605145002782
1,0.02434898747030958,-0.008381441762294472,-0.003000001939510381,-0.4905720685127012,0.62765230514182,0.6044763266210919,3.1301167654257074
1,0.04982896944587403,-0.022655991845799327,-0.2099999859831917,0.7650508759288361,-0.2499059473622734,-0.5935016214918754,5.047887978714832
1,0.02070324777426316,-0.008709177953525632,-0.0023201731836030616,0.22340804021104746,0.9324642731858238,0.28390002958980465,15.851588759541594
1,0.013083626781733079,0.014167503702789002,-0.20999998556247876,-0.008001014782453323,-0.4304501669191763,-0.9025788816284727,5.994332502930224
1,0.01887045709026855,-0.009790053951915333,-0.001649228085422975,-0.27301178411253935,0.8675622038313393,0.4156926607711491,15.990050251286497
1,-0.0253272150676522,0.023920692491458423,-0.20999998525648378,-0.7205360990547645,0.25922120971858253,-0.6431423593505385,6.840234049722098
1,0.019098642040379626,-0.00808365935120112,-0.0030000002723947223,0.03364561722574809,-0.8401583684131116,0.5412964884671949,7.262013144660672
1,0.018743890757188606,-0.008821337046504538,-0.002855337121009629,-0.6457172285917744,0.7611321088215456,0.06105058247572615,15.67035068640453
1,0.02263420818159785,-0.015897490583187124,-0.0030000004636023536,0.8515656100927368,-0.17740792138406397,0.4933177891963464,7.4526641009474
1,0.0492199202587245,-0.013096476586361601,-0.2099999825848151,0.09135910331348009,-0.09785791585802142,-0.9909981546631056,5.468016127877495
1,0.040522044783859165,-0.01771488519502013,-0.20999998535241876,0.7771125640253507,0.08553201636059607,-0.6235225232589725,2.6253278441891466
1,0.015963622453258962,0.005699762990422731,-0.20999998559693678,0.8637008708805789,0.025279906280289647,-0.5033703725673466,5.972562893076787
1,0.05506917621420653,0.013193348021821948,-0.20999998584153265,0.44782070446785216,-0.6850373075185316,-0.5746133517050199,6.4412366921972986
1,0.01823144112747411,-0.009237305566976793,-0.002793068097525585,-0.45195666832855913,0.6765438708928957,0.5813979366239665,19.33457695502924
1,0.017899554346389214,-0.030440545097769677,-0.1094308769979856,0.5247558591037533,-0.6686558904856811,-0.5268117201193255,9.27166542189196
1,0.019794270433046605,-0.021144894160367227,-0.20999998546796161,0.3984703540371073,-0.7880526099890147,-0.46924882614988456,6.274813305410634
1,0.016705036943596388,-0.011372472642324756,-0.003000001128903242,-0.2433788471673125,-0.08938807161712858,0.9658035563219269,17.370365736599002
1,0.021721084719552353,-0.0072789012239559865,-0.0030000010913021923,0.017728459771349833,-0.3471127485075932,0.9376558225370544,10.700538231055383
1,0.003170929273828357,-0.0053603687855751005,-0.20999998507906686,0.7372521290192305,0.015371905678382555,-0.6754428197652463,6.5027895359066665
1,-0.00023186460774601028,0.029011289521517505,-0.2099999828541828,0.14497445741246706,0.3531719990126519,-0.9242575105517769,8.207278625927254
1,0.019741534756102783,-0.00890618443629463,-0.0023888499705576605,-0.14342626250761534,0.9459013256449312,-0.29103193873913225,16.176316377286017
1,0.020678066302663146,-0.005725049612317218,-0.0030000013849275473,-0.10346102545345563,-0.9110297900679981,0.39914976865930774,3.85114150107401
1,0.015984984053964382,-0.01105226195939209,-0.003000001215281536,-0.4006555985090202,-0.37071680581712974,0.8378807440609453,7.520230499196915
1,0.042629425498794636,-0.006038760710581333,-0.20999998332547287,0.6528485417501075,-0.21066805762815585,-0.7276041169687933,7.797967877190026
1,0.015612307411224002,-0.011225883877680476,-0.0030000004089024137,0.8741428212542681,0.04026598065200165,0.4839968789690295,4.852955427411424
1,0.017290584065874387,-0.007328451990205509,-0.0030000018793761474,0.568796345036382,0.03981153131491127,0.8215143089731395,4.951654635899323
1,0.020336732008743474,-0.008768142835715972,-0.0023029899979532305,-0.19275428124867994,0.9690454041594477,-0.15426208781731524,12.380197772908415
1,0.019134333874473733,-0.00919445092419217,-0.002433819903291296,-0.2140457806990449,0.14452067695271045,0.9660735881381226,19.01527395790028
1,0.06749207239996097,0.008636889142081813,-0.20999998599130298,-0.834355979486626,-0.25135392641113263,-0.49058261605219966,6.338811570007217
1,0.018863835750479292,-0.01842045240059246,-0.003000000252359917,0.16731438581275573,0.810075768681932,0.561945856194774,3.97904136628934
1,0.017000151846488537,-0.01208968262288371,-0.002994110814110255,-0.6796500645721402,0.5006978862759971,0.5360759427598245,20.15736130678553
1,-0.042127144352519186,0.020473750259822978,-0.20999998586072122,0.743362392400019,0.35275661016376414,-0.56830900710009,7.4092078194914945
1,0.017063839108345323,-0.013401690392978931,-0.0030000007191966684,0.2739579953680847,-0.0664252402260773,0.9594449980247999,8.577773764159314
1,0.05848588459293647,-0.004577277581917273,-0.2099999844076795,0.8580487894045072,-0.15752948248712012,-0.48881155586667546,4.1223765277452955
1,0.010412945968280761,-0.05029213217340921,-0.2099999850586609,-0.23572503106375914,-0.25460620625774394,-0.9378749327415831,6.665302458277615
1,0.014897310500572882,-0.010478768506167656,-0.003000000686660643,-0.023082582692568313,0.13844333980964188,0.9901013261472749,2.5689517734498297
1,0.018206816594996927,-0.009261125331606414,-0.0029235305116161246,-0.8239315198025922,0.4631291953166293,0.3265703586077003,21.99659485090332
1,0.01741081010234425,0.0017025959028503493,-0.20999998554907962,0.7463813743792737,-0.5443995105289606,-0.38281068025269976,4.911800995896999
1,0.01686709715064958,-0.011953090844707396,-0.0030000007811342693,-0.5517771796809511,0.3454258502937673,0.7590934895862061,5.568049522071163
1,0.01748437151018608,-0.012325237208575496,-0.002500000986624031,0.08036040825872037,0.551992713622038,0.829967619183225,3.467357920340062
1,0.019379806248897107,-0.015781533213015536,-0.002937550272475168,-0.6421136587742271,-0.7561939648163669,0.12593941714522325,10.07868805463115
1,0.017359527672591184,-0.013199207205788394,-0.0025000001671226747,-0.8284067367462051,-0.5205372552838834,0.20684110900646513,4.373958916036074
1,-0.034156780910247424,-0.035074642598185365,-0.20999998507434015,-0.35006351043129835,-0.03319824131339386,-0.9361374981476884,8.308421958661635
1,0.018264429287551558,-0.007341882985269705,-0.0030000008147743123,-0.15920139402269967,0.3522132867319283,0.9222801726106449,5.8822715588020555
1,0.017152520204955952,-0.010801896308372954,-0.00300000138937885,-0.06699946464176405,-0.36402033871471606,0.9289780754892663,12.436487583197378
1,0.01769199289209722,-0.00987556335037345,-0.0027098745853176677,-0.3514266145690159,0.4965877320701672,-0.7936623708668367,14.059220891483928
1,0.017408440447013604,-0.010363491060193896,-0.002963172369241749,-0.750695286544995,0.6126364833809901,0.24725113951143277,8.18824881952399
1,0.047608474852114564,0.009156761086808188,-0.20999998296439953,0.39792472191894845,-0.2086393966190767,-0.8933787090949477,6.723764700847344
1,0.020343365752017853,-0.007122096489795213,-0.0030000018502945648,-0.32595650292466427,-0.5162452247414697,0.7919868850762318,8.297866913815731
1,0.043883133313411746,-0.0038205772449523964,-0.20999998488123048,-0.005830166714436433,0.6708602615846423,-0.7415608664045502,7.438609529822055
1,0.025629890091396906,-0.015052279123559638,-0.003000000989469431,-0.6102610544095454,0.06287788784884019,0.7897010932565679,5.759162833492805
1,0.022766806301745046,-0.016623246490379197,-0.0030000001034106737,0.4929831374034159,0.5490978587315664,0.6748771501334841,6.790860251898937
1,0.005707121448005766,-0.027000292220082166,-0.20999998584810953,-0.4745359922518857,0.7133973863736308,-0.5156352986101622,4.776434478013549
1,0.026919634343928918,-0.013650562157023434,-0.0030000011191460303,-0.00439071374709889,0.17675631573728728,0.9842448508779569,5.693087505471119
1,0.02439168500714234,-0.014244842569890167,-0.0029607457631786885,0.7493788032209145,-0.5513738143187716,0.3666310491035348,8.824085682756433
1,0.02285524604823644,-0.019538141660933338,-0.20999998554567412,0.24542143161666102,0.1466157230869847,-0.9582651776240797,7.628235706498859
1,0.023576348560421935,-0.0155037868858178,-0.003000002875011092,-0.36239945144807395,-0.43517173176360774,0.824191847486978,13.22837168710661
1,0.06200899736167052,0.02410513089714461,-0.20999998518350982,-0.5063771174087852,-0.48437768396611813,-0.7134146579937848,7.630725465957076
1,0.001659766229128806,0.013089707222107552,-0.2099999855584094,-0.1725403163396144,-0.024768155569228244,-0.9846910062081018,4.852896952054287
1,0.02390455010088024,-0.011084165315469621,-0.0014625957151707973,0.807140267702144,0.3140137367857474,-0.49991995495635266,2.6272245362575255
1,-0.008920941282476943,0.026032087886418365,-0.2099999850630977,-0.44495813306847665,0.2644639339968235,-0.8556115283416531,4.875844603427667
1,0.02511645927250255,-0.011347897549508611,-0.0030000000792999703,0.46187539218669904,0.4733992856970841,0.7500428243732977,11.732533482071233
1,0.024758256447209803,-0.010754880295845627,-0.0025363037270672425,0.7673926497807235,0.46738921699422,-0.4389257806281719,21.81762089383141
1,0.024382247815996294,-0.011830269446191961,-0.0022375955977122965,0.650935091795001,-0.39273879646798265,-0.649645860464541,10.6951391451384
1,0.02407912047790478,-0.008558603162674604,-0.0030000008242358827,-0.36768338885594726,-0.6135524796860123,0.6988292210766173,10.765786274955504
1,0.028521570703276995,-0.031456766687333375,-0.20999998576130438,-0.3460993178208128,0.13268899257278413,-0.9287674054648922,8.128030314680002
1,-0.019324141757566544,-0.024599656867294775,-0.2099999854023573,-0.034800662854329256,0.7352377787903231,-0.6769152993575867,5.1686985995595665
1,0.0068057369567824585,0.03602676849808267,-0.2099999838768729,-0.012613387366378286,0.5542158422750866,-0.8322774192722411,5.0517782311403305
1,0.03162107290821944,-0.014817490252119687,-0.20999998486106247,-0.523355996362151,-0.4236016518849892,-0.7393646878179188,8.109478181559163
1,0.0247363538539266,-0.009506510009471902,-0.003000000893949516,0.6560825580143129,0.19112144352387,0.7300878514910025,5.644489267539078
1,0.01708844288185129,-0.015769998191779863,-0.0030000016175484394,-0.2573934919132222,0.4448360875885189,0.8578283310194746,5.419388302345778
1,0.019392377631854935,-0.008461633849857462,-0.0027530055940522147,-0.24540947659255893,0.6609835329254414,0.7091367696008776,20.38785728803262
1,0.0153428355424396,-0.00968190396986947,-0.003000002198002747,-0.2874596074123313,-0.026669697770963684,0.9574213812774153,1.1710887895995576
1,0.01782480568836361,-0.009691636511134073,-0.0026473331587536656,-0.18494476813053168,0.94184645736919,0.28057206468615137,14.021183288485052
1,-0.03169989029315741,0.0365760453418483,-0.20999998405622056,-0.7818707345359882,0.26237464268801886,-0.565541953660813,8.850888110054202
1,-0.014638441314848085,-0.017118379037561214,-0.2099999858284378,0.30685188131568913,-0.41553328088311103,-0.8562558118994227,7.947103881130374
1,0.018960668338938606,-0.008649065752971443,-0.0030000021148491587,-0.24896171664189568,0.6631038814825869,0.7059116842845481,20.25772229736243
1,0.019405825537936305,-0.008455760720794365,-0.0029057817141568314,-0.3435938333427385,0.5633010594441026,-0.7514221144722809,23.597578134077416
1,0.01954847470087694,-0.0079648672304562,-0.00300000036207573,-0.3498970697533168,-0.6669192811015404,0.6578683098257939,11.184461706041088
1,0.02034284587990799,-0.007948840091965035,-0.0030000001516668536,0.656435218071903,0.20609109101152331,0.7256853771990815,11.713743396105922
1,0.04050475856683587,-0.039754696512874735,-0.20999998565521982,0.09517774808254652,-0.1748880831600422,-0.9799772214896333,7.337786048542157
1,0.01829220870212128,-0.008022626322272297,-0.003000001074867106,0.38087175633178505,0.14357076083017112,0.913413456143157,12.454410444131383
1,0.018806032078015927,-0.008751346203534679,-0.0030000000194679672,-0.09909719497377305,-0.8484267894103468,0.5199535834660447,7.326572196665186
1,0.022177263325893246,-0.0074846877399620745,-0.0030000009786753665,0.8511962583539444,-0.22646805776327153,0.47347349300375496,9.670074555069263
1,0.023465369839782833,-0.008273558397211517,-0.0030000002391820744,-0.7148241206074973,-0.10621439425789861,0.6911909859439322,2.0497747380054987
1,0.02379923596177809,-0.008562770074219888,-0.0030000021138189966,-0.2770370987479018,-0.6837957780154602,0.6750361322815072,8.82997202282347
1,0.01726543473011244,0.0047159088835532865,-0.20999998438412287,0.5707784038271148,-0.2526300678977628,-0.7812746396233163,7.865059525354248
1,0.01701823432729764,-0.01261876966812241,-0.0030000010002344275,-0.2226186715450312,0.7605589294507676,0.6099106835531148,13.62298043116475
1,0.015199926542067973,-0.00979018250757134,-0.0030000017858653047,-0.4154009295759371,-0.0742224612292386,0.9066052580679871,1.9088083734691357
1,0.05310317991891705,-0.008337569025398972,-0.20999998583284257,0.2434348693846944,-0.3827488008446036,-0.8912030182958731,6.719820295334084
1,0.00221482693107729,-0.04057015617929255,-0.20999998575108467,-0.35007922235928574,0.6684727137262648,-0.6561926310739562,8.633387403526736
1,0.018803574802537193,-0.009105211207274415,-0.0025000017936527147,-0.3724572913367402,0.1584730108798055,0.9144188706237355,11.137891081744582
1,0.016717056525441545,-0.010357052045247294,-0.003000002899801007,0.5378335499668349,-0.33997425415628146,0.7714613269898576,10.692009850082247
1,0.019320299044712656,-0.008269052972557853,-0.003000000826726852,0.2038058747247945,-0.9301575483678197,0.30540154001253533,4.919237957805239
1,0.02549229819467777,-0.0002933844369944706,-0.20999998470777523,-0.2722235177822523,-0.681152042696963,-0.6796515659483254,7.962754109618656
1,0.01857220721952057,-0.0098800699640493,-0.0020151730667463557,-0.6467327893324843,-0.3096065696990414,0.6970512687036853,4.1086987600005225
1,-0.004310798260663078,-0.014185489027255888,-0.20999998476224518,0.1771099800642526,-0.8060598798471427,-0.564711895626832,7.148679439014663
1,0.01851221065413724,-0.008933827144606131,-0.0030000016625965622,-0.2987838188187942,-0.5120822772294493,0.8052949589805957,11.689028702462075
1,0.0104111274712545,-0.02306435145370396,-0.20999998582050028,-0.2748507531598361,-0.166960120901006,-0.9468798136596808,5.93860145203847
1,0.026972930719921136,-0.016978032892122775,-0.003000000005270132,-0.6238400838482214,-0.7813170813812468,0.01916163161461149,3.2909172922547945
1,-0.04814646075964549,-0.012399410897398518,-0.2099999837141422,0.530993555576519,-0.12522666797920684,-0.8380716708987556,7.283574447445534
1,0.03353520480085388,-0.012041174765667873,-0.2099999852508679,0.5301834606827738,-0.5063410732467777,-0.6800913288388103,6.24583718120213
1,0.03658993014712847,0.011247533900066647,-0.20999998586148272,0.39186653439934765,-0.1500376439991078,-0.9077055274707992,3.976683249871777
1,0.019312160210876384,-0.006112650904506026,-0.003000000687473286,-0.4439818687112302,0.8174743957601577,0.36690013972775914,2.1617567113083767
1,0.043450849761215465,-0.05180055203225456,-0.20999998523144678,-0.15379448755737643,0.7797558768463648,-0.6069003444722377,5.86620900995458
1,0.018007818218722767,-0.009384010066409716,-0.0030000010957539347,-0.053597952706489725,0.5460839123231808,0.8360141267750691,16.578013166787766
1,0.01845033729670317,-0.008915139665379952,-0.003000000480145218,-0.10582569065122482,-0.17896569425892708,0.9781473321931679,7.782473395172089
1,0.019080466038742,-0.007910419663986486,-0.003000000395080184,-0.9312222863845024,-0.1302868456216848,0.3403680231731101,7.895608787278435
1,0.020173935498845906,-0.0072147504568664126,-0.003000001172396581,-0.6307931880102767,-0.15084773586968067,0.7611471044041506,11.05108000916257
1,0.008761516993975062,0.017872810480975533,-0.20999998528575614,0.8555381468027217,-0.29551314146970087,-0.42511935098754733,6.957289811095696
1,0.022449089961590125,-0.008233628751086576,-0.003000001152744384,-0.6401062909717325,0.14072623172407017,0.75528806687459,4.452877381334471
1,0.017184146393592482,-0.010924679576240692,-0.002680029594439016,-0.954180095913731,-0.23319798305667117,0.1875074538794751,13.628907512820955
1,0.017850228726159892,-0.010864263857755137,-0.002231355782201635,-0.1768231002920302,0.944447695901447,0.2770417674459247,2.7948799906816983
1,0.019985893424378696,-0.008255049341679067,-0.0027799890969841426,-0.3045124407866559,0.5089793620695667,0.805116253961756,7.059063712897824
1,0.016789687309528047,-0.009864137054396068,-0.0030000021900590877,0.46319200133296995,-0.38372518956115,0.7988793080293273,2.0388690254493684
1,0.017018496100536712,-0.010529881640801151,-0.003000001480652112,-0.03770917432178897,0.8159708224678038,0.5768618855958372,11.50626140622121
1,0.018117692893862558,-0.010372129968835839,-0.0021823927313428986,-0.8715907491817034,0.35621766120112297,0.3368063891752634,5.22628722005498
1,0.01657535026186798,-0.0113641681976674,-0.0030000000139674843,0.8574566297863703,-0.48779537421902497,0.16377973295228382,5.263699267088743
1,0.021457481066804687,-0.008097558393845239,-0.0030000000928787204,0.44887984607004694,-0.8855021642308848,0.11997000014399457,14.72961262420674
1,0.02030866170770523,-0.009283587468317585,-0.001059422450629866,0.30060744254450456,0.5918842708196543,-0.747869089776505,8.369880895883659
1,0.020074217730231984,-0.007086123423069732,-0.0030000002868913224,-0.10807181134630552,-0.5442361366656862,0.8319420118851657,3.10736550370265
1,0.02063338992077183,-0.008141193486674393,-0.002991682672831802,0.656721193553913,0.7383064186912635,-0.15369094331288646,17.599627271154326
1,-0.011906574083814993,-0.02947917844693808,-0.20999998565273859,-0.6741959316422174,0.6774344738480844,-0.29418086171478214,6.115720621511547
1,0.010744780658292718,-0.00571721277346463,-0.20999998534251776,-0.19304168933167265,0.5009865478137661,-0.8436512224193238,7.104621333228847
1,0.01655017412171633,-0.008013047464965742,-0.003000000037978998,-0.8115444604088717,-0.1917611799378212,0.5519268417539843,3.898816736013534
1,0.019746386964085042,-0.008921609127930115,-0.0023485493344557046,0.43933531867360015,0.8930520195756941,-0.09717287737707545,9.833787250662315
1,0.018238615786783645,-0.00917413073754285,-0.0030000004385341717,0.197972004311868,0.6911674002372961,0.6950501495273265,11.293876028330489
1,0.01821606798821323,-0.008439036024319821,-0.003000001345086673,-0.6759947431846798,-0.09834447950567071,0.7303146380413291,13.4418271979058
1,0.06323711583307157,-0.036455379622115376,-0.20999998481899584,-0.3813778221374241,0.011789372916012099,-0.9243440741779885,8.136073611433927
1,0.019275389057049633,-0.007075309585030632,-0.003000001669091161,-0.1791778280742905,0.5995376183891926,0.780032018613848,1.0601543401726996
1,-0.007632764823616339,0.009457970264543964,-0.2099999848753753,0.2927243833414176,-0.6200797722745327,-0.7278828967721045,6.869225832146395
1,0.017652981918406953,-0.011346328688323509,-0.002340817545840988,-0.5821056715155163,0.6332213533174509,0.5100820570185602,7.522550024907234
1,0.018453156119813068,-0.015208754221551862,-0.0029572037918180194,-0.8471783505789813,-0.5172223115182644,-0.12153157111623186,21.813249617171728
1,0.036833339181066765,-0.009845029115269306,-0.20999998284196278,-0.07356834829112113,0.7467130587126767,-0.6610652812526728,6.699123091757092
1,0.016869444778833412,-0.009242856289515627,-0.0030000012521721586,0.40381451189825346,0.834625874085881,0.3746111187441647,10.224464682980408
1,0.01695564311126426,-0.012083522536447806,-0.00300000021283334,0.21457114902006966,-0.3139259186975391,0.9248836356959252,9.296734697877813
1,0.01700251029539344,-0.011982699108038817,-0.0027441794257346353,-0.689265549770129,0.5286883612179504,-0.49538027677003854,14.933033444430372
1,0.06626941429881739,-0.0023232324874872265,-0.2099999854301876,0.6621575993146918,-0.3715288043434537,-0.6507792722674318,5.75655585844826
1,0.016965980865662367,-0.008934080038242111,-0.0030000020866947476,0.5103691278334864,0.24320128425941898,0.8248493733337352,4.257007385856605
1,0.04383461867669816,0.002462620433294824,-0.20999998548733198,-0.8398077793784647,0.43891158591888024,-0.31949884732434586,6.22155608375843
1,0.016347272349974004,-0.010058848348725356,-0.003000000629679018,0.4050524406890808,0.7061282939802529,0.5807885611238881,7.86471262769357
1,0.01701192004385157,-0.012432920168013267,-0.0029101402981445835,-0.5063274118833242,0.860388090218617,-0.0580076390270793,15.004582079715274
1,0.017000952119091105,-0.012211553026395504,-0.0028145034882360795,-0.7301389522185575,0.5894467359633789,-0.34561489538980444,14.437856769182009
1,0.017670179594540238,-0.009907990585814758,-0.0026707288348874897,0.11537809667838057,0.8965619506108667,-0.42762666371931507,11.270211336802156
1,0.018083600186701538,-0.009219987885423664,-0.0030000020272418727,-0.18521129729473476,0.427880466156871,0.8846553464687702,13.058515466684215
1,-0.02613695682369667,0.004044976736147519,-0.20999998588243465,0.392781525604104,0.17968244439666195,-0.9019073634912587,5.0187745809076505
1,0.030844395802232284,0.035466075477610895,-0.2099999849235659,0.10700308914607255,-0.3587540094248208,-0.9272787604786454,4.9533083397667195
1,0.06414710537061649,-0.031171657585597538,-0.20999998489452398,0.5479282237553595,0.436646533511418,-0.7135225759461005,5.857780726597577
1,0.024657020595301497,-0.013744903438550952,-0.0028268436409775648,0.7502303672338431,-0.3316434655001739,0.5719851465477123,19.68842257714
1,0.025015579241697172,-0.01249306451930787,-0.0030000000562196002,0.35572217882135687,0.4137719211004718,0.8380062820787272,8.363014982957411
1,0.0016509977046046918,-0.019671326628186346,-0.20999998569705958,-0.11446443864149743,0.8928265441829762,-0.4356129638667458,5.873904597938084
1,0.02567004377978776,-0.011498508784145343,-0.003000000037502445,0.8227532949194839,0.3277738557654345,0.46437195778362145,8.448693886653297
1,0.025049875833955744,-0.012835565190731656,-0.0030000006079649766,0.5449763528492115,0.2879495223505783,0.7874552986762141,8.085406706454378
1,0.02562434183245432,-0.010919866056296088,-0.0030000010784380768,0.24455067598644128,0.10350230701922183,0.9640965923164926,15.968620679697189
1,0.024998819699397212,-0.01222149403440818,-0.0026053309474743896,0.80079398523572,-0.5954087422311132,0.06494168834467577,9.640425803424758
1,0.0773419655251136,-0.017541618068941396,-0.20999998598744524,0.8529262396911866,-0.1215998330309375,-0.5076714589703661,6.556044693397916
1,0.046762496498358064,0.009055556570483195,-0.2099999842779955,0.5851422716422632,-0.15981049838481845,-0.7950277520585858,6.3884020342261225
1,0.0038502125386309224,0.004396069981854078,-0.2099999855805338,0.19714155062785363,0.7593936067867485,-0.6200456104089913,7.184205120885994
1,0.02655193604816058,-0.012699020957742113,-0.0030000001522415493,-0.1663482141246559,0.786789334288401,0.5943827177059853,2.795177989065003
1,0.022888934349387102,-0.016725519432194007,-0.003000001068622535,-0.048448075981676844,0.7905246079557017,0.6105109566176171,5.009809810995162
1,0.025021172367547397,-0.011264304545386121,-0.003000000015548475,-0.6668540139681083,0.056878973328525886,0.7430144725694882,15.234242896047524
1,0.02498873900040791,-0.011824440618228387,-0.0028404954284243673,0.8738405755481252,0.4817366041361589,-0.06582167394622371,3.7527347430911764
1,-0.033565050616425104,-0.0015619253276604622,-0.20999998423737612,-0.25162816232711543,0.005888314327770882,-0.9678060733836384,5.400119979616678
1,0.02125307935557224,-0.00862752159594127,-0.20999998592384506,0.47416582423458603,-0.5764726282367915,-0.6654668136140988,4.803668848918294
1,0.02499494172303039,-0.011923271889484291,-0.002983977823165785,0.8073371724555521,-0.30011670982265537,0.5080715013230894,21.459855745575517
1,0.0036187098663655686,-0.01905597344124447,-0.109225176179732,0.465318001043184,-0.15141155667769657,-0.8720972987056044,10.898520373134085
1,0.04237750885322748,0.03370754048306431,-0.20999998526773322,0.061474011158204285,0.31826894439332387,-0.9460051928963605,7.855583174324434
1,0.018863372219685884,-0.013939347572515618,-0.20999998595665653,-0.10874212930924286,0.7294524059586537,-0.6753327600186618,8.121622432016993
1,0.024178031140029352,-0.0096953423591487,-0.0029676917461229284,0.6726836749012857,-0.18714323925053805,0.7158729506861654,16.860575410531375
1,0.024259560143197884,-0.010996794901410504,-0.002372386779087122,0.9896995020066807,-0.06339061731617883,-0.12836091836693153,6.645546045461117
1,0.01618757356419598,-0.008533405340130813,-0.2099999856231679,0.2930329003191576,-0.8462212662762291,-0.4450183005589752,6.96605263052367
1,0.02462656038190634,-0.010436751176928192,-0.002999477147888831,0.8495900516828582,-0.10168174140426525,0.5175495797955154,19.60570576755051
1,0.024173670183688066,-0.010649915220344565,-0.0024986307350697247,0.996517892184341,-0.0693599103185816,-0.04627411152120442,6.019840025474779
1,0.02499307119162033,-0.0116726779656998,-0.0030000000187155517,0.02906480839875523,0.9513484972750286,0.306743009122114,5.583991193934842
1,0.025129077531576487,-0.011347480452737238,-0.0030000026502799973,0.04131837131568071,-0.2133737473567417,0.9760965301294545,7.602527773138717
1,0.02265162725533955,-0.05742763620328519,-0.20999998326338698,0.007387781708324925,-0.14333319662994076,-0.9896469145231912,8.747887693676788
1,0.027382535414620428,-0.01144320475686621,-0.003000000050085634,0.12972844059758748,0.585723542416116,0.8000615373579926,0.7903534606626894
1,0.0032636016821433363,-0.04669951590878098,-0.2099999859445254,0.549704613737,0.0992298648895279,-0.8294445560435377,7.870861899712572
1,-0.016293842210091718,-0.02043584687158096,-0.20999998596958538,0.2805895364615935,-0.8185498023784683,-0.50124418505798,9.939090605059198
1,0.023461000087084807,-0.007878214494815362,-0.0030000009666108743,-0.23316313313579837,0.3136530601873388,0.920465486143514,5.830142067626618
1,0.015755754933205825,-0.01149319144263564,-0.0030000006966766192,-0.4992449579119479,0.6134518881016641,0.6119078794916768,8.931765909166504
1,0.01957917733006294,-0.007700643991558058,-0.0030000017354540453,0.5896403693213025,0.3793408470958618,0.7130390989218136,8.772836056244675
1,0.01972992135267092,-0.00824997186642466,-0.0030000001223550693,0.3685247354570801,0.3296292566405955,0.86921462972206,6.180161823420621
1,0.02063826790796565,-0.007140798066208535,-0.003000000224059541,-0.5769576535759695,-0.35295673695036156,0.7365741020572643,7.402213610939145
1,0.02046931653178821,-0.007831735200774587,-0.00300000154860255,-0.4322901614036082,0.3768006367034219,0.819235312064573,9.352021885411173
1,0.01862457577323455,-0.005269534108297407,-0.003000000669709818,0.48264245702013353,0.6560927597518482,0.5801711379263639,2.6613179243245524
1,0.005003134078939924,0.01931910227138297,-0.20999998517494228,-0.5860142319927495,-0.15862555905678968,-0.7946227104204038,8.317863491344383
1,0.02567468889688123,-0.025115059166933844,-0.2099999858139517,-0.004387298450235997,-0.9277435179379927,-0.3731925997877586,6.864944698390357
1,0.018974473464511612,-0.021491239679756566,-0.20999998542203918,0.5851265879337331,0.11348703301733461,-0.8029617484226442,12.144184705477878
1,-0.015816689513255572,-0.006891356030675429,-0.20999998465307773,-0.36441767711612066,0.752247588756484,-0.5489292502821715,8.301466631332332
1,0.01823795604782044,-0.009009526556270377,-0.0030000002887474956,-0.6532298721457439,0.3014584889460779,0.694559942394321,8.416749438760446
1,0.027013476713340992,-0.010703957561241149,-0.0030000001666697067,-0.34212309270084745,0.8518051068939245,0.39671129213854883,3.41030226555346
1,0.017681138460397955,-0.006264311613161343,-0.003000000084744146,0.4059642312982709,0.6710289530630612,0.6204137224928994,2.327608169852394
1,0.025362874631160843,0.026986341698272433,-0.20999998500934852,-0.031781761814204175,0.6215802041255908,-0.7827055445409684,7.028166099875056
1,0.017010966639025803,-0.012420347927542586,-0.0027350373064447967,-0.7180453187313163,-0.30073209491434916,-0.6276711936487679,9.8435244107452
1,0.023625381716923598,-0.008985218562860187,-0.00300000004439014,-0.3948358961963761,0.7340111147346444,0.5525688179048918,8.87951345741267
1,0.01919436444520371,-0.008044996223415908,-0.0030000024101957566,0.27083063336784746,-0.5233987414235047,0.8079013092611389,6.314724641213912
1,0.023224719830120966,-0.01823903119778314,-0.0030000000540247596,0.016985307417952848,-0.44514177204655203,0.8952990015135577,1.2607209300163336
1,0.044837366622335784,0.029648083950539233,-0.20999998556760474,-0.7133971319764209,-0.3646484417066806,-0.598411268316955,11.576598458308595
1,0.005976280347977252,0.03670648814909209,-0.20999998541393433,0.5612911382782849,-0.6872791386753526,-0.4610852888912553,8.819725910121457
1,0.026573982725918013,-0.009796698056595263,-0.0030000001002846496,-0.8462900825772919,0.2999972632474412,0.44022123776047667,2.603229242331937
1,0.09178338061672484,0.03908934920573967,-0.20999998595284075,-0.4660742386583688,0.4839323796215162,-0.7406647392801136,5.819086749960169
1,0.022000071268668833,-0.006719027256016696,-0.0030000015327099998,0.4725905145756735,0.4649081240191024,0.7486779292553902,5.465805275465759
1,0.0193149729460608,-0.008037913370475224,-0.003000000063773692,0.3629897010975372,0.3411664086337411,0.8670893601683021,4.884076830437964
1,0.018774006604004193,-0.008163291122303514,-0.003000002925634857,0.46495681716575804,-0.4813129302542914,0.743069997605283,9.840080295166668
1,0.012598358241003835,-0.006734156829432269,-0.0030000017795759016,0.36177601952833494,-0.471500005853886,0.8042424113251052,2.669155806494523
1,0.0191960452226046,-0.021358447965213738,-0.05148290147520379,0.6237916953580671,0.7766214666086618,0.08799442257847787,10.971564577957185
1,0.017990122169598645,-0.009317852731860638,-0.003000000448714733,-0.3056567562912496,-0.2505406031604423,0.9185876950523083,16.781970339193425
1,0.018002998693509888,-0.009888619153741791,-0.002500000104782835,-0.8008424577741434,0.44072320131883236,0.4054804775147005,4.850673492665415
1,0.018622187167398465,-0.00998238512454136,-0.0017510001309800091,-0.8001342499944213,0.5689591127908101,-0.18992290530148992,8.878584688324535
1,0.018088872732349243,-0.00987780455414904,-0.002500000285616812,-0.16306979774226915,0.831414036600874,0.531186352241222,26.90221338516003
1,0.016518765181045586,-0.011132136772674798,-0.003000000549004923,-0.46257891573262827,-0.09428324769522714,0.8815505747962881,8.138531544606797
1,0.018500609929262314,-0.009001378250117122,-0.002984909988964649,-0.5248298192379587,0.7788912226078388,-0.3433396629915015,5.207540004755121
1,0.018643837203161165,-0.008891952004674585,-0.0029050278649796297,-0.6725480138072933,0.6353766596427624,0.37944125962402914,8.94556387755068
1,0.034200748698607515,0.00205221517318915,-0.2099999854226729,0.8075005360871257,-0.3298843891208212,-0.48899813295490985,3.439053942143265
1,0.020324495829519645,-0.016066897435437193,-0.002890953006665142,-0.35020094238566696,-0.7218104826395931,0.5969496855713957,13.693438165259966
1,0.07021448507362663,-0.04852426130990185,-0.20999998508590906,0.2041021554247325,0.49248610693337436,-0.8460494930136105,7.698359964955647
1,0.01995902317689089,-0.00777449099300144,-0.003000000609237551,-0.05484924008416577,0.5938741970203849,0.8026861148516171,15.203172390608948
1,0.016340444899995674,0.015212823325285698,-0.20999998289715172,-0.21575304846849888,-0.48985260165948863,-0.8446863623404723,6.322006106888568
1,-0.019458541649484015,-0.022935724079516072,-0.2099999853013469,-0.5322402258257536,0.359700158598608,-0.7663785865465496,6.128320320247788
1,0.0192411612474645,-0.008531804379159551,-0.002788064259185416,-0.6365164888085046,0.3687139371816567,0.6774192143738573,11.176110611857872
1,0.019668827179690346,-0.007371905105714074,-0.0030000009902087423,-0.2819400933199993,0.4166936816707279,0.8642199716706414,4.980164288705847
1,0.017644529278289692,-0.009947021839728214,-0.0028284217625833873,-0.9873930390594274,0.1457759362032299,0.06167951719217443,9.497358732851929
1,0.017443223816406832,-0.010294235837448224,-0.002985936787797739,-0.5610635387658426,0.011852002047818777,-0.8276878853257476,13.612872118045296
1,0.022509993265415276,-0.008185708503292932,-0.003000000082336437,0.01344962845507695,0.38123617888521866,0.9243798371900036,8.79724629989978
1,0.014062970179330767,-0.036515246952968226,-0.20999998532258235,0.5918765209645555,0.1972031789448795,-0.7815325266071325,7.6656296243131985
1,0.012051647229078545,-0.01342134622457702,-0.03440958967338345,-0.7708914869614077,0.1081479306995215,-0.627718360744563,10.078650050151454
1,0.02681114088977827,-0.031208241931840373,-0.20999998576960532,0.49878318884795925,0.2132202159490807,-0.8400907510699592,7.938999502775671
1,0.021529736162474354,-0.008132172592970685,-0.003000000735583399,-0.756046774167973,0.10767972760446566,0.6455992189688816,18.318570142167548
1,0.018756568123216005,-0.008812712143145524,-0.0029408380311584884,-0.12829527212206035,0.941905864862544,0.3104088672842152,9.209644030043293
1,0.02122631673440078,-0.008126596199845279,-0.003000000243300771,0.3641228646386592,0.8574980592951522,0.36347161890907587,19.423787860366552
1,0.0018134679843023367,0.014138380805926387,-0.20999998562945046,0.3537057435871541,-0.1632961865937515,-0.9209921836787742,7.368639110227422
1,0.017222502397763594,-0.007794562228822032,-0.0030000007777488936,0.39033903519583535,0.5621635151856732,0.7291142707398286,4.491365468398404
1,0.05132319583455941,0.009271620556201614,-0.20999998544027446,-0.5125479700840485,-0.49789524477598146,-0.6995676547641315,7.029104882851637
1,0.05305276858875219,0.022651334741972798,-0.20999998400815342,-0.1745514555083706,-0.6436503181652886,-0.7451483458383519,7.677815155097944
1,0.01802713569702386,-0.00795645508830014,-0.003000000190523157,-0.35353312107640383,-0.25139313546088954,0.9010082262360981,6.271387930212002
1,0.018995811833199153,-0.008616008130486394,-0.003000000764701979,0.8039211059533267,0.033669894193047306,0.5937821095551881,10.303995827486219
1,0.01843084323105222,-0.009058516254081281,-0.002953108254054127,-0.920971783404608,0.3869545369038761,-0.045575876755608286,11.314241124149149
1,0.01767258041307917,-0.009904392423501128,-0.002981013568674762,-0.46244290814843914,0.8821874557388407,-0.0888360829857179,19.837531200307325
1,0.007514678964452518,0.019675869476070543,-0.20999998590201796,-0.8353674786358244,0.5305171586262142,-0.143919144108051,2.4453943272065626
1,-0.015611457785544472,-0.02320176446974894,-0.2099999852630355,0.05731591977252834,-0.5798768990492525,-0.8126854663949957,6.240124916222194
1,0.019546095312265185,-0.0010264144822208913,-0.015979146171664387,0.17797181079921082,0.8180734282057034,-0.5468838090715595,9.696795072357485
1,0.019307177585296785,-0.015438985453512511,-0.20999998552888122,0.11986847101800828,-0.4527253924132168,-0.8835560359819313,10.571491531956427
1,0.01869209756204969,-0.015458125401431884,-0.0030000006531441083,-0.8873218345376771,0.05789303083163125,0.457502304839898,13.745810328318651
1,0.014568634552359655,-0.01047200708484004,-0.0030000016280106265,-0.24918257465670224,-0.6826192529310768,0.6869781656030094,5.263669837780522
1,0.01624243152343122,-0.00996893853839649,-0.0030000000041168354,0.9850328946156157,0.16778422322149392,0.03947975383840343,4.681927903697714
1,0.04291440513222591,0.006928720468071819,-0.20999998598476993,-0.13338844438594422,0.894246289371621,-0.42723658182485386,7.7302408208982
1,0.01724451579073985,-0.013161515198576517,-0.002500000120801032,-0.3179253985019173,0.6893906204965885,0.6508947790224822,6.4711365491922015
1,0.0170176225410053,-0.012499411798654634,-0.00264141923900788,-0.43210082724099075,-0.20143122662439886,0.8790417146178224,12.196225090440505
1,0.024969688882542286,-0.012615843823727515,-0.002985623692121764,0.9758930550150376,0.04137141841786894,0.21429220917128647,8.584639984089698
1,0.024991556253301465,-0.01186459132003794,-0.002742421273683857,0.9586028454658277,0.1762365598386194,-0.223654330700452,6.414830158827803
1,0.025438342730293738,-0.01232231197390202,-0.003000000002843904,-0.4874770758498749,-0.3249596008849421,0.8104118448749097,13.604662563352628
1,0.02505094527642371,-0.013979387057282492,-0.0030000021823703513,-0.6294467287288547,0.39057303535344035,0.671751084664062,6.930928825276626
1,0.06264790051447992,-0.03936457927040664,-0.2099999851226759,-0.48697743593175363,-0.824134384549118,-0.2892325934212492,8.297265733925311
1,-0.0011822940604188587,-0.0336237929666678,-0.2099999858443654,-0.15314480532746103,-0.8079038513918454,-0.5690676897412439,5.501427000037972
1,0.0266858213106412,-0.011114449663590192,-0.0030000009096286025,0.33494310562899304,0.08063003893482737,0.9387821434246466,6.669456875346765
1,0.005079549561019384,-0.008884564288840924,-0.10754616333592291,0.7167124946250691,-0.31848093483816986,-0.6203975291640962,8.45261876626423
1,-0.025222632969435665,-0.03166568620910038,-0.2099999859476619,0.3910517009468767,0.11654102567146221,-0.9129604353541277,8.828861672318203
1,0.037934559644885936,-0.010763514425090027,-0.20999998592704094,-0.1759055300778693,0.8215330393905519,-0.542347406813885,8.10758132663872
1,0.023239685097538716,-0.015438534757457083,-0.0028612121145392315,0.3148881547501468,-0.9234473295539889,0.21929541613461564,17.39083580856188
1,0.023720172434475082,-0.015146934302147409,-0.003000000448730565,-0.2480467594581341,0.4091015992314378,0.8781279443387497,7.698281582389307
1,0.024002365056302828,-0.01644096102533961,-0.003000000113663746,0.493758710605217,-0.46892603867452565,0.7323323739631418,4.433009143641329
1,0.023604026104827095,-0.015160638106686653,-0.0029919382449481854,0.7021838864014879,-0.6741844172760684,0.22893920848170662,18.60353990419298
1,0.02459228192425419,-0.013883741479785681,-0.002802965925052366,0.62225073759304,-0.4013843757249425,-0.6720822884802246,20.75506313854212
1,0.01870380402434357,-0.01598232892851862,-0.003000000451656301,-0.3112048078414928,-0.17164258334562926,0.9347140691991207,5.716941133633058
1,0.00038097662327373367,-0.004115035720027484,-0.13480911544493274,-0.024560990293218066,0.9856980113982906,0.16672188842881905,8.836710452400066
1,0.03434824752232364,-0.03056664254311773,-0.047235285441682165,-0.22316118279146407,-0.7927739611702547,-0.5671935586601261,10.574640909407213
1,0.04034444128963556,-0.05212257168646381,-0.209999985958016,0.04491872022209266,0.3637976317208567,-0.9303943205587111,8.246768178137767
1,0.025077299808946386,-0.012078805659708045,-0.003000000082845079,-0.39300066234594166,-0.20846268557555608,0.8955968892968967,9.06645226840157
1,0.0258848033987671,-0.009692257774280191,-0.0030000010437055942,-0.1139060022027184,0.687019744583964,0.7176554139794247,1.1990810870447448
1,0.024328789730023115,-0.009310843868251935,-0.003000001093969977,-0.7823622582949433,-0.11056835766884461,0.6129306119603192,5.196784621117961
1,0.02535938898879125,-0.012986615298944626,-0.0030000008475709163,0.11487425959101144,0.08556457204430704,0.9896881369877542,2.0205220171617877
1,0.019469740805888765,0.02182577632418574,-0.20999998506633766,0.19546050494285683,-0.1320664833969836,-0.9717785935955977,6.250743894615048
1,0.025592426134664503,-0.012496387040973275,-0.0030000010422936247,0.04009120151999381,0.7157565897624624,0.6971981065466931,7.560350871370191
1,0.02493249656663739,-0.011077575822314487,-0.003000002451915544,-0.00295789836983434,-0.3658995061561316,0.9306496667553977,13.946845901197051
1,0.021947983940679407,-0.053079472619477513,-0.20999998563455097,0.2807958524998355,0.9132194434879489,-0.2952692622919828,9.941280043127191
1,0.024942579259230546,-0.012799646799496772,-0.0027562868295901368,0.993155442676654,-0.10799915607485841,-0.044479759091723005,27.128521835307872
1,0.024990836366709575,-0.011853767878742712,-0.0028329131235990974,0.9952179420034059,0.06847567018882093,0.06965867143936647,8.788587652754572
1,0.024916370569585164,-0.01412387886686401,-0.0030000011598253044,-0.05950708880322836,0.1445664947193467,0.9877041232002253,3.1659924504226895
1,0.027136794522724016,-0.011489728262522807,-0.0030000003048912295,-0.4373936945474189,-0.6402524114304566,0.6314773199629932,3.362592799031891
1,0.024942234273425602,-0.00943524620720051,-0.0030000000488471026,-0.516972592675234,-0.532813353668161,0.6699621396583051,8.791908819610683
1,0.025337475469448697,-0.01242841490332956,-0.0030000021149764015,-0.011037663481064462,0.31783800354194164,0.9480807842633199,4.160339851846533
1,0.02499359160929731,-0.01183916091899313,-0.0030000003290976585,0.17974634881464643,-0.6901164444004292,0.7010210719057686,10.547566958347906
1,0.024886644400347893,-0.013089100757648534,-0.003000000014650804,0.8379945925981974,0.053589400698951434,0.5430407341156909,11.938933285270904
1,0.016774299842772643,-0.005119850279007124,-0.20999998371628217,0.4703129257282029,0.03410777063087953,-0.8818403550958468,6.333560073704746
1,0.024629918621219923,-0.010387033917557603,-0.003000003000090192,-0.14564558215021153,0.17477395711117344,0.9737768883660299,15.966673705706583
1,0.02505390097228837,-0.0115020920379048,-0.0030000013223074134,0.016115443561414478,-0.6647252771233128,0.7469140502307839,9.977293095675533
1,0.024989978391358757,-0.011841391428980146,-0.002940672914345347,0.30644162234798855,-0.9518717272706122,0.005809209549836294,9.466347423827889
1,0.019313022786445793,-0.00849750528548803,-0.0027319811600969145,-0.26925341629302935,0.9394141491117527,0.21214064736201343,14.034482854451468
1,-0.0047411826984599574,0.041033096391029915,-0.2099999858391679,-0.513170971193017,-0.7921976950644043,-0.3302701413380577,5.242456605117801
1,0.017916118923197943,-0.007995919314986614,-0.0030000018200190912,-0.36384079926038193,-0.6023156532695667,0.7105179284296924,6.277838713231346
1,-0.004400268705207667,-0.01763747585183001,-0.20999998535881648,0.0359373725918048,-0.17163339555237628,-0.9845051969300916,10.440136930925622
1,0.03826593692509564,-0.01169064199696003,-0.20999998595441854,0.49225612016103243,0.22297674747597993,-0.8414067281933515,5.612452638305228
1,-0.019856368017813673,-0.020603796290486236,-0.2099999856249543,-0.2253288468909089,-0.5641573617307211,-0.7943257404641032,7.656620462595181
1,0.02429185743586538,-0.014561598199341372,-0.2099999846653565,0.1289335462693371,0.42330715750911846,-0.8967648471299279,7.659488834617607
1,0.02008594339253846,-0.02374290167360977,-0.20999998585479313,0.8249068281805043,0.2195991965305169,-0.520869386414993,5.369633830135689
1,0.020274443951871928,0.007802894692427169,-0.20999998513497772,-0.23043429346155117,0.44885931614697006,-0.8633801889694657,5.722022298571459
1,0.042940390428529776,-0.036554576997808494,-0.20999998570819942,-0.7783792875060637,0.5124922569628387,-0.36259808512275526,5.977504922604619
1,0.08087378252497046,0.011604935955540203,-0.20999998427541694,-0.6765957039598345,0.33168452003092597,-0.6574219592886674,4.972537648339378
1,-0.03506336850912833,-0.030398457391756,-0.2099999850510565,-0.7428545868578499,0.4659182011126702,-0.4807153967330214,7.540875540345748
1,-0.001933868786351088,-0.08875062081190493,-0.2099999844404575,0.5227712471903455,-0.05506029899681105,-0.8506930037242765,6.386766876609128
1,0.044642657949953854,-0.0372785310443806,-0.2099999851862026,0.19204197113196889,-0.8051240840104037,-0.5611551395738581,6.60267735838663
1,0.02978057316428421,-0.00844319959599489,-0.20999998555131566,-0.16579966674858695,0.013805361297146629,-0.9860628187420477,8.581974615588306
1,0.02377892934685672,-0.006389391987754341,-0.0030000017544832927,0.031316138583788955,0.3489478316555624,0.936618764624691,5.269340010474757
1,-0.014045979836808676,0.011289902468594768,-0.2099999857791622,-0.8127165369217362,0.05997440997473221,-0.5795644060517549,7.416033127153159
1,0.04101594296849312,0.0004677555135761795,-0.20999998589870866,-0.6860903808659758,-0.5187012046634172,-0.5101265034909479,5.64388817103325
1,0.022910434582085984,-0.008078644823355862,-0.0030000013963651486,0.5849175777261028,0.47916213141957376,0.6544272909044058,5.700630081627871
1,0.02169609085451979,-0.008185396127677016,-0.0028364721241308432,0.2815703236583242,0.9586450334379482,-0.04144698661786351,16.876142753754394
1,0.006160845679594304,0.031050255996531675,-0.20999998519856042,-0.6401733098900934,0.11685310787401341,-0.7592914358035039,4.986653307308838
1,-0.01131106682154067,0.0008568091676465286,-0.2099999829942399,0.33121816258052234,-0.6293845551556216,-0.702971984156085,8.336241718147889
1,0.024371559390465983,-0.014276691249448682,-0.0029117112845638716,0.6753192098352437,-0.59058573981233,0.441760623819988,11.126979669121571
1,0.017693454766582566,-0.03417668180443208,-0.2099999859428741,-0.9186011137541034,-0.3479011095761975,-0.18744815754061434,7.928129169294119
1,0.02937062636740438,0.0006484535050050727,-0.20999998446706636,-0.47540306203379773,-0.2881644488204252,-0.8312359346448575,8.298490616858349
1,-0.0016532382193000035,-0.008859497983037527,-0.20999998538139003,0.35400457114215816,-0.39650105507037114,-0.8470346373900769,6.80390481853498
1,-0.02963024714771173,0.016904333553723727,-0.20999998569449316,0.36278023248897834,0.8276169185148526,-0.4282998238421567,5.245293998817498
1,0.012884286964584905,-0.0038693659295335713,-0.20999998319980676,0.15431487591877568,-0.017422121880739504,-0.9878681029061244,3.0811675274576724
1,0.01839429682326057,-0.009809978286031851,-0.002462687325871069,0.49511736800224476,0.8684809754298775,0.024486470119194303,6.338153479740067
1,0.01799320186896794,-0.006885946258302288,-0.0030000000023504636,-0.0742701446216851,0.5060367573063116,0.8593082950098799,4.830654393110532
1,0.01873825124433102,-0.006691362354025381,-0.0030000005407335266,-0.09436012815144089,-0.4014197842560934,0.9110204844146128,0.7196859760463674
1,0.017896927394750805,-0.010587058094450746,-0.0024076106591253707,-0.9338183763141594,-0.3528407736279894,0.059047680086424525,7.4478095039816
1,-0.05894385544540508,-0.004791101538006095,-0.20999998593859676,0.7984826772603599,-0.3546262217996109,-0.48648294618337984,8.273448964412664
1,0.017741013136862542,-0.009180730515916748,-0.0030000001464204943,-0.5214744833052283,0.22318729965202702,0.8235604364802751,4.740618757875492
1,0.018106311579413333,-0.009362741700889233,-0.0029524448565745737,-0.7539021242375192,-0.3989023739071452,0.5220234507772614,27.255532288103275
1,0.017218513931767418,-0.010820398394212602,-0.0029010501704274075,-0.8062477191989789,-0.29244151855464884,-0.5142398015633325,14.653616525747319
1,0.0231822301167756,0.005543844160125596,-0.20999998593670732,0.4789083555972899,0.06945391226991449,-0.8751131018385582,6.3484206868707185
1,0.020209265559081077,-0.008203294070863645,-0.0028767471517485398,-0.22376610819036732,0.7797121758955297,-0.5847885528852248,9.171724414313566
1,0.023413001661676917,-0.004249481188193254,-0.0030000003993721144,-0.24524429461238892,-0.2156564315279259,0.9451706404140539,2.9286931192014527
1,0.020344577353222218,-0.016070285224581142,-0.002985260410063619,-0.4891967830444959,-0.849324619591343,0.1983285103431594,9.073546784987363
1,0.01977044535206348,0.011861406135044692,-0.20999998538072023,-0.5029952950608267,0.8344639824705589,-0.2250901932693797,8.327518918335533
1,0.03826307993659127,0.01141193413224943,-0.20999998528550376,0.3566094875434489,0.7184485488736273,-0.5972113160476598,5.862654748073545
1,0.01966865236880542,-0.007434997821835642,-0.003000000024813411,-0.7914340902945054,-0.26102573970207615,0.5527184128764774,4.6604344690888
1,0.019425224204702482,-0.008447391894427662,-0.0028820692629852145,-0.11028562250097693,0.9121640120012791,-0.3947073557451171,22.507688282884654
1,0.01588417012911207,-0.005593317333401913,-0.003000000061217282,0.3574062035895681,-0.18471900323526363,0.9154996971487557,2.864613032683148
1,0.0190326083543318,-0.009182567132050491,-0.0025000000181989797,-0.6795108293174943,0.5926153055098364,0.43251836090012985,10.535925361382171
1,0.018687996279417383,-0.008860221028459623,-0.0028529056145372403,-0.7457031964378374,0.6259910027360844,0.22817100454673,12.187251335464026
1,0.00913443219319799,0.024898253596887784,-0.20999998502561956,-0.5213222703085262,-0.6904473659446286,-0.5015032655332249,6.709245673911368
1,0.019159622739742758,-0.008572878723460525,-0.002727378267655133,-0.9784554453696321,-0.019836588778962994,0.2055029225391441,10.138512476756656
1,0.01552916452432063,-0.008336370794175239,-0.0030000011914917304,-0.09878932387224496,0.7747686627632131,0.6244791339099869,2.3474217638954777
1,-0.005479262306170048,-0.03588563788039166,-0.20999998535085063,0.41732259716527303,0.6014746490106055,-0.6812269052913279,7.2046127156275075
1,0.059400257339925835,-0.008903390215324287,-0.2099999844291774,-0.43720536243874,0.7720328520185344,-0.4613206547066121,8.213275947577017
1,0.017061258849100182,-0.012821694542638602,-0.0027878071892081507,-0.6570679238086353,-0.3342759450073142,0.6756636264379461,16.923102409150832
1,0.02388112565202803,-0.009349639090974273,-0.0029966119071394405,0.6718956017261262,0.0946715952245935,0.7345703434244524,11.328596019663927
1,0.030615459138459707,-0.01422426444277625,-0.20999998487480293,-0.33650572187487154,-0.6263791286018713,-0.7031451389275419,7.130316319734531
1,0.047252607766045396,0.01379587411686083,-0.209999984150201,0.07962561866810244,0.2079726494343456,-0.9748882694642399,7.716626472168716
1,0.0830276374466862,0.011286901027464191,-0.20999998442817008,-0.5856394929859621,0.3629302180082944,-0.7247813746997073,6.62382549274038
1,0.02162842362546468,-0.0077265676046486915,-0.0030000000773092337,0.2858555341215204,0.5459067019363156,0.7875737974267017,11.77019334007655
1,0.020280615543317983,-0.008189582154853228,-0.002896402860858761,0.17433643461497791,0.9728557912275481,0.1521788981454364,9.555955900665293
1,0.021210309760475728,-0.00812988881640197,-0.002925652960291681,0.26523646277025026,0.7151174132510587,0.6467276892806124,8.337049713567097
1,0.026727163956622543,-0.013747640759103615,-0.0030000014106104827,0.21786586919899534,-0.5711112392555774,0.7914331402172424,4.9423666300280065
1,0.03917682518630853,-0.03441144869506234,-0.2099999843266138,-0.804049246403012,0.07416939390904996,-0.5899183929713607,5.244377850550196
1,0.020621314024640125,-0.00814232169805399,-0.002746485397697525,-0.957118725809506,0.28866811021305894,0.024381690893147644,14.457803551988434
1,0.018901569366851074,-0.007865671880597,-0.0030000002195585225,0.44155222809170125,0.49153021958103854,0.7506195261954423,5.202359907689675
1,0.019421025733714403,-0.008149657885565015,-0.0030000002793959374,-0.29465767599061693,0.6027006696738454,0.7415718149677122,5.882486309222785
1,0.016892215643560478,-0.009074666718285357,-0.0030000000663742248,-0.6841174050800949,-0.5701076299561078,0.45492929816874517,9.143413463837286
1,0.04009231134076385,-0.0691193367686471,-0.2099999851643672,0.4345982278802094,-0.06555690684818082,-0.8982353100874406,8.490668099014258
1,0.018860281495180452,-0.016280089149559945,-0.003000000840502742,-0.4884354489544956,-0.5813789276796137,0.6507144955006943,5.457461688130189
1,0.016704806546698692,-0.010674542888792363,-0.0030000002703344177,0.6905404357021225,0.10493426234139142,0.7156414655728038,5.797078969904324
1,0.039399409832292606,0.02628451194363661,-0.20999998426035887,0.5859695201040256,-0.3001133523594645,-0.7527095703155517,8.772476583359099
1,0.024975539922457275,-0.012566016249466667,-0.0029793440822869135,0.9883787480768176,-0.1320782237099371,-0.07525153268692027,3.996630785805974
1,0.024611426053602815,-0.012869715848023952,-0.002500000550012238,0.6685464482552276,-0.42165458874687034,0.6125790188326966,3.735352244689347
1,0.024969579575510388,-0.01261671960507268,-0.0028287809565801353,0.9440379369421928,0.32722031671864854,0.04146369424539613,24.444603738993255
1,0.02499916767117447,-0.012042777376819934,-0.0027305357330905354,0.9270457302331877,-0.10212889543802262,0.3607712610131592,6.976259150109404
1,0.02211398818992887,-0.007445317715078323,-0.003000000406170085,-0.2994028126639962,0.2953493646941578,0.9072633071736372,6.209450132412843
1,0.028073582458066067,-0.01260504264089708,-0.0030000000901414118,-0.8054490889838893,-0.3837943814489686,0.4516122649167385,1.8503534633528698
1,0.02520267220771555,-0.012528959877637424,-0.003000000258349476,-0.20602570421977273,-0.1565981004286647,0.9659350103101557,13.265900843871712
1,0.022436909045085468,-0.016473997815904758,-0.0030000001533901804,-0.8636149756884077,0.21499028413581805,0.456013543103614,7.0182136676821205
1,-0.0019520291005881267,-0.041488980899183875,-0.2099999842103299,-0.8080316817894799,-0.13912022034740185,-0.5724773930164884,3.230454645644939
1,0.02207055115899092,-0.016774482997316854,-0.00300000004766023,0.2829174693752113,0.27719689241514606,0.9182154367890535,3.439455259226226
1,0.02201057205022064,-0.016179574204499524,-0.003000000152079605,0.4975454987288639,0.07524524610885172,0.864168172078019,3.418540119455916
1,0.024895102481151045,-0.013733303543656986,-0.0030000010013723887,0.08781159032896063,0.30166085000391935,0.9493628685485923,7.998303371802731
1,0.02399764860474194,-0.014772765836287527,-0.0029780769767752775,0.5366680114893538,-0.7397683960529773,0.4058696411968597,18.3844049789658
1,0.02375712839265463,-0.015040018154170989,-0.0030000002216750924,0.11458043692157989,-0.2991377077864511,0.9473056292744848,5.86674239634829
1,0.02636015165376208,-0.014242583039693713,-0.00300000054779043,-0.2307465457811682,-0.13423297938404266,0.9637102981994861,1.6632594989896257
1,0.0448378241069959,0.035199008403911776,-0.20999998562146197,-0.8855030642148928,0.015317322637189318,-0.46438098894470664,6.234731015487852
1,0.024595482300281704,-0.014273122680457495,-0.003000000453653546,0.13377783604142943,-0.5425109910429684,0.8293282312701338,4.72518942806569
1,0.025069834469141464,-0.011574019828726887,-0.0030000009155863533,-0.44601923759175344,-0.2546998901750866,0.8580179518185327,15.88810313674162
1,0.0246473336412528,-0.010482124177580774,-0.0029372892262625634,0.6476199763939934,0.7535844707842491,0.1126890037593137,19.55313181103397
1,0.02512169405868269,-0.010970957798905874,-0.0030000002443977955,-0.5123841848457207,0.5175784459017735,0.6852554264344726,6.266904211007313
1,0.028573197537369706,-0.013634243934797396,-0.003000000403659466,0.2881100675706294,0.5543533322304823,0.7808232655405501,2.228566168667603
1,0.024214653332643384,-0.010904891756906907,-0.0023454722557844513,0.6022068206324952,0.7490692245073798,-0.27611997769015967,7.898782210836097
1,0.02530730614978021,-0.010650352509590743,-0.0030000012597759225,-0.28786545921780676,-0.08137372157879791,0.9542074170879924,4.948448920656506
1,0.024978910606497113,-0.009299055789534705,-0.003000001537384945,0.2941688422309604,-0.3315941342520338,0.8963872056149287,5.979877031666739
1,0.024947332762081775,-0.013090190896374093,-0.0030000013048935878,0.4600595107855443,-0.09585349286595976,0.8826989036138888,5.492081502466916
1,0.024769031908632798,-0.009745057789453952,-0.0030000003671748453,-0.24528292332725574,-0.6311760953927068,0.735834916356143,7.798994643107637
1,0.07183940093528118,-0.01706922301854894,-0.2099999854797151,0.2887076124146747,-0.6784548008604427,-0.6755346014255932,6.740396082863048
1,0.053384656148521566,0.004122977353059103,-0.2099999853743899,0.19545057447620587,0.3616413172454352,-0.9116000387219757,5.508958494834518
1,0.024267290989956735,-0.01034735457449492,-0.0025000002106188575,-0.2957656164202691,0.06750268128629708,0.952872545602347,8.105819818729532
1,0.02500632431642268,-0.01179220149393478,-0.0030000000056868105,0.6800710920059125,-0.3018765825047545,0.6681121453417354,16.48486882961979
1,0.024999623314930042,-0.012069537595104953,-0.0027817493019246585,0.9287421305408227,0.3664645881131831,0.05605141048652447,25.58985095528519
1,0.024980772208463217,-0.011732638740941888,-0.002970881436905489,0.7735690427479053,-0.45141966635262487,0.44475973393752105,8.277648621738479
1,0.024106817563203375,-0.015064373864548295,-0.0030000018487972386,0.1721660533649035,-0.5790553236245325,0.7969026177964539,11.38776338995562
1,0.027926372266342248,-0.012858692192575393,-0.0030000013679878715,-0.37769362836144516,-0.5897195136189729,0.7138476156380779,3.552277145100954
1,-0.014830012283319371,0.0026077210494521714,-0.20999998475075818,0.5364579615004628,-0.24546915915872072,-0.8074390054020666,8.183421339211227
1,-0.027303429696506426,0.005856908517080231,-0.2099999850800474,-0.6483722875917479,0.1522672832013186,-0.7459410507201848,7.757040802921251
1,0.0462287273690096,-0.03833536238488197,-0.2099999837001081,-0.3873113299010899,0.4666599368157868,-0.795121649247041,6.687327224965133
1,0.020626005262094987,-0.006396930505908421,-0.00300000086924477,0.06206925717799008,-0.05839169419820797,0.9963622922220791,3.045349903666794
1,0.006930374073594995,-0.042397624567460004,-0.20999998242676046,0.2949187385639918,0.1646894215441133,-0.9412227855695429,6.391043821119743
1,0.022548306201789416,0.020075672075508616,-0.2099999853841842,0.27997212999539567,-0.007950389936378144,-0.9599752068286457,9.12927064765002
1,0.01885482781022111,-0.006040461846224116,-0.003000000100965617,0.9009915558428344,0.17254384459036132,0.39804878845926145,4.276823837322938
1,0.0221706915241264,-0.008051186881961082,-0.0030000011013126674,-0.4670985806931721,0.3498191073328293,0.812062502557092,5.69707117830305
1,0.019031943923721963,0.0006971601038188389,-0.20999998572095485,-0.798626294407921,0.19015100555093262,-0.5709979307915589,9.51843161536408
1,-0.012765644574288575,-0.024215216483315434,-0.20999998599007702,-0.1213758950267202,0.5231668952574557,-0.8435427030169469,6.106071707233073
1,0.018401200951995225,-0.006822710605284927,-0.0030000004755044987,0.3759843674261382,0.6404334807650977,0.6696870255322768,5.9971861289736195
1,0.017626805043001473,-0.009781497049680605,-0.0030000008379141275,-0.15188199322585078,0.38237277908585776,0.9114400243284799,2.323119721229401
1,0.01797159176461717,-0.009511173700569895,-0.002706812632233209,0.0025993570533912255,0.6956189800995365,-0.7184062067300013,13.570709718750617
1,0.016083074175025858,-0.008521152522114364,-0.003000000442587536,-0.310866322852012,0.11807467740441571,0.9430909287403372,2.7322092393982453
1,0.017432566752672508,-0.010315106205190383,-0.002674705756189678,-0.8979460619478365,0.3113513677145237,0.3110517571959171,11.13774618629284
1,0.03378084261832176,0.010859069334372863,-0.20999998500489686,0.23643665075860634,0.5760233515897951,-0.7824926891679642,6.425653734890962
1,0.019255982551015478,-0.008524585871002863,-0.0028530438999687102,-0.6732227434642527,0.7345709543080274,-0.08471511535410381,10.341711539132195
1,0.01749832054843283,-0.008779647922789235,-0.00300000011084887,0.2016941618845459,0.3325393839246263,0.9212692457695091,3.4398921207343855
1,0.02774728631703629,0.0013637315699336749,-0.20999998479157161,-0.02136104935200368,-0.19491713479070008,-0.9805870772835863,6.6151478619891355
1,0.01793359416011625,-0.009555865527831726,-0.002653803119514091,-0.9227713613881614,0.15524197007040286,-0.3526938407890043,29.1246210478902
1,0.05351595267908736,-0.0027105199092095763,-0.20999998569471992,0.38713267257234585,-0.5322742866579914,-0.7528694293101025,6.204442469450097
1,0.023613722180817476,-0.009793214154615766,-0.002500000596164287,0.07185030357059113,-0.3303769660939546,0.9411102986108311,11.44595280008799
1,-0.001491975235126301,0.05462551520717525,-0.20999998377046675,0.27672593965213066,0.1987212817849824,-0.9401769016995574,10.404279602801575
1,0.04845079945623647,-0.0731569363426174,-0.20999998589309476,-0.5634247141299643,-0.1528146798100031,-0.8119114884900533,9.04282930126302
1,0.023685161899669176,-0.008674222818874084,-0.00300000003200982,-0.28038058950796013,-0.781906387793554,0.5567846313924304,13.202675945326082
1,0.019369694683803895,-0.007739710378410368,-0.003000001379122296,0.3438945469493951,-0.06112342962380266,0.9370167911673165,13.043320805824688
1,0.020331941668843754,-0.00817013112664242,-0.0030000004538619186,0.43701771226082137,0.3282631861464028,0.8374119653977546,8.259271184271444
1,0.020820158455346585,-0.00809378802672886,-0.0030000004405764382,-0.3741536289679211,-0.4232695246111424,0.825137546997828,8.809311556034825
1,0.004779114327758276,0.011336038074535301,-0.2099999859691809,-0.06333534470474483,0.8389699977137806,-0.540479395580692,9.755554072016627
1,0.0539969467523464,0.007469702237668076,-0.20999998424789307,0.5820523556930466,0.08097194547196804,-0.8091097572509306,2.7777234183488533
1,-0.00029043631254558336,-0.016765600227395108,-0.20999998469981287,-0.13998462853156582,-0.7704799644135706,-0.6219042757628724,6.643396790675846
1,0.022133296015971138,-0.016122042981852786,-0.0030000003616030176,0.037373334173582316,0.6437973155982583,0.7642828339830919,3.9805190296361856
1,0.023630275165664565,-0.015137930470374029,-0.0029979303575816164,0.8694940999890108,-0.26537886330510796,0.41659821050406454,17.305507909909334
1,0.02498340970032479,-0.01131119714942817,-0.0030000000722736108,0.46816526052057866,-0.3314258505923603,0.8191325865821901,12.645444605818176
1,0.027448065098005126,-0.008194582423723432,-0.0030000022515574744,-0.04892263402843495,-0.5029250950285399,0.8629443346301392,3.778690551031007
1,0.031104900249912575,-0.006347843244598523,-0.0030000000019330068,0.8664399557147168,-0.02109523184401469,0.49883543813017783,2.0971114329497844
1,0.024807754611385686,-0.0108992200721104,-0.00285173137940708,0.8625269687332878,0.4956658393247816,0.10179687585690328,9.536916495681005
1,0.02424901894366127,-0.010877510875237632,-0.002450179905311826,0.9191535179463575,0.3926403864423227,0.03146962632854999,7.481339854583215
1,-0.014385709546052918,-0.01750878720909444,-0.20999998581430396,-0.9073528441515067,0.06777714681721243,-0.4148699489954532,6.600714830679232
1,0.024933281964858944,-0.013278880556302023,-0.003000001034239573,-0.8018414810857508,0.10875316399162513,0.5875567960053055,14.57774646172559
1,0.04025323202717954,-0.056730411616207975,-0.18390486879419288,0.4040258336501951,-0.7914176230153158,-0.4587169843422542,10.936465500810105
1,0.04633334363821996,-0.03097717797060482,-0.20999998416009735,-0.2878035212152703,0.18886895687678615,-0.938881062917112,6.5986727087713675
1,0.02917867194800071,-0.009513227291281238,-0.0030000009584343216,0.4280190301142454,-0.6861255307590312,0.588244393004046,1.3078527220506786
1,-0.0019896110586564673,-0.030266264275550434,-0.20999998440079226,0.08069464575363423,0.6230669295714099,-0.7779948427985569,5.613347233778434
1,-0.02117746810401506,-0.025580683090306783,-0.20999998488821273,-0.20489664460871937,0.7740689615911992,-0.5990280525394537,5.539921095448979
1,0.020659606939801137,0.04827404054361334,-0.2099999854692548,-0.7852460247018211,-0.0888655669420393,-0.6127736871815378,5.304729126892554
1,-0.004235328839285386,0.015111243316746611,-0.20999998589886776,0.4869973882867358,-0.7019592599963494,-0.5196987022374365,5.035082214001921
1,0.018382949109218318,-0.008427029385233268,-0.0030000001103486808,-0.40336683294737674,0.7347199149268985,0.5454189625304702,8.372029133040966
1,0.0027633822606069175,0.0003048627940778201,-0.20999998584202487,0.5339759179467356,0.6672826995141763,-0.5192335871089367,4.353580131242346
1,0.025223869081773022,0.02164571701704049,-0.20999998355892135,-0.043997595673755475,-0.5051552170116911,-0.8619062700205864,3.551026309977214
1,0.024175982291400732,-0.054272482390242335,-0.20999998507542517,0.07114542664278155,0.2155946048496289,-0.9738877217767707,7.30700308873947
1,0.019295850860403706,-0.008505542896934268,-0.002981390181267906,-0.40927013070978246,0.8486634076237894,0.33506474101160766,5.9376860716258255
1,0.024140420376883437,-0.0096208780700602,-0.003000001510084276,0.2535725114001967,0.4483392436373942,0.857142289282734,16.94401339848425
1,0.02324619021440156,-0.008814583624865657,-0.0029842970105740238,0.8096045307835557,0.3658980062684007,0.4589762006286907,16.05898559409336
1,0.02925334895058819,-0.00822721989312198,-0.2099999847943315,0.5401646168069707,0.04877235193010235,-0.8401448949062208,7.950667485359829
1,0.02076886040854799,-0.007342335885218817,-0.0030000005944342866,-0.6568316816182949,0.003952241376911882,0.7540268707483713,5.995600818781924
1,0.03202590718609406,-0.051237050145159016,-0.2099999858598619,-0.7931357483766597,-0.3983522723730589,-0.460707229965209,6.554268627495821
1,0.07560804251795253,-0.004506596221400559,-0.2099999858982774,-0.47559157022800463,0.4050606343304316,-0.7808575675780375,7.035847051891615
1,0.02857361842324082,-0.008375512190976538,-0.0030000001459033767,0.3257108399037461,-0.811448125633135,0.4852467291756515,2.452234431349254
1,0.022854927353688256,-0.00858045768177899,-0.0028390396794512537,-0.07069591318463334,0.5741686053948698,0.8156791651365759,14.425593040846817
1,0.021776594374202617,-0.007738946368696713,-0.003000000355365035,0.32046832456804997,-0.44081595057017253,0.8384398312767959,7.145447848285159
2,0.0026657414342721106,0.08678692007721694,-0.20999998505534465,-0.8120846140909054,0.1499180573818789,-0.5639531502063526,7.054653853005141
2,0.001952695396637877,0.07623711186843438,-0.002788765919342645,0.3788351596523536,0.6533040079536879,-0.6554981273831554,12.437125152195234
2,0.02565171165422818,0.0728539733854352,-0.20999998597145209,0.30947375359412244,-0.10600748041025397,-0.9449806399781078,10.011570990990021
2,0.004962796999650873,0.058729838619828854,-0.20999998497299116,0.33022297592367283,0.44345356692054055,-0.8332476943607844,7.234999833273524
2,0.052851789912433965,0.0529875589642162,-0.2099999857451928,0.024752641992798603,-0.8553875813078946,-0.5173967456977352,9.669640488352998
2,0.015191279699885527,0.08287317334579652,-0.20999998567624245,0.5415373271771879,-0.014783413765594723,-0.8405467113440054,7.704725253370027
2,0.0012673488447287387,0.0772213840693674,-0.0030000012708463336,0.6623496317049206,0.6352504438451995,0.39717733945283534,6.153769927161687
2,0.004983994458731817,0.07108176303244784,-0.0030000005155850222,0.377019749246793,-0.1208621515337806,0.9182856031782872,5.8699340653849
2,0.0039661254573262646,0.07355916715580196,-0.003000000810507495,-0.4410844304975046,0.6460627463662963,0.6229345494755696,6.470139654856304
2,-0.0019727637482095063,0.07651013340126862,-0.003000000323711117,-0.6210213359880107,0.1180672206622516,0.7748500704347634,9.480671514890812
2,0.005902720818060171,0.11116798971854869,-0.20999998392120456,0.08521745603060914,0.03260971874572401,-0.9958285954073602,5.197779982769491
2,-0.045997520891915625,0.05782853436419092,-0.20999998460548036,0.5972205150203191,-0.04013699879034398,-0.8010722050895092,7.107107176969783
2,-0.0011658598699691945,0.07830022542450787,-0.0030000001138963846,0.002070934814300696,-0.31631934673884204,0.9486505057752869,3.588524846799354
2,0.0019852360792080486,0.07621871082086944,-0.002847887957829678,-0.009996108922831773,0.9840018805555919,-0.17787742090962977,10.878437388748187
2,-0.0034160109394718494,0.07039609351065082,-0.0030000003662777434,0.368784950321628,0.329639461383267,0.8691003888592066,14.739785176843428
2,-0.027108331728282538,0.08592818576695989,-0.20999998578303933,-0.45528832762569,-0.3910018498903415,-0.7998938005198775,7.54595086985051
2,0.01052079562604595,0.06720817391808376,-0.20999998401309428,-0.25168507554050185,-0.7379982701087556,-0.6261095559617792,3.44749191175952
2,0.055305069951091454,0.05977728868558836,-0.20999998583708712,-0.22691937569265946,-0.6586670870394249,-0.7174017461550067,8.147034624093655
2,-0.011677422418493141,0.09525244356883036,-0.20999998376194742,0.32149398021606124,-0.040373708582956816,-0.9460505189153978,7.244553608885158
2,-0.0027382504672492734,0.07615520966487922,-0.0030000000466636322,0.19565807766780124,0.2670201895645842,0.9436196982938807,8.03070959951638
2,0.007210507852122098,0.08505539331656123,-0.20999998593520064,-0.3804986955553873,-0.12331973908020798,-0.9165222226622975,11.177013818295723
2,0.019743108292840678,0.07965413954394632,-0.2099999844122804,0.05887989102362433,-0.20274870584071822,-0.9774590122930784,4.84002509894016
2,0.006049128018278699,0.10495715091244903,-0.20999998424274574,-0.385993813166496,-0.5370598667054344,-0.7500503154932535,8.314496132264587
2,0.0026105330607999917,0.06886217329368581,-0.003000002091132232,0.11423223676863473,-0.4452488590854443,0.888090338628872,12.11925156374535
2,0.028827433554005327,0.0910892049287918,-0.209999985787375,0.6995443061643988,-0.1340880189042768,-0.7018961225846002,9.704653526653045
2,-0.008539857195922,0.08153610897629533,-0.19544074337042147,0.8104423746990652,-0.585753010036767,0.008750344279352895,9.440595023106521
2,-0.019577688004538234,0.07936333241403279,-0.2099999858558444,0.8473516109666747,0.04056312955825794,-0.529480764440618,5.853636466489773
2,-0.03439653539302255,0.0660911517009218,-0.20999998520297247,-0.4255798361404179,0.17548041304278164,-0.8877434470099059,6.148981261165507
2,0.05688720172628847,0.08421806342674967,-0.20999998523556684,0.6389875455614432,-0.5110914486467836,-0.5748742886383902,3.864074616040532
2,0.010244487252574465,0.07115879746503045,-0.20999998475191933,-0.4021884785527202,-0.3804863677779405,-0.8327511943279325,4.246724860332249
2,0.0025741562572610763,0.07593952776495463,-0.003000000473426534,-0.34276881140183196,-0.4545702745364675,0.822116419637764,12.965370581134133
2,0.018759585774810007,0.08061967762831748,-0.2099999834772412,0.01920707130909239,-0.592175326721424,-0.8055802075734618,11.935174734090342
2,0.004016226663025503,0.07414156904193528,-0.003000000261338372,-0.26776868793699504,-0.39123431726032093,0.8804746667328657,5.326417296676518
2,0.0030091761079859146,0.07445465625233315,-0.0024007054402193258,0.2735800393160318,0.0365974169054222,0.9611527408084992,4.906871590026572
2,0.0025079792325041483,0.0758622157334545,-0.002689717500584844,0.332520507416879,0.9403691706620327,-0.07166543808295579,30.186104956198857
2,0.05392304468763398,0.043309124059453655,-0.20999998449809248,-0.006768558762405958,0.28836766294697735,-0.9574958368467084,8.495305904740261
2,0.0016133624889864335,0.0778767247522868,-0.0030000031531595608,-0.5082778343768034,0.10628490667650961,0.8546093620444329,4.1915088235435025
2,0.014359253606270024,0.04000589717422476,-0.20999998365164396,-0.22609285292693787,-0.19854200636784297,-0.9536577444569878,6.254081377120376
2,-0.03967917169234318,0.06687047924520453,-0.2099999859816234,-0.8015602178073824,-0.26992934288119586,-0.533516042008399,9.50748661132801
2,0.0004566042807473636,0.07718737513456796,-0.003000000721990484,-0.22851880086183907,0.004493972478673572,0.9735291273834739,4.188136654297403
2,-0.004431911807231017,0.0747418281682486,-0.0030000022508988107,-0.008017199070622141,-0.27628117433070226,0.9610434106893977,10.874925599302308
2,-0.002394237233496843,0.06948739752978304,-0.003000001818453428,-0.10757808150053237,-0.6304983134450542,0.7686994426455678,7.83186075953239
2,-0.0024354606861158824,0.06957304312334942,-0.002726459758721267,-0.8789876764528568,-0.3205360459375053,0.3530400938969356,12.055391653727488
2,0.008342155150385545,0.038259917978401774,-0.20999998542472548,-0.15796490225054297,-0.7980130116950487,-0.581568846158711,4.977424342953069
2,-0.01807066574162071,0.10365719364873344,-0.20999998493387495,0.33005759930213446,-0.137482534728519,-0.9338953548377535,3.6796071294664263
2,-0.008358015406301229,0.10550709824162896,-0.2099999859314899,0.3565903692644581,-0.35848283270964715,-0.8627475686435196,8.006949767072397
2,-0.022970065696848934,0.06664700883676061,-0.209999985829794,0.3365097047454445,-0.07353455248649476,-0.9388044994580845,7.328509883418839
2,-0.04686448739756434,0.057866252982351846,-0.2099999851529649,-0.01859554883195664,0.9637434084899493,-0.2661819831540313,4.127804144108524
2,0.0010986428632608098,0.07701128891456152,-0.00300000090699221,-0.23672430185213256,-0.5553102302184373,0.7972403358632618,9.234376858003454
2,0.008766251896795734,0.10709124849266682,-0.2099999838198735,-0.3413342676122036,-0.4421797152898959,-0.8294383745280821,6.71071154154848
2,-0.010494229041752522,0.1002561559762129,-0.20999998594852387,-0.7142098593824954,0.2520208405218277,-0.6529852775549444,8.873576213133063
2,0.005673687044595924,0.06248703774648924,-0.20999998180794624,0.39894305004539565,-0.11639175800879697,-0.9095589049028644,5.80048211450218
2,-0.06105500848083967,0.10518969054917372,-0.20999998571031753,-0.9888920556421895,0.1259676554590514,-0.07889646421681114,7.706998769272176
2,0.0025658806871379424,0.07581471917866602,-0.002982709245235757,0.2310506053530148,0.04546847107524205,0.9718787146059354,29.541414741028365
2,0.0219034772263611,0.10622550705116529,-0.13533643390331498,-0.6269277155768295,0.6816543129542092,0.37723870039080365,8.427971745857345
2,-0.0037153437950888813,0.07422809826366328,-0.002924456832928483,-0.3372798383743659,0.9345866411497789,-0.11309341630057873,12.683852323937995
2,-0.04636764893961155,0.05472039603930999,-0.2099999853927374,-0.8031110117244339,0.26160321905151185,-0.5353283652384241,10.147361233588692
2,-0.00589186180920238,0.07443897781351734,-0.003000001051381797,-0.051091094335214776,-0.25758657507749083,0.9649035477287241,4.182339375982468
2,0.005349019329848001,0.031323672680411,-0.20999998590683805,-0.947615128480828,-0.11266203771400586,-0.29888598751428935,6.936939459568143
2,-0.009154435054835399,0.12018190717569821,-0.2099999848236029,-0.12367946834854891,-0.14182246867305426,-0.9821353147547957,7.378398557227195
2,-0.0060956247733574285,0.025451759570005277,-0.20999998572771916,-0.0825681773952985,-0.45967470519205605,-0.8842407259837192,3.594642321355517
2,-0.01799565838932851,0.09174585112090666,-0.20999998543783244,0.43779413749182006,-0.37001305975522325,-0.8194062660172737,7.3024895590065935
2,0.005955270085017882,0.07547902236018153,-0.0030000008566123835,-0.6633851910699421,-0.6586581851395356,0.3550908101004443,6.920733801505221
2,0.020651461030549743,0.040851975339381105,-0.20999998530745845,-0.2174195623457008,-0.36483083461998267,-0.9053326438497015,7.784865647327015
2,-0.0013582649033672166,0.07650845707462255,-0.0028012740081031114,-0.8973164494546376,0.42811993918711244,0.10740813380999474,19.24330057940142
2,-0.020345238144936287,0.08530242149386456,-0.20999998332454395,0.34326404538050637,-0.5113193484575054,-0.7878593269372407,11.731680020097443
2,0.03477142415230247,0.06008798831306621,-0.20999998433054862,-0.12778893534477745,0.101810702840056,-0.9865619943980524,8.279686032651355
2,0.003910146787262236,0.07190307768260629,-0.002955157246523582,0.6472619192911364,-0.629965243156542,0.42918038194944735,18.690186661436897
2,0.003895528384265143,0.07183792479656553,-0.002813561545222246,0.7643651269436688,-0.1502653863448824,0.6270297173013512,18.875781898425863
2,0.003103108629138698,0.07214467549684994,-0.0016521007728133499,0.7401259735328755,-0.21425056085366145,-0.637424693964632,10.051055461309021
2,0.003269463632930735,0.07044166184799688,-0.0029002058617311746,0.6819787383788231,-0.5174135087211902,0.5169025646986632,7.797879438137295
2,0.0037766530585230107,0.07142824285732231,-0.0027656015021292543,0.8657270512286145,-0.20551543942074793,0.45637712139271935,16.638074817130505
2,-0.002911942867788647,0.030196439664027363,-0.2099999846616747,0.48084826555858384,-0.326637475495934,-0.8136909149738275,5.243248519991058
2,0.023118259067476082,0.051533161250245436,-0.20999998530359154,0.6066241104980353,-0.2869788496104045,-0.7413840627089017,3.9239940108705267
2,-0.013594141933837314,0.0840964518667412,-0.20999998452215038,-0.5593750405479062,-0.26117645943050677,-0.7866933462610275,8.961439626738175
2,0.0558395231704243,0.07457360797994492,-0.20999998565592976,-0.1856218679452395,-0.7986733144742183,-0.5724207009597806,10.175511333701667
2,0.0001337857531321829,0.0771153957637565,-0.003000003810342532,0.0972601447883042,-0.3696972571702475,0.9240478354915151,6.345172049376716
2,0.0007075912519313697,0.07736793262934456,-0.0030000000422586368,-0.5011035329149983,-0.009889761420277721,0.8653308280184853,5.809961040282095
2,0.02173125310046576,0.07884084351039736,-0.20999998544021758,-0.30023509081004746,0.01923328895613407,-0.9536713117433137,9.807830773715729
2,-0.017688486251251245,0.04654464867616612,-0.2099999857134632,0.7790694249560495,0.04335619602627981,-0.6254367045231524,8.05334095172809
2,0.0041382002759053505,0.07335278665332615,-0.0030000001690542125,-0.1356065849724996,-0.2161839343607699,0.966889528662088,4.248821778172721
2,0.058735388727222726,0.11442234183912312,-0.20999998523538468,-0.7810487678948462,0.18767388061443632,-0.5956016594210105,9.096204109613423
2,0.0035744746396214905,0.07454142999030745,-0.0029769109357840355,0.7128285020856541,0.6889543519977837,0.13121519530007397,6.976154375965059
2,0.0031101606609708716,0.07413191515173125,-0.0022626661805317952,0.8754466516785224,0.2469686700738532,0.41545112355945857,5.126148034932036
2,-0.007824536278304093,0.1122055696908904,-0.2099999845620813,-0.5044567426264092,-0.09551795475636651,-0.8581373521400368,4.640444597591483
2,0.003278102972268678,0.07503830015862399,-0.002877321382912174,0.8363380893389173,0.48990099707373475,-0.2460398613783744,12.814575099852064
2,0.003984840230351387,0.07309401327780105,-0.0029508340579428383,0.9911544805650988,-0.13231998762791547,-0.010208649757801612,8.445807811220021
2,0.003672954777088589,0.07452491359660388,-0.0030000015196153572,0.6275805638147566,-0.3508751956868676,0.6950030452981154,8.654233503856352
2,0.0033458694572464677,0.07493819569562356,-0.002971027512829053,0.83735958495436,0.06316374674510257,0.5429910372945231,8.319452980669183
2,0.0024415617217558605,0.07596426152378893,-0.0030000004080379303,-0.7166320156291426,-0.09014308428321888,0.6916016039102431,5.6621657679847806
2,0.001409255181755852,0.0764896580155299,-0.0029512601391490623,0.8234395588893381,0.5420262199087461,0.16779412918087414,16.746484230381462
2,0.0037519848549231434,0.07421551691679616,-0.0030000006704435003,-0.35848786114448966,-0.1331930297604224,0.9239838040979336,4.200158390954079
2,-0.014924406908687545,0.09630161933299547,-0.209999984755502,0.7186152384154341,0.3417816867013439,-0.6056215136144962,7.298970915060445
2,-0.0011104276572064702,0.06873136231752267,-0.0030000009692064625,0.33659778142289803,0.2501865841187417,0.9078042777318132,16.107979653958346
2,-0.003172223942528495,0.0751827262488828,-0.0029319482802656685,-0.545561278365847,0.7063020924347668,0.45111001515161825,4.362190035193368
2,-0.002813471634466224,0.06582560865182058,-0.0030000003297799465,-0.2628358130350377,-0.6613553995030643,0.7025143208037492,1.0995043668226254
2,0.00032030244953034677,0.07823041620449789,-0.003000000333254123,0.328055226833097,-0.5283676586477127,0.7830755936961765,5.661384180434477
2,-0.0027173326695751217,0.06951702531667427,-0.0030000000163947086,-0.3924081334967072,0.34079440464835736,0.8543272385485563,13.620715270576845
2,0.008708052140693822,0.07132600161352076,-0.0030000000013416838,0.5657060260634904,-0.516284787068759,0.6429826675088679,1.2499196283797749
2,0.04266976375081251,0.09712528160272155,-0.20999998491624458,-0.22420162371480612,-0.04033771673199661,-0.9737076052555482,7.277476347474959
2,0.009910869075597593,0.06796223515791552,-0.0030000002427634015,-0.18585677360113262,-0.04324767997229769,0.981624621677549,2.3857692133487896
2,0.01589803024997565,0.09212274214936572,-0.20999998546811088,0.26732466575850966,-0.4492539768559122,-0.8524719276059763,6.554607226823069
2,-0.002621184436493712,0.06460773609226843,-0.20999998526305153,0.19045726375154262,-0.12429493551852126,-0.973795050145934,5.671029172739285
2,0.0046987500571158275,0.07037562828961957,-0.003000000631723081,-0.7518332597069584,-0.035154871243574,0.658415434681066,5.939776414669169
2,0.0006253948960025289,0.06924327337729336,-0.20999998466721914,0.021786858879488405,-0.07518376879458323,-0.9969316594882561,7.289672072231943
2,-0.018828264905939047,0.06592468169386487,-0.20999998445892953,-0.5037367667347282,-0.052831859223563815,-0.8622401431681449,7.792173283584276
2,-0.009857548236601033,0.06639195464294573,-0.20999998589492677,0.4235433856849789,-0.2291071560715982,-0.8764250746522999,6.373870407665733
2,-0.009094498316790746,0.07400724833070776,-0.003000001364788547,0.023473322671437896,-0.18620125324466655,0.9822311827736268,2.7039211129078655
2,0.0022729229460790126,0.0760498627668397,-0.0030000005773197216,0.02991342257350691,0.8030632163765429,0.5951425523795961,17.281382114419863
2,0.015897316059725292,0.08715170676746471,-0.1588550807977308,-0.34167349334453906,-0.08496211209902282,0.935970439412171,9.963624861644742
2,-0.002557536206384301,0.07776908678836958,-0.0030000000252139248,-0.0693458538272973,-0.7463958369598923,0.6618794505995068,4.470447079733495
2,0.04289245560069835,0.060358163656219085,-0.20999998591880922,0.287286197483861,0.7433419244324951,-0.604077332893942,7.996234028460865
2,0.0039907505018454015,0.07301798919244828,-0.0027403654479707697,0.9450794881594341,-0.2371958862231498,0.2248618967702541,18.669791944011884
2,0.0036084563814799755,0.0695153781389353,-0.0030000014595438426,0.031088306172415286,0.13344957360992502,0.9905678818347885,6.24092713356193
2,0.02627220971288924,0.07025015117131395,-0.20999998591036761,0.5003635011507687,0.5076665392024301,-0.7013637085638036,4.2932899141297005
2,0.0020880782656538563,0.07623139668132999,-0.0030000004304116274,-0.03938310939712389,-0.3549855860011297,0.9340418643859862,9.938245201970254
2,-0.003865674521617134,0.06808145430364916,-0.003000001413047679,0.7821665977092046,0.46568091005330015,0.41395253766577833,1.4303698319558378
2,0.018819122712050166,0.12033905875655504,-0.20999998498654854,0.3511017604571475,0.16672079156897016,-0.9213749136277304,3.8442562436701087
2,0.0029711050529204266,0.07002970180191914,-0.003000000793907824,0.012004612116053054,0.09214329364385519,0.9956733915920449,14.910052300944532
2,0.004430390063802082,0.06940412434012277,-0.0030000006106055445,0.4263810023565261,-0.14784371445309855,0.8923796708386819,2.6661554985719955
2,-0.0024474466283660803,0.014591597312981871,-0.20999998459490138,0.37847485246362306,0.03520490498693744,-0.9249418363970241,7.085140572329358
2,0.0021566350420210963,0.06592810468836224,-0.2099999855235902,0.33012880917180054,-0.15648308010954687,-0.9308748653789283,7.843460369486123
2,0.022923139156492335,0.10118239630667496,-0.2099999850321007,-0.8593939976021857,0.07863987865513215,-0.5052303696042434,10.188930496328279
2,0.0077985907333130286,0.0943077895130069,-0.20999998565332062,0.29492080696060585,0.4981034943827025,-0.8154229739867807,5.5616733223310755
2,0.006262706750283301,0.07465959179552888,-0.003000000264533455,0.49823676944649137,0.7941548913220513,0.3479628287055741,3.8163313308015936
2,-0.02134830619255112,0.10753328818269908,-0.20999998597912445,-0.0030011828944860944,-0.4926691546275422,-0.8702115242743094,5.3964271453133135
2,0.004479517848285319,0.07671853165810144,-0.2099999857633924,-0.698069601506336,-0.5333079619298878,-0.4777880797958181,6.804596784702175
2,0.021847821732891938,0.04099413342090533,-0.20999998381308427,0.2762447590978911,0.3546386831504237,-0.8932638118071736,3.550494747812549
2,0.006447073226994975,0.07535705915032337,-0.003000000865045022,-0.8004371040667482,-0.5264535617225317,0.28661313609619854,2.8623043492448526
2,0.004085600027491114,0.07083978220383458,-0.003000000231019472,-0.04303377199318846,-0.8547431295853944,0.5172642234821615,13.933058190724555
2,-8.803759926024761e-05,0.07674516479381663,-0.002867936508081828,-0.4320120931040319,0.8318140511345423,-0.3484981144095534,8.566470237638717
2,-0.003900218715825715,0.0727148084827985,-0.2099999847657563,0.4034277506122485,-0.3058595036813004,-0.8623781154712646,9.979947694632852
2,0.002393171847796585,0.06954102973895665,-0.002986123651017333,-0.5815212551473193,-0.7394458839708862,0.3391943609354389,19.146632463322216
2,0.046450836339683,0.10166286503206837,-0.2099999859662518,-0.07133768933625687,0.8060528098707512,-0.5875285540121693,6.2345204220080035
2,0.004706110763846151,0.07220306938949178,-0.00300000168941311,0.020761410561538116,-0.6614977162084639,0.7496597463399526,7.056128602150573
2,-0.004024317141622311,0.09493557595545069,-0.20999998491709132,-0.6366537973947092,0.44230966131598126,-0.6316914640625108,7.102643473001411
2,0.010589927688828788,0.07806209298178221,-0.20999998568360784,-0.37959450409017376,-0.6068525951839084,-0.6983107762186475,6.985361818621491
2,0.009429325911563143,0.07026774684528195,-0.003000002066080497,-0.17939241806785633,-0.40432026232178875,0.8968519865706982,0.6333700577266945
2,0.021114127262516023,0.05973499329301509,-0.2099999859004264,0.8326558946166635,-0.061084994668423424,-0.5504114684365529,5.344520856200221
2,0.003312278555671364,0.06960699180758982,-0.0030000000992955137,0.2713271014764731,0.02190773365680797,0.9622378371330021,6.830814497026884
2,0.004425894220672064,0.07683645527282865,-0.0030000010075604275,-0.6214609724812571,-0.4835634039809061,0.6164030288804957,1.6366831272049356
2,0.018092892529513932,0.07344162163431721,-0.2099999854972561,0.20783246406647513,0.5786058564107746,-0.7886830350699904,7.377840660819722
2,-0.0013235871716503597,0.0868059154628446,-0.09402272510861043,0.753114560093284,-0.46401459976088244,0.4663785057056635,12.945516870235059
2,0.0039918629897148636,0.07300113081788065,-0.0029875196764443924,0.8729653965880829,-0.4184831717435011,0.2506057687430806,6.911514975658584
2,0.003621169936482544,0.07454428825486528,-0.0030000005091507386,-0.3928417309974244,-0.0062496661697292455,0.9195848607168966,4.215793816938443
2,0.004531928459096623,0.07451058153280682,-0.0030000016117675784,-0.41282194451038157,0.012193214090821998,0.910730128886051,4.644598740367661
2,-0.003999425463263295,0.07267840687899071,-0.0029202465470080288,-0.8115774987789905,-0.16996191565352192,0.5589766638268746,6.928579656621606
2,-0.05768828808719237,0.039687962595085224,-0.2099999849996076,-0.06306193554769865,-0.5569140910527554,-0.8281726193686083,6.580322867080637
2,0.024741235013804357,0.11350499706857652,-0.20999998508556,-0.7175536111576165,-0.4631208159617817,-0.5202268014410232,10.704937154352377
2,-0.0031879019326964265,0.07516217176578369,-0.002982852142438426,-0.845344048575805,0.5125874521769807,0.15049100773195156,5.163886925637484
2,0.013504836641103267,0.06810926461089278,-0.20999998548823282,0.5354106438464579,-0.3920493300486719,-0.7480860680859585,5.2427943335445
2,-0.00020758302087589027,0.076763226525274,-0.0030000001105144063,-0.17580188159713964,0.32318811414938725,0.9298618936699514,10.101306222710607
2,0.004371648439935722,0.07073822419220016,-0.0030000004653208145,0.2591193395207488,0.3270798033921994,0.9087771839671434,3.4388313112204334
2,0.0045375362267976276,0.07171163475255911,-0.0030000025229026126,-0.013138684042094406,-0.41976683641438467,0.9075368741975729,11.743841435923425
2,0.004366799945227394,0.08425344126109292,-0.06376323367592934,-0.626223289145957,-0.2017921693651049,-0.7530765648419446,8.57795262687189
2,0.04187694373011039,0.06594801767099757,-0.20999998283447097,0.09069282535123345,-0.05556183402615202,-0.9943277598606309,8.739303174027011
2,0.03696272036873767,0.06307798858730676,-0.20999998542818335,-0.07446619339482227,-0.16785431142692364,-0.9829952777997858,8.400934300636967
2,-0.004227522350400976,0.07134507147849073,-0.003000000088032358,-0.9880726109252663,0.029741302638085516,0.15108927975444536,5.306279892380212
2,0.0036407079735338585,0.07440299975024588,-0.0028525908882975556,0.7656532812458631,0.2482284676278365,0.5934287495366053,20.65551057319767
2,0.004918416695539498,0.06893174445046694,-0.0030000018763240884,-0.2519679264160902,0.1788487104923799,0.9510653514942012,2.570580140292005
2,-0.029043489657276766,0.06234450482751415,-0.20999998558258803,0.7151502756946164,-0.6347787711922405,-0.2926021100702852,6.0329812349516905
2,0.009153752998568559,0.0574946816822257,-0.2099999854550402,-0.5796066895070134,-0.49174558218739506,-0.6498017912239858,6.621471897044276
2,0.02995873302283364,0.09340114930036597,-0.20999998550245486,0.3919896192359418,0.6771167591733117,-0.6227816895653668,9.792393786653093
2,0.0022303787802766643,0.07606658323017748,-0.0028373070323803678,0.703390400216928,0.502771060357685,-0.5024571680745323,18.768293232659712
2,0.0023549404249386978,0.07597942676762914,-0.002949749009907141,0.868619427404301,0.4918510397816178,0.05985687096370322,13.84652490146577
2,0.01728444969357252,0.07411926140567321,-0.2099999856898587,0.794647101390166,0.31848854777559876,-0.5168181780742601,9.43524971123191
2,0.003983614060324167,0.07198192695247553,-0.0030000011366971267,-0.2000135172183188,-0.06070346920252389,0.9779108761828632,9.000821142425302
2,0.004994326984288659,0.06943098775858897,-0.0030000000199324603,0.3177644644468852,0.32427945499502486,0.8909930303896397,2.092587789234385
2,0.0018399640580092577,0.09161995670482322,-0.20999998393791153,0.002269109795283723,-0.5565825613007336,-0.8307892052721028,9.594284844861214
2,0.001195658282365148,0.06640452575556285,-0.0030000002416103117,-0.06669969834619884,0.7197007351631007,0.6910730801052937,4.37351688249658
2,0.037559855103463824,0.053003036484375654,-0.20621958120928296,-0.3525050819818811,0.0013354699059275332,-0.9358089461514446,9.907574168362652
2,0.004819208473713557,0.0705380850050127,-0.0030000000710264808,0.575056180146623,0.23259802577270638,0.784352311198108,5.204429343139545
2,0.0038513193213429373,0.07422397790791824,-0.0030000000344319183,0.21270891848234055,0.12269643614702892,0.9693815041328627,13.010420379048533
2,0.0022671900270576587,0.07650942850695279,-0.003000000000177161,0.7093451164252939,-0.6178806909563052,0.3391945718123235,5.153527408537913
2,-0.017608894180760823,0.09359811942209632,-0.20999998557024535,0.364466073331335,0.6209986778810416,-0.6939201131689702,6.224350124305254
2,0.0024778942859616697,0.07628696353007822,-0.003000000116140639,0.3178579342974763,-0.1600211201107841,0.9345370911433272,6.029277143002462
2,0.0028578660305232356,0.06994746674768479,-0.0029965830808949077,-0.46547008742267365,-0.8708019528133466,0.15824524223871847,15.485680653227378
2,-0.0001547561648008066,0.07674313807185391,-0.0029677651481770703,0.39770847550207244,0.5836633532520812,0.70793012267056,17.74705639385639
2,0.0005893588994649148,0.07684836786049434,-0.0030000004795463957,0.432784338565706,0.7880229226796797,0.4378556721382284,13.048829040057404
2,0.003453750632213445,0.07072831424796665,-0.002958959298416912,0.41519860616532767,-0.5026264733530371,0.7582722108339837,21.07595305281166
2,0.008238939581947772,0.04068925853287862,-0.20999998572347095,-0.2538218632812323,-0.09548720279298174,-0.9625261844870586,6.361855572012017
2,0.007252324268116898,0.06080430795691654,-0.20999998599272846,-0.5205532738134642,0.44336241696406214,-0.7296944952141754,8.29868948715652
2,0.0007613607819314695,0.07679532965634117,-0.0030000001315349696,-0.23642380300112006,0.42536094806838254,0.8735970748765443,11.17661431758994
2,0.004015802240497178,0.07231878437267725,-0.003000000114496746,0.6571916732326005,0.29892572472188145,0.69191221678276,5.68724626897617
2,-0.03178959899824313,0.08038502566095002,-0.2099999858900918,0.06008840513444759,0.9000268387714518,-0.43167241405893125,6.80521331842316
2,-0.004288850185963064,0.07189878145203285,-0.0030000006401492228,-0.37879863926633345,-0.34865189542168723,0.8572942591134265,4.7400093954808185
2,0.013361546948535292,0.07439146506284885,-0.20999998505333167,-0.15367344066752384,-0.6565521062932547,-0.7384604291059172,8.412052411780273
2,-0.003780638360266356,0.07143693307334467,-0.0030000000692601532,0.1883571681057347,-0.4391347179957077,0.8784544818452564,12.58095513897866
2,0.004080881591870171,0.07213119157901657,-0.0030000008425340326,0.6726001238835772,-0.1820323471270435,0.7172679401389805,4.742983212109038
2,0.03521162983110834,0.047089835339591046,-0.15527503888981495,-0.3882725373910394,0.14874439822229907,0.9094611265498984,9.968756098992552
2,-0.023210824821420464,0.11030305839394014,-0.20999998594550837,-0.34380666036360524,-0.44434633138637036,-0.8272565007741545,5.88980809588666
2,0.004227272315149507,0.072643813622847,-0.003000001037562268,-0.1861594615984584,0.7496517825161233,0.6351116908290786,13.95016756051167
2,0.003764825239158219,0.07125612031091497,-0.0030000002859188503,0.08366352722270048,0.9020007405438201,0.42355056164648935,4.185957462190362
2,0.02873702832162553,0.0703867889710136,-0.2099999850582847,-0.3572179807359028,-0.33154454475219614,-0.8731973024947015,7.913272705461479
2,0.002433171365486081,0.0692857119078087,-0.0030000002091906735,0.5557874972787221,-0.0019263846021849084,0.8313221679415381,12.077942409354527
2,-0.026494087892386577,0.07990147330610994,-0.20999998587507734,0.8816319875655947,0.15789531592036082,-0.4447404947961771,7.1613812219353905
2,0.006499645383051303,0.07218230721249558,-0.003000000182441488,0.35327406933534866,-0.6227344883324107,0.6981398061825538,3.4783607218941524
2,-0.003998558628310587,0.07169717422866312,-0.003000000915132811,0.24502996088266876,0.5824877382729815,0.7750279691930251,4.0699798325770615
2,-0.013605150642386318,0.07954512758253691,-0.2099999857515992,-0.29365980149019083,0.7941080618036402,-0.5321243343122052,4.790157420415584
2,0.0019415463732810542,0.06924894489134362,-0.0028022834587615045,0.46697929313073333,-0.33519673588008836,-0.8182747020667661,7.619641422979582
2,0.00253274497021472,0.07640406603891883,-0.0030000005744981436,-0.2404214833268214,0.349598079225121,0.9055267491118288,11.054916736197287
2,0.0016469534827226778,0.07639133752538067,-0.002813891681029697,-0.18625536869132503,0.7073693989768087,0.6818632348388105,13.342877258826146
2,0.0024106288017496837,0.0759381323178813,-0.0028225723342361923,0.7509357789437267,0.11007704210690732,0.6511363149933908,15.961301759512622
2,0.0618901365087403,0.09712586693991464,-0.20999998409718373,0.6570763838992334,-0.2182864366063314,-0.7215273087802135,8.237241738004485
2,0.007337206773610105,0.0769096298361937,-0.20999998564292033,-0.8763827682521848,-0.4365086841531738,-0.2035028554332881,5.235248025691867
2,-0.004958544016298623,0.11243217496097996,-0.2099999857978601,0.09050097976094844,0.1292659413352143,-0.9874714624094355,6.032106871437071
2,0.0015688067920280062,0.06528886362362604,-0.003000000000869965,-0.1798035981485067,-0.8250016960958456,0.535763816930397,3.134432289838574
2,0.0012746781386943642,0.07681678340256028,-0.0030000001750360456,-0.4470737844934703,0.11785980681285912,0.8866984251461829,7.419281814897168
2,0.003975626940094297,0.07217409409832333,-0.0030000019691214753,0.8352258617886916,0.020807945451957247,0.5495132293270161,7.898776697498075
2,-0.01029448312848506,0.08027403825522553,-0.20999998491875757,-0.05058264751364545,-0.4931935231071308,-0.8684477788190177,10.35514648361212
2,0.030266136774153834,0.08385931797081513,-0.20999998474846424,-0.23947546932142524,-0.3424988644116973,-0.9084855681132091,8.144830281734384
2,0.004817118840729556,0.07194180729403082,-0.003000002628934735,0.31360023360317213,-0.36257683996506235,0.8776063631292711,6.808440902479811
2,0.004123221256087449,0.07271597489566228,-0.003000000389979855,0.3268874387410012,-0.5819333972305174,0.7446463077066166,6.202910640807385
2,-0.00652358911616943,0.07406717603875976,-0.0030000005482861834,0.6190876769215697,0.12781805110818822,0.7748503043135229,3.3112392256426926
2,0.0034014992581316815,0.06790278267830399,-0.0030000002115457363,-0.11692664049876315,0.4836287424644591,0.8674280374785674,3.0830099228081624
2,-0.0007517956477622574,0.06843510789656751,-0.0030000001884460488,-0.41816227217712243,-0.43496577339738507,0.7974616543135354,2.082759766191611
2,0.004588782786844578,0.07079374269814392,-0.0030000009750382898,-0.022264177802783836,-0.6338065149047719,0.7731711376215702,5.740196931056708
2,0.0024055722526577163,0.06953935618273832,-0.00300000028402544,0.6729895229915219,0.39918370233060946,0.6226856941806765,17.144687736198783
2,-0.007173317841246229,0.12923932629261803,-0.20999998304154732,-0.5574343492040529,-0.02696682793934149,-0.8297829454250936,4.761337727398275
2,-0.04908241425466995,0.07112783323282695,-0.2099999836087581,0.604959348351399,-0.04146079763141752,-0.7951762000349467,9.396174866709545
2,-0.025863409853202027,0.06720721522134074,-0.20999998588103186,-0.806187335789676,0.47720172131425903,-0.34977206404607614,6.250293109490054
2,0.02379981358867713,0.055183061775248274,-0.20999998590758218,-0.7613703351521877,-0.6412987945535438,-0.09513710556043489,5.626272894735576
2,0.0022628033778213505,0.0782633524404365,-0.003000001079702213,-0.19884215458298693,-0.35329199783282017,0.9141370585574624,1.9601911039999143
2,0.0012001824828386013,0.0765618282484355,-0.0029696450593128688,0.002938917587002217,0.6722518822397332,0.7403166684524619,10.454549966959094
2,0.0017476493313916415,0.07642528656737657,-0.0030000002657275936,0.6401201981362221,-0.2808673965094442,0.7150941459109077,6.0389240849017956
2,0.0022005635523896262,0.07608641946256435,-0.002995614542111036,-0.046240210633757134,0.9934477852062762,-0.1045147883760497,17.628270884187025
2,0.0016281579766087972,0.07657007085100828,-0.0030000003349024036,-0.006076026333413422,0.7165971935576185,0.6974607831909551,5.34362626239344
2,0.019602714673719608,0.06272001439194544,-0.20999998344518256,0.5316357937457445,-0.06450239017513158,-0.844513365477437,6.291026740743877
2,0.00808290210691728,0.0769454338980455,-0.003000002523246822,-0.7825610218972945,-0.04139983361275696,0.6211958634632867,0.18400505492719602
2,-0.00108830564686741,0.07719372853735888,-0.003000000683753917,-0.3996611257447089,0.40686168111648613,0.8214222769121486,4.823719209991175
2,-0.007279558767487987,0.1300023087097228,-0.20999998565014139,0.5324471626058007,-0.5575500367021784,-0.636897146803494,6.852834209411906
2,0.048584283652787066,0.04126442325701324,-0.2099999846664417,0.6928582322444471,-0.07464906780637331,-0.7171994051076309,5.932550801855586
2,-0.0005711433824149804,0.06878712658001088,-0.002818806927593312,0.39777576999037423,-0.8877116012634985,-0.23182439429611454,14.735211621121564
2,0.0012720739143692197,0.06957055872584865,-0.002302366903417087,0.15125674205141282,-0.8698539778171869,-0.4695481394485652,5.701653855671005
2,0.004323115583029103,0.07591743724994107,-0.0030000007695038288,-0.5469034544001699,-0.46405604638552156,0.6968131725062318,4.117944271544139
2,-0.004804797686396288,0.05601636712631146,-0.20999998532730896,0.6783202214799714,-0.06012398660674139,-0.7323023851974504,9.140831608724625
2,0.004147219914818298,0.08014452168934391,-0.003000000386787194,0.40390303518416504,0.10742281106814085,0.9084727171639428,1.7931133073448189
2,0.0022211602726987414,0.07607275716118292,-0.0029181626490305188,0.937026998913198,0.060923057903076464,-0.34390228891861724,24.290779859080573
2,-0.039399829911135296,0.08990960115533159,-0.2099999843209639,0.1449129504228179,-0.2754709507510109,-0.9503241510621985,5.504979143278055
2,-3.202290720960455e-05,0.07701481536127786,-0.003000002695960881,-0.47463991856545107,-0.5358959650397364,0.6982352485790959,13.501935826853925
2,-0.007001089582067155,0.07176279691242665,-0.2099999859015106,-0.018721280156033342,-0.9570620291986612,-0.2892780426085958,7.018443966420414
2,-0.024537535912181344,0.05830510366291832,-0.2099999858161234,-0.11333789683125543,0.21015570264631958,-0.9710762595116305,7.280952459755137
2,-0.004739262504840592,0.04892234286163373,-0.20999998594602853,-0.5427178113591358,0.8087684967280251,-0.22660736072299115,7.11688177889271
3,-0.02599692732176749,0.04737360569033336,-0.20999998588727975,0.12866728775663272,-0.8049981411538858,-0.5791569060281858,7.564653773347141
3,0.0048372617852012936,0.07671529569005495,-0.13466693170782473,0.16474983568017176,0.9792204324884548,-0.11825749972192132,10.799273501829665
3,-0.01789522767339672,0.03347960417239812,-0.003000002457709105,-0.06325676870124004,-0.31162902750810434,0.9480959500113009,15.02493953124763
3,-0.018257166682146483,0.033580676257730396,-0.002500000919664562,0.43968898149750957,-0.7186679159941425,0.5386928865971022,5.151705972037563
3,-0.02052289980847831,0.030977026627004953,-0.0030000013687441597,0.06848553027307008,0.5236830402739506,0.8491559370767233,7.172565503025597
3,-0.020574353542700027,0.031157055941387277,-0.0030000016442228864,-0.6077753279413404,-0.28564404045553227,0.7409565661346381,7.035937866208719
3,-0.006541201253254632,0.007596374674366748,-0.2099999852070218,-0.8466080279406039,0.37636908472183167,-0.3762992945677314,6.827187509795325
3,-0.07049893093587409,0.007464573792830466,-0.2099999859578102,-0.30026381948092845,-0.8706687407169277,-0.3895864251345572,6.277082756152031
3,-0.061508234244505196,0.03743703675712846,-0.20999998556256827,-0.6716114568733609,-0.18786373260753855,-0.7166904973328483,8.15984247717579
3,-0.005669177098712341,0.06137320734176255,-0.20999998592125305,0.8047736280988328,-0.0401192668935058,-0.5922244945462569,5.654149715621041
3,-0.024841013919170422,0.032387455495065054,-0.0030000000707941722,0.17170622352771492,0.7999522365246147,0.5749725141962155,4.036530593485081
3,0.016078684252249925,0.016629061294361282,-0.2099999842784872,-0.6359916287946012,0.33742547115934074,-0.6940163539255302,6.033261880751672
3,0.04302134953652034,0.016476741191990753,-0.20999998598059955,0.19393518772625504,-0.3011711622737296,-0.9336407628077691,5.528245269250352
3,-0.024964867997509167,0.03584412271928606,-0.0029185021886926335,-0.7999612604229489,-0.5997932999754001,0.017606224102457074,10.779372879436028
3,-0.024278312839733966,0.03408119839652905,-0.002953043181163922,-0.9581271552790759,0.1634989518763878,0.23507540716150738,16.214129080518816
3,-0.02806330578100944,0.038823500614130174,-0.003000000067666584,0.3853256653388355,0.7451658134555532,0.5442904023481467,2.0215953359592866
3,-0.03726310145173179,0.03234053308191333,-0.20999998532685993,0.47578768783928543,-0.3872507918391857,-0.7897233061778476,2.1173549995333047
3,-0.019820907611617127,0.03255079941501442,-0.002631192639229789,0.44534679012207756,-0.859275540069236,0.2516183275651534,11.294444059769107
3,-0.018193568175972136,0.03445728280629827,-0.0022452178173651242,0.8722733735156774,-0.13631682881937482,-0.46963484116514337,14.257406733039657
3,-0.020336634365474966,0.03378437407317935,-0.0004309745331122407,-0.06307334666089329,-0.9852669851670621,-0.15896767243940751,9.730574037876167
3,-0.017451110211076377,0.03439646280127087,-0.003000000514003816,0.1571635655419432,0.12601166464103555,0.9795002164576273,16.562559120055234
3,-0.01629760842448979,0.03438993629161189,-0.003000001574258229,-0.7016528321799921,-0.24894898290861384,0.6676134412986023,7.067948271829106
3,-0.01696786357771586,0.033318647431515455,-0.0030000023820637087,0.0889216160521806,0.6605700587618497,0.7454798076849802,7.94608779150898
3,-0.01684312833910489,0.036215955953425596,-0.0030000000080493746,-0.014103617300586142,0.47906988757289476,0.8776634496206005,3.4997091379361582
3,-0.017883420880118683,0.03354817561613072,-0.0030000007893062355,-0.5819905700380846,0.3813611972741233,0.7182274107832369,3.8618995917675676
3,-0.01694570680764765,0.034076882201262024,-0.0030000004819764324,0.6707656949522478,0.5576185845791691,0.48901420900332965,10.657398507374264
3,-0.021122227106435996,0.03134533017700902,-0.003000001669526326,0.16997425039307654,-0.2808960974823496,0.9445666395879635,3.744866765169162
3,-0.04528961757349969,0.06001665699440196,-0.20999998599113187,0.7139800323148641,0.578777512207655,-0.3940166301292163,8.529189890528247
3,-0.017647809321642213,0.03307499548533058,-0.0030000003552125135,0.13094477998980564,-0.6282144818560684,0.7669419987063776,11.703865045639528
3,-0.01847806755840499,0.03342678588246016,-0.002500001418388186,0.7500869141151738,-0.17585581048273424,0.6375298857250824,6.5730104287703846
3,-0.025411799421079035,0.03744952804838459,-0.0030000004479237945,-0.14877286518404664,-0.8677606247648296,0.474192084173368,5.626416539128246
3,-0.024995163106762593,0.026490132299462676,-0.2099999854898782,-0.35287272288391924,-0.7023096924271895,-0.6182571773682174,7.380878490885392
3,-0.02140649948686944,0.03136151453080302,-0.003000001275810341,-0.43961049179394035,-0.17748427166847175,0.88047825005221,5.015495434470741
3,-0.01801684418181027,0.03903778937591104,-0.002980875295536644,0.8596953393933771,0.2424427149652575,-0.449605886733683,22.18657145146165
3,-0.0630095489280594,0.031329841986953086,-0.20999998593785563,0.28078127196708075,-0.5067472135160391,-0.8150884239800475,6.114672354292481
3,0.0014041485362893944,0.03254467184337401,-0.20999998505055062,0.7678589900328097,-0.5013312034843329,-0.3988227624380838,9.085820270001857
3,-0.01303447798666324,0.039021383277281205,-0.0030000017638719192,0.6227121579703956,0.5189910262267559,0.5855577537800621,1.9099554312561469
3,0.004417574724943875,0.020355493423665848,-0.15816568443325166,-0.27075663016764956,0.40649799572022877,-0.872611154349803,9.801322366183179
3,-0.024737892155965883,0.03350102012160046,-0.0030000001220194805,-0.37347486181496925,0.06965748786833885,0.9250212764991744,5.9314145745501285
3,-0.023185051715666607,0.03373422546381141,-0.002315313484398745,-0.5491337278383631,-0.4822625683812566,0.6825503381353323,16.01134861970042
3,-0.010395846191299931,0.09121868977097324,-0.2099999844115049,0.5067992024559127,-0.6400341693161085,-0.5775039657854218,11.255228998009658
3,0.007669448550014163,0.04601417904450826,-0.20999998593798577,-0.41966433298795797,-0.5886315006204142,-0.6909376267762031,8.101728732741433
3,-0.020527207732998307,0.11938130371420551,-0.20999998563398847,-0.11184977678437784,-0.4672137459448621,-0.8770410155936009,5.2082116337601585
3,-0.021044524206427228,0.04401001297802768,-0.003000000192317671,0.17708526293440055,0.5930751279945669,0.7854315388407082,2.8244248906022564
3,-0.02406273261789796,0.0978556993203906,-0.2099999837364197,0.32338194661453873,-0.006415902600140509,-0.9462467716180684,5.6661329379981105
3,-0.01765589490586677,0.03915120206645995,-0.0030000023474904217,0.008877459867082061,-0.8019918068419818,0.5972690620353961,11.19572081688606
3,-0.058100627230351795,0.04876321585908284,-0.2099999852874404,0.13472230417972597,0.09631474694648103,-0.9861913456713867,6.971088600585827
3,-0.036727009770048,0.02886920220823998,-0.2099999844187902,0.041791456144715355,-0.3672902774652129,-0.9291670066639433,8.647975422908253
3,-0.02547868051821246,0.006686782530468657,-0.2099999842134535,0.4564022677188807,-0.40880830944543056,-0.790299143457357,6.499083198060902
3,-0.013924174657931956,0.06238386027444043,-0.10560357539749352,0.597141498900543,-0.0014059753040983614,0.8021346854015583,10.307503748233879
3,0.004780539617880025,0.031678756813572614,-0.20999998320249458,0.10000177550690191,-0.7301788083803903,-0.6758983301411985,3.442420359039625
3,-0.024158289896351756,0.03391844066580102,-0.0029739820300795157,-0.8884809583589295,-0.36178299228021005,0.2823378351025162,11.432795649530004
3,-0.023208989354811242,0.040016376055954005,-0.0030000017910126013,-0.1370844598105376,0.5918572310060908,0.7943002385648993,15.214063274793407
3,-0.024879355538497322,0.03737115486243256,-0.0030000004147476087,-0.9404122392691077,-0.1967562328797922,0.27732977672045117,15.119200074823368
3,-0.040523310080226846,0.08048980402739425,-0.20999998467084632,-0.45494205498257567,0.2503633426812634,-0.8546027868253738,5.76382543630531
3,-0.008904796552369587,0.052446097594062976,-0.20999998516286394,0.4241863734865004,-0.4991065744862997,-0.7556179906890274,6.7113749662547715
3,-0.011153474744914932,0.030136251645458953,-0.209999985776391,0.8572957692172576,0.1786762148728538,-0.48282375078376205,6.896222761096383
3,0.0029841928558856073,0.047557434888039235,-0.20999998398304695,-0.5784863340234396,0.13189554354259192,-0.8049578417170216,6.8277102082726575
3,-0.039465418964738534,0.058017767008222615,-0.20999998587908597,-0.08987066492539654,-0.11352051448436547,-0.9894626604258863,8.260587167126754
3,-0.045243019628668876,0.03324436236701732,-0.20999998583453988,-0.1685053103101296,-0.6595303188146834,-0.7325474175515804,9.06831700675052
3,-0.02013603093627262,0.03553503995135504,-0.20999998585635116,-0.08234616349369178,0.5152927650561447,-0.8530489292172303,8.979477806733309
3,-0.024436267280391145,0.039488370148164684,-0.0030000001306883443,-0.37589590136131973,-0.8486832601815377,0.3720739109738782,8.148767809587365
3,0.0016362442379864689,0.04680229959133082,-0.20999998578164197,0.7533316031759134,0.14724505185912065,-0.6409449199107621,6.449307579837184
3,-0.040997003254640015,-0.0018615183355924739,-0.20999998337828432,0.3613013930044144,-0.4669938114166946,-0.8070799734298817,5.336025842551502
3,0.012947916622092038,0.07197249234760503,-0.2099999858415325,0.6856381132071492,0.0858600192031078,-0.7228612832488557,6.69642250092105
3,-0.026751932546091865,0.024535622714229675,-0.20999998584190777,-0.0935193966394097,-0.6924417096347383,-0.7153870289642678,8.423041719009966
3,-0.03253338170918062,0.05431334866235596,-0.20999998484695884,0.15671427469713567,0.36529286614014594,-0.9176065377127978,6.851131177145121
3,-0.019502329556534935,0.04047756489741515,-0.0030000000438791304,0.5428246959544655,-0.8242010448053854,0.16135051039167198,6.1631384585648386
3,-0.00038900530936550657,0.03777191380927754,-0.20999998372982684,-0.5135376207619613,0.058405266527205124,-0.8560770624797922,7.375427937487165
3,-0.024616821152741122,0.03270066152533561,-0.003000001343732785,-0.3930313794287919,0.11243862878649077,0.9126247254709438,5.421748489159106
3,-0.06728835842584577,0.04150695884646051,-0.2099999834688701,0.1681642093331948,-0.04294596949866787,-0.9848230513159004,2.4100551620774384
3,-0.034266135644568346,0.022878230688368868,-0.20999998547988002,0.1315600635426483,0.1897607415738641,-0.9729762641698879,6.3163263398613
3,0.013978321811989616,0.042477178148520645,-0.20999998569499567,0.3916632197069526,0.40667310224619213,-0.8253586555178555,8.199873371431373
3,0.05986919998012114,0.08438192352705909,-0.2099999839077016,-0.47209984956565787,-0.3521199206065798,-0.8081666248689684,9.555836716714428
3,-0.019024938979606824,0.03356819912807994,-0.0023261130158344382,0.6260657005572441,-0.7049646395678008,-0.33326655329451815,7.792118844567501
3,-0.01771114266305686,0.032722957870855766,-0.003000000008873037,-0.9467603227099683,0.1786697918640079,0.26780962794005103,12.237247536790099
3,-0.021305056867899238,0.03295074668969306,-0.0023397847954274393,0.374418003952229,-0.3688796813571233,0.8507284754833917,8.282196534049357
3,-0.019566570485727602,0.032524524515266606,-0.003000000287120691,0.292440918727712,0.048258278623364896,0.9550651535879642,10.183820868334093
3,-0.020704160714784293,0.032228383364271876,-0.0030000019362477516,0.08666367970973934,-0.04781421112095903,0.9950895476458632,2.829999925061713
3,-0.01852214558764821,0.033232974863038604,-0.002989972509918087,-0.3766446641960944,-0.7693973187726304,0.5159133287656937,11.723457425871809
3,-0.019675025207230017,0.032598893288695745,-0.0029134415804103263,0.509333794537034,-0.8521077894311898,-0.12038023481119159,7.255191851149522
3,-0.02420741529725734,0.03365657038618218,-0.0030000000225152224,-0.3958843476181939,0.8657901180072951,0.3060768773883966,10.727586877984624
3,-0.016945744081330413,0.029496540366592088,-0.003000000263012181,0.43267169085353685,0.28370007106692746,0.8557508268243519,3.204074900771458
3,-0.017795635283596796,0.0387672314260891,-0.002839443077953238,0.40341641572413106,0.8865762818290368,0.22635744304638034,19.840600370230014
3,-0.018772628804881106,0.0330483939216875,-0.0030000000148344198,0.8101182102297821,-0.30496045240917397,0.5007071079188771,8.600158420269958
3,-0.014584597490189598,0.03273440315424183,-0.003000000007812819,-0.37531199909458335,-0.6099616921323954,0.6979166407721,1.3229199463241608
3,-0.016231229043543276,0.03691400905317849,-0.003000001321661574,0.0007805515016060423,0.06777016423370791,0.9977006542942074,4.770040041523339
3,-0.016714467275657577,0.035060953022478136,-0.003000000106493229,-0.5435547612366382,0.7230763020931257,0.4262732490883195,4.551878752876281
3,-0.0173767014707017,0.03467847083743605,-0.002683590263638757,0.9259589295291892,-0.2037329557006152,0.31795116541168617,16.679246943756056
3,-0.019439040985163365,0.032744375917482776,-0.0025000000926614346,-0.49167729719792347,-0.7939537478422265,0.35761834643573237,10.26829915984123
3,-0.01891714377376664,0.03226931868124454,-0.0030000001029549172,-0.8009003786398173,0.38194873948795804,0.46116563607684113,9.09322155735516
3,-0.028921769382971356,0.04182294417710666,-0.20999998514750076,0.15771209929392055,0.674156920339405,-0.72155342178857,5.383907944635113
3,-0.01630939773682607,0.0337324171197153,-0.0030000000893174337,-0.1305273312416123,0.5173416426020322,0.845766067319311,7.70424450886493
3,-0.017072602260091482,0.03561443083508753,-0.002844759627418824,0.3287015693216063,-0.7535710519209061,0.569285471474841,18.372284174460805
3,-0.0194465552547192,0.03243661952939199,-0.0030000002330594954,0.09464420664299746,-0.06263060378341383,0.9935390689945929,21.111808604128946
3,-0.017140256340654997,0.03532315448274653,-0.002947463737876856,0.5043331265088492,-0.8303633899742556,-0.23694880902058052,11.268574761158085
3,0.008123364657070701,0.05538125637106306,-0.20999998579885903,-0.6269953390135741,-0.12112532177566528,-0.7695488946649163,5.6124396656604025
3,-0.029385508519520116,-0.04964545584533207,-0.20999998471336656,-0.7423613849321165,0.14947458191202206,-0.6531132547452213,6.692864041375917
3,-0.061544960227177696,0.005786998415353923,-0.20999998533242142,0.4727696612650774,-0.016637155695698805,-0.8810289736652599,4.43433157754478
3,-0.01675010073733709,0.03624746935268916,-0.0030000008393423717,0.1724516081205214,0.3284294522648616,0.9286520003433195,3.368545149231395
3,-0.017183365505369565,0.03245750806453322,-0.0030000000214367183,0.8348084454425555,-0.12031216890642019,0.5372335073604555,3.9956713011455998
3,-0.022269031653776097,0.034849037187873605,-0.20999998589300728,0.5466710051782031,0.24605637598207103,-0.8003793300279702,9.286228695852662
3,-0.03152072427529753,-0.002417002576187032,-0.20554615095799525,-0.46864101073377185,-0.5154104405854868,0.7174452458507917,10.135721165037808
3,-0.03587235037119406,0.021249605154175115,-0.20999998467380332,0.008698126669753746,-0.23202867762999851,-0.9726700547203615,5.741041261305841
3,-0.01866728426363248,0.03312370114577498,-0.0028582989824120887,0.5069622483712892,-0.8029978768352788,0.313342765233796,11.966181646054633
3,-0.017124260447478282,0.03538382125165388,-0.0028261502929961533,0.6096535761413447,0.4819969689416448,0.629286452284758,11.354539047647206
3,-0.02278026113789168,0.03153844621605615,-0.0030000000772069215,-0.46983959407827136,0.07573383935097747,0.8794970957391082,2.0779910081904953
3,-0.017255123447238188,0.03477782114297513,-0.0030000006227238027,0.6071494726736916,0.5999327353495737,0.521008858742379,14.583266953883811
3,-0.025060560994019147,0.030721218847187214,-0.003000000833224851,-0.1046104114533809,-0.5601990269125584,0.8217260565795496,3.009201862177298
3,-0.019525629441977218,0.032254051756624144,-0.003000000049322665,0.011024727716425464,-0.9096876150233133,0.4151468396266254,12.567350639606314
3,-0.04244936941596922,0.011141102715077397,-0.20999998439668596,-0.17109046227590693,-0.7879661720757145,-0.591470510999967,6.066953801741856
3,-0.004237516662837731,0.056270901396116416,-0.20999998529771413,0.41112050986298854,0.04329147969876595,-0.910552455466179,5.619782383913264
3,-0.004031570434536089,0.012538019270028185,-0.20999998592259508,0.45209644037915514,0.7112982942648931,-0.5382039995878426,8.665753606090135
3,-0.014814814023688859,0.05597661199955774,-0.15641471371824942,0.3997836270134739,0.1766144139682409,0.8994333773830092,10.199026922006597
3,-0.018817465865197357,0.033020972718475414,-0.002788363924450073,0.9658358053375102,-0.011198111545687589,0.258912725500028,14.120967949085614
3,-0.01834886906691972,0.033377822223743026,-0.002892376859113148,0.8988921362396172,-0.3998785813802141,0.17913695196671414,19.9293827781205
3,-0.01672106844706224,0.036661892314583444,-0.0030000000346583878,0.7723401569014919,-0.04340446878716636,0.6337244938667612,7.138388686095213
3,-0.019087823290729597,0.03285096446972391,-0.0030000002194735436,-0.41534482721862903,-0.45984721597412875,0.78487528465583,4.514954791524983
3,-0.018177898224952638,0.0335383370537996,-0.002913846186440635,0.5086733108989504,-0.09611884438027182,-0.8555773667729302,7.886500417126874
3,-0.017929337347576728,0.03380966593774631,-0.0028442902151743724,0.7778307980926948,0.07811564920468658,-0.6236001883320845,18.233391227302292
3,-0.017582586947872084,0.031082882062028215,-0.0030000002909928774,0.66766695186821,0.6173729711989985,0.4160185762870859,2.368880595557144
3,-0.017383786929216265,0.03371015807057284,-0.0030000020149191825,-0.5671337025193259,-0.3273036271166813,0.7557987160236412,11.732319981854372
3,-0.01731356335368714,0.03400809737582407,-0.0030000000298039406,-0.38850975346031585,-0.794651041128765,0.4664653195031486,4.289331439745234
3,-0.06728060758051743,0.053713187956436315,-0.20999998350777035,-0.5582255096692079,-0.5178497603883182,-0.6482406235498621,6.976385913134507
3,-0.017866094858760034,0.033887383258127894,-0.0028492093673994977,0.8215145012467026,-0.3771362636998532,-0.42764724112742314,16.23617613244427
3,-0.02077573998660496,0.04039792821709042,-0.003000001122315678,0.48145074739281285,0.30124186898702354,0.823078680445622,7.310584308847002
3,-0.03759930817671578,0.08070132709691281,-0.2099999859459909,-0.40749826831195585,0.24200489731034777,-0.8805559556328975,9.633488703522197
3,-0.02641663834759874,0.03810662821630585,-0.0030000004691195696,0.16242361465110317,-0.42485294074886676,0.8905720342233465,7.0770716261853925
3,0.004109696542880734,0.026522954864100598,-0.20999998562206668,-0.056923702850329556,-0.7040002761396665,-0.7079147570499436,2.43440527140419
3,-0.03769578280398672,0.024059256704807238,-0.20999998522567204,0.026277611532573252,0.33060825545309086,-0.9434021775247324,6.009261655425852
3,-0.024800689025614678,0.03795008098243311,-0.003000000199901585,0.3967664651319354,0.451240393790766,0.7993487844228344,9.234104331757438
3,-0.022718220734594802,0.03335137767012858,-0.0024402094004478876,-0.9787469606398878,0.1748835436821641,0.10709870768291585,14.204001641186416
3,-0.008570326003897122,0.03612679180569837,-0.2099999836194045,-0.28856923992566813,-0.09325052502592847,-0.9529072008076711,3.2122779868199918
3,-0.020831196621818197,0.02273320995922367,-0.2099999843610108,-0.4880351271904794,-0.37707174429726914,-0.7871712737903918,8.248844624087956
3,-0.029054862452831343,0.03802631910812592,-0.003000001865297987,-0.17606656246365088,0.12574781411367425,0.9763135013036877,1.9263862400873382
3,-0.03976169283059049,0.04185093718410025,-0.2099999857295834,-0.7896804731227529,-0.458419422482952,-0.40774548858205856,7.2111896684411665
3,-0.022358341322473205,0.04013536264964206,-0.00294451111885243,0.23149628377810152,0.9204651946616813,0.3148861635787796,18.127728298583616
3,-0.005571577630728412,0.05004661008804584,-0.20999998237981637,-0.3386727168690799,0.08798322416646877,-0.9367815877320546,7.589624379610314
3,-0.02051336741328621,0.031586615495715425,-0.003000000149809257,-0.36757069659132796,-0.4585058635152131,0.8091131911726163,4.38761083272445
3,-0.0175002031126258,0.03830992105254342,-0.002776936588098555,0.4639572526953607,0.46957824848401997,0.7511590618650972,11.96763811093113
3,0.0010890718515626984,0.053172626412529594,-0.20999998547634072,-0.10416728475676086,0.6741759096532273,-0.7311880877241143,8.130571983378083
3,-0.015606904702643708,0.07217863055207366,-0.20999998493762376,0.4427374314229362,-0.11505441420100103,-0.8892390278152916,6.690373828517792
3,-0.039229589481884465,0.059360302491453805,-0.2099999858565092,-0.8499747443932804,0.23584066633989503,-0.47108610040408994,8.323806781860082
3,-0.026532307027218933,0.018082040052158382,-0.20999998580231005,0.21795209894922804,-0.8523295076259747,-0.47542748447443517,5.262944775748423
3,-0.027169356048621043,0.012143856040719235,-0.20999998599198655,-0.387463604791485,0.7961316442251979,-0.4648078743150456,7.470965829235039
3,-0.02181419428519798,0.04097809672132093,-0.003000001023728875,-0.5166680038766527,0.34502389386702165,0.7835896160816281,4.125321195890531
3,-0.019723988729568435,0.03975743460990357,-0.0025000005947723447,0.7754084706042023,0.3548918553230601,0.5222963476232712,2.9241434460192943
3,-0.01927826696462999,0.0400371562332045,-0.0030000010879153182,0.1464429371994423,0.031191241994415742,0.9887272488240859,8.085311330451068
3,-0.017136687753864645,0.011202125928539863,-0.2099999828942407,-0.09204222496125904,0.17282262693923833,-0.9806429362627368,6.125426993640943
3,-0.05273759381588822,0.07436216944651541,-0.2099999856797385,0.4131438414082487,-0.3621676165831211,-0.8355517840355184,6.843234370181113
3,-0.019510918066494062,0.03240686909920404,-0.003000000207999246,-0.03228562975552318,-0.17293079350713958,0.9844046824189127,2.835320276944067
3,-0.024038221993965637,0.01763707084865572,-0.20999998596571504,0.12986387831536164,-0.7823976679905488,-0.6090888787622413,6.504529683651624
3,-0.019875682826231825,0.04027790043339214,-0.003000000128837427,0.20914447462530053,-0.629758327251942,0.7481063012637593,14.020657505582355
3,-0.026414787656234662,0.033912630362598006,-0.003000000618468552,-0.39226867281946975,-0.5408720069584567,0.744031424345224,6.6810598872086215
3,-0.02255141045496697,0.04047924954618127,-0.0030000006923969627,-0.03569712721198251,-0.20062046711210987,0.9790184591132746,12.970630334418326
3,-0.02558431157340199,0.03627273970062449,-0.003000001288199928,0.21210436334508176,-0.667627229952936,0.7136425021503043,11.174362343715753
3,-0.02108840413695067,0.04193156250559864,-0.20999998239444578,-0.18894309040354637,-0.26554393888589367,-0.945403049027092,6.470643357949785
3,-0.021601027812612528,0.034380975693763235,-0.006157445966645152,-0.3724348859841051,-0.839246451401076,0.39617881002485256,9.77810935951554
3,-0.0521229388440925,0.03290325039739935,-0.2099999857430603,-0.58017366123703,-0.5681685578262601,-0.5835949046251585,5.84593527357587
3,-0.0031291797734020028,0.033772238970389175,-0.20999998517673213,-0.6376617691070205,-0.2900612785247931,-0.7136188919303269,9.521628191336553
3,-0.009006551373836616,0.04920624270287603,-0.20999998453650837,0.07929001541934888,-0.18304829492500305,-0.9799012272570378,4.381980693447035
3,-0.010852451541027937,0.048386815272325974,-0.2099999843649672,-0.015345577530243485,-0.016572623897721427,-0.9997448981552285,7.361500931287193
3,-0.056145742832674296,0.026582458986277688,-0.20999998588555385,0.3184274710871487,0.1372081256270662,-0.9379647519597686,7.93802924250933
3,-0.02091414156527078,0.04042213065457641,-0.0030000000825797426,0.2035926154773479,0.7005010052915626,0.6839944360216705,17.052864341155964
3,-0.046121363027150086,0.022303466030768385,-0.2099999848056554,-0.8600305494521885,-0.199824890150936,-0.46948638668776405,9.798581593735694
3,0.03523886166332148,0.035645677278429155,-0.20999998556313246,-0.1853979975315734,-0.8100548140432156,-0.556272218213973,10.167141720886383
3,-0.025077236777887146,0.03628542574173366,-0.003000002694564825,0.6833358730227026,0.09835430472568929,0.7234490413168208,10.6476411280007
3,-0.02178713385495443,0.04306180010172454,-0.003000000437072962,-0.17277900189393292,-0.9267539315074789,0.3335784269702818,0.6675197627913172
3,-0.024310331944996412,0.03359452888387493,-0.0030000000522421547,-0.3741625960344946,0.2614874616689694,0.8897340384174626,14.718295381551076
3,-0.018156474579222884,0.016881001377552114,-0.2099999847198236,-0.6000034503038838,0.5710914338568265,-0.5602235569830928,8.913286307212678
3,-0.020316631642572965,0.06728232008605645,-0.20999998450243357,-0.3559001328940897,-0.45178357336603664,-0.818062771578431,5.406895013923165
3,0.0607566165711705,0.016283187083248538,-0.20999998390569588,-0.2479429164290203,-0.42327097026086363,-0.8714160865666291,9.296954432074939
3,-0.041013901020117836,0.03910360587905817,-0.20999998580929813,0.3269777734170405,0.6748952286875286,-0.6615149023159214,6.0552217650984685
3,-0.018795434607286932,0.025701301824873186,-0.209999984319006,0.055548560852625675,0.24062066143061334,-0.9690284075711589,6.245758488552292
3,-0.02638555989439233,0.03637718861651769,-0.0030000001316737353,-0.16859995625782265,-0.1410002254637661,0.9755475340387199,6.241498646282635
3,-0.021822322559881188,0.032041913705253125,-0.0030000006574179908,-0.5010063843931615,-0.3964083135530133,0.7693198630890448,2.921002787898953
3,0.0013795887964126845,0.055345445152431214,-0.16816233536379235,0.41591867272477545,0.7366091671850181,-0.5333090965826996,10.03745560994257
3,-0.01857950211767141,0.03452384152792795,-0.001364611532624614,0.17425515590805105,-0.8913843176209849,-0.4184126419443276,8.52660233949302
3,-0.018431014091905628,0.03326111934392524,-0.0030000023367224545,0.4767959194005923,-0.1325525546503817,0.8689622957865327,18.086431783686347
3,-0.017073758111116093,0.0348757540747286,-0.003000002942647524,0.3128841664382484,-0.27860071230455535,0.908011641718121,10.577703987417184
3,-0.018711756005035877,0.033547118727502864,-0.002500002528895958,0.1927582381475541,-0.5704678636314496,0.7983800336869785,9.131463031862703
3,-0.01965408935576562,0.03252183066532748,-0.0030000009557975115,0.5081618400174043,-0.3564061770866148,0.7840575114649633,11.965493071349206
3,-0.034182277191907876,0.03609020733818309,-0.17008235437039326,-0.4119736507591643,-0.37235692263241693,-0.8316417697830492,8.575755358582613
3,-0.013309133977919742,0.013906965372533454,-0.20999998550405496,-0.6863570669035733,-0.6213594090645209,-0.3779238831808764,5.877425279468413
3,-0.018506940323617466,0.03267343054679932,-0.0030000000941689245,-0.055792021682648865,-0.7389021576570095,0.671498958842364,10.3845277554649
3,-0.019632553256538204,0.032416202677567174,-0.0030000026713534193,0.45148548183380505,0.1528766395264723,0.8790845197023949,7.990283275592288
3,-0.020533631306288953,0.03240034801992489,-0.0027577718015027895,-0.09674452035354805,-0.8821492287510533,-0.46092649738920777,28.094116157461244
3,-0.0161378290908695,0.012559386613336138,-0.20999998503322964,-0.6450660740755139,-0.29298484997645335,-0.705726319305918,7.488995077807538
3,-0.008632745087900379,0.052140931323578096,-0.20999998427137292,0.21281449388289403,0.35472985313861244,-0.9104266705702477,5.873264011139261
3,-0.017933940082681156,0.039481048594601206,-0.003000000181640536,-0.3022647999859607,-0.053298051980751784,0.9517327925129535,9.974310349902836
3,-0.016870570871298642,0.039010775562441924,-0.0030000002077057927,-0.2226576563074643,-0.21881903330065633,0.950021999088986,5.10594986420369
3,-0.0053457155052445155,0.024379558149181947,-0.2099999858228219,-0.4644093527013801,-0.40827085604248675,-0.7859000325930899,6.541234248467732
3,-0.03996340421284326,0.05866938107462867,-0.2099999856379271,0.4175923160843789,0.018183697409880593,-0.9084525362922327,7.780326347298575
3,-0.059209488663492384,0.02537277600776095,-0.20999998543531634,-0.4770739497250257,0.7329106575510694,-0.4850179528036285,7.214914689975762
3,-0.04951600438124443,0.04632840629285405,-0.20999998511446027,0.14677615102222466,-0.8086935378270028,-0.5696240193039153,6.193169630617774
3,-0.024036974217800176,0.03375591883029763,-0.0030000000088605625,0.2936418471482085,-0.5529824370319564,0.7797338584014333,18.774699537625313
3,-0.018315589066469982,0.03846866543740681,-0.0022640654029399483,0.8404594844361278,0.13472807026890354,-0.5248582685858875,7.214513761409002
3,-0.018351166753053268,0.0393703428382372,-0.0026571768653475426,0.999496012775574,0.0170318374051033,0.026788746897452732,14.199765059212144
3,-0.01738661995122376,0.03314917368796109,-0.003000000410142405,0.2399930716042294,0.29533531341950403,0.9247596326772544,1.2113886342531717
3,-0.01807752461034555,0.03364193166007677,-0.0028125222998385832,0.9825570284554193,-0.042674188661667646,-0.18099889351850998,24.679154714927975
3,-0.01712002447288357,0.037346888727451455,-0.0030000002269698857,-0.049898995219811275,0.5929520295881548,0.8036902269427824,14.478728873904803
3,0.027073833085806326,0.09649460404725561,-0.20999998553061766,-0.40314518294946267,-0.7071631130841842,-0.5808565166697622,6.863502820227551
3,-0.017762520143347747,0.033960047658234835,-0.0030000012041572766,0.04546598023568868,0.6691741466882712,0.7417134258224208,7.565556766450154
3,-0.016738902375238507,0.035663742193982294,-0.0030000001089757703,-0.7653558085041968,-0.31134434499346364,0.5632896104398504,11.792772824714373
3,-0.006415054251084619,-0.0078108305025076045,-0.20999998198683417,0.42663518471642004,0.05900814881213448,-0.9024967908728271,9.004391043899677
3,-0.017465699837176323,0.03449991707589366,-0.002822274673639872,0.7796638911993674,0.40244611397915614,0.47975133361246314,14.125778476821022
3,-0.017383630935384434,0.034663734372591994,-0.002684956311660105,0.8830829719225294,0.07908358373591103,0.46250432590837287,6.603744133869672
3,-0.019059886764239593,0.03322911392873616,-0.002500000095516766,0.26807447363096093,0.23458355321771554,0.9344017514684112,4.533210547016238
3,-0.0168217993832322,0.036086268507403756,-0.003000000050424519,-0.176496845197001,-0.00926692395075153,0.9842575820160072,12.180577505931202
3,-0.007216705727215468,0.03062598898721908,-0.20999998527669808,-0.12190497713970716,-0.6299334377736222,-0.7670221903721387,6.388912092351634
3,-0.01703434153926431,0.037165364766371445,-0.0030000001596344516,-0.690802440672255,-0.11502918109737248,0.7138349077043818,10.89609193573442
3,-0.017282090166732704,0.034897554940082606,-0.0025483451293602695,0.5292468729393023,-0.6143013075599087,0.5852620361975964,10.754323313280416
3,-0.01981563756507549,0.03312807334082565,-0.002386038109612596,0.882552692400244,-0.26707148062195235,-0.38700590354086123,5.8760513948402995
3,-0.014737502372329667,0.0201576846180634,-0.2099999858985923,0.6598250575260617,-0.052372734364107415,-0.7495918823973187,10.538037173556596
3,-0.05498230155413157,-0.013339556257655694,-0.2099999842084043,-0.6722842537818,-0.06116112150970353,-0.7377622918886028,6.488256932724055
3,-0.04403316661992513,0.012524929063449977,-0.2099999859663094,0.6907940150586304,0.6046247354718303,-0.3965256082711381,9.50095908879854
3,-0.0035340622452112516,0.07221576428525406,-0.20999998578057494,-0.1504809708190288,0.5259582217230262,-0.8370922448710864,6.851578217118273
3,-0.010355084600530924,0.04467735975286116,-0.2099999857167254,-0.30667000618613455,-0.268877365344925,-0.913048996336433,9.391193247301775
3,-0.04106562920862389,0.029362857836274774,-0.20999998566519285,0.2598643684336357,0.7251340294074982,-0.6376920490439202,3.050943641419794
3,-0.02943689647311531,0.059365738407784155,-0.20999998311078918,-0.531289461928201,-0.326762948726233,-0.78163769291391,4.778749500948633
3,-0.01572497758544242,0.03621770027726415,-0.0030000006004556948,0.537470215647887,0.5417441248213342,0.6462500061995979,3.242980933473562
3,-0.019660424702110275,0.03322725947550657,-0.0022980091604580827,0.8959046561124411,-0.3110416773925267,0.31718751879746493,9.38440750615448
3,-0.02333231862431081,0.03292044965477906,-0.003000001184313292,-0.12540400340188024,0.5925537839187777,0.7957096512512085,8.430255532244491
3,-0.02116424866574406,0.032718454616220784,-0.0025000003194811287,-0.25191389186101,-0.6456623632086161,0.7208741248118872,16.48104032002406
3,-0.02033267097947111,0.03146291207078392,-0.00300000066208144,-0.7643788493475223,0.416029549123897,0.49258947301574024,10.991201688608061
3,-0.018537091633439216,0.031986511158214354,-0.0030000005585061546,0.016951950767399377,0.5378561453165626,0.8428661805472967,6.783840065924718
3,-0.017279404929130018,0.03897333125571228,-0.0030000004559482163,-0.34582030571654454,-0.8171808326764951,0.4611114863677394,5.619513579469609
3,-0.0014297990989357028,0.052989173594967603,-0.209999985302367,0.6022955361131319,-0.03893486550246099,-0.797323123599523,4.395398799384095
3,-0.018783627716801126,0.03203114546480661,-0.0030000007642669935,0.3493728484514714,-0.5798294129954109,0.7360274890181091,3.378643882997584
3,-0.018498116788865537,0.033252086193490495,-0.0029806146759860496,0.2937375882605131,-0.6415176125045862,0.7086419279786602,13.609720200845514
3,-0.050963180715318114,0.03023195900095154,-0.20999998199587422,-0.049321820030464814,-0.3142492977038823,-0.94805840377136,8.070908706007442
3,0.00246445508457949,0.048248474645542716,-0.20999998417136628,-0.0059274378175693575,-0.023571338638644277,-0.9997045851028699,7.116380629206542
3,-0.018036738692496203,0.033686234994682276,-0.002818726764564703,-0.5307971638378713,-0.8384944732176257,-0.12321278036457156,13.420446898521043
3,-0.02099995033518276,0.03223725806913576,-0.003000000661903858,0.6006486414156009,-0.24254132001555687,0.7618365426065514,11.027396033055345
3,-0.036646621669688476,0.049838447236324544,-0.20999998309223908,-0.30535391915155696,-0.2621450511237158,-0.9154446767719658,6.859598747058039
3,-0.01804108086200574,0.033681456137376845,-0.0028974599056715775,0.3997223109898332,-0.8220035796316573,0.4056256761716264,15.5225394690226
3,-0.018584661583242765,0.032772113784424656,-0.0030000014260912157,0.5879773916391502,-0.36492967010330785,0.721878745219384,5.906239835138808
3,-0.018951806466642976,0.03293376303692446,-0.003000002067368515,0.6483300768842081,-0.4148924494423239,0.6383826178735331,10.7187492123021
3,0.04962461798706364,0.08087616646582362,-0.20999998443915563,-0.5549363257273499,0.4438020214527074,-0.7036230810190349,9.964367693556193
3,-0.007535294333791768,0.04117125376457158,-0.2099999851980815,-0.34799926801645714,-0.743429698027957,-0.5711469106544045,7.660117075172984
3,0.00042209055321411153,0.023817442478981054,-0.20999998402549042,0.13838607858336013,0.5410956067958597,-0.8294967375225417,5.717063818663942
3,-0.0244051536593341,0.03427427723667616,-0.0029021115274843294,-0.4410329925246392,-0.8504835159262026,-0.2866490687976613,15.365152975419093
3,-0.007422950132968861,0.05792774317466516,-0.15526172376613795,-0.37779744784634306,0.9035036447426079,0.2023616869311307,10.674688566441462
3,-0.020138279824118588,0.030850821797207675,-0.20999998530161842,-0.1578158626989043,-0.2384197636866593,-0.9582537084531415,6.944994449419877
3,-0.01885505543233973,0.04126797153360517,-0.0030000014257895733,0.4909594096097059,-0.3454479098195701,0.7997653404074092,5.311516493904947
3,-0.02019678045630824,0.03231402975451799,-0.0030000002529520014,-0.6236970920920084,0.4811473135028379,0.6160350639573814,10.58038571344667
3,-0.03759212055417446,0.0377197567667091,-0.20999998499446088,0.5370725872030515,0.24820158586022623,-0.8061941508417746,10.970379933112094
3,-0.019963180515697305,0.03238964487045745,-0.0030000005758741713,-0.06109854475894521,0.1323186324773162,0.9893223677485881,17.543314905595008
3,-0.027262279483591834,0.03595721187608017,-0.0030000003621218387,-0.8473459271304397,0.006893001928470144,0.5309965784257654,1.177686789175274
3,0.018910020360303426,0.0509830081208825,-0.2099999856776629,-0.13316218051953438,0.9682514523519208,-0.21155840493272499,9.158544924957479
3,-0.023669805741354882,0.03339445388393905,-0.002758402177452729,-0.8734997824326162,0.39213041020334977,-0.28849934399219174,9.968513618579259
3,-0.10098973377187,0.04156565808368934,-0.20999998587244595,-0.5761424984204192,-0.6204349756541128,-0.532090464581877,4.623202687042203
3,-0.023644717946653848,0.03336936574985895,-0.0030000001218539723,0.1793352640385719,0.8680791674454517,0.4629010932363706,11.250516546088736
3,-0.054339916332396584,0.07382966228958039,-0.20543654574173106,0.49654846231302097,0.2385080288678041,0.8345978341334042,9.189896992069231
3,-0.015608526351056215,0.036322432626504975,-0.0030000007546354263,-0.17598144567118848,0.8124232063898043,0.5558768429236718,5.989879495125735
3,0.025118996117569396,0.032548446902043206,-0.20999998585805507,0.23127264092058505,0.8671484233028295,-0.44109701600105505,8.483663042282767
3,0.003989850134947494,0.07664602825712656,-0.08379632461571968,-0.6514122199364025,-0.7305722501311536,0.20475914401030068,9.059954306749297
3,-0.024594812434756693,0.03969327325485063,-0.003000000557452434,0.06003771744589512,0.25639154941630415,0.9647066112926734,12.73770482782887
3,-0.025485520882707773,0.03454687391081178,-0.003000000301258247,-0.03241363885522394,0.42338485071879917,0.9053698825330911,12.34547731038679
3,-0.021464256548166256,0.041695054057755476,-0.003000000759460255,-0.3463665276505325,0.7315538423827753,0.587247140664227,3.304052277262236
3,-0.008593499525291197,0.0676555227302357,-0.20999998236236705,0.2941473445726915,-0.13575559588719247,-0.9460696369010829,4.688847064265642
3,-0.0239036809417482,0.03912417211574383,-0.0029826987496660955,-0.36254336884887317,0.6824999116530944,0.6346307401136727,12.871660793633401
3,-0.04209741430727199,0.04577304286018026,-0.20999998426260302,0.26212928496318083,-0.23148439931540798,-0.936858159402092,4.142919372329246
3,-0.022049719705081294,0.040232862791302504,-0.002991837367870735,-0.592205717826553,0.5702646379163546,-0.5692895840568898,10.908968001585928
3,-0.02074559891129374,0.04443521906958032,-0.07781223597317162,-0.23604216612872286,0.5750173042917823,0.7833512593813021,10.82179765460242
3,-0.016449356080253025,0.035757956084759984,-0.003000000371815033,-0.5441573328940852,-0.4273687151711671,0.7219756078639648,8.925628588976156
3,-0.02497491700983809,0.008244975495933803,-0.11619879258745221,-0.6501022963652571,-0.7063883541357158,0.27996874361623714,10.526603788937157
3,-0.0229499612298213,0.05602555293607776,-0.2099999841178058,0.4183599624341265,-0.2450175157760729,-0.8746092606387371,7.259788682374967
3,-0.02273149943164094,0.03276726025287879,-0.0028197908708159454,-0.12957954226019458,-0.9548384181760521,0.2673812585105635,10.56490515291885
3,-0.02177179418678709,0.0323999505307668,-0.003000000015908943,-0.6633631130156276,-0.3661050000999341,0.6526227924245698,18.988627898013455
3,-0.017655930997010842,0.039558515371395826,-0.0030000003725062516,-0.11452382806954214,-0.20418070877294586,0.9722111555466103,7.641747196521754
3,-0.016688436120230715,0.03676753236011399,-0.003000001340931111,0.0627690462658427,-0.30509205076509244,0.95025201256868,5.026153644387923
3,-0.01749752812257796,0.038480496476657564,-0.003000000873088395,-0.4992038790567296,0.604556671201651,0.6207307938553497,8.403155138928295
3,-0.04190720503196768,0.03885900523716272,-0.20999998585565616,-0.9583848756670129,0.15017196364471824,-0.24278964439986675,10.609562027693991
3,-0.0429134595596364,0.016047326574217882,-0.2099999854044512,-0.10297887395482101,-0.7526515206107013,-0.6503161077825126,7.8144328181334535
3,-0.08242462214772786,0.03363168658085436,-0.20999998398895822,-0.2882563319353865,-0.8252680746714187,-0.48563452515990474,8.234814081413273
3,-0.06496646576438594,0.02030392949501398,-0.20999998501747452,0.7542835279475225,0.3682731315930674,-0.543535886592297,9.9993212853083
3,-0.03387419612149582,0.02941430336325227,-0.20999998508081097,0.37494399281682955,0.21178640756540423,-0.9025317278750448,6.5174571997399635
3,-0.05390184291589699,0.05611335011033612,-0.20999998377589685,-0.405027593195026,0.6559244976208543,-0.6369581635959101,6.991587693256191
3,-0.020925119407244328,0.04050503526483584,-0.003000000001113528,-0.462187610554865,-0.02486842296742429,0.8864334008760599,9.430442885076133
3,-0.02090219419851056,0.04099038407303794,-0.003000001774512078,0.13390736653284843,-0.1491619913604111,0.9797037907049425,5.751967560306451
3,-0.017647669776358746,0.038838141572206594,-0.0030000002020721984,0.5632710174759388,0.25716812698645136,0.7852326504507445,10.655938477361474
3,-0.019452559855537118,0.0400741774287425,-0.0030000002646517554,-0.2199321438755313,0.17541571639017448,0.9596140779155099,15.011243829411171
3,-0.01594214494133258,0.04162387292630765,-0.003000000562718249,0.5514476710996691,0.019504877935567932,0.8339814301142857,3.7456064831996336
3,-0.018391696027171327,0.040492376915934755,-0.00300000022436679,0.08188532145943872,-0.024119484295178115,0.996349860544387,2.581713713171181
3,-0.010015486561838614,0.03815629558984087,-0.0445710138224359,0.5746953586159108,-0.8045759811147869,0.14960860736771714,9.24905325211402
3,-0.02201773756103003,0.040241419756582644,-0.0029641771983933774,0.0833905795480235,0.5583053906639035,0.8254338871152981,15.951644648244203
3,0.000312497484052747,0.04084542087827911,-0.2099999821243672,-0.419219424303577,0.2931040055649735,-0.8592701066651545,6.733311373916743
3,-0.015906918890052107,0.03726757620664903,-0.00300000091129407,0.07881056572554586,0.074618619036999,0.9940930320764907,5.462802926452075
3,-0.005333078782303242,0.045440985744463105,-0.2099999857716592,0.8276811750510842,-0.4190995702080349,-0.37322837876760784,8.246657458609295
3,0.01297987023926835,0.004657462298975812,-0.20999998559589256,0.10336341732078948,-0.668447181783124,-0.7365421706365275,5.16357308127024
3,-0.021190780868168824,0.06009216897229941,-0.20999998538662779,-0.2736366114902323,0.40068167120586967,-0.8744010539859929,7.188096909351579
3,0.006812157911987989,0.049728826055418444,-0.2099999842180761,0.4830059736181494,0.4133585980963278,-0.7719066645838875,6.335462903451016
3,-0.018217381742956618,0.039305380600182974,-0.0030000005199100517,-0.107552043383277,0.6264168503336679,0.7720326985187407,22.627385330806014
3,0.020511949266812178,0.0010095083245784393,-0.20999998510466,0.2137740745826168,0.30147099586305426,-0.9292017454189827,8.479665684799501
3,0.01924757852579099,0.04474810896361288,-0.20999998528304495,-0.17485840664376245,0.9129040031343388,-0.36882356037447467,6.934102459451114
3,-0.009092004560494825,-0.0010378963691791488,-0.20999998591680397,0.7144854991790138,-0.5035590199587141,-0.48573530330946174,6.46472136462902
3,0.004204978853019758,0.04301179503355276,-0.20999998533991943,-0.2951094896979347,-0.6255652416180816,-0.7222039307353122,7.917038111399857
3,-0.025032728749152897,0.0361474348633909,-0.003000000150622007,-0.524686008305549,0.11927409708830244,0.8428987379585756,16.09238105794668
3,-0.025166493618732307,0.03994420402419041,-0.0030000009902243713,0.6057328695124131,-0.09010572785998418,0.7905495864264811,3.6448126338633653
3,-0.06348250405613359,0.06224984620230273,-0.20999998463626057,-0.1615940434001328,0.16695960736127397,-0.9726314073930397,6.798515098674342
3,-0.008518306831938048,0.06496401527940107,-0.20999998533770184,0.4343541278012022,-0.863074338404929,-0.2577579834824731,6.091862539312381
3,-0.022203278405609685,0.06272039253393366,-0.20999998347554788,0.13242987179077226,0.17683910976022585,-0.9752898329812993,4.883165947974083
3,-0.01347778080657987,0.028770370179457074,-0.010885817050038235,-0.6996961245224045,-0.19074193664743977,-0.6885076956231588,9.556033693198858
3,-0.02113180094106584,0.02830634917719274,-0.00300000015469051,0.4087634975963543,0.08505765186340881,0.9086680355841064,3.7974160819089864
3,-0.01901291911689433,0.033566647314035705,-0.002346613012782296,-0.12298597758294882,-0.9897895004670704,-0.07204994158994027,11.768379551781067
3,-0.016286762017289447,0.03182504881449798,-0.003000000311479168,0.9212670189937356,0.19344243717969908,0.3374123637514988,1.171931393159842
3,-0.0190427964679213,0.03349267213941873,-0.002456131851056089,0.6315479017641554,0.07252275450165446,0.7719376256257922,6.105118363917477
3,-0.01915092199756775,0.03342889478465506,-0.0024417926123161725,0.17890756660512863,-0.8832015869544532,-0.43352859122849907,7.576491690130734
3,-0.018008793926786018,0.03440555222639169,-0.002500000540729006,0.14701966826775187,-0.6165469459140136,0.7734695085305836,6.500351963419963
3,-0.017964991402763857,0.03376755196990175,-0.0027563250686019635,0.687672802931395,-0.6747895829333118,-0.26789015449091386,14.257805570747742
3,-0.018301306948497714,0.033623704009727994,-0.002500002969723173,0.13743729834382568,-0.9287041659769519,0.34441190618357564,3.1371927393577534
3,-0.021967952253091796,0.03249195358639027,-0.0029540722450414328,0.28380636974659235,-0.6543908322651794,0.7008755832089935,15.945407383924637
3,-0.0175558555007763,0.034338892250432844,-0.0028555385554217957,0.3224326264004587,-0.9074101066522265,0.26952569409593774,8.715109262930628
3,-0.01724285267735066,0.034775966282420426,-0.00300000036132325,0.7546762315787298,-0.41990715821832864,0.5041247504012619,3.399410735464531
3,-0.014335942444973274,-0.017487677211731795,-0.20999998349928142,0.22486566780423295,-0.4928373566606942,-0.8405633654416875,9.165737952316956
3,-0.019838959991490462,0.033098937851296466,-0.0024347876018448256,-0.11727742214969097,-0.8635314540055179,-0.4904685863508889,10.69466800583843
3,-0.017632871057383953,0.03421380397444829,-0.002943496422457741,0.6578141972978294,-0.6920927443326107,-0.29713316051152533,14.495101783866795
3,-0.019020082050019226,0.025452293303770798,-0.2099999857126652,0.9487941923222428,0.22349367165845713,-0.2232490970736608,3.7998010598439693
3,-0.01816138141266875,0.03354228680697369,-0.0030000001624405,0.9164354559982415,-0.032077731329059875,0.39889481588769193,19.497365330727852
3,-0.0371832803929225,0.05075075509904024,-0.2099999859909909,0.6813128551508411,-0.3516923715013085,-0.6419698351433615,5.257225964981871
3,-0.018799877475550716,0.033032491885711696,-0.002724600915677759,0.8010756730581907,-0.4909998580668551,-0.3423403356496207,3.6027180961442498
3,-0.01806978092932601,0.033553958987151924,-0.0030000003760280217,0.012959573256091733,-0.7672028591373626,0.6412735940240138,11.170059133121631
3,-0.019455342682568225,0.032683348307051135,-0.0028077496492717293,0.3819804006578783,-0.9236512740012822,0.03097252894187137,23.319708414706902
3,-0.01752308923848197,0.029121722842280547,-0.0030000013353987994,-0.2004010724100741,-0.48259812724999473,0.8526068600191358,4.128860107390753
3,-0.020410235584456433,0.03241679114812289,-0.002902461685065261,-0.3532731630450682,-0.48443720867395695,0.8003240988026775,4.454481032092102
3,-0.01934721388465762,0.03273050570764696,-0.002818182009286479,0.550929632153182,-0.21834669375377633,-0.8054820058464086,15.739172923111806
3,0.007816808891882035,0.03188159435873804,-0.20999998420390248,0.6094708146799896,-0.021148959364804973,-0.7925263702685833,8.169847213484335
3,-0.05288743948003587,0.027976553892990346,-0.20999998599006214,-0.6724860892512238,-0.29131776791654324,-0.6803649152180896,5.003481866831762
3,-0.016366452448544275,0.036558426172734484,-0.003000000499130088,0.8499482309210167,0.009706692373703361,0.5267767884762923,11.840326077232943
3,-0.020004252585165295,0.0396246862701104,-0.03514454677677609,0.2895063949173483,0.7774660127337781,-0.5583302305498073,10.275881469063242
3,-0.028157188478436273,0.05399569853544359,-0.20999998596788194,0.4420597044314034,0.2763511534714626,-0.85335412209294,6.8050337199984074
3,-0.025878578791033287,0.03602536629248383,-0.003000000357431861,-0.11958523402073744,-0.5055884255806607,0.8544470233566703,9.55822582099274
3,-0.036737257513569474,0.027580094144671254,-0.20999998427768868,-0.190308576858148,-0.0006837303340774403,-0.9817240844998437,4.174000156966019
3,-0.017377888758085075,0.0818759170119012,-0.2099999852374558,0.508703090155599,-0.5345152844682128,-0.6749182000331668,5.857166546864655
3,-0.043559895621879265,0.008944751707073373,-0.20999998458712182,-0.521761665091218,-0.31511577949558284,-0.7927589862966746,9.582584810747466
3,-0.02390685992010739,0.031186003487986412,-0.003000000416340351,-0.6332810762080296,0.2862295556136313,0.7190463962847067,2.391790447918037
3,-0.018010596359162804,0.033715354011705015,-0.0029181371855382856,0.7166380003822926,-0.675832533714164,-0.1722798966262825,22.167008239051277
3,-0.024285290169893316,0.03388338419482729,-0.0030000003540071978,0.4633801707837371,-0.006643742737007964,0.886134683897927,9.693857949580616
3,-0.015410281483099302,0.0407278866495092,-0.003000000548662996,0.887441745948508,0.18888697550737676,0.4204388873921386,1.5725047241482262
3,-0.017002658852921477,0.03651886779457933,-0.002915948084776902,0.903322218788804,0.4260735472505125,-0.049702126471983556,8.601568335951985
3,-0.017448345607873422,0.033340716807938015,-0.0030000010801826695,0.072842724927369,0.10020576590980343,0.9922967005405114,6.231327733140304
3,-0.01705585374503573,0.0343322729104305,-0.0030000022363078976,0.12640489015886236,0.0488191844669428,0.9907767109555555,8.762261206874856
3,-0.01793252412725238,0.0338058551746034,-0.0029927595431356257,0.591589311744718,-0.7777915783009405,0.21227893666952166,18.87063799813776
3,-0.017921191392428606,0.03381945520693512,-0.0029933423539561174,0.60553143438133,-0.35682004693781877,0.7113445972799556,3.0851129989724706
3,-0.017272523566329585,0.037993637801518154,-0.0030000001937864913,-0.3584286929877523,0.7021288245541338,0.6152592833702892,6.405497778013012
3,-0.013167752842739865,0.0344380334606861,-0.0030000032305649432,0.614181828318112,-0.2166203751992975,0.7588519584295322,1.8668544034779218
3,-0.01622110799828047,0.03779656091575812,-0.0030000015860637552,0.5326812571955044,0.5336895348000334,0.6568303880588509,8.708681636289654
3,-0.016771836651664304,0.03712980127129019,-0.003000001648058897,-0.179108545829893,0.5416867742131244,0.8212767910109724,7.279130772695917
3,-0.017635249501642046,0.03601171579064384,-0.0022104465310679587,0.6648503111455561,-0.624658261071726,-0.40960483474259,9.33046404651987
3,-0.01696084359174979,0.037215978854541296,-0.0030000000807678907,-0.14238997673512852,-0.874246036225913,0.46413248396190593,11.757753907702057
3,-0.016899936629226103,0.03679549975688732,-0.003000000325058797,-0.5004660087192693,-0.05240356249614229,0.8641687571037947,14.339284804529026
3,-0.01765102420165304,0.033114871605007146,-0.0030000000699422526,-0.5786689693697764,-0.05978184117107602,0.8133685237054092,12.920732942165747
3,-0.017256404386071518,0.03496400401485291,-0.002722353244406495,0.9855421296852004,-0.16937049769506896,0.004510557181119862,19.03484487889991
3,-0.01988459976172314,0.032531735419007314,-0.0027751828475225887,-0.3508946484527979,-0.8912743024559601,-0.2872334650921249,29.734880248014925
3,-0.022617485925197793,0.03125777778332481,-0.0030000004925676707,0.6261651848878534,-0.4240535273127129,0.6542902774824079,6.347365891102644
3,-0.0233787633293861,0.03167527087502033,-0.0030000011795226307,-0.17583415495307128,0.04696173625322866,0.9832990111253146,6.367927609035451
3,-0.08602773378866516,0.02494289788718572,-0.20999998365595918,0.1487675572739817,0.684172255992349,-0.7139863710415434,6.351108615553345
3,-0.01667015774573592,0.03302254322509225,-0.0030000002067024824,0.913686334392946,0.2755692115271458,0.29872879339274944,8.789530278083136
3,-0.0199747477422811,0.032383115032603216,-0.003000000162467149,-0.32468038331550614,-0.9228775740909849,0.20707397695035026,8.231166264662399
3,-0.015089939680153038,-0.00011670912406146745,-0.20999998595097785,0.3316549910863163,0.2524262282893346,-0.9090027316565975,8.898974444183395
3,-0.01938166346307086,0.03271506765794628,-0.002728622144063627,-0.06231062059288289,-0.9758172116943411,0.2095188677002889,8.125895216029155
3,-0.020117767482271297,0.03300308714171714,-0.0024588323016953417,0.5577470371170945,-0.7256801531372994,0.40287288060842186,6.797937965456047
3,-0.016103316617956262,0.03491656368058064,-0.003000000672592296,0.2274355401926039,-0.49200416881828307,0.8403600257762912,4.248128420997536
3,-0.0176218829000333,0.03394313740750811,-0.0030000001173375217,0.08077999817729412,0.48606070221732234,0.8701836505327365,17.62934379273366
3,-0.018128114421065475,0.03358879045355281,-0.0027651446901022464,0.16166974599640122,-0.9855791096297748,-0.049967108089620293,12.06101595619725
3,-0.021051768752560287,0.03237051255224265,-0.003000000044578729,-0.5936410475998368,0.0009791397575763957,0.8047293631339067,2.9158323588741966
3,-0.02037593336346191,0.03235673466434415,-0.0030000005528475976,0.39585321479595015,-0.5693881548075149,0.7204841160640567,15.584609010598383
3,-0.036338682713617745,0.009476356776116655,-0.20999998497907996,-0.21448752744205832,-0.7393406385740017,-0.6382558426875383,5.692508925594649
3,-0.01831542309109157,0.03316952165878769,-0.003000000235020347,0.23703854346063719,0.46406981567626004,0.8534939572675729,8.042532622371722
3,-0.018777806333936144,0.03267302930011558,-0.003000000517633835,0.7485876090552941,0.2047272003672705,0.6306372689578833,8.381155176278927
3,-0.007384315651367813,0.012435102329098661,-0.20999998497376854,-0.43927931734344233,0.4339668589371871,-0.7865789513446639,9.726876301882994
3,-0.0181267372335826,0.03359020882789882,-0.0029803729327834544,0.2487843251793212,-0.8874676034961391,0.3879531057871424,6.825279723257388
3,-0.06542626035094898,0.014218337943439779,-0.20999998520968838,0.35061641354805123,-0.11303936177434484,-0.9296721106069337,6.612502856428094
3,-0.023709709273628636,0.030931726070743473,-0.0030000000009000965,-0.7050776592342596,0.47758713989417734,0.5241908223695229,4.061057554510042
3,-0.03121002731223773,0.08467855113345564,-0.20999998432961653,0.5426331401124704,-0.3940005073249301,-0.7418307593241047,6.541858796262203
3,-0.06489091162269169,0.026851331054860234,-0.2099999833239424,-0.09893230788591717,-0.15784299685572103,-0.9824957948001459,6.7742226194851565
3,-0.024422026619672632,0.033876275927148355,-0.003000000049853485,-0.23519792091361644,-0.6245754883342324,0.7447062490472117,8.008633669256742
3,-0.0070229684501412065,0.044460088106767534,-0.20999998215697505,-0.3754321474931003,-0.42369525850725,-0.8243379346767886,8.813602639100802
3,-0.022684547798532764,0.03245509174639205,-0.0030000000786212814,0.3535955081229715,-0.863604751491633,0.3593842648702528,1.9938830132081526
3,-0.03833229318378989,0.06018284712483073,-0.13473588618102586,-0.9881101784002315,0.0023886705198536418,0.15372888341170504,9.506789110105837
3,0.002452118513302872,0.03598693180151733,-0.2099999857632675,-0.6724626957099143,-0.6145042716241059,-0.4125268755296833,5.312402582540728
3,-0.01611867100804427,0.03369547645905722,-0.20999998598040037,0.7777957133744546,0.402130700110932,-0.4830369843858903,7.1434962243024405
3,-0.07135537677512307,0.034903950968234496,-0.2099999841975827,-0.1666426662469058,-0.5432576548651372,-0.8228616786657122,8.252907010353484
3,-0.024331117874524452,0.03481388767909298,-0.0025000001940819606,-0.13161538656457064,-0.8471220378747324,0.5148413765097164,12.527338251325105
3,-0.030900017546917378,0.04644114585214548,-0.20999998556457586,0.29986259025882567,0.5166838535409186,-0.8019477679084681,7.379995176435333
3,-0.01867427605307391,0.03141727875682744,-0.003000001130336348,0.3367101383576133,0.24141943516623965,0.910133473206656,5.666489375271704
3,-0.024402118712830385,0.0329559115661715,-0.003000000334704782,-0.30133857368026523,-0.8287004071940381,0.4716467948886957,4.101484632030893
3,-0.06389179264268981,0.04678301113901822,-0.13100195881472404,-0.46207784814572866,-0.8031561007108298,-0.3760642766123741,9.923975892055674
3,-0.02425983244429297,0.032504757362059,-0.003000001354123565,0.2592205764485824,0.3764452919744587,0.8894344466546866,3.3773231950391525
3,-0.022953334384567495,0.0328824467067608,-0.0029223168077630616,0.05331297838417115,-0.9948670187870434,-0.08600779770223937,7.369626114082836
3,-0.016783455151747773,0.03380077722040921,-0.00300000193707535,0.12160534331997458,-0.1598126552070983,0.9796285294496523,1.964289012688835
3,-0.01207265978318281,0.052015898481490845,-0.20999998589148766,0.6945503663653896,-0.4439677522719738,-0.566120502653167,4.5913390683402975
3,-0.001294800475736008,0.03790430824815147,-0.2099999855624269,0.5577675442964071,-0.5886484842697264,-0.5851395803537048,8.135247558512567
3,0.007872225497939502,0.03958592906913179,-0.2099999840646169,0.5305283311039339,-0.011695462679040576,-0.8475865183264764,6.1904480042371715
3,-0.016912432256434386,0.03583714239769574,-0.0030000003963849995,0.6016053616525656,0.31779948772276223,0.7328536514434759,9.897359219684681
3,-0.021861223232959852,0.04155236529224794,-0.003000000706097631,0.009394189165357905,-0.03157854226974989,0.9994571250824335,6.637331093435661
3,-0.02359130640477216,0.03942021324353284,-0.002808674175356217,0.17200946478590284,0.9788858837610972,-0.11043174632922875,16.18842670812312
3,-0.06617171320406608,0.0663380065062458,-0.20999998578916118,0.2569695211843115,-0.6999055053582052,-0.6664074945193679,7.8289105785820015
3,-0.024997255095098085,0.03622494882448512,-0.0029149616720805707,-0.905208443377582,0.3038496872130418,-0.29710779461076325,9.63222430211237
3,-0.02498878981887473,0.036073818744707026,-0.0027424934769721175,-0.5855571194156249,0.7251375639980324,0.3623511738364806,8.207098672832212
3,-0.024230451540578665,0.0391254492950201,-0.003000000207842345,-0.33664756212016017,-0.4919747122974701,0.8028881001599008,9.215225912351992
3,-0.02260463039421423,0.08933121762871371,-0.20999998567353043,0.7093327043826084,0.097218000124298,-0.6981373610866898,6.808175644092841
3,-0.019398761532182382,0.06396004555735993,-0.20999998590549815,0.1490104254393525,-0.871535199792052,-0.4671426855189014,6.145480689016781
3,-0.041475089068937945,0.008129227714662828,-0.20999998409955273,-0.6877971020014054,-0.15066861898057732,-0.7100944400098861,10.1315503231343
3,-0.04053462975126024,0.09239899719065295,-0.20999998552201893,0.719095564860149,0.6243441728941341,-0.3051162440310301,7.696155846407148
3,-0.015487248377466161,0.026599849927716704,-0.2099999849713135,0.7403934114540806,-0.10175407961963129,-0.6644273500964196,8.304764767836222
3,0.010741671953140469,0.01992893387243143,-0.209999984896638,-0.6367399681917266,-0.5348853545112686,-0.5553916369883086,7.205066903275026
3,-0.015412898215727106,0.0674987213485118,-0.20999998597190817,-0.12287230064254881,0.6542856884493873,-0.7461987909566179,8.183707857750198
3,-0.01722231163353377,0.08501320264933816,-0.20999998589929125,-0.6992143347208085,0.32546605279268487,-0.6365305669019252,5.877380212141799
3,-0.022855208007108274,0.07846120842955304,-0.2099999850587138,0.8318036231595815,0.4026992407452663,-0.3820157771634296,4.071444923942317
3,-0.01732568425501236,0.03805781274632838,-0.0030000009566632556,0.4103263334731269,-0.37356184118666463,0.8319157714983705,12.416509791672583
3,-0.017282575348384156,0.03785065009946023,-0.0030000009689676345,0.5088972129306201,0.10885907144743943,0.8539164650216368,18.90924827747661
3,-0.05728783313690057,0.056533143738858614,-0.2099999856901244,-0.18882774512681433,-0.9768852714505262,-0.10019605328232585,8.090876473023737
3,-0.017914521899211902,0.03912866063271274,-0.003000000550417924,0.474216178090518,0.44097507100048133,0.7620105007106809,14.414924769371465
3,-0.0341396733151146,0.030509084254135982,-0.20999998459340588,-0.796199587756318,0.27037971644542624,-0.5412587416306178,6.100502540196845
3,-0.02007720404395011,0.03992958365869459,-0.0025000002684355373,0.35047716557113473,0.8361112834353867,0.42199961863164503,12.165141706793403
3,-0.018770060863448984,0.03970133934111837,-0.003000000251743562,0.1287514554062102,0.08405011557902974,0.9881086179170461,16.582763012434953
3,-0.01977711560262657,0.04018154416478835,-0.002858777294193705,0.8965874215919842,0.42748187562610696,-0.11571621085320191,8.038735053003393
3,-0.01875899988025473,0.03982038018894346,-0.003000001340863457,-0.10067053586841962,0.41447104521412415,0.9044773053466166,6.375726066441578
3,-0.016181062907174117,0.03863054764471428,-0.003000000069528239,0.27648264900810143,0.7662466999969334,0.5800201199452237,6.38710009871348
3,-0.03803543126414318,0.011250401978768802,-0.20999998437983125,-0.6995729086777172,0.0914093113232961,-0.7086904001378873,6.317663544410587
3,0.005959174343102757,0.056535418795316345,-0.20999998592437225,0.3925631310817332,-0.5865154866014772,-0.7084446146961231,5.118347840121961
3,-0.020105326793169648,0.06787735100409292,-0.20999998563110928,-0.2395927925848635,0.7917291502169849,-0.561925481214438,2.933064855881656
3,0.019268700122077185,-0.02111143374175614,-0.20999998206053755,0.25734532281182504,-0.4218437792937608,-0.8693797850755643,5.5503958633352095
3,-0.014215820142145594,0.011011193634925913,-0.20999998504365508,0.14448749295410743,0.6938251097802687,-0.7054998805231899,8.407832635521709
3,-0.018429785236008155,0.033308111225290295,-0.0029568159122153733,0.5055496888249842,-0.8244899936548604,0.25423564363001866,18.99452871250555
3,-0.05963789593391576,0.05405023762006564,-0.20999998293679317,0.21941218771948112,0.04577058398704049,-0.9745580257335303,8.126687095995704
3,-0.04853796237719053,0.05891101517180726,-0.20999998427573724,-0.6074929454981564,0.37699993707675117,-0.6991590438620524,4.935523855299466
3,-0.01971190350104229,0.032364952407825345,-0.0030000010130625887,-0.3262865252175324,-0.44813183434254933,0.8322949972877709,16.949497811533913
3,-0.017452762966060614,0.03370546962386532,-0.003000002445585667,0.36846955672626625,0.42165299022371905,0.8285161082328728,8.42736437532248
3,-0.018174294860200644,0.03234671218237398,-0.00300000015098938,-0.9478285072888375,0.275926028065757,0.15964318903877256,3.7889696421275927
3,-0.017789243144009474,0.03398748103769902,-0.002652167511843275,0.2409219984866241,-0.9606839914095745,-0.1379958669474549,23.087721748493678
3,-0.016743435570002733,0.033269355605705014,-0.003000000001072996,-0.09081360895298811,0.9898400797436704,0.10940523279065742,5.007977750436703
3,-0.017986706682080668,0.03374246931592002,-0.002965640843590987,0.3166902945907796,-0.9161035836124425,-0.24588916487809334,12.237866013480335
3,-0.023341928024086286,0.02989337728911785,-0.0030000006092060763,0.4689989687607875,0.8556174413353257,0.21899488894517183,0.5061547203321077
3,-0.017052191223125186,0.035649873591101416,-0.0030000013664106687,0.5379256127921266,-0.4582714310915907,0.707547405159174,12.595944829633357
3,-0.01718282822308474,0.03468457116459398,-0.003000000752097119,0.09977829198710703,-0.5379152230899353,0.8370731779338294,3.0097068177308235
3,0.0018291048241258407,0.0314658941576709,-0.20999998597112435,-0.5768584966133411,0.8059379792394746,-0.13303476427004912,6.149918224602047
3,-0.017263261623229213,0.03114039013837379,-0.0030000004597889843,-0.13469824669885594,0.05573107328197421,0.9893181640943897,2.548232489931582
3,-0.016731473648307245,0.03483978924386671,-0.003000000138588606,0.14064331417966217,-0.6298178147456137,0.76390377561943,6.5542491862214876
3,-0.0191906993534381,0.032805658579781447,-0.0029684143860940525,0.9684111520673293,-0.22686262136875884,0.10350454858277212,4.176786736122919
3,-0.018498520581872922,0.03315691801726,-0.0030000000582204095,-0.5815293052032313,-0.2929387613039868,0.7589535883804311,15.655464289348949
3,0.0018147768069118882,0.060749178985381944,-0.20999998542512338,0.5485707521091048,-0.1549773434158681,-0.8216155749243139,3.161587314900584
3,-0.01275183457524465,0.034988724712083766,-0.20999998552634597,-0.6501885293935884,0.4366040650945,-0.6217972069637823,5.5743823255065035
3,-0.019885270528474414,0.032531541899581115,-0.0029397279044187322,0.7014919944451531,-0.6958185297951006,0.15409592896357102,11.777356028321224
3,-0.019674768480603406,0.032281176034505574,-0.0030000009175943894,0.5353593856026193,-0.16327905793849787,0.8286919074577126,9.590165673541705
3,-0.020418110010423547,0.032415625620839605,-0.002891257424535961,0.30890004356345524,-0.9181617877555042,0.2481122620752795,5.480119110650329
3,-0.048916211847325225,0.02173239557766357,-0.2099999850475514,-0.40478162547476076,0.10644482593680986,-0.9081967488982181,7.134831615999119
3,-0.016628019670861242,0.03617036903122259,-0.0030000012528338675,-0.29663807788928037,-0.6980263973203855,0.6517399783579928,13.638617564593298
3,-0.017011636759602565,0.036068216722067656,-0.0029960635882316745,0.8242136276520684,-0.5386599552647365,-0.17469215376429983,9.7543544628339
3,-0.037834393871442405,0.012989683318842728,-0.20999998591120492,-0.4721223635081804,-0.5262703530792568,-0.7072057616742693,7.307062679973431
3,-0.053328028789652086,0.04298915306229765,-0.2099999854298131,0.13513759079012397,0.17704727675366871,-0.9748805533754128,5.148452299132572
3,-0.019100072031188863,0.028590358927416605,-0.20999998383497992,0.26955783781673914,0.39210877811483236,-0.8795392419880185,7.714046534528599
3,0.00041036432358104345,0.04821933279258403,-0.20999998563153693,-0.5696743390676926,-0.29217860894665276,-0.7681814941026547,7.267562640305944
3,-0.00933642434353589,0.06382461344964863,-0.20999998571970616,0.28921659896320784,-0.7558015711281962,-0.5874672279917449,7.4864706086522474
3,-0.02067103750072105,0.08098473464828992,-0.20999998482040302,0.2672734974037257,0.5663015824735522,-0.7796585119611864,5.716149813213708
3,-0.031677863161809997,0.033881118456610126,-0.20999998545756102,0.7335356998691177,0.43072428905167504,-0.5257394448188691,5.619531176844072
3,0.014751785237855843,0.02253145626198475,-0.20999998465659547,0.3754838193254175,0.3156493471175442,-0.8714226248434599,8.520646982243964
3,-0.05761986416445164,0.005169614170464498,-0.20999998489583038,-0.04483274648810226,0.5306697847134236,-0.8463921103333504,5.288622684127108
3,-0.01793435740631663,0.04416570540422299,-0.019738068437320566,-0.31103440926308107,0.9248516036235248,-0.21887692324537383,8.831960464879769
3,-0.017005266631914817,0.03616789572605447,-0.002765436151400147,0.23198112110986355,-0.9619809790518751,0.14414352358329072,20.230993527948854
3,-0.024028969369886903,0.033374250398237576,-0.0030000017368440072,0.48506306473607064,-0.5260382901652514,0.698568207485045,10.826059785606372
3,-0.020086475891709726,0.03247878150499092,-0.002957751189039297,0.266056397998703,-0.947665220398955,0.1764783928138405,2.259599492362832
3,-0.01998635152569867,0.03250363905957339,-0.00291229082068678,-0.05853659502583829,-0.9166076873900673,-0.39547922127491636,10.210174658637875
3,-0.018123334626707746,0.03359372694354384,-0.0027944086672779004,0.6368194760601787,-0.6912102506053489,0.34159822067529877,21.228236054945146
3,-0.020670656661316136,0.03238575667988507,-0.003000001448264747,0.15865167886681614,-0.015541323819452479,0.9872122933020433,9.013054727342187
3,-0.019346216092126146,0.03273095826019291,-0.0027679582248767666,0.5127734728934755,-0.832763825101406,-0.20872895606321434,5.691719102410774
3,-0.020813897176626066,0.032377399476842914,-0.0028727914639537994,-0.6058082964131981,-0.7056629320005146,0.3674726308140186,7.283576663418065
3,-0.025908051491338548,0.03891008422128092,-0.2099999855086937,0.7602366764573618,-0.05043198781936043,-0.6476857342675169,6.864145236552913
3,-0.019313533139848762,0.032733750733903486,-0.0030000011421072096,0.47063339016360634,0.042555649054606515,0.8813020077116878,5.913147875036621
3,-0.017726050445628434,0.034074971526247846,-0.0027154194864171567,0.9482793486885447,-0.18104435866742533,-0.2607474200170158,13.860065021253146
3,-0.0182705704703843,0.033448995250076906,-0.0027954381134113904,0.21948269422353262,-0.9747619142600417,0.04082349133131974,11.034122240238194
3,-0.01881340401740527,0.031265320923652314,-0.0030000021858884347,0.011194853869206928,-0.16177155155148815,0.9867647340452896,7.1897736677973025
3,-0.017569363110960377,0.03431619458582877,-0.00295222061519513,0.8400745713385322,-0.48391498204865485,-0.24515506264246556,10.283304412919033
3,-0.018130949215840776,0.033406454763578466,-0.0030000000215643814,-0.06669249367937237,-0.08988527838907939,0.993716633661601,6.243910854197642
3,-0.019267646423480965,0.027144279669737755,-0.10459198156898541,0.8837207362810392,-0.2756000965687654,-0.37826214063554575,7.93945647382252
3,-0.01909915447526902,0.031398524306373514,-0.20999998538953574,-0.74659430342978,0.3537307522409169,-0.5634460941432435,7.128784347494546
3,-0.014405809722112386,0.03582808645250678,-0.0030000001014116656,0.04706172342091905,-0.12356318906854898,0.9912201231289965,0.5276051116928772
3,-0.020233225160077806,0.03156674684752275,-0.003000000530482617,0.3105929767780845,-0.8896507416322752,0.3347440226341183,6.174554630594424
3,-0.02199496687961529,0.03147842106061013,-0.003000001422925699,-0.11333724202765079,0.8526195887583762,0.5100926449529173,3.9291164226953392
3,-0.02476370396537844,0.03501863740438409,-0.002912421329316373,-0.7481130805080073,-0.5704870310130205,-0.3389267859269443,13.46237377598973
3,-0.02475069071957315,0.034797358835335954,-0.0030000014776064418,0.028496510261800317,-0.5058842508388982,0.8621305432798827,9.74113429661335
3,-0.02362333957795512,0.03335345191272566,-0.002959124644033861,-0.3174579432519158,-0.2016638022565408,0.9265809004753435,10.27727576305359
3,-0.05204246431286894,0.04293380069556858,-0.2099999851715212,-0.16549570813041953,0.5348975744975993,-0.8285503939936281,6.961319904900383
3,-0.022283704236031432,0.03191350378822784,-0.003000001644899815,0.30506390830008157,0.2442321901794637,0.9204817483974475,5.043242582949897
3,-0.03207832057748482,-0.016425838608388695,-0.20999998359526414,-0.21301373664051917,0.3916130719930299,-0.8951337050109474,6.489068617021952
3,-0.023870404319409788,0.03358726015867268,-0.0029142814642930774,-0.6510049006550029,-0.7262818359612974,0.22069733590566387,5.230080460713024
3,-0.023473621268214586,0.03395333552243757,-0.0024008565500001694,-0.5155406556960618,-0.8563370793512697,-0.03007721484134067,9.513970133866273
3,-0.023311343656629055,0.03156173588648874,-0.0030000002982948863,-0.614742989032519,-0.504989819629864,0.6058682525975111,8.418220493485912
3,-0.023251835737389037,0.03292213080184561,-0.0030000002095668847,-0.4688691994802362,0.15511535909667362,0.8695406253597772,12.132987397329916
3,-0.02133883249107421,0.040358688561849834,-0.0026583227127555398,-0.38687648253855017,0.9162582047316636,0.10391096920204307,10.49147929209974
3,-0.025111140623243416,0.04882710772128496,-0.2099999835027586,-0.6385538280078685,-0.5007801402384595,-0.5843528556268432,9.858187801839833
3,-0.07406819370193421,-0.00494280017319149,-0.20999998420925842,0.13033293842477517,-0.8114724587763548,-0.5696716368303946,4.524601204273068
3,-0.036127314102314775,0.0377136524403312,-0.20999998579396217,-0.12401499905653152,0.621935758024481,-0.7731857428196169,5.501968148465611
3,-0.024240903086632872,0.038852184781401365,-0.003000000421126641,0.7163402998783963,0.44445264443392896,0.5378832788122505,6.437532391433168
3,-0.0231969634646699,0.039987413567964133,-0.0030000003549726906,-0.17763612482825292,0.2911387770403153,0.9400444774900124,8.262320761716797
3,-0.038115069837101376,0.04195166752435911,-0.20999998540397405,0.7129193115081053,0.24708908701976923,-0.6562720764702293,8.551639733213564
3,-0.04457669819719771,0.032482206227374494,-0.2099999858341145,0.19205303071307483,0.38746891901718616,-0.9016559599922668,7.025868204499215
3,0.02230438509070129,0.03579131095437038,-0.20999998204556136,-0.06454544825248915,0.2795457118424331,-0.9579603750157898,6.441217598657278
3,-0.00996976901544359,0.013208042638111444,-0.20999998409104237,-0.7452064517728773,0.17881527632468297,-0.642411426726678,7.149279714857541
3,-0.02490829725734383,0.03901276677084962,-0.0030000001701212214,0.648470251410965,-0.501518434422534,0.5726828031025295,5.496933584537173
3,-0.027342562255537828,0.03698773516412964,-0.003000001216932068,0.23250155960961802,0.8252039320225305,0.5147635334341876,3.0771231616699337
3,-0.02499523946422924,0.036568102643679476,-0.0029817379861713325,-0.9879379410286855,-0.08595340117495025,-0.1288046486057849,12.91008248450923
3,-0.05407502487934979,0.03305106366407539,-0.20999998467611874,-0.2994712587936528,-0.04602405234620139,-0.9529946231549153,7.522581434204414
3,-0.02459620935122507,0.03812441470900199,-0.0029324233998883017,-0.6912885879872966,0.551188842425657,-0.4672375713745567,19.824362205514987
3,-0.026456728949156138,0.015695357587890712,-0.20999998545897275,-0.4941742452915402,-0.31640668829448526,-0.809739848897813,7.262495711160296
3,-0.01890317015908028,0.032742662982237575,-0.0030000001673494052,0.031255618244659396,-0.7665843002224544,0.6413825667888035,7.370760853826582
3,-0.017205937073208333,0.037639963896211534,-0.0029230356327425017,0.9542431875199583,0.297718611768895,0.02799227175760949,12.549551067111153
3,0.005265598556744188,0.01952606274852286,-0.1885920479582864,0.9149349167749453,0.3640545686688735,-0.1742365320400528,9.876205059781086
3,-0.018028689749341256,0.03369513967263969,-0.0028442243931761724,0.9597361958809921,0.11707576651857624,-0.25534231770306043,25.4103815557375
3,-0.040073286785657844,0.03211344863434469,-0.20999998593231717,0.7733764926758964,0.4843504118611594,-0.40901525534661215,5.507698973427589
3,-0.026656027564260616,-0.0008549038889195352,-0.2099999854034393,-0.05134944643418492,0.7264423233876041,-0.6853063440112913,9.883422507065603
3,-0.018037693157226954,0.03278502229072049,-0.0030000000762263937,-0.3985574220962332,0.8981138175096108,0.18585895751972364,7.372689998124105
3,-0.00028213960835919976,0.045996477688692146,-0.20999998399213995,-0.276885201125282,-0.5461994703336567,-0.7905698729429581,3.930440181385691
3,-0.017392239398189742,0.034645639553581825,-0.0027705191331995147,0.5728329433051789,-0.19911559073155205,0.7951197397826009,25.368446801129735
3,-0.017720328704092757,0.034083143207002925,-0.0027412490543493517,-0.2695037474641146,-0.8859267261992841,-0.3774937958544714,23.49511190218497
3,-0.034464961088897066,0.05543919480813824,-0.13722132896812475,-0.2807857733904472,0.7924230385137367,0.5415026107916617,8.692095315165027
3,-0.03202549789830149,0.005909427126929405,-0.20999998469482348,-0.09120766884039222,-0.8981571207617751,-0.4301103899810135,8.723305438972414
3,-0.017564359222977353,0.03432456367809143,-0.002502128549707963,0.6012512935778578,-0.7987486340933299,0.022304741760275026,10.576502767957562
3,-0.027644434728081122,0.015381668937331911,-0.20999998464517752,0.14516173839963448,0.6252003145048272,-0.7668459013699307,7.074741091005877
3,-0.08104378506994292,0.007116161923922331,-0.20999998428238031,-0.28025278625299394,-0.5789059623971801,-0.7657194411130149,5.949444632878552
3,-0.022061878515645637,0.032285535974175834,-0.003000002726300875,-0.15780264931190677,-0.27473049448130604,0.9484837791297226,3.0664678342171428
3,0.001724661251369808,0.02474036880560001,-0.20999998582999158,-0.4092899498158296,-0.11964388643150428,-0.9045258854335354,7.78245370614454
3,-0.017003266520685095,0.03621148636347486,-0.0029769071038786717,0.735327667500044,-0.6191051391931247,0.27568468951613295,9.473130862757241
3,-0.020565709979951323,0.03238085766838979,-0.0030000009191567555,0.04615819509754697,0.2988005473580253,0.9531986434756827,8.656366113633643
3,-0.0175636326142304,0.0343257813457765,-0.002934517570120755,0.9786851705947317,0.1912002963589915,0.07495187476104112,10.452289116295274
3,-0.016940913465649375,0.03448305028633884,-0.0030000008424539096,0.4834578321914069,0.1437897474595085,0.8634772915475637,9.024844184820067
3,-0.020690623251142914,0.03238256990464375,-0.0030000010016506687,0.5879466942645118,-0.4619456246986099,0.6640217801587864,11.017173769202358
3,-0.019282662944269675,0.032721501443595626,-0.0030000024063930337,0.14188365004510461,0.032570043719169224,0.9893473718072991,8.722421128211845
3,-0.015795084337408737,0.03487089916774984,-0.2099999858935413,0.36193950015030146,-0.09145803601561703,-0.9277042771697868,6.26517072509387
3,-0.020013754582743064,0.03206692382226273,-0.0030000015407315966,0.7982116821090847,0.016172550820153547,0.6021599116053434,11.232348746251692
3,-0.0376533696637407,-0.0075039964910322676,-0.20999998594594865,-0.7546702835236303,0.36741945925551084,-0.5435767693037951,5.3882434816805915
3,-0.02449592122045288,0.03442922677035284,-0.002988645292818001,-0.7644059951489441,-0.6446779424992743,0.008592149629440674,15.290769979900986
3,-0.02422200443382007,0.034002699057208,-0.0028318830967334428,-0.6488090170719235,-0.6710326347904496,-0.3588343105283431,10.809305263522353
3,-0.024387274589730917,0.03310679889225725,-0.003000000109046973,-0.1460148967466172,0.7257454734438075,0.6722894895087225,4.4539120705375455
3,-0.023489522965592455,0.03324221800273028,-0.0029507935804015855,-0.13285442600802816,-0.9755301047053831,0.17518766024917842,9.586959767256465
3,-0.02388071661158751,0.033597925304728965,-0.0029703625629872114,-0.5447437787095605,-0.8385929412665892,-0.004011784525622331,10.585594125768877
3,-0.011023379284017427,0.05117100058386209,-0.20999998593677982,-0.2050109886392914,0.6112625501520015,-0.7644138861368311,8.549099788077049
3,0.021846558804767054,0.028093878979674292,-0.20999998412255666,-0.5612871941738694,-0.6442074057925283,-0.5195704995267588,8.274222369483203
3,-0.024239295242672668,0.025330441791236787,-0.2099999853457463,-0.24117893727086379,0.7274797724628249,-0.6423440673613583,12.979662072615358
3,-0.055408233969733385,-0.00924058023561475,-0.2099999859752689,0.09747281177226112,-0.3908062709362233,-0.9152974978454451,4.9940717574704925
3,-0.024795506132604464,0.03810397605787933,-0.0030000028337219733,0.038828829399040456,0.17951493853050396,0.9829886616090185,6.0666172700284795
3,-0.01925132274031157,0.040531958716559575,-0.0030000002966824417,-0.5814495325998953,-0.588804279269353,0.5614498746579797,7.508367306025693
3,-0.023059105863155824,0.04047444367752943,-0.0030000001196180026,0.4188813352598044,-0.5808022336099647,0.6980022868190614,8.32840492596024
3,-0.07089493322210047,0.05316607698991066,-0.20999998577476525,0.322441661490537,0.8047852008419589,-0.4983494310631747,10.647240864652527
3,-0.016837583288145545,0.034236465658395755,-0.003000001682151721,-0.38435111665154514,0.5632212528695704,0.7314752486890737,7.375269637311167
3,-0.0013921487141677316,-0.015989073407042188,-0.20999998546208498,-0.2860626095090874,-0.335703944292901,-0.8974803870988155,2.851863456049932
3,-0.017569861620718982,0.034315363120565726,-0.0025831534518296947,0.8623426563759833,-0.4683483907128986,-0.1923926399607082,13.153008011473172
3,-0.007897687033580885,0.0370858830473981,-0.20999998594310276,-0.5369416760064442,-0.2474935020341159,-0.8064989789319512,7.2999505780309235
3,-0.023332115863479712,0.03274486794624879,-0.0030000008096068087,-0.5550190584878617,-0.5278300724360308,0.6429224364940316,6.8507080518116705
3,-0.025088890107472114,0.0338565584640865,-0.0030000006186890185,-0.07410999334032488,0.4410273475526829,0.8944286375098586,9.593092220915027
3,-0.017899471655669484,0.03384587161776635,-0.0029929474214799743,0.945323509360632,-0.284878335983196,0.15876963291997687,17.600791055330586
3,-0.04214952849884573,0.03341088203169781,-0.20999998434906977,-0.4542348207847335,-0.23654992970629593,-0.8589032881195688,9.170179034930515
3,-0.017369513647975288,0.03469392697025431,-0.00281076115918739,0.7738425980854929,-0.5179276326927541,-0.36458003330074734,11.552513272477661
3,-0.017500802515374496,0.03443513188278277,-0.00298036440672767,0.7673101513147018,-0.6412191062849942,-0.008555081792864136,10.529605757213936
3,-0.023806759549990217,0.044114611706862844,-0.20999998349425844,0.5335391635243485,-0.4009430939654776,-0.7447016828147557,7.559049767174852
3,-0.02233314497329207,0.03260177074719485,-0.0028758041624444572,0.47484199357947526,-0.7593121963126359,0.4449382762410429,19.110082526962756
3,0.035738476531074606,0.03214105428739193,-0.20999998587187374,-0.5409365567153263,0.5838542738511973,-0.6053939448942796,1.3980224523512348
3,-0.022543109333414114,0.0326826999946271,-0.0026103482300072157,-0.4647379253224776,-0.8229720473080595,0.326704254818544,19.66429321704878
4,0.02218400387129238,-0.03363734348701844,0.0012030226292631535,0.7321860361776533,0.626138938432036,0.2680552894565956,8.844894770316293
4,0.009441292413544132,-0.039115339518379505,-0.20999998443743595,0.5120794707371253,-0.5973037437659241,-0.6172542857954062,5.4964055609364575
4,0.0319904639602116,-0.08742285252341056,-0.20999998575552342,-0.00173301905040294,-0.36097583653360016,-0.9325735585377906,6.310549283832829
4,0.022070775199684624,-0.03359207806856322,0.0012004502605805583,-0.0412583494935358,0.2282767900819103,-0.9727216743277434,18.24233148382312
4,0.023453889692220363,-0.03581187430056405,4.30553300497197e-05,0.7551580284134785,-0.014733483780206514,-0.6553772017535905,23.954741155697587
4,0.027435535427024864,-0.03506483613122043,-0.003000000759423435,-0.4406444368355542,-0.27154671328625596,0.8556254220097188,3.3068856318111433
4,0.025508683677619104,-0.03459954204665649,-0.003000000559434325,0.05507178646882505,0.9393259034140359,0.33857635107983797,7.922329088475255
4,0.030706523950995067,-0.008682550591226603,-0.20999998570802364,0.08852809538162736,-0.4158565123334039,-0.9051111188566848,5.703517735596349
4,0.026400440997053156,-0.03574610716197847,-0.0030000001387013456,-0.5027020617125953,0.046366550358512205,0.8632153729850719,4.557792833893144
4,0.02073522774774507,-0.0323602890929439,-0.003000001294807787,-0.36742028682250055,0.7835372813246186,0.5010705156020427,7.855509277748589
4,0.02568011828205906,-0.03872518955151062,-0.00300000035136281,0.8791318846135652,0.24649705992222365,0.40788028746864036,6.431723560675868
4,0.02375392517854001,-0.03136022878894704,-0.0030000006585772644,0.0902740634481942,-0.8607957131977946,0.5008805582260624,7.219204996487141
4,0.05589126147211801,-0.031729473436391833,-0.20999998542078419,0.20587009025226127,0.39227088467611043,-0.8965160673267086,6.375456386688081
4,0.024835749089696116,-0.03523861494788341,-0.002905781940653566,0.5817210388508254,0.4625448153826594,-0.6690687010471632,22.030345816381974
4,0.02363229403871133,-0.03528492905085813,0.0008716133905476396,0.9653794949096688,-0.13643389886730975,0.22232458714190284,11.244491475993845
4,0.023294704782031998,-0.0352807613570079,0.00010328143036745104,0.3879345577123758,-0.5549084754613962,-0.7359234761805148,17.589450749751872
4,0.02313022746859105,-0.03236770021765491,-0.003000001948439913,0.52678524960953,-0.5092700183119895,0.6805448914232851,5.380480560930516
4,0.02283497759765593,-0.034345761486477125,-0.0005860208040861078,0.12500342130124348,0.962106167092957,-0.24233420704614153,9.187474927856371
4,0.023641255548678727,-0.03464167237518472,-0.0016455308589722632,0.8823316857387081,0.05206883139612378,-0.46773885143157806,16.51065042455498
4,0.024029294011357526,-0.033760912177305,-0.0028917279986467783,0.9074906590976631,0.3345530075142115,0.25403737680444727,13.457945851369246
4,0.024573683700007724,-0.034554346753430554,-0.00300000061155034,-0.4573605052866407,0.5705209271903524,0.6821489865431227,7.69261083829154
4,0.02147466181849337,-0.033712846781335376,0.0005057387010878693,0.4242155459960303,0.7993077487381782,-0.4256151939750221,6.4164941529678075
4,0.024055949054519257,-0.033792144664556927,-0.0027587597308315268,0.9660864635885227,-0.0369992369715923,-0.25555430212489544,10.814036306538114
4,0.022552466320199707,-0.032602424702107904,-0.0030000011254699365,0.3005414853887174,-0.5745137553269332,0.7613204059398961,12.388862431793205
4,-0.011387932716443698,-0.013230536879124913,-0.2099999839511666,-0.38967466502845394,0.20402032814277232,-0.8980697974764976,5.730415827030221
4,0.025225107834797412,-0.03545978428862098,-0.003000002843634876,0.24017451974634468,0.29675910112563175,0.9242565855668651,8.626272136361507
4,0.02392583447211802,-0.03565132801931606,-0.0012842180661352678,0.5198083820192247,-0.5052076164591162,-0.6888864276891036,5.581387385239329
4,0.024095907635330836,-0.03548882216471255,-0.0017996024485132977,0.8444224187480948,0.5355260622675307,0.012752072296304998,9.877522883510762
4,0.024803779726537262,-0.035135649180154535,-0.0028632508613327732,0.5228015956729655,0.06902605905464557,-0.8496551622471235,13.79062072474595
4,0.035801812959293314,-0.018593029731174,-0.20999998561578498,-0.40049465375507154,-0.36152515238963207,-0.8419641301761369,2.810456642222811
4,0.024936800620268765,-0.03566486856365815,-0.00274858219906228,0.9832047120542671,0.007789316616567069,0.18233984956923951,26.371958579259754
4,0.024124238410844927,-0.03510646845159926,-0.0021782526138612326,0.4173499436147907,0.8283232252406918,0.3737641757734274,3.7057339501641073
4,0.024571481624311692,-0.03457182501960268,-0.0027293470836603165,0.4782734287442114,0.8760605399140678,-0.061420336719427246,12.323923651160655
4,0.027273636308689682,-0.015253548938735442,-0.20999998509625284,-0.2088506284858473,-0.11827082474764163,-0.9707695025053988,6.951344449619858
4,0.03725642997565205,-0.02503570337417594,-0.2099999841761777,-0.06242752325165152,0.8181423482822616,-0.5716169191756408,7.468855554795851
4,0.035102442946235504,-0.034711508195542876,-0.2099999855302172,0.3278600572133419,0.6043715183671615,-0.726114901837606,3.9254329265248846
4,0.01633952334210207,-0.03791525762060069,-0.003000001108997146,0.17803629022270823,0.4183869792088783,0.8906488730090019,7.057013696756577
4,-0.0037734594988215633,-0.034973781543066004,-0.20999998557025318,-0.31294020037325293,-0.6466166161872637,-0.6956690180401032,8.81873714858402
4,-0.03161117452270779,-0.08132047040040222,-0.20999998569565992,-0.9201760718677179,-0.1877799806554693,-0.3435326412833697,5.130658455119975
4,0.013038625146305109,-0.009646079965850186,-0.20999998584996665,-0.23935707900901695,0.3558491601311753,-0.9033712215707386,1.2721667605517883
4,0.027423184271261215,-0.0344924546007941,-0.003000000633615102,-0.9184054311975364,-0.15980238597362287,0.3619318463246976,2.5102987222907727
4,0.002529488387841285,-0.04445839478583166,-0.20999998557490007,-0.07203150880983467,-0.010755748294960838,-0.9973443616009434,7.247049671438781
4,0.023931095065542196,-0.03361054352247421,-0.0030000011516299633,0.30410517594321435,0.4748936012160697,0.8258305573715343,11.370070965620135
4,0.036378414042818066,0.004599161457291171,-0.2099999852764053,-0.7117424551596424,-0.36523299603405285,-0.6000229463373165,6.3884409783652965
4,0.027494981701522918,-0.03854804458812088,-0.003000001226446868,-0.05142553607625682,-0.20928245077029337,0.9765020583894586,1.114568510894741
4,0.03519329114234057,-0.005949893532828267,-0.20999998536132772,-0.4093966180683971,0.004542840715415203,-0.9123452042469413,10.685917784770306
4,0.012023592744861767,-0.018142812497856247,-0.20999998295743705,0.28100263800921377,-0.47872634551140736,-0.8317803817986785,6.191243624090754
4,0.023490806289268647,-0.035411506156128036,0.00042481172815081344,0.8707756987397101,-0.4070767190401594,-0.27575029882099616,23.517749632474185
4,0.023119425635950198,-0.03472302830974738,0.0004645722783762974,0.7585025501095486,-0.6050594762478966,-0.2420266755544368,4.619160828665741
4,0.007682891980589529,-0.0008301334075334762,-0.2099999858424961,-0.34448144623533494,-0.49777910676052994,-0.7959575956496057,6.483322248567032
4,0.023522105958768424,-0.03390720282706155,-0.002500001148213614,-0.8175828459149563,0.12351813379399611,0.5624069351365159,10.661386580503937
4,0.025311328218321424,-0.037678326596243386,-0.0030000001070264624,-0.14242823261152932,-0.9775174390879271,0.1554794354058951,10.091519678035368
4,0.01629355143629587,-0.024664167713310488,-0.20999998553902743,-0.491930139852451,0.8094359780613671,-0.3206526702283735,8.03569548679718
4,0.02523860862465583,-0.037233569433803536,-0.0030000021192750767,-0.5856016203089252,-0.2786813558107182,0.7611881792402331,4.212058496350297
4,0.024973724929242238,-0.03580398684452112,-0.003000000171083397,0.7867382171060094,0.5070465396472308,0.3520607680168677,3.8673233414966144
4,0.024811254020766303,-0.03515885749553885,-0.0028236530344460022,0.6348187170310033,0.5587156568935248,0.5337059220667767,6.999316147280696
4,0.02336983799536293,-0.035476964149624535,-8.385237831880105e-05,0.2534449589361547,0.11339498314608554,0.9606806079999481,8.894576161424157
4,0.02307363392659162,-0.030633864894699298,-0.0030000005943071847,0.683523767628335,0.2879491477904984,0.6707313526098889,4.105820467732573
4,0.01663949033835161,-0.060751359136226674,-0.20999998493577943,0.5697490965400379,-0.49241359268528473,-0.6579626286732256,6.048581110139338
4,0.02358898604319171,-0.03448297481937333,-0.0017635659947219538,0.8873779482854726,0.29982853767792766,0.3502331007922881,18.07561658625774
4,0.06672339988742174,-0.02143771436785906,-0.20999998583885338,-0.34572415382685007,0.9121727409016552,-0.22003567941738356,8.286177480436367
4,0.02398723717031137,-0.03371120636113258,-0.0030000016411888576,0.6509042944979979,0.19011173246910815,0.734970154891787,9.94362533394475
4,0.02572036891575566,-0.03539530260387548,-0.003000000499140835,-0.005901353360392587,0.5636571539599821,0.8259877643272021,6.513664840049839
4,0.024878039086037775,-0.03538177119317683,-0.0030000017711473825,0.333567615611615,-0.4472274366983152,0.8298917192498289,17.990564032358378
4,0.024127161464907163,-0.035182504425963324,-0.002115237066057989,0.35585406340845005,0.9043634765702496,-0.23557289275607746,9.863301740705566
4,0.02497552373492405,-0.036814889957941827,-0.0029492055887144746,0.7387847194841425,-0.46193220034835714,0.49072984475988646,21.68221573106087
4,0.023784449656574228,-0.03350134290552452,-0.002658035987305142,-0.04361960462087587,0.7927767986718087,0.6079492393122938,19.080224274055045
4,0.02346936096041817,-0.03413524753943453,-0.0020808386188970658,0.9902128683250614,-0.1392217737099033,-0.0097863746363702,10.405782165439417
4,0.023684509074423734,-0.03422935997673815,-0.0023386896020370176,0.6426701280701248,0.7635435746640088,0.06305803735953411,10.81945456894231
4,0.024152386674310383,-0.03391086189396548,-0.0025698205616584953,0.6021690164641892,0.7243687630110551,0.3356819488509694,32.01305685558728
4,0.024095011114476962,-0.03383911649695283,-0.0027454497100736107,0.7746180519117613,0.5743380109968997,-0.2647691877401018,8.864770468797136
4,0.025002027499288017,-0.03683617240999146,-0.003000000287726233,-0.11030500224800772,-0.5308707880617745,0.8402434247655483,8.937297840217957
4,0.03008203643236918,-0.07016253598311856,-0.20999998526125807,0.2092267648852421,0.45625538497486934,-0.8649018352027523,9.853942208633432
4,0.023260419991959748,-0.033709517416614834,-0.002483598042649322,0.773395985990551,0.580323739262351,0.2551137128855803,8.010461547576467
4,0.039003548181306316,-0.003148931938768172,-0.20999998389533076,-0.019230092114064363,0.10870321180167208,-0.9938882307891997,8.339546203922612
4,0.04389406921161299,-0.02114437331405317,-0.20999998587850144,0.04501695736800721,-0.8880931809091175,-0.45745379610628734,7.374827552850495
4,0.026423938035783814,-0.04023266301897701,-0.0030000001446206727,-0.5912550824673115,0.501929994118127,0.6312556601418715,2.898732121111441
4,-0.012365592429316345,-0.030717573419985402,-0.20999998474591663,-0.5043642945099508,-0.7384990473404913,-0.44747716757468886,9.905587380473758
4,0.026052938741082395,-0.0357282322765847,-0.0030000002520492366,0.721045681050458,-0.512164978604805,0.4666692196076586,0.31560415595067237
4,0.025167236248687573,-0.03604049206113526,-0.003000000996333013,0.41758026897507844,0.46167754736290617,0.7826113730477424,9.668057072035039
4,0.024111274423757708,-0.03385911580955922,-0.0028745940168752,0.5182648743271114,0.3985280084977885,-0.7566881434788644,12.367473566300136
4,-0.020160849168367106,-0.005459011394165696,-0.20999998459190206,-0.12581683081742945,-0.1540985670307313,-0.9800121207016439,4.984933479751053
4,0.02392887484472008,-0.035468708982503525,-0.0014136893231093926,0.9046738030511723,0.40075120466622133,0.14478874967172367,13.43661936830487
4,0.024999638653683418,-0.03642675951783746,-0.002582222375120974,0.6460856245081288,0.6925091169284029,0.3209431238942263,8.483777247436981
4,0.024929796667405545,-0.035545560573911665,-0.003000000372380913,0.6346775832828395,-0.0008253952685601514,0.7727766067893781,11.400255066254536
4,0.02494279381257137,-0.03569902632320165,-0.00288336417508231,0.5198706555428696,0.7706322413211514,-0.36859252588972213,19.754162560929743
4,0.023702354709446073,-0.03342395237731184,-0.0029615445336037246,0.6469779332357716,0.5783059995651123,0.496972559376235,12.788180746228027
4,0.02338897180498762,-0.03384078153459113,-0.002453414681350328,0.7409932616707384,0.46202444364099005,0.48730113855478974,11.280964951321442
4,0.02433964331643961,-0.03229224146744604,-0.0030000010672999555,0.3697151205950356,0.14686468516186185,0.91746470986938,3.9111455857314965
4,0.024677241472439645,-0.03479893693069552,-0.0028850143131285465,0.40123122681787105,0.40212447209255225,0.8229880992885088,12.50389951861347
4,0.024984010903989003,-0.036015807692433066,-0.0025699444399217225,0.841017074512438,0.5199743655709911,0.14938855219723304,11.630519799477497
4,0.020206632279871975,-0.03699758778320458,-0.20999998476924084,-0.14812207057224774,-0.7029124968612338,-0.6956823082166859,7.881457505867644
4,0.049126220270734794,-0.08078151068531864,-0.20999998459594527,0.5985319277241314,-0.22089960058197441,-0.7700408417464355,8.106327522653162
4,0.023950235257352796,-0.033509265897972686,-0.0030000010910853775,-0.4626487779308087,-0.6505219652626993,0.6023099542510358,11.129780001357604
4,0.029717200452949115,-0.035947858960133916,-0.003000000142591344,0.22959140255076627,0.09795243629107978,0.9683455520109616,3.5270787479588144
4,0.015226809492752152,-0.03788800291046822,-0.2099999851003831,-0.7253706517649035,0.42344680897928416,-0.5427063824237013,4.9251236507993195
4,0.024216361841512234,-0.03335858511751213,-0.0030000002071061084,0.660835722639934,-0.018296054066507896,0.7503075383391478,5.709579654406538
4,0.023219827148341726,-0.030052490920930635,-0.0030000017053645536,0.4841087942760641,-0.16466577611479077,0.8593741079885344,4.642244046816398
4,0.022930310808968082,-0.03286966356351035,-0.002960968315954708,0.6532289085078335,0.5385972322183692,0.5321700992505842,13.952200133903332
4,0.03443039430513693,-0.0475820968775151,-0.20999998596750047,0.46576096682814255,0.5487442880316925,-0.6942236153660468,3.616845870334091
4,0.023841187354790773,-0.033480660329440595,-0.003000000801996009,0.3117284574819435,0.5752589200464582,0.7562423842280404,5.5971563016196555
4,-0.019933778592325528,-0.03584973709621252,-0.20999998542443357,-0.5112049300340322,-0.11581582059551578,-0.8516197597570692,4.367281160049192
4,0.023543260132292698,-0.03551244905171709,0.0004624264099117285,0.5596563218247217,0.09214040928812403,-0.8235866356479087,6.920921051531419
4,0.020529088588395,-0.03237719746248108,-0.003000000089558821,-0.2709126142895398,0.6823395622037473,0.6789838564136894,3.9536003558273602
4,-0.02980553923129514,0.004640005865756965,-0.20999998589262941,-0.25335222974472277,-0.3843389900595224,-0.8877478180223275,7.824793571430969
4,0.02717090471067491,-0.035991659817571804,-0.015047881283877738,-0.5402114273698511,0.10776028677131533,-0.834601302619396,9.372286073314632
4,0.011112082629338698,-0.06835763782074923,-0.20999998589877011,-0.45888228505364054,0.8294071700760739,-0.3186075873081933,6.709184072639406
4,0.02481266986648065,-0.03516331234735461,-0.002614965378829366,0.5870768341788386,-0.7434055164693711,0.32045128936151945,15.892550011475816
4,0.021771378239028482,-0.03083235405062624,-0.0030000001047973427,0.4001447924659294,0.4210622845961043,0.8139967429622231,2.1532686625397006
4,0.024826752056448097,-0.035208614974469574,-0.0025063930339909533,0.8022028171804081,0.5884874371422842,0.10076297153976063,7.999110442375942
4,0.02481726800263781,-0.035085580446480066,-0.003000003568375201,-0.29853380370560156,-0.04736923955659769,0.9532228087854882,10.30270670247197
4,0.02538745741320419,-0.033779429746367634,-0.0030000002897944108,-0.16417252221266762,-0.8561133202628158,0.49001771990297316,12.114865461300969
4,0.024274672581345358,-0.034035306111959596,-0.0030000016407214316,0.25606277116352616,0.5560131653911905,0.7907472523731739,19.141787177973026
4,0.023759987972276197,-0.03347782195937708,-0.002646898795846589,0.11807367707745979,0.9419750458275791,0.31423179313929694,20.294111410217663
4,0.02511298688769832,-0.02271180140887591,-0.20999998399329084,0.35119412060459676,0.2637835934768804,-0.8983768170791075,6.368245490905436
4,0.02668086375482137,-0.03602731532128412,-0.0030000001575933646,-0.6027048945306069,-0.5794821039609558,0.5485866397369095,1.6823970405349449
4,0.026035852211210374,-0.03546918833215491,-0.0030000001075669884,0.9259225297587474,0.03583897608693077,0.3760093571684109,7.428508914166481
4,0.02420859304431161,-0.02774496862617124,-0.209999985182788,-0.2693700832829853,-0.7241042271473507,-0.6349116682338225,7.183899127128721
4,0.036233619606019105,-0.0564813593853434,-0.2099999859794398,-0.49127272914446873,0.831348217342181,-0.25982926532806694,5.602732417795043
4,0.023852837369562414,-0.03427709334512467,-0.002500000952136483,0.2009153918255715,0.32565670554533704,0.9238943205047504,11.708569979445308
4,0.02491470874462732,-0.03555145119164395,-0.0026477290870798387,0.6358064807738383,0.23247767248561135,0.7360056051428273,16.832222354944168
4,0.024882422158084585,-0.03541037705797126,-0.0029318737611956627,0.41077695109080214,-0.6342691257411304,-0.6549541759422005,14.441763286342058
4,0.010353119023032008,-0.05156793877136756,-0.20999998598071912,0.22935856006819538,-0.49806021061532657,-0.8362599341862913,6.379155455334384
4,0.02320411958555716,-0.03297959442429594,-0.0030000025123168446,0.2500610696406344,0.0451449218556372,0.9671770248929769,6.920638042258213
4,-0.004005156262669008,-0.009526856380524966,-0.2099999846483256,-0.5465265087454085,-0.2531945616437854,-0.7982488892523221,6.547544998284712
4,0.00640954201244858,-0.03332465368741182,-0.02998189263751976,-0.14152916178228703,-0.22886632122789435,-0.9631145847576045,9.283230420582246
4,0.023542831632026886,-0.03271760435983263,-0.0030000006024292016,0.49716539204838417,0.2698785625599167,0.8246163559013181,8.208262202120395
4,0.03726491084478068,-0.02137253493777836,-0.20999998512469648,-0.3234910666348076,0.8590954406143153,-0.3966214236815381,5.690816389366998
4,0.02600384637951437,-0.03307608543403913,-0.00300000015563004,0.6128169409066836,0.45089334244654583,0.6489611626863016,4.1824779071366605
4,0.056147013026321316,-0.034631389138936715,-0.20999998595288266,-0.6794256399918809,0.4577621925259647,-0.5734409950600367,9.734371261167933
4,0.02385106256757237,-0.03515428985838255,-0.0015008395109751965,0.9459005243730408,0.19405940585289533,0.2600252775997506,6.507865223292999
4,0.025136016287958106,-0.03675502833429108,-0.003000000081534009,0.24188104084707396,-0.3075294992166962,0.9202821139141325,10.877042685026995
4,0.024216582892525398,-0.03353825155079708,-0.13852109799651624,-0.524865317001144,0.3568216141284849,0.772783756752192,9.850498616319562
4,0.025200681518299125,-0.03767672594251524,-0.0030000013540291094,-0.5642343369125952,-0.10964925515860297,0.8183010777775914,5.064833090431821
4,0.05099484320403114,-0.039239657304985645,-0.20999998468227,0.9092929416824748,-0.11971567816298591,-0.3985655562243274,5.654802968425615
4,0.02350356507158135,-0.034061167849794904,-0.002268973523102836,0.6099194513298924,0.6591728865505454,-0.43987426445072353,5.0146762127637245
4,0.01902222781720218,-0.054384426330881405,-0.2099999858458807,0.35435557479948865,-0.5003923115294081,-0.7899618099444935,7.211015981763967
4,0.02804599086958752,-0.030750527586922302,-0.003000001986299069,0.09918137020595733,0.4700883386325735,0.8770290814367192,0.1824077580682264
4,0.02512408988467962,-0.0363493423342214,-0.0030000027892607495,0.06908747720063804,-0.21980625523730682,0.9730941016431056,8.746434597814174
4,0.024106688552297154,-0.034874446769627775,-0.002373339390143686,0.63342586616668,0.576283168975469,-0.5164004078489699,2.9989728189495186
4,0.018821345401381168,-0.07192433103383164,-0.20999998420239213,-0.05253897846044194,-0.23925680426634938,-0.9695338247604297,4.406498970919837
4,0.024326308951849868,-0.03644428777736951,-0.0020676406887581503,0.9691609294923152,-0.22642117570433729,-0.0972653275235156,8.823078727186925
4,0.024906608924422736,-0.037232365222109286,-0.0028568254429468132,0.9337419642794815,-0.3575174020240738,0.017528587890990977,13.910059387421452
4,0.02354966337610139,-0.03305535688652697,-0.0030000000344888225,-0.6572995779984908,0.48547239768962164,0.5764319698320833,15.463301870198412
4,0.02300505544092448,-0.029747136578686537,-0.003000000024054604,-0.37990339579493243,-0.766089741171849,0.5184398888344999,4.1394884047395095
4,0.022583890048457372,-0.04031634130634369,-0.003000000132953746,0.3188254919964601,-0.7998271810678592,0.5085536216351794,5.664486062186862
4,0.035889100084117186,-0.03869739327513301,-0.20999998524238916,-0.48790919559637247,-0.08625781815820081,-0.868622015412393,5.817367459667489
4,0.017767534644378614,-0.034138959600581685,-0.20999998366904296,-0.38609927765543917,0.6504304493709938,-0.6541158753042116,4.828699302722966
4,0.029218908003285457,-0.0720663555598251,-0.20999998408357973,0.40040983749658215,0.5483380081044255,-0.7341644168059575,7.824648682365711
4,0.0024708408670749277,-0.025000466350253926,-0.20999998370509612,-0.32222129498772956,0.5778070408694321,-0.7498749632959759,8.640134104458053
4,0.05364987446370892,-0.054295344656868215,-0.2099999850062445,-0.4235041507119287,-0.4999067284819134,-0.7554717050613338,6.098823986497379
4,0.025598973452412493,-0.034050250424557414,-0.0030000013695290397,0.2922639639699199,0.5107847440039661,0.808505238484818,3.2765293925655943
4,0.04652458398013168,-0.044379945054848116,-0.20999998521464291,0.4941541727585645,-0.45395597723307435,-0.7414415852106376,10.358738875558739
4,0.028970030217582984,-0.03458990339100115,-0.0030000011885032863,0.41761820241612996,-0.3712799786926218,0.8293046571874093,1.1690414290717235
4,0.02846284253231318,-0.03681987561075541,-0.003000001491967663,0.4525047603022176,-0.5913916704453318,0.6674543685014822,4.382991409491167
4,0.028887097181463553,-0.03590286370118314,-0.0030000003203415294,-0.06895623929246741,0.9503312497596922,0.30350544112556127,1.803914047250222
4,0.024940346795500154,-0.03568487235507559,-0.002968027327650845,0.6651938373409227,-0.029144715102754782,-0.7461016983932133,17.607840555792087
4,0.02653075403217718,-0.03550620797179113,-0.003000000245293474,0.5366051280964379,0.2417378635926398,0.8084662898391444,4.248788562182055
4,0.02500501893915813,-0.03697113701272628,-0.003000000294564425,0.31421395165312893,-0.041679647010276,0.9484368189877613,5.537279786464396
4,0.025031642214928596,-0.03627289359830656,-0.0030000000447638706,0.9332370875286312,-0.21769535031147805,0.285792359789132,7.478006346117007
4,0.024999904030342926,-0.036345450456211445,-0.0027539688482896892,0.8111916150650313,-0.19225275319145854,0.5522744268373195,13.692010029373415
4,0.024999485581168122,-0.03643713267839439,-0.0025881375087560606,0.9953506811074314,0.07888164161977967,-0.05526941499908397,8.750148547153879
4,0.023611150659648195,-0.03334290648323368,-0.0028816278392087714,0.47726952995412497,0.8721255530499892,-0.10775349411791492,10.171718771584018
4,0.02497742293312539,-0.03594868042961699,-0.0027065005558193625,0.7326579892135628,0.5767478670547568,-0.3613504790218592,20.779166376468368
4,0.05323940525954121,-0.022800103986236615,-0.20999998590610952,0.5297000912748757,0.2801151347491765,-0.80059560615072,7.755636130893683
4,0.024545464584259748,-0.03118320510557725,-0.004256758760421561,0.2267369421973,0.23948808524008364,-0.9440528672013326,8.786060460890168
4,0.04683625784086043,-0.04145134194041908,-0.20999998542353746,0.4781523341227876,0.44820495070221444,-0.7553030302725892,7.222046105639275
4,-0.018163476002190766,-0.06710636598981512,-0.20999998574684986,0.4521286571389359,0.3643439352820612,-0.8141456713739399,5.418574788783521
4,0.017602762318728947,-0.028619777286197738,-0.003000000709434121,-0.560794397751532,-0.297102042581835,0.772813056142427,1.8876371297697796
4,0.022818516374649205,-0.03216311757234924,-0.0030000002032596045,0.11062700754531204,-0.07561352381237559,0.9909814631052614,11.712018989792702
4,0.039184804895957964,0.012272244795866288,-0.20999998561188415,-0.07250290200546386,0.2712918645656922,-0.959762498444931,7.236605294327577
4,0.023651659836185016,-0.03324738307572962,-0.0030000006804312765,0.09252712212507719,0.4679968711178329,0.8788729488925969,6.0403277673069375
4,0.04601384076237948,-0.0431383706218226,-0.20999998594365005,-0.7149726496245787,-0.0067320311071352845,-0.6991200111897677,6.192615306238796
4,0.028072507921958076,-0.03446959325364987,-0.003000000886573531,-0.5188538045130371,-0.6419669899260573,0.5645078505987534,2.856177883461623
4,-0.0007758892617065177,-0.03153112883645734,-0.20999998266485115,0.02527769345599014,0.051157909003434615,-0.9983706258499103,5.736528954839682
4,0.01868299170510634,-0.008292952342761523,-0.20999998578616355,-0.892410101110425,0.16417803840583792,-0.42029725569088816,10.954224273541193
4,0.0788830184592702,-0.06926707258048417,-0.20999998582136264,0.7620245821891124,0.13092236446780223,-0.6341749526918172,6.285012189534122
4,0.020175243317140976,-0.03239287699384835,-0.003000001350985603,-0.0036037255847464022,0.24067345228186635,0.9705994552484758,15.488703481770562
4,0.033194963004204575,-0.008976800971311271,-0.20999998490736338,-0.7141828803039202,0.09630655971968767,-0.6933021419523775,5.152543567557194
4,0.024803892847763312,-0.03500396279794109,-0.0030000000556966487,0.6744811320514649,-0.0807939356493948,0.7338579852184317,6.097725980669907
4,0.035336922904979404,0.02193052102957862,-0.20999998582885807,-0.9284459442638849,0.005405054217906634,-0.37142820836447515,7.746668959704815
4,0.023541258934499314,-0.016313408745027437,-0.20999998369823875,-0.3976034856691973,0.2737094652910893,-0.875782277049365,7.25397148233509
4,0.023672433437164568,-0.03431856173591774,-0.0021775318407931963,0.13254672026694975,0.971402498762541,0.19699886381491166,5.46837237034471
4,0.05070334824648637,-0.04739526412506899,-0.20999998484783325,-0.6227080075176865,-0.5681549165261579,-0.5379913830169657,6.655103120716413
4,0.023746194220986845,-0.03457270014149398,-0.0019592307323086484,0.8551112321969446,0.36556428011982167,-0.36762417993257734,7.160948496690877
4,0.024458560419655773,-0.03436350128401076,-0.002891060569113386,0.3866757448575665,0.8919808937218483,0.23420493926051003,4.259430756309865
4,0.025988608301372576,-0.03612835861206774,-0.0030000000257559487,0.2348634071231284,0.20728782462901227,0.9496688568943847,6.666634651731985
4,0.024924929825960073,-0.0356017657790266,-0.002521257805706914,0.8507011876559659,0.4348375227236593,-0.29533678767177,28.144434671659816
4,0.02483944046870403,-0.035251174461214535,-0.0025285044451335264,0.9245607495529036,0.3809751429723531,0.006735044422135239,7.734859286927318
4,0.02421513809550291,-0.03418630235987176,-0.0025000008745038977,0.013554958531699107,0.7073115473685766,0.7067719844888266,14.21947932322809
4,0.024956462546964826,-0.03578456168053295,-0.002880243658828544,0.9449371231553022,0.27933845618675984,-0.17048126048976406,11.13459145506057
4,0.02154843227540968,-0.048358554134252774,-0.20999998583453333,0.40370753203934473,0.7326529378321094,-0.5479415126276531,6.608740718535498
4,0.02452110180101952,-0.03413983122445495,-0.0030000000525795116,-0.3151989110838438,-0.6499155420769528,0.6915630373424967,6.419677909520317
4,0.023933105181273534,-0.03365334548395519,-0.0027215543509094718,0.43050603580947383,0.3762408368815493,0.8204312194171329,20.447452694224662
4,0.027258162305130482,-0.0297247626462984,-0.0030000014857269595,0.2670576040672575,0.2507615124071486,0.9304831540684307,1.5997912621368287
4,0.024881139103488204,-0.034257542694989,-0.003000000949942793,0.8642994492353882,-0.02646289461657833,0.5022809744156317,11.294275669277592
4,0.02467955031126757,-0.03464039831483125,-0.003000000900974944,-0.3656417027145885,0.18234282309256253,0.9127196941573089,17.41755302848025
4,0.033065852655989054,-0.03828796976874439,-0.20999998589776572,-0.7771897808490823,0.3032227719822266,-0.551390963922306,9.280897072318446
4,0.025646248742139187,-0.03546623572021207,-0.0030000002703598682,-0.6991401491011378,-0.32255155239514244,0.6380936827475432,6.2206857921810235
4,0.007004628726468937,-0.07407110529559603,-0.20999998501871214,-0.22492384198738277,0.09777130611645579,-0.9694586308893833,7.783200402366508
4,0.016733119344181084,-0.0689392643159282,-0.20999998594209918,0.19158169830313793,0.48669756948186216,-0.8523038945914382,6.006082916189904
4,0.05340346718220845,-0.0307795548862078,-0.2099999851953267,0.12130416216200797,0.5881942618315589,-0.7995703912668357,4.350901358774804
4,0.058307884492443986,-0.06391210136783804,-0.20999998262785066,0.3592658221753377,0.5546355352142369,-0.7505381350033425,8.229673238002073
4,-0.012315265753932974,-0.07966507350503513,-0.2099999837111372,0.7378881363162152,0.11435170177571516,-0.6651652325435995,6.8604135906873935
4,0.02427656206810236,-0.034078699243720645,-0.0026509462274082393,0.9849423880737693,0.05924811250368578,-0.1624135257307437,16.282870309502908
4,0.02390682520009713,-0.035159117679421134,-0.0016246309914508105,-0.045945968801956644,0.7750204665283713,0.6302636308823436,10.534855288797942
4,0.03372676960921388,-0.10118158749747849,-0.20999998556497937,-0.5629697619108287,-0.05261325586237896,-0.8248011229876112,6.62299539293513
4,0.024972772010216096,-0.035907164768354705,-0.0027115112611629296,0.7756851962319007,-0.12512199556461176,-0.6185927275458442,7.64037036164056
4,0.024314123374960646,-0.03400022838967125,-0.003000000113229972,0.12881786046157048,0.500135115166722,0.8563123410317481,11.935836380274816
4,0.020518074023820783,-0.0038297928676657984,-0.20999998576390894,0.4694157329650655,0.6092792832606507,-0.6390834254103746,5.200034943403091
4,0.02262871593604668,-0.032387009254051025,-0.003000000341692487,-0.43188283405397265,-0.2412081824634377,0.8690775744214057,7.685474265320486
4,-0.03309714083672144,-0.06123813670890811,-0.2099999845744801,-0.11664114542335893,0.7083387852789678,-0.6961688074481958,9.495356187949616
4,-0.01296368156422152,-0.015893097246425687,-0.20999998510096635,0.587158685173095,-0.10708062192622929,-0.8023580365607952,7.377539100456453
4,0.055621792245571955,0.011352113709081128,-0.2099999854533604,0.5083480600345042,-0.8235570627683843,-0.2516664741745861,7.390153361137844
4,0.025143486657043662,-0.033878138590810555,-0.003000000090133659,0.37212042323976346,0.6240306628336745,0.6871041569159835,8.005001691669698
4,-0.002323508283210449,-0.035637377276627275,-0.20999998466250114,0.0820791151100166,0.902572310675361,-0.4226419795345657,7.250251898809299
4,-0.012078035716610392,-0.06794631888539296,-0.20999998591181007,0.8766230056165697,-0.4569390717622574,-0.1507938683130659,5.644773940548969
4,0.024584818021870666,-0.03431243104729993,-0.0030000017801341695,0.45451230214011,0.32853340650748236,0.8279398335699802,7.271681870777689
4,-0.0007839780612180499,-0.07441952518799463,-0.20999998523779484,0.3417717110215416,-0.18156338805606978,-0.9220774553490663,6.568263474226174
4,0.026635908075584785,-0.03549087735589172,-0.0030000002781834494,0.20294005496424972,-0.32482571805586413,0.9237443298773743,10.22507649648418
4,0.023980110731779115,-0.03500519715407336,-0.001947840380776585,0.8009767000944542,0.49143384597936557,-0.34194897416387754,9.8987135635221
4,0.04994175490667646,-0.017866877223049277,-0.2099999829462662,-0.4298861144020714,-0.27458798522646166,-0.8601159032441857,5.311278826741968
4,0.02499341449353442,-0.036143658755492664,-0.0026728358860904832,0.695087033692044,0.15918612245567332,0.7010804476026433,22.28812736015616
4,0.0011940938963022024,-0.007689849173730787,-0.20999998577580983,-0.542340614288956,-0.31749790824214463,-0.7778571439246031,6.589992010768321
4,0.025295708573460966,-0.038398819005309344,-0.0030000004904329816,0.4178398720976819,0.17404695251765956,0.8916936130783423,7.24521799434972
4,0.04167907757157974,-0.005666741561162978,-0.2099999833244327,-0.16786249879389012,-0.12726263097206708,-0.9775614580458554,5.222537724496658
4,0.022334692921964053,-0.03260231840742842,-0.0029631256903564964,-0.7085745232128201,0.6962025824303176,-0.11499612720036177,20.572906189004716
4,0.024687647598062946,-0.038393076745289384,-0.003000002911862875,0.40781808441173983,-0.041020064833930045,0.9121413072039656,11.456989647209701
4,0.025665268749647925,-0.03410778451666982,-0.003000000145979506,0.21201462556096248,0.825216034490161,0.5235153244830358,2.814595633172824
4,0.0058200746725343,-0.019878725145006118,-0.20999998572583534,0.7961208094409429,-0.3953901445417556,-0.4581029255247642,6.61796826704043
4,0.008813625779117474,-0.0160653925583037,-0.20999998566879063,-0.39651144140421574,-0.09690683198276219,-0.912900729954038,6.953146180785001
4,0.025596670632779983,-0.03609567840996487,-0.0030000003745767074,0.013866134253081712,-0.5568266251247831,0.8305129980156962,10.266717871713183
4,0.024999690063355354,-0.036422699593107774,-0.002991545634164907,0.4163702455257049,0.8948509518298449,-0.16086513808182512,12.39219966248191
4,0.02540768164667976,-0.03552549448399668,-0.003000000059417767,-0.8867442073650503,-0.15853801155092917,0.43422391642792635,13.845824630441548
4,0.025057007982363683,-0.03631933001331384,-0.0030000004852897243,-0.12303094524756751,-0.20089588002205327,0.9718560757137112,7.042901390522078
4,0.024963614251228818,-0.036954380434362596,-0.003000004000249696,0.05610533409016845,0.08116161089269609,0.9951205878706024,4.8735453536118785
4,0.02190501544003089,-0.06233252703942586,-0.20999998486792182,0.055710218945623065,-0.8560303974062042,-0.5139147110383265,5.18976591268629
4,0.024088702220125963,-0.033831430899296536,-0.002922690720891392,0.8472551947120817,0.5100616254832386,-0.14830972066182888,16.159273342943294
4,0.01266794175503848,0.0027460196813220827,-0.20999998517179452,-0.7081474345043989,-0.5060986679449511,-0.4923325596679383,9.233257815648809
4,0.024381182627821824,-0.03484959326203967,-0.002500000059208819,0.9254085966766366,0.37758643308052653,-0.03236378764148576,12.904813804343354
4,0.015757824737507947,0.01290882248676554,-0.2099999855294969,0.8327050485723996,0.38222012823664975,-0.4006370872158455,5.829470626146351
4,0.008393173601495323,-0.0405031957749928,-0.20999998597346756,-0.5286826055163842,0.6344601250278219,-0.5638750325861999,4.551779939938479
4,0.023316141799546546,-0.03232373746178141,-0.0030000007472449604,0.5314989521730581,-0.7898547534166495,0.3060038109959827,4.865524419217605
4,0.023496050769240696,-0.033247424110922144,-0.002647664627564145,0.6814820268829809,0.5573060198393418,-0.4743334768770753,7.030300309139014
4,0.02044026756582836,-0.029035339986239955,-0.003000000083901681,0.20902574585745762,-0.6830742743201298,0.6997983804859523,1.9640723190385405
4,0.021732133808050433,-0.043367205349628846,-0.2099999844141668,-0.7281317578929752,0.5035338308064861,-0.4650567969410083,6.79438955012332
4,0.024825245730292635,-0.034974198428394554,-0.003000000811747656,-0.2990363510745315,0.13208657425343112,0.945055764300722,2.435585493607246
4,0.024999989479307795,-0.036381453617339646,-0.002822928890728954,0.8365996470919566,0.43689329120451453,0.33049248491622474,8.560175106025994
4,0.021758209147386035,-0.032262693846633134,-0.0030000012922365236,0.5936164000121122,0.23864814969951384,0.7685483916329917,7.215550014597886
4,0.02264739768738793,-0.03263884270798452,-0.0030000021158054987,0.008183878363766939,0.6809801871534376,0.7322561087757444,2.677689252183882
4,0.020374376729807825,-0.02972463806747968,-0.0030000007469012267,-0.6340631212090378,0.4627399887328715,0.6195447208637607,2.6350115359535518
4,0.024000965756784048,-0.031231493953408615,-0.003000000012091968,0.585262686465341,0.39585438261465206,0.7076488504874046,2.766856320313357
4,0.024349232202772988,-0.03317111912129489,-0.00300000023582164,0.6526993743024692,-0.6982471769359947,0.2939972902699599,5.574884525551296
4,0.02483938171001176,-0.035250972220496876,-0.002954747381573253,0.9852201819573321,-0.09377168055648077,0.14334596258553953,14.018569238183984
4,0.024668370900688952,-0.03404973456884966,-0.0030000000892428857,-0.19877120646717777,0.36245073032705755,0.9105599791144816,5.2224161061792085
4,0.024929586450364354,-0.035418817787627364,-0.0030000000337504548,-0.11251189434849648,-0.07717218429945047,0.9906490436075553,7.1092838999956784
4,0.00588766952844392,-0.07413404473658103,-0.20999998247197998,0.3870959147248752,-0.2538194167875993,-0.8864155100543508,6.571542374622458
4,0.024738191222997176,-0.03453478761836269,-0.0030000001486726246,-0.2729048429516122,-0.6602612819643452,0.6996984966629235,4.589975859437677
4,-0.007545124011256401,-0.0012869172074841048,-0.20999998580637713,0.5914434983561306,0.2077301994780276,-0.7791294837683146,2.0332360935850677
4,0.04516904445498669,-0.01230876427155244,-0.20999998597085445,0.9743296115079074,-0.014047052293781465,-0.22468753516985743,6.901954931052612
4,0.02404668857790683,-0.033896926225979236,-0.0025000009400601656,0.3127206279393121,0.7021628193047837,0.6396664631252764,11.713769277501392
4,-0.005956799820087738,-0.03225834787322788,-0.20999998562012995,-0.23004359552050632,-0.13390561997346123,-0.9639238710082456,7.218781206979818
4,0.024973682131652714,-0.03591500867435676,-0.002739348760042348,0.9895565352033164,0.07297608822298535,0.12430749850302081,6.617366168487438
4,0.026158439562130494,-0.036397894921651235,-0.0030000009637805086,0.7370092850511444,-0.5753066709426414,0.3547387040023916,3.8276326600440442
4,0.03774292698307602,-0.04065200892907267,-0.20999998562991629,0.33225152343283687,-0.9271514696527854,-0.1732024177003297,5.910630061168365
4,0.026095752613084413,-0.03503247957511412,-0.0030000013829742465,-0.3779826522804023,0.6740305060897901,0.6346747130896376,7.840982821591297
4,0.023251496533255277,-0.03289268092565133,-0.0030000008499752743,0.37372484063048705,-0.060092692443033745,0.9255909527489256,7.557231876530782
4,0.005784092530330642,-0.031318455089465354,-0.2099999850525946,0.4979361111232292,0.22578303641683362,-0.8373061863535165,6.305568120286251
4,0.01290821045819577,-0.02621786588967003,-0.20999998543162074,-0.3092270092061711,-0.8033518744250242,-0.5089247710960892,4.796210465910257
4,0.02180154136932721,-0.027894806873419657,-0.20999998521113844,-0.03137883982508614,-0.9809970013731888,-0.19146867030416106,7.533653470918779
4,0.024014862649839548,-0.035225045963616405,-0.0018152339675497997,0.9878905651706464,0.10488931019427836,0.11432612935715508,6.448816883208569
4,0.025077704511318376,-0.035563835456016574,-0.0030000009114994923,-0.4483673362188004,-0.07885087680247663,0.8903646842948894,6.411364533721408
4,0.07336218447161078,-0.04769767988856194,-0.20999998512577894,-0.4276858956100108,0.4296858399714538,-0.7952703022396153,4.9649135587502204
4,0.025207823779359075,-0.03664393918567575,-0.0030000008384018406,-0.5093834859426618,0.021057833903436938,0.8602819490610023,12.334251260379645
4,0.0038861420212389732,-0.017868664325024437,-0.20999998536389589,-0.17965881502688355,0.6468082863643149,-0.7411894163259446,6.869785307371402
4,0.024367410288296292,-0.03421424695181687,-0.002896868642930821,0.9180609092105574,0.29859859931050203,0.2607739317287882,13.309071473475981
4,0.035356350180849566,-0.01274612901588559,-0.2099999852308492,-0.5968303798719156,0.1996958505151857,-0.7771197236906046,7.163646596335581
4,0.10417752562498225,-0.07195369902842141,-0.20999998338230927,0.1020928003613128,-0.6020277850903312,-0.7919214645996252,9.914091836533231
4,0.03525091081221039,-0.019283930882397562,-0.08650663028576161,0.2621771300127096,0.57234406380742,-0.7769719590324398,10.683967217285804
4,0.02307354600290952,-0.032952483045762065,-0.0029700472157862595,0.8478604573787362,-0.22443669168179198,0.4803757032161936,11.169730243185178
4,0.022675081019057436,-0.032421593043293645,-0.0030000010352806365,-0.9028071860181538,0.06948503630015232,0.4243948805114753,6.9039361794019145
4,0.024998175317182805,-0.03649386837177018,-0.0028423298687605646,0.47633075009734255,0.6136859925468193,0.6296812837170314,9.647072700553565
4,0.02000156090882691,-0.06190698954513462,-0.2099999842565094,0.677294921643704,-0.36326114858654146,-0.63977568494218,6.0795310624529355
4,0.02392810553962625,-0.03361825710751919,-0.0030000012162863994,-0.2730941199758315,0.6058879743133395,0.7472077115615874,11.512022081695239
4,0.023957566984442995,-0.03522564471728808,-0.0016804267924195014,0.8605037762333532,-0.5061789576896958,-0.057585708993744766,7.0955131448142374
4,-0.0016423423720196614,-0.020692347921089746,-0.2099999844616931,-0.005613081469044782,0.39584450543900523,-0.9183003979255213,9.10758933341148
4,0.024630217901328903,-0.033698573013048724,-0.003000000479873647,-0.7137260546675942,0.6483409523552546,0.2650455213500354,14.618669309718527
4,0.024602674122573335,-0.034635056668642694,-0.002514921983290059,0.8125502898443562,0.5812563863682194,0.04362384416820941,8.480607688471004
4,0.03815399063744984,-0.042094179622070335,-0.20999998542161474,0.03830258509824806,0.9680665117772917,-0.24775015792151983,5.74787329839167
4,0.08558275206508957,-0.025871151619506497,-0.20999998434724945,0.4026780775229952,-0.49551045977577446,-0.7696231221417303,8.02269408844234
4,0.022923661653132033,-0.032677917039578494,-0.0030000001024247745,-0.8749208640870142,-0.3902370963698611,0.2867551049276231,6.758333952566344
4,0.016230011044922294,-0.08817119419661015,-0.20999998524394267,-0.6110093646212963,0.004296406597583842,-0.791611708627044,8.040389540375983
4,0.025016841862410627,-0.036704913502034656,-0.0030000005260329564,0.15250236777987627,-0.6563678869596787,0.7388668518681955,17.72960202995169
4,0.025272764950238575,-0.036906179479579554,-0.003000000057819979,-0.8409210634887336,-0.39892330433456313,0.3656664631050698,5.968401319904823
4,0.08211957397104004,-0.042255540807099756,-0.20999998572880832,0.029587732320488846,0.7118720191254838,-0.7016856806878262,5.498264690820972
4,0.024602754124897062,-0.0342905478194625,-0.0030000001055209254,-0.40626846180548826,0.043605990699684564,0.9127126900165801,6.679172349290069
4,0.048802027696170244,-0.01989119412167314,-0.20999998448455903,-0.6031232774015087,0.48962949448544923,-0.6296866445990306,8.23972106799807
4,0.024668953784944922,-0.03405269147955693,-0.00300000143080247,0.46824833077261085,-0.22272368383919167,0.8550658813131088,11.261666783412219
4,0.0240311743094907,-0.03153042391526245,-0.003000002244798793,0.3691046984380617,0.6533906929338299,0.6609404844450042,3.5514951401930057
4,0.023460576682347956,-0.033219417311105975,-0.002737358351457114,0.3540469372332467,0.7067758771577485,0.6124692855185904,23.41893152759781
4,0.023912217132113917,-0.033630997237725634,-0.0027375412029487615,0.0088921207980424,0.9951967970668466,0.09748982149743934,15.346589033474645
4,0.02470183244626164,-0.034290817758847555,-0.003000000347726472,0.2923816520735722,0.2199109794134666,0.9306729450586484,8.858179630591348
4,0.025189993830343843,-0.03352185814627201,-0.003000001180504311,0.5559495899899509,-0.05237409284067483,0.8295643481907367,4.193692036621019
4,0.0642837042303961,-0.033860924283356034,-0.20999998543328713,0.46605961592535744,0.26117394358462664,-0.8453263308308593,6.838600050237334
4,0.02450929226093216,-0.03445347222186315,-0.002930203385361793,0.7253229320100383,0.6303417645648594,-0.27672351570768394,15.289608190919415
4,0.0250288589913129,-0.0338303437446755,-0.0030000005140966126,0.3340316218238227,0.26182179650461734,0.9054679577416539,2.379563396645536
4,0.024967364756389353,-0.03502939022879261,-0.0030000004621507006,0.20371303109542177,0.5939387332736696,0.7782915790879307,4.8353386532877725
4,-0.008199987349086474,-0.06392835776863273,-0.20999998509701673,0.8161307377040448,-0.28434372091608795,-0.5030698434116736,5.496027524752258
4,0.025648338514030564,-0.03633976380333324,-0.003000000797203881,0.6325190860144783,0.5067069208209852,0.5858051742853801,8.037181670906074
4,0.016820869223829887,-0.03595153987398827,-0.0030000011024530395,-0.42183633032954554,0.27062443267933656,0.8653418554831901,10.220943182864218
4,0.03129540152397732,-0.018691123935028617,-0.20999998443102125,-0.18812742455621473,-0.7096255678688238,-0.6789989878907736,5.753420468811392
4,0.023036991581279503,-0.03293059068667822,-0.0029984125550815066,0.28518155679862184,0.9480716006347997,0.14082513884844258,8.81652061017397
4,0.02557477681103173,-0.03566749114455395,-0.0030000009318957924,0.8880759346046084,-0.3232718165590994,0.32682788588908884,3.6336097568701557
4,0.02426842297053977,-0.03522731447388471,-0.0024083565961955976,0.2611739126107122,0.6440090880429195,0.7190552703998072,8.843431555956858
4,0.0240190159332988,-0.033749038775993494,-0.0027928537633054723,0.8035614891997848,-0.030557011563317582,0.5944368781623018,18.167050714294767
4,0.03632311085313612,-0.07179719609385654,-0.2099999837977857,0.48758597933776027,-0.458712163552151,-0.742861402794991,6.852107090584017
4,0.029925319853939394,-0.03263594340015004,-0.003000000645320383,0.5917401416256014,-0.31556180836505754,0.7417980519590813,1.989401937970647
4,0.02498789258828335,-0.0366840425286188,-0.002966518045369212,0.9121990700570829,-0.012720472516263799,0.40954980913920114,14.177628481970572
4,0.026178046444994257,-0.036358394210097934,-0.003000000443091788,-0.5822494723940999,-0.5536066663820367,0.5954034017656943,7.010475201917276
4,0.02678772929225734,-0.03521718817012312,-0.0030000000856387,-0.5122318160533156,-0.041882194927211285,0.8578254183520105,6.117710301884929
4,0.024712981358056146,-0.034885195216187284,-0.002945859902958315,0.592570003528401,-0.1533034096386225,0.7907963426265471,8.773986500145433
4,0.024825678051995443,-0.03520509147925455,-0.0028992552380504976,0.47410911013183915,0.5194521083871426,0.7109079116046946,16.260016845291457
4,0.02209224863747361,-0.03234138973720546,-0.003000000117442031,-0.33549221269635127,0.44564741862686363,0.8299658748956606,15.421713331594848
4,0.021250958258513326,-0.03191960403652083,-0.003000000482143289,-0.24696424436704326,0.4957628632136464,0.8326030539593419,7.397665592738806
4,0.030750515255845243,-0.04380180596797123,-0.20999998376852053,0.4790607165905853,-0.2742758853775315,-0.833830659378801,7.6103779262178035
4,0.029950240538305382,-0.032339916688902064,-0.0030000001150307454,-0.36463714364974453,0.37353404331249856,0.8529431821390988,0.8281963674690707
4,0.023455789398253706,-0.03289482440234379,-0.0030000029555926197,0.1586517288296796,0.13702693298834057,0.977779754635553,4.458845477203896
4,0.0356583555845678,-0.011312428243788239,-0.20999998531420172,0.21327775282070502,-0.6370159359330213,-0.7407585959805847,7.986720989391733
4,0.0239625944019657,-0.03355245166814645,-0.0030000003477846865,0.766616192144255,0.29965024912155747,0.5678990598192882,6.189600842453224
4,0.05187991265820313,-0.05120378800673827,-0.20999998184289428,-0.09704762064592451,-0.014624736793964005,-0.9951722847832289,7.33054223372008
4,0.055189831760610084,-0.05639812873722054,-0.20999998376989432,-0.5173050447575335,-0.6937164653221131,-0.5011516301573803,4.920615518360181
4,0.025297943425029133,-0.03684607710617026,-0.003000001041806884,0.4390566005807141,0.14437348696678268,0.8867838506352942,14.123538692409834
4,0.024288304808857387,-0.03409555921129309,-0.002838456362055249,0.8406893298709307,-0.021493862601156474,-0.5410909946687783,19.612100380855445
4,0.020477416956972964,-0.032226083802436314,-0.0030000005644135698,0.6739517853643554,0.1703076396619312,0.7188771097183297,10.004097923192543
4,0.024064899305538692,-0.03380278078726925,-0.0029452543316569827,0.34809684837374455,0.5650597584602088,0.7480214258436432,14.388879483890772
4,0.02629322325426179,-0.0348794072201553,-0.0030000014684075527,0.8531171916352212,-0.11415609070580726,0.5090770514285644,10.625314108768679
4,0.024780032886997046,-0.034876697401063035,-0.003000003254910944,-0.057806826179002575,0.09646246310294543,0.9936565624295064,11.82081873182899
4,0.02433802492786581,-0.03416907983065083,-0.002928132782750277,0.9989002669650784,0.045703073150099346,-0.010463544415328676,11.247260460045183
4,0.036967027891732444,-0.05590411197274552,-0.2099999847945424,-0.6107764947922298,-0.07225508744031874,-0.7884993822117485,5.724291095241335
4,0.025331431055682627,-0.033995302013296036,-0.003000001253025739,-0.6134961980923077,0.09251327013380936,0.7842599758851858,10.586529963715428
4,0.024970567652852597,-0.03588872728016897,-0.002880291697274687,0.5530164500325288,-0.3748137267577321,0.7441017915765288,18.438904248736634
4,0.02510918248195565,-0.0350723430754762,-0.003000000938112153,-0.34751115918525455,-0.41653048720397995,0.8400823456491248,3.7082244610093813
4,0.025452545750476438,-0.03583235438233045,-0.0030000001661544687,0.32922782647189575,-0.1366822862351127,0.9343056196481607,3.600588949771482
4,0.02645941726982408,-0.03653643238322983,-0.0030000006355226185,0.16491662950244268,0.9633207051047621,0.21169724710070803,7.462886642071103
4,0.016842058630303275,-0.03610382022594577,-0.0030000011331859835,-0.4663380893620357,0.29626459742817385,0.833520290527404,5.180969342290805
4,0.024316511332065797,-0.0336850431216345,-0.0030000000496851996,0.5392720224764674,-0.046736819469627794,0.8408337264168247,12.243917013198937
4,0.05519325498635955,-0.05455249859614461,-0.20999998586608487,0.8191294911714869,0.48895986633465716,-0.2999085290670055,6.210295802454125
4,0.029669266763471185,-0.03237799835196153,-0.209999984878618,-0.12680068422986593,-0.1991787694843618,-0.9717249632820665,7.785290508677063
4,0.024780630198083006,-0.035066631596639565,-0.0029667838045191997,0.4447415877822619,0.8295416073179867,-0.33773605348734065,18.819452806466707
4,0.02564484123548895,-0.03129921585195608,-0.0030000000114314093,0.035488793454872034,-0.8088512759875027,0.5869413589725183,3.930384614572165
4,0.02386073040726363,-0.03338063029482523,-0.0030000010986868894,0.3252503757820736,0.7981515016654902,0.5071157396913872,3.0519188027246082
5,0.037840974364653744,-0.02689965843955389,-0.20999998593218794,-0.2966059229799801,-0.8506777834398691,-0.4340187037617449,4.0756846271025555
5,0.05040379894239953,0.010008317032932292,-0.20999998456435692,0.30877873706546993,0.5309798315289366,-0.7891236341954,4.389569661373349
5,0.08265879536068596,0.029390848091234142,-0.20999998576935214,0.22882112989926856,0.9006979775135059,-0.3693021037236348,7.721598897794044
5,0.027879619686689942,-0.02025052365232024,-0.0028967537820607306,-0.8231496905210169,0.55420951773626,0.12359772427393588,10.740267694812475
5,-0.0013987589937698398,0.01268969555073229,-0.20999998468106043,0.7806591583171381,-0.14857292958872786,-0.607039836525578,7.356604205008898
5,0.02572028779529508,0.015358171665464021,-0.20999998309731244,-0.2824239737727235,0.650414830091191,-0.7051221510035486,7.694134754452108
5,0.025492818402745823,-0.01577699825878704,-0.2099999820282104,-0.4758321833691494,-0.05923227254899043,-0.8775393274143503,6.057828327125323
5,0.024665183959773157,-0.02202819728310922,-0.003000001969951869,-0.40594476940645285,0.36909853874115195,0.8360473149832419,6.779555180690705
5,0.023859753857533986,-0.02397900652911652,-0.0030000016363208996,-0.02439599701919226,0.15968980848916847,0.9868657458814406,5.1331070346479475
5,0.03805872955436935,0.008848800603753836,-0.20999998543100906,-0.5827673989770639,0.518981372296273,-0.6253323067769531,8.79387388885269
5,0.031905095568945246,0.00845795869979879,-0.2099999859685603,-0.6523540114693438,-0.1920170815180939,-0.733187345857202,6.4769945612137745
5,0.027711867020064878,-0.02167568745681877,0.00022250487363397722,-0.7828915911237544,0.24081179295196248,-0.5736640453462091,23.73432877233212
5,0.005082356701149154,-0.03021116800286437,-0.20999998512886553,-0.4254195921291389,0.661066457791957,-0.6180690163849599,7.175893790391282
5,0.026551436740053252,-0.021064202011646712,-0.002496236620521542,0.6705825096975861,0.6867366228975892,0.2805564265150618,4.478146470650181
5,0.02405060861744002,-0.024882944587140066,-0.002923651317423181,-0.9054601624224327,0.2757615795940496,-0.32264135737027977,20.51317753152923
5,0.007863745097239104,-0.02164433108350531,-0.1466473637010725,-0.9023223539015428,0.39714312133757174,0.16760581977911826,10.175614629628193
5,0.06686668640645366,-0.011497663963006673,-0.20999998472030404,0.7848540745687057,0.27339705505208844,-0.5561098200191629,4.068481777812585
5,0.04263190077836214,-0.08052752779889094,-0.20999998392152058,0.0870429909695372,0.03362413728902175,-0.9956369494522819,5.197694041191158
5,0.043321614961327984,-0.0101608241339099,-0.20999998217897037,-0.4375714875891853,-0.240984098621618,-0.8662897075808496,6.636256028721398
5,0.01409301144713617,-0.03138819528658157,-0.20999998552232615,-0.7748246553594201,0.19259888895512006,-0.6021232609859956,6.371095591774697
5,0.023089533704899527,-0.020417283215324204,-0.0030000017865931808,0.3942256087230941,-0.44107499133426925,0.8062499745403906,2.0105810777848694
5,0.026535219267248302,-0.02052656303844948,-0.0027015349923576347,-0.20096469957668261,0.9402542512776458,0.2748365559352825,25.11595592873735
5,0.026302586976150878,-0.02077691018329406,-0.0032901231702723694,0.33548204468727577,0.6817427766200919,-0.6501373579627403,10.80961708432802
5,0.028454241628750924,-0.0207804886107855,-0.0024946149633895956,-0.667181684958746,0.6763543937572696,-0.3121110912813653,3.4989888188510188
5,0.026749845098093368,-0.020449100451981502,-0.0029189871541066377,-0.5392731335664108,0.8139997986029116,-0.21584442380539579,11.713606141355024
5,0.027863835806975535,-0.020183943424672737,-0.0030000015007130448,-0.5474654699846401,0.4692613023682557,0.6928747284135462,16.913015304877014
5,0.02589797237096865,-0.020845554323745803,-0.002781600667544951,-0.691924162018845,-0.13269219179317845,0.709671569285146,16.366061819000347
5,0.028267132785459753,0.02394854383468204,-0.20999998466967634,-0.6465901838590202,-0.3862671860191544,-0.6578136477316372,4.822576216459123
5,0.029690780000350282,-0.019594204010706006,-0.003000002563180392,0.27363112841221665,-0.43222871221492576,0.8592463825358145,5.006210705989226
5,0.026044432831114128,-0.020759342215436655,-0.002901087447829325,-0.1602330877381154,0.9016077347263515,-0.40178209302497087,13.034949585659657
5,0.024747569778549888,-0.059120349222083896,-0.2099999847865846,0.5505533840938471,-0.06336607785140057,-0.8323915613703348,6.833358339042501
5,0.01004117294865617,0.006769377282135361,-0.20999998303920983,0.24555335605622808,0.5271401756642544,-0.8135273717154095,9.581438068052387
5,0.02567769199211992,-0.020991899787682608,-0.002873263926073888,0.0030434879410827093,0.9616178075061238,-0.27437552636535956,18.86329274810809
5,0.05832619659292869,-0.044850357217595796,-0.20999998598801958,0.7951201958981143,0.13966766258653812,-0.5901498268258302,5.876204980737007
5,0.028737933402360846,-0.0213129509706787,-0.001317953135050926,0.8811239171397356,0.4636216982671799,0.09314270524407636,10.27557271342158
5,0.024775766163531485,-0.023206819516597574,-0.002220533739235909,-0.9726252462590633,0.03269978962215894,-0.2300670643489909,13.190626362018419
5,0.024422478999019274,-0.022302414980047276,-0.0030000019027016803,-0.009983786563686092,0.08167867558931921,0.9966087085510668,14.081994266196693
5,0.024947982993435928,-0.021663141434618116,-0.002767165303458176,-0.6091983444421285,0.5642294673725523,0.557245444375686,14.877696457677924
5,0.025986458654419523,-0.021879683859885445,-0.0015233210358541376,-0.9410533271696151,0.24285890692833773,0.23545315191895466,2.6866577847745785
5,0.0263880117918055,-0.020509378740879713,-0.0030000009329538115,0.5561570216104317,-0.43604082255844384,0.7075010730564085,8.067453633202348
5,0.026524789933526274,-0.020754080558884343,-0.002500001599434713,-0.6357027607745742,0.7719265171017472,0.0033841008777684145,7.150136278776655
5,0.025399933318465257,-0.019533304723002985,-0.003000000318629266,-0.2872195529160665,0.869614253455061,0.401591805955365,7.785370028152796
5,0.027591024777170424,-0.02026967500525461,-0.0029523100077180767,-0.16126039510935478,0.2353754202201278,0.9584328336014858,5.540129707542089
5,0.03188836958349747,-0.025187092288646323,-0.002928826425330673,0.9442086557706001,-0.20124720021489248,-0.2607097596438298,20.506423063974655
5,0.02515056730942792,-0.02139310775268466,-0.003000000430402612,-0.5485138651536967,0.7049913094529169,0.44957734966300716,14.708738051185644
5,-0.01072141140031149,-0.04390002767505957,-0.20999998599133446,-0.968009832349831,0.2085299549995577,-0.13954290502184283,7.380823991546735
5,0.006480115742978294,0.012329617951765768,-0.20999998461683655,-0.4941068427088036,-0.29469679787322717,-0.8179316752098574,7.792958198633042
5,0.044357355710490445,0.0026978408083015866,-0.209999985726788,-0.964395057259268,-0.12023010084468025,-0.23555656727158172,5.4481302043456665
5,-0.003090976509162006,-0.053574482367524545,-0.2099999843929433,-0.04801941799249795,-0.34958907137741735,-0.9356717462171961,6.865872402975532
5,0.023334835911306025,-0.024468941128937143,-0.0030000018123215117,0.5087100315675466,0.12171866142945362,0.8522902505850736,4.926147333740617
5,0.007488512429151462,-0.025146852937766855,-0.20999998490717622,0.12181507137509161,0.7366667180014154,-0.6651941332986218,7.479892964507425
5,0.026780898770823194,-0.02111791263824122,-0.002149473212464367,0.4116179926643836,0.8250548725946742,0.3871112053696325,5.626631677079717
5,0.029555393259548965,-0.019427972460617296,-0.0030000001853987884,-0.7286087266685186,0.12367078757992206,0.6736726651140316,6.186197205706483
5,0.027630419374948048,-0.04530853239018651,-0.20999998557161842,0.2652378075407371,-0.6018390431459127,-0.7532852524749138,6.347684899749281
5,0.059543140175556786,-0.020059770619828783,-0.20999998475286355,0.0564180731986832,0.17185778940039317,-0.9835049065657769,5.584470924054038
5,0.026903640637950782,-0.020401902438167505,-0.002870898920041664,-0.04971197793057937,0.694032370823797,-0.7182254433664469,14.796736272757318
5,0.029602689672778265,-0.020383209018777257,-0.003000000190511258,-0.8517463830710091,-0.016316031146654,0.5237001871806763,18.04336398789647
5,0.02851937514306409,-0.020282576488028607,-0.002665779672005095,0.20533711397007887,0.8706632206234796,0.4469700503165608,18.865467554077515
5,0.028553126260229853,-0.020287147157317262,-0.0025762986585784933,0.13708684022444978,0.9454068069482616,-0.295657179201129,25.40341854789592
5,0.029199810770698914,-0.020432898303966447,-0.002616155757749151,0.909527056297094,0.21366051346609669,0.35652449964756555,17.89232147249853
5,0.027491171095993756,-0.02004172868180628,-0.0030000001824641628,0.3805251182306058,0.60890402867824,0.6960147399696309,13.262375144178753
5,0.019984675577811896,-0.022638523498755166,-0.003000000024579285,0.2582614425807926,-0.22452157157535066,0.939622845174287,2.67178120633216
5,0.026727945574408114,-0.020456374821426836,-0.0029800196052121954,-0.020217157587065743,0.9944604650878972,-0.10314867869373343,2.7202604758722666
5,0.025381058070910956,-0.02122528248602048,-0.002897546669581328,-0.3982435551354662,0.9159973305880231,-0.04848671105242089,8.263259612573771
5,0.026793163500499203,-0.02043511572955284,-0.0029229690968779736,-0.46671523597754455,0.8203212903945795,-0.33052967950215467,15.662231949014819
5,0.025518050615725374,-0.02097070713982683,-0.0030000002824109215,0.7230615755702299,-0.07574598189339607,0.6866181647472649,4.905812954756455
5,0.033401459062919504,-0.03314189078508348,-0.20999998371974343,-0.06637026405700838,-0.00712305644168763,-0.9977696378001946,4.9271657203024475
5,0.029640527140228155,-0.020033620600081757,-0.0030000004320994583,-0.7263432224666746,0.1922511309072601,0.659897738927484,12.279284644446694
5,0.024820506845628518,-0.036337677682899666,-0.20999998563621525,0.5844674780100657,0.1318076371531791,-0.8006400651582767,5.695723054379995
5,0.04503126085356987,-0.007604429229921331,-0.20999998581640983,0.257328580953638,-0.480496070862379,-0.8383946131209352,5.612495221191395
5,0.024749859657915575,-0.02355310205483346,-0.0020595037560162807,-0.7670178109002304,0.24555949657287945,-0.5927766960708669,4.806068557788033
5,0.022647748685879224,-0.02812782808938592,-0.0030000014930933764,0.24624392213332325,-0.1343823675405335,0.9598465034090596,5.133673976729229
5,0.02431948310800916,-0.02210363742282391,-0.003000001260862131,-0.34994773251409633,0.525144043164073,0.7757321177040003,12.65749141737694
5,0.02451205484498025,-0.022290599528205057,-0.002937570866496733,-0.9385582152893798,0.17852273671473717,0.29536098081617873,11.241154673865644
5,0.04233960843733224,-0.0075973847789869734,-0.20999998599241282,-0.8061691811648024,-0.03399559792289188,-0.5907076693779563,7.524087933661553
5,0.025966765618801936,-0.021766053447306047,-0.0017726265757151685,-0.7723599921239548,0.5699141808371007,-0.2804601024157648,18.240193464011885
5,0.02798906723066935,-0.020140684856745555,-0.0030000011427802724,-0.26370641020696584,-0.7388803535665763,0.6200925352954078,12.261058278335423
5,0.02638821557185289,-0.020513369757938167,-0.0030000005857044173,-0.28162131599906226,-0.6688409813496025,0.6879979477020677,1.0117706125341965
5,0.024751204213459915,-0.02118297476314307,-0.0030000002094665874,-0.7072421371710956,0.4476234018181271,0.5472128009782199,11.80568737736562
5,0.026763200370482312,-0.02013892242813938,-0.0030000012735930783,-0.25013472536536085,-0.0016687321246789777,0.9682096025652152,12.717282643724465
5,0.025134365696241855,-0.0214579987814527,-0.0029983910369162136,-0.4983857504730468,0.7607815701256508,0.41571991326200336,5.8819657787438775
5,-0.020343333034108825,-0.05083166827078577,-0.20999998562518016,-0.665790800204135,0.7075420617328606,-0.23686882708020296,5.546947737699657
5,0.031507045328734426,-0.02232501471440567,-0.0029964376481227593,0.29464798721743274,0.9530532194079065,-0.0698006060499478,15.812799135540239
5,0.06484200610304153,-0.006367563001498599,-0.20999998544616794,0.9307630424310879,-0.1182234707089597,-0.34598174781041896,4.377424013436317
5,0.019512169520567675,-0.02168879395492076,-0.003000000347834803,0.49940303776904293,-0.6307310500892542,0.5939486074740465,1.241123557076677
5,0.030072232867188776,-0.02082733214354461,-0.0029137870357901783,0.6391320296537255,0.5351630593616847,0.5523683087988948,19.81392888588926
5,0.030912921307143307,-0.02042102996562354,-0.003000001061648912,0.04730144624091083,-0.8692377800480321,0.4921262591253257,3.1723342797365786
5,0.028812529232954694,-0.018606410988233263,-0.0030000001594718806,0.6937153119994288,0.5019663559713308,0.5165160630323109,3.3493471533723618
5,0.031115607397652827,0.0010951903395614786,-0.2099999853771503,-0.3335023668157957,0.3972266500344502,-0.8549778709596352,7.455847914157648
5,0.02562135786693352,-0.019225885011652476,-0.2099999844161981,-0.6168697093639076,0.34397096800325566,-0.7079235374249058,8.844333355371756
5,0.026902932513783423,-0.02114994673434496,-0.0019681715613241437,-0.705360640243192,0.5846989070587083,-0.40074125727215326,10.84374313569618
5,0.028166006468341387,-0.01999116794181871,-0.0030000004050513606,0.2721411257261749,0.8032720246355315,0.5298049283712115,3.2538355784171533
5,0.026431800780752704,-0.020568937939848396,-0.0029037642124203618,-0.2470980896262265,0.9375703256217087,-0.2447537918330839,16.843679228762433
5,0.027941210220837336,-0.0203498216032677,-0.0025000002688086768,-0.7497314971023821,0.2622236506358606,0.6075701106043838,7.3615462907367535
5,0.02823282521212607,-0.02025549352849413,-0.0026981790262148074,0.5214693766846537,0.8530873940133559,-0.017651837174079577,23.154483012408352
5,0.03025586892782898,-0.020304664047332763,-0.003000001649740765,0.23866085225053288,-0.4364222573275777,0.8675117353166761,8.596473809785682
5,0.024351017424325244,-0.022610146521375933,-0.0027486704549048143,-0.3755580437798359,0.1640125367539662,0.9121710604594907,5.661396926878168
5,0.02671851050721554,-0.02045955336641376,-0.0029752246199342353,-0.35114697345225704,0.9355813860471894,0.03719237982893521,7.134886695940449
5,0.035880945543599566,-0.015185894561633474,-0.2099999858690927,-0.17815087757798467,-0.5701733999556561,-0.8019754103469761,7.277298295920459
5,0.02737120206673381,-0.018731393463716224,-0.0030000019766670072,0.013002980022976344,-0.04695471970566989,0.998812383187095,3.635298557991806
5,0.02950421715142067,-0.01960530050168537,-0.0030000015683822223,0.32264470251866917,-0.30445878492004774,0.8962171858548841,5.476034786972498
5,0.03907218108293526,-0.032245924166035014,-0.20999998553766375,0.4324745762769829,0.6531540852677045,-0.6215750009227786,7.920383395535633
5,0.025720898599886903,-0.020961516087501436,-0.0027089251199340367,0.1995598363235039,0.8026203306726727,0.562117849314026,17.957336334904973
5,0.024773683976876952,-0.020662959320178434,-0.0030000024041347126,-0.2721301137421042,-0.1036931395243765,0.9566571663925836,7.114313613089813
5,0.027144430354566547,-0.020341283360999825,-0.0028777615653550435,0.2158791037107888,0.818638559216803,-0.5321908698432015,20.497074105707625
5,0.027413736902558092,-0.02029191542448999,-0.002928535191840051,0.2686096006896754,0.6925143322415719,0.6695317632923345,13.187699978460206
5,0.031129497657293597,-0.020757059827595164,-0.003000000936752915,-0.28764952158071166,-0.12787829164904466,0.9491600999090244,7.433415478856938
5,-0.023857573020332055,-0.04562351477876431,-0.20999998396937933,0.1237852880848936,0.4821267808941786,-0.8673124982371443,3.8490497599194278
5,0.022361902172724477,-0.020163501909269473,-0.0030000008278374696,-0.34905408101322105,-0.7225123519588318,0.5967722763290305,2.6688211312268995
5,0.003573497387370463,-0.04169558367783154,-0.20999998296122108,-0.4337218762766718,-0.41334675079573113,-0.8006433648295942,4.859427686438073
5,0.02419564676635661,-0.023163711301857404,-0.0025000025989180587,-0.7961265730221772,0.03521815805589534,0.6041044289451235,18.58895637249347
5,0.024158957477633303,-0.021540524833792055,-0.0030000000363644384,0.38493068691162585,0.6535585730836103,0.6516820987434433,10.920213236183864
5,0.025131373552771015,-0.02122868845366368,-0.0030000001161148175,0.6140642782079926,-0.2744407024577444,0.740004975026112,4.060504670651406
5,0.02695886781955218,-0.020231004840161274,-0.003000000126659884,0.6949665453015018,-0.05624840929568522,0.7168386271423998,13.175067274361217
5,0.028122495962674007,-0.020250588450818716,-0.0026293859480257383,0.09704268846359582,0.493300181887737,0.8644290874127751,13.937781409471555
5,0.04072692325304454,-0.0620322484125519,-0.2099999853010587,0.8886830408171893,0.20641032947005128,-0.4094352559953511,4.614212155742876
5,0.01285669783384726,-0.02573165537863393,-0.2099999859488097,0.4027047699468648,-0.8733161153338036,-0.27413104705654445,5.071407682685778
5,0.0441645848992457,-0.014543508263856506,-0.20999998561412633,0.13582757639451548,0.6148853046423931,-0.7768313405274169,5.617337481557353
5,0.026577029753613382,-0.02051038069004614,-0.002916195781428789,-0.6468545966672143,0.7127887248554011,0.27112979269992915,13.795127703768525
5,0.02782391447983331,-0.01991437490352795,-0.0030000010955854714,-0.3012131317986584,-0.35951061886642527,0.8831889742033264,8.258097108191759
5,0.02814983666997059,-0.02025152001421377,-0.002671454781893188,0.04967520784765277,0.8209148591271038,0.5688859005016909,12.507354560391306
5,0.024371087418700442,-0.02256617229994787,-0.0029408826886265327,-0.4658048368547366,-0.23231376155692063,-0.8538478612457882,13.51403111193661
5,0.024351360701932237,-0.022609382332853596,-0.0027692146977170455,-0.8356702412192952,0.5059874396792532,-0.21361638239451294,8.426293768730446
5,0.02665768206575081,-0.020063782593214792,-0.0030000020385071366,-0.34873992531516906,0.018696354196322373,0.9370330361470378,4.246556636003168
5,0.028250925990074324,-0.020256590349750345,-0.002968227296665145,-0.15022274360294827,0.9076085973679485,-0.3920201031684321,21.690670531527285
5,0.02635834543806808,-0.02060111923585145,-0.002888994926824577,-0.5096051925166865,0.8476102858956901,0.14784908184989737,19.084213899027898
5,-0.01600333167948744,-0.07211028978106378,-0.20999998555506075,-0.5525683663791291,-0.2800233151220557,-0.7850191994245455,11.725383377750417
5,0.00930859015524038,-0.019614872406094833,-0.20999998333270264,-0.3234430497384772,-0.5502320303142224,-0.7698242048624877,7.432377824330162
5,0.009585515777385346,0.006168674612605805,-0.2099999849926027,-0.5999079434205866,0.4018622540922093,-0.6918216447588288,6.644167163025318
5,0.02613419321991166,-0.020537600936880722,-0.003000001823458019,-0.0569882869629261,-0.5359949103267806,0.8422955486364734,6.060841187314779
5,0.030185902565682068,-0.020898813032295807,-0.0029556308437305875,0.7051097785242597,0.7047471105804195,-0.0784328397931602,12.5733588646832
5,0.0262811037577367,-0.020346537813316586,-0.003000000768693107,-0.6180802540787071,-0.5440838643339504,0.567405981718061,11.409356661150925
5,0.029803441313899046,-0.01908250501282882,-0.003000001494968975,-0.4725138363099861,-0.27023013352541086,0.838872069764191,2.822348852808731
5,0.03049029894457904,-0.019699689576515286,-0.003000000311472621,-0.7387672421445193,0.1472550878914016,0.6576768971343578,7.111933780446424
5,0.024767672619256574,-0.021370267310573635,-0.0030000009862668283,-0.12131416934246807,0.7019027926369441,0.7018656153461329,6.428869792444488
5,0.009211146652043818,-0.023183711417389275,-0.209999985507219,0.41252611629307423,-0.599030821719883,-0.6862829431114799,7.729196281384905
5,0.027872050204418353,-0.0200626801867013,-0.0030000005276401755,-0.27146500429302445,-0.07578522787483574,0.9594599265629323,0.9287501716740854
5,0.025450983647340095,-0.020186479559133462,-0.0030000020887454397,0.1324900279924228,0.176430979045993,0.9753555772719195,1.9793174819974864
5,-0.005987274916498923,-0.015146803948572613,-0.20999998362733963,0.16496535162517362,-0.46627985081931583,-0.8691199764607296,5.88408338381309
5,0.02833149313847595,-0.020246570896123858,-0.0030000025700223877,0.31656066162521396,0.05061694501080824,0.9472208150105127,5.528259544590329
5,0.02663266424500329,-0.020489675497506875,-0.0029989863510615205,-0.6113007985921031,0.614315305432172,0.4989268875821733,8.8205172664793
5,-0.009805107991223826,0.005650827923007086,-0.20999998281177967,0.042265895011163256,0.3547750240137526,-0.9339958653307556,7.118082672337265
5,0.05582775519471751,-0.05219713060161278,-0.20999998545359927,-0.04207410258812161,-0.8875591886651089,-0.4587684127177215,7.85546850587888
5,0.026147769418466686,-0.02070340321453229,-0.0029122147532344373,0.3429488374123031,0.5770317851218488,0.7412289888264236,14.60727814988335
5,0.027361180128753805,-0.017838382739299635,-0.003000001261347752,-0.5817967212063976,-0.536737719255671,0.6110852607629362,3.296155712077898
5,0.031926808384383894,-0.020969146301574988,-0.0030000001778607123,0.13575133038423093,-0.800081974259969,0.5843290261172911,6.090236240093892
5,-0.010510874230291532,-0.007088636067236372,-0.2099999855917983,0.03100002831169777,0.10515986932292797,-0.9939720318644074,8.024086906058864
6,-0.02788240676884346,-0.05274390170187709,-0.003000000007463609,-0.6597277558600547,0.0854222958187893,0.746633993014585,7.226384808256706
6,-0.032187935063164294,-0.04832043737138064,-0.0030000002056198446,0.024230781458731823,-0.9686300652128232,0.24732299932618582,7.499841137174696
6,-0.029833917890694804,-0.05143394993131459,-0.0024055542777243056,-0.8526626965717441,-0.5134097338719185,-0.09683372883746488,5.970797635050362
6,-0.042179795826211626,-0.016450995233406186,-0.20999998580138243,0.22021142272397032,0.06027961108409413,-0.9735878480083014,8.821150729787094
6,-0.028778224824974337,-0.052678924010874956,-0.003000000105317262,0.13375439421241866,-0.7838279064961472,0.6064021561857575,11.124886185039237
6,-0.02838485974993718,-0.053491317767212124,-0.003000000795979977,-0.4621189531841989,-0.4132263225678428,0.7846592122985603,11.55530461674923
6,-0.02855885798757516,-0.052774997903488705,-0.003000001130723491,0.0626954819618435,0.3693463030750379,0.9271745169850034,3.837705945670301
6,-0.027779683528772206,-0.045857936295786536,0.0003717065829335712,-0.23160477972707474,0.9727781109062492,0.007872289961822376,6.048107606118679
6,-0.031244589474342506,-0.04733175312326996,-0.0023688917538312974,-0.973418455818581,0.08980208766073197,-0.21069431630574098,2.8203936302261616
6,-0.023723281230015377,-0.04872012973110049,-0.0030000001774206095,0.08577934850629731,-0.2687380497308291,0.9593861391518567,7.827081566360533
6,-0.032236785919618344,-0.04319021002545183,-0.0030000000999961533,0.24143502485073462,0.17975952747173343,0.953622378648102,3.1482942137112264
6,-0.054403137855979264,-0.08111573046780768,-0.20999998553949825,-0.4747672198607571,0.08889791953233307,-0.8756102139927961,6.714333999775841
6,-0.033773699092194166,-0.04511948292549726,-0.003000000052465956,-0.9566703952562455,0.015949436778608685,0.2907359116220488,7.914652859065475
6,-0.011803938222682548,-0.04668722011512344,-0.20999998582181123,-0.7911254505430662,-0.5206856857321738,-0.32094693981505146,10.737183382669983
6,-0.024752904474700726,-0.04233100246674729,-0.003000001182377362,-0.7769605204895066,0.030273471365564707,0.6288210131127566,2.3909872364705804
6,-0.012877179031105733,-0.11254443488153319,-0.20999998567151965,0.4660957717666394,-0.867554117043289,-0.1735067305394814,5.453436900782609
6,-0.04398990283015782,-0.051505849020957936,-0.20999998587436997,0.7596783483583976,-0.14480332247040129,-0.6339722429546817,7.610346408478115
6,-0.02922963929286122,-0.05215087695943528,-0.0025000025089370738,0.02442975758944539,0.44320336713427616,0.8960881442720693,7.5702706968070075
6,-0.02925825996179373,-0.05229435790173502,-0.00280200233260981,-0.4521710389133475,-0.71308618104532,0.5357699599363751,22.249064876486557
6,-0.06387137446393458,-0.02145969534497441,-0.20999998571519507,-0.05643290675050484,0.09994317169512199,-0.9933915086546733,6.238637637624998
6,-0.028209046784466868,-0.05351076166200003,-0.0030000009033437965,0.5100553264898959,-0.4049834350875594,0.7588359382791291,8.20190025782758
6,-0.028868318562880302,-0.04603296907146871,0.0002821988560498243,-0.06965526116958183,0.3814921973704563,-0.9217439166801469,11.27579176348718
6,-0.031490647199817985,-0.04654412639188133,-0.002780703615274205,-0.8936223937381246,0.18944434906223837,-0.406878183266354,13.679285635704142
6,-0.009825847616759507,-0.0907107651225326,-0.20999998565093603,0.3207893901706943,0.07464942050846296,-0.9442042317060778,5.196409377796833
6,-0.02931256569766575,-0.04596193886338391,-0.0008871780805115978,0.1854527160478991,0.5539475243689336,-0.811633803113194,6.471773096028539
6,-0.0319296791978309,-0.04775069719191476,-0.002915749174955227,-0.9819364060527441,-0.09806972878971279,-0.16181230720601095,15.528707717265066
6,-0.028378866170248776,-0.044515406902256756,-0.00298299519646547,0.20933564083844414,0.5563759120655369,0.8041296126545772,14.102182616798741
6,-0.029460661678012787,-0.04477365336914933,-0.0029270669980189655,-0.6802310679716005,0.7137319178653172,-0.16695042254068226,12.014370495006613
6,-0.0480222898904729,-0.04499024878005068,-0.20999998551223048,-0.6050784279921293,-0.2746795774833951,-0.7472825608109139,8.213559292185138
6,-0.03233588116382864,-0.04654547402671312,-0.0030000018991023303,0.15496071353590998,-0.15114019796088457,0.9762908469410059,12.846394832290605
6,-0.029849003532650516,-0.04425735694769144,-0.0030000022804782165,0.6073527821271442,-0.4055254785256667,0.6831337235922021,9.522686814182823
6,-0.047230193578746346,-0.01005901488767275,-0.20999998429187408,0.509496666513866,0.06917142359306312,-0.8576878575387247,8.20278005838314
6,-0.02256149842525082,-0.052305776564864924,-0.003000000052366115,-0.4305127060520955,-0.4330217787957122,0.7919286262134353,2.4891263064280764
6,-0.027277066163444275,-0.05429485057260175,-0.003000000015161837,-0.5415792345706524,0.5920983916636525,0.5967507245669521,2.7893521689139478
6,-0.024082321359985774,-0.047354163392247794,-0.003000000023233037,0.3526038092685899,-0.6284468344548604,0.6933434430013347,16.88108066346717
6,0.0014720886804873027,-0.08231287968297094,-0.20999998591200972,-0.5177583991427868,-0.2894330908883298,-0.8050805711330553,6.646958327623894
6,-0.025777511852448334,0.0034744611162163376,-0.20999998587720686,-0.31771113962791436,0.030050720612667576,-0.9477112355285187,8.743718586376739
6,-0.024558728563677374,-0.04558500663438813,-0.0030000013427417356,-0.3878074145768134,0.25817292992176527,0.8848458325916773,5.4874571269225205
6,-0.0291136486225888,-0.04465008733486047,-0.0030000005959984243,-0.29087692495585826,0.08729870473159027,0.9527694110751093,4.202393987729783
6,-0.02289572171098032,-0.04598416063356348,-0.0030000015775531984,-0.3275245335557304,0.16722467945124414,0.9299266565173459,4.617509182191801
6,-0.028711529276246702,-0.04456121969209313,-0.002955844672323984,-0.0654631865575181,0.7184188341651908,0.6925236096498543,18.902847364586112
6,0.004981711390016011,-0.0391108102197934,-0.2099999848074691,0.5919714537285591,-0.06015248886866014,-0.8037110650310859,8.556785968414447
6,0.00957984908043627,-0.021134924626009174,-0.20999998555018567,-0.42470464335870894,0.13174005447830583,-0.895695553162795,6.538289407814045
6,-0.04240182133968602,-0.022315664571476112,-0.20999998498018307,-0.4365557925478456,-0.41179702536027524,-0.7999014001096333,6.514760883769676
6,-0.0008033586456644515,-0.06138550242804164,-0.20999998404084974,0.6243101403777284,-0.15745886728335018,-0.7651428322446636,6.297677811430826
6,-0.03132305463717904,-0.046270929681950075,-0.0027853680754331696,-0.9852900630445713,0.037814564714996696,0.16665398393389808,6.400112854693193
6,-0.031181681776423095,-0.04361657331305041,-0.003000000654295408,0.41080385374037365,-0.6626820322204522,0.6261730734583125,3.8313132813016146
6,-0.03168394286942445,-0.04393425994150183,-0.003000001085667816,0.561481709800145,0.09725875177810311,0.8217536277756681,6.571962059176146
6,-0.03203638984706239,-0.04521537733909424,-0.0030000016095641175,0.6333711810646993,-0.031160616438592335,0.7732205138121175,9.297036963748269
6,-0.031822897295207264,-0.04644488568710413,-0.003000000673707657,0.6381323339253833,-0.2681961470440276,0.7217048919812593,10.293106330892927
6,-0.017708641413337396,-0.041738746153525894,-0.20999998533746017,0.29232076021484554,-0.3136584525528965,-0.9034195859563466,9.283460071784548
6,0.003158061819048104,-0.04484449441086444,-0.20999998598003683,-0.9614504777722761,-0.17281588680853616,-0.2138869983380048,7.1720750842273056
6,-0.031731483216187045,-0.051607885506002586,-0.20999998588068275,0.16829488427264472,0.558321119938904,-0.8123757498582934,4.527289707428333
6,-0.010929413602168437,-0.03391331145725104,-0.2099999832240382,0.011737577436243193,0.5378537407825386,-0.842956453680828,8.259223515291458
6,-0.0735841886648889,-0.08404772263670297,-0.20999998573365253,0.7715921973559432,-0.08548980241012982,-0.6303467098853647,6.3157088604442455
6,-0.030271942406199133,-0.029453076869597347,-0.20999998564288913,0.10847530221625129,-0.32020594915529094,-0.9411170272259725,8.179758344037467
6,-0.02576592826485069,-0.05300640686218695,-0.003000000078125031,-0.8632019485979264,0.17404996179066384,0.47390822607062977,5.54264747060095
6,-0.028507028002903,-0.06794675055308799,-0.2099999854383384,0.18450458694097804,-0.2198243345939425,-0.9579328365381727,9.584867524081835
6,-0.004202207356877076,-0.07697034194758523,-0.20999998557720556,-0.02709151654320817,0.3768698026222765,-0.9258699701377271,7.532036127517049
6,-0.03045620924556656,-0.05178136442857387,-0.0030000009384419145,0.16903702510229646,-0.4165325713972202,0.8932676536793356,4.275574279699126
6,-0.02939916637428079,-0.052727765915551915,-0.003000000859882703,-0.3738998726149811,-0.35513506768574765,0.8567835018009743,6.799657116576333
6,-0.0287507716465372,-0.05184097282806135,-0.0023171706804699993,-0.002214835102672485,-0.6609396925485802,-0.7504357516265178,8.656320872116524
6,-0.029236084161450057,-0.05230163665422344,-0.002639294882975547,-0.3086982123724847,-0.8553279139939783,0.4160764031049371,24.639294949103174
6,-0.0291318404644358,-0.052333942562734354,-0.0027455825988129167,-0.5382336612921271,-0.815751225887916,-0.2117887232938369,29.63656601342319
6,-0.032205328976421574,-0.0002722857302939457,-0.20999998573517542,-0.41268037937067026,0.8693747402619707,-0.2718132915751375,6.615032734576447
6,-0.030388738072344997,-0.05225694476387986,-0.003000000669346952,-0.18116715063103736,-0.7805980855344881,0.598201548303014,5.246759299621749
6,-0.03281132827242881,-0.05267268277107198,-0.0030000022379295683,-0.6208019660162705,0.18050712756810727,0.7629037264867988,5.226512799325643
6,-0.023885849767661074,-0.05792869861419491,-0.20999998561836983,0.21603622527901567,0.38467111258408015,-0.8974165613083593,9.035634580949575
6,-0.02919809562447223,-0.05351933718062097,-0.0030000026894350653,0.42675766615388927,-0.004221933561870571,0.9043561630551785,7.569126596872052
6,-0.05060188695894544,-0.04875284975508843,-0.20999998408944032,0.0862484005652133,0.8645917227422639,-0.49501754147252847,6.681156532646758
6,-0.03756058237171356,-0.04386338375487184,-0.2099999859255996,0.17600048256184403,-0.5141804825377465,-0.8394297239884037,5.910360934088503
6,-0.030778115271980086,-0.04528975677972701,-0.0030000007380581277,-0.739010483543453,0.10841805594386113,0.6649127990633248,6.689910567366572
6,-0.05069800867185745,-0.06313707821181695,-0.20999998554225213,0.5065965678533761,-0.035436139576657234,-0.861454698432299,7.340104068957477
6,-0.030306684726204458,-0.04522952752641314,-0.002626836836302273,-0.8868873151702883,0.4619858017075656,-9.597216050943966e-05,13.699797843113258
6,-0.03034202895643698,-0.044718785866187695,-0.0030000000252885825,0.7390832146292107,-0.13988189003222512,0.6589302381089857,2.193647456849658
6,-0.03423871260058694,-0.04575210589500499,-0.0030000005005025926,0.7733067677532072,0.4731190529920485,0.4220841203397657,2.4795243295955407
6,-0.02937580868764617,-0.0475910700427271,-0.20999998566012557,0.6270479674814121,0.39425176292661546,-0.6718455134230533,7.776409939042177
6,-0.031599365691744104,-0.04675257238976776,-0.0029811530092386128,-0.8566715164276975,-0.499781890563483,0.12779661500313677,6.864798186323469
6,-0.030968779003146988,-0.04671185034152349,-0.002410775621313147,-0.9335718856602078,0.1560951150383491,-0.3226109876709222,4.32936272530245
6,-0.03202756839847562,-0.04750053614993026,-0.0030000008789055317,-0.025031739578193424,0.5225367658161538,0.8522492243376251,35.27737352545562
6,-0.03149702239267092,-0.047070054971164926,-0.00250000134332668,-0.41394166242923436,0.7693045522623204,0.4866444348534072,5.409453390417216
6,-0.015334969278480715,-0.06041983892817318,-0.20999998594160307,0.149466429340043,0.48835329208567585,-0.8597504571731382,5.759179756597557
6,-0.03232312093026517,-0.04815081488191304,-0.003000000697117114,-0.074343887350618,-0.6718503648209785,0.7369464523990311,9.113539437597954
6,-0.029354320785719396,-0.044733679201106845,-0.002791845224782221,-0.710749102088825,0.33314298193474917,0.6195574771298884,7.7850368385280015
6,-0.0745951898195096,-0.03978662192039581,-0.20999998589699276,0.7473441739059902,-0.25264988113316916,-0.614528049231415,7.4558040849897065
6,-0.06601370151555633,-0.010566280947020624,-0.20999998584075383,-0.7707616768226749,-0.39783680432836027,-0.4976467770048315,7.213971886943413
6,-0.02782235203675355,-0.04354809777176774,-0.00300000084362799,0.4534220749880041,-0.34143489159006934,0.8233047046619194,8.024370971403322
6,-0.029129783128099156,-0.044660295841221664,-0.0029184135031303186,-0.748957382024667,0.6385579482475146,0.17693667409748978,19.216591358838542
6,-0.029202392827910328,-0.040512893768088504,-0.0030000005736264884,-0.7607419162368072,0.5023629619239898,0.4109783344256801,0.6478715539884043
6,-0.031168170711793015,-0.0439933299441545,-0.0030000004318080256,0.40102456788534757,-0.637822949652732,0.6575417711816175,3.1742444882042604
6,-0.033624713070765144,-0.08772383100697963,-0.20999998478211596,0.9165129585589892,0.06680470076699861,-0.3943870291336677,7.131716162181567
6,-0.030316929679253465,-0.04598588944707865,-0.0022928105921029398,-0.022291348266068427,0.931089528128842,-0.36410903092520397,7.297093598026838
6,-0.018190555893961662,-0.054721226784499415,-0.209999985240247,-0.49572599788338,-0.8219256156309495,-0.28052453973264413,6.120257415650074
6,-0.030115783101003588,-0.04444331522101114,-0.0030000003920606496,-0.19592321434492482,0.696220449797789,0.6905730803934633,6.504534047568862
6,-0.030355688302097665,-0.045264672126479416,-0.0027986081100026972,-0.10119214163608457,0.8940258790828265,-0.4364377137705704,11.451665140839037
6,-0.02995714282198545,-0.043906981337333534,-0.0030000002622697216,0.36112103285546493,-0.2805093896579762,0.8893290065791808,10.440185109905611
6,-0.00982099998568577,-0.051339111434896924,-0.2099999855463831,-0.535158376981774,0.7200252010494745,-0.44177960727029625,10.985073311673148
6,-0.031441345351899526,-0.015895730017332542,-0.20999998575592305,-0.5713948394587458,-0.37543736897115787,-0.7297634681319207,9.099159217249351
6,-0.010594976335919026,-0.030445579717530785,-0.20999998578646295,-0.09576041301495396,0.9471814588458413,-0.3060673574850308,9.257485264472383
6,-0.024031449366805215,-0.04799683307059871,-0.0027651797034760842,0.952143786495794,0.2545680534755061,-0.16916653329528317,12.800308543800746
6,-0.021578552261006866,-0.03907392073415327,-0.018873579817780674,0.9403978658315735,0.21451095364492176,-0.26388805335931365,10.574818949076816
6,-0.025483911310887564,-0.027652661007711285,-0.20999998575836856,0.7013198196901129,-0.15040902031612727,-0.6967981322573777,6.338289461951089
6,-0.021244717677523645,-0.05246188943555491,-0.003000000958062225,-0.46547423276083644,-0.2119809088116962,0.859300781411886,3.269194297073949
6,-0.022699307867332263,-0.05143288231246257,-0.003000000062333006,0.661891522183109,0.6631875316756879,0.3494022190714234,2.3210799283651427
6,-0.058641748319490095,-0.05078487464457153,-0.20999998587385926,-0.7173250004191157,-0.2636464137312684,-0.644930548431656,5.9758933383913675
6,-0.02931645666168843,-0.04201620068579355,-0.0030000008083719814,0.5369936005440644,0.47662464700956614,0.69603650682829,4.48731836135744
6,-0.0292457108364707,-0.045211558064207,-0.0025000021686294996,-0.25052224046776006,-0.027768879075467767,0.9677125070938711,6.1411826273405605
6,-0.02700469295514514,-0.043377504211804786,-0.003000001559802722,0.49044524232696973,-0.586030423884436,0.6450052763820374,4.9122694391021815
6,-0.03259478363302963,-0.02410335196021652,-0.20999998578947013,0.8347480248168091,0.5236929623467155,-0.17012176889792124,7.491044466127623
6,-0.025343227630244738,-0.05940285049680835,-0.2099999855791112,-0.609890732597368,0.7191567273802404,-0.33293677441158176,9.550362819339474
6,-0.031168489762142086,-0.0016602585191654235,-0.2099999857180752,0.2934365007838242,0.75932243093169,-0.5807964065761199,6.785768319231996
6,-0.028721243994348847,-0.044731209591207646,-0.0025000017126417754,-0.530439433845094,0.3002398519747049,0.7927736362343939,10.675165442526197
6,-0.028040606270808316,-0.04421070442284157,-0.0030000001718997645,0.8913936680246407,0.29152981322159366,0.3470269393124399,11.272704358274748
6,-0.029099650314445443,-0.04539188850324939,-0.0019862821730357726,-0.8145061425039626,0.4677002067285947,0.3432728658798194,13.324244525002186
6,-0.061772325751620394,-0.051450359875735235,-0.20999998264123787,-0.45269455911284057,-0.07506868207003849,-0.8885000445255464,7.241973196294324
6,-0.029081034754201318,-0.04464627936543446,-0.0029446704493224906,0.049417639276956526,0.37651178274507396,0.925092846357823,7.959951087982029
6,-0.02428984848406993,-0.041896830891622217,-0.0030000000404349263,0.3311889228655529,-0.8327172187565415,0.4437295696226757,3.5737138957864762
6,-0.02866665658113468,-0.04455337619673504,-0.0025786932185822083,-0.17695916949705953,0.9794764334130341,-0.09649543367120067,17.33829826022835
6,-0.0326283788293526,-0.045962202041204506,-0.0030000018559534518,0.4535458405631767,0.3665396264945102,0.812369911257862,2.310937026346544
6,-0.05317695533194064,-0.026277594124280757,-0.20999998558521465,-0.4931415759932432,-0.05204853925057343,-0.8683906583956218,6.456124751696485
6,-0.02908622436897822,-0.052711745393765205,-0.0030000003978691257,-0.10513010828581465,-0.6264150780701568,0.7723676652334509,3.0785409657906992
6,-0.03206814790824946,-0.04679732064864655,-0.0030000001880437777,-0.7825371577131263,-0.15659260049638674,0.6025897064073041,6.422971222520544
6,-0.031281992610469156,-0.04621082823241536,-0.002743608079263332,-0.7159534114391126,0.6002429352859135,-0.3565376996729059,10.360815996063334
6,-0.03132183561674615,-0.046269110748674236,-0.002779102196824665,-0.9434469787291693,0.32261450632921257,-0.0763392339021098,6.9051735210346905
6,-0.02900166173809611,-0.04119014186095557,-0.0030000017555405515,0.49714911562689,-0.31858614730317497,0.8070598636891322,3.2950252686015005
6,-0.03216434708159727,-0.048429804567049914,-0.0030000001085393403,-0.7652048034055029,0.21169209553521545,0.6079868958563621,3.1404448742440856
6,0.00910538659847806,-0.024321142884640042,-0.10828627948846607,-0.8655872121411177,0.5005589198984468,0.014126071211343988,8.075590087756511
6,-0.05535743730986344,-0.06882700389578668,-0.20999998585746152,0.4074030712795451,-0.6359817799833604,-0.6554005744895184,7.718507102068414
6,-0.004021441223254115,-0.04163696218904511,-0.20999998535793332,0.04738659630613688,-0.007579145627571922,-0.9988478698190608,6.009729982575125
6,-0.03516207156528439,-0.04309469628364897,-0.20999998320352692,0.616274708262466,-0.1333202236894019,-0.7761644168031797,10.898595072270293
6,-0.04634213988167629,-0.059886776658545124,-0.20999998587765256,0.7564835774064846,0.48273467550064236,-0.4412480370308485,6.116036750993449
6,-0.019501747245916433,-0.030837380996078995,-0.20999998481055687,-0.4002030785185047,0.42668676198170696,-0.8110338483034341,9.76827560094021
6,0.008956818461247249,-0.04537263091317722,-0.17470398644186197,-0.9018812348836746,0.13220728871044754,-0.41125596770932127,9.172306980726463
6,-0.0525827907158517,-0.04350959451968707,-0.209999984685643,0.04610178615598429,-0.7301295009875822,-0.6817518148863647,6.815696413826883
6,-0.0071829624162225506,-0.08972386228316376,-0.20999998571352346,-0.40101945566728153,0.297709173611414,-0.8663444142625526,7.438802638317688
6,-0.03142179163695588,-0.055718650576872045,-0.0030000013174338886,0.3974434761776556,0.3545242297312558,0.8463753622225076,1.3226346438749077
6,-0.029194346944450566,-0.05231494670944258,-0.002890484833201256,-0.4876297090867055,-0.8723156823957637,0.03581364352349829,8.388092053377386
6,-0.07305749547584493,-0.07143906501415082,-0.20999998590791003,0.09195102541580652,-0.9754800442414017,-0.19995922637321603,9.374090880213702
6,-0.029735089576984817,-0.05221778949503572,-0.0030000002395526317,0.21539295973251701,-0.4946692699832561,0.8419668557799047,5.582162949465488
6,-0.02902802131117692,-0.052363053341893374,-0.0026855548999612025,-0.805720003526006,-0.5340237272525332,0.25619120720540906,17.467902085115334
6,-0.028412022689636624,-0.052476143978289744,-0.0029733404514100193,-0.49447971657875306,-0.6283451148183928,-0.6005599275476653,15.428346547349356
6,-0.02892385896319164,-0.05238926883070058,-0.0029387158558747957,-0.168604073069601,-0.9675384272863146,0.1882606126322379,9.155622070995953
6,-0.028639144243963896,-0.051859770342545776,-0.002306416126163007,0.30558821083544,-0.946403097018357,0.10458022448081247,7.819942391681425
6,-0.047916961663871036,-0.04540423736489316,-0.20999998548903256,0.25425241548680244,0.0069882034405072185,-0.9671126481603889,9.731890096799887
6,-0.027820869351102843,-0.0450801572726677,-0.0023049069588545424,-0.01564113401169831,0.3977215778838068,0.9173728257434068,4.134068736357468
6,-0.026795368302519714,-0.04468312914500094,-0.0028691523247552173,0.5809266767790988,0.8139533541026169,0.0020331137429789835,12.721329286513118
6,-0.026771896275156117,-0.04465490156540858,-0.0030000032071743786,-0.31793102535398143,-0.11734854693897293,0.9408236719219375,8.530732153681594
6,-0.034953659869308866,-0.0470515946428897,-0.003000000155633022,-0.7879228436879334,0.22959327949600414,0.5713707363918719,3.827485067522431
6,-0.034016477721658424,-0.05703373484877705,-0.2099999854551478,-0.863780955868003,-0.24665690315502603,-0.43936639881280337,7.4053912107944475
6,-0.03168291581165626,-0.0462396049102586,-0.0030000000444711204,0.6181904450135937,-0.07068887015038375,0.782843315952022,4.5457444993404375
6,-0.011590717286782735,-0.044864300549874725,-0.2099999855875994,0.013999826107498064,-0.8702322157277241,-0.4924427840659009,8.601090159145862
6,-0.031185790908140453,-0.045921639103426976,-0.0030000035686869753,-0.47733083261261344,-0.07921598365814407,0.8751457616708328,11.09283255643385
6,-0.039982074307018056,-0.025771581524470982,-0.20999998598930908,0.9021504297384776,0.24687129165045624,-0.35380668094528067,4.656584527251009
6,-0.03170932136321253,-0.05039953989503433,-0.003000000161176964,-0.6141819499102911,-0.6504223745677231,0.44691304195120285,3.6660831312755198
6,-0.0064038250906288076,-0.04460990108160304,-0.2099999859551379,0.21726642609112615,0.3265775372293994,-0.9198599960161163,10.49830156416621
6,-0.040787712605309306,-0.04932980547457763,-0.20999998594364766,-0.6286372451151666,-0.349293560665433,-0.6948447470706511,7.37275285406202
6,-0.03135951801417599,-0.0456977116282,-0.0030000001071351637,0.1611442905036732,0.31374628737125054,0.9357327528727551,5.968146421459994
6,-0.0312258235544893,-0.04613225061518905,-0.002876302028439935,-0.30284998573400734,0.9529990055838209,-0.00864762956887252,13.476906361803051
6,-0.028399214362760487,-0.043387442864743796,-0.003000000468949197,0.6922422807237324,-0.6855519401039933,0.2254310586366833,8.482124368592967
6,-0.029136881832736515,-0.04411409865572082,-0.0030000000050846836,0.5783295358042992,-0.5313096223276227,0.6190678745004157,8.726746014572145
6,-0.06597857081919527,-0.06079276889398326,-0.20999998420107024,-0.38109056539802616,-0.21148767816682867,-0.9000238568772589,7.577701218200143
6,-0.03201702345004957,-0.04853261515997241,-0.003000000538849333,0.6445999053292152,-0.583258347527018,0.4942678040188531,11.823450444491874
6,-0.04766311772221861,-0.03748535052691963,-0.2099999847628603,0.542631653533897,-0.20043772725895803,-0.8157055878650901,4.659474830637221
6,-0.032600662307017816,-0.04781475413376716,-0.0030000000102772873,0.30965133104237064,-0.9018940746846247,0.3011696054260005,3.809058081231631
6,-0.0275794194860468,-0.04238770368064905,-0.0030000010700541166,-0.5361338255866276,-0.7417873852850195,0.40287962978272,4.568659691366981
6,-0.027761805950577215,-0.028841975375979365,-0.20999998460175828,-0.027033861314923142,0.4670746361879634,-0.883804534143318,6.072512290577951
6,-0.027055175110499003,-0.04865662169007333,-0.20999998330967296,0.1766115150020123,-0.4980441383507245,-0.8489760944945257,5.688071665878769
6,-0.03164627349714581,-0.04668891843551014,-0.003000000009063369,-0.5245768572602268,0.3267240712961885,0.786174600240065,6.146682772717405
6,-0.005354149847049598,-0.036229440786952755,-0.20999998555663313,-0.4272657905120781,0.6734405551335333,-0.6032592833595909,5.7573732650557385
6,-0.031029191978454104,-0.0467823240967452,-0.0024524870915941964,-0.6833103594104327,0.5419910337427971,-0.48921638572803294,8.116504810821873
6,-0.03256881390109351,-0.04761840165389232,-0.0030000009370988274,0.6370988543128283,0.13543215103416514,0.7587906050416946,4.519178213448951
6,-0.029271183491688516,-0.044704795162642225,-0.00267632517060082,-0.7342827869273992,0.406660957490418,0.5435583266541948,15.6806715424593
6,-0.02345890772038079,-0.04792257120139455,-0.2099999843883269,0.28534425460753704,0.31619804827802406,-0.9047637540417043,9.708075084801724
6,-0.03148920702116605,-0.04629700176003701,-0.0030000027295156123,0.013442171323365178,0.325073032115017,0.9455933755170151,16.794155708491004
6,-0.030081934616124684,-0.045081937056443824,-0.0027032597542197842,-0.46880650614817077,0.883201586896474,-0.013244496845701614,9.330328197924775
6,-0.025191341829813974,-0.06732762400797099,-0.20999998537308573,-0.7112860693332067,-0.6296780155503576,-0.3123743336208659,6.809262742783435
6,-0.03132688807025523,-0.045675302891073424,-0.003000000458309395,0.06163228240069353,0.677577525854632,0.7328643518570108,4.261002170662501
6,-0.021331276626226428,-0.0524243440762599,-0.20999998535927777,0.3554428381812187,0.01558228578400508,-0.9345681254758403,8.722046381090719
6,0.00030667550432286923,-0.03527878831013508,-0.20999998593054775,-0.5491624410295428,0.22246142035128194,-0.8055628652177086,7.0029127837747
6,-0.027979710140707194,-0.04449135999356452,-0.0030000001620378897,-0.8625692552235024,0.04756581285769377,0.5036980974654955,17.009910471636754
6,-0.03012828704976914,-0.04511062736145115,-0.002993860402024909,-0.38956153317340353,0.8061369620541095,0.44540432225311766,15.136911788737931
6,-0.03119882571958281,-0.046095863539739726,-0.0027528279840551223,-0.7772317485847342,0.5736841009185625,0.25845185498497975,17.974515195475906
6,-0.028599840941040303,-0.04454266313207277,-0.0027992121859735505,0.34009572872096766,0.9160757989516086,0.21246182217265758,17.810340501905287
6,-0.02951821420477352,-0.04542265979587893,-0.0023227108907403907,-0.600059220039731,0.7913466911635185,-0.11704420886938327,3.937364946072436
6,-0.023934310742758022,-0.04328648189353167,-0.0030000007868519587,0.7022023879006732,0.4416081057074059,0.5584747867183523,2.9553733833065445
6,-0.03735902696358841,-0.03137540537343246,-0.20487931378008267,-0.5851037302156438,-0.041952378996869794,0.8098725966374232,10.363466876544893
6,0.010395257660858248,-0.05052359766521648,-0.20999998445532733,-0.18581999632240048,-0.10805044085138625,-0.9766248159854245,6.100229159619126
6,-0.03150518342815029,-0.0762418825043813,-0.20999998583262564,0.37072038426800036,-0.33394975707078367,-0.8666279227214817,6.519762765282629
6,-0.01954265497855759,-0.05996736076121077,-0.20999998499550815,-0.6118962825833574,0.5237800195822028,-0.5926528751698883,5.825505204440868
6,-0.0003988643954711607,-0.03060660276650402,-0.20999998462293035,-0.572618318916855,-0.02387715184775271,-0.8194743086030667,8.339164130664077
6,-0.02391605767975568,-0.051980322348474564,-0.003000001135326512,-0.054454264595732486,-0.7815644258832973,0.6214433049450688,3.6687498081277146
6,-0.033441579788251866,-0.042305810438565725,-0.2099999837306578,0.1503463248109331,-0.15008421539294647,-0.9771748619902833,5.835344586034014
6,-0.023437330027003545,-0.04725975699714345,-0.003000000302607785,-0.3466853354551827,0.30363386350083643,0.8874771856875435,4.652940359415948
6,-0.027757173138101082,-0.04056157911888289,-0.00300000034898039,0.6000548357657841,-0.22870451509551115,0.7665692655259698,2.9036679845188695
6,-0.026435585845342963,-0.04481603729016232,-0.002861911718995791,0.16839803095177508,0.9054079778955599,0.3897159179898077,10.683099584461612
6,-0.027129866403738375,-0.04459321140846964,-0.002875535849160379,0.26273349975598476,0.8541350613814328,-0.4488033032687127,30.594885541844334
6,-0.0285448449697566,-0.04450082661830046,-0.003000001729491522,0.5847331815270074,-0.10766028255845424,0.8040499797778357,17.00771462155801
6,-0.02869529552532331,-0.044558320114094885,-0.0029033639915969894,0.7523286870952616,0.6292942274361563,0.1949110614845945,9.858498884492302
6,-0.028817896644950318,-0.044581935398262884,-0.0028017346686270814,-0.8393305235911258,0.4822986615625646,-0.25082319115904145,7.789807513160404
6,-0.07405346125100341,-0.022145028834056484,-0.2099999850020557,-0.025660850033133283,0.08298211176656618,-0.9962206030304424,5.433706021218133
6,-0.03187359466038845,-0.04697321623854961,-0.003000000569880705,0.26998397478881153,-0.8800154066598914,0.3907448494842384,4.234345837792695
6,-0.029088861415331766,-0.04246423158011507,-0.003000002423624296,-0.18550561857167805,0.01312900153404693,0.9825554919682951,3.634818832705151
6,-0.009962536792268186,-0.04209274038116308,-0.20999998350880222,0.6447764030017857,0.4323237860715892,-0.6303646041211437,7.713009884105613
6,-0.027025091368436005,-0.04444299214061636,-0.003000000525195297,0.42810106452160757,0.16495927695231777,0.8885482066285626,7.627355246230259
6,-0.04655643866121707,-0.04091744957359014,-0.20999998581028168,0.3963408439239166,0.5166909265883808,-0.7589100222153596,10.095490237197014
6,-0.028866531749874646,-0.044189150543293795,-0.0030000008161294263,-0.23725047033005006,-0.22131637784086577,0.9459023603034138,3.661695235857308
6,-0.04064550896280522,-0.0356695376064384,-0.03839866892771143,-0.07063067394109351,0.9842527469184966,-0.16204270450106933,7.997013890953126
6,-0.045080778916299344,-0.04100450848273936,-0.2099999840451254,0.029744107934910655,-0.12159512738689573,-0.9921340196963924,5.909580022807864
6,-0.03371494889310132,-0.010109647302479086,-0.2099999857939726,0.37440831205874175,-0.7833456033634523,-0.49617343898325805,7.400111849860966
6,-0.011530162709777005,-0.030052456342669884,-0.11067017430213097,0.9213654023609709,-0.00021515430649552553,0.3886975032603514,11.277364691039967
6,-0.029027997684562795,-0.052582530865555505,-0.003000001112506966,0.19929488583847424,0.7606664499460778,0.6177929268007694,2.836407292349658
6,-0.03188177480398339,-0.04706885890455084,-0.0030000004842622744,-0.21459979610104976,0.29565763082844154,0.9308778076881522,9.0628086593431
6,-0.030613939254362434,-0.044950444900936054,-0.0030000017114177905,-0.48778556766347303,-0.2677099936354517,0.830901076715471,8.243759327960966
6,-0.03207853473074826,-0.04818526706343194,-0.0030000009308730705,0.5775088809490911,0.572443154416315,0.58205869754418,2.637496864617326
6,-0.08123142068450355,-0.06741616658037863,-0.20999998596864983,0.719506329529149,0.021999793643823252,-0.6941373429279835,7.534828898030578
6,-0.005927653419290871,-0.043090317891194954,-0.2099999855820247,-0.1041920311340711,-0.6075507675028076,-0.7874173515708847,8.821031807078763
6,-0.026347022578366394,-0.05333202792946082,-0.003000001470487095,-0.5478580956402851,-0.14648744854918835,0.823646122105209,10.753412017466534
6,-0.02870806545784274,-0.05243424973600986,-0.002836408651624999,-0.18120289662445893,-0.9834446977182327,0.0014271596965755584,21.251668795840033
6,-0.029350862712575032,-0.05229655177298935,-0.003000000372272723,-0.00809494055088744,0.1371765984240719,0.9905135298330249,15.361502259623592
6,-0.015322400359354955,-0.06742715151676683,-0.2099999847363181,0.3536377570661109,0.34466611705238337,-0.8695663313015765,4.895237311483379
6,-0.02918031430375874,-0.052319314129537046,-0.0028969429033892267,-0.07589603927245589,-0.9821461217633024,-0.17213014473954824,4.048132942047004
6,-0.055257866571516115,-0.04828052893119411,-0.20999998500839645,0.3788909984554951,0.5095215331944666,-0.7725473568012243,4.885068431881594
6,-0.028848434400475256,-0.05244945041598256,-0.0030000010176031997,0.2946191262716607,-0.5963189227462583,0.7467284063229852,16.660879321869082
6,-0.02971502905607855,-0.052111093101232436,-0.002669549149481291,0.14417640691882377,-0.8058709000961976,0.5742693236331905,9.998939588052489
6,-0.029841290020466274,-0.045880977618718455,-0.001748229393771997,-0.6386431725983541,0.13454515195928443,0.7576493253331396,2.8596829456175126
6,-0.029487733686536934,-0.04924800012595497,-0.20999998571133757,0.37275284756277494,-0.12807315854900195,-0.9190498249241578,8.12415910989581
6,-0.02657574288016369,-0.04475958093108123,-0.002872843868232182,0.6922352621831781,0.6980127262353255,-0.18327186309882704,10.886378977451525
6,0.010859209426611383,-0.03957083241886871,-0.2099999858662827,-0.8230917493384645,-0.42022001536310777,-0.382014542732571,5.82758852106698
6,-0.03181475741697636,-0.06364031004893417,-0.20999998413075244,0.1133069199692712,-0.020164140840557124,-0.9933553992963642,6.824743174627539
6,-0.027627700853963728,-0.04323887496601318,-0.003000000537657697,0.9432861808418314,-0.10666738967226708,0.31437755806249246,8.652115542369279
6,-0.02674912766672076,-0.044667569090944326,-0.003000000090732232,-0.4620131144207506,0.6348160340358441,0.6193161430434706,7.554542272741218
6,-0.02708138418589553,-0.04444181220721709,-0.003000000296490442,0.292985498190213,-0.5575765020781724,0.7767032523303234,3.6376877766658566
6,-0.026676132871355746,-0.04472286023562145,-0.0028813577443780533,0.07430596594153535,0.992944511784289,-0.0924111462051798,17.126858808078616
6,-0.02642487136800482,-0.04482061203202632,-0.002606967751924082,0.14301783939788731,0.9313854722355682,0.33476409562927706,24.644642627712628
6,-0.0265330421480936,-0.044776129632774664,-0.002827851339737631,0.964494778609029,0.05724921978663511,0.25782232034822367,13.773132344584027
6,-0.03860433444801389,-0.05508903937386695,-0.20999998327068392,0.349526371920754,0.10333898590979125,-0.931210163885173,5.928042968446626
6,-0.03197611839806444,-0.04806098257452338,-0.00268982359298237,-0.7942424220769817,0.5110363752626748,0.3286651763294616,16.890736078695554
6,-0.03100822154160296,-0.04221090033041519,-0.003000000139003708,0.203916302325086,-0.16618207491174392,0.9647806277201526,4.942210935585699
6,-0.03171540709772181,-0.046936273273230675,-0.003000000403858485,0.27526084577109017,0.3350689620551864,0.9010883738305826,15.168834007128485
6,-0.06555432647786258,-0.01843095020398816,-0.20999998473897777,0.7642304921107893,-0.07674611382643395,-0.6403606709820961,5.151391052909979
6,-0.031632105388210485,-0.0503619056760464,-0.0030000002134347404,-0.3306559942728675,-0.5657712752890086,0.7553604950679313,3.676789985002806
6,-0.024499577878364494,-0.04529370906364516,-0.0030000004628214618,0.20709634428825235,-0.11669046247074163,0.9713364196563443,2.632313600644215
6,-0.0390678342167821,-0.05730218042098251,-0.2099999843935471,-0.523992803233967,0.606898035568923,-0.5975837318582155,7.956302044128103
6,-0.030268517475133372,-0.044776294206175474,-0.003000000038814223,0.6520553602241698,-0.6948039853037479,0.303432412917535,7.488042310288912
6,-0.004961690014064306,-0.035111428466637444,-0.1399801293235426,0.8086740370407692,0.004164397218752558,-0.588242262687737,8.75976830358546
6,-0.030202873148110616,-0.045158660194026826,-0.002761674148648116,-0.5254797950192135,0.6882094395266647,0.5002386953974667,8.453044367417519
6,-0.010634401222853536,-0.07584225206011308,-0.20999998544602388,-0.7636752230586187,0.3635778453474114,-0.5334897412874053,7.741392071930882
6,-0.01700880056380706,-0.06998020517386988,-0.20999998479369097,-0.03467883917247137,-0.29875264088722436,-0.9537002871324718,6.904968286083513
6,-0.02965987744458979,-0.045356376859800554,-0.002500000513072723,0.48679162106991236,0.6448284842166362,0.5892623724615397,6.286059159696725
6,-0.05032105779088726,-0.04347991364066214,-0.20999998598436243,-0.8332511921466581,-0.03377897833694618,-0.5518617865088007,9.69021524204562
6,-0.02970782831496438,-0.04483222079541199,-0.003000000033013337,0.966822588595339,0.07349939939771978,0.24464652147533714,8.671870317932942
6,-0.03326459902223765,-0.04353370118262987,-0.0030000001909050995,-0.00143067970209821,0.30122387401398815,0.9535523744816515,2.4523766407855447
6,-0.031242980088849313,-0.045961201188803195,-0.003000000638983766,-0.20553514587367402,-0.04197737592574959,0.977749049460584,5.482274758065039
6,-0.031259938164769255,-0.04563775331098473,-0.0030000004082479364,0.13068739631231985,0.8774055439062011,0.4616062347583382,12.71713547897738
6,-0.03007299379593359,-0.04507650359862528,-0.0027298953679522784,-0.9315339842544621,0.2528470503262972,-0.26136718485743166,5.596153886056115
6,-0.028845867611856882,-0.04365887505253996,-0.0030000001694930516,0.761034152514599,0.0687797745221855,0.6450553164830626,9.928710505855493
6,-0.031167688449957473,-0.02697280854960242,-0.20999998596893793,0.16438073744266454,0.5789692221308632,-0.7986072958488352,6.907839828759095
6,-0.09216035829985098,-0.054065092556417185,-0.20999998484785642,-0.0761790499270423,-0.00023527411512527457,-0.9970941264486034,8.49869744436757
6,-0.029781891385038686,-0.044916248224195085,-0.0027334348323581814,-0.10580637641772175,0.9669812440763765,-0.2318453888130081,19.7253237035207
6,-0.03309796344898614,-0.046540476542368384,-0.0030000010913894277,-0.5426906406303149,0.12609081885453596,0.8304143387326902,2.1778315279594884
6,-0.030264902794321022,-0.04520042765776512,-0.002958339211439124,-0.838820323503175,0.5442645757417489,0.012511453579936948,9.295154198181217
6,-0.02972677687221141,-0.04372750609650917,-0.0030000008433897062,0.4601510465301237,0.10185794874578727,0.8819784422844656,7.9347466491636425
6,-0.006852349724117895,-0.049804622817013366,-0.20999998539629655,-0.33460971706245723,-0.26190933627874174,-0.905229162597743,8.28057023099812
6,-0.05282288207530991,-0.04050974971693611,-0.20999998481292137,-0.6710987606723863,0.34592084304780235,-0.6557173352665652,7.372947264382523
6,-0.03128519420022102,0.039489682344907406,-0.20999998481281618,0.2872788542226258,-0.46465933192426373,-0.8375933172920087,8.90046576864356
6,-0.024012380020478136,-0.04818298022879419,-0.0026678618003014177,0.9118297242632678,-0.000687537880750988,-0.4105679983165222,10.929782552326763
6,-0.02765941790109334,-0.04450079188081131,-0.0030000004812364743,0.13097810835701154,0.935567061233744,0.3279619018509236,10.415993404271703
6,-0.026180989336234965,-0.044934953661947274,-0.002960457169369905,-0.19796246834586748,0.7800106914913298,-0.5936279830715775,11.135554106144728
6,-0.028883290439939483,-0.044451289393746984,-0.0030000003729488,-0.1906202946017726,0.44777571347090905,0.8735907587146011,12.541136437359095
6,-0.021523452755789572,-0.04175898212425817,-0.0030000014103158173,-0.41371967751455413,-0.2286881754123736,0.8812137918029952,3.471593712673731
6,-0.028614214623582032,-0.04454486897664596,-0.002788381850748284,0.28791375600700564,0.9508494955495796,-0.11397765533229948,16.219872941896664
6,-0.027762606556385162,-0.04450447364968775,-0.0027183740566969414,-0.29425203966487734,0.7857892738862816,0.5440137444939507,17.587135695057974
6,-0.0272390503468465,-0.043087032125905186,-0.0030000003610162183,-0.25354908004821947,-0.020399883280767295,0.967107392572734,8.630203828813075
6,-0.03227783290255312,-0.045982636705618925,-0.003000001262793655,0.1117295667731947,-0.06462108377523897,0.9916353258332359,5.531431853158955
6,-0.06493114821224708,-0.05542325363254387,-0.2099999855151594,0.5982663802704884,-0.7220237664598737,-0.34750398401334215,5.556640767035769
6,-0.028055212097404796,-0.0526070704171163,-0.003000002197018567,-0.33430178467072796,-0.1799773493047121,0.9251218679196899,11.355772073953231
6,-0.029740198897821736,-0.052099040078252404,-0.002692719126242006,0.12643102358643982,-0.9431288276511296,-0.3074462729133191,8.797244938295414
6,-0.03263008952163844,-0.045750268937351124,-0.0030000003966012267,0.3602228306558724,0.024436793426556927,0.9325461679730918,10.141822374544383
6,-0.02698161856000521,-0.04462923869450702,-0.002992811881997069,0.18831343640960185,0.5168872520746904,-0.8350841983358815,6.650207249306704
6,-0.029138696368040264,-0.04544136246370264,-0.0019032639085161942,-0.8397386019913595,0.5309043529758447,0.11392825951842059,12.650366260427088
6,-0.03142175624767629,-0.04642580958347024,-0.00286770344948627,0.06820391959880068,0.9929508648089074,0.09693712099399038,13.784432827835383
6,-0.017216070166437947,-0.05022026210145697,-0.2099999853109323,0.6776870402725225,-0.177011519276016,-0.7137276774024287,10.220621403898027
6,-0.0253185080928792,-0.04380535874713088,-0.0030000005145758932,0.5069134655703599,0.39040540738133295,0.7685195874607637,3.8516440004286125
6,-0.02641217015487254,-0.044826076687784565,-0.0028669317232217066,0.9170733676992098,0.3984830089248166,-0.013701454486819168,10.376320824968886
6,-0.02789942613671857,-0.04314498412877124,-0.003000000192182102,-0.6788562044562105,0.48172506437535556,0.5541617237087628,4.114475502935519
6,-0.027009401881808198,-0.04451825541767479,-0.003000001062984007,0.8460220205649062,0.026787234520540357,0.5324745860470852,7.8995938457209505
6,-0.026915690175312437,-0.04464720125236922,-0.0029584273099438002,-0.761925035999119,0.6223216546953707,-0.17940456408619296,20.21191829813403
6,-0.03421342048739483,-0.06978566229954675,-0.20999998547581983,-0.4424193564606864,-0.21641536700400354,-0.8703042582645651,10.8999234734702
6,-0.027145303303766584,-0.04448667028021408,-0.0030000000007774728,-0.25369348206848785,-0.2889713492241082,0.9231116814793129,1.5693069870521115
6,-0.03175270253402633,-0.04701290040660934,-0.0030000001543364985,-0.48720829916886604,-0.4159405832785128,0.7678681556119586,11.396251818434934
6,-0.07676868668039986,-0.03487812273542956,-0.2099999849096641,0.11931160166213203,0.3629526772093904,-0.9241374875067848,4.87891053921444
6,-0.042123208078614444,-0.0503029637202676,-0.20999998522774538,0.5175729519255826,-0.5397558792508523,-0.6639140232358237,10.267956292297724
6,-0.05607775691410152,-0.028377983331941293,-0.20999998501089895,-0.08152626401969616,0.1922257078889534,-0.9779584579631089,5.7661280926842355
6,-0.030135868031336957,-0.04466686458970742,-0.003000004374654432,0.2693862509855072,0.22032283777583336,0.9374907439193076,15.547231433463953
6,-0.03309302832806496,-0.04855208257115478,-0.0030000007264289184,-0.44605263733694567,-0.31275589372416424,0.8385826111156578,5.7696978471600495
6,-0.03245815720922613,-0.048197967959390464,-0.003000000281575924,0.7815319148667158,-0.5921698537580765,0.19632302550873354,4.850039267935471
6,-0.027730620023681554,-0.04365561670122593,-0.0030000004772328206,-0.42038231925262765,0.6910290798972161,0.5880114934218451,8.349559218653201
6,-0.04007550998970462,-0.06343641163660949,-0.20999998529843594,0.03827478945310822,0.40611752511114524,-0.9130189462929663,6.382344673798708
6,-0.029483367537595638,-0.005721718716853368,-0.20999998570154005,0.9030047519529388,0.2855438174369295,-0.32100957349268733,7.115401185999103
6,0.00881032251310722,-0.03768126398094185,-0.2099999849421167,-0.4719613365418292,-0.029170105642125382,-0.8811365397862455,6.677879681672418
6,-0.016782480888799897,-0.07353681244475019,-0.20999998380897567,-0.07424273630341283,0.19838111085707022,-0.9773090355467385,5.871328706687705
6,-0.03083129973207876,-0.04567188140764575,-0.002857471472198906,-0.6748595082970212,0.3288511552279543,0.6606221020873753,15.396705421696574
6,-0.02947853088244608,-0.04408776695765423,-0.0030000032677167925,0.02643004504322482,-0.0601503487222653,0.997839359951091,6.329588079456172
6,-0.015049890502123771,-0.04445407780571539,-0.20999998551398974,0.5362399160559763,-0.19105374906468472,-0.8221588760067047,6.646414166272755
6,-0.016608643111841077,-0.04874362365410227,-0.20999998405187256,-0.6496063940040807,-0.1985554576014748,-0.73388504762373,10.81747413766232
6,-0.030119230348124686,-0.04510495157244518,-0.002983740844203861,-0.9329592940504188,0.3540233237083484,-0.06522608309133855,11.09335339736175
6,-0.02851052450516176,-0.04440226375601207,-0.0030000013014019004,-0.19469198937777646,-0.24325925271786225,0.9502210086286617,13.08033509039511
6,-0.02799197534464587,-0.0450951708445374,-0.002255653857396113,0.08070479425576349,0.9618683102089273,0.26133520620069106,8.500285287561018
6,-0.029606125870639453,-0.04369119542044039,-0.003000000095134512,0.5940230998226425,0.17909070896461335,0.7842595710857796,9.855497413430445
6,-0.02842588405006239,-0.04377293479348583,-0.003000000288908759,0.9715805555746705,0.038658693299032126,0.233531003212905,5.986555490836021
6,-0.028696921980762017,-0.04450029221038809,-0.0030000002669705646,0.4946413859930507,0.5063811967512005,0.7063341863733452,4.084628955432441
6,-0.028308684396192982,-0.04255456398083887,-0.0030000003920362516,-0.33403364511933603,-0.0976764984872058,0.9374864402067734,6.362704896578548
6,-0.0593883823649894,-0.035307927175226905,-0.2099999853614797,-0.37733756045893607,-0.4212433219049189,-0.8247244565413395,6.6390104234997
6,-0.03087276428281914,-0.0451271792783966,-0.0030000015144503317,-0.22000254651348966,0.7452797426709091,0.629410029068463,8.420730294393
6,-0.031413669773788754,-0.044961358920620184,-0.003000000439852706,-0.3086422804508814,0.17587656689516243,0.934776644945332,3.1010830047073226
6,0.008990813355503498,-0.06142189170110238,-0.20999998546798762,-0.8195157799970206,-0.22797016756496258,-0.5257599157755162,4.524090996336069
6,-0.028352659845805508,-0.044442666031632765,-0.003000001878894651,-0.48587197624329,0.3812103627285996,0.7865157862686352,11.986691532022686
6,-0.028990243574892324,-0.04462193830275188,-0.0027265875240082586,-0.18255487269830722,0.7650505893804551,0.6175526812691557,13.99136566110161
6,-0.02709624146463243,-0.044600860932461635,-0.0029166482938742504,-0.3021562257856197,0.7302276934157489,-0.6127553598196467,5.978285626552763
6,-0.02722747440328102,-0.04529211018192776,-0.001992541957781818,0.25178415721235053,0.5780182591506536,-0.7762084966459167,21.208183937860632
6,-0.028979777724264223,-0.04536992586764628,-0.0019435840413397749,-0.9933497683246555,0.058403814816677876,0.09922314339010406,9.668857646091979
6,-0.03164119654564394,-0.04731330068957153,-0.002500000283638203,-0.5117555118512027,-0.41821796734197947,0.7504665401483641,4.387120042314993
6,-0.07615213282953792,-0.078271589488775,-0.20999998590087673,0.857447951810512,-0.3351570582274723,-0.3904519896943342,5.401404236569306
6,-0.031475343972911476,-0.04651702512434559,-0.002898878962719473,-0.646119647580466,-0.44084721130229654,0.6230434473593979,13.099977750860457
6,-0.019273733981438175,-0.025227817839173824,-0.20999998284180493,0.18634561526508786,-0.6710420143696976,-0.7176196253044749,6.047101089656075
6,-0.02725247016409138,-0.044413236929012875,-0.0030000002196055864,-0.19251492160036002,-0.6831097512750498,0.7044849698000283,3.907571401591647
6,-0.03673406612179285,0.002844173773726975,-0.20999998374870144,-0.16675839266043457,-0.14367985486968243,-0.975473084088913,7.889919777661773
6,-0.0107771520534416,-0.023542931701741467,-0.20999998463948338,0.15937257629033674,0.4084531636893244,-0.8987582516999566,5.545880405994123
6,-0.04920330488004257,-0.04592752939123648,-0.2099999852382517,-0.3345185065425493,0.5500561299042588,-0.7652029944630973,7.36639796123882
6,-0.034680740390660644,-0.04379822900237052,-0.00300000014031982,0.24590857505116043,0.7778523301353366,0.5783378988267457,1.0672458910454934
6,-0.03076077281549013,-0.045310224490885745,-0.003000002557881755,-0.2069833523760132,0.16063860337784994,0.9650663868066284,8.675813888739162
6,-0.031870568335548896,-0.04619118506118703,-0.0030000001016360295,0.8498271503852323,-0.3699369836559491,0.3754203545249694,4.16286235704737
6,-0.008979157093668054,-0.0534990099623993,-0.2099999859375981,0.45494010757442555,-0.32002259463238064,-0.8310325128687381,7.738430705758244
6,-0.015487688314980229,-0.08871126375105155,-0.20999998590801466,-0.20958497157529057,-0.21671806542419397,-0.9534712474996714,2.9201031082125986
6,-0.030938813647817767,-0.045672246120325374,-0.0030000000542192958,-0.2555698046866603,0.868204739881649,0.4253288193615147,13.17904591174857
6,-0.02839024135622422,-0.04451650426197153,-0.00280613874107494,0.2951902245361078,0.9119784856175427,0.28488238469420213,7.629768900479883
6,-0.028106899660998753,-0.044498851569308044,-0.002900315832382031,-0.11608222868629225,0.9813450682303619,-0.1532539501715032,11.520214741170797
6,-0.029111311903219573,-0.04416107188558077,-0.0030000001701301596,0.6404044640768439,0.12048986533144881,0.7585277283941962,10.149478478932757
6,-0.02831594584000309,-0.04449129958255211,-0.0030000000518910783,-0.23564246209430492,0.9577043139128711,0.1651516792854706,3.399674469222955
6,-0.028777063971449957,-0.044546492709391226,-0.0030000007212780937,0.20389467211814397,0.5559973156238581,0.8057877808088791,3.7167330890310417
6,-0.053669149594097576,-0.07652323854210594,-0.2099999846382024,0.00126322838725749,0.6955227900711082,-0.7185029246605354,7.514269926369079
6,-0.040537843232573506,-0.06281392837832017,-0.20999998577145704,-0.03172625407998697,0.9738221199045787,-0.22508648023949468,7.070523712972929
6,-0.029238506871525783,-0.04502626808161986,-0.002500002491144817,0.3449771232590674,0.37397840993355463,0.8608896173909103,3.634507382372124
6,-0.029763715135457468,-0.04484472111480131,-0.0030000000619029485,-0.46135184236792326,-0.6690884171518715,0.5826449755871291,18.890134785887383
6,-0.02841002867532358,-0.04513456164294682,-0.002219391186114668,-0.7890039177631962,0.3776224458956582,-0.48463811871344614,4.032266275035631
6,-0.025104880764073006,-0.04573731012165226,-0.002895401493424196,0.45515710060543124,0.3975539555564679,0.7967326190070687,10.647697872549834
6,-0.02469025789573939,-0.0648068341587135,-0.20999998487799232,0.4738346979461042,0.4420791471316381,-0.7616079744157667,6.1178149776775275
6,-0.028513530014915973,-0.0445305259627147,-0.002546432985015822,-0.6218393197702756,0.7562427033540631,0.20350143491233558,21.252917766729198
6,-0.03176923628365463,-0.04758133093404904,-0.002500000405350261,-0.6722124609086817,-0.7276395580007394,0.1366421641792265,6.395250671788889
6,-0.027271059402702566,-0.04434901032018948,-0.0030000008094959924,-0.031164111751165437,0.28042089994109815,0.9593711049510434,4.454232187852324
6,-0.03091323895671748,-0.04548466429018361,-0.003000004067500043,-0.11171006550150504,0.12537113495834282,0.9858006592536372,4.318951143846831
6,-0.028123756104291145,-0.04449933889969516,-0.0028854402030948625,0.5299126982322373,0.7524992584797012,-0.3910721138610238,11.547473864427968
6,-0.0442631380656702,-0.03920008985642283,-0.20999998458265481,0.5664622788051312,-0.28188295439240213,-0.7743787747051882,6.962146301473246
6,-0.029621229110947778,-0.04462728332966926,-0.0030000003131686673,0.68685045553593,0.23652679135042579,0.6872346969584391,5.255484525984934
6,-0.029211721649298774,-0.04172382011551781,-0.0030000022340564703,-0.19048343479922003,-0.4585615001733523,0.8680077255565504,6.287418994118692
6,-0.05410608342025042,-0.06739050019382009,-0.2099999858019239,0.7027557381143432,0.2777699191858949,-0.6549643078388516,6.67661075845766
6,0.015271773385655212,-0.038610685824094805,-0.20999998516654106,-0.7696879157911665,0.2403223785269604,-0.5914606213977346,7.705809385426502
6,-0.027687051160937406,-0.044484753081844595,-0.003000001870232383,0.11272381508201088,-0.6202779030578536,0.7762400817347096,8.16909630942904
6,-0.028723277926892554,-0.044433563931806044,-0.0030000004235044755,-0.5715607442214591,0.41738675289077504,0.7064747795755393,7.745731033157405
6,-0.0267724967805009,-0.03940678004898018,-0.20999998596809016,-0.1838560632712613,-0.2859593105569114,-0.9404383130775831,5.980488762448462
6,-0.029880345292376806,-0.04487409780986603,-0.0030000014917353924,0.6648661325519871,0.46688169435936727,0.5830733309434497,5.460385965129127
6,-0.02703548137090326,-0.0446154560634396,-0.0028492131573915284,0.5879893506570594,0.6029323635299275,0.5392041250974484,17.977239131888744
6,-0.029876984822227958,-0.04496515988359352,-0.002993581563552782,-0.1785662092061016,0.9679081681176689,0.17682728019415256,12.268078183114913
7,0.044154017331635376,-0.04006060841219704,-0.0030000015510137593,-0.06742230776813703,-0.7012346621373711,0.7097352894088793,1.2420574425678272
7,0.03587610339410125,-0.03875816966743623,-0.00010204931961586065,-0.05417039225845685,-0.8553500967652604,0.5152104235807192,1.9388687706700398
7,0.03515470145494547,-0.0392052347270912,0.0008411421539845798,-0.3907101747848222,-0.9131746681249402,0.11600683089593988,7.037066906751638
7,0.04218787049914668,-0.03155819574743088,-0.160076585852366,0.7624829306947524,-0.0092716868010372,0.6469418955540018,9.007119500981096
7,0.03503770178509695,-0.05471327152855459,-0.2099999859689401,-0.19821592030998303,-0.8394939727912007,-0.505925210463872,7.84522034117658
7,0.03355866941834542,-0.011411186150796112,-0.209999985613224,0.7963885338739187,0.4614208812458939,-0.39096812333541064,5.951654456831375
7,0.035047786333381334,-0.038922864269838015,0.00012582934141460822,-0.5568330847288023,-0.7924915540203645,0.24878515341111973,25.268773231182116
7,0.034573318949235744,-0.04102538738179939,-0.0030000008263620795,0.2243816453406712,0.026460137473754645,0.974142052453893,3.816678763706404
7,0.03338417948060751,-0.04258635037972039,-0.003000001101070614,0.2844889671037964,-0.5251840317171705,0.8020272815967754,5.17023287897875
7,0.03313027258230151,-0.03990917692217486,-0.002848306943908101,-0.8732647490190389,-0.4852491624419145,-0.04406731748286303,16.155598419373426
7,0.034507484978663704,-0.04106488596438947,-0.003000000559001609,-0.6706170008067583,0.38626754088996185,0.6333010540681028,5.921038747358336
7,0.08513236841752614,-0.06745376451730724,-0.20999998536774672,-0.1850075290830591,-0.04228346809472411,-0.9818270328873937,7.5381475186384135
7,0.02067132093470792,-0.03883617528285517,-0.20999998537691253,-0.6627195433786225,0.09433616686584213,-0.7429020759461435,7.248402806817384
7,0.03804947229183941,-0.03378449520068,-0.0028064063003436215,0.6705348582276165,0.603522655244636,0.43144340128009173,17.555826205089733
7,0.0421497043756623,-0.01265858000482889,-0.20999998579256857,-0.207733183645921,-0.40857208400924355,-0.8887720610936608,7.371360866220941
7,-0.004872608006127256,0.0007175987346083356,-0.20999998289556515,0.48474837850143926,-0.13088600395794714,-0.8648051014582104,4.558975338319782
7,0.03137588782201861,-0.005788203851143166,-0.20999998480797788,-0.28368806882648556,0.15691953925405075,-0.9459901362095675,6.544817570708792
7,0.030714617548618088,-0.042554607514658754,-0.0030000018254696063,0.43383462191416594,-0.595739793738575,0.6759301879520642,1.2963964698568144
7,0.03935604855547982,-0.03547346722486393,-0.003000000870248108,-0.29798406292431534,0.5923051274441009,0.7485854221440231,7.736175464508379
7,0.03853420553434971,-0.03415351649383992,-0.0030000000755668584,-0.27646591818067634,0.855368777515532,0.4380763067504334,4.636945814470387
7,0.02977256171116964,-0.038316260390320434,-0.0030000015985180064,0.5132267587289363,0.17975595222680024,0.8392175473401559,6.152486391079866
7,0.007434848251509676,-0.015628299851007416,-0.2099999858674309,-0.21546207637780387,-0.23088792572582323,-0.9488239348778,5.910641395357302
7,0.0424774350875876,-0.0332955022337622,-0.003000000112627309,0.7898405089886799,-0.32851205446053827,0.5179109966341895,0.6112198271996931
7,0.05420479367707655,-0.007826829576071457,-0.209999985946712,-0.6175498717597098,0.11437613349345414,-0.7781710968525198,4.792098358258302
7,0.03626507456781239,-0.04026427627751737,-0.0030000003353524056,0.08497277935632794,-0.821708685342841,0.5635374550112887,4.15704276972362
7,0.035841145929510515,-0.040456432647779275,-0.003000001646160719,0.14604046627584513,0.14914094721789595,0.9779719628255622,3.345438707733938
7,0.06128355800522113,-0.015027050067729857,-0.20999998533333125,0.5758312220457541,-0.6640750690184622,-0.4768885681429341,5.3391426549980805
7,0.03797114042330518,-0.03931566857263123,-0.003000000792573807,-0.3772174583933432,0.07957256420435561,0.9226999491217123,8.355958229091073
7,0.04369975150585041,-0.08050160445701818,-0.20999998553594976,-0.04073441851835513,-0.8957289994770898,-0.4427304672639364,5.104801972222529
7,0.03763930687318758,-0.03842910819601958,-0.0021142993457339415,0.44159068985317185,-0.8057370123526536,0.3946967564599681,12.92630299890308
7,0.028236189401283907,-0.027618675778123082,-0.20999998541299203,0.42187435236630916,-0.10160746125888309,-0.9009428142962412,10.116164595041605
7,0.03456907357220755,-0.04039834357208254,-0.003000000067051792,0.17017945823623845,-0.14926860984623502,0.9740420083902916,16.675039353020807
7,0.034232682825317495,-0.0403261809507721,-0.0030000026297734112,-0.5254459465704883,0.49696060030719524,0.6906060519391326,8.512980060809038
7,0.03420599775103359,-0.04046362298707497,-0.003000000205648028,0.17756880028113217,-0.2839883261675539,0.9422419815351418,6.935906325700878
7,0.031701541255605786,-0.03863583639304931,-0.002889837711041507,-0.6225902482888085,-0.6797698427333302,0.3876781444007169,10.711000410090136
7,0.03833609399715166,-0.03741915584821058,-0.0024906390065176686,0.8674588600548465,-0.1925180384862224,0.45875040160174607,4.960301993463725
7,0.03547955699369843,-0.041905200960590555,-0.0030000002524375007,-0.7146191926656819,0.43157026812341187,0.5505147710513636,8.62188896669662
7,0.03562668527036028,-0.04038934792380208,-0.0030000018420338432,-0.3121940118010263,-0.6967487935916992,0.6458142284156433,8.8321384330128
7,0.015163341463767698,-0.03178959414885757,-0.20999998576963236,0.5988605597220065,-0.6830300701071267,-0.41813389403263934,7.086750927487985
7,0.03629218951454144,-0.04015859052280482,-0.002677210518875572,0.6198631222738382,-0.10119928945370207,-0.778157062204665,20.57917453690831
7,0.037801055625755364,-0.02316266499818735,-0.2099999841797316,0.05866362401369751,0.42655791683998395,-0.9025557726803995,6.386320197308627
7,0.035037298746578925,-0.03984577876748602,-0.002432160776264807,0.021419618012037622,-0.9567105867047977,0.29025170671536143,6.531168812262276
7,0.03556375441296931,-0.040333133570139235,-0.0028455185598675243,-0.34451432306607654,-0.9349763025080416,0.08443456016770415,13.006370978671384
7,0.03752034638894369,-0.03947915707137565,-0.002868093975397188,-0.011240246143143229,-0.9961570111538147,-0.086861188086163,9.812242737886223
7,0.03423540284622273,-0.04032092406058463,-0.003000000164453254,-0.17596806061350007,-0.4433233283110259,0.8789196028188002,21.255608174319697
7,0.031054569606427294,-0.03568292459405525,-0.0030000002158503416,-0.08714133622545006,-0.3412291455770818,0.9359321865015529,4.918233684958153
7,0.03388621237746789,-0.04047578526644145,-0.003000000134081097,0.18352513840001977,-0.20829948743090787,0.960692379022169,5.7881372595949845
7,0.00874062848522822,-0.06603631185318991,-0.20999998477500856,0.0350108074112796,-0.3067599062645006,-0.9511427880570851,4.067334695852222
7,-0.0020230947686274816,-0.08692797316133703,-0.20999998553951837,0.3090936838660674,0.5255506682891867,-0.7926270179945251,6.8535475456023285
7,0.04041925133765527,-0.010230165338984399,-0.20999998504546208,-0.002651809374322387,-0.7723327442060429,-0.6352126416675012,6.463589752448428
7,0.03392890248218802,-0.040684303972551294,-0.003000000591474119,0.3918152446369013,0.6642942802549723,0.6365484453603305,10.660595740093722
7,0.03460785841271467,-0.03972647829846389,-0.0021908851957111535,-0.16647146003020347,-0.9706519854935358,-0.17355683810460804,26.616234227962597
7,0.034684315778645,-0.0388971075893254,0.00010896300302720093,0.6081909902794063,-0.7768339656675712,0.16319530976149269,5.486789431644305
7,0.02909022725722101,-0.03885575654218284,-0.20999998422105218,-0.335661661785178,0.18079858166495952,-0.9244691026073026,7.19160392002441
7,0.02467910317880604,-0.04906568606312464,-0.2099999842759893,0.31356201491130253,0.20140133071586225,-0.9279635589777457,5.777518934614346
7,0.03572848887423889,-0.040306382829186284,-0.003000000766150956,-0.00016298511283324886,-0.43131514009733396,0.9022013208584159,24.18689612801684
7,0.03374701463927046,-0.04045055856357989,-0.003000000014932935,-0.14494645722376126,0.5048922476518354,0.8509255800593598,7.10252514557416
7,0.03439849738994001,-0.04032757309894794,-0.0029632567454355354,0.32345880327900567,-0.9045768091256116,0.2776962350724986,6.320375418659262
7,0.03865716838255911,-0.03437861417458549,-0.003000000927302864,0.35623505192508714,-0.5098980760391606,0.7830073689509526,12.978479951562337
7,0.009855765820220973,-0.022916776617506587,-0.20999998458658387,0.5335643296909954,-0.1598312148739413,-0.8305197702844399,6.2121520133482875
7,-0.0025887545331171108,-0.03517865136552763,-0.2099999855588805,-0.5960875893624323,0.18084143232413322,-0.7822889249906585,7.429493435703508
7,0.03910943641069081,-0.040179283107678,-0.0030000016229981756,0.7289473971843068,-0.06192502938668075,0.6817631427949764,7.913906406815037
7,0.05143298017677525,-0.014682006316552813,-0.2099999858392919,0.4536214157884972,0.8171594546405618,-0.35563750762479873,7.225551418146673
7,0.0337408299544094,-0.016251182524151885,-0.20999998596312985,-0.8989409203154247,-0.24220425560559844,-0.36502372573436226,8.041358293196213
7,0.044413123409555985,-0.0038817199064912367,-0.20999998569508596,0.6690828000646369,0.44886195587411215,-0.5923268955792331,6.902293764943961
7,0.03856810019054839,-0.033241734862645755,-0.003000001116686354,0.6933333245443145,0.0635279036364057,0.7178113307380231,9.880407898754711
7,0.033412121693606966,-0.04066346251640258,-0.003000001456036747,0.3546646790697008,0.004499980484568039,0.9349827354534546,3.308904030300788
7,0.030132077202138535,-0.04025447849039941,-0.0030000011322826223,0.17147382183220064,0.4384397158479113,0.882251292996197,4.774191953589682
7,0.03041331150037683,-0.07418531556464575,-0.20999998559552946,-0.809210639884208,-0.4451418680940172,-0.3834408136439824,7.920266413985035
7,0.025713645991234595,-0.03253926092556482,-0.003000000146068025,-0.40890778845448095,0.9026406273599162,-0.1342919147996675,0.18723296535323525
7,0.03319589155272999,-0.08367905209036268,-0.2099999847233316,-0.2420370680230722,-0.13627339615475934,-0.9606495818992703,6.561175742045173
7,0.06430613715632749,-0.05904420020039686,-0.20999998455021687,-0.44393187041795007,-0.04087288390830037,-0.8951278689596469,4.4243023018343335
7,-0.05615956036872023,-0.04033625043936914,-0.20999998465793773,0.0023719544110263847,-0.6317528755353492,-0.7751662260993379,8.65278473398854
7,0.024132550190484138,-0.03744470944602631,-0.2099999855470514,0.2243347666128569,-0.23075869988708714,-0.9467968815512522,7.933438773538248
7,0.06529685602097204,-0.0386261996635746,-0.20999998406698772,-0.14077248710611412,0.2644711388690969,-0.9540640039217716,5.353259860491505
7,0.03836261868288263,-0.03420678391939505,-0.0028360919037547635,0.8033231387651337,0.5735847905130917,0.1602261614611877,16.69768965548267
7,0.038386495806003285,-0.03424430309205015,-0.002880974482275281,0.9016025436036229,-0.3463627345019008,-0.25912489173339404,9.74131604948229
7,0.03494952013404892,-0.03642355024341232,-0.0010000054414543485,-0.39971726929240825,-0.08132380891347737,-0.913023845654222,10.415374225739281
7,0.02131044561780674,-0.06738646064280447,-0.20999998391519697,0.27634011725754987,-0.15155877378134827,-0.9490342868853463,6.874202685993837
7,-0.0324393541819655,-0.07655769966018132,-0.20999998483644594,0.43438773550362236,-0.3243522008093942,-0.8402993187395414,5.113705264070014
7,0.029271349689886914,-0.03454089967907772,-0.003000002158270497,0.4810036966841107,0.4441402734358283,0.7558934192652875,1.3429595142031874
7,0.07304198591073335,-0.03805247618856795,-0.2099999859140458,-0.5596417225912693,-0.622131266260463,-0.5474977898368446,10.032827294248854
7,0.02302746035705798,0.0101686455738215,-0.20999998481157298,0.6016240587305403,-0.42865024521380757,-0.6740233373071992,7.376178184378971
7,0.03148499976268422,-0.03991220924161871,-0.0030000009902618127,0.13063119041146543,0.6696870489992247,0.7310641206449635,3.2153566734359766
7,0.03652386389997121,-0.03267471452647294,-0.0029026759653557697,0.5930212414906525,0.7982498239848552,-0.10546575581217303,20.27580215139753
7,0.05714002607824262,-0.043415002034008415,-0.20999998568850092,0.4805341269456938,0.1743888365670155,-0.8594623240848566,9.905579805079668
7,0.04060557334414491,-0.038864806748302894,-0.0030000000960252664,0.5606594109055515,0.4927385219950616,0.6654846158290675,3.3977836572893194
7,0.07436132402429135,-0.031556067408516075,-0.20999998572973794,0.5342835659751609,-0.2266579259050701,-0.8143508185992557,3.0679342824984692
7,0.03901547198410367,-0.033272882461708814,-0.0030000006732557195,-0.14599166480392034,-0.17670989683459568,0.9733755935755151,1.8153407899479581
7,0.02275837300169542,-0.052340696725916014,-0.20999998593614766,-0.46291688269294295,-0.3260163828842826,-0.8242701485610754,8.423077275221765
7,0.019748025092280373,-0.08464980695993038,-0.20999998593593655,0.2735814373384608,0.8998703500881089,-0.33968595816743197,7.849815130387182
7,0.01414525666891637,-0.01197098145783746,-0.20999998509815215,0.36524140694129403,-0.36457479270202114,-0.8565535214928618,9.04673227553494
7,0.03965891026711933,-0.03597692446444622,-0.003000000482480578,0.6314928587982017,0.7469576645523046,0.20801686627156157,10.680207792307977
7,0.03558273720437483,-0.04148982951695214,-0.003000000655371559,-0.13237079839857566,-0.10849906764003411,0.9852440936400314,9.045764803711734
7,0.03757673566103648,-0.0395316320137063,-0.0030000001661307563,0.20648649744226785,0.5539709560530481,0.8065230971421065,3.110930699044701
7,0.03422227066359092,-0.03913618345292044,-0.0009265289755077556,0.130782439854502,-0.9797892973452738,0.1513568175978804,7.897805255757898
7,0.034259241119903146,-0.03908176946195169,-0.0007701308334953061,-0.7293069854026075,-0.3894127367197008,-0.5625558119186346,7.598798658065967
7,0.03491849470883861,-0.04152965384996363,-0.0030000021767892554,0.39219174372136795,0.3730589440404634,0.840840448853531,8.862929401713316
7,0.03436858023427855,-0.041773755530157025,-0.003000000315727825,-0.20067566165564074,-0.31975606926108385,0.9260050404775189,1.5612406441547182
7,0.045679631986232844,-0.07552361296828898,-0.2099999848098879,0.30965414311832157,-0.5292975355460625,-0.7899103939780276,10.705577615299743
7,0.02878412514237383,-0.041562108621446284,-0.0030000011165945365,0.5846501941567017,0.24390955244299375,0.7737520796092183,2.3804374397318324
7,0.03618970708043643,-0.03941567955239929,-0.001917156990918005,0.9681335757419637,-0.09646052321930432,-0.23111197931162616,8.847028509776075
7,0.03765945961047389,-0.005689018187494781,-0.20999998597453673,-0.04045033762805699,-0.0200716815163119,-0.9989799286206323,6.525395935820028
7,0.012893263994064093,-0.09032116914689117,-0.20999998555743093,0.29470140743985046,0.3841105814641899,-0.8749915094789282,8.02971031620297
7,0.03773085175421982,-0.039295810547846255,-0.0028031881721054313,0.4859244232845302,-0.7417606365380481,-0.4622430236772278,20.116071077258315
7,0.03616401314146131,-0.039511352192794495,-0.002118082665818642,0.031090526618626452,-0.997772522081375,-0.05902010957248654,15.481270792877009
7,0.03840704667541564,-0.04009257582346669,-0.003000002372971544,0.23486227576784097,-0.21758745045945818,0.9473623450526747,11.812364917585729
7,0.013631745067841566,-0.022897461797411332,-0.2099999858282225,0.04965393030093266,-0.9674714255293687,-0.24805952509396023,7.5231797366198565
7,0.08053565959488292,0.023877724862273624,-0.20999998442756063,-0.6394658204093686,-0.013939728050708462,-0.7686931432698257,9.277941103102732
7,0.03892512780792209,-0.03685023217064874,-0.0025000006287195778,0.9196928627600336,-0.209791581092864,0.3318923480449796,9.444534174298598
7,0.06327543442050784,-0.05963568426657974,-0.20999998558635932,0.92452075391062,0.01979244465929042,-0.380617438805617,9.643593162716382
7,0.011571900074769537,-0.010139235698156772,-0.20999998450392685,0.013374019586040467,-0.3207594479589231,-0.9470662659736113,8.418743051877277
7,0.03530654956032534,-0.04068575050555559,-0.003000000165999465,0.19746326324937744,-0.2793493816761405,0.9396659952472819,3.3412180592016703
7,0.035761059895945045,-0.04091824640557866,-0.0030000011676035933,0.17172145431259642,0.8840511188553938,0.4347014623615769,8.1302740663147
7,0.03323772971477175,-0.04019054883226314,-0.003000000085693932,-0.12137374787116613,-0.3346525659822059,0.9344924148484203,17.415153788926258
7,0.0338590792934005,-0.040266703721837126,-0.003000001964661567,-0.3114135573610373,-0.8021819331137324,0.5094366913343201,12.269611984369035
7,0.037444538883053324,-0.039549991741339593,-0.0030000014785656233,-0.37107329897585706,0.14953556301432094,0.9164844364096771,17.160698378980694
7,0.035072412616805375,-0.04094475763258486,-0.00300000000662339,0.25512061848012146,-0.48198555341823474,0.8382144095173015,6.268977487223704
7,0.033782504165875867,-0.040653587862738594,-0.003000001016989557,-0.7314115630464871,0.0440223827403476,0.6805138905707635,2.5972121137688893
7,0.03849904570264569,-0.03831127162512789,-0.0025017419987270156,0.8849505198611165,-0.46552917322292775,0.01204849683226443,24.722027774026916
7,0.042998372618261366,-0.06437516485954195,-0.20999998596132136,0.2168475410094451,-0.19749424050862238,-0.9560194396162036,3.6600205609808167
7,0.03632481999527799,-0.03237372963884388,-0.0030000007819106066,-0.6535365828582215,0.6168369579186687,0.4386366402976862,5.393393404264575
7,0.03855584773716385,-0.038315124902108505,-0.003000000000044992,-0.6552273851433053,-0.5675059578583175,0.4986121353853922,10.051970704604496
7,0.03650970624592455,-0.04007722436520347,-0.0025686800592871037,0.3018155549185904,-0.5868241534347283,0.7513619525600148,14.094979297339226
7,-0.007556731617712999,-0.032314489316064746,-0.20999998597209601,0.4481439337761127,-0.4756034725191349,-0.7569467296629345,9.358443399883782
7,0.03617207102079367,-0.04019749223289786,-0.002847323130495963,-0.019946093655995853,-0.7024248027994686,0.7114784253650944,10.219811762146174
7,0.029192835831821817,-0.04163116483664406,-0.0030000018919956496,0.10970763425882304,-0.5699179898788163,0.8143449636350811,3.161332162172443
7,0.035462097134138226,-0.03249643106339699,-0.2099999853477615,-0.4857757517184547,-0.3385286734133231,-0.8058661528562827,8.140903237662519
7,0.03781193655103984,-0.030990341242447244,-0.003000002153185674,0.1966008969680075,-0.68988362232781,0.6967127635943197,2.6181741487407355
7,0.035041113808842894,-0.0396822072912959,-0.002023510274809613,0.2858308259254855,-0.9568819397080194,-0.05174642414093403,8.655800043268384
7,0.03507236399295605,-0.039863637750715664,-0.0024782339268826135,0.5067827854654297,-0.8570640417131121,0.09280321523678461,9.241921013311995
7,0.032988301468789685,-0.03983038310145845,-0.0028161046899490665,-0.479402560032438,-0.8657271207487782,-0.14383927778731162,11.388446635027474
7,0.0350230507641964,-0.039744797811846935,-0.002179503376583163,0.48328073171802477,-0.806745090593861,0.3400030781519392,8.421644138088375
7,0.035130520009553204,-0.03975216226960017,-0.002203941427282044,-0.47097815071984667,-0.8761101359460012,0.10300782124281838,7.528161058883772
7,0.035297913762655946,-0.03994049831110449,-0.0025000005426084547,0.734039546373042,-0.6218162499390273,0.2730027393126729,6.712371326001422
7,0.0366107009038157,-0.040034435826293346,-0.0029691197722859193,-0.308117751013341,-0.8728264839421589,0.378467145786327,13.892334742855077
7,0.03392028820540234,-0.04022458113094304,-0.0029925886310730302,0.2508243549364652,-0.28390273264607774,0.9254654944225613,21.747093692393292
7,0.03390798305831226,-0.04003580818053709,-0.002500000059687149,-0.7181936135621312,-0.34033325916586143,0.6069359160109993,14.152574021537456
7,0.03781450925557854,-0.03921533397259674,-0.0025781068019157154,0.5832137626473896,-0.49816393248657287,0.6416341663504116,14.552241446147397
7,0.03220143366888506,-0.040742394157380485,-0.0030000001690136877,0.0491413238730929,0.8623655733984915,0.5038955726190605,5.046660092843299
7,0.03629671431894373,-0.040573174142398104,-0.0030000012961392654,-0.16972339823373672,-0.801738242470352,0.5730704656955753,8.856035809592536
7,0.03443876782337881,-0.0403334918525871,-0.0028903095499200598,0.3756911152653493,-0.7059011496771356,0.6004662794821838,10.65781143187328
7,0.023927491295612446,-0.05743815717606013,-0.20999998578239315,0.48201587147681646,0.06496201694763905,-0.873750900427885,6.335839225640596
7,0.0363343338343928,-0.040204098897641066,-0.003000000245170491,0.1261788880066344,-0.2136569226380723,0.9687257649253673,7.198377792006005
7,0.03155418183864627,-0.02492685502794568,-0.2099999835530727,-0.33666285433220366,-0.15866259486869136,-0.9281617873530599,6.264216592859986
7,0.038568291609326524,-0.0345655089691954,-0.002932783575227524,0.8311844184019226,-0.5397165449947535,0.13356089871210067,17.77277085963193
7,0.06797670288681101,-0.0719341125679809,-0.20999998552838767,0.46666226557451074,0.00540940297099264,-0.8844190569228833,7.951731237583543
7,0.007351886521817895,-0.03480782900141889,-0.20999998466816466,0.3228014440554313,0.15329445532263503,-0.9339700411057442,7.151306535066995
7,0.037903372000870246,-0.04014779304435773,-0.00300000128384052,0.7757287343334569,-0.15132392233434847,0.6126548794050052,8.947404851945322
7,0.01816560490546948,-0.04135354052461628,-0.2099999852893951,0.8398546789432847,0.4718090090807964,-0.26840338523809526,4.437211106259473
7,-0.007533657218325739,-0.037615821722712106,-0.20999998519284796,0.6273593555128123,0.0877451789991178,-0.7737706524629646,10.50912259515794
7,0.03661569751890767,-0.07304075630209987,-0.20999998528380312,-0.27270362849579355,-0.24469397712691895,-0.9304609548836744,7.514905639670777
7,0.09004418611461654,-0.07706004716326005,-0.20999998493009622,-0.41293375503371665,-0.6937071963385671,-0.5901322222195966,9.271718322520398
7,0.0342447206796873,-0.04136364474082193,-0.003000000266774049,-0.23867823802114302,-0.5466212540068237,0.8026443193364852,1.492818219595062
7,0.03248331544603099,-0.039978248347961404,-0.003000000435705347,-0.28710476593589374,0.3897614980979148,0.8750181872266226,4.141254529879234
7,0.034026583916528644,-0.04025281269779585,-0.0029590289293335696,-0.6648416763982476,-0.3743023808218688,-0.6464389167083372,12.194723327206635
7,0.0052245559499093175,-0.04275126297442996,-0.20999998468076003,-0.6660612182813386,-0.32779849640041436,-0.6700079098482395,6.353134681683469
7,0.03615079956874828,-0.040531166033307836,-0.003000001023608913,-0.6299924122951822,0.3655981739922215,0.685162415507484,23.093274759071093
7,0.035985409634779114,-0.04056933879716332,-0.00300000157144315,-0.24861271447797587,0.35729127884075723,0.9002969844802483,4.881425218296745
7,0.03637742834568408,-0.04121003101317962,-0.0030000025723044875,-0.011397239438303602,0.33177408025034894,0.9432900204111253,4.541461272476438
7,0.03177059456548901,-0.0397420065466407,-0.0030000017008335795,-0.07709017038815476,-0.09883368361542227,0.9921134051168404,11.604469778652328
7,0.06880827662968195,0.003297510184486843,-0.20999998598280512,0.28305124717566743,0.7518807926801496,-0.5954471135801821,7.591364478386259
7,0.034723764461790915,-0.04117121614267499,-0.0030000011506071296,0.5712692144024449,-0.07544309404062326,0.817288091334745,6.659588152335302
7,0.03415919409102646,-0.040289844930515115,-0.0030000000037257034,0.025811440711682163,-0.4975401654380405,0.8670568339528125,11.316140872877563
7,0.03926835016949483,-0.03816728874375154,-0.0030000004375523434,0.6180812436325327,-0.15392677997600931,0.7708969598304815,9.647037174559285
7,0.02949778916178186,-0.07897022575515171,-0.20999998557280614,0.5373494389971133,0.10276639928532885,-0.8370750549308084,7.832178831665486
7,0.033002050365697935,-0.03983834340720023,-0.002717850144535661,-0.17534616190871113,-0.982574473233857,-0.06165328906953975,24.069386468631976
7,0.07110392215013224,-0.012137452986731433,-0.20999998583425689,-0.1996836112014644,-0.363964120618652,-0.9097563268918958,6.262408249192423
7,0.05430018667645155,-0.012137748285088783,-0.20999998593392968,-0.24561730792220393,0.7056750835845632,-0.6646012447001349,8.357157840573946
7,-0.010823628427240816,-0.030665959033615443,-0.20999998569135564,-0.24419186527973566,0.039070845605550825,-0.9689395244053524,9.785531734569005
7,0.015131303472789076,-0.045150424570760836,-0.20999998534692954,0.9520328337404638,-0.05503081472823181,-0.3010067987777842,6.694543272824798
7,0.03939249675173524,-0.035343107504111584,-0.003000000257058272,-0.16137726458975948,0.2884924050604507,0.9437846739039386,7.405755750130398
7,0.038349925326899716,-0.034074708903786874,-0.003000000968519709,-0.20876717242560178,-0.04131091129979443,0.9770924604790475,11.206253081687539
7,0.027921268713197427,-0.06459801418064848,-0.20999998437865736,-0.043788389364640204,-0.7440864304528833,-0.6666468037669852,8.228412934756898
7,0.030026517182365976,-0.04038660621378819,-0.20999998537066727,-0.850168139770491,0.18648566633137886,-0.49237915306410396,8.382721997628582
7,-0.015300904719075987,-0.06802299948274532,-0.2099999859769557,0.20694275308654658,-0.7737706679474622,-0.5987099885329281,7.760997753307972
7,0.027953075229292055,-0.03885010334557537,-0.0030000005570952025,-0.13554245095566264,-0.1834427972921904,0.9736410961491655,1.2893319462218094
7,0.022081301786912012,-0.06784907494283099,-0.20999998434229905,0.3710436397239607,-0.5521063136362613,-0.7466627323386201,6.508740524874431
7,0.03749841825904929,-0.042681993829593534,-0.0030000000142007396,-0.4974087450766,-0.28252315328553823,0.8202226576844351,2.4868103082950173
7,0.023281129570430003,-0.028259567651588657,-0.2099999851653509,-0.026131475150777406,0.8781607647519108,-0.47765135533858133,6.308911121008242
7,0.03722577795216122,-0.03978463540001858,-0.0030000010409238125,0.09773434518812917,-0.4808044455218413,0.8713639210669,6.366370907826862
7,0.05549763169224625,-0.02534166896826909,-0.20999998474368536,0.3101444689802825,-0.2704379022865282,-0.9114130509093016,7.385785218681207
7,0.02944500018605114,-0.03636944966696766,-0.00300000100927484,-0.1842812282555637,-0.5291268673869387,0.8282905209658662,5.5307451730437265
7,0.043374167587182794,-0.05718330010971437,-0.2099999838171359,0.5868514223382236,0.08637354197185987,-0.8050745427268458,7.669719208084014
7,0.030379421102197848,-0.0361247934952978,-0.0030000009641807743,-0.07699457469331863,-0.0920395935286531,0.9927741680215474,5.920359469807331
7,0.036071230286527596,-0.038986133328809625,-0.004439920837153718,0.21206268184184335,0.5428783625051652,0.8125961496916876,8.295185721381875
7,0.03012619774618788,-0.042122283401893494,-0.20999998337750264,-0.04350453555889146,0.32849851135957786,-0.9435020314871327,6.821173247656662
7,0.06575951663428195,-0.038873928189586265,-0.20999998473057635,0.2588264430899715,0.5379932114614534,-0.8022295038072248,5.386492006979354
7,0.051868944491568814,-0.07893286437883569,-0.1445126204243464,-0.6965077645588591,-0.42538583730283797,-0.5778614222557034,8.127142854612634
7,0.032291911771223515,-0.03331967298860844,-0.0030000004545746774,-0.769204906966518,0.5131344460116589,0.38081078164219384,11.61789737213491
7,0.02802779813758186,-0.04309340939120951,-0.0030000015223432706,0.4659386996023443,-0.4453981409203682,0.7645401390885609,1.5530110796412553
7,0.014736075927605532,0.0002567613254141033,-0.20999998572499207,0.43424814826516306,-0.13949435940722524,-0.8899268899307656,6.517972477148166
7,0.055317701739009795,-0.040301059491016034,-0.20999998541552115,-0.0035595608184560657,0.3690926597360886,-0.9293857853742544,10.886948426813147
7,0.038361083448331945,-0.03420440602523288,-0.002981789761947789,-0.10370059191231948,0.9665586080301021,-0.23454348100074376,12.389697838358543
7,0.06288833898144681,-0.07991937875023467,-0.2099999858886231,0.6479114004423695,-0.07620756644542023,-0.7578939398050851,6.994504784777137
7,0.00999570176705431,-0.043614389252526795,-0.2099999847804806,0.16543722465227792,0.19850545321000687,-0.9660362880064302,5.817062758543854
7,0.03425465461215545,-0.04050584088043843,-0.0030000015281558207,0.4836915369845883,0.36441738771153054,0.7957653326094263,7.560926972867665
7,0.026031509771356102,-0.05287320440323994,-0.20999998556203048,0.6824313847424721,-0.235364720072484,-0.6920194026641688,6.417714567981683
7,0.02437873572951962,-0.03298328318309482,-0.0030000001850315414,-0.5639232418231223,-0.7876829586259112,0.24808493308145785,3.3391146639588363
7,0.062307906900183715,-0.050359828585853174,-0.08366856363840196,0.6549612694604706,0.7186408698793394,0.2336258454148325,8.70874068271476
7,0.05989377942086378,-0.06732733969760518,-0.20999998500805656,0.13040576362017364,-0.10016852008837518,-0.9863876542201572,7.195532144183286
7,0.03423463826632711,-0.029454289313104377,-0.20999998512298923,0.9094195418200606,0.08044957986954303,-0.40802446256885816,6.42468820251466
7,0.032706882341635435,-0.03984429367967561,-0.003000000123713327,0.7664734535170608,-0.035596654625716165,0.6412887986181326,4.626575638452693
7,0.03379488427915017,-0.039598447498566385,-0.0023580535534675805,-0.1872714707004451,-0.6757601427147474,-0.7129359198271867,9.055234128092994
7,0.04377316981069501,-0.05761117930101825,-0.20999998368090142,0.19591092462897836,-0.45525171299536005,-0.8685417591721247,5.813474003605168
7,0.03766532708319073,-0.03323997513962011,-0.003000001009045934,-0.36273527102595127,0.019227657123172915,0.9316938447554985,4.011808778241713
7,0.034174423262763653,-0.040286942206710044,-0.002941072088369396,-0.40066021378876016,-0.5427086998069085,-0.7381996073154197,9.116430681510575
7,0.014064760753118957,0.003105582218303986,-0.20999998561281855,0.5823268596661905,0.09658932774745287,-0.8071963393602625,7.282044285923303
7,0.03130790719634775,-0.037912043307804205,-0.0029386369119559436,-0.5045214164042986,-0.6910807262207979,0.5175573110637458,5.666901166543656
7,0.046213220648730416,-0.04397249546652633,-0.20999998566965314,-0.11828136377045463,-0.706343733619815,-0.6979169355737272,5.676095024769457
7,0.017036380272430658,-0.012965058231465352,-0.20999998582403945,0.9269789084409356,0.34275806495833705,-0.15240410825062536,5.280526499099583
7,0.0655285857121071,-0.06269087503290668,-0.20999998397329767,-0.22330730447974448,-0.2538776318682174,-0.9411057304059817,8.153719459299037
7,0.03481989689975705,-0.03898191520305044,-0.0002877556783762781,0.5790320716294434,-0.7826443143489187,0.2284507326357812,10.197189270451313
7,0.032115817720547404,-0.038170560123552744,-0.0022458652848654607,-0.563959154087636,-0.6720342326155613,-0.4799167247695911,22.492397856288374
7,0.03392178615618593,-0.0390364750551095,-0.0009339909120540898,0.8842415237941026,-0.4176861101522531,0.20893836647242023,7.405523235327976
7,-0.005368325629733397,-0.02650320334157926,-0.2099999853334038,0.012262750774136775,-0.8988949811916336,-0.43799250876235785,5.705676449307407
7,0.034565308689977654,-0.040471733065916546,-0.0030000013317757184,0.10707550963487135,0.28209168112408334,0.9533934752645525,5.196936558261414
7,0.03685873142155918,-0.04258205786202616,-0.0030000002000590015,0.1701317506274936,0.493556080565076,0.8529112396760079,2.234779974148617
7,0.03368044476833528,-0.041961224838216335,-0.003000002580154629,0.7035806388970719,-0.16879598740451257,0.6902769003851453,4.69696835555319
7,0.03305472455639464,-0.04039304269237227,-0.0030000003979788583,-0.6834802885635083,0.3425956294853625,0.6445796535748486,7.4532976665807915
7,0.035198927205224294,-0.0403681160458811,-0.0028554810726298964,-0.7786622110352251,-0.6007199842117615,-0.1811647362881511,14.095139970035726
7,0.03415157901271121,-0.04028205416422284,-0.0028480993960581418,0.34808596733496366,-0.8527044909549842,-0.3895269059380669,16.230267472728112
7,0.033693046865457835,-0.04130404849809657,-0.003000000064122395,-0.34775767381829464,-0.8744285816680655,0.33828871672354666,5.592852336374552
7,0.036127621801395594,-0.03978900547364453,-0.0025000000134228727,0.1262918301900445,0.30876060051743426,0.9427180199801861,11.406563933965899
7,0.03615702973728803,-0.04050003624396324,-0.0030000000200301573,-0.7002652127408846,0.5200034152620687,0.4891064096295898,3.4853543332260717
7,0.03553563003364789,-0.039376924034652754,-0.0013783648667696448,0.0667517981545453,-0.9976441859565867,0.015820103354720172,6.592577999887942
7,0.031593103825336845,-0.045672918515991714,-0.00300000005935963,0.11189988272583035,-0.09446868135190978,0.9892189264715757,2.0960325402043796
7,0.035522284283794475,-0.07167498546931703,-0.20999998539769588,0.41888056264319684,-0.1333412374231456,-0.8981977447322962,5.6277938237481795
7,0.029445379725611905,-0.039151188013849064,-0.003000001482484192,0.824093259529686,-0.3389699538669249,0.45383881496979994,1.0138730070248636
7,0.03655018555709462,-0.04019215110616027,-0.0030000008013494825,0.19706493093334834,-0.806607718969005,0.5572695942682081,6.638410121964958
7,0.06101727611282516,0.05071544056072762,-0.20999998578493273,0.46151716088106776,-0.40824100233707034,-0.787617416150191,6.456849945988033
7,0.02686863916217286,-0.009023146295556086,-0.20999998593360153,-0.7181864149246551,-0.0904402172293082,-0.689948433236272,6.642909842020057
7,0.040816414426631226,-0.03911574633727618,-0.0030000003494500514,0.42902994295216945,-0.3922184652218409,0.8136940356113481,4.557484663686864
7,0.03610107280951179,-0.039595480560006106,-0.002263278428287174,0.5512337147329864,-0.8201638492601298,0.15320787221445192,4.769770809300377
7,0.03989687903794757,-0.019178137152432363,-0.2099999855964895,0.7260963899243317,0.34341396697549054,-0.5956936123755314,6.607517754781443
7,0.03782059981986467,-0.039239301480725,-0.00300000065730647,0.27145318191394974,0.5716003023136071,0.7743295580202172,5.482399804104961
7,-0.0018606685587767968,-0.04041462769075109,-0.20999998580591658,-0.28683292540935373,0.7896635251312127,-0.5423637063617538,6.210012455603518
7,0.036106302513646896,-0.0396830466862484,-0.002474931868885626,-0.05600726200404582,-0.9795217205122742,-0.19339179312340177,9.240783060624373
7,0.05196960768168411,-0.0062207431341421635,-0.209999985196796,-0.5881302519045808,-0.15108994047775426,-0.7945279332289603,7.331107391050281
7,0.036132599588298564,-0.04070355483861754,-0.0030000014438437833,0.011710975407748698,0.04510904946250939,0.9989134230310392,5.197097070864623
7,-0.006063220589680833,-0.0834985981525174,-0.20999998571823403,-0.31435651183155744,-0.2646333696834436,-0.9116738249610338,6.096193201673225
7,0.011469584365680586,-0.038613984652063185,-0.20999998490908084,-0.7466224378363306,0.2776281223720136,-0.6045474017705517,7.0687691221652456
7,0.036463963665045215,-0.040095539521186434,-0.0025624232058941267,-0.6531572890757843,-0.727029785589184,0.211691394707761,22.27882421223933
7,0.04086250804623416,-0.03489836821244789,-0.003000000109408459,-0.5838142370487334,0.788382760229963,0.19394215630282724,10.37178081765533
7,0.028309799864451982,-0.07688312556857085,-0.20999998576310908,-0.5189673161435265,-0.6357122606893332,-0.5714392762000549,4.570383432656247
7,0.03393744414409203,-0.04165259150297322,-0.0030000020085173586,-0.6348167478577263,0.2969497376688997,0.7133221922369385,3.3323126538439256
7,0.03946400424427801,-0.035313449372276214,-0.0030000002071917204,-0.4305870199343497,0.01778293403324338,0.9023738612799159,2.2798412455010437
7,0.038190332886227196,-0.03888707325512512,-0.0030000015015415474,0.8590367315780734,0.19802655417258538,0.47206077748759556,7.616731614486565
7,0.038699850364250415,-0.03814522056964545,-0.003000001264820171,0.5663016516992916,-0.11498205115215526,0.8161382034897628,8.500189843293533
7,0.005845508893566283,-0.05712687588362003,-0.20999998342748416,-0.06055117902159668,-0.18824447450853013,-0.9802538306663751,7.451128739391366
7,0.031233553501321308,-0.061238555073574744,-0.209999985448182,0.07196678144693204,-0.9640380859086498,-0.2558346170590603,6.13316261909554
7,0.03837193579854003,-0.0327527396092316,-0.0030000012546753975,-0.6850536418638021,-0.5406397641638846,0.48827262177390307,8.229381430181276
7,0.03831211724919778,-0.03861579911208174,-0.002995531724469483,0.6623931637905911,-0.5575504743414924,0.5003726262747275,23.254080528579273
7,0.038479791071950625,-0.038345635451804395,-0.0029700642415196824,0.9103405095134813,-0.4100612751886599,-0.05594557470779267,6.718343776622486
7,0.03624912252213773,-0.04017301601041927,-0.0028299364619795665,0.4615508655320768,-0.8684494727186973,0.18101467305499702,7.668972724778868
7,0.034076183955919645,-0.04026492323785594,-0.0027549020793992155,0.027204564013014035,-0.6153225867513995,-0.7878058300942108,14.59881982261685
7,0.03456733188391645,-0.03980144516721563,-0.0023889991056378693,-0.3333028006657074,-0.9079219351921355,0.25413973059197825,7.961900347741854
7,0.03760257683664829,-0.0409533115341776,-0.00300000006899371,-0.00625803163489963,0.6022660821660828,0.7982708834176364,1.3764352645013667
7,0.02353178066464429,-0.05327288231456982,-0.20999998550415516,-0.8904863327235292,0.20755757239882286,-0.4049122687354731,8.738782694252293
7,0.03503410252172777,-0.03968277407040108,-0.0020247313924686176,-0.4282215158581365,-0.7929655366898531,-0.43339588251197414,4.069719617348147
7,0.03517929681210402,-0.03998108135989832,-0.002500000477399478,0.25171675853967845,-0.9162699552567843,0.31158954180782195,4.979185445534931
7,0.06924216027808319,-0.03841586531539007,-0.20999998597290298,0.04436483988857982,0.14620929136906463,-0.9882583691014293,8.165431920187169
7,0.04882925120820572,-0.05432864698129085,-0.20999998296145772,0.6017715920239816,-0.05896211839462658,-0.7964888069692759,7.00482063803555
7,0.053392414570063315,-0.04991925561154412,-0.20999998525862318,-0.8378756794986677,-0.129485293810498,-0.5302809674045025,7.129378636642409
7,0.03714102544485706,-0.039928436094692474,-0.003000000357438851,-0.944617254774622,-0.16902621255363534,0.28129767409601886,5.962491748906692
7,0.034772563300148406,-0.04049478519584519,-0.0030000007599205714,0.217432755543114,-0.40664689206311966,0.8873338165495183,12.40309039186096
7,0.0338107611953797,-0.0427428483417409,-0.0030000005682136854,0.8642847213433941,0.3851398585452931,0.3235416662689414,0.7575340100878927
7,0.03919145607983834,-0.042038487680909356,-0.0030000006297960227,-0.821803411960097,0.33993308180695886,0.45725775224042564,4.718150465395002
7,0.03583260330309754,-0.04028545263104258,-0.002957905623567504,0.14624281279727092,-0.5074775567827393,0.849164041317674,7.275451800491137
7,0.02804117091740245,-0.047543068840069966,-0.20999998569924155,-0.9669487066138162,0.20701706770436565,-0.14884264327454713,6.6480943371218135
7,0.03535055360738995,-0.037074541699558435,-0.2099999857067933,-0.7958680153377427,-0.6005125593252588,-0.07732249514203697,9.433076844869513
7,0.033562340394159715,-0.0403691932330555,-0.0030000010492170137,0.13172891370116324,-0.42498904349878275,0.8955622849367326,4.015163761608568
7,0.03360717147028243,-0.040128103513460175,-0.0030000019065702056,0.3972510036345607,0.3606635062377957,0.843868162321339,7.761052706268747
7,0.014738592671901977,-0.021433435690249227,-0.20999998582557333,0.8340516334279005,-0.4721079512458834,-0.2854329258278827,7.35185846323046
7,0.033706756970001486,-0.06894099393339181,-0.20999998377813148,-0.6526306011466998,-0.30856811733658196,-0.6919963984084417,7.710264573283669
7,0.0021207619624814544,-0.03724439906607966,-0.20999998540547532,0.6033904182395384,0.4232144503942162,-0.6758768616798748,6.372225557226295
7,0.0037339644771883515,-0.05611848571686108,-0.20999998468485798,0.23188904164665483,0.1391492342443914,-0.9627382629631978,6.46515011091257
7,-0.027454742169018644,-0.02867573612716512,-0.20999998566760025,-0.10959898247570615,0.8803911649745483,-0.4614102942881178,5.606147660847336
7,0.03114730853586686,-0.03300368824593346,-0.20999998496670286,-0.6495063751691021,0.5989290267892954,-0.4684287453646724,8.869681116671227
7,0.0386704351775252,-0.034399473587346366,-0.0030000000808481577,0.1964615982137829,-0.03173476314996148,0.9799978291991783,5.241766165544066
7,0.041345638882545076,-0.03950409448198161,-0.003000000068994171,0.5978266083902618,-0.7258252837877448,0.3402660778200445,4.055592931287786
7,0.03903681823266435,-0.03471461443392755,-0.003000001753865612,0.1807762164467806,-0.3524502038423562,0.9182041240261712,9.856892926664862
7,0.02812398577687942,-0.037860968089069774,-0.003000000676385485,-0.18584792535087669,0.33717771517605644,0.9229148048608982,1.547603358216437
7,0.05337613983115534,-0.01542709329778298,-0.20999998521277896,-0.2142229569428401,0.6973985168157795,-0.6839180020015678,8.772036703099213
7,0.04152893983776578,-0.01785752607837818,-0.18023553270075934,-0.7210941125216477,-0.3890304192685848,0.5733049919286649,9.837222602182203
7,0.03223117526669003,-0.03925986004771653,-0.002823356718982841,-0.9082349513515855,-0.40628915271579463,-0.10019180370102689,25.918025684122195
7,0.05054821692700576,-0.02794560047673863,-0.20999998277334192,-0.11273955137619182,0.4112124538161907,-0.9045408290298247,8.413769097948995
7,0.02905817140237684,-0.03972744477701965,-0.0030000002275344675,0.7622905923001819,0.5547074284267577,0.3334857144448793,2.2739841416177864
7,0.0368403076044788,-0.039924580255286266,-0.0029697129080212027,0.17365276417391146,-0.901008877891994,0.3975270046859325,11.13904350704415
7,0.031060851235947137,-0.03616755211038287,-0.20999998599126118,-0.6623554950260494,-0.7155009921194114,-0.22213403270308488,5.307275956639428
7,0.03365369517644507,-0.04207167806983328,-0.003000002156003494,0.27420171400358684,0.3849899919807047,0.8812469155192496,3.2748165041247663
7,0.03710876020820329,-0.032763362014202074,-0.0030000000077250333,0.4110622723270515,-0.8798336811844156,0.2385801788137505,12.968544489794041
7,0.03422864376585804,-0.04032715681051566,-0.0030000000088423436,-0.30030287473491163,-0.358692249523765,0.883831462190348,9.068588619230159
7,0.036292292982404495,-0.03957376457469482,-0.0023794966360298165,0.4688452751269665,-0.8736017163420962,0.13039995857078723,6.4811222912205615
7,0.051296443300909676,-0.027372262465778646,-0.20999998597173491,0.6583799113867052,0.7108664886520555,-0.24739589243544818,5.635897620880966
7,0.0377737091820055,-0.03930580326636482,-0.003000000124440773,-0.23240980891557347,-0.8783352336463471,0.4177474093938145,13.573044414752047
7,0.003439453918197339,-0.026172414555866236,-0.20999998521500834,-0.03482444715456422,0.3675625145350036,-0.929346574636763,6.182351185012174
7,0.024725894771255266,-0.0025057229754157717,-0.20999998553855043,-0.7720707470601235,0.18315281585858376,-0.6085735843569738,8.001950918483946
7,0.03071723666106282,-0.034649823178096645,-0.003000000205964707,-0.6253470238439603,0.055737608488536705,0.7783536591867993,6.376368477828356
7,0.030532777880521743,-0.03567691479418485,-0.0030000006401493173,-0.3793849556281394,-0.05647503087292451,0.9235137391132506,6.195084586436205
7,-0.011345811957790228,-0.005020577912487944,-0.2099999847334859,0.01793809648130118,-0.6555408694114628,-0.7549466161430824,8.644282069801179
7,0.03530503850150757,-0.04036141692827597,-0.0029494779124462703,0.6797294705197612,-0.6776273748015171,0.2806937616451955,13.968851870126104
7,0.023211384865831835,-0.06614075679019096,-0.20999998566148625,-0.47678802040714496,-0.4040734203559879,-0.7806393882952928,6.376858502796241
7,0.039969693514364024,-0.03439169373216438,-0.209999985818434,0.8325472094190701,0.34448980145225394,-0.4338109274602306,6.781191968054859
7,0.03868658792633818,-0.03480560686214744,-0.003000000111183919,0.08762150294164409,-0.10129922604491112,0.9909898783665501,14.311478972106615
7,0.030981994159847637,-0.037872977761155426,-0.0030000012221678947,-0.3236226533671172,0.18411543886408321,0.9281001472898887,12.666732631171271
7,0.04979036488493789,-0.0030691939582141075,-0.20999998427463853,0.24757124960167334,0.358964911939824,-0.8999181453702889,5.0665852631756705
7,0.008072267551568972,-0.022361052821670228,-0.209999985946362,0.23801813093829988,-0.6030901141153159,-0.7613341471397521,7.2862437128190995
7,0.03617023909948231,-0.04019805344331425,-0.0029525757553863037,0.7540081897727082,-0.5576488672627234,0.3471302213813784,21.156400038485124
7,0.03609605408943675,-0.040513117776768554,-0.0030000005195356017,0.5601526388509087,0.21755889101942577,0.7993104216302708,10.99628381439753
7,0.03284631906318562,-0.027903166561160708,-0.0030000019029700186,0.4163053366646979,0.3820649735425384,0.8250552846060873,0.9242607801235304
7,-0.00465312312499022,-0.04788984829446671,-0.20999998587287672,0.04577579888584544,0.4014992652134035,-0.9147146638539584,6.2879499339263
7,0.0529053073462068,-0.05441491197819952,-0.2099999847557792,-0.7828467043042113,-0.30745833475565193,-0.5409439989031362,9.752418797591497
7,0.027022874964084467,0.002075724100041961,-0.20999998572213624,0.3587724776942358,0.5903268157915835,-0.7230467203483527,5.927837547839434
7,0.04214573813664023,-0.009366681564715937,-0.144943465660401,0.9229837610489742,-0.19002267379797305,-0.33465259640791545,10.106015618895148
7,0.04122114396340989,-0.06026536105170363,-0.20999998171270517,-0.1065201215454624,0.26193155378784394,-0.9591899315757159,7.541757996800876
7,0.047821481405955144,-0.047157924925811154,-0.20999998500854938,-0.3265188270415573,-0.23972606853143724,-0.9142848941406972,6.064976662519797
7,0.010472901843750167,-0.03759527847426282,-0.20999998499714456,-0.6875221878716226,-0.0500583168973202,-0.7244359226968418,9.07137084419599
7,0.011582269789149821,-0.03872232104955714,-0.20999998576968892,-0.2837321436609192,0.12333378611042473,-0.9509389296149607,7.016439671536845
7,0.045090184403941996,-0.0684070841891686,-0.20999998594850683,0.1716546275507836,-0.19038419368251888,-0.966586027023078,5.528764887002492
7,0.03320067918652177,-0.03063394661496472,-0.003000000436390652,0.6400766222789992,-0.5006391710771338,0.5828055747803961,2.144151788434826
7,0.03665817373529852,-0.0320012070490692,-0.00300000035108745,-0.4342920532103272,0.09927910850388508,0.8952843521100051,3.9433105817541056
7,0.03266966833462194,-0.032956324695062725,-0.0030000003675889715,0.4459663637589656,0.7446441976917726,0.49660751226656097,9.39463437113594
7,0.06143090966815512,-0.1049687789384002,-0.20999998593938354,-0.39780075533089954,-0.6632532183962623,-0.6339161832175968,10.185796455326416
7,0.043137935245604685,-0.07338971594129615,-0.20999998581474624,-0.5172915326187619,0.4042507554605575,-0.7543147864058486,6.228328529879354
7,0.0687379617293081,-0.04143926035772476,-0.20999998455614718,0.21525871438276897,-0.075246880027182,-0.9736537335872812,2.544888380069896
7,0.04135590492666072,-0.03679625636023798,-0.003000000092823894,-0.5620422210243539,0.7651290599980901,0.31414338021427485,4.985866584118864
7,0.01868953782779075,-0.044300100403292804,-0.20999998557466815,-0.005298472568125207,0.6088723138355462,-0.7932505478302507,9.529100939736084
7,0.027180408409844852,-0.028105250771179452,-0.2099999851166987,0.8454294339001974,-0.16497483300802931,-0.5079688738192177,8.814451891115018
7,0.020655132871939617,-0.03198269806181693,-0.20999998477676987,0.5804375534745168,0.007755849152980697,-0.8142678265291057,7.736433761216402
7,0.03634261688691265,-0.04024895192266037,-0.0030000011525686356,0.8312580106844994,0.4054977450023226,0.38023900177504166,13.765807428260498
7,0.033090934538730146,-0.039888093224125454,-0.002609901064824384,0.04766294315214299,-0.9215548492182848,0.38531143732355005,17.120568006327318
7,0.0336603894098489,-0.04014207134048292,-0.0029022415277744594,-0.706109581433063,-0.5046446090399024,-0.4967324003680338,9.170391931863971
7,0.041779507759563295,-0.02406466315474668,-0.20999998594588304,0.17235513958115747,-0.6214198356898413,-0.7642846941233159,6.710566297041925
7,0.02576546713418059,-0.06799825981203403,-0.2099999850624983,0.0946252463995281,0.4293260801948455,-0.8981788127140151,3.3623651243775026
7,0.03842925712250607,-0.03843224024930281,-0.0029169674005856245,0.15217482633323715,-0.7990105540194031,0.5817430333025533,14.033868373277118
7,0.03292970124089782,-0.03979561547027488,-0.0026426876165789688,-0.14933710767703787,-0.8237236126262857,-0.5469715150467686,16.027322851863012
7,0.0319272321048677,-0.03893394285005496,-0.0029783308491256716,-0.9752510647293262,0.2186241643418212,-0.03299750763551866,7.694649338020482
7,0.029581059269426016,-0.04261459974931579,-0.20999998545608556,0.4358145096802481,-0.7534927931283987,-0.4922543284276217,5.863866412755679
7,0.021149928757016496,-0.05866966469565164,-0.2099999836515772,0.5315415001260216,0.3642501175234586,-0.7647126816837323,5.327825548491104
7,0.03185371943750392,-0.03884306903096339,-0.0029806542359592735,-0.3408837643270948,-0.9364652756973175,-0.08265014598496882,7.208622385582393
7,0.02972221345752292,-0.05099129972288711,-0.20999998597608915,-0.8723544055015653,-0.1375350124368344,-0.4691288858682769,7.968825973009379
7,0.014662575023872264,-0.02943417490302623,-0.2099999857272657,-0.31588329917471697,-0.6845134850635177,-0.6570076331890622,6.77655924893257
7,0.04490634325965088,-0.029204826975043167,-0.16807723999302446,0.23054126883303394,0.215806772035521,-0.9488298901849916,9.599927411612803
7,0.050788486789470864,-0.024711542783993408,-0.20999998535541964,0.5893514862596364,0.6644476700749649,-0.4595368531200824,5.059882007965443
7,0.025651445279114837,-0.047802122358760975,-0.2099999859191056,-0.8237242293827644,-0.19236815689467288,-0.5333599967570849,7.441198748569484
7,0.031257651687811513,-0.037785441239885725,-0.0029884382812630653,-0.7806184519845123,-0.29159880505638,0.5528154930091909,8.299966245784448
7,0.013794009622039777,-0.030585794871531582,-0.2099999859828964,0.5240271995105915,-0.10198343289944915,-0.8455736949474778,6.9393345915729725
7,0.0322090010160224,-0.0405285210363697,-0.003000000287235232,-0.18222713754929523,0.03412855502781866,0.9826639873691839,4.789477612579001
7,0.03489973353829222,-0.03894664466959856,-0.0001890711698053562,0.0742275180932206,-0.903374636332492,-0.42237961833978066,3.651712449065127
7,0.033334781426407445,-0.038903544259311335,-0.0013229574598941384,-0.3400936496449633,-0.9403379145370472,-0.010045693370063669,3.740644118621984
7,0.03297384066578819,-0.03909691960505778,-0.0022367678823167667,-0.5449382618701688,-0.8230532607448535,0.16008004475006632,4.361143169523513
7,0.038906821065053235,0.006551805464735325,-0.2099999855115905,0.3850744184539971,0.4258015262284947,-0.8187861457754401,6.134002695153886
7,0.031245739663461294,-0.037753458470891996,-0.0026364126002195133,-0.8040579945219362,-0.02794394419327656,0.5938938267302373,15.92197071697553
7,0.0347769189838307,-0.03968801213443811,-0.002056109541451164,0.3880436723851562,-0.5245708567767142,-0.7577912143475836,20.09314885591935
7,0.033531265176060844,-0.04009365994955527,-0.002963767819434423,-0.3048723528876293,-0.7310443243066811,-0.6104318506956766,11.729358701298187
7,0.08015404435478737,-0.0016892455784493928,-0.20999998376956114,-0.2384880167585007,0.5247485639317614,-0.8171673087649499,7.233164022303434
7,0.0320968202421932,-0.04021745725011536,-0.0030000000056287683,0.2770522256164098,-0.8456591146103514,0.45618277713810107,5.697093014720574
7,0.036428675263171686,-0.040484699987154184,-0.003000000279100576,0.2964217087192765,-0.7384538250875244,0.6056567665052117,12.042538802751505
7,0.036946029121600305,-0.039867764723029775,-0.0028933241139943826,0.6037695588960555,-0.1148801819547524,0.7888376661547706,18.003361666230184
7,0.03212423145683615,-0.039153336255573934,-0.0028675274069332344,0.17686590953074388,-0.8473314650801143,0.5007472799037956,16.47211153438154
7,0.00920243985834061,-0.021140244463731486,-0.20999998572577344,0.17651861221178597,-0.4745457994800151,-0.8623499659295514,7.308673860998063
7,0.03290089304431018,-0.04063516366925459,-0.0030000007479835155,0.5909810950147684,-0.2881382708536364,0.7534704255673357,2.6071498384783647
7,0.05447423355026827,-0.09449446551563279,-0.20999998549006957,0.252785815908716,0.7372016337977284,-0.6266044066245665,8.658488209133154
7,0.026637746953709025,-0.04900417854521566,-0.20999998428404948,-0.7171926005740266,-0.15480560636171262,-0.6794630217464722,7.284882122541082
7,0.03655521608906709,-0.04058049761877015,-0.0030000001106542384,-0.3814920831887517,0.2523927019753533,0.8892478363504108,5.7314960163957505
7,0.03375506870654843,-0.040174393997750774,-0.002787453010619105,-0.7463967854372193,-0.4129583350735507,0.5218785799228269,10.240737397252872
7,0.024297339969889788,-0.05198891262347742,-0.20999998506450723,0.46444111258484594,0.6362011203102031,-0.6160702780178515,6.863235251748073
7,0.036175326524956614,-0.03392626667988323,-0.20999998544744994,0.395168289319934,-0.19575084173228108,-0.8975096829990529,5.489048921102703
7,0.03648669765664131,-0.040374261517338014,-0.0030000003317089702,-0.9302863994815681,-0.22433253781124382,0.2902449438298399,8.702889336853202
7,0.037347567668668126,-0.040009161682068806,-0.003000000069189093,0.31323466696465496,-0.6233443078294124,0.7164676666174213,6.228265685159219
7,0.03835180347448251,-0.04037360916827482,-0.0030000031789870663,-0.130071065162206,0.02425750972671673,0.991207895060076,5.276444089559586
7,0.036037072718261065,-0.04023628164873121,-0.002871517506746568,0.49949619318471095,-0.6670109996746966,0.5528108892803615,7.751038860244507
7,0.03691618408022207,-0.04292810480518512,-0.0030000000913302034,0.4720108829908243,0.1648876202363948,0.8660356799988096,1.205308348035861
7,0.029234659281436308,-0.07269871131791891,-0.20999998504869882,0.4835119304841343,-0.12891724270143312,-0.8657924448814306,11.02565720843156
7,0.08654184894740251,-0.02176820109427087,-0.20999998491780816,0.3900067177436481,-0.8194225814650729,-0.4200492746094705,5.344869569102966
7,0.043541283682692,-0.08887713971554656,-0.2099999851870651,0.5142879501304088,0.7760624395293694,-0.3650136905684297,6.394910715897223
7,0.03631137144488881,-0.039593638077530136,-0.002443386467766021,-0.07325313098938216,-0.927950107065019,-0.3654347788570109,5.994411833230334
7,0.03959883840106718,-0.03783148954970622,-0.0030000019177313653,0.531705160135141,0.628231908810473,0.5679914536663505,9.765017987706749
7,0.03604705774037871,-0.04844154247448979,-0.20999998569345607,-0.5620087571533465,-0.5878615022095606,-0.5818633955688135,4.919437572640495
7,0.03505942714571092,-0.04599959556827962,-0.003000001040450605,-0.8619042069482076,0.335738310172996,0.38000121727063213,0.08366538419756801
7,0.037858325892837004,-0.03926055277529571,-0.0030000001513353822,0.27533189317565765,-0.14146447992697786,0.9508838780415292,6.6639467734091875
7,0.0307292407701139,0.015556790057471074,-0.2099999859502002,0.3829981308206858,0.8354204753065056,-0.3941891186049071,3.1097869515507415
7,0.04021952117238733,-0.03639047855991023,-0.20999998549509316,-0.4080974011016341,-0.8951177532778437,-0.17950130634877753,8.121792337122967
7,0.03518803837400786,-0.040368644101247575,-0.002649098616950644,0.002782458247963939,-0.9684600677520554,-0.24915327630954917,14.037800352648533
7,0.03641652113665172,-0.040113847418570034,-0.002806495812564583,-0.06235816949226933,-0.9948190741455258,0.08028990231537343,17.059471834492918
7,0.027633559798495855,-0.06279599590410986,-0.2099999856605363,-0.6637900162313309,-0.6409927606231771,-0.3853713730679639,5.468208577290928
7,0.0348506004808288,-0.04037027545225953,-0.002825425470403233,0.03418333451402788,-0.8043335252586876,-0.5931939647252269,3.453210729786744
7,0.03884538550886229,-0.03490865927266492,-0.003000000029151762,-0.5356293860668478,-0.8167638313591643,0.21447145396334272,18.57489931506068
7,0.02434099890021106,-0.0164543515790239,-0.20999998327810768,-0.028523635690075884,0.010327703286335614,-0.9995397644675521,10.178656276117781
7,0.0030283634432386906,-0.03875869418431977,-0.20999998583098117,-0.4030399269410341,0.6815315209187429,-0.6107975141448684,11.742068812508855
7,0.033415418445714634,-0.040241287167501,-0.003000000236393187,-0.43355067356890875,-0.4846166892540716,0.7597239485131219,2.3473456841230034
7,-0.02633348120958022,0.0003206588120656098,-0.20999998593782676,0.05642042076741074,0.8992531121688206,-0.4337747991471137,6.8832591954386455
7,0.0720688048550906,-0.006244388956055638,-0.20999998519097618,-0.5577138144344261,0.521702318008229,-0.6455865492510228,5.995644786609382
7,0.03637365019954683,-0.04013308581537197,-0.0030000015589054904,-0.06532506116544462,-0.5090653447208255,0.8582453677055286,8.366413474430011
7,0.03609653466373442,-0.040219825419005054,-0.002987846397136949,0.4311237683586598,-0.5142766452023546,0.7413850744084617,10.510413701314512
7,0.035938682478498095,-0.04051130885385379,-0.0030000032424756873,0.2589633389832033,0.32868213151477366,0.9082433844986568,13.213772468967125
7,0.03320208917530866,-0.03994622800962617,-0.002976983552754617,-0.10293132717886105,-0.9414736001708923,-0.3209869188400944,10.246817631759402
7,0.03597360398873874,-0.04162795962324205,-0.0030000010937095978,0.8320212651550657,-0.1814517581227888,0.5242288372494526,6.519581883611944
7,0.038214007453833465,-0.04099697290830459,-0.2099999859685297,0.14837035095312467,0.333076688693486,-0.9311531337041342,8.84409246805959
7,-0.015575925070033542,-0.06811605968347528,-0.20999998460510472,-0.7059475768097971,-0.43814551802500235,-0.556476885262073,7.03696912941956
7,0.022272392086239788,-0.04513086363500722,-0.20999998427513392,-0.2316254790232412,-0.5153666807429308,-0.8250738281191976,12.10453256821573
7,0.029620301032254513,-0.03795315019186431,-0.003000000130167205,-0.26538877455084753,-0.2223449476880555,0.9381532511162531,10.153658663375811
7,0.04820881669038364,-0.04149373979118394,-0.10227428792871616,0.38527776283783266,0.9211201915720288,0.05566541242983403,10.832477959334843
7,0.04320489783887019,-0.038899812433163025,-0.003000001121339296,0.16964563306377603,-0.6108155853249977,0.7733852079697873,2.302153728045678
7,0.028709275078765258,-0.03936781991860055,-0.0030000022202812207,-0.2345799077777883,0.45273806759405744,0.8602328225650094,2.124236099050182
7,0.03154623824050446,-0.03916549354230922,-0.0030000000131956573,0.19442771108462717,-0.48097390272870627,0.854904655535522,3.8306422762291144
7,-0.00137596204572772,-0.054690898298211124,-0.20999998559854663,0.0020550823533167237,-0.4558574924060972,-0.8900504048949959,3.012559456124343
7,0.06816789822096278,-0.02272824853361903,-0.2099999859204365,-0.18548799822935788,-0.3529978536422587,-0.9170532797154284,6.437341255098466
7,0.02174248862571649,-0.01404049654311585,-0.20999998523757857,0.5424500077814896,0.11257843730170901,-0.8325107113500505,3.9790465745114614
7,0.0352971482450294,-0.03216497278676127,-0.0030000017160958462,-0.397575086766856,0.26365989213464963,0.8788728643335575,4.369983770548955
7,0.01926355166897393,-0.04806827310320222,-0.2099999856353087,-0.0006376955179179126,-0.397671260148443,-0.9175277446466539,4.284517930674372
7,0.038290695050968354,-0.034099014884301046,-0.0029557251298033037,0.5348576249793233,0.8255228192775974,0.18010939968098522,10.075491943579834
7,0.030770397017957498,-0.03587784240858685,-0.0030000002922355848,-0.1200083206739415,-0.8514860783804585,0.5104600486750046,9.583037390509666
7,0.035162101819668265,-0.03610438268234599,-0.2099999857888651,-0.40535607133966367,-0.7802451581483788,-0.47634435927602287,10.233800096204607
7,0.07309600456190704,-0.05269983064446791,-0.2099999842012638,-0.7387663034298878,-0.11762774164699102,-0.6636174073301327,8.639751687820848
7,0.07540658585406053,-0.006432833340338675,-0.20999998435371367,-0.39042021091232204,-0.10714664538945681,-0.9143804762203551,7.823343123281929
7,0.04196972506820559,-0.054343071198312776,-0.20999998505899597,-0.1782079482205236,-0.786673347829796,-0.5910896471816199,2.190646360432837
7,0.038256219065688934,-0.03900041189666956,-0.003000000248782334,-0.599910079009887,-0.5603715436341757,0.5710443329439514,8.520731611693504
7,0.03798801728358103,-0.03903233749490485,-0.002980536181319094,0.5065453612645447,0.014872662714582471,0.8620850311223077,10.367501478221515
7,0.016208611231740534,-0.07587604350518534,-0.20999998555404722,0.6641829415797184,-0.5448714534901882,-0.511836027733494,8.984257190918488
7,0.03889326062900911,-0.08061554505937954,-0.20999998589998142,0.3735134947427426,0.6676348578985802,-0.6440119298303457,6.2320933431378345
7,0.0880942467734128,-0.05416744945811685,-0.20999998597970132,-0.40899025258104443,0.3448118269932434,-0.8448856592813463,6.068587773342928
7,0.035325318336785524,-0.029579272085524758,-0.0030000000468743816,0.27099556490942706,0.6074874111649295,0.7466729197416714,1.9882805021499075
7,0.0533602829955194,-0.027586468292269795,-0.2099999856104228,-0.7232234452409346,-0.19329201060817514,-0.6630128557493301,4.277164021674592
7,0.024908077206801646,-0.06730379721550288,-0.20999998561336014,0.31706481278227294,0.09025078557690085,-0.9440999418483697,7.104405409965788
7,0.03213569159223014,-0.03460721054318114,-0.002161851510415154,-0.7040273596822668,0.4734965247110407,-0.5292886905133937,8.090903439981146
7,0.031028022229720544,-0.034516320841125284,-0.0030000008845084396,0.829073170536623,0.11287471477529905,0.5476285024181509,8.327582611587406
7,0.03069214104283801,-0.03565309901118016,-0.003000000147130824,-0.8484121978271917,-0.2650867632288175,0.458176549529658,7.529797551516485
7,0.009748273718040806,-0.049106216625247126,-0.20999998580775556,0.166963405036374,0.3501909801199459,-0.9216775460112344,8.42091663911152
7,0.04200436106280188,-0.029217845721335865,-0.20999998527586833,-0.45784600863127745,-0.7510814463672825,-0.4756613220593403,5.05592646786496
7,0.036364696766856885,-0.04013306226293961,-0.0029855197407816485,-0.1741512407165811,-0.8111014578381535,0.5583778026119033,13.986951178311273
7,0.04033022309988151,-0.04978943486539748,-0.20999998529731068,0.08123495049983809,0.6733680622041202,-0.7348308210879271,5.765698103768919
7,0.02474479508296738,-0.05620235282048043,-0.20999998562246314,-0.14238313439630434,-0.770380696546136,-0.6214826026757101,6.220654586171325
7,0.056563921027791744,0.001706403664322965,-0.2099999853726429,-0.6847366894656918,0.045339277115979695,-0.7273788669257347,6.86888014262133
7,0.04244859838607368,-0.035706696313068255,-0.0030000006134018203,0.3773077496125138,-0.5789030850787006,0.7228485873049094,0.8108825968344288
7,0.05940588275027151,-0.027563268071734693,-0.2099999858830518,-0.29326636354782387,-0.7056123442677283,-0.6450628338607306,5.664638884981631
7,0.0376347197720066,-0.015627809802101975,-0.2099999848237507,0.15055448358871196,-0.5472765870210407,-0.8232992680489502,6.737594055610709
7,0.08341992884120186,-0.05859068251057908,-0.2099999841973797,-0.029435869647830907,-0.6392559670878931,-0.7684304380492739,5.984567713023414
7,0.030996616011918606,-0.06011417373725081,-0.20999998463035158,0.5616161213935719,-0.3077573792000014,-0.7680317231330926,5.219924229858603
7,0.03154436934254835,-0.02090375226595942,-0.20999998455721378,0.7856226167876131,-0.12436431329721889,-0.6060780655739773,6.899464904465921
7,0.033829579726636375,-0.04064914444258155,-0.0030000006237556856,-0.5272362664647487,-0.18056855232417834,0.8303113375330144,3.189884603528473
7,0.03470095191678566,-0.040361872008360986,-0.0025967813007891074,0.04512171893908648,-0.9989371297093285,-0.009414954491153442,11.896298166022108
7,0.040875035409757204,-0.04156870206075246,-0.003000000902564126,-0.32618306090053945,-0.8243153349082847,0.46271896375294364,1.9297135370488472
7,0.031159581037965765,-0.04172577334785217,-0.0030000002745975427,-0.16917455601009343,0.8593907944475824,0.482521949777977,5.871939508311165
7,0.03637312787091286,-0.038285598686377154,-0.20999998450664376,-0.4148418302471727,-0.5377995036306921,-0.7339468303438315,6.9795358864644115
7,0.03654648048062672,-0.032614046781030984,-0.003000001349545648,-0.1427593644084859,-0.5263761828502208,0.8381812918466484,6.315862306557239
7,0.020425355081448472,-0.018290196038136808,-0.2099999857749193,0.13540645996694498,-0.43876869303723387,-0.8883395322789691,6.368887313888048
7,0.0311870828514518,-0.03834076006440544,-0.003000000100389924,-0.5053013741405605,-0.22670334177210705,0.83263204125293,4.801191663972923
7,0.07502872757005316,-0.03663271153910043,-0.20999998588074906,0.4495684022595116,-0.06674432105293969,-0.8907488126834704,4.005959045866743
7,0.03107843253444135,-0.03440314720278208,-0.003000002074588669,-0.7598332759264476,-0.06298983012272161,0.647059250838742,6.014608312349429
7,0.0239480756211076,-0.06008373003173774,-0.2099999835541001,0.05309616952262171,0.017872532101370672,-0.9984294513776674,6.150454882626049
7,0.03156296710198721,-0.03425493259857246,-0.0030000000583961777,-0.020537262097556616,0.2548957178189947,0.9667504299989093,7.473090863517307
7,-0.020747416649253576,-0.03195807403630825,-0.20999998555887442,-0.010190975041381093,0.05352023534943224,-0.9985147612508526,7.274830437235956
7,0.01215627643781516,-0.06805772339822477,-0.20999998550558557,-0.16742829557016783,0.26745678497446007,-0.9489123426395052,8.64637990367953
7,0.03251057541542962,-0.03976039378685111,-0.0030000022870878096,-0.187391021096367,0.015714844657561636,0.982159686033717,9.317656553406993
7,0.033680471228809565,-0.04014914830798033,-0.0028591963978116296,0.256744513438778,-0.9481867622266551,-0.18714731832761528,6.91044691448883
7,0.04195898666706979,-0.0409191583622575,-0.003000000099560314,0.7214451490873525,0.5924713316924544,0.3584614595474629,1.2519190428785971
7,0.008097732650681401,-0.05691185157136519,-0.20999998533120032,0.6219764980712427,0.17730031444804262,-0.762699045720957,5.570462679931375
7,0.03247513070742642,-0.04055960898780123,-0.2099999858474112,-0.18157639501128697,-0.7710572979610807,-0.6103283182318041,5.842001687326672
7,0.03597821124145953,-0.03955177978255427,-0.0020645038230886524,0.9920590830764373,-0.12060117645001205,0.03569498458343601,6.707969069859456
7,0.03868169977792128,-0.038407955571383726,-0.0030000009367749433,0.5846482093490843,0.22969565112343654,0.778091497935744,7.06279585320067
7,0.03122701298109469,-0.04000656273048503,-0.0030000007047529913,-0.6308545743365624,0.435198749951665,0.6423585868338203,2.5444389401290737
7,0.03361658312046774,-0.039565117979517964,-0.0024474058268256506,0.49419364814066613,-0.7139740435176359,0.4959976847934841,6.058726501431011
7,0.03349299606241852,-0.04007832394770726,-0.0028127461829222464,-0.8154552044348123,-0.4627085004468327,0.3477551626855048,12.74563440991772
7,0.031684098880746234,-0.039105219052787604,-0.0030000009014854684,-0.049327318064237555,-0.07688737277721526,0.9958188327200923,4.572143382057217
7,0.03504156940190563,-0.040397093765848824,-0.00300000221869846,-0.1029891825754043,-0.8028954401437215,0.5871559762693979,12.884872112928296
7,0.09640662937683252,0.018919208964578365,-0.2099999844393358,0.16819317727285427,0.7367823753329625,-0.6548761612072771,5.929947861284509
7,0.06451051507553447,-0.0289747199015288,-0.20820422357265644,0.31634354688914357,0.36051846010964006,-0.8774697717082737,9.095987711789176
7,0.03280783166926106,-0.03971886801201819,-0.002814073164888545,-0.7824970102070323,-0.5569395413600218,-0.2784183476115468,14.28611411042009
7,0.03164479557514757,-0.038263771231900924,-0.0025000009593652175,0.1262846317028372,-0.026107296914747447,0.991650442869605,5.402302357440271
7,0.03685394556155608,-0.031733672042169286,-0.0030000001288664055,-0.8368591015358134,-0.3404396291997677,0.4286813537430752,5.837728189566812
7,0.020661574704757428,0.016635266762525823,-0.20999998286397098,-0.006710748748253477,-0.23991930047193943,-0.9707696406008446,6.824470859177929
7,0.029597150850863178,-0.04275227278519786,-0.0030000000345897057,-0.09049324960596397,0.153424868824005,0.9840080189724516,2.5878770208696205
7,0.022399386186931266,-0.0003755191310090087,-0.20999998570808098,0.7735472806583905,0.35080394589064967,-0.5277889693178133,5.86073475833215
7,0.01685787795328596,-0.09827793769202253,-0.2099999859768918,0.9270377907490729,0.0977018020501174,-0.3620155969005176,7.560215956566508
7,0.0038843631740541913,0.015447915995133715,-0.20999998425801328,0.8218562114780675,-0.007147417129170226,-0.5696501400713421,10.004750262493332
7,0.04256735247246944,-0.0313376272046114,-0.20999998364357528,0.35955543699564735,-0.1934909683987855,-0.9128423373589599,6.743205222822941
7,0.031803112154048366,-0.03877720692407709,-0.0029086399710159,-0.5694633138902183,-0.6808619476877606,0.4605850001074717,5.691249794585232
7,0.03233859737773068,-0.03935919008399763,-0.002580401719740142,-0.064114940485557,-0.8131821859814877,-0.5784669453036207,12.738455306431266
7,0.03263084130568168,-0.04112616337151284,-0.003000000013618233,0.21897205997945013,-0.28181397468866626,0.934147804481995,4.45671430730789
7,0.03115753070227157,-0.03748453503606159,-0.0028183994073988647,-0.9613330481035822,-0.07576366761651912,0.2647614724486344,15.307188856054609
7,0.0492065044334793,-0.06144784815074733,-0.20999998376221252,-0.18445039516222964,-0.5531115594661932,-0.8124319383858399,7.486397810736004
7,0.03342678341557087,-0.0405859916684556,-0.003000000674450199,-0.33050771424260467,-0.4960043999015053,0.8029597039107731,9.84734064020105
7,0.03232576722347709,-0.039758457534241926,-0.003000000209664002,-0.5244685919465976,-0.45755868392628696,0.718033945454668,13.618624222159246
7,0.03243209010524397,-0.03956896916898664,-0.003000000143012234,0.15919158161403119,-0.2770380832959777,0.9475800445064864,3.937434778767333
7,0.036598440503226505,-0.006652128069551337,-0.209999985588117,0.7721373122839345,0.3472082733133743,-0.5322127261929074,7.709194265014498
7,0.03375724246622139,-0.04017510582713715,-0.002751783737622342,0.17297369666549572,-0.7355247474555155,0.655044613856471,9.313366737876681
7,0.04597928279221995,-0.04609279964369126,-0.20999998476264192,0.6515149368460552,-0.21877041954311796,-0.726407454944819,7.002631659435639
7,0.03654755510058884,-0.040125961411664315,-0.0030000002729720404,-0.6251100278666196,-0.05557749174531204,0.7785554543331475,13.083374263015042
7,0.07197004735597551,-0.06771752872582057,-0.20999998598651082,0.9510615654410471,0.2070898680087992,-0.22933749215713237,8.103986603088112
7,0.03640875464933921,-0.046487795686816706,-0.2099999846571331,0.014129771519861998,0.44597731365321786,-0.8949327266691361,6.345622034277059
7,0.037006799976946975,-0.039833228364998335,-0.002986237603005561,0.6655143048390985,-0.7463796386298753,-0.00285396097881162,8.520006240608573
7,0.03506474645614804,-0.04093453846757106,-0.0030000024224876988,0.3439326391220772,-0.24036849251655798,0.9077077324512779,4.9272155290589374
7,0.09277395903094779,-0.037965421371911154,-0.20999998570192957,-0.5882150417021671,-0.6086665231925668,-0.5324735939555973,5.735756958429048
7,0.06251200241182525,-0.037302502145809616,-0.20999998432477424,-0.16349272855504104,-0.5502634575795009,-0.8188285870451034,7.875062664600998
7,-0.017311997946719213,-0.012486249163757346,-0.20999998595024771,-0.33078604965968206,0.8591311663631811,-0.39047948516405073,5.968948304181665
7,0.08609633792367025,-0.04733106718138751,-0.20999998575355194,0.13038689163740674,0.2748800517805645,-0.9525965649855394,5.101901914274688
7,0.038347111284693716,-0.03856323233280072,-0.0028025751785259864,0.8168997390143973,-0.4291757936185257,-0.3853348603099881,4.482547166498432
7,-0.0031915489669790686,-0.058833279459873045,-0.20999998569073947,-0.41256218538600326,-0.7887819929145573,-0.45564834120543524,5.064427990163522
7,0.03497829732603146,-0.04037300790221733,-0.0028139695728744687,-0.19354264970352875,-0.9313801625011177,-0.3083378595714915,16.112201971039976
7,0.035166184032992,-0.04036961299122624,-0.0026455714593954156,-0.48343160494848597,-0.8541362753204138,0.1916901315109913,7.287738890066974
7,0.03468667012564778,-0.04036077509733065,-0.0028470454531687936,-0.19702645783058495,-0.9602569084274455,0.19770494362078395,15.528165786512279
7,0.034851979849475176,-0.04037032590631773,-0.0028229564395460937,0.1774396209834861,-0.9822711315069759,0.06048640436694128,6.528210975333618
7,0.010370618038186358,-0.04040142593497072,-0.20999998484505447,0.2664236418912237,-0.45921439799230707,-0.84743175519801,7.539456288612418
7,0.01210317015474265,-0.04129237049947527,-0.20999998588486507,-0.3143484732460902,-0.4449559537295426,-0.8385697565548648,5.194596562372591
7,0.03332554940075497,-0.040101736336757364,-0.0030000001044917877,-0.23920683817308108,-0.4193405086004795,0.8757474672632107,21.292750029320924
7,0.044599672853932945,-0.07459919814054483,-0.20999998548979787,0.1276883945421467,-0.1320676750695271,-0.9829820970399102,7.480277968812393
7,0.03901786820125404,-0.04131907351809982,-0.003000000050289264,-0.124517816763162,0.24855949595913004,0.9605797677845805,5.353075075973561
7,0.03339575796622133,-0.0404212317989915,-0.0030000000925093978,-0.08171781953722158,-0.24196566709509304,0.9668375323275926,4.548166937072153
7,0.07615761099033604,0.03004586787457856,-0.20999998356925442,-0.13044334310952765,0.26332734788210754,-0.9558468716775643,9.762439034477973
7,0.03283030889829457,-0.03973348726887384,-0.0026170075161095936,0.13627041027935816,-0.9586716760143088,0.2497578685251214,10.929922107149157
7,0.037356170554907434,-0.017565843171950965,-0.2099999859660604,-0.010380149957961085,0.5874483278699042,-0.8091951029076386,7.328389385063046
7,0.03371521423492907,-0.040161109469210185,-0.0026755974687467697,-0.7441240894146567,-0.26257993899669124,-0.6142728344874955,14.300616398633498
7,0.046903092245127495,-0.031659382966825834,-0.20999998580894266,0.11286837017005721,-0.10139987940079544,-0.9884223770598576,9.469103143087997
7,0.013190350391396741,-0.06304171483674478,-0.20999998524674396,-0.28523912260471374,0.4633238892841348,-0.8390289724165166,10.238970917295571
7,0.029362460996835853,-0.036834228249433665,-0.0030000006620005985,0.4124955010438767,0.3640140932414127,0.8350695788616619,0.5711083367346996
7,0.03308925354453056,-0.036216008621931375,-0.20999998531167666,0.0011823134908296145,-0.8500257075374156,-0.5267398776059445,10.765606639875308
7,0.032351000660990524,-0.03966360678138913,-0.0030000009536700076,0.15316232907963265,-0.25834503616172905,0.9538339180598985,9.596844314590673
7,0.0507015937764146,-0.03902354300306009,-0.20999998594689345,-0.3672844809059684,-0.9080661179145069,-0.20129092274941393,3.5371291793772976
7,0.030982984121876812,-0.03888030836570251,-0.0030000003577946065,-0.9257016490030098,-0.0040589685236417355,0.3782327085375253,6.945737531039152
7,0.10263241710515096,-0.04167734218074138,-0.2099999856508255,0.4646910022963087,0.2902783116486888,-0.8365409578563614,6.752582587232887
7,0.009582800215414881,-0.02823502745230596,-0.20999998501099526,0.4185791778337218,-0.7065561913885116,-0.570587259141498,6.169778018802353
7,0.03815755405050755,-0.0388286409565851,-0.0029679674253119907,0.9364671540535229,0.28331558877402696,0.20678865185624093,14.707065784509405
7,0.04724574426526912,-0.06288847220746327,-0.2099999854117317,0.5812988529392774,0.4609266494973159,-0.6705507194498108,5.39960293025111
7,0.0763726936082381,-0.06049517752757981,-0.20999998435306655,-0.6210115866609868,-0.10171283178181623,-0.7771737959322406,3.4510434909773537
7,0.06392367905129627,-0.054489650557988316,-0.20999998576180529,-0.9382257331536041,0.2539743127816619,-0.23500962128275618,4.4309708665475585
7,0.025782968411640593,-0.04096716931598446,-0.20999998455087787,0.5683981401967831,0.6509889969802346,-0.5031271012691579,9.871806632555717
7,0.03651197678569515,-0.06462666683551918,-0.20999998355905575,0.37845677869846783,0.33929727493525896,-0.8611897734406083,6.569030236786955
7,0.05509675929262504,-0.024201534934345424,-0.209999985465332,0.23541323711251105,-0.3621695087656793,-0.9018945917969763,5.945916861349048
7,0.021460554952179377,-0.025513799110556082,-0.20999998565752237,-0.03375494173554367,-0.8927872252582606,-0.44921217072123715,7.129733100815343
7,0.004086717498665232,-0.06318824014619626,-0.20999998587161195,0.2694249140718293,0.5348838846530507,-0.8008179853224137,5.11609822920733
7,0.03600443000002891,-0.040411863430325295,-0.0030000015394459523,-0.5400434128139846,-0.332625354019402,0.7731193220581748,16.14530424431342
7,0.03486066544427326,-0.04111452262976735,-0.003000000783511675,-0.5611057229886096,0.2099589744454793,0.8006732146632807,5.142705348379407
7,0.038496529776743935,-0.042872180929331524,-0.20999998438946565,0.5264488980840138,0.15796322406517352,-0.8354036015897128,6.2763788630669985
7,0.03021691509538045,-0.03831201994663072,-0.0030000001567291705,0.19288668170559006,-0.03144317787503342,0.9807171124160756,8.156026118367361
7,0.024860209161433118,-0.03479947168706933,-0.2099999859813033,-0.0636831135865451,0.9954428049511298,-0.07097945558363936,6.968854977856486
7,0.03732143542088101,-0.04132715247102291,-0.0030000000084315867,0.006879734678410944,-0.19932575449222192,0.9799091349951082,6.846750184611278
7,0.015195854083295563,-0.06471221897138096,-0.2099999834302087,-0.1401761708557977,0.4227715899715879,-0.8953294498881972,6.140300429426239
7,0.0019119962033108196,0.007892908000941435,-0.20999998581368798,0.5648773858432051,-0.12855194294417696,-0.8150999551761883,8.453235263090907
7,0.034039277132686147,-0.04029181202574639,-0.003000000350311077,0.40342851818153264,0.3971517229130214,0.8243275682063965,16.49251701962743
7,0.03613093432862338,-0.04027876791061537,-0.003000000066602948,-0.4033709639432978,-0.35341481417135373,0.8440318919162252,2.770475588608212
7,0.03398909158691181,-0.05356652521041311,-0.20999998565402012,0.29011192584368356,0.058062783041914715,-0.9552297020657893,8.25094225585291
7,0.03899232084403889,-0.03575576929558395,-0.003000000295453127,0.5694033665366541,-0.3347342812223299,0.7508213949743938,10.890267850809982
7,0.05737518250048318,-0.07470800181237225,-0.2099999852545703,0.1708092337462651,0.24958398749002736,-0.9531694701655063,5.877681425824733
7,0.03420618266125865,-0.040450753884194106,-0.003000000887611812,0.24321093834940902,0.013987588576249332,0.9698725621611437,14.66988183486146
7,0.03356372674734509,-0.040178986576808066,-0.003000000290982247,-0.5630424747460486,-0.10241159791156136,0.8200579468824423,21.983180249792365
7,0.033274446233345654,-0.03998172301092337,-0.00291642000142158,0.24823263965252648,-0.826934409514064,-0.5045394325251152,18.498345278571747
7,0.01848980856758733,-0.05116650747102319,-0.2099999854720376,0.5034089670590002,-0.21647753210654863,-0.8364908188244797,6.652178363631894
7,0.03263449704563525,-0.039598642663364776,-0.0028830484553596966,-0.7262224565823532,-0.08263622498163985,-0.6824750529332748,12.404434892033395
7,0.03416384405889046,-0.04052363079172601,-0.0030000017363653866,-0.3545519057054998,-0.05188217794040793,0.9335958364157148,16.783222314735646
7,0.043778198786460845,-0.010397587709475306,-0.20999998474567821,0.2627100514147346,-0.09326332362901424,-0.9603569031101601,6.038092936951815
7,0.034883537507093394,-0.04490776792282366,-0.003000000621445084,0.2561070613465955,0.7491343098119392,0.610906669623929,0.5435189799484366
7,0.04314170243686513,-0.03447937017837663,-0.20999998418682642,-0.14214599899895394,0.4140659739403885,-0.8990794648936135,9.384504433900432
7,0.0318516885626826,-0.03884048014397469,-0.0029767077985416437,-0.8055591269709953,-0.522390465438123,0.2796116853299758,13.140738474398653
7,0.032906939940692936,-0.03978174594831825,-0.0029353618924048896,-0.4286686391426847,-0.7599311628189753,0.48861828208956615,15.221012470406892
7,0.032528791003948995,-0.04058640350623975,-0.003000000136073845,-0.2538664001028507,0.5833147277865708,0.7715541324146338,11.790486186881521
7,0.03348076146750703,-0.040514325963323106,-0.003000002617621367,-0.6120678332603132,-0.22955907814163906,0.756753326474873,6.23512304499558
7,0.03227214847418344,-0.03930556356240514,-0.003000000430754669,-0.15882677220055977,0.28897150647766257,0.9440707202727883,11.925572794500974
7,0.03656614504072482,-0.04011360025347742,-0.003000000988083393,-0.5066044365439175,0.016398576599514547,0.8620226398184272,13.325090792101136
7,0.03833678541862924,-0.03867415872504898,-0.0030000003119383034,0.8641971963835163,-0.2292026311755252,0.44791668826366193,15.850475823362522
7,0.03229715737798795,-0.03932173405840561,-0.002885730232693688,-0.32538735679935965,-0.9163337594788233,-0.23335704247897102,17.043039274986892
7,-0.007876762902745749,-0.05758819769756612,-0.20999998571773001,-0.33345610582347845,-0.20054516636220096,-0.9211887221073642,5.11674483783557
7,0.034858483781900075,-0.04066143239183766,-0.003000000260083205,0.7734960375846567,-0.3761865294635053,0.5100858505105186,11.754419407203153
7,0.032480867882885206,-0.03948013781878039,-0.002997739336515434,-0.4818410493162134,-0.8717218472548963,-0.08905180633969324,18.854854108205256
7,0.03555222741390089,-0.04206713078724107,-0.003000000950257824,-0.6406775260017263,-0.3617534937313993,0.6772493761159427,5.975094474684089
7,0.03277885803517072,-0.039699703164826294,-0.002627726372093903,-0.6376505391670975,-0.7695743996097392,0.034015193152755044,8.889444868516371
7,-0.021535686764807917,-0.002014125144109075,-0.2099999853850813,0.5988528088295693,0.16570248284372352,-0.783529195714085,5.920677100812031
7,-0.004398639487912584,-0.03236654492680722,-0.2099999829449412,-0.060074169132775974,0.1361292122286648,-0.9888680052368011,5.61144093574294
7,0.015177224137976201,-0.06818552563951896,-0.20999998591043517,0.5987670002476786,0.5257089306653264,-0.6042418386979801,7.509711611755174
7,0.03151378085621892,-0.038334255996253654,-0.0028731541648738534,-0.8132445063186119,-0.19583711739574633,-0.5479791933939846,21.831813660145574
7,0.029506092021043144,-0.03560660733389186,-0.003000000368830758,-0.11549011132731332,-0.10122513207872165,0.9881373926844638,7.351105477274151
7,0.02822950284815621,-0.03867622757284511,-0.0030000002326602496,0.24781811565389072,-0.13725434941320455,0.9590346318673342,2.213829490975476
7,0.028919157222341327,-0.009322781806367694,-0.20999998589282862,0.6485185457546683,0.11411058797024264,-0.7525971495596674,11.172926050410283
7,0.009020811567773873,-0.07322121602686356,-0.20999998530849023,-0.1799219623794482,-0.5806588941404679,-0.7940172139878946,7.2206097513315095
7,0.029981556669086876,0.018686017492745333,-0.20999998421088023,0.24004136395340467,-0.8148450590764299,-0.5276435096635971,6.5763930887332975
7,0.07520924092310975,-0.0605563175862215,-0.20999998548901444,0.28570742495501156,-0.944341553336169,-0.1630653181035388,6.373076591585921
7,0.01014261623207548,-0.0406461169912397,-0.2099999836968176,-0.5104919837366297,-0.5695834517364369,-0.6441836896791526,5.494602373919922
7,0.04675381791598711,-0.01572875856782058,-0.20999998582344126,0.22426316368827537,-0.19712680653956152,-0.9543830758956491,6.861102289545518
7,0.032997309115573706,0.008592526396044357,-0.2099999858413648,-0.06196932716148454,-0.6128975626002596,-0.7877286209411298,6.753973646770845
7,0.03799338578958039,-0.03962358659554158,-0.00300000009468113,0.2666364440884479,-0.6122194621628807,0.7443737883838072,10.400068321868263
7,0.016124468063048958,-0.045579072484439265,-0.20999998550207816,-0.5054138812416705,-0.7517393926829595,-0.4236091289583895,5.8453639991178425
7,0.03711669874421494,-0.03998606722498207,-0.003000000398738259,0.1817239019942257,-0.0018832696624144097,0.9833477903261753,6.91964560654427
7,0.035920607347103554,-0.04089702144173571,-0.0030000007460607393,-0.7181639031516334,-0.3567025241955958,0.5974980480658508,1.6568724259613026
7,-0.0031935787341610096,-0.011639116136940391,-0.20999998515995683,0.8358374478432067,-0.06709392641176631,-0.5448616024474541,6.249242603483887
7,0.034008634471989,-0.040265279517202844,-0.0030000004411577085,-0.4768943995962542,0.1286598235343572,0.8694931750404002,10.649996085881074
7,0.03341183803774837,-0.04004426506876321,-0.002884953403154287,-0.16210039316249797,-0.9860110734197958,-0.03880239206679641,15.744823290682643
7,0.03633860119790919,-0.040253232615388816,-0.0030000028859454636,-0.3609315896677316,-0.6454378776278455,0.6731555048450442,2.316648739561189
7,0.036301750806180706,-0.042695904238983985,-0.0030000007190995907,-0.7368108805826571,0.4038948431601863,0.5421980098853351,3.0417397441477503
7,0.05390168801671727,-0.030995704037008454,-0.20999998487623195,-0.23594215527323195,0.8986387146118814,-0.3698374777733153,10.976665940628909
7,0.03362344231424256,-0.04012873562500986,-0.002946740276385056,-0.3919428846421706,-0.8100861212725126,0.43605189060481125,12.639293850223849
7,0.03660208265308424,-0.04008585415748516,-0.0030000000589274446,0.08476994372333428,-0.1790828183225424,0.9801751888426875,4.106703303831098
7,0.038743200702850616,-0.03685498526744525,-0.20999998379594384,0.7099546334886567,0.33161753404458927,-0.6212843386905647,10.362551523914027
7,0.014083602213781481,-0.03693053150513108,-0.20999998238796175,0.24881028638903988,0.07166541728793308,-0.9658972561054052,3.3677465617026847
7,0.031007486619301014,-0.03661766459045224,-0.0026832838759263443,-0.8164006905195532,0.4598727617805929,-0.34929494054664917,16.674117759942167
7,0.03118465519964352,-0.03757436481542045,-0.0025083725047095025,-0.7504902585638121,-0.40089252912362305,0.5254041795548332,20.664338714758575
7,0.029837718481862327,-0.03399011831895019,-0.00300000007564524,0.7107641309456623,0.3326407127096183,0.6198100567182615,8.450493131332864
7,0.05000782119873651,-0.04952708519294615,-0.20999998517670065,0.18073737579184035,-0.7136049592248757,-0.6768323006192473,5.446972128954448
7,0.016399963347665827,-0.010628768583251753,-0.20999998466438402,0.06911938473922216,-0.805728252286961,-0.5882384670521564,2.637880608907016
7,0.03608207199353654,-0.03445134104388499,-0.20999998515276863,-0.3048056382613666,-0.04039869093848717,-0.9515573911512316,9.530495497953593
7,0.036558647701208175,-0.04013445302242204,-0.00300000056600036,0.39017217526281506,-0.2536652736452888,0.8851099381416659,4.880177820547763
7,0.036858890006715585,-0.03992628503788181,-0.0030000000574433388,-0.49515350661016966,-0.419553788601724,0.7607875021065953,7.215408730976055
7,-0.009298830109848059,-0.09688686502209211,-0.20999998579300094,0.6315893826813923,0.3280578512062122,-0.7024762614822653,8.331991929777363
7,0.05386270700697048,-0.012760242693488098,-0.20999998563241767,0.6162335203707432,0.7158283738819636,-0.3283991283742762,6.008823892689423
7,0.06573572024499476,-0.030860281112196512,-0.2099999856046853,0.21470491909064163,0.4786924374310318,-0.8513256416111398,6.692071782906517
7,0.013941977482535233,-0.03555732544880051,-0.055168397897161006,-0.7912729921294863,-0.5882671512233044,-0.166819695234309,9.283238444606768
7,0.011607823277691559,-0.04450063991255315,-0.20999998357070748,0.21030157238857167,-0.26161435751408874,-0.9419825776485387,10.264195402910696
7,0.03343971527113378,-0.04005620443356318,-0.0029460773867356887,0.18616379668744754,-0.9364912213775016,0.2971989789447298,6.870800499124536
7,0.028663861280906602,-0.04135574562822251,-0.14046263249433494,0.051336823047552715,-0.9912947379904761,0.1212405585263345,10.030495635346538
7,0.031134860970990434,-0.03740294556713104,-0.0029797780833754903,-0.44366302991276263,-0.5658289311247878,0.6949825440907179,18.164019261844906
7,0.031001208532355006,-0.036274760176157966,-0.0028762970566996423,-0.8609620285344418,0.4873221169167132,-0.1458133731372818,3.756607943473613
7,0.007744322135208519,-0.06454184959698114,-0.20999998579968698,0.010488893458139293,0.9819340051581177,-0.188932772774237,6.098848777960921
7,0.03439780144058233,-0.04065384173672368,-0.0030000021568877683,0.5160422614203488,0.2163964041459977,0.8287780044745725,7.221276485711432
7,0.03416451687999027,-0.0423323865133265,-0.003000001282989731,0.3385388923322667,0.6655103073113716,0.6651973009872828,6.444924574386202
7,-0.00474680151578505,-0.1018504094780013,-0.20999998589592117,0.6886737872711018,0.22524171038974278,-0.6891985103193278,8.646874657104103
7,-0.005032708228313707,-0.022072061041724083,-0.20999998566640418,0.5211904869930046,-0.4133710130431787,-0.7466491022184721,8.179576047486446
7,0.031005295168555068,-0.03616732683577696,-0.0027241839181904428,-0.6004734825576257,-0.5090897395020637,0.6166516308896284,14.875707410114423
7,0.031078931132946706,-0.03716377028578684,-0.0028212533848446333,-0.4749942739340521,0.4885614256412268,0.7319072161860919,15.351246698109533
7,0.030586021471703015,-0.037570468870390006,-0.0030000004963421463,0.5077410720568705,-0.1558226693628224,0.847300595691508,6.915784412810282
7,0.031049331271883474,-0.03699928692143693,-0.0028158984417769517,-0.8902657636339641,-0.08813715512354026,-0.44683186098124605,12.74831629635235
7,0.03101126993563989,-0.037941630626076334,-0.0030000005404121105,0.035492188806213736,0.08810109482463994,0.9954790312329258,5.587502193231619
8,-0.02158605688645219,0.034489689490648456,-0.20999998432043876,-0.14036988778831402,-0.27817133435744995,-0.9502194500977613,8.567412300950041
8,-0.007972016143087925,0.03390336915577889,0.0003846059768857499,-0.27124038681433865,-0.47110622608418923,-0.8393375818498304,19.64832520927517
8,-0.007456157371242937,0.03360749156723687,0.0007573578986290515,-0.14600209669082026,-0.4657442381584732,-0.8727918952328027,15.171788989404703
8,-0.005641807409439911,0.03411767688370425,-0.0003323994327687789,0.33334888614789077,-0.8957047236018079,-0.2942644528674319,4.891219468174417
8,-0.008835900612540224,0.032435591952677555,-0.0030000006304866335,-0.20702916394614027,0.24127445294435762,0.9481168512541917,15.464728743473808
8,-0.008811672158471649,0.032674422048846616,-0.003000002004069591,-0.2771333196839004,-0.5407119454880818,0.794246633689734,8.538767272335173
8,0.04475029481266839,0.05776727135761703,-0.20999998540336917,-0.8179299358909558,0.35912785610224257,-0.44946390616469295,6.339142511450299
8,0.0026064314053031003,0.021905344668970407,-0.20999998554269467,-0.21210460848620888,-0.8053331905522426,-0.553579341426193,7.0843594083196875
8,-0.011080068649205688,0.03590093674756219,-0.0030000008980259683,-0.6939457437115713,0.1693026524182632,0.6998399221741607,14.7788795839645
8,-0.0060848352106679295,0.04027216283776242,-0.0030000006782389707,-0.050302849789535566,-0.461100081117374,0.8859211807472507,13.645114128813333
8,0.01726514079686849,0.047226563234767815,-0.20999998579095708,-0.41407123972440785,-0.5291814782895099,-0.7406159405983785,6.290256203659182
8,-0.008735733991976552,0.034078680894824825,0.0009429435313065605,-0.6122549351981328,0.1625302555998978,-0.7737750385869026,7.564376290979386
8,-0.008941318768629664,0.03432258868404513,0.0008088660098335134,-0.9279297357563744,-0.12542675171827944,0.3510192807418226,5.571388172781708
8,0.02675339475172747,0.024414338370148635,-0.2099999853513597,0.4589849352424921,-0.5092109293071717,-0.7280364404990812,7.964889322153277
8,-0.01072570956024416,0.034315109826392395,-0.003000000516125654,0.6155288659710865,-0.1791749480552001,0.7674767443680393,6.248733113037463
8,-0.0047231909421147035,0.03268705634188461,-0.0030000001582495732,-0.3850642518903178,-0.31153340395921586,0.8687188613894219,3.5307769305791146
8,-0.019459787249659927,0.07570202568694026,-0.20999998369505782,0.326214061692288,0.28690536877518336,-0.900705110078874,5.658341445737687
8,-0.007773236648389218,0.03373435729349378,0.0006241450710334595,0.1062948723663858,-0.399755081328547,-0.9104379578316257,6.099439763626949
8,0.01257118177413974,0.013818749357255286,-0.20999998577249554,0.17430896701177015,-0.5003074601471751,-0.8481207634177883,7.397440923455258
8,-0.006587551267898204,0.03307579468223498,-0.00205741862432017,-0.30994742576640033,-0.5014731159033461,-0.8077482945119545,9.89348853069345
8,-0.006964836960643639,0.03337743341939192,-0.0012394641250997626,-0.7578820791395479,-0.44188956560296366,0.47994621149701766,10.35827554094436
8,-0.009744306301249936,0.03114096300911043,-0.0030000010064744893,-0.38315577896861425,-0.48443911384314225,0.7864543178226091,4.613043508059458
8,-0.020407783149704678,0.040128772023584794,-0.20999998595024866,-0.7710054348857383,-0.20869072170162994,-0.601663362730611,8.333353153191526
8,-0.007318745430566461,0.030353510924391487,-0.0030000030466279977,0.1070686050638473,-0.24664711801616448,0.9631726288594389,6.211291927226822
8,0.0005825837975905657,0.04523056362474624,-0.20999998583320378,0.2142495880638576,0.9454557949399671,-0.24537818531585512,9.676883875839803
8,-0.00804664152177037,0.03176181269439943,-0.0030000003389112195,-0.25317913843941575,-0.5287096082658154,0.8101644734166533,6.098937235389428
8,-0.01093007035277098,0.03559209341256563,-0.003000000347436781,-0.3427385048361344,0.8575285816516928,0.3836340039062327,10.153138199680797
8,-0.009030729570661773,0.0848339106851192,-0.1035059237080417,0.7227235283679547,0.45379643820051313,-0.5212863840729993,9.755133648227922
8,-0.05699485899394338,0.046802347489482365,-0.20999998594478902,0.6399571299316019,0.5765800128119222,-0.5079472026456201,5.771159367398182
8,0.019633567079107954,0.047997273177236406,-0.2099999840277984,0.4978122522507918,0.5345572793890633,-0.6829578878387428,5.979122353296453
8,-0.008410699978379706,0.04305793959616732,-0.08375076876192725,-0.6292405950523243,0.4073889393607764,-0.6618840726476946,9.100647291002929
8,-0.01089200000242869,0.037319102133463594,-0.0030000004340496765,0.18215302176524614,0.22142882230088887,0.9580133367110457,18.538116483744393
8,-0.025999129329750126,0.039384103532245404,-0.20999998560825472,0.6646892242929149,0.4256886364695752,-0.6139848694304746,4.9226932614927295
8,-0.011352194462175256,0.03730229964559504,-0.003000000705201941,-0.6762412247367608,-0.528375064737813,0.5133396506503637,4.368765546134828
8,0.031162507535493086,0.05159493020618604,-0.20999998593213753,0.17204498578952443,0.5756223506314677,-0.7994119290567197,7.412085373381458
8,-0.00399545131938671,0.054645486426596446,-0.2099999852183592,-0.1197792723820882,-0.5763140093317813,-0.8084028009325208,6.388469281590789
8,-0.02873187319462632,0.018386193761606124,-0.20999998453886284,-0.7375333531135283,0.4330012351065143,-0.5182224266097996,7.557375835808262
8,-0.012519023868463836,0.035164427882442215,-0.0030000003310939835,-0.8992323488663245,-0.24105227403584445,0.3650684647220309,3.305064844760623
8,-0.008578250832118911,0.03418547326997372,0.0004934578434836609,-0.527509356009746,-0.04350692363784218,-0.8484344564654092,30.83186587236833
8,-0.010778272109372843,0.03505982528706726,-0.002714188895798042,-0.9795688413715355,-0.07594644352391493,0.18621767566505557,15.865388800349875
8,-0.00878249609032555,0.034553205309531654,0.00011890161005588429,-0.7006215729168541,-0.32048628501355164,-0.6375091785078283,11.732393513165007
8,-0.008983959501529498,0.03407793236102925,-0.0013342748450444904,-0.8238038556316665,-0.3017838839503386,-0.4798684140827031,5.965592595105763
8,0.013600002048564996,0.00527876016368561,-0.20999998432105565,0.37397892412995043,0.05111310377669345,-0.9260276534363957,6.759552294170271
8,-0.00700532685500036,0.03237307099738207,-0.0026494162712044802,0.5507939350086549,-0.7504389569599231,-0.36533192172952045,18.64176479121055
8,-0.008287158694860313,0.032582049781990086,-0.0030000026643497305,-0.2767012757253908,0.3235098355245656,0.9048634097645952,11.1233347415413
8,-0.02405818455090946,0.03250405645851526,-0.2099999859460876,0.5276517898528804,-0.7019652942517373,-0.47836002584990744,6.520148900430644
8,-0.007677475122450841,0.03388774639597777,-0.00019036586932934133,0.2405982376351297,-0.44766473924498207,-0.861225155974668,2.940134557476846
8,-0.008517363419201094,0.03337059333855235,-0.002160082226679901,-0.32180708049933415,-0.07872722354443848,0.9435264846380726,9.377677314040408
8,-0.07132287482913999,0.059583998161117396,-0.20999998530618696,-0.08049260096650246,0.6967327733624508,-0.7128003813918137,8.392435688637907
8,-0.010573047093603315,0.03457478313620528,-0.003000000056640884,0.05376740023195791,-0.04554740771521261,0.9975141604622567,15.557995435103487
8,-0.01081420595866751,0.034200840334158315,-0.0030000003183196086,-0.3026580460046147,-0.3117368193322734,0.9006765582945224,2.4383547146000017
8,-0.004614881187392113,0.03568997177295845,-0.004657125717216793,0.003830097563453455,-0.9316826795064862,0.36325296290638626,9.611176208648542
8,-0.003301941568254923,0.0385523926089833,-0.0030000019801627005,-0.6591889579680845,-0.18862355266787945,0.7279361737624382,7.8631698697692185
8,-0.004947494410755568,0.03293981753768871,-0.0029889574301659757,0.17020612209343564,-0.8733763043087288,0.4563372733778613,14.309452092351004
8,-0.005081793174896506,0.03279727344670902,-0.003000002750116396,-0.5330223327830832,-0.23552068711879467,0.8126605679455421,6.152777247427767
8,-0.007186718384411185,0.033660813443990856,0.0005466707567618394,-0.748333683682486,-0.5849816295362747,-0.3127190287962758,15.836648842071362
8,-0.002036867913505742,0.03530632408991627,-0.0030000000617881146,0.5690617124854188,-0.5015585653681689,0.651619346619625,5.706488210705927
8,-0.006936577524575761,0.03237357080212028,-0.002824613413169053,-0.12992530624211782,-0.9093891966173941,0.3951337797170249,16.151583890211988
8,-0.0075413150353919964,0.02944866789046615,-0.0030000000869908946,0.26239039112088114,-0.526934089817224,0.8083883643620341,5.854152648044338
8,-0.01277489481224866,0.025451095239587575,-0.10011406967322141,-0.6583433587420404,0.7128385237565276,0.2417545471110401,7.9741878062368805
8,-0.005421083508041737,0.032697878600590355,-0.0029095922520257964,0.6920208456653555,-0.546743300200141,0.4713585820273828,23.242098125464583
8,-0.007245669495261476,0.03224639044167825,-0.0030000005707360063,0.16084756870538439,-0.40390690022206716,0.9005483194113286,11.091605253370432
8,-0.007777733663652417,0.03379145948393885,0.0004907197765809341,-0.23756503428217032,-0.7367011074320614,-0.6331147864288795,10.528943508971649
8,-0.004557940513908359,0.033205053292929304,-0.0027397249783973022,-0.41460537527954455,-0.9058562051810745,0.0867578141970573,25.539408348771477
8,-0.0070698796312370854,0.032456402958732075,-0.002500000111213654,0.12297665130151914,-0.9216186540535334,0.3680975410610866,10.245449305661538
8,-0.05066077010148294,0.014421251549276592,-0.2099999859768707,-0.422778368771496,-0.021812301279988414,-0.9059705703894493,8.1818906784948
8,-0.012097355479106208,0.03345642286311738,-0.003000000342158423,0.31892679548212943,0.8735379032917265,0.36771895604686267,4.59592593878089
8,-0.006390025574714186,0.03300402708900059,-0.0023096993128635984,0.39096735096633434,-0.9188515492504482,-0.05344493351495352,10.266779265820903
8,-0.00672611730741156,0.03304995621094206,-0.002085954626660993,-0.059641585134062945,-0.9374988260448713,0.34283936834497936,9.013718694833855
8,-0.005786982367217317,0.03318540527515093,-0.0022768383367979795,0.08812044256243586,-0.8098548829829373,-0.5799740133068839,9.005268460817957
8,-0.006770437856054698,0.032157717741954486,-0.0030000025059350533,-0.15560699415066262,-0.39044577182018453,0.9073800541334026,14.634826835988804
8,-0.010432345958527843,0.03267836448351813,-0.003000002160327229,0.4433335481504885,0.6403965048740652,0.6271743630198702,5.861382520610526
8,-0.00943169418789893,0.033197087638360184,-0.0029552156544397357,-0.13635186529874554,-0.9704058988298441,-0.1993001764820974,11.160264349443588
8,0.023463509938332138,0.03730806976984116,-0.209999983819753,0.3860707253160707,-0.10635305489941203,-0.9163178612072811,6.284752367007686
8,-0.006573819303721472,0.03145456070773722,-0.0030000021442948147,-0.31676254997933484,0.43709482987926235,0.8417895203810798,6.191243979887716
8,0.01800458882765651,0.04689316780804818,-0.20999998533642827,-0.7361091028386569,-0.12588509399606296,-0.6650536307905327,8.104805151978589
8,-0.005777446102351138,0.019926437002127984,-0.20999998581341323,-0.6501414557105185,0.15418334513860796,-0.7440050965204986,5.629672599345244
8,-0.009318439268790791,0.03827533961360736,-0.011827126336262221,-0.7696748725739608,0.6116220182576098,0.18308221462158764,9.285828559980775
8,0.013420574312985618,0.011157526756300332,-0.20999998510298767,0.09526877065692153,-0.363888737637038,-0.9265575254448271,6.170229278698695
8,0.0039983953995402655,0.04409497188117335,-0.20999998491075245,0.3049359308170111,0.7819667115396769,-0.5436378759253135,7.473038857307893
8,-0.010753141067804776,0.030236124925358127,-0.003000000537842524,0.5756894034772639,0.353098929813473,0.7374976993106976,0.6278274682110802
8,-0.011938797404222403,0.037075277856012875,-0.0030000000113193604,-0.8826261250259841,0.07031100166869116,0.46478757133335746,5.189978493577171
8,-0.010741601388056847,0.03778741575963546,-0.0029638934034984356,-0.4711557968651742,0.7959131789790429,0.3801768359695484,14.605524782009056
8,-0.01632457761058503,0.04102743374594639,-0.003000000541761442,-0.018523844793171967,0.9045757665147075,0.4259102602760444,2.1873060326334612
8,0.026485720779762245,0.0124788831172915,-0.2099999833957735,0.512962042859845,-0.12228509669644504,-0.8496565763359898,9.817116144115353
8,0.010172882523304646,0.02055997769904121,-0.11999924855791151,-0.3191415464145441,0.9385004307631034,-0.13177865839961678,10.15415607370058
8,0.012687060963662872,0.05283947914589041,-0.20999998564555397,0.8067692369551817,-0.11657041463166491,-0.579253603126779,8.572751124447567
8,-0.014442464274336243,0.035149169036765814,-0.20999998421791277,0.5381624018083289,-0.46798084809458923,-0.7009815654470236,7.541068775382171
8,-0.018271031378469815,0.0077559058034826775,-0.20999998518840426,0.6839576488628271,-0.17672800251307644,-0.7077917403373482,6.3952992048240676
8,0.023255784190839277,0.047870541224259884,-0.20999998277624587,0.051642774608752315,-0.08127443656809515,-0.9953529473464413,11.062004414759679
8,-0.008448419763831039,0.01765581645249962,-0.20999998554307597,0.044660099466804555,0.44958211693900046,-0.8921218502224135,4.976594917746413
8,-0.0068965134467905455,0.032322280599161354,-0.00300000043611574,0.3480437063476539,-0.6103831761987132,0.7115461732630978,14.264679462730603
8,0.014774626890441771,0.019696945041084556,-0.20999998554031082,-0.018210847917733388,-0.4198393061275688,-0.9074157382635804,7.874897953806014
8,0.009416032452065501,0.012417110645498,-0.209999985652512,-0.45666235419950024,-0.4748771063167924,-0.7522973003760945,6.079843055179772
8,-0.009648782810094951,0.03525972891271387,-0.0009338657726903818,-0.856049233332286,-0.44036895269062076,-0.27065641617624914,6.755324159890721
8,-0.010885715947555743,0.03463777694735222,-0.0030000000048949556,-0.15221059643864365,-0.3897218208406378,0.9082669413187127,7.584960001445389
8,-0.015257172161093218,0.036414596526521736,-0.0030000000351472766,-0.4139373537040369,-0.23670684095538438,0.8789913188726163,1.8675493253700866
8,-0.010834127437550146,0.03523315509340727,-0.0027284056711332646,-0.94179959888545,-0.06034208295063313,-0.33071490526491976,15.70969514502056
8,-0.009275689661074525,0.029063547475361745,-0.0030000009882297294,-0.14473454895171578,0.4071688537874123,0.9018123057738724,2.7060501163898527
8,-0.009060170157817137,0.03250253687197858,-0.0030000001529033697,-0.5463397805102151,0.5527911742804926,0.6292334716698117,15.932456179559242
8,0.0052132409070592385,-0.003627270095341129,-0.20999998440483164,0.55500008976124,0.376933419310497,-0.7415497945329851,5.7101838523277735
8,0.010940909631046658,0.012423250898507314,-0.20999998580442503,-0.6587691372731942,-0.6979091139816576,-0.2809734727650797,8.940008390000026
8,-0.008538671189449999,0.0061339622164303925,-0.20999998581886692,0.611561767714524,0.22651214449292698,-0.7580794501021002,9.86000365670611
8,-0.008774228105383043,0.03395742412148631,-0.001242949156018342,-0.016326476310861246,-0.5038729783047885,0.8636234526143517,5.106339554003059
8,-0.018818044156074805,0.06539237387778954,-0.20999998579267926,0.49181327717341167,0.5471482534655633,-0.6773097438584007,7.6115456350389845
8,-0.004897450805195698,0.03297023352097587,-0.002959337766137037,0.9319812706764206,-0.36229135261857875,0.012485468600126313,20.708140825169096
8,-0.009885720435302918,0.033603128956020925,-0.002578533842446486,-0.7181431282119473,-0.5354284588200213,0.4445073822644291,23.783736203955726
8,0.008276612578685514,0.038630121467023534,-0.20999998520136964,0.25404745248002975,0.49422433669742505,-0.8313857088646625,6.057044838749096
8,-0.018514927240496318,0.002288601437390036,-0.2099999855558733,-0.23488673539320287,0.2950086649944133,-0.926173908677273,8.20001715686589
8,0.006533573190403012,0.03202410264987987,-0.2099999857194106,0.5111834565844703,-0.03825981330537602,-0.8586196249796477,7.7102624028341955
8,-0.019745838863835803,0.023429933878260437,-0.20999998419844676,0.7452464500342318,0.1830172492182597,-0.6411804856668339,7.673083227509789
8,-0.008926509263573473,0.03283979259821132,-0.003000000351910442,-0.27669902500151694,0.023308175123219227,0.9606739189421325,6.270246190838392
8,-0.007099371795422903,0.032374301780398046,-0.002598421556950223,0.25067247863855424,-0.9077007527750983,0.33651545561047164,10.360112189161436
8,-0.00922532736619535,0.033049230376432086,-0.0029169986312807305,-0.7477344756840442,-0.519436481981549,-0.413616845716104,19.331206789104503
8,-0.00845334237667891,0.032481023749827934,-0.003000001253089692,-0.07971567474384861,0.31052066166770886,0.9472182060526398,3.771691715620025
8,-0.008574530430180454,0.03161237739628443,-0.003000000277718645,0.7140638340813402,-0.5005012334935302,0.48950112985417227,3.538072994130543
8,-0.0075803851865156174,0.03345827363598822,-0.0011805312679328617,0.2419019249701999,-0.16351803655200678,0.9564231858429032,4.659297992205438
8,-0.007985631385718863,0.03249640643364922,-0.002891400032738118,-0.7379532388116028,-0.35325258216420663,0.575010982957531,9.836042567530622
8,-0.009076465139883349,0.03369062604302188,-0.0022303677508765715,-0.4967781528353513,-0.8672224306812499,-0.03371531682783388,8.073887285106657
8,-0.00802799615848572,0.033157919469027894,-0.00218853703463913,0.007800516927841228,-0.9954430247457875,-0.09503860489620009,2.5904556564183507
8,-0.008710801597072021,0.03324443490398327,-0.002500002088307733,-0.27523496179950924,0.31844730289000217,0.9071036495821774,5.49870930398073
8,-0.00046682106540878946,0.0518256226858932,-0.20999998547077167,-0.5931355758476288,0.5149900861979931,-0.6188500624397524,6.538157032721841
8,-0.007343125051299492,0.03150584660964092,-0.0030000005690754288,0.08419652025116767,-0.4618993463131924,0.8829269164846207,1.2122483313405694
8,-0.010193459435989977,0.03192917683990215,-0.003000000396023415,0.22991962618192469,-0.5937192420635767,0.7711254289023386,8.798293223492712
8,-0.005736908621529089,0.03254970517306563,-0.0030000001094688663,0.1748238113685422,-0.4392292237462138,0.881200501580585,28.997618054640345
8,0.04389996846121115,0.0056737631552256935,-0.20999998473429277,0.6080076319532703,0.46772951528652623,-0.6415261647169253,7.638229969738851
8,-0.032644685399236054,0.026954385083364233,-0.20999998560965005,-0.026099629022611228,0.0783731897399937,-0.9965823862054062,7.440496232034823
8,-0.0059807262999062106,0.03228879561000854,-0.003000001135953418,0.6791514349203281,0.17976550077048106,0.7116443586359673,9.07558461877819
8,-0.03384536452126368,0.06317363148045865,-0.20999998597861086,0.28502116062337196,0.1373907873455813,-0.948623586861231,9.66960451164915
8,-0.0025721284166498166,0.03684589610196003,-0.003000000553024655,-0.27554112143046827,-0.7659300602573516,0.5808857316159607,4.4155070363147715
8,0.028437116848622768,0.0374380003836836,-0.20999998568001801,0.8541934251051859,0.2714930235562369,-0.4434468746844022,6.762356316372938
8,-0.004679085306073062,0.040965083457373125,-0.0030000008182896783,0.5367882629894036,-0.43003496169863653,0.7258982658979636,3.1984030379904898
8,-0.020986798747212636,0.043663403719450516,-0.20999998560181293,0.33757466177241646,0.7637830795333269,-0.5501624806798676,8.553054479843338
8,-0.005864754004071196,0.03273991458424898,-0.0033583279260684697,-0.5157064723383117,0.8315169005618892,0.2064618087403172,10.28190061503498
8,-0.005960920284363821,0.03247317830320175,-0.0030000004981897343,0.005101427996929613,0.5885827338116192,0.80842089340345,18.67004209679073
8,-0.007048158109304494,0.03237335836140651,-0.002983431254098608,0.7082410832677506,-0.5008796892461373,0.49750789428150355,9.91159123019974
8,-0.008869207447270095,0.03275518722703215,-0.0030000003016127236,-0.2175639838207127,0.006291504815253122,0.9760257834254278,14.709554962685383
8,-0.009119108393855506,0.03086171778395349,-0.003000000770498632,0.3771454831749166,0.39892137470046857,0.8358367192986004,8.234664327152174
8,-0.03482666268563172,0.05133130143488549,-0.2099999854773305,-0.2781436845555631,-0.7883813563064264,-0.5487175300373547,11.120338853946478
8,-0.007208954593682233,0.032378530317188764,-0.0026017608695107705,-0.35619572374372244,-0.5932532059039347,0.7219246775608862,19.609994249422364
8,-0.010945260352561397,0.033082251971968374,-0.0030000009738700333,0.6445833684086034,0.5912512692777108,0.48470013178099575,6.3438354955985785
8,-0.005577786522480038,0.03262977358167565,-0.0030000016736820233,0.366770789120455,0.03645351505546486,0.9295968639620401,21.330838098187975
8,-0.004885087865299342,0.032162939603393115,-0.0030000002611170443,-0.2505470189307776,-0.5350420623848751,0.8068185562961727,2.9031270262859366
8,-0.006225742215913709,0.03233418193474693,-0.0030000011023893413,0.048795621278342506,-0.4308165653265608,0.9011193452502756,10.002250285407314
8,-0.0052708210161879696,0.05270375362962776,-0.16154924597727688,-0.812126470995616,-0.5738726617681082,0.10545502919914897,10.267054825403873
8,-0.005639007039168283,0.0314241959536388,-0.0030000014150689583,0.10154674926338127,-0.6955856411147557,0.711230534769855,6.2372312597882384
8,-0.0033755187222842195,0.03497121573205514,-0.00250000095282246,0.5742831255140066,-0.280530487556202,0.7690913712305862,6.068032772067368
8,-0.02897962822112144,0.0054594567769256485,-0.20999998520440794,-0.8789326771917065,-0.26951737475557513,-0.3934942612916768,6.032807708882995
8,-0.03957393162059307,0.07307655508724917,-0.20999998573699316,0.07496460078021638,0.4090635208622803,-0.9094214339510686,11.30536131891562
8,-0.0043284052709700125,0.03339605834496747,-0.0029253216311715072,0.8457677542683777,-0.39829127600358166,0.3550224856248737,8.100644236297716
8,0.008629065069783833,0.020111438016054056,-0.2099999844059732,0.2783710909503033,-0.31411147605078404,-0.9076582596640299,6.291480360002308
8,-0.006945719851305085,0.03288783986786187,-0.00246398675351795,0.4368253885840904,0.29725090329853726,0.8490144170604889,18.243915321916262
8,-0.01200012018507121,0.025294677050260696,-0.20999998592967273,0.44381981736076254,0.6956429734283239,-0.5648936388716547,6.457719279086667
8,-0.007288564253194954,0.032411114264275426,-0.0025000003743323677,-0.6204853397637909,-0.34866061813420324,0.7024483728363872,6.586435644816614
8,-0.0058325795033124725,0.03331177679675111,-0.0019407244201561516,0.43546657719021203,-0.6856123113482766,0.5833563393654972,1.8776825832576045
8,-0.006224202683144985,0.03259015355505266,-0.0025000001886209067,-0.4705768159808771,0.13648571885453284,0.8717391288740349,12.788739117622752
8,-0.052504107380761306,0.0010940051638630502,-0.20999998492516692,0.07662046637225867,0.3542677018414836,-0.9319998388223312,7.790074853882161
8,-0.0057951201008565635,0.03235370390207429,-0.003000000989328498,0.24014968145200938,-0.6620241320588345,0.7099663224901905,5.998087841401199
8,-0.0066609181518961,0.03293501289365933,-0.002386895495137702,0.05234113328239906,-0.9288659224261483,-0.36669947357766297,7.365118220543922
8,-0.006001701460784976,0.03312757749746467,-0.0022386237725386957,-0.11751213888326852,-0.7884229893564161,0.6038046762566284,15.352473751346812
8,-0.011068411615163861,0.07926412966793071,-0.20999998374370546,0.3748061330779297,-0.3716152855536048,-0.8493659059263458,7.760832426854042
8,-0.005816948851639807,0.03315261715072514,-0.0023273269704856326,0.6360948614278511,-0.6597717893541808,0.4001056276003438,15.634429925945605
8,-0.006770214294544441,0.0323796745724037,-0.0027397754952042897,0.2789641093956673,-0.9592310235952766,-0.0453306633686225,10.54761014845461
8,-0.04899150528352089,0.04854237810715188,-0.2099999842554866,-0.40226676566656644,0.22899770959020183,-0.8864206102311709,6.784984031786813
8,-0.011070497488232404,0.03248608780098372,-0.0030000006857718534,-0.5894546462208186,0.7208763964330882,0.36452769594961476,8.040799990344029
8,-0.012168698974647545,0.034264618113091415,-0.0030000012639993636,0.7299084452683512,0.0484547390089208,0.681825344053384,5.676955822891468
8,-0.009726779020183655,0.0334465219092044,-0.002831284067911186,-0.3348955064073803,-0.4685279352262533,-0.8175124303035203,11.297624023428172
8,0.025287516208353605,0.050158005166370576,-0.20999998419459726,0.19976067203239767,0.2974645698278165,-0.9336008266953907,6.4166912110565715
8,-0.026443094984439308,0.006430771336551384,-0.20999998456454444,-0.07056269303348643,0.28499797768071194,-0.9559273293874208,6.983719542094929
8,-0.014060081599744693,-0.007537121187266201,-0.2099999847546506,-0.33329846424804677,-0.5201835175381782,-0.7863340523031551,6.029525331023979
8,0.013340570548256598,0.08388246408526742,-0.20999998586974095,0.4849782332201098,-0.36650557499864733,-0.7940212697387972,9.406006306841228
8,0.0017812140677972285,0.042533038172120965,-0.18901969727981896,-0.27544948462262664,0.8932476430913653,0.3552973818266194,12.205902817811253
8,-0.01907049371934916,0.02325146872264168,-0.20999998381881016,0.24478003322594602,-0.2399759177393905,-0.9394116745277555,7.608144500888007
8,-0.010146179891878347,0.03027836892080002,-0.0030000001656776635,0.31151204870160704,-0.07385081278171339,0.9473680915912295,0.9773435860645132
8,0.03559898456036757,0.04409376972933773,-0.20999998593235963,-0.6927395159625587,0.5966867255979723,-0.4050640869283897,5.649550105552291
8,0.0347824660218434,0.014925196740516664,-0.2099999852159476,-0.13984511927061238,-0.08130731445371545,-0.9868295005888874,7.47462723991329
8,-0.010882161777033009,0.03733679880896584,-0.0027149635370258985,-0.9410139097778155,-0.05636836922598737,-0.3336396687378051,19.359263888222564
8,0.0054898847265407984,0.019836695481812536,-0.20999998536981493,-0.8939737219871869,0.15412799055642473,-0.4207796892952585,7.016313881123546
8,-0.010907200434275111,0.03551645628825019,-0.002688073775027352,-0.8225685624527825,-0.4487360081047017,-0.3493092542355837,9.281095143403988
8,-0.02175544315763638,0.05177185567557466,-0.20999998584221125,-0.8910187944132933,-0.062079739070618034,-0.44970169445889974,6.073128483277265
8,-0.022507753903915247,0.01124203596683506,-0.20999998534496234,-0.7440361571195304,-0.4163753409139213,-0.5225339916001802,2.0200578117941173
8,-0.0073286044767687936,0.03238658923140866,-0.0026215075476594034,-0.6466756049289659,-0.7461703076857433,0.15824201059743742,18.733115295412578
8,-0.00654974770013618,0.032398491618064434,-0.002788343149712966,0.39591943656361306,-0.820885980358155,0.4115750320446829,12.579017836342619
8,-0.009701091928568554,0.03597330777677406,-0.0005765663088885345,-0.17073967430635795,0.8341146638968775,0.5245004204859686,6.526762335820637
8,-0.009745644999739208,0.03426786262328638,-0.00239976742090473,-0.6917496264336134,-0.43034544130723934,-0.5799010738695298,15.70654468915855
8,-0.009834176324171825,0.03352318455849211,-0.00300000009185824,0.5993402118809262,0.6363315176831853,0.4856681068646989,6.00814422761371
8,-0.012796286217614188,0.033220806724233436,-0.0030000001664676214,-0.31677674556993995,-0.8153602388121388,0.4846031102152868,1.2006420964099793
8,-0.014207880849609743,0.014007300338571033,-0.2099999853708488,0.09896794227956926,-0.423870212753571,-0.9002996107636557,9.385530737976515
8,-0.010998778751193192,0.036244962387658536,-0.003000000005728279,-0.42193611243221896,-0.7630928880327291,0.48954995787912636,14.863318203201285
8,-0.008567987373876873,0.03180352856254549,-0.003000002154270021,0.007032769770213979,0.5384552289345489,0.8426247721153237,10.317484326704246
8,-0.010782114406920286,0.03447830358231507,-0.003000000386756135,0.13213358544086912,0.06558824929732993,0.9890596024267958,9.507720098278922
8,-0.0050236510833155616,0.03289542857754829,-0.0029870881142442726,0.41954221718744344,-0.8656658360079124,-0.2731427984885673,10.778999644889677
8,-0.011154250483234129,0.03365535446057989,-0.003000000512512999,-0.20044615665407778,0.22572360544140008,0.9533468373205756,7.644905414770383
8,-0.006375856582684627,0.0322891332218848,-0.003000000004800802,0.3823058280116203,0.03192249838391482,0.9234842759707813,3.974683249031981
8,-0.00971232342732959,0.03330846119252209,-0.0030000000391972557,0.8165387282287124,0.11962895086274584,0.5647596120635008,15.134394382986738
8,-0.007252845427611095,0.032902763973243085,-0.002448743317361341,-0.4880972983568406,-0.570513070706311,0.660511819341644,2.6580593473486065
8,-0.008714581687890056,0.032351380096339664,-0.003000000644497445,0.614484495145477,-0.31758767984746356,0.7221820205702392,4.569661016934129
8,-0.009248570481824696,0.033064910624686084,-0.0029776051837522273,0.03675697199820539,-0.7879917803100419,0.6145875683524143,18.07310410280796
8,-0.006887907267713243,0.05183201887949035,-0.2099999858019628,-0.250353789510162,-0.5708762884571256,-0.7819355749390855,7.6213951901786325
8,-0.008386210930693812,0.03326344568050281,-0.002261518259351696,-0.11925369245302817,-0.7705801810642745,0.626086848118748,7.7213809657072145
8,-0.0075218412820773385,0.0329801354539061,-0.0023321096518688416,-0.919272524151109,-0.14792069597696592,-0.36477046761290705,18.650963764414893
8,-0.009486404772239616,0.033239740781514815,-0.0027243516327406115,-0.6896794566693492,-0.6731788679522689,0.2667816687682518,8.899180809338326
8,-0.00739668615927401,0.03191410542905132,-0.0030000009370588264,-0.35459135513902074,0.7105725673974804,0.6077430356020761,10.033265347219244
8,0.015508948617562555,0.010815387143637242,-0.20999998554207958,0.6469895328345558,0.316504313929639,-0.6937071166324097,5.444640727591281
8,-0.008078072998704737,0.03252109673053377,-0.002998846196387423,-0.262722202567942,-0.9630170392052294,0.05979319759172372,6.946864447083266
8,-0.017715987543248192,0.037400194206646364,-0.20999998529337618,0.2410907972003431,-0.3069551849135132,-0.9206811293602221,3.631652291820725
8,-0.007202059392686546,0.03181869204178013,-0.0030000006884453295,-0.5066701489527118,0.6102980359773056,0.6089512849501844,9.620730739148987
8,-0.007577860749040958,0.03206589830725505,-0.003000000562739749,-0.37386339054159984,0.35914626081216494,0.8551257969195992,16.597491358501593
8,-6.578137455982849e-05,0.034566552555968,-0.0030000001117557497,0.36610664572332374,0.7131289383801547,0.5978403141324701,3.21877964975261
8,-0.0383328500132157,0.02700195298584322,-0.20999998587838925,0.10072837741832032,-0.9220941053518404,-0.37362582199047956,10.069173615292883
8,-0.004151379638856142,0.0335649916796075,-0.00293110369385409,0.20083795990031056,-0.7930758709830175,0.5750606722143409,9.135146296950849
8,-0.0008960498123495057,0.0064593707613842845,-0.20999998384585045,0.561319712236995,0.044623810748620575,-0.8263951210942911,6.735179831687939
8,-0.03391034476419538,0.017457927579205147,-0.2099999859803618,0.38989635889988145,0.12026847545397079,-0.9129711513123469,8.664862538969192
8,-0.00891232927848892,0.03284324157218548,-0.0030000003939092317,0.05800276940059636,-0.09912069434217988,0.9933834942734779,13.75283698234729
8,-0.024906627174517006,0.07362585308466085,-0.20999998592486252,-0.4071875198291912,0.4640279184969303,-0.7866869863870625,5.899005861585614
8,-0.009859626643431419,0.03349256781019489,-0.0030000001349263098,-0.8022509929057243,0.05846112642048362,0.5941175313685227,3.3667790495785512
8,-0.020850107195147946,0.023928255361272834,-0.17402756996658847,0.9153173554345078,-0.35109572904694525,0.19729654808275984,9.748057880703193
8,-0.02715046915813913,0.0858182267925725,-0.2099999839129355,0.6695984542458525,-0.057929835140892456,-0.740460697317632,6.8290150443696245
8,-0.005546523093332655,0.04895056189134307,-0.20999998405093057,0.16149351885518554,0.2194776428604141,-0.962158722691951,6.471050571085126
8,-0.008431196264116418,0.0326378743026533,-0.0027450391781802617,-0.3756776466870675,-0.7182317900727465,-0.5856700449131444,21.56343733427411
8,-0.02323164014807508,0.04041290476660837,-0.20999998259265484,-0.2704557283335442,0.2569017752611557,-0.9278228154552134,6.715152233200092
8,-0.010316563925915671,0.033571892586499646,-0.0030000004242383286,0.7776202884725847,0.3643622911720231,0.5123932159266822,16.033731965909944
8,-0.008448759200098303,0.03194165941982506,-0.003000001399858454,0.08531675927648162,0.27806370208055137,0.9567662348619003,13.335044086713914
8,-0.007551328555709632,0.032369323982503376,-0.0030000013503053433,0.24624298448987714,-0.07028320778702749,0.9666564349822973,12.474783739912171
8,-0.04689725666607963,0.05295851654352184,-0.2099999859172797,0.09780146922818696,-0.028414493019385395,-0.9948002257756376,5.288833005186693
8,-0.009046341922021799,0.03279850397740004,-0.0030000003274034083,0.48149181232342003,-0.16168600719632745,0.8614077256110588,14.888385455744954
8,-0.008942817092399483,0.032876582415120065,-0.0029741962220791764,-0.8190649949698693,0.07229419187604466,0.5691274759102724,10.522619888377537
8,-0.006903890987060913,0.03213347965186282,-0.0030000038446046473,0.11666006872888858,0.22284177025698246,0.9678491482627367,4.38752432328077
8,-0.006794947776015485,0.03237832676085883,-0.0028522753362733204,0.318388119303836,-0.906411511513961,-0.2775737330532963,19.747574789800538
8,-0.008015982112232792,0.03354697136581181,-0.0012578742737454403,-0.40300635502352783,-0.9133066189189639,-0.05879538799481329,17.233339150773638
8,-0.006820264223644243,0.033016701655923575,-0.002152885868898052,-0.27806928373348233,-0.5111674760995383,-0.8132559774277568,9.446081325231754
8,-0.006852932032580439,0.03154010990815488,-0.0030000006330052212,-0.3891578374359236,-0.7803334646300948,0.48952616022086914,5.3627670316704
8,-0.011903023970360357,0.0355410650265512,-0.003000001736743448,0.5670905386929374,0.34221900725347754,0.7491958835974729,5.149333359100379
8,-0.00842449233206069,0.03258072629175881,-0.003000000643452195,0.4483905806727206,-0.5061010738972768,0.7367547693527363,7.040661326046777
8,0.022612046091174613,0.08505649266355991,-0.20999998491070515,-0.31500044868531063,-0.7611275977383177,-0.5669739829032282,7.537845302801746
8,-0.006695756060411856,0.03238465573787273,-0.002875002035835632,-0.2330665286314031,-0.971629462510404,-0.04020175137292541,14.856816875405222
8,0.011720877216186603,0.027442649235261934,-0.20999998570346273,0.22863016315465876,-0.877270416836395,-0.422048414568248,7.93111634906275
8,-0.022678171764905518,0.07338509459024509,-0.20999998598759811,0.2598734663689318,0.24624873305972078,-0.9337169501213298,8.788086279444732
8,-0.0022191706740118215,0.032560011374744055,-0.00300000347963155,0.1833680682260469,0.2302280584193059,0.9557045530243774,5.525716847402969
8,0.03534404829867718,-0.012321751819785912,-0.20999998516779322,0.8182539299866066,-0.20469626868910065,-0.5371777579593491,8.310118299070535
8,-0.005594338535986545,0.032382406044863074,-0.0030000006004849366,0.43375376573539165,0.3354345056503268,0.8362663230870223,7.440170880215157
8,-0.004469403362453007,0.033275322399488536,-0.002908840661277823,0.9096551256055748,0.3263241541856824,0.25698268201282615,5.057564045481292
8,-0.0033054481058311896,0.0346739573109726,-0.0030000001817195154,-0.5646664748767204,-0.2534320577925461,0.7854450739761079,10.016583955502773
8,-0.046782149740064914,0.0390938334706592,-0.2099999854030148,0.12615734857276678,-0.683772083514785,-0.7187072152183662,8.208663564299417
8,0.04389853638653131,0.07481864221095952,-0.2099999857465935,-0.3987139189741986,0.35165687505157495,-0.8469738207555164,6.5542341516694
8,-0.03716380979696464,0.009256754228999825,-0.20999998582946156,0.7501079926519921,0.2448645107367919,-0.6143121118301599,5.730262315431918
8,-0.008171559917954478,0.06085410727679682,-0.20999998581563362,0.30214002647122024,0.14896955826086763,-0.9415516316780149,9.697079227598284
8,-0.0045682995152524445,0.03968817389885886,-0.0030000008132385495,-0.16459004187901313,-0.18872286565865934,0.9681393484885571,11.832825016263058
8,-0.0030123695158403045,0.036687386881408296,-0.002843666496100244,0.8338967469131939,-0.22076825256718247,0.5058434482584759,14.028836718140777
8,-0.003066764728701474,0.037100823122973296,-0.0029948078324363043,0.9273517168943939,-0.2116285514583495,0.3085970663837563,17.423300874008508
8,-0.003143710247749964,0.037435596299260354,-0.0029929502357144565,0.7986317495899453,-0.39018342744826,-0.45819670611172125,12.771311269730816
8,-0.006350739154577891,0.032597335560719656,-0.0025000004606989673,0.6628649375752196,-0.7400319109888976,0.11385449157376315,4.340192057038608
8,-0.004441583556852573,0.03329825698546869,-0.002883961489128629,0.29892279682610406,-0.5762423947369001,0.7606509475742091,15.294615076482144
8,0.01960595645400271,0.021833143085248936,-0.20999998535483336,0.638317494759377,-0.18251052641366672,-0.7478239656712794,7.089080650956045
8,-0.009667345620296617,0.04778905125886834,-0.2099999848540312,0.3486104957900603,0.467128150486607,-0.8125650824690723,8.160335709917714
8,-0.004079486367221393,0.033541555042352164,-0.0030000011023691374,-0.43572721006092907,-0.7328186834952861,0.5226074774941081,19.221096792548853
8,-0.0008871060665288687,0.04232345879873231,-0.20999998591485758,0.5828553288905489,-0.054606208338387204,-0.8107390625810468,7.702319898518515
8,-0.0060848979153560225,0.03247915223845198,-0.0029967797492234174,0.4802442717324343,-0.8513306572559971,-0.21119079403292101,17.57768257437319
8,-0.00784071946137506,0.03306019468261451,-0.002294557191560615,0.06659105440094487,-0.9811186944001419,-0.18158121866628063,7.467595848070005
8,-0.00894234286730108,0.03287631927768664,-0.0027180677603735838,0.39682638754305977,-0.9170326748157283,0.039747848618963626,32.54325222598927
8,-0.009644157990177475,0.032933028271117645,-0.0030000001220852196,-0.6323736703199127,0.5968271095238344,0.4938632831296002,7.202229607525954
8,0.019682058815575956,0.01344743385856371,-0.20999998300806028,-0.004067906798687256,0.4225284974696557,-0.9063405104927797,5.616742565646344
8,-0.0437151513112346,-0.00029359575568728896,-0.2099999859809959,-0.2712536454434216,0.6826718347348213,-0.6785135414223119,7.261614415329942
8,-0.02018284350493558,0.03451990363015334,-0.209999984095309,0.42280903356536176,0.44592127053688907,-0.7889149140549262,8.835031813954492
8,-0.004173986889442003,0.03354223771646037,-0.0029788260728521258,0.83148847908683,-0.17698596262890748,0.5265955546509952,6.7930412341871325
8,-0.007048086717184384,0.0329270602200387,-0.0023657298973234733,0.5468118690120204,-0.8254766304142733,-0.13994682042646683,10.917089904853217
8,-0.006890407075531738,0.03232284384882002,-0.003000000015242598,-0.12325866166395122,-0.3232648936851906,0.9382468283109269,2.698269868944084
8,-0.007487128291997944,0.03240283982310919,-0.0029156288344890794,0.5246094387434376,-0.7294408449084475,0.4389772096140588,12.527220110514941
8,-0.0151201889315314,0.01451767937367561,-0.20999998495610386,0.6458023017598732,0.20901317918328619,-0.7343383947263994,6.733035313377568
8,-0.005284028508029543,0.03101990184977762,-0.0030000000839156154,-0.9284682796379863,-0.14819607234332388,0.34056508606739244,5.990644615604523
8,-0.002332619314326255,0.03525503694543966,-0.003000000562955004,0.1469798644870863,-0.2556314694788422,0.955536221839573,8.64246458652677
8,-0.0041494666809226664,0.03349303780984121,-0.0030000000681017353,0.4199888184424265,0.04576789300364754,0.906374476887639,16.395684199517362
8,-0.003277366346097376,0.03426306728828529,-0.003000000186019796,0.30641686437177584,-0.7505162685359689,0.5855203121083113,12.31469498557138
8,-0.0041505813408592405,0.033565798483690956,-0.0028600214718039804,0.9498325115938744,-0.2770979404899174,0.14503424180350763,8.352383579631265
8,-0.0018611456321952725,0.032245084412151195,-0.003000000303136345,-0.38209022533992615,-0.2556073509115947,0.8880720364135115,4.251624978416057
8,0.019683825270309457,0.045275009152449336,-0.2099999856524296,0.4415525074518274,-0.7796213601224469,-0.4440967439689573,8.175025226813577
8,-0.015109486768036466,0.030787352994499577,-0.20999998480040866,0.4638682557223263,0.3932781945607018,-0.7938252345549373,6.207379415504298
8,-0.007175916290675641,0.032932993824347306,-0.0023612562997602795,-0.526086182286353,-0.8302176148139488,-0.18431505869029707,14.418712899943511
8,-0.008947739329999357,0.03274313981637085,-0.0030000011898725035,-0.267703520794782,-0.3374335414373221,0.9024818170285454,7.016814701807532
8,-0.006089094211850719,0.032478167726798644,-0.0029490821902969306,0.19323323647812432,-0.9197529069009538,0.34163651234526227,20.088625069574338
8,-0.006760031853858957,0.03238027188947677,-0.002758946732166921,0.37293743033361887,-0.7471415365342308,0.5501792411945635,15.276133826324097
8,-0.005725933909426579,0.03258140542448708,-0.002829138175507489,0.631542954811962,-0.44106676001089684,0.637662614115698,5.655379326386523
8,-0.005867940132461372,0.033079610974640884,-0.0024564973600290823,-0.2948950811443282,-0.9308412957803665,0.21580401568740232,5.743078903937061
8,-0.005676306607069753,0.033292878902228276,-0.0021314704620139817,0.9638738530770733,-0.2515500530789449,-0.08757720108759293,6.1456714331762266
8,-0.01426185562314162,0.008836493264506615,-0.20999998590340024,-0.7580525042189684,0.3988614300375297,-0.5160096515335421,5.643311728128786
8,-0.005309237023535585,0.032729818987432394,-0.003000000038909448,-0.6269659682965444,-0.47842188478347725,0.6148383322127872,13.654127314908997
8,-0.006873542353191613,0.03237506644369234,-0.002707339638014882,0.1333775595698681,-0.8618936520110435,0.4892338492237148,15.480464871680121
8,-0.006771524876356374,0.03237959764208998,-0.002707594293784184,-0.04289801953357975,-0.8020891839165718,0.5956615657939872,6.037608830302117
8,-0.006304189153058718,0.03238405021460978,-0.0030000006874792966,0.746540076322268,0.18984647877361127,0.6376803501300657,20.81068536866941
8,-0.03612971833868091,0.02772058591244833,-0.20999998506152207,-0.1382459871381188,0.31779079365460694,-0.938028282360709,9.762589293897506
8,-0.010988388827929848,0.03606853162743792,-0.0028677911405161735,-0.5128337448632184,0.7692537062229166,0.3811171546806495,17.238119423916515
8,0.010225139025670486,0.04151954329092156,-0.20999998586214408,-0.5393770873868375,-0.1803862545130357,-0.8225163565454794,6.0411260126031445
8,-0.055173026764200675,0.07359723053067027,-0.20999998559848285,0.08929153250068395,0.02517018120534485,-0.9956874430270621,8.573455709320239
8,0.021360059751788098,0.05271646113836266,-0.20999998590321603,0.6147108635515511,0.3098769790393455,-0.7253322080903036,8.109211518123434
8,-0.013890846732347306,0.04938962154771392,-0.20999998575615203,0.5516052147447207,0.14401048775839906,-0.8215793732087111,5.300860421656729
8,-0.011622739717810209,0.0373511373787533,-0.0030000008568864967,0.00397447227767482,-0.7360877580447451,0.6768744462799393,3.065415203083974
8,-0.010612003579484698,0.03809529071418481,-0.0030000012514264027,-0.8116759830998161,0.2624094701851311,0.5218461156472336,20.51682285561631
8,-0.010397574890151903,0.03426202950575469,-0.002546102130014723,-0.9079421735570584,-0.24100270945838687,0.3428683471978724,21.265950681791576
8,-0.010193844598992027,0.035455104199643886,-0.002057597266630974,-0.6855383041219294,-0.7185563859351332,0.11710659167386175,8.135208807450855
8,-0.010757964128877001,0.03364521767817195,-0.0030000008604039704,0.8282608197987538,0.15918642555533793,0.5372557084901113,4.060696966975213
8,-0.009734614600304496,0.03331551718532906,-0.0030000009204449287,0.37486915000491783,0.2818690728143238,0.8831890772452883,6.136729296140835
8,-0.00728005920804632,0.03237115182559345,-0.003000000358154081,0.18324782956184582,-0.4330735815435231,0.882534705226904,13.334770134319186
8,-0.021682953691106382,0.03948359623558073,-0.20999998566347633,-0.6433204085368177,0.49733318163817686,-0.5820640500852723,6.490794048023179
8,0.005127915475445678,0.01793536394811813,-0.20999998595766717,0.1989323544936732,-0.3470798974241647,-0.9164941151691237,7.015120557310227
8,-0.010782400199414417,0.03507176340664246,-0.002869310476680516,-0.9570071884944231,0.10462292936797206,-0.270538876726551,9.29751496195202
8,0.04115344616957088,0.056178338214494916,-0.20999998463532044,-0.3160422579138909,0.25482948074634343,-0.9138814074896363,8.741624172320277
8,-0.005501345041819846,0.03102473712035354,-0.0030000005077762864,-0.7077936936698115,-0.03269033927749972,0.7056624043543539,4.107734274352229
8,0.009678826019175335,0.014632660340529673,-0.20999998569731498,-0.20265717821373141,0.6675370076762092,-0.7164666157617819,7.43181471140821
8,-0.0071948762491971935,0.033395379957875046,-0.0012098141993556375,-0.6123718493766392,-0.7723938205104156,0.16854822493386984,5.702337098164586
8,-0.008425264436936013,0.032591723738460046,-0.00300000012250069,-0.34078931520510014,-0.09043095649942341,0.9357803613822199,17.322518415815974
8,-0.011136323654213185,0.03479192350447974,-0.0030000019764725907,-0.2801795019437565,-0.27320649510293865,0.9202486934107087,9.258807348665105
8,-0.009254403236066829,0.03272214066234881,-0.003000000413382899,0.5040368245381146,0.41308260934890084,0.7584916857573574,10.908962040581528
8,-0.007071047790509238,0.03093707751633302,-0.0030000006746550897,0.766178251092143,0.3698441930779625,0.5255341667293344,6.645422128186941
8,-0.00882200446417598,0.03272079738605567,-0.003000000540181103,-0.3601325625591463,-0.6153549748130354,0.701172441242118,4.112293504964704
8,0.02544229951259057,0.07727100678004922,-0.20999998588674826,-0.30794214247528645,0.7907307109410724,-0.5290714315310896,6.394502179038309
8,-0.009313874719357124,0.033772732851210685,-0.0024520281661321473,-0.6058450711678175,-0.6559983216102943,0.4501310384611783,8.46689256382066
8,-0.01085385779450653,0.03194048640191351,-0.003000002280879606,-0.6508607618900125,0.22299403462945092,0.7257092593812152,5.671905724579242
8,-0.009065292580341998,0.03285805600907217,-0.003000000101637824,-0.8846516999127031,0.4263925466493964,0.18862864576571398,17.237123121084284
8,-0.00928867762717353,0.03289866686440517,-0.003000001892099405,0.569217612078883,-0.15805065952902614,0.8068527121610575,7.174163623601191
8,-0.008399403095749353,0.03189681644722886,-0.0030000011696146066,-0.831728838429709,0.09411511367449903,0.5471466756751816,12.287725674685358
8,-0.006928519152002948,0.032901852741331575,-0.0024296660831699866,-0.2180561462865629,-0.9750230947884382,0.04220760234637727,16.20829940429632
8,-0.011384609504896958,0.031171666553653738,-0.0030000002346764892,-0.2605851517289436,0.3570433389549981,0.8970035857265398,1.40098500121561
8,-0.010036951572611304,0.033720439695351594,-0.003000000114381081,-0.04203519322429144,0.19029571901820408,0.980826478972678,11.23635789363543
8,-0.009418097431200513,0.03318672163998858,-0.0026852379124024024,-0.49131800790434677,-0.7237802303982789,-0.48450881642496363,17.369892588493645
8,-0.008213965260446507,0.025967514422423236,-0.13883957196767618,-0.433284363278334,0.46303373602724446,-0.7732169293536846,8.12418561290257
8,-0.03502299454255567,0.016641477463201042,-0.20999998586652566,0.7025464625303521,0.052788936696241656,-0.7096772478729813,5.6053906731544565
8,-0.01156691989262544,0.027596997627251454,-0.20999998580417417,0.19975145329346278,0.9237983420189028,-0.3266435062729335,8.968395585775237
8,-0.0002702586443478825,-0.0032541026056192007,-0.2099999854332238,0.15584055742465222,-0.36188718315996343,-0.919103578127145,6.462321295481257
8,-0.008369541342193147,0.03382902778578638,-0.0009724357231172245,-0.968432972797277,-0.20132052162782513,0.14699532227431159,6.963865878646208
8,-0.02399485540425907,0.06854751138669737,-0.20999998594233937,-0.5681798902495576,0.4422658661052227,-0.6939542607363963,5.3055676750393275
8,-0.008146047751813133,0.03236305252283045,-0.003000000502933404,-0.5861551917319708,0.6623498608124332,0.46659913532646735,13.278905530478156
8,-0.005618141845383333,0.03125351077845068,-0.003000001725021179,-0.15431591422334515,-0.46518652820881884,0.8716582430003397,7.1444456090982005
8,-0.00786513534424409,0.03246774513924057,-0.0029718502973170077,-0.5407581628181438,-0.8382355767813582,0.07029741932368236,14.522268840104212
8,-0.007361229063737346,0.03300453052385558,-0.0022198245316037155,0.18308289123002228,-0.11952761377185661,0.9758041834737448,5.863442112841034
8,-0.009870874986814736,0.033587745294791596,-0.002902433797764793,-0.5317507602427683,-0.05860624701646934,0.8448706627596217,6.50831939473276
8,0.06383198557853634,0.021645412713952514,-0.2099999850707627,-0.10272657787512407,-0.08422096482418089,-0.9911377700815113,5.396535090552946
8,-0.009401691645905689,0.03317434158035576,-0.002773174388597687,-0.13083539539595646,-0.5279959087011946,-0.8391081096654849,6.911548276698807
8,-0.00581563009729097,0.031899046213550664,-0.003000001252300313,0.043664178752772474,0.24106222843836134,0.969526916343315,10.48947204708808
8,-0.009015108016188864,0.03291773685506575,-0.0028578727996665405,-0.35707009199399065,-0.7570808790776891,-0.5471101277972803,9.530533471784421
8,-0.006974188534440986,0.03415160368091565,-0.07862976773144129,0.008733890016664192,0.9559104006741749,0.2935285762036038,9.317280839654728
8,-0.008038326670817551,0.03251018938448567,-0.002778995527413862,-0.7005751267362723,-0.5484250247785032,0.4565353042155164,10.845175425925571
8,-0.004752841510708353,0.03256884403332044,-0.0030000009222835985,0.31011463805531747,0.3404259437399732,0.8876593311020664,4.774001019113154
8,-0.007841864327517534,0.033068063445665624,-0.0022761728118570117,-0.9373454391637015,-0.28500496884947357,-0.20038886049408647,15.66372282896608
8,-0.008409054614847623,0.03337011826012136,-0.002042692111622554,0.6186234334604407,-0.7078788206874034,-0.3408997254264465,12.116752472439671
8,-0.009644650149906973,0.03337209746469064,-0.002598239642235848,-0.19045611213949237,-0.1162484055036551,-0.9747885809582336,12.546026893454604
8,-0.03500599663355248,-0.003790193129444028,-0.20999998584392066,0.23582984382218253,-0.41529225803528286,-0.8785878585427646,4.862875438992667
8,0.00756775707038329,0.04878469333199864,-0.20999998587289814,-0.31959625327671876,0.543956313835239,-0.7758671042970327,5.6422764627727515
8,-0.0064583455074354885,0.032409916019874696,-0.002706963247881768,0.4796688889122598,-0.8701405028056057,0.11301885854531493,24.385947209899044
8,-0.007423584751245044,0.03161946185243548,-0.0030000001093309753,-0.4866349084912605,0.49858797343052436,0.7173538168771006,7.779575523391054
8,-0.006509382259932035,0.03202718432456396,-0.0030000000832053546,0.08104149765013668,0.3418554645994608,0.9362516312306801,1.2410716840616527
8,-0.006515458406705242,0.032290464464357585,-0.003000001041537039,-0.5475737253844507,-0.7127159122224676,0.4384051137173123,14.969196407771037
8,-0.005108826809166957,0.03284838143561429,-0.0027111226168897986,0.8037073775688816,-0.48501272383252764,0.34469857696530143,14.11762941018809
8,-0.006852841978700456,0.03223441588902066,-0.0030000004414402538,-0.769250004374775,0.27082359976638304,0.5787132351856029,11.756019328749913
8,-0.008775707466083235,0.03006483416492263,-0.0030000028006730937,-0.48910119384782513,0.1090144765769859,0.8653876969736042,4.080716050916164
8,-0.04706999452823932,0.0518245142653499,-0.14672843207804528,0.8124578107013772,0.18919965054117222,-0.551466951018303,9.78361887800431
8,-0.00979945399872343,0.03351596727461321,-0.002964477094729379,0.04511128244815783,-0.7244418007579753,0.6878583062742101,12.953275669339506
8,-0.009853272747041224,0.033489781490425904,-0.0030000001991798645,-0.5248163633929448,-0.08592994709713495,0.8468670668451383,0.9735185053390127
8,-0.007930771059700668,0.03248286966305037,-0.0029002084070330137,-0.5805597009376866,-0.7943779852172227,0.1786450398118285,8.128458897518922
8,-0.008812146609476905,0.032961789161919705,-0.002500000030041262,-0.26629302516964215,-0.6449002958894166,0.716373947814787,6.363157210863966
8,-0.008507375016857353,0.032667960415926706,-0.002889348821474201,-0.7451634195599993,-0.642989255138586,-0.17690759148768806,14.42511709143727
8,-0.008382275665427767,0.032619498645412914,-0.0029401532607493883,0.14976737298886048,-0.9823645423833018,-0.1119358738566911,12.082309558899663
8,-0.0067403915844184165,0.03291876026495176,-0.002410111154973544,0.22431594414436412,-0.8950337000570618,-0.3854828569012989,2.918940102478314
8,-0.008140799286733072,0.032517168637859827,-0.003000000175699903,-0.7095513488226941,-0.6999910011829574,0.08092886782092193,9.980267092307646
8,-0.008006647309593787,0.03349154353058633,-0.0013805618606113383,0.216430654087549,-0.843454029729486,-0.4916737451850841,6.6960688508869435
8,-0.006143713702289942,0.03246579539188578,-0.0028845376140643423,0.7809822708057202,-0.5878606899590448,0.21091823507704693,7.5502404268088235
8,-0.00717945216936326,0.03293025525999895,-0.0023685679585730766,0.13382149639521423,-0.7418883266856616,-0.6570338787536719,11.976173927359707
8,-0.0063613859508285225,0.03298557743711575,-0.0023680322951158293,0.12340219728481676,-0.9169476840368285,-0.37944544066937447,6.615863195117681
8,-0.005289311669760906,0.031880584709672824,-0.00300000212108711,0.06693924991029429,0.35985301645839346,0.9306046117268293,5.663817873286819
8,-0.011099682079748008,0.03492301004803113,-0.003000001329283731,-0.08609956813657405,-0.28458417939526476,0.9547767850155444,9.820429193757109
8,-0.009022583004430393,0.032922106496342834,-0.0028606300543962122,0.188110941822217,-0.36295514528687317,0.9126214089514573,11.49717859332016
8,0.014548601701420083,0.007051745663693634,-0.2099999854963546,0.6696775748969676,-0.08981851920518982,-0.737200501415933,7.0962093429552375
8,-0.0057011857820185915,0.03258981135681532,-0.002992684625687114,-0.293580810849909,-0.8716814472833891,0.39240509930764933,6.219995144817538
8,-0.004471105275009123,0.03327393223031417,-0.002911317984514434,0.9669180969192278,0.11263016790295316,-0.228875160575042,6.0036716807756605
8,0.048433395982284126,0.036036118988014405,-0.20999998582949217,-0.45924713903517106,-0.5053814568231045,-0.7305351794317416,6.732065251699146
8,-0.002853478810078149,0.033814375502108036,-0.0030000016703922426,0.23079489851634435,-0.6468667926323322,0.7268404690221849,3.607900398916184
8,-0.008515288224257213,0.03723635026969807,-0.20999998579642715,0.24221914195413208,0.5866993738290228,-0.7727313453067868,5.995689824092304
8,-0.02048722305971224,0.0442990419908449,-0.20999998507402778,-0.6022783824984302,-0.24795421043771765,-0.758801330719236,8.859199277209777
8,0.025356982866354304,0.021401983323185225,-0.15848938206399346,-0.19245548440290405,0.23196615953727923,-0.9534949330503905,10.947621948262325
8,0.037523497625534946,0.04822680434213534,-0.2099999859150415,-0.06523168395621254,-0.5702195088906401,-0.8188983692063098,5.635819332466653
8,-0.0027632496992012812,0.036418067252360714,-0.0030000012999048717,-0.36568967800791624,0.6625846575235175,0.6536456463657583,13.221577679281646
8,-0.0040472801405490085,0.03894089863071758,-0.0025000001723082077,0.2623632794697568,0.6996194427842779,0.6646037502633361,22.74396599688029
8,-0.003916802025791749,0.008909093648795854,-0.20999998529283734,-0.21635145800367533,0.5000901137470026,-0.8385117320301455,6.411017041221713
8,-0.00686288058619664,0.03202961780698564,-0.003000000159749001,-0.808574078307807,0.370144978289299,0.4573845809992889,4.741699726678585
8,-0.007594353709424219,0.03241748067153036,-0.0027003980364191686,-0.5547604746472823,-0.8097582712745318,-0.19113439740560498,11.426942069706543
8,-0.003453036437605899,-0.014021613181673956,-0.20999998583694707,0.19512994653476817,0.2790190481112879,-0.9402513891276147,8.183829494074478
8,-0.007762706148280686,0.0383896998481372,-0.20999998551440308,0.5007088115511593,-0.3930800503474792,-0.7712190091367359,7.856030893024572
8,-0.05493709472705355,0.03458395649269751,-0.20999998493422256,0.47403446342473987,-0.7999866844167234,-0.36784865398905103,6.534091783745618
8,-0.02967836386685113,0.026845792952901907,-0.20999998260957944,0.07138467127620242,0.19921857763520387,-0.9773516189334291,9.943109894722138
8,-0.03325314023862039,0.07888964260013812,-0.20999998514483686,0.2347825132362955,-0.03913287282640486,-0.9712598981440556,8.163812993861686
8,-0.006722538112684999,0.058809611611620675,-0.20999998567716416,-0.7051244102070914,-0.30335253830831593,-0.6409187184284787,5.7931185240822
8,0.0239648113755119,-0.006937612964465031,-0.20999998590116942,0.027158646625744236,0.2197363112032108,-0.9751811941645837,5.4660968288039635
8,-0.026496787624507766,0.015955997610337662,-0.20999998550996662,0.013309490742440824,-0.41748012783413396,-0.9085885759350995,5.385609993665689
8,-0.00674452247496813,0.03220127095599584,-0.003000000247952761,-0.7069449231553158,0.17451917330477212,0.6853991054662558,7.979712493945333
8,0.013800916490564244,0.04941265307947172,-0.20999998559775235,-0.026240783317065957,0.9211099626512351,-0.3884171185665564,6.799453599924243
8,-0.0031785235774184632,0.03519140983757008,-0.0029437050471885625,0.9335248312678172,-0.3525817753018652,-0.06494213679406162,3.3843707034060198
8,-0.005003009525152714,0.03105097307014367,-0.0030000008140232412,-0.5435049281980849,-0.21207362033199037,0.8121743486368409,8.73039638848528
8,-0.003354785228283673,0.03348526077110073,-0.0030000014169281226,0.708260881090131,-0.3254063259929479,0.6264800454293836,4.714685499933486
8,-0.0020604695921750123,0.03658850667568796,-0.0030000000813413773,-0.79993820541416,0.49007685481096697,0.3462997890518614,7.2222445746099
8,-0.005795640641741663,0.03166446323957293,-0.003000000091039153,-0.5447822711822691,-0.3713378079703699,0.7518779883579843,5.134237118662107
8,-0.006929856244006586,0.03255938211374454,-0.0025000007064333815,-0.2886073641984117,0.7940798862067758,0.5349232876331698,8.365520431668187
8,-0.0055069671431337945,0.02939198130988003,-0.20999998557905936,-0.3571474278755691,-0.8237826064693629,-0.4402589374906636,7.779817330409449
8,-0.006472885939400259,0.03240795413069164,-0.0029731938831076034,-0.36588647312050593,-0.9302625928173088,-0.027177144667064022,18.169735180433186
8,-0.006567083864308412,0.03214538735624316,-0.0030000005921505895,-0.43138614008468756,-0.15465401276962917,0.8888127668283606,3.7577594631876248
8,-0.0058398357854692945,0.03254501450018654,-0.0028529819139353806,-0.1385280339723871,-0.7468789519266513,0.6503705212974308,7.121935638184187
8,-0.006255956166327223,0.030189880882735595,-0.20999998567210623,0.20028678356436028,-0.45729350155872295,-0.8664686132582098,6.008794141452764
8,-0.0197656933163421,0.07210224165807386,-0.2099999856288821,-0.4776649916229708,0.8428922494741963,-0.24772729271147492,5.0026900362171105
8,-0.007318314314031598,0.03238575358030705,-0.002957610404375092,-0.1858771270765524,-0.9356881578377789,-0.29989559001744437,11.386958396609373
8,-0.010974772955097745,0.035924557190585744,-0.002831248028815788,-0.6489568615897406,-0.7198262389433477,-0.24638420713241463,17.547717545970944
8,-0.0177057843191971,0.06289674486847008,-0.20999998532055747,-0.8451835485540042,-0.3544056599329325,-0.40007673946527256,6.528101246836036
8,-0.01412750541087085,0.05578117692072419,-0.20999998565143374,0.6281483034209069,0.4671209553316752,-0.622276242515701,6.574730143413406
8,-0.02456977262131499,0.05922810810089005,-0.20999998492575517,-0.020367565131863486,0.05734433326874786,-0.9981466774640698,9.934455579012322
8,-0.011908893343743676,0.037318942084294135,-0.0030000013902068056,0.09316164661815277,0.3914410673592757,0.9154751762795239,5.766493391504223
8,-0.010784426011589458,0.0339226823743199,-0.003000000009280827,0.29630796445167323,0.8686411096056799,0.39706953157541464,13.342171039001343
8,0.006047567187961221,0.026712726135434926,-0.20999998597102845,0.3882243565201562,0.2764810441411369,-0.8791132357296966,9.620463370590997
8,-0.008848899757542193,0.03356424683895415,-0.0021568724693921443,-0.9109337637620264,-0.410380033437326,-0.04228363979517369,3.1155159633844893
8,-0.010077359051209182,0.03380054926789141,-0.0030000000036461824,0.193321359849768,-0.9463897348241221,0.2587920432419903,17.127948586650046
8,-0.010921189541422184,0.03558296126335907,-0.002776690146300372,-0.9783682438053037,0.14887028730438817,0.14364267148460774,17.422786807227737
8,-0.010280768154716853,0.03408471451365412,-0.002760005031678784,-0.7735577798142071,0.19023532526819004,0.6044988687408933,14.372704288376758
8,-0.008434066805494692,0.03263897651302827,-0.0026006321479006625,0.3722390312874801,-0.9276012429614,0.03152836251099051,18.355003905734623
8,-0.009086860139283297,0.029462207936390733,-0.0030000009944067454,0.8887728752555437,-0.1511617758889812,0.4327041642046943,2.0520986529771843
8,-0.010347012490991573,0.033967173245463965,-0.0030000005247215996,0.2352758429164728,-0.5418334931339446,0.8068839714966525,16.608433484037004
8,0.026313787387241154,0.048660835067067684,-0.20999998596729946,-0.4263358648027242,-0.28623817207684243,-0.8580824198344943,6.676676072444369
8,-0.007100394767612006,0.03308098095461895,-0.0019841045605317386,-0.9681024835582924,-0.20503330231101058,-0.14401016030720692,19.77805791089478
8,-0.0064471792084097295,0.032411458983672814,-0.002920377658905838,0.559332278674178,-0.6304725166759438,0.5381930952264751,20.736937577234485
8,-0.016482080775090772,0.02948777983303761,-0.20999998512613816,-0.14070637920920084,-0.2036919393476116,-0.9688711517506575,9.032329113416148
8,-0.007869317548015373,0.03228579386525038,-0.0030000006257412124,-0.4118210885416587,0.43756502621878357,0.799337374869034,1.7638026290443736
8,-0.0024855232905581083,0.030138952970788294,-0.0030000026445584985,0.1433583026372575,-0.6173630223556084,0.7735058472260654,1.4610058853179684
8,-0.0025510092434476647,0.03419911884067544,-0.003000001709103663,0.24159498568018709,-0.09957088281231731,0.965255148750923,3.404481725144753
8,-0.006914761335547957,0.0321868715460201,-0.003000000395086685,0.4646236572061705,-0.639371876740929,0.6126405637869118,3.9810532625012014
8,-0.049375768423052704,0.02954714700212082,-0.209999984381265,0.4069065862472543,0.5403154915855078,-0.7365366247657458,6.068853164162796
8,-0.007141746401709218,0.03299887505769951,-0.0021928308257017316,-0.1250041710849166,-0.7082359120809256,0.6948207323117761,8.033891945415915
8,-0.00855214280644764,0.032663529757053486,-0.0030000017762190686,0.3753307074046754,0.3664002562235561,0.8513975054687546,4.970391020360534
8,-0.009883281213516375,0.03291660854393652,-0.0030000015329954676,-0.29266010641795065,0.49413076445101783,0.8186481843469067,3.7292751371567987
8,-0.0075870165604549926,0.03296673012693266,-0.002391464933429543,0.47691716394138495,-0.800892804227971,-0.36210597188387134,5.589549044055187
8,-0.009436251556662854,0.033200583592064035,-0.0029077764122392275,-0.1524828878651818,-0.9196265024791141,0.36198903967706836,12.672564821371601
8,0.0036200393204411734,0.017539344862502453,-0.20999998509218193,-0.18516332788894513,0.41826569467348707,-0.8892515677042103,6.755673336598863
8,-0.00442785776177624,0.03272235473516312,-0.20999998544788673,-0.10708004052733268,-0.10251880774336916,-0.9889508374937261,4.928878433017751
8,-0.00534338259895166,-0.0029543393677360233,-0.20999998317518276,0.14595773086339434,0.12900921207470384,-0.9808429864158041,6.654346181381472
8,-0.013737008522039847,0.03820730360849878,-0.003000000049726231,-0.41639453177876073,0.4590511994814579,0.7847850598472051,0.5687426343654844
8,-0.024103349130811927,0.04973492052722063,-0.20999998589970253,-0.05469430540017664,0.5041721286986892,-0.8618694782855605,7.563226825026409
8,0.022363711316748167,0.046081839582914674,-0.20999998491152783,-0.8536840116140616,-0.2677614631374534,-0.44668490815452144,5.287414347645102
8,-0.010432521182210271,0.03431933914338178,-0.002949800048038892,-0.8818097884151315,-0.130616431583834,0.4531565346053906,20.564226869835398
8,-0.007638270088559224,0.05332628141007841,-0.20999998557417163,0.33371999821469894,-0.4497608766270481,-0.8284600875402812,4.334327775981057
8,-0.008097195929865075,0.03252649656117032,-0.002755577196071183,-0.01340085115924003,-0.9332266115200317,-0.3590383109628381,15.846805128181547
8,0.012032105628045037,0.01683161499921574,-0.20999998437516937,-0.36755467026554667,-0.05862478928874479,-0.9281523034754778,6.991997840795621
8,0.017682028404127047,0.0302917357052787,-0.2099999847909176,-0.44670658091258425,0.17938145082906728,-0.8765132775194268,9.573495357798961
8,-0.009501778416122056,0.032688155549680915,-0.0030000007631346146,-0.6541750621551474,0.6235420549795582,0.4280774389362028,5.513549458261821
8,-0.009998845903959545,0.033214219297894976,-0.0030000015557327415,0.3237800845333022,0.37450894950905916,0.8688552834605016,9.553635448367244
8,-0.00837223902630247,0.03261581831513104,-0.0029425909271460354,-0.7833992690740443,-0.4993621750379811,-0.37003108430994,11.774750703688502
8,-0.009094965510392992,0.03296555864791478,-0.002875637633718379,-0.3495926077008728,-0.3219466319089135,0.8798496319504885,5.025482203501297
8,-0.007625984174323096,0.03081925670906783,-0.0030000006285291524,0.275234051290542,-0.6276948833176138,0.7281794768235934,9.715676257483768
8,-0.007355705700541204,0.03238891458043111,-0.002718484013455927,0.21291561996937247,-0.9718937767262246,0.10044613249843658,18.073836241998546
8,-0.008593714090483859,0.03174653811017057,-0.003000001638285207,-0.7156699334066943,-0.4100010377591663,0.5654340770187665,10.129106306491417
8,-0.041433145284121106,0.02643371655944589,-0.2099999848912154,-0.055921275768823955,-0.6157628130532903,-0.7859446348039321,6.172308095603339
8,-0.009235520871109307,0.03204434047586101,-0.0030000002604632873,-0.1306322850665054,-0.28494902327714117,0.9495995262381435,8.048000151448798
8,-0.0037938606473835387,0.03365284073715841,-0.0030000014892263846,0.6195816600732444,-0.40589477801867513,0.6718392632751176,8.042826551314267
8,-0.005629830793480776,0.03237440283160297,-0.003000000234542373,0.5749758834729791,0.7512463571402324,0.3240858594693659,11.398193631657131
8,-0.006531330573843491,0.03240061839789129,-0.0028530924876092084,-0.4134493493729758,-0.8283283836316255,0.37806312220749866,39.50129505986131
8,0.005143769538907304,0.011766202759201273,-0.20999998556292976,-0.37729433316905286,-0.3474604272066632,-0.8584405848303555,7.912131923037807
8,-0.007912000839476152,0.033092561148777885,-0.002262000722598834,0.01363623433018338,-0.7564143562033496,0.6539505905209998,10.382236810141078
8,-0.008626389054594749,0.033351630468903645,-0.00232837346995402,-0.4108764791704128,-0.5006114032968401,-0.7619506163483916,12.137718398727786
8,-0.009172055834913331,0.03301417326629512,-0.002861931906974595,-0.6109576229202262,-0.3883866281339702,-0.6898453522945499,20.37764440921426
8,-0.007859517651355914,0.03058514002918454,-0.20999998594131694,0.6494724127782878,0.3028853642135624,-0.6974568382238197,8.502664897716022
8,-0.0055073484358252375,0.05050703539358703,-0.2099999841790443,0.37956062197363644,-0.654470179923718,-0.6539132341814183,4.330194675911248
8,-0.008005487646679615,0.030482415315535142,-0.0030000002174831683,-0.14209518793440645,-0.2691398107877787,0.9525611370484336,4.125975184481298
8,-0.023173091517900507,0.03563640721872416,-0.20999998490913457,-0.26481600866709476,0.4889099737809712,-0.8311675637867005,6.154673131977201
8,-0.03285313981904456,0.036090495653519974,-0.20999998314931073,-0.08477209070432719,-0.26206232789399253,-0.9613204611035797,5.5059890887207725
8,-0.005213300330256287,0.03279428992354397,-0.002752948477898205,0.536290062598706,-0.843435421802293,0.031775116161289904,9.815519002536728
8,-0.006303529637858461,0.03243417302053254,-0.0029708850046215665,0.7508269323706546,-0.30725176112354347,-0.5846839085466213,9.178178024078507
8,-0.008847608565203105,0.033001086763441045,-0.0025000010978450844,-0.09125435798613357,-0.9503856506115365,0.2973882264990087,3.0778037487927428
8,-0.008682337514177064,0.03274406176881675,-0.002920960730381377,0.08645770060762648,-0.9801358886271618,0.17849007207877418,13.241988381207255
8,-0.009032784259318662,0.0329281069190799,-0.0028656694856198043,0.07596449949037018,-0.7745212005877095,-0.6279699870673364,21.184890910465786
8,-0.008713389319895903,0.03255304789030813,-0.00300000012135912,-0.43887511249922756,0.35904767606369303,0.823694968991587,8.499225731965957
8,-0.006008216274688071,0.03286693971538092,-0.002500000489986822,-0.28482300208525757,-0.6177716204085266,0.7329625382657455,7.326954464848523
8,-0.00610763417026781,0.032473879507255374,-0.002923647867924592,-0.3145638780091544,-0.9310970722228764,-0.18468299529146964,10.240182221177344
8,-0.007066329179740044,0.03237361942403999,-0.0028700960536769534,-0.42484754903570787,-0.8688213683686301,-0.25427148865811305,11.589627987363752
8,-0.008913012811542418,0.03286018866695084,-0.0029213094404254548,-0.36539449733025225,-0.9289590970398645,0.05934523862663311,8.504621122625647
8,-0.0055685996850386305,0.03224506287789343,-0.0030000002997122447,-0.06904665634102741,0.3906110641623897,0.9179627202681216,6.452710584756961
8,-0.00731399454276486,0.025148793985675502,-0.003000000233047578,-0.5733377364166402,0.09277026052599607,0.8140500714099731,1.0663747606362857
8,-0.002708825802577379,0.03834391969506669,-0.0030000017309770614,0.05786921447463153,0.5203511387767324,0.8519893464063076,8.021986556503379
8,0.02073623331910479,0.05226706444460023,-0.18415614808160097,-0.06320229839151315,-0.6140797139125195,-0.7867093328791445,8.884097312622572
8,-0.003489918383555727,0.0035179518182469303,-0.20999998557213426,-0.6823601653463308,-0.008515521434681437,-0.7309665455020659,7.212285731505456
8,0.03796714672612242,-0.005046918204210945,-0.2099999850938253,-0.5616690784853456,-0.6327135827256957,-0.53310540093666,6.831814911494144
8,-0.005791739482810929,0.03252601517691128,-0.003000001327313737,-0.02435016156008354,-0.7224130883413817,0.6910328497438197,7.334461336516128
8,-0.02665666166326718,0.040552503099124025,-0.2099999832633223,-0.03816857721744314,0.23188125320531533,-0.971994981532893,6.707868540464562
8,-0.019293774519524194,0.02034712388830218,-0.20999998314098664,0.5052093038373826,0.18289578248453772,-0.8433935570452952,3.641381197669991
8,-0.01159476874750669,-0.02486502857822375,-0.20999998583576043,0.03710983378361874,-0.4016026896489447,-0.9150618229951927,6.7231051465204965
8,0.045186183340660754,0.06433788879845206,-0.20999998313496862,0.15633176533410328,-0.13680933312461085,-0.9781838199017207,1.2046395038044189
8,0.005217519386179309,0.03501441435844112,-0.2099999855438373,-0.6917635751080291,0.19848294652852014,-0.6943109361742148,8.91073530389343
8,-0.03388008839583013,0.03445387148096851,-0.20999998557206384,0.1372267852403625,-0.27331398589106265,-0.9520862747298352,5.358924985746254
8,-0.003177065529773024,0.03519613845891532,-0.0029393046155031,0.9649448511233136,-0.2620053347544155,0.0153179258005883,6.353765190307514
8,-0.0014633313022168885,0.03417870730488014,-0.0030000015255250718,-0.1009382279675913,-0.6983457361445863,0.7086075831822847,4.409002504952203
8,-0.007722563294205188,0.031118866233404867,-0.0030000003457847273,-0.03339091363037368,0.1228388484192021,0.9918647408825331,9.222491751638726
8,-0.005904897406899083,0.03252590018297372,-0.0029814019073169913,0.2928793443213377,-0.21890505018920542,0.9307536025563184,15.08158451722638
8,-0.005730548568545559,0.03257985788161344,-0.0029373280995131376,0.11079281631293489,-0.9804912686279026,-0.16236324706624541,10.951141241043892
8,-0.010144396142133234,0.0664242155237115,-0.20999998560192495,0.7973169952513472,0.3739505780326517,-0.4737579279256536,8.000180950351496
8,-0.009329005276916824,0.03381209457368761,-0.0024042523323433308,-0.6396574632595458,-0.6049679941484261,0.47418567645216014,6.332741266819013
8,-0.009056953612484911,0.03377593620447484,-0.0020325126681502814,-0.8684006003612562,-0.17217452695411753,-0.4650121821633657,8.241197085041945
8,-0.0104769141333074,0.03357413464354217,-0.0030000009182935706,0.23175613545933832,-0.6793255383487468,0.6962800489918826,11.771001790523753
8,-0.01027967023604238,0.03370025852777583,-0.003000000456444378,0.19524634466851998,0.6360593832466965,0.7465301908680009,9.469694037257495
8,-0.010455151583086481,0.03506478319704133,-0.00250000000116094,-0.6417202228082657,-0.6475981056319331,-0.41086719170656816,4.44442545887899
8,-0.010912133235833094,0.035539272681933125,-0.0028587445951702827,-0.20946991773188317,0.22464821930618228,0.9516593566649567,17.819901482429106
8,-0.010492360528585194,0.03436168983056291,-0.003000000639409301,0.39435942904754073,-0.2964343976002458,0.8698317588135518,6.1872360021692625
8,-0.00720336826815937,0.03304488879663909,-0.002085955871087673,0.4806347916466,-0.759114421867423,-0.4390165048967042,5.343996359134047
8,-0.019070051746584306,0.016737707782137144,-0.20999998589442526,0.606736638268612,0.5007762310754921,-0.6173279664589384,8.500644897591036
8,-0.007767121798280988,0.03220569555204,-0.0030000002113611136,0.2750124234119271,-0.21079140920206302,0.9380485855091448,3.0022641054899095
8,-0.006589182233392358,0.032394220988450045,-0.0029884085053453946,0.06496327417838481,-0.9976428217515279,0.022103692353838224,7.073549723744886
8,-0.00798731130425038,0.03169029405739701,-0.003000000043867488,0.22892159215814073,-0.004896528080775465,0.9734325496183781,5.958829612113274
8,-0.007935257520795307,0.033004460453259936,-0.0024900637293706522,-0.552874557594562,-0.8095015021303293,0.19757793807345306,7.074665723186952
8,-0.008179395191753907,0.03251812090883441,-0.0030000002598713107,0.6759785488871006,-0.5155826803874881,0.5265239796333521,6.60431702747278
8,-0.023263485615387495,0.027217307539968642,-0.20999998572619716,-0.13563005926605382,-0.3079846658556347,-0.9416740054930262,5.77916160055438
8,0.02038113455728172,0.030942765730422796,-0.20999998388495505,0.48247770348535685,-0.4847743967235951,-0.729526593018219,5.445389166160464
8,-0.024042696598300682,0.025941665327667986,-0.20999998476678927,0.39257121905767456,-0.4274413910397995,-0.814359684165131,6.126664872511001
8,-0.00798185168831595,0.03136000213295112,-0.0030000000936665754,-0.05386386986962833,-0.38327489992901853,0.9220623810822499,5.769579707358648
8,-0.008077151016828533,0.032520835591462224,-0.0026764771390168076,-0.21929273510100833,-0.7630069412118321,0.6080551817018608,12.023466965635194
8,-0.008754207167050004,0.032778251231532954,-0.0027624989175207308,-0.6719349502326484,-0.3616428676042708,0.6463109615090927,15.924175369359686
8,-0.0022628072166100497,0.0348224884194671,-0.20999998452011862,-0.7642951383086736,0.24987571004536138,-0.5944872337460676,7.146214815690616
8,-0.009520748082897865,0.03154856488466053,-0.003000000822505057,0.5320033928184524,0.7187565873471404,0.4476174238953929,4.584603447546999
8,-0.008624897015719217,0.031476290528598946,-0.0030000002076725407,0.7655424707613461,0.3547589131460182,0.5367409421723569,3.5288080227378646
8,0.002191723676175921,0.0152439789502982,-0.2099999837640242,0.27992323325372453,-0.00903663044661436,-0.9599798554110144,10.957604133978633
8,-0.008701154804857586,0.03275284370133871,-0.0027183179391422306,-0.5900488189186187,-0.7230540624871881,-0.3592147185368619,14.994940131994849
8,-0.008960669787505003,0.03288656187320721,-0.0029193061243422023,-0.1190401809225782,-0.7212927944395047,-0.6823240725751732,20.257065811688793
8,0.024029061704516692,0.016365111805792917,-0.2099999856211337,-0.36569546898690114,-0.22855289408685872,-0.9022363318814929,6.8408951813443695
8,-0.00953396242471437,0.03327807557331568,-0.0027582987142104757,-0.5452599001584142,-0.6633664126547545,-0.5124808716828351,10.552726828492565
8,-0.009402054902602045,0.03317461494310872,-0.0029616480074054355,-0.7533166636352878,-0.4241313621121116,0.5026197289823825,17.87657189455046
8,-0.008412696775506543,0.03263084030289261,-0.002786727495349494,-0.4358301757754637,-0.8792916605694618,0.19208912914719328,19.323075741746692
8,-0.007340892809557374,0.0317813815876692,-0.0030000001765194714,0.8458965036685624,-0.4848748673707872,0.22216090581707532,10.38243505450102
8,-0.005647125257357022,0.03259313776792329,-0.0030000001896023976,-0.122774775431671,0.7670474676065087,0.6297337032080663,8.351714732135886
8,-0.007779705505970826,0.03181575842096673,-0.0030000013733072154,0.5671686854232244,-0.2196978140765804,0.7937584977594025,11.535574016811928
8,-0.009494206105546847,0.03324594728384926,-0.002906309792349043,-0.8810523074836462,0.4725091419246211,-0.021953183719015612,12.158096238499033
8,-0.024502731415510556,0.028219765396815366,-0.20999998543483758,0.43699369708778574,-0.22539197581294063,-0.8707668838125892,13.031198714292723
8,0.04213195831628726,0.04287489764113432,-0.2099999844397553,-0.47935484662834305,0.35558274927937256,-0.8023589218229212,10.6103779098251
8,-0.008837020152897964,0.03281985087122312,-0.002888483792614984,-0.07880630157008779,-0.9246790946373904,-0.3725025352577091,18.627447653627257
8,-0.008364312489868946,0.032449628798627395,-0.0030000004656941873,0.2360363828263454,0.2099129168843831,0.9488010293561789,3.0469395355580797
8,-0.007340939594578995,0.03238762528811295,-0.002518125495415328,0.23443173603391504,-0.8968301747282068,-0.3751498351820232,17.71309275517348
8,-0.005662859884096219,0.032603185759843056,-0.0027318830227430185,0.44670684812603384,-0.16877297103804645,-0.8786174799560362,11.78300508712466
8,-0.004848180463797734,0.03248719732925092,-0.0030000007024776087,-0.5522810820699521,0.8059867485611019,0.21300461856857947,9.943187623435499
8,-0.005608259835634188,0.0325301077317145,-0.00300000026356337,0.703183832230471,0.5061751950766875,0.49931870581698234,6.907856166248799
8,-0.03654435151952196,0.011762222214533522,-0.2099999859707725,0.5610077339728432,0.31041914928719777,-0.7674048958525534,6.6717001598864885
8,-0.009734831338446843,0.03239558518433487,-0.0030000014375710727,-0.40012484600385195,-0.6332766739943472,0.6624656683821819,4.807156321832984
8,-0.010148266587105652,0.033905595824468185,-0.0029698535282545423,-0.9290345711774795,-0.17739050557682576,0.3246958177868565,8.520290903328291
8,-0.010608140455372218,0.03439359677582871,-0.003000000217016803,-0.7512674611544641,0.3935221305504085,0.529846708565405,3.681654374498519
8,-0.007712661457299897,0.032437068876794206,-0.002933405331860597,-0.7236902900025687,-0.16091552766490347,0.6711024937461668,16.551695631577335
8,-0.008957212768455639,0.03288461971132496,-0.00255884008650107,-0.6996945149108101,-0.6296377990025004,0.33761491061713067,11.434854857579534
8,-0.007538058202901937,0.032036308406107335,-0.0030000012514813713,0.02493222478709655,-0.16168450219776917,0.9865274988140093,9.967877481261322
8,-0.023643557231304933,0.02071705777196936,-0.0755479272315033,0.8999201158105159,-0.17662371298966187,-0.39868264217210825,10.442930565896974
8,-0.007955290875358722,0.030371642274872032,-0.0030000004016368905,0.34320889364324403,-0.42302173523408243,0.8386061452456249,7.147351696120473
8,-0.008632531299631714,0.03272138260537284,-0.002719974772356511,-0.6785435953764698,-0.4893355066367586,0.5478406256550533,15.896706296770507
8,-0.0072354180671478086,0.03106505114496564,-0.003000000973039511,0.09604092288500345,0.40312726411807315,0.9100904076277667,10.563065696895
8,-0.009337683538982495,0.03312727347477992,-0.002653234669381565,-0.8980427331918046,-0.22398880223770068,-0.37861361020638623,12.947519271500607
8,-0.006376829257927648,0.032042385085914254,-0.0030000017329569403,-0.4134049176324813,-0.06732841037806407,0.9080546565230775,9.12562356927523
8,-0.006491672846446415,0.03240549971811198,-0.002944237671676393,0.5769373449486556,-0.7089156277037777,0.4056869887005929,9.037543172161033
8,-0.008869080530972281,0.03283661625297998,-0.0026122562949679553,-0.5865758417749477,-0.623135546124885,0.517330525874564,13.609341041000693
8,-0.00939752064575103,0.033171214368104426,-0.00271174735444363,-0.758021149078463,-0.6381825417347673,-0.13463647713275592,16.10994646164147
8,-0.004040050537452704,0.03346501904680592,-0.003000000223717745,-0.30632855295344485,0.28785351250114405,0.9073605529149931,10.149617581461229
8,-0.007805665897194905,0.032455044714138716,-0.0029982516297250798,0.5094290572498736,-0.6094296819745679,0.6075174881086814,20.701263383978112
8,-0.009787162897866512,0.03264573273900048,-0.0030000002642759436,-0.25744390860850513,0.7416663664913916,0.6193978000734519,5.362588095145292
8,-0.008319559014143562,0.0323260861293876,-0.0030000000035035656,0.46684521155949704,-0.6938954263374428,0.5482378003676387,2.8609909526302597
8,-0.005545113309450443,0.0326328038245414,-0.0030000005547833122,-0.5434227215354688,-0.35434916306602865,0.7610048727527239,11.128434348922625
8,-0.007185018837951656,0.03237735100288973,-0.0029660829885604636,-0.17083759612865038,-0.9808111860759828,0.09393579199223054,20.555494095938847
8,-0.008880707683131258,0.032842787811271715,-0.0027193475019606683,-0.5044602045799187,-0.7844273895439153,0.36082346449268704,14.331998138269931
8,-0.008566264557014383,0.03152997665864718,-0.003000000070361457,0.3378482141805382,-0.35407479466611375,0.8720605620925478,5.533106922982299
8,0.0007446083592137071,0.07535317694444107,-0.20999998374512854,0.6760456340820463,0.20344046575100325,-0.7082190886537998,5.574580013326746
8,-0.009364065639562838,0.03314643863753361,-0.0025790299428240728,0.1406499079636377,-0.9887849135110756,0.05021950022367053,8.961065370814543
8,-0.007470140451386736,0.03232808590401573,-0.003000000951177763,-0.5236575704597545,0.4856067274375555,0.6999777533376152,12.412227797144869
9,0.06575073854087048,0.006881002615745347,-0.20999998505065806,0.7796750222615634,0.5079726893441943,-0.3661565328406107,5.044940376985593
9,0.038976451141747956,0.02530330857798411,0.0017556618594855287,-0.16452020755414765,0.3294101145929248,-0.9297430170268643,14.004489102906817
9,0.038224196279709965,0.0028107524275035618,-0.20999998577259676,0.505560070234912,-0.6342158361827966,-0.5849609290534087,5.86751781386397
9,0.0473449589482406,0.023635733498346544,-0.0030000006192202116,-0.3408685068696526,-0.6147679120764633,0.7112447365749706,4.006476701790904
9,0.04441767499669114,0.03904685713721617,-0.20999998447244644,-0.31106237732442293,-0.709610671994006,-0.6322126949101018,7.366492864980635
9,0.014900347745712056,0.006692356711197774,-0.2099999851005766,0.5069589815369686,-0.3191890912859805,-0.8006940208612958,6.13513116873059
9,0.05154609961064941,0.008803917758452295,-0.2099999839894912,-0.7323613196794141,0.3656887723793648,-0.5743854273857406,7.532420017924204
9,0.04604254017435984,0.022560959210902218,-0.0030000007167816567,0.9116181998477106,0.0794698049112715,0.403282540923586,5.39620282810867
9,0.03715218787371034,0.027945022426095124,-0.003000001158304384,0.457730961808941,0.1395850706333812,0.8780651312162074,3.737184389796302
9,0.046903454188399224,0.021241167850124545,-0.0030000003577490097,-0.23246704239179292,-0.09717845543147244,0.9677372690981606,4.176422849920715
9,0.03935697473446108,0.027251111932793712,-0.0028616657523009214,-0.4519714871928688,0.12839516629224057,0.8827437091463493,15.990104333987865
9,0.03908285179068545,0.024866158738417948,0.0012048139449110699,-0.7587540308446946,0.3955164099016699,0.5175510507915354,13.34763730755759
9,0.03869584156280917,0.02198892878004354,-0.0030000012782595694,-0.9188102436308071,0.11904806297182713,0.376318076767185,21.90194176955216
9,0.03704501571952136,0.01663370307628045,-0.003000000952527778,-0.7939054160663757,0.1488815333931114,0.5895324243457611,2.9143728563965925
9,0.0390633823353896,0.023440541396306514,-0.0013651130593018612,-0.4761099640390563,0.8571328053239297,0.1965773541897929,12.324156885769408
9,0.0379233151786202,0.023635254207288577,-0.003000000142643329,0.03497231510844334,0.33711748496975263,0.9408128073658565,8.327867860018772
9,0.04435741663478511,0.020560583431797404,-0.0030000007311702503,0.5818830156757431,0.6392986146587141,0.5027021358255327,7.846648254314055
9,0.053359213517523305,-0.015088001339986421,-0.2099999852629701,-0.3082869314394801,-0.13968976834555566,-0.9409813688501989,5.892466731453657
9,0.03810317685676224,0.023263311226971853,-0.0030000005592219856,0.018778863616732602,0.19491002002178756,0.9806413403361959,3.5921045021743128
9,0.08458431321547845,0.04455043003678763,-0.20999998359769156,-0.3160436552560797,0.2860932715802785,-0.9045811450217549,4.596758133736226
9,0.03519962408920672,0.030087572463674182,-0.0030000002543834553,0.056633575630731,0.3082480887238349,0.9496187413427459,1.2395771275628051
9,0.03690123833231945,0.02310753125981938,-0.003000002339660685,-0.14250254346733873,0.5722186882666107,0.8076254069206706,7.905069928306331
9,0.04096079524123219,0.02128545730624667,-0.0016002297738857945,-0.7369578515228161,-0.6564235492487479,0.16124902812281194,13.039220056582348
9,0.09040958293026333,0.026577429631733734,-0.20999998562985592,0.7417857838926523,-0.5468703927675603,-0.38818375072769057,9.410969362192825
9,0.04078771655716462,0.006279659912302694,-0.20999998551596166,-0.6815792410106327,-0.4677874373691025,-0.562694101322395,4.484044058981378
9,0.04308849538466836,0.03288758728630041,-0.20999998517197327,-0.27704031983200383,0.2237604609658912,-0.934440965120704,6.2783484783699
9,0.07243329421756949,0.018781815380389352,-0.20999998502977973,-0.7051235470725695,0.5540497249065991,-0.4425264802186643,11.059607383719973
9,0.0531595543603211,0.023327926810960097,-0.20999998583529894,-0.7436668305906663,-0.49347619919048513,-0.45104421724676463,4.534869016140648
9,0.039115322151012016,0.022133836315768304,-0.002500000742806231,-0.1664274198107088,-0.5736674617919553,0.8020022177128474,13.996256256358953
9,0.03834361283352176,0.027576006906052768,-0.0030000006928624675,0.049976707573507605,0.6313598489311165,0.7738779424804598,5.217584527798316
9,0.010342265763878396,0.0546882617433353,-0.20999998397025355,-0.724508380929355,0.2212372966307225,-0.6527952700063429,5.819022014103143
9,0.005154298841114752,0.04289782898606731,-0.20999998487926846,0.11966998392679488,-0.3526517373728244,-0.9280710355758813,6.929423114542306
9,0.04515725634733363,0.021429940421839596,-0.0030000007916288415,-0.10771946671907782,-0.6621678626493739,0.7415728137978881,10.49352224950233
9,0.020044329383276133,-0.0017921573287156172,-0.20999998469028208,-0.49440525768045485,-0.00808278759261028,-0.8691939425252888,6.051116830278818
9,0.04497604158050257,0.018441037308519943,-0.0030000002211420084,0.19330203394786766,-0.7712440178601678,0.6064791740748586,3.436121647971562
9,0.039731124225092826,0.02553303941630424,0.000268443295639209,-0.3050348693230429,0.2386964664875732,-0.9219423655432161,9.758040163021697
9,0.03953641332355245,0.0248403814680502,8.402181829689792e-05,-0.27280373421217263,0.43986410074594956,-0.8556270773385164,6.245681046834743
9,0.03956474975788467,0.024870847140036557,3.369263568633169e-05,-0.5853065685856795,0.3251310353936972,-0.7427691637341166,5.056984296664009
9,0.0397244312283083,0.02663097519041966,-0.0019860829861549053,-0.7086549149974644,0.4285131739226249,-0.5605217847904707,8.303796514630932
9,0.07229224079954072,0.048774442998441137,-0.20999998454032426,-0.11534088464681584,0.21255497557356665,-0.9703179183586226,3.287399768310771
9,0.04669757879895801,0.00985191067784931,-0.20999998578969056,0.6097304818541357,-0.2492262141989944,-0.7524061626900465,8.993674721731232
9,0.03944549125664022,0.027326768519786902,-0.002957676291244358,0.49766444850608643,0.7920237811301238,-0.3535935898987345,18.947113975510703
9,0.039509102789339626,0.0273784666023317,-0.0029385661111904224,0.02729603665488234,0.5699941635759951,0.8211952142287708,10.172600712922216
9,0.04681999677421008,0.020468313845589826,-0.0030000002386879852,0.3117704134249511,-0.23256508804104262,0.9212560388606945,3.743684916508865
9,0.049883298165332365,0.03305915990580954,-0.2099999859063864,-0.35619156287798237,0.8532772246113901,-0.3808484586998137,7.848079584103244
9,0.04008741601102538,0.02122708439892148,-0.002500000032506453,-0.1509546720733444,-0.9835181741142432,0.09952229984387662,7.784085464883519
9,0.039510255036496675,0.021883668107757083,-0.002334944414093516,0.008568783576608771,-0.8128592112876871,0.5823971828338254,7.120356197355724
9,0.03908928341493384,0.021505051854895443,-0.0027463724841794244,-0.5826432803886442,-0.7374680829859251,0.3415664421383112,20.88774098196047
9,0.038554893435826465,0.02649975416125638,-0.003000000043180107,0.6375613072327908,-0.30216205627783005,0.7086703544424364,15.223555282656363
9,0.03601135011784365,0.028445425357894325,-0.0030000028094035094,-0.32438753961706296,-0.2838540255583477,0.9023301038508631,0.6355012877459415
9,0.018065197545490966,0.0464853472023061,-0.05295465836692025,-0.17313544197450387,0.04698105026445032,0.98377685460085,8.349030049768189
9,0.004347124056325481,0.01243641590471853,-0.20999998382881024,0.3646436707244273,-0.018884825348885876,-0.9309556148239061,10.442439607353817
9,0.023372992882264576,0.07837370706847177,-0.20999998503115042,-0.32639728965451414,-0.3789471411212874,-0.8659468075708749,5.149679618901941
9,0.039353621737026376,0.02270759334159716,-0.0014065182826026384,-0.7342028514619202,-0.635111324293817,-0.23995786850807693,12.544942216425016
9,0.07068077555422396,-0.0008960058447868436,-0.20999998471669584,-0.42239214857851637,-0.01740991094722067,-0.9062459753400477,10.36458939984914
9,0.08849118680753479,0.012484133697456911,-0.2099999856099904,0.705114488466483,0.060369301851513575,-0.7065190057943314,8.312049625014073
9,0.038031910989519954,0.024771796083449843,-0.003000000068148414,-0.2285625976435805,0.6301321141040155,0.7420866915214304,10.225316344068421
9,0.038864047073085856,0.021371534203398053,-0.0030000018044673334,-0.3514795094430674,0.16193724892840572,0.9220837716016697,4.6919798707568825
9,0.0380194716528178,0.02321064680483465,-0.003000000111506227,-0.3319619809891575,-0.07660202660973453,0.940177309180048,2.5973480682316437
9,0.03991444279866137,0.03835675829859901,-0.20999998584440832,0.24500909069228302,-0.4046992976187347,-0.8810159045017539,7.767071704391284
9,0.058600603910576046,0.047052574519713106,-0.20999998477562498,0.3168665363696058,-0.16232802592667883,-0.9344759013093259,7.1319408442350785
9,0.03906176403275258,0.02041169256865654,-0.003000000026947252,0.1479857636418677,0.6095894298661152,0.7787817028890944,9.691889923401162
9,0.04598580622627042,0.02572110368278687,-0.0030000003499613993,0.5877041962391527,-0.575240266318049,0.5689485158863071,6.115599895433126
9,0.03240650534323971,0.027009094954511325,-0.20999998586610605,-0.7483276358091017,-0.19018649287598052,-0.635480013385075,5.1375158200036335
9,0.06538203378443186,0.043293730010973336,-0.2099999853751025,0.6624574924457453,0.5428807001934632,-0.5161691738761149,7.0224799144792005
9,0.11024979845015681,0.062087523217008916,-0.20999998575723663,-0.8690124318385704,0.21290115888453245,-0.4466435825752313,6.654223130278324
9,0.01560945629595946,0.022844070374039297,-0.20999998574966944,0.30284921479097426,-0.04839277684595793,-0.951809062916312,7.970105081241219
9,0.07056405765846196,0.038882854744334436,-0.209999983498029,-0.025147916690666683,0.5494620276350248,-0.835140145408737,7.238800030337136
9,0.08494516154482847,-0.003447827860460064,-0.2099999859033838,-0.575299211442059,0.605325041375508,-0.5501021828695872,7.139546194623186
9,0.07699973200045067,0.0054769638747508035,-0.209999985032747,0.09936469981247299,-0.3619076410827356,-0.9269031857519464,5.836874405120768
9,0.020997107778066234,0.032942129709456196,-0.20999998598216094,0.730793174429507,-0.6588228720382415,-0.178588240056639,6.439170080094731
9,0.04001577677509628,0.02077555594697169,-0.002975464349823231,0.39849450137807413,-0.7147022433969163,-0.5748067811489833,16.339055404158874
9,0.025427032872018585,-0.007481867919963049,-0.2099999858522416,0.8043330906325704,-0.5843445774590629,-0.10765544160722379,6.363011683474315
9,0.08491559497654211,0.05571276857935652,-0.20999998543522336,-0.12233032327722479,0.15974048498443824,-0.9795500341809121,8.608819667849597
9,0.02988786907955297,0.04654807573816602,-0.20999998591350696,0.053399466053468084,-0.051389600530656214,-0.9972500218012053,8.701167462196603
9,0.06287891904607532,0.048790259840816586,-0.2099999856787826,-0.25531744861362066,-0.13069145587388545,-0.9579836866017057,4.413461282748889
9,0.04771626121387996,0.05614199339150876,-0.20999998543541298,-0.47238380932874435,0.06630070098981979,-0.8788957581717658,7.412330258708168
9,0.07672307125341382,-0.007899170748341566,-0.20999998431543648,-0.2797521524048218,0.22705536405081825,-0.932836853303202,7.218123385063516
9,0.06248681213674159,0.048753066583929944,-0.20999998587880975,0.16550298392740279,-0.18640083587348297,-0.9684335241495889,5.946223402705021
9,0.0005121212511588737,0.04173778919135854,-0.20999998381746451,-0.2816414131798596,0.14173063002383648,-0.94899449044507,6.12378269466523
9,0.012573554758415017,0.05263817737168437,-0.20999998598393488,0.1168077761272707,-0.1540967004991286,-0.9811269797184677,7.12736868848441
9,0.049518251511534786,0.035511171358418164,-0.20999998566845912,-0.5348371487989557,0.02231530508215105,-0.8446604355737839,5.558678365714475
9,0.09425281616009054,0.02923492574303236,-0.20999998580595977,-0.5435262212465675,-0.3175870836161061,-0.7769927227057173,6.995561977890086
9,0.04076341881306496,0.01616550203632285,-0.003000000092902602,0.2846023128154499,-0.25200100226137945,0.9249308181693142,1.9945492181665174
9,0.030843203116748555,0.024241056697828434,-0.031954791008706976,0.7459797513918616,-0.6609865742164127,-0.0813078054001398,10.174879956604983
9,0.052820432126897764,0.008190217340611858,-0.2099999854618466,0.0019663171321526104,0.8618474701868204,-0.5071637523813325,6.2925598271752445
9,0.06115504915715601,0.04398361502434821,-0.20999998399193934,0.46045796101687103,-0.5688351969376318,-0.681472658924121,5.611245250919674
9,0.05040790188812588,0.013217262424339472,-0.20999998582832496,0.2889856342778898,0.07373111071924877,-0.9544899300113711,7.376428485738501
9,-0.0055198184947382375,0.06378901613035048,-0.20999998520747243,-0.40064214122499037,0.4231197190997245,-0.8126841809606146,4.983279792886831
9,0.047731298511651754,0.025049283944732378,-0.003000000086350451,-0.3949835914526657,-0.4607541718167894,0.7947915170889649,2.0425166573775084
9,0.03854741428536646,0.027190616151253004,-0.003000000894966536,-0.4152105160332201,0.8262304971981088,0.38071431924107263,6.903846768850014
9,0.04123449296822364,0.020322647272605004,-0.0028264266579438443,-0.8732355941197643,-0.4470738515683824,0.19386739902859826,10.830363423269302
9,0.03784190981567816,0.02009874795973174,-0.003000000141688193,0.7119100789797701,-0.09694703750729532,0.6955467715154577,1.360909453260426
9,0.04351827449148829,0.020548058328157606,-0.002885161145080548,-0.34356790198716763,-0.8347197608572721,0.4303533635961433,17.2719997998785
9,0.03801642393561214,0.025709660197660023,-0.003000001273798091,-0.1359863987760226,-0.3341518209162938,0.932657632749689,4.285182449615785
9,0.03609375513282226,0.0240673063492401,-0.003000000632325479,0.1383429312886044,0.6144316097607468,0.7767464388648936,4.524435459936192
9,0.058098206845013295,0.026123819576998178,-0.13100714315616713,0.08081944447846001,0.8488680537969313,-0.5223899354287016,9.834440438196879
9,0.10160245167272075,0.024860403433315262,-0.20999998589636792,0.11352096890438096,-0.7650222003007937,-0.6339195711333914,6.740496963065852
9,0.04268531077854671,0.02030786245461274,-0.002967222000108358,-0.0522826604306993,-0.9985779153557166,0.010424508723170233,11.293922281779
9,0.0405701964539859,0.016513948685726802,-0.003000000326524622,-0.4360617873086619,-0.6695323314103936,0.6013123770930863,0.9602013127466192
9,0.04489194836602148,0.02722923570938622,-0.003000000871621432,0.6061207332941428,0.32617328824646313,0.7254161858584764,13.572998882214174
9,0.011344128239199308,0.007036494709392789,-0.2099999842662878,-0.46961439394821103,0.33951362058029627,-0.8149802589247872,10.153417935517423
9,0.028616350962970376,0.01962784835554278,-0.2099999859782199,-0.7841601156257658,-0.5874970237142653,-0.1998503444797271,7.958062378953983
9,-0.00044632845503893347,0.031459194280872224,-0.2099999845803541,0.7194702064513195,0.41725983506566355,-0.5552088364479362,9.406360732816962
9,0.03877173618484362,0.028421693931844627,-0.0030000005611421857,-0.31997201290117994,-0.3313505830562887,0.8875948975001067,2.0195785686681544
9,0.036502451682940605,0.024517439252389125,-0.0030000027350149203,-0.48904863601621146,0.03697518573495903,0.8714724707359081,3.5613106431990986
9,0.04009331488984966,0.021342745156830437,-0.0024392139605718772,-0.6953155530635553,-0.3975737435977714,-0.598724811636845,8.631659610894385
9,0.03976474970327552,0.02178263457096765,-0.00207096009604145,-0.7320625460593043,0.05767830694841736,-0.6787913092878644,12.868931108136687
9,0.03905111024784198,0.02152556422606746,-0.0030000000440472702,-0.12280961525366943,-0.7769735420679753,0.6174381858353025,18.881183378679168
9,0.0389147925948065,0.021702833944819817,-0.0026603123731367027,-0.2849134689171037,-0.843449818399641,0.455430257087993,28.186512773077297
9,0.03921743443201708,0.021375162480694668,-0.002693776864841709,-0.6219730472878264,-0.7809995299281245,-0.056473557525125465,15.635290005121426
9,0.026204846645268037,0.07115857599007877,-0.20999998264526448,-0.08193254850535397,-0.15600829806550612,-0.9843518011514594,7.5867347916210655
9,0.03746870448988274,0.02449510307730607,-0.0030000000498009048,-0.3244019817400698,0.4773712552182898,0.8166272337697473,2.149889621949732
9,0.03873466220819617,0.021938399524775512,-0.002976208292666518,-0.9852219084530878,-0.10662062317309616,-0.13405160878645442,9.21854784941697
9,0.038434758016765234,0.026372797169649735,-0.0030000001850683648,0.43023609624028225,-0.7288232839204837,0.5326476530571447,12.287283799203777
9,0.052114066034834705,0.020912122228077493,-0.2099999858974313,-0.3618763830454156,-0.8122204278622199,-0.45754066481273575,9.2069921842989
9,0.039233119885780196,0.0219290551547865,-0.002500001029956414,-0.007442935519301641,-0.5578972757376246,0.8298766368776702,3.3316709451562323
9,0.03901620116047318,0.021584706231931608,-0.002969518181721966,-0.7851969354739046,-0.6060691451227921,-0.1270667692692191,7.248357802233722
9,0.03991104218606942,0.020837516466844522,-0.002970148268734144,-0.6038472782870283,-0.12371051406906294,0.7874415363784898,16.04685099580767
9,0.01884250203761872,0.03042094823560367,-0.20999998585826168,0.008896442701035765,-0.6996516200712258,-0.7144287675051841,8.402887121933645
9,0.06836008268920449,0.011710055381957532,-0.209999983686101,-0.5987076777471808,0.18507500472453722,-0.7792922168434575,5.378167123181232
9,0.03812791105373124,0.02818463846674996,-0.003000000116271522,0.4951488943981214,0.14623148458006993,0.856413407936743,4.606594233464543
9,0.016340663834500654,0.03947037659845942,-0.20999998425320365,0.03881401499052897,-0.3187135972161106,-0.9470560253701372,7.754229455635299
9,0.05397719280434715,0.017741808506996175,-0.20999998575959744,0.34000163828779745,0.6388320597727462,-0.6901394680556413,6.160845511214695
9,0.05082194570959619,-0.01189212223706236,-0.2099999858566967,0.41960773496514736,-0.8521493255091038,-0.31268334748079885,8.203997496744858
9,0.04625568576416968,0.02647889953810601,-0.0030000010704838626,0.5854075302568529,0.04530381491095847,0.8094724132872506,4.264287821288497
9,0.04332488100546055,0.028022917017660798,-0.0028338408461966386,0.7656074721178269,0.328712729910315,0.5529856596985667,14.969905584353643
9,0.04972954211952212,0.029944701079687032,-0.209999985947145,-0.5170655212623088,0.8539330697986569,-0.05866480227512197,6.673857392342195
9,0.08817615684250613,0.03244962691227285,-0.20999998568323314,-0.2791632254999035,-0.1595935935129786,-0.9468884720166912,4.474254750468978
9,0.04538999100706703,0.026371905029112172,-0.0029686768064336603,0.9587666220748141,-0.03804721148934853,0.28163624428176065,14.484275499400091
9,0.045102521802867494,0.026782543815961124,-0.0030000002606155977,-0.15910108694297664,0.8337792508688671,0.5286766544440124,7.834034325121214
9,0.03699603225488465,0.02185200414837285,-0.0030000006984042676,-0.7388988917479968,0.028160243012782988,0.6732276201159924,4.554415627551443
9,0.02066795446118168,0.014209327619008394,-0.2099999857910512,0.1588046061434601,0.8461200349407313,-0.5087848106415086,6.777474798749116
9,0.04562336263643979,0.049397273799913904,-0.20999998457426322,-0.4054396738834146,0.7050399307590404,-0.5818396401729585,8.09889461738331
9,0.05250291789965537,0.05027789483412507,-0.17445378187785743,-0.11712452120946881,-0.1389937872943114,-0.9833425515175453,9.035808060652048
9,0.03814851080070453,0.022867397172416024,-0.003000000841557369,-0.7641144114091174,-0.31580842762445505,0.5624892917365337,14.599236637965948
9,0.011238111152747591,0.020827757449431588,-0.20999998577520096,-0.9544338961479275,0.18463174587936665,-0.2344505412606761,8.437411932270413
9,0.04442817405646304,0.03556411848582901,-0.20999998568900635,0.40833346237755347,0.8153127667085261,-0.4105226862730582,6.102107209403361
9,0.03303221790358816,-0.008234565007289174,-0.20999998560795025,-0.4722437118499183,0.4156137733357622,-0.7773358785183024,7.075701212338546
9,0.041563432242953904,0.04964287239463766,-0.20999998359030558,0.2964950528445302,0.18705087218737304,-0.9365375885957073,6.687080411665227
9,0.042648737415860505,0.02027193904596985,-0.00300000009831546,-0.023708275351629934,-0.42105906539746973,0.9067233211550595,6.114665722439228
9,0.07664403023649256,0.021122835602173977,-0.20999998590821134,-0.37016750437900825,0.47150709338824626,-0.8004105693869771,7.3190187993229205
9,0.02374626833747876,-0.027977776274124087,-0.20999998499994904,-0.19743138983131472,-0.029408742593570597,-0.9798754880944521,11.463755021670332
9,0.04118533194007317,0.028195704559871793,-0.0030000007072451098,-0.4665600824191207,0.847358444665038,0.253585006946213,4.485830829305991
9,0.0394595103689115,0.020131304674546817,-0.0030000036150186066,0.28959182211841683,-0.41613926120452116,0.8619539963630837,6.116184536594991
9,0.05554543180141368,0.048739991196574774,-0.20999998453099758,-0.6425508580126302,-0.5650206016824442,-0.5175713617866056,4.875811260307758
9,0.0654597874144949,-0.02551421428605613,-0.2099999849110813,-0.037689238887799646,0.584517513415295,-0.8105052731369851,7.702532187278993
9,0.04032883369381424,0.0172338003860703,-0.003000000240356608,0.05402081017502691,-0.30189313580853966,0.9518100055261661,4.262420753173836
9,0.03354459026166067,0.037729596515741516,-0.2099999854115303,-0.4952951417190167,-0.2893684970209524,-0.8191145191738299,8.140369189094685
9,0.045848775986236476,0.0025645545628829734,-0.11757996591815689,0.7466902426792815,-0.16399956824576595,0.6446377456391753,9.32677937746022
9,0.0392255928544676,-0.02104154795413419,-0.20999998574959294,0.3556393231854259,-0.19151288796521349,-0.9147914984013764,3.746627693100231
9,0.021524520455786792,0.014192773491851461,-0.2099999827516446,-0.21935574994630666,-0.05884699109643151,-0.9738686187594249,9.938900249181357
9,0.026113654573152276,0.03394906434427458,-0.20999998591180372,-0.7618427868718305,0.5862632686752449,-0.2754831172569028,6.960719221879592
9,0.0641727720289569,0.012321365640548516,-0.20999998577140364,0.2621976311504882,-0.6276761200299807,-0.7329905119189347,7.29095840891287
9,0.025891001708689493,0.012866184008203819,-0.2099999854444907,0.08408945074180611,0.6628781247471996,-0.7439902929511765,9.482704743087508
9,0.0715955096822612,0.0074774203192777226,-0.20999998535477948,-0.3398521327259829,0.7574691729167445,-0.5574414587760977,3.632296510459767
9,0.009497179256646535,-0.0005631939926230049,-0.2099999836062159,-0.7554645973220887,0.042267817690808264,-0.6538246506370273,7.829014502671481
9,0.0538480264090188,0.02380074903652951,-0.20999998594563726,0.8347699416442147,0.43535854987001193,-0.3370787409232364,4.01614615693545
9,0.012933974298818204,0.03521738371025488,-0.20999998581418966,-0.24227697751910313,-0.5040914107197911,-0.8289714806932375,3.849724208323023
9,0.07702984122463896,0.02314289091851517,-0.20999998596719846,0.6681373386634996,-0.4668303984627265,-0.5793633365641877,4.5646308147780665
9,0.06748749085032178,0.0686393685498421,-0.20999998426425312,0.47246435124138597,0.5220803418345331,-0.7100771461439896,8.436376766916199
9,0.04136489392379785,0.02037292806439582,-0.002500000835632789,-0.13883162792108072,-0.8566808129187886,0.4968136107893846,22.69962325679294
9,0.042133415962282275,0.01999432547569248,-0.0030000027755661476,-0.6230096251493474,-0.24768346616995196,0.7419648964454502,7.136128984362322
9,0.041263183260855395,0.020317163113947812,-0.0028335631171454477,-0.3677949032939834,-0.9268133657425984,-0.07578848324017122,2.108157243807891
9,0.02408460411557508,0.014904149140644756,-0.2099999859532925,0.1221788008240841,0.7747242346085541,-0.6203827052226545,7.818767088314843
9,0.03050753688860947,0.031615956015932076,-0.20999998565679148,-0.034478100120412906,0.06734970677100814,-0.997133530481222,6.541353234445237
9,0.03558345133891208,0.019351324891176858,-0.0030000000769338357,0.3140591897067597,-0.8142959446412245,0.488148481408669,2.3892034116395306
9,0.0389918652490582,0.021591900032628234,-0.0030000010464155155,-0.08906509482690808,-0.45759426222337385,0.8846891544851899,11.139985124922289
9,0.03731257415260959,0.02388073009434795,-0.0030000013407760996,0.06263592843334437,-0.06063449529047342,0.9961928520372763,1.1251403733229637
9,0.10553047083117278,0.016051650433976432,-0.20999998492171051,0.11925821827634428,0.36759840425986895,-0.9223062889079474,4.245013428986775
9,0.05893552740114243,0.035146949254787174,-0.20999998590487767,-0.35062063287527634,0.05287464478418304,-0.9350237664044092,5.391562198683288
9,0.046269857150651454,0.024818961015182245,-0.0030000012186841003,0.3595633794840069,-0.15632588533659392,0.9199328202144818,11.606250526822931
9,0.03351395654337344,0.004005002657098191,-0.2099999844718588,-0.029350740612978255,0.3982811128698976,-0.91679370043461,4.426843120288604
9,0.07853227142628126,0.04548290992871243,-0.20999998563669567,-0.2124415086719556,-0.647323361848608,-0.7320116601518035,7.407416337107415
9,0.038799670652262704,0.027760875797769476,-0.0030000004950121563,0.21761363261276545,0.24524663113525497,0.9447213328902256,5.380555244879815
9,0.021276630386793567,-0.0006587441669110142,-0.20999998560094268,0.416146233325265,-0.27854733493291073,-0.8655828641389381,5.5135156107936885
9,0.05213164536477116,0.0420697424200719,-0.2099999857481648,0.6016112860940194,-0.5293670154599177,-0.5981926306695519,6.735435797015858
9,0.03928338273050705,0.020620271924642268,-0.003000000229705771,0.05346416677909433,-0.365375963596652,0.9293234033943379,14.544424613158645
9,0.03817305688957369,0.021050731571509156,-0.0030000018922067984,-0.1680490224852701,0.24658404176731843,0.9544400643243338,3.235796216886064
9,0.029892205332322654,0.0482471751670371,-0.20999998472280668,0.7542690423854395,0.11347392042763264,-0.6466853029733516,6.708518595385927
9,0.03784808069128765,0.02430382836537799,-0.003000000027994121,-0.5485436933514343,0.0012525843863529786,0.836120952683715,2.5630467025122274
9,0.015112893488773987,0.03631125040608334,-0.20999998569699585,0.15415437588591555,0.7853909517814238,-0.5994976907837871,8.494977481283044
9,0.04023843506703663,0.020019627006778735,-0.003000000804339057,-0.23823696558247048,0.02631214460378028,0.970850564853524,9.728816939913855
9,0.0365876049593754,0.021130629849774894,-0.0030000002324208153,-0.03886484477564202,0.44672740824005264,0.8938255683116761,6.824017242263748
9,0.004857968873340019,0.07194078899512683,-0.20999998569943026,0.008962423615517407,0.3196033515889426,-0.9475090356382099,5.1892308166788474
9,0.04674233148076461,-0.0067160386755097685,-0.2099999849840612,-0.26778485209531033,0.33430156838229336,-0.9036225618948611,4.247486337033832
9,0.044407174898697485,0.020532775204099726,-0.0030000001952016266,0.5412529968593118,0.07361265837283741,0.8376314045677234,5.159932265443422
9,0.011923499563933642,-0.011386558728785677,-0.2099999858510932,-0.6302713117452834,0.019861859814982816,-0.7761208540656345,7.318154559455046
9,0.055630584458142535,-0.0012440530313914675,-0.20999998528707986,-0.7816764311150972,-0.01243227626825519,-0.6235602581514907,8.774650261651004
9,0.04659937917980721,0.023294294026826305,-0.003000001880834824,0.17051483093847977,0.3150278378414222,0.9336391989494554,4.618029602526788
9,0.04544754336194841,0.026421146670732313,-0.0030000000044700667,-0.3024278335386321,-0.565531918752456,0.767275083899702,12.76004071699838
9,0.04155560609889286,0.02843792867075395,-0.1092079273441525,-0.03533184102065863,0.4304224677750869,-0.9019357849894277,8.984285031316052
9,0.04546349799488191,0.02624975452032717,-0.002825095370535658,0.8852969288038695,0.4197318865660917,-0.20018614150361577,9.078874114869825
9,0.04209445376985321,0.02024982667790633,-0.00284223662605619,-0.40523685222651673,-0.5412061568571682,0.7368032229689541,11.258862162575417
9,0.017463541963135876,0.04292701897732751,-0.20999998589720556,0.8728447715348365,-0.4680232717645552,-0.13818908021656418,7.963093051259221
9,0.021622051921648136,0.009962210438789289,-0.20999998519581103,0.3376477535532632,0.4113578511304178,-0.8466278478964651,5.525233731284261
9,0.02959854750695358,0.009274210643417524,-0.2099999856922491,-0.6340141803434198,0.661249427161499,-0.40096784684317366,11.613829196990176
9,0.028866318606329835,0.041572158559654925,-0.20999998486762178,0.3131231530965031,0.7303047647115901,-0.6071316509905016,8.121941260474188
9,0.037701961583327254,0.022700389630658253,-0.0030000009905153443,0.5596851073021737,-0.07310604108957168,0.82547446200374,12.653310825684674
9,0.07357353463962482,-0.01805518170876753,-0.2099999858574455,-0.8501088873263137,-0.27479082386931375,-0.44922698361300634,7.437542187575425
9,0.04106853036005054,0.018279098697088395,-0.0030000002332257096,0.1922641020623422,0.5745053954525128,0.7955991865594847,5.69650778729472
9,0.0406743915647865,0.020442868482570584,-0.0030000019726906936,-0.4874333849684701,-0.19798511916514366,0.850417890103062,15.787798955608942
9,0.07289768993047571,0.05086498019661942,-0.20999998505306205,0.6086966693892772,-0.029463288142008052,-0.7928557746061144,9.973862565766822
9,0.04905448431444926,0.004850952236632167,-0.20999998596313113,0.7588517532413048,-0.5820188187733643,-0.29222955222950203,7.6241078940760705
9,0.039010356093924684,0.021137497180077885,-0.003000000383629047,0.3951543205365164,0.18532299977241912,0.8997268745106348,13.892421599907875
9,0.017402171713834277,0.011062802535750314,-0.20999998563012962,-0.0670699904970375,0.6025118243641722,-0.7952868148511484,6.8630829707662935
9,0.0417064580173238,0.03723925379940554,-0.2099999856969756,-0.4999091473099691,0.6931036227945054,-0.519324765926825,5.825409304429913
9,0.06297549680780215,-0.007753372356507586,-0.2099999854738706,0.5415511992256097,-0.11589970994990166,-0.8326401118435458,7.785561688207212
9,0.042868401873186884,0.019993752679167094,-0.003000000129620157,0.36223692937716384,-0.8561701804741894,0.36845220729722483,8.520480947321087
9,0.039521608600057496,0.021109042373975893,-0.0029372343914905543,-0.8625059360606671,-0.45563469954380553,0.22018294854901663,27.44378503573148
9,0.039947875059348395,0.01999147094392992,-0.003000000994101272,0.5379104985589016,-0.33861000057631796,0.7720074889855795,3.019633038768494
9,0.06456022219323942,-0.010039087661550497,-0.20999998534635925,0.20349034829372248,0.5307992046645154,-0.822705222104988,8.215140362756872
9,0.013932292150735744,0.021183869058897728,-0.20999998496594668,-0.49583115016178686,-0.4735227795441264,-0.7279612955247302,8.3253946689846
9,0.040821940034939455,0.020400827743331386,-0.0030000002380485683,0.654193992298695,-0.5672383917297813,0.500270754080334,17.658226093771958
9,0.04700135705762682,0.04013621565796249,-0.2099999853696667,-0.009899600577714272,-0.39283457551089696,-0.9195558679012251,8.308671387357641
9,0.045260900042627034,0.01985761832630837,-0.0030000002673136144,-0.5873079755199301,0.049080914461866826,0.8078740036207799,3.31673521397094
9,0.03668824427289674,0.022309584049161522,-0.0030000033111356366,-0.1696132444978469,0.21985991602272026,0.9606731830427016,6.5516614491115925
9,0.03922597812007958,0.020828892453197287,-0.0030000011545549296,-0.8460808447445466,-0.07137728915305779,0.5282541876308372,9.03361159308608
9,0.058897962106907356,0.03136294888513512,-0.20999998483283983,-0.07596875157487701,0.15771734640614926,-0.9845577623617404,7.075487901542058
9,0.036662052498262605,0.022709181158008823,-0.003000001713914528,-0.6889685180263547,-0.07646051234965946,0.720746953666678,7.240937038005706
9,0.0615162698945199,0.008716173027647486,-0.20999998599150987,-0.16134384092103826,-0.6286572010712773,-0.7607616502808708,6.938631088445324
9,0.03900263130720462,0.02159998357240058,-0.0027848062961340794,-0.6487362790739607,-0.7298080055752917,-0.2156884679612868,14.05327932292271
9,0.04359020204804946,0.01953571000342441,-0.0030000001967219777,-0.13182323232862164,-0.04115432752901793,0.9904185765342192,1.57181049935028
9,0.03861042317839473,0.021519633154956544,-0.0030000002287007134,-0.4494943813328932,0.7907570675477893,0.4155214329891786,14.224445027203174
9,0.028919130717125797,0.04537892660872065,-0.20999998525828567,-0.15686268237581444,-0.7057674928980027,-0.690859135313656,7.813163643759932
9,0.05875215868488812,0.02663035171968106,-0.2099999855687728,0.23450966153978067,-0.6108169136894559,-0.7562459365810735,10.934406507165663
9,-0.008092285833475927,0.006080663045222588,-0.20999998441113296,0.041009317920570595,0.742550036427757,-0.6685339776292796,5.347006178436751
9,0.032979439976150174,0.02034693269351328,-0.0030000002345509195,0.35025352378448227,0.2996689192559677,0.8874238040015118,0.3243597163770047
9,0.01232821759144126,0.015956752075983495,-0.20999998282377352,0.4354254823703396,-0.19827622025210812,-0.8781179817001212,7.875268510693966
9,0.031247352351894978,0.018102246981354757,-0.20999998565801525,0.6651810821431927,0.5781971814808756,-0.4724639110941512,8.058766155712362
9,0.03857491656489462,0.021305346123217613,-0.0030000008820250325,0.4708230709215226,-0.22861963854458203,0.8520907796471993,1.8768838546898174
9,0.06753731161651012,0.014543917174965702,-0.20999998491413027,-0.007956245586490175,0.4417702497220496,-0.897092940902271,6.741859094840422
9,0.03771363415738892,0.02242838503120201,-0.003000003308716073,-0.11435859040335293,-0.5787811305968965,0.8074246191849346,6.213645832747123
9,0.039016292374795855,0.02229304629823685,-0.0025000006839356907,-0.7886376194703255,-0.4867402269144724,-0.37567892762227784,6.854245087697917
9,0.04289638286084001,0.00787852741924027,-0.20999998494373362,0.16999774674407983,-0.6027463502194116,-0.7796137527000878,6.963809477221611
9,0.024885071584563836,0.02602333802652198,-0.20999998529417174,-0.11212157385865418,0.12466682627213314,-0.985843260920666,5.579822354755838
9,0.03801857608490263,0.02386366879362829,-0.0029294214932374897,-0.712264908105493,-0.6554504184975295,-0.2511243707267114,12.418727834611802
9,0.04202803428261219,0.02014073204415344,-0.003000000226978516,0.4071653323089628,0.48950817120787693,0.7711019014932149,15.12742543920519
9,0.03916417605396072,0.021125012278648367,-0.0030000005363656325,0.2190087374222155,-0.790674164134609,0.5717250555142432,14.108396647335711
9,0.029103342262601594,-0.002345321374369844,-0.20999998550828236,-0.2994948267667177,-0.7370264087977608,-0.6058835873950122,6.410846400257595
9,0.005576186891305521,0.022961445130768428,-0.20999998567041706,-0.28501129415217835,0.2301331966877953,-0.9304876538611123,8.846041191236415
9,0.002305493789630602,0.041035738966759286,-0.20999998296330674,-0.5247735917661172,0.23200550084615165,-0.8190153386610141,6.832952018862523
9,0.03695232133608253,-0.007144744708851148,-0.20999998595409564,-0.3853096897973187,0.6431564735841917,-0.6617296981661327,10.271241166021515
9,0.09899983353070022,0.01808871076810554,-0.2099999859507091,-0.3492683034955505,-0.45622355858900837,-0.8184569119762638,6.052052878038351
9,0.029526484095607965,0.02872625555485229,-0.20999998550111498,-0.012581194589460184,-0.07519846345868672,-0.99708921598629,7.300908208596972
9,0.04095615639388778,-0.0011309383704578616,-0.20999998519059326,0.08046891818489267,-0.12880102944164035,-0.9884002468741735,8.787394576501013
9,0.037081032081838175,0.0202987507628724,-0.003000000414413975,-0.2980369513632936,0.8212299611956052,0.48657509847580444,1.2026333780522667
9,0.03926029272169947,0.02133426593854807,-0.0029807591245521138,-0.6535421197418004,-0.6062021735143908,0.4532125578024314,7.101974173111024
9,0.021774828187436014,0.024919499085489995,-0.20999998525841074,-0.5194649283968298,0.6243327856572392,-0.5834078855476231,6.105089967316557
9,0.0339242139392258,0.03525414313123154,-0.20999998535997777,-0.2696406255918769,-0.31740446719537135,-0.9091470382918502,6.758975680991449
9,0.005069699939908544,0.05623452043098945,-0.2099999859273085,-0.8214601709556374,-0.07156802927158587,-0.565757195906262,7.483693856790793
9,0.029753248248263732,0.01507835287512882,-0.20999998597246353,-0.553213522895335,-0.5184966568280145,-0.6520092138489337,6.548394577951477
9,0.041689786140632054,0.020042642466820228,-0.003000000104474351,-0.3898004148419218,0.6649244601486655,0.6371272234688076,8.765367613530385
9,0.06639822887614025,0.06076325776347488,-0.20999998460033495,-0.2920119607452725,0.24656268001217993,-0.9240865000674521,5.256551359090453
9,0.03938609211712158,0.028846151387212252,-0.20999998306768922,-0.034262685517417055,-0.3794302664690014,-0.9245857133161843,6.791759597783399
9,0.06743834330628168,0.08078919754343897,-0.20999998548816284,0.5440022449903055,-0.29069237303725715,-0.7871210210021552,5.171744022672978
9,0.03807454408506906,0.022623285566504156,-0.0030000008421051955,0.3461711340828206,0.3849826850891707,0.8555430311266327,7.917493076488771
9,0.03504499118028852,0.01416810494152629,-0.20999998596650377,-0.033824112299610395,0.8236105310651164,-0.5661462907639513,7.158365859757481
9,0.027710746254903086,0.023247930880365628,-0.20999998583240154,-0.9884393133612137,-0.062397469754376655,-0.13818205227258645,6.034294962327619
9,0.01107151296863279,-0.020930847864911728,-0.20999998587669255,0.3319828545188589,0.4992301229129492,-0.8003478423047268,3.1709019512942938
9,0.07252863064462145,0.01984160562209123,-0.2099999855362542,0.42369613809739104,0.2899623608041405,-0.8581395060701061,7.024617656965007
9,0.06728666070856695,0.023757568762448705,-0.20999998591007946,-0.7079920232206663,0.2040964381696274,-0.6760857482467582,5.566229501700564
9,0.0034367536773772097,0.05050906366892831,-0.20999998596886177,0.2710801760730145,0.712298857304741,-0.6474147635191707,8.329719622958427
9,0.05155952367706587,0.05778746461205096,-0.2099999858824842,0.05238513454494603,0.352967195717561,-0.9341680557726156,4.359118075847452
9,0.04334049080835782,0.01998581907702596,-0.0030000009300445883,-0.5982065642220107,0.5543165548544879,0.5786899545835825,10.925907919846445
9,0.012369940219345229,0.03763386804711852,-0.20999998537966572,0.04830106038947308,-0.3667763356484313,-0.929054426378542,5.3371252542279475
9,0.017062745768282858,0.046702550822877234,-0.20999998566275013,0.2490804713656115,0.4841681239806864,-0.8387730005819856,6.808468797279501
9,0.012660750591086978,0.0034699993457881113,-0.14364273969959368,-0.37928765920980134,-0.2782299127058013,0.8824562239833046,11.487900051668923
