trial,x,y,z,dx,dy,dz,energy
0,-0.01795182227320629,0.016683504762804287,-0.2099999852963143,-0.9296857019666437,0.07741855520494213,-0.36012617631709065,3.5880670427568164
0,-0.006917947077626634,0.008721207199565479,-0.002260230922693284,0.5246435032803437,-0.8500157266718379,-0.047142962107565745,17.81170326075398
0,-0.006659142868688576,0.009492608506054365,0.0003840262641654487,0.9461613103503892,-0.29375672726582247,-0.1359623476632678,5.602918161655194
0,-0.004930104064596598,0.008401899055858425,-0.0030000013613458274,0.25657770771640676,-0.03188258708816873,0.9659976089740385,6.703388515588016
0,-0.004201332216488024,0.014710290855936337,-0.20999998537689402,0.11467692675561943,0.151166155698494,-0.9818339960712427,3.0586069067821913
0,-0.003522447706188522,0.016480388212671764,-0.0030000006143352954,0.38580977761429197,0.2614685932103501,0.8847513720033502,11.544221333967661
0,0.0011333090168348966,0.028358646563644507,-0.20999998591039576,-0.5727227731885592,0.1237252559756849,-0.8103583689362117,1.7067025244847
0,-0.006963992816945153,0.007870100659001312,-0.003000001124626729,-0.06576463102769026,-0.24260116038258622,0.9678944623701566,7.607364749179611
0,-0.00588639981864544,0.008173281090654037,-0.0030000000359038507,0.7072994423515185,0.23619634412595553,0.6662873148055306,16.00883874208113
0,-0.00880859990042893,0.009497598247994126,-0.0017228808208223155,0.053743164974983916,-0.9474297237923291,-0.3154181204263043,16.13449152868657
0,-0.005988813033606009,0.007594344910653292,-0.0030000017218855027,-0.156874808866708,-0.026021383307248666,0.9872756362606194,4.760224393480959
0,-0.004345045073089283,0.007810763956229153,-0.003000000259888257,0.12327543749353045,-0.5338511696684363,0.8365441381985896,4.4622759087199775
0,-0.006024993425248431,0.008910272054528951,-0.0021465908013099614,0.86659183422958,-0.4852503624093878,-0.11640738218931945,4.703862482695769
0,0.009523941594437663,0.023720276475033976,-0.20999998521339686,-0.007488907537552196,-0.5903209138924219,-0.8071339014594233,3.210920335202732
0,-0.006388946336754678,0.00939713702369249,-0.0007369063436366237,0.7121825987308328,-0.28635830864230144,-0.6409328085973739,4.553180251414529
0,-0.00995011013322653,0.009423090463851619,-0.0028929010178494006,-0.7242586474482817,-0.6531270328275484,0.2210757575725297,13.698481933823302
0,-0.013549693859750947,0.012711697092964505,-0.003000000583350647,-0.12088086862734182,0.6907627301540492,0.7129057905712533,2.0792341485457273
0,0.001695732879064674,0.007222025811230676,-0.20999998574027764,-0.44236055815881814,0.05801798151347059,-0.8949586864244189,2.631980265769903
0,0.004382631159386969,-0.007000327832315891,-0.181813923029383,0.5909746341913167,-0.7979457237555518,-0.11845507031219862,8.865432903429419
0,-0.009246603382465038,0.008814863982120951,-0.00296366249834021,-0.3683764062594535,-0.9203210455923434,-0.13155985843404394,18.84941296023885
0,-0.010707336600342284,0.02145197272271807,-0.20999998528610941,-0.08147181455745411,0.3122473493942184,-0.9465008907703155,3.2459058114224675
0,-0.060365487046234116,0.022911251988123972,-0.20999998575182294,-0.5113933682564773,0.4217450246775159,-0.7487375755650685,4.104084404332906
0,-0.01567279664413235,0.02556830123218365,-0.2099999854478689,0.5681983868220408,0.08925183408098293,-0.8180371038809982,3.2964148548589542
0,-0.007932406339269138,0.008162446368473464,-0.003000000214589452,-0.2761516412052179,-0.5904143516768715,0.7583872127044629,7.116459429413011
0,0.0093390207387044,-0.019711128343826385,-0.2099999857979027,-0.8163962871423979,-0.49658174685241063,-0.2947942859573704,7.650691982673001
0,-0.008403610883020041,0.008069702743474714,-0.00300000000671152,0.3497994330479874,-0.03802446097158234,0.9360526144438288,6.227365906326758
0,-0.006225700996243777,0.008175173536574834,-0.003000002235321402,0.18448740810422673,0.6200495561205936,0.7625634034004248,14.81490658061553
0,0.009620650541912704,0.00012107861541331933,-0.20999998570602707,-0.20614092466379694,0.4772018551811366,-0.8542741413565296,4.092415801706608
0,-0.006124729288618443,0.011163186190516606,-0.07712114989196615,0.8681436028483148,0.3662908266779187,0.3348995597565848,6.749409888783135
0,0.017980713515393352,0.0022866215491858244,-0.20999998587555657,0.034846465588745844,0.8409699000639193,-0.5399586567714735,2.027169936854126
0,-0.008028221092847917,0.008258775358072973,-0.0028306643945724182,-0.7200354398822452,-0.6025855171230258,-0.3441506354304131,13.538805760075817
0,-0.008850161928707648,0.008577967044861835,-0.002969433768033723,-0.3480889116465004,-0.22624468411082155,0.9097513135469215,7.853254902505048
0,-0.009932218918751026,0.009236899430331598,-0.0030000000756374556,-0.042333858511340944,0.6601916355996097,0.7499032262284605,10.214882011817753
0,-0.007834743989296025,0.007650939880966243,-0.0030000001928731064,-0.36236103870658476,-0.5449085935647042,0.7561541524628568,3.6327181197945015
0,0.007241507530784819,0.013085264066103356,-0.057437291233555135,-0.11919836675170745,-0.6221902672768169,0.7737383412173193,4.154757865427679
0,-0.006995039518574177,0.008124359201402274,-0.002964147350459868,-0.3099313815275635,-0.6015932527927546,0.7362255747654033,15.378009141451901
0,-0.006013216017466931,0.008171519666756126,-0.0030000006713180277,0.27048839576149386,-0.8070274616984013,0.5249216168372272,11.503448457332539
0,-0.008294770618538864,0.007833565308654575,-0.0030000002692559535,-0.6287739429156333,-0.5420195424306288,0.557546540060666,2.6641502190150934
0,-0.006258645086721054,0.0034697350367375477,-0.20999998558341298,-0.1833565722830156,-0.39884782244608513,-0.8984991830439465,2.7531529528285
0,-0.005173401279274184,0.009875302436225778,-0.00605471069008032,0.48348564945948214,0.6415312473983988,-0.5955495658450245,8.316687452769658
0,-0.01562201591010096,0.01589988726139979,-0.20999998533875425,-0.3843293652061324,0.4948268995279645,-0.7793826265344853,2.686674925140259
0,-0.007044889839382925,0.00946254509521094,-0.00040550583690534517,-0.28921393046479793,-0.33447218570322695,-0.896930130732606,4.122077798096335
0,-0.05017807651636283,-0.008379248249568674,-0.20999998544122747,-0.8785039722624752,-0.19341972433426127,-0.43682900654319007,2.78373381830089
0,-0.008655676390379312,0.0207250221932437,-0.20999998313841806,0.0768157244191211,0.4014651271590156,-0.9126473010737286,4.242604468245435
0,-0.02905455415036811,0.00926793660402801,-0.16284495916658928,-0.9127879565002875,0.270824950346509,-0.30573189682766183,7.820901071423844
0,-0.0010318367014651047,0.023407468264376986,-0.20999998542416382,-0.4819101619763511,0.07776159831982869,-0.8727632723772656,5.92635706415895
0,-0.005354879044265324,-0.007647514037252212,-0.20999998573978418,0.8830496659640332,0.030155621448390766,-0.46830964749391046,6.8136583207321575
0,-0.019703545234831144,0.028462670932235163,-0.20999998503136103,-0.7530126462658568,-0.5882532926240397,-0.2948389700848032,3.3618767359731607
0,0.006172758306520953,0.018441951865271682,-0.20999998598688102,0.7755337229896877,0.001006831984245538,-0.6313053387981995,1.9487683162788103
0,-0.0095830617728262,0.009070218232195146,-0.0027762495423136286,-0.5873852309274628,-0.6395122928260719,0.4959865097083101,10.589713880347158
0,-0.009951712565015636,-0.005276217276720086,-0.20999998509007695,-0.5112483335247366,0.3348747457193769,-0.7915074517321756,2.8665766701444477
0,-0.010582821447828707,0.010226204846597906,-0.003000001064413293,-0.6918487693870549,0.3821344650183433,0.6126324599160274,12.82420172268354
0,-0.008447721017540204,0.009149593830580324,-0.002020809663893678,0.013127741160583573,-0.9973076556919266,-0.07214639499166953,4.220879670292201
0,-0.009169877198897971,0.008764053745508994,-0.002941313492871294,-0.37375206908702907,-0.6514641991378051,-0.6602301023846936,19.525164171019263
0,-0.008656231778288417,0.008483359508266786,-0.002531603501118072,-0.4917160405294826,-0.8422317360013216,0.221045331002963,13.009431506984411
0,-0.023257923668187044,-0.008722680986130238,-0.20138070197170677,-0.8121877027434027,-0.5817089358042017,0.0443379015960102,7.801419953247722
0,-0.0035500729344194602,0.05171128895596748,-0.20999998556258614,0.5116184738033596,0.12938878027638134,-0.8494145517953595,3.719474411620624
0,-0.008116824237558272,0.01013759544245922,-0.004728488318297897,0.9639967730710601,0.15440383437467164,-0.2164940586690134,8.325949709479024
0,-0.03661921603435971,0.011302077847860942,-0.20999998572275003,0.14784676546160141,-0.1339519163888669,-0.9798970446114696,4.910126123432614
0,-0.0038559323233609273,0.008659236076785733,-0.0030000009607618217,-0.08930688033857512,0.6392582261281797,0.763788715190035,4.070272588033673
0,-0.007854430950637656,0.008187376731520528,-0.003000000211946744,0.10109949354945946,-0.8151727781411069,0.5703264277427025,8.69078334858591
0,-0.007469377135625015,0.009025822875401166,-0.0015843984348171292,-0.8927807243047003,-0.358385422630342,0.2729514007218977,11.459629083480372
0,0.011316680865875239,0.023333857874699132,-0.16747422504403622,-0.6059042805236694,0.49255633120548525,0.6247145455585992,4.309513209493553
0,-0.006571967519812789,0.009216993938312712,-0.0010971500532250427,0.6856217061840847,-0.41179050121805766,0.6002928111478644,9.20748306913961
0,-0.003974572555711655,0.009507723088031706,-0.0028328944230637644,0.6465481384004863,-0.5020132147093397,-0.574419913467543,10.349873640345734
0,-0.007457512653311412,0.007766513019555809,-0.0030000006212870145,0.08553394093303762,-0.5199429182220746,0.8499078224955791,10.539203580240175
0,-0.005495759228394201,0.008255570338613545,-0.003000000317974768,0.21347997694810553,0.11283533572250291,0.970409442686244,11.452508027452144
0,-0.0059261416622496425,0.025921955763881777,-0.2099999854521243,0.6332891089253508,0.45114090040601884,-0.6288217493832269,2.1234111220457077
0,-0.007767958528457059,-0.006113313449897008,-0.20999998594801192,-0.505091176317955,-0.8465714623342028,-0.16792755213804003,3.1029227680617315
0,-0.031043561256809106,0.020106153524673175,-0.11940716546014067,-0.41009860276727594,0.3064431437382661,0.8590178901886366,8.104873622321039
0,-0.020681455449319347,0.02427261988967725,-0.209999984083449,-0.46192382305949353,0.2652031832559625,-0.846341333789746,3.877162497725422
0,-0.003813750858259044,0.009706133594572047,-0.002813855994908754,0.3429724975682857,-0.8733311457825581,-0.34592278866518295,7.581315191407435
0,-0.006063532246069754,0.009108916922574366,-0.0016436574762996913,0.31163913950155386,-0.5578930615574859,-0.7691790289631837,9.948124716845042
0,-0.005255862045029555,0.007903162237916284,-0.003000002388774437,0.45768320698260206,0.21472002631525816,0.8627985815619397,6.101868657463543
0,-0.007801022341935308,0.00820538151760931,-0.0028845481686839494,-0.014300923402722966,-0.43807946478589127,0.8988224886609907,9.911794584862308
0,-0.007984688179194663,0.008791255095837659,-0.0024385722556961257,-0.408302864825676,-0.5180717117839209,0.7515919584617865,5.503975425410467
0,-0.02417812001830274,0.017752613757062996,-0.20999998596553848,0.3867557685785127,-0.5524021915272324,-0.7384252123723531,3.6600637405553846
0,0.0022229496900058455,0.012846916297055786,-0.20999998545351756,0.9556068304055313,0.03786510835169912,-0.2922016756485295,4.224336450678532
0,-0.005522194695828903,0.008343463921260667,-0.003000000038570879,-0.4079412939124531,-0.771379923971674,0.48842288399960143,9.443893162256668
0,0.0004916313580834487,-0.005368985087016527,-0.20999998383423585,-0.361701671941766,-0.6316597015504014,-0.6856952106816758,4.730422680471316
0,-0.007575965904522957,0.008036330731160078,-0.003000002761342973,0.16137275050494593,0.0586818780889401,0.9851473354673519,2.7657911639464228
0,-0.023332789233068113,0.0037831776570331523,-0.20999998474166917,-0.5551965248859428,0.5623478456490826,-0.6127982696193002,4.298070424545612
0,-0.003833056783722384,0.009407639427885561,-0.0030000009919324893,-0.3037704434837751,-0.5546169344760299,0.7746764315881063,5.222466656110521
0,-0.019206310411539564,-0.008219257896828824,-0.2099999859139713,-0.8208692037474262,-0.11365617186666516,-0.559692795143623,2.8626073306906052
0,0.013798443995137653,0.01573691595153388,-0.209999984851877,0.5520409987020978,-0.30349138336233455,-0.7766232780291916,4.012529266573516
0,0.0034947984211952925,0.01657758895507434,-0.20999998578372803,-0.06513451037217682,-0.09739872164233106,-0.9931117684233817,3.8486200678027354
0,-0.007855887634817139,0.008216996983268329,-0.002973940893376311,-0.6535142694763326,-0.7489028587600309,-0.10983445603210577,13.300728762227255
0,-0.005044610995778703,0.01688013963437319,-0.003000000397760494,-0.4595882714482108,-0.5483529016660867,0.6986327475731644,2.747233521506371
0,-0.009807839340150707,0.009275496518312224,-0.002827169327973925,-0.6293037801533161,0.18548607631582484,0.754699720271385,7.646274472968964
0,-0.015517904884220262,0.00940485188657655,-0.014823205380088824,0.8320899079738147,0.16306770906341939,0.5301276330365515,8.404974462294605
0,0.00029318780955999563,0.009580822924310879,-0.20999998598528397,-0.8170417209268629,0.3914888797110833,-0.42329573979362395,7.247485712462864
0,-0.010660869258142362,0.009409201512019563,-0.003000001090802268,-0.05179331356441643,-0.1879970256391847,0.9808030235581647,3.226171743334543
0,-0.009933981815903607,0.00773558332451477,-0.003000001076452104,-0.4689522193382631,-0.13461843188026978,0.8729041721608477,11.71864323013043
0,-0.013612940053669193,0.020113051432825615,-0.20999998572896866,-0.3410126323530961,-0.8596826884648281,-0.3803367714664164,8.296954148761282
0,0.004147680161244919,-0.013388524906803874,-0.20999998598432812,0.13339631155382295,-0.39259485076912576,-0.9099861027583901,3.6927684681135515
0,-0.008820411584602606,0.008108267599830118,-0.014658357133007343,0.6619238824581359,-0.22691101122187485,0.7144005646818974,3.9719150587150436
0,-0.0034585791389884634,0.04978693303244905,-0.2099999858384292,-0.7093749548015026,0.6876368519699263,-0.15473439602511135,7.36463242483838
0,-0.010875144517866673,0.008892674817386228,-0.003000000033926085,0.901831866203352,-0.0769215411623465,0.4251850909961319,4.48202408868421
0,0.013523915727806693,0.0008510490996184011,-0.2099999854689505,-0.30289419557468084,0.10002746541000859,-0.9477603138192782,2.286260285152033
0,-0.007491038650258685,0.006299982360926121,-0.10131078698917306,-0.971645980359022,-0.2272734027647383,0.06519884391530312,7.500739374422513
0,-0.002842311434916732,0.013256933890876725,-0.050567770847981613,-0.33251464732515784,-0.9430524328710684,0.009279987617699922,3.9903424039216864
0,-0.009865878094909936,0.023627481907993873,-0.20999998586062885,0.7982832446179102,-0.5651623741799413,-0.2081714489875935,3.9284972301763625
0,-0.005185733365385585,0.008559468992303542,-0.002531018617756939,-0.05972094025660983,-0.9951488005249959,0.07818103419965852,21.141428214265197
0,-0.010793800937287532,0.007567588386034224,-0.0030000001224418853,-0.20818710366589555,-0.20470689116933413,0.9564273200693254,4.868631021626805
0,-0.007762005334564582,0.01875683492110688,-0.019416913381739127,0.3561522276669816,-0.9101271829693593,0.21171703178560058,7.781077568658502
0,-0.006443354081395897,0.007785616902095236,-0.0030000006528832454,0.23905971262144665,0.4534992349349316,0.8585970520068088,4.180917350719024
0,-0.02449029499995225,-0.009676840435276947,-0.2099999851409382,-0.7955950409026389,-0.48391890896066925,-0.36448733920596443,3.5173088763661116
0,-0.0068426754261573935,0.008082947879076553,-0.0030000000877584317,0.14414340972818931,0.6701101642951498,0.7281312004990989,12.023027012065414
0,-0.005751575053759927,0.007923707918367912,-0.0030000011108814303,-0.7453334653501198,0.024920977055730743,0.6662259153858914,2.8793936015358215
0,-0.007692130593651888,0.008155138638949455,-0.0030000001369950894,0.7494302346342544,0.08220826513145892,0.656959758706819,10.297791154706031
0,-0.00980893829095237,0.006581971821058552,-0.0030000017169252123,0.3114095916071559,-0.03823811786649708,0.9495061414214719,6.574763829740914
0,-0.011367393939449338,-0.0019090398093492568,-0.20999998363157374,0.23572334042338577,-0.678538393073834,-0.6957155711240187,2.8801241979620635
0,-0.006753595128855537,0.008114233573340172,-0.0030000000559956778,-0.5375538153824192,-0.16733627522331854,0.8264589926682324,18.803551019481517
0,-0.0036350732578963596,0.006013947506375452,-0.0030000019077035325,0.36389657034603917,-0.23723420693585154,0.900721498105773,1.313981377977863
0,-0.00608262567847751,0.007689391674876837,-0.0030000003717275863,0.30801629223791094,-0.42211151153769544,0.8526123594831193,3.93257204222357
0,-0.024143985395111766,-0.0024416173474674473,-0.20999998543898887,0.193119152661219,-0.9540761215820631,-0.22900599796149643,4.7777272690750126
0,-0.00684819301497506,0.006968222228166121,-0.003000000155866788,-0.305388742777855,-0.38770750536490933,0.869724442607128,4.2889230944588235
0,-0.007942339160603622,0.02955767778922079,-0.20999998592281716,-0.10594634391072001,0.1364240124248337,-0.9849689645089639,4.220894626514497
0,-0.018422630626560185,0.00976352005442279,-0.1771784780945688,0.10803283940268868,0.2794315584008923,0.9540686085288848,7.038806949713249
0,0.0005713347906612147,0.011793520621288937,-0.059668723469887955,-0.8897480443600431,-0.45576482953931186,-0.025036727271765185,8.226480410551725
0,-0.0054277756761085955,0.027869141319500468,-0.20999998444403217,0.22909898828494837,0.11808787952821233,-0.9662136959675864,3.720572191647923
0,-0.00784289015441171,0.00821417214742316,-0.002876718183463619,0.7350984795831116,-0.6609275783851692,-0.15101311679623589,14.796845161752227
0,-0.003294271295723069,0.010372774896202632,-0.0030000002419150167,-0.9144187962963574,-0.221102102601343,0.3390459042743124,13.587197038726755
0,-0.03090983020603292,-0.0014711788501439436,-0.20999998449216356,-0.3226450030850443,0.1863835814422798,-0.9279878030195229,3.0069542816553696
0,-0.012893767036560502,0.00583384728431878,-0.20999998522021235,0.399591565953051,-0.5218155768197245,-0.7536810228521655,2.9200015984530037
0,-0.0038852025164285704,0.002899967781311196,-0.20999998475983211,0.2159978573682445,0.517652169252159,-0.8278775013737611,3.4795321560813823
0,0.006517828934106856,0.0063702909744753795,-0.20999998471311282,0.28042060273273905,-0.36912571393911087,-0.8860646098744431,3.1451886562457902
0,-0.0029197537159250156,0.007237442051734802,-0.003000001312651471,0.1502298641229209,0.48392491472237875,0.8621181269620461,2.4992796894313996
0,-0.006954905332106429,0.008813455255955158,-0.002028039296497088,0.8245408227081119,-0.48880910464569227,-0.2849527871478121,6.403568058285472
0,-0.010007540994173591,0.00864229054192454,-0.003000000753156048,-0.6966303425825632,-0.04853092628499349,0.7157869201006829,12.26957342609662
0,-0.01065449298548557,0.007054413612754571,-0.0030000007029482153,-0.2061551060830347,-0.44244817965033195,0.8727769936014584,1.930737744615609
0,-0.010729397812629729,0.010678132236153447,-0.002851572182365955,-0.9130489714179202,-0.21058576550026584,0.3492781286615939,7.547014759012628
0,0.011113161952277377,0.012751405534710311,-0.20999998585347393,-0.02889569245797575,-0.720219390138012,-0.6931443349163321,3.6937658491070975
0,7.96687462598379e-05,0.009731667245331038,-0.2099999855486833,0.44855945883326515,-0.18324035964685234,-0.8747670446968728,2.5297229989399432
0,-0.02214245836727102,0.027827890366394666,-0.2099999858614444,-0.26588530421672524,-0.301482617291787,-0.9156490793270494,4.361952502793706
0,-0.009925764901823075,0.009019949509541153,-0.0030000020028193033,-0.029058039971121417,-0.3901893820908408,0.9202759783981133,7.059694338510978
0,-0.013820050350363716,-0.0027061727993561865,-0.20999998584981877,0.1514839349350956,-0.3701334594776336,-0.9165445104476371,3.3372796271639342
0,-0.01062177278619094,0.009663458568774503,-0.0030000000444398746,0.73124764291971,0.623306046751144,0.2770676033170043,6.445014588278785
0,-0.009869581123603663,0.009546399027703246,-0.0025000002227933494,-0.3957184401876289,-0.4895531110147788,0.7770100820396231,14.107696740730168
0,-0.01232764126527085,0.014070420169432543,-0.0030000020718238163,-0.033428022656675424,0.037737453778176076,0.9987284174807507,2.4258993203199823
0,-0.010707920973981034,0.010120073141872623,-0.003000000624251254,0.4918673023544741,-0.1310817445550051,0.8607462652367124,5.20065308782101
0,-0.009198264288116749,0.008476059044652904,-0.003000000273504883,-0.012257156587255062,0.389322907634438,0.9210197802997844,4.728678220444644
0,0.00614003725239784,0.015129571069500417,-0.2099999855328868,0.7625734060521913,0.494153686068668,-0.41748525114871793,5.664014612529836
0,-0.013305713025086064,0.011360239373953064,-0.0030000002751611092,-0.20450058643290506,0.06971953350789174,0.9763804057825207,8.241562972895032
0,-0.005231505051403424,0.008536547593382297,-0.0029183576422922115,0.013132386813747607,-0.5351924005215734,-0.8446281044581275,12.89630373451914
0,-0.005703901430483046,0.008335830487705878,-0.0030000000124506074,0.7230565675460966,-0.4623351014139829,0.5132596361774214,12.54050301377301
0,-0.005299556555581501,0.008503800415919614,-0.002797279002489978,-0.3044164544813923,-0.8767163114556127,0.37242332293862007,19.430923049758828
0,-0.0073915371810501385,0.009004516105913905,-0.0016104547967305226,0.33458055715429197,-0.810497500547816,-0.4807802537335185,5.140637128780413
0,-0.008021932609417961,0.00878800280863095,-0.002473279159093988,-0.33355714912475914,-0.8826789136788384,-0.3310854325012029,6.886562761967522
0,0.02001216082630959,0.009985416135757633,-0.20999998542206383,0.09502643669527613,0.5544404550567771,-0.8267803566397985,2.7006757448771634
0,0.009959241830452523,-0.0076513028927861345,-0.20999998598676084,-0.5589336245999278,-0.8237282151440773,-0.09521045566081113,3.685765355470256
0,-0.006174085400043576,0.007898103707298293,-0.003000000149659095,0.6064148578469271,-0.561701459663727,0.5628076850880145,4.585270341000355
0,-0.00643975522250149,0.008163791792934763,-0.0028855660409102405,0.2187703697379315,-0.4339445949290785,0.8739746071005535,12.877133079067809
0,-0.006333165477560662,0.008180336573446988,-0.002909624790022307,0.4537239528785128,-0.80767476632017,0.3765581581030422,3.2185051923324126
0,-0.021914477039153953,0.015466635365768953,-0.20999998599065497,0.023476764659518465,-0.48354113076608163,-0.8750067521902791,1.9889394463993555
0,-0.00676004928936379,0.008049176083386796,-0.0030000009121777726,-0.024929558500365188,-0.9085008460204819,0.4171387417790941,7.071246546741002
0,-0.002923240532490064,0.03384470519111965,-0.2099999844037202,0.6925927492041596,0.05327602385525652,-0.7193587067882046,8.8121277441073
0,0.005149641713915347,-0.00806169526690459,-0.20999998560158875,-0.6213737746243999,-0.7073270022244763,-0.33702098470742275,5.726823074142153
0,-0.0011583865452453996,0.010437559327532129,-0.20999998568755812,-0.2691379085375649,0.693144802902648,-0.6686666347269573,3.3191659748847284
0,0.021522454781912746,0.015913009324914046,-0.20999998576173928,-0.09639491574336724,0.28636800879090896,-0.9532582985528943,3.8203079385552563
0,-0.006367173609247002,0.007916412641394194,-0.0030000017506171947,-0.3687633565128283,-0.21256007429908153,0.9048932543164204,11.312659188650713
0,-0.007393629844661887,0.008729208302430517,-0.002294860063139093,0.6660592881868704,-0.682575380998057,-0.3007588300870927,9.69693910220646
0,-0.0053911410784491225,0.04480236307577101,-0.2099999843594027,-0.4601306946075076,-0.016776507458076774,-0.8876926791843682,3.3552739214868823
0,-0.01373631668046768,0.031905431808287796,-0.209999985902027,0.3971618233265784,-0.844369827498262,-0.3595859848526675,3.6992523499048264
0,-0.004530971320050648,0.008927254609230066,-0.003000001047587196,-0.0024692765032677372,-0.4941049597560256,0.8693987528275199,14.128236539991713
0,-0.004489970304855702,0.008980862579731172,-0.003000000375846798,0.7884459354305733,-0.32880139256002666,0.5198486810155389,13.185721529332323
0,-0.011306831125124542,0.010604896241303327,-0.003000001118423918,0.8008857059085116,-0.031117141117988096,0.5980082019504984,6.993096773404394
0,-0.008332688314476873,0.008352898671508648,-0.002813158044098976,0.475305739068012,-0.4799529902165115,-0.7373802150798732,11.254874499092875
0,-0.00888721976280461,0.008959896003435448,-0.0025000007852938235,-0.3609378170253601,-0.0482546775420801,0.9313406349646072,5.923025956506027
0,-0.01014870979433884,0.009657450160054783,-0.0029154524672721904,-0.06806570908294426,-0.9101409161821064,-0.4086692696279378,6.693278597801826
0,-0.010221105213760398,0.009509751338710078,-0.003000001457687407,-0.13003831019456447,0.5292383919476074,0.8384490219270657,5.284888696820594
0,-0.0049408620566912705,-0.012959551930522265,-0.20999998477450743,0.6267392988297619,0.15410387633221556,-0.7638388878564404,3.413360203029138
0,-0.005045190638242844,0.008617897993563575,-0.003000000694552773,-0.09361685856562268,-0.9353292021019921,0.3411673599387183,9.121909119948205
0,-0.006532658801212097,0.008138108139610495,-0.003000000594025164,0.6399910146478548,-0.3732996079221931,0.6716091898531068,10.990100956282387
0,-0.00642413817198094,0.00816603197096925,-0.002908840960091067,-0.8079320768543687,-0.4678900457268056,-0.35822432120049275,8.815750236024863
0,-0.0063534923696130065,0.007508861066968793,-0.0030000023462817054,-0.4746877229525251,-0.6212883694067861,0.6234359050600178,6.051413879913228
0,-0.03280361089271598,0.01564338816774908,-0.20999998581089868,-0.55318813535101,0.31944411812094375,-0.7693752935367794,2.931953322378233
0,-0.0079776476144057,-0.007966639033308565,-0.2099999856841981,0.6043881920843904,-0.03556654933406712,-0.7958956802480018,4.1817408020289015
0,-0.0010855615561258612,0.013524172604636555,-0.04511754358992611,0.9847362812153232,-0.047566878157434156,0.167427144037555,4.155669300404206
0,-0.019313664900830328,0.027993034422500385,-0.20999998491504016,-0.23297718516602195,0.5219543842311224,-0.8205396102407407,2.894372116407503
0,0.013532042654644673,0.01149015742749573,-0.2099999851870698,-0.032048392547703995,0.49084414472399757,-0.8706577548757465,4.406720288055402
0,-0.00837265647020912,0.007266601135167289,-0.003000001538444903,0.1252449720246464,-0.5735104191333219,0.8095674747221923,2.5960081783048174
0,-0.003428170172065273,0.007613220045968366,-0.0030000010290855625,0.8006515577221193,0.46740200272270077,0.3748232262920113,6.199901840583283
0,0.003217968613444095,0.01012874069283596,-0.20999998484348892,0.32566784462951576,0.49053566415306327,-0.8082791703169635,4.929360949340784
0,-0.0043696169036927255,0.004013928361500479,-0.025107940236748946,0.5804442261863755,0.7428057231018826,-0.33365275064652083,7.41458719320314
0,-0.005130318595417355,-0.001323452598010574,-0.20999998558775412,0.46997568355336905,0.1853629710473367,-0.8629967704650162,3.880802527296759
1,-0.018333924343868206,-0.028223515306024516,-0.2099999839949657,-0.41843499831138536,-0.012000900077875454,-0.9081674573477467,3.1209418777543227
1,0.00011988523481286918,-0.0028207439212943244,0.0008086844083463689,0.28609838286702566,-0.5290058310954384,-0.7989371351914348,10.043726641541362
1,-0.0026051200171709364,-0.0018089345799066118,-0.001678750547253661,-0.95184369243773,-0.09960521341973474,-0.2899523868260385,3.2913671121201498
1,0.0009614461227265482,-0.0023347222995749144,-6.213246440187219e-05,0.8626055784872967,-0.4386910357114329,-0.25191623835915533,5.394902605069645
1,0.0025145829037878974,-0.0037435903122719173,-0.003000000699637734,-0.03389739729095953,-0.669600040091895,0.7419479447817288,4.815002188323998
1,-0.010710299903792492,-0.01639482581342943,-0.17827126277476563,-0.969958462762809,-0.225568170596996,0.09110203580784287,3.828922596197067
1,-0.00048329546925309326,-0.0020585367336082233,-0.0016873180358994802,0.7292637089883804,0.25176361890007015,0.6362307151897422,9.40541871396817
1,-0.0032761612891059983,-0.002143813820545221,-0.002500002262567633,-0.35416352496424575,0.2865531930183325,0.8901996771263727,7.766357143533605
1,-1.6293731382249456e-05,-0.002962555804560756,0.001156503799094972,-0.841908847174354,-0.5300556148353839,0.10114612316363585,12.68612491751378
1,0.0001329500474354803,-0.002834769230683562,0.0008451496580963074,0.5078487674543218,-0.602684046117198,-0.6155173189691172,7.978546124178012
1,-0.010828026018088993,-0.0033119420052883214,-0.2099999852059108,0.5245503259914613,-0.36907552878351496,-0.767222399018316,3.0815937414248147
1,-0.002299812903428771,-0.003272736366955199,-0.0028184370903259013,-0.8901511687877381,-0.3958188287419064,0.22573956569287731,17.55587554668933
1,-0.003947414694253958,0.0003112434810399889,-0.002500000006921307,-0.5703912649025994,0.1946569009271564,0.7979739944661407,14.161650440253354
1,0.04108375350096044,0.007720157606543213,-0.20999998555876337,0.085681147514283,-0.30372012992103914,-0.9489008502690799,4.099057848962468
1,-0.002770385592144448,-0.0019460269411357535,-0.002214244258444017,-0.6436583683519818,-0.7592750134408532,0.09594456115307645,13.092067472959835
1,0.0013676711547238641,-0.002235916008458262,-0.00030297763729864914,0.6617184744457444,-0.36424235523962367,-0.655329052634391,6.5639354268117325
1,-0.0006255208022845737,-0.0039507790673418575,-0.002938572839839498,0.08611545760074674,-0.7608676254175373,-0.6431676177744742,13.617006043280353
1,-0.001484906441683275,-0.0025593076437221427,-0.0011475113069910558,-0.7019014541191243,-0.6405955594065835,-0.31140275845603044,20.614846728573106
1,-0.022713517698168074,-0.036564378361545496,-0.20999998599126246,-0.11974874638112251,-0.33381919860822756,-0.9349999895084011,3.9303520883880454
1,-0.0007949253859925264,-0.0039202123853124635,-0.0029565049918783325,-0.4936582446697131,-0.844492223585128,0.2076882802997418,9.201914967807891
1,0.0037283034880328785,-0.03739539323061445,-0.20999998594514707,-0.162095484670511,0.40933331993301547,-0.8978704177341226,3.3200047026478208
1,0.0006071902887938333,-0.0039536374671008435,-0.002703864291391426,0.04815925532906965,-0.9114784878088632,0.4085188519368693,16.21948286996522
1,0.044287423017911276,-0.002604825186587978,-0.20999998573837406,-0.6192861889616482,-0.5332138268877084,-0.5763398571824808,3.173686859065172
1,-0.00035648904682873,-0.0042162734253402955,-0.0030000008641475925,-0.22531307067938816,-0.1952918825302253,0.9545130176162221,15.131695631992004
1,0.0004628284567430289,-0.004014650455340888,-0.003000000089713287,0.2339900402768157,-0.938735431372323,0.25303053360705885,6.602169780490042
1,-0.003364172386807868,-0.0021638692790639028,-0.00271065007367235,-0.9064018980435281,-0.26001382173788135,0.332909014189089,5.0753914015408865
1,-0.0012325583886335098,-0.003805357575643404,-0.002959934309724402,-0.16127479639202635,-0.6924348798711737,-0.7032242723246289,19.12646468088968
1,0.01787861722203407,0.010052741972545836,-0.20999998597151878,0.8619759275363741,0.11705947718258221,-0.4932490031916419,1.7374669455976628
1,-0.030259386704855118,0.006805262583016124,-0.2099999858253691,0.6497535788716836,0.02406774404870397,-0.7597637991111744,4.575370501774522
1,-0.0061436266078496015,-0.01396989871629367,-0.0435909030050484,-0.07835609724969345,-0.30183786835052023,0.9501337922910703,4.325796276042806
1,0.03583615784135739,-0.008157150303633058,-0.20999998584788265,-0.2240777201689832,0.4125624527857223,-0.8829390680422401,4.304946603099294
1,-0.004837934539824578,-0.003592500943954517,-0.003000000479523429,0.2582305320712096,-0.6950890381164462,0.6709457663601237,1.5322349155991852
1,-0.029440072799243162,-0.005359993838201707,-0.2099999859382047,0.08891346739056938,0.32870935270597823,-0.9402364366265556,3.565715770260847
1,0.0026750151549773888,-0.003631280895158368,-0.0030000011279398327,0.049602787144869584,0.37097340427230713,0.9273177971062977,17.61373517254918
1,-0.003272521572153277,-0.002300128185686629,-0.0027865063672837236,-0.9478623847425336,0.310501743711129,0.07173260585358357,16.809500723523914
1,0.013923683460284128,0.004273889335839092,-0.2099999853563735,0.5848468958756529,0.031621226503698065,-0.8105271163995778,3.5800350382522708
1,-0.0016507149952454817,-0.003831362238005125,-0.0030000010090661584,-0.11336132201358204,-0.5079971876252589,0.8538665399441299,6.898218463542598
1,0.0019323983846317092,-0.0035338719868728157,-0.0030000013249904733,0.23422563173373154,0.36265749115342083,0.9020077037083668,12.997367119153855
1,-0.002332324346885215,-0.0026055860297241606,-0.002492452259088685,0.29070063538394714,-0.8199600942373493,0.4931111278866528,13.829829924123992
1,-0.002536862427362534,-0.0030926150022529716,-0.002873488284377412,-0.036142474604023284,-0.9742238492767639,-0.22266929072025748,6.656654341826451
1,-0.001982989439675077,-0.003563554208031427,-0.003000001156040894,0.06422325001340297,0.11964935614147906,0.9907367994238658,8.314657179663175
1,0.008240795090960465,0.008759601187409902,-0.2093398229846544,-0.49158736213202064,0.6587897638892237,-0.569506727253386,8.508620553568123
1,-0.003982611451446241,0.00037254025703006377,-0.0029606371894412425,-0.9633561121361395,-0.03656528455124188,0.2657216234626542,15.200604195258538
1,-0.0009645783452945289,-0.029851455851222633,-0.2099999854588674,-0.08052298189729097,-0.8795768738230513,-0.4688929221283221,2.589703607289808
1,-0.004444403602630868,0.0006697201364559074,-0.0030000030430208085,-0.48409632700070276,-0.5538591586393591,0.6774147758764417,6.08588958565722
1,-0.0023418259737995823,-0.0032428047559800773,-0.00293252080369908,-0.2952017300259638,-0.9554216547349736,-0.005039866383433157,9.209435756528867
1,-0.007696038149260322,-0.0024048502441729094,-0.0030000008327702834,0.851921763275452,0.04438491350703209,0.5217847149070368,1.966313573787935
1,-0.00323862987962104,-0.0023909957051965803,-0.0030000010067873888,0.4523605164723373,0.3590388960251673,0.8163706476092274,11.055983373551125
1,-0.0027466974771695237,-0.0020799784005131987,-0.0023636912964690973,-0.7382404833561176,-0.6516690077678557,0.17415077676824905,4.877540186946827
1,-0.004998893116095526,-0.0031100280809644547,-0.003000000140905304,0.05455969858489655,-0.5433223326706246,0.8377494148679999,5.305786005307509
1,-0.0042136324678832444,-7.425507399857162e-06,-0.003000000060247562,-0.8394548721178147,-0.4154020650821982,0.35036643960731695,11.083670019649903
1,-0.015500462431984982,-0.01044359712247977,-0.20999998283281157,-0.06502881314196106,0.44656238108803803,-0.892386291500676,2.6852947488183183
1,-0.0003296649255695053,-0.003986391495524631,-0.002798494330430998,-0.16413646597923798,-0.8483957375778514,-0.5032731792928968,17.277858258499684
1,-0.0007935931672703822,-0.003920484778110644,-0.0025475781064377813,0.14154742526022426,-0.9527260528335866,-0.26884455481622743,16.704514842642883
1,-0.021258607039391923,0.02395562419278647,-0.2099999859808482,-0.6412796146938927,0.12998550803911516,-0.7562170478624939,2.2725268750381318
1,0.02184507728495013,-0.008986825622983327,-0.20999998549795074,-0.23235197619778827,0.7238543168050151,-0.6496518199772303,4.269491152282967
1,-0.0014632427531645733,-0.0037227563836108634,-0.002903046898313539,-0.03677506772155037,-0.9930625631823293,0.11168858491277171,4.348142402766713
1,0.01820644343996524,-0.0044187714456287545,-0.20999998431943168,-0.0838586897454336,0.07954305522947813,-0.9932978518646555,3.2226045508879104
1,-0.02445245221722927,-0.010844543367259162,-0.20999998588089241,-0.6284430555990133,-0.6550477242669118,-0.41948993408914537,8.434321328196518
1,0.001067891063527403,-0.004009127298407401,-0.0030000030977828484,0.2810975465325134,0.1393506250548189,0.9495080687546749,4.831874504450061
1,-0.003362398253761903,-0.002166623627092787,-0.0027153036784885723,-0.8960508566427052,-0.4428105300137916,0.03180718187420769,6.492616374259358
1,9.315035823086935e-05,-0.0036345814899344927,-0.0025000003638398554,-0.5259229568629317,-0.8498120149970592,-0.034994036794693484,6.152867559592133
1,-0.0012398618243061575,-0.0038160251244577946,-0.0030000000697677333,-0.2696349979321547,-0.8952255103436875,0.35477916162031187,18.237350394884487
1,-0.0036931571136547465,-0.002234082750303631,-0.0030000009205349365,0.6435307846702685,-0.5470222052069488,0.5353828874667134,6.210145174322826
1,-0.016118612727429926,-0.009995746941114408,-0.20999998578866785,0.2754945468149522,0.18522191383466038,-0.9432897737761444,3.3704088013644258
1,0.008080571811146877,0.03530496141577636,-0.20999998498511369,0.02982366326079927,-0.5940535102026426,-0.8038724874789689,2.2502990730881396
1,-0.004864650120233325,-0.012232561395996117,-0.08460601749590729,0.11557933027185142,-0.4966648514347441,0.860212441065121,3.7744216552230703
1,0.008334949354360688,0.001692725185221513,-0.20999998565528333,0.6258496882193576,0.05281379956683738,-0.7781535004939879,5.985749427573027
1,0.03593529956620882,0.021529392734901814,-0.20999998592312166,0.03237780010071069,-0.44574280209359807,-0.8945753363704957,2.5090900418245425
1,-0.011213214339210853,-0.020728775868092,-0.20999998556646982,-0.40694264899448124,0.8521312746231592,-0.3290440262920217,4.534355792758943
1,-0.02260434454595009,0.03372792709483857,-0.20999998558254543,0.22067611512287327,-0.2903589215077421,-0.9311249910270574,3.6956896616151855
1,0.01577510657424865,-0.012169818495066017,-0.051552828407696434,0.7672921865086829,-0.5894009112977564,-0.2527236955334796,3.9581151324421735
1,0.0009851156756217022,-0.0024951687945690745,-0.20999998301006384,0.3175881251022329,-0.497426711756458,-0.807282137313347,3.4153513127790007
1,0.015848537876334917,-0.0036519276274760313,-0.20999998452786753,-0.8343374096798742,0.05176708833548326,-0.5488180530685408,4.0419591736608345
1,0.021649507969793827,0.01711769628347507,-0.2099999850916883,-0.7757400521638871,-0.409260951081794,-0.4803465888172778,4.638783985638927
1,-0.01158438640412332,-0.0014075717838324593,-0.08845156317105617,0.6681301442716865,-0.7150261708398726,0.20576609373160665,4.4351270703856365
1,-0.0011456481941745423,-0.0038324212067570775,-0.0027557539616677837,0.10240376311068414,-0.9034212668983633,0.416345390050769,9.347068520169266
1,-0.0028709004428168704,-0.0019234505931718284,-0.002389337486985395,-0.3321417375640581,-0.8163968927473038,0.47241716700441316,3.5531151943412853
1,-0.0027744767387078545,-0.001997242737503127,-0.00229678189821724,-0.5415682736286231,-0.7305802181537894,0.41588021092770766,11.674002033149394
1,-0.0036577631399226933,-0.0016188696215023836,-0.002978415887011937,-0.8049328547065306,0.33021643228947495,0.4929910823331452,6.197811368514158
1,-0.001537221907733526,-0.0036928209377013275,-0.0029422696900522297,-0.30821607631554815,-0.7841436854849594,-0.5386293074227521,18.94540396016291
1,0.004641469356079702,0.0025584785457967267,-0.16289594723338233,-0.44491754378388004,0.8314775220237661,-0.3327063413921298,3.8732491590287474
1,-0.001374529959800475,-0.0031341260623854892,-0.0023057813929896983,-0.30268294375549576,-0.9236519382855545,-0.23505346723851023,13.8327069228163
1,-0.002822463267081152,-0.0029119321952615876,-0.0030000000055176103,-0.30832771127295316,0.9162152124915371,0.25589784457917963,16.63984099836109
1,0.02056069382400224,-0.009097554836259882,-0.2099999857860995,-0.2354329858504014,-0.6369891449660385,-0.7340409650482729,2.6565286302067928
1,-0.002141480863626845,-0.003771093688827388,-0.0030000013413802795,-0.13100569499161982,0.16462511235915117,0.9776175531671367,4.281777853502887
1,-0.0010284427789134317,-0.024637196388138043,-0.20999998579495094,0.12327898699631296,0.7035646299726113,-0.6998564873005503,3.5172363409454848
1,-0.002524599239711312,-0.003310436047499788,-0.003000000997523462,-0.2382079247430833,0.40709344278675486,0.8817777006874356,4.894837877697631
1,-0.0005365559418978622,-0.00336018694566443,-0.002256821218410616,-0.0015665261078312738,-0.9990558243845026,-0.04341665301880773,16.629851919894065
1,-0.006116074685883188,0.013117851737099392,-0.057245706770494044,-0.6107975037044416,0.737606244086499,0.2878601017039886,8.098665347907732
1,-0.025686508922224564,0.0230043487030718,-0.20999998587264335,0.2986390393075479,-0.9080307845278901,-0.29375979737045277,2.9886090483110825
1,0.022112728140849303,0.02603270323695054,-0.20999998581379117,0.020955931866767214,-0.6852701028392274,-0.7279874553000965,5.484194599915638
1,0.009640082763129986,-0.017555608484405915,-0.10987181005668196,0.9524487354270804,0.2527888419481063,0.17011527788499853,4.452111554807068
1,-0.044155602807341335,0.020468782335204293,-0.20999998439737266,0.08351550004379996,0.04644901496977372,-0.9954233522782012,3.8721462445284085
1,-0.0024839506773120567,-0.0024817627577435842,-0.0025000013325424753,-0.29751007974531696,0.3453648851483397,0.8900622722913323,4.42433161649991
1,-0.003742203638022446,0.0014127596249259573,-0.0026982344668414534,-0.7746262847365242,0.6149244397904362,-0.14772289038502964,15.336199599967571
1,-0.0033970741512161233,-0.002118017463009583,-0.003000000747367765,0.08262350017817577,-0.9614562257635307,0.2622504207029102,9.140980640030566
1,-0.0035860839191453556,-0.001771986336524141,-0.0029846019714130103,-0.627637352097068,-0.6516353853607056,-0.4259608888130291,32.605052535332874
1,-0.0039690764459823025,-0.0004964152660630829,-0.002802568544144871,-0.6167861046977842,-0.28561395550612095,-0.7334845393543628,17.16729249938459
1,-0.005509766666792905,-0.005094695883354698,-0.20999998599143094,0.9829739283464528,-0.012074110860082274,-0.18334795346030208,6.044364135914225
1,0.003345313434829863,-0.00879149979234813,-0.13805007337910796,-0.670609220183558,0.707788783618736,-0.2220772649064071,4.309246360941482
1,0.015746872240993456,-0.0020284266871670505,-0.2099999851978379,0.6782847450999935,-0.18850605472020587,-0.7102079075161436,3.980168693362146
1,-0.0017235943433704065,-0.0053387168098574704,-0.0030000006072058933,0.3708922319941674,-0.330328816020188,0.867941141756217,2.5950766769401348
1,0.032030123763041984,-0.01909814904447077,-0.2099999847983568,0.004299958686309635,-0.7932295642758443,-0.6089075206581458,2.619829391973805
1,-0.004930756475930508,-0.001787334171463724,-0.003000001276839917,-0.500377891362693,-0.08243114279858554,0.8618741628174872,2.3943677918218165
1,-0.0016558965157330932,-0.0036411491407890954,-0.002992719255172997,0.05591355593813157,-0.9938613254344476,0.09546381549066849,15.329836521073641
1,-0.0024085265095393207,-0.003193584446012917,-0.0029522182464848208,-0.8819000351279139,-0.2676349896811371,-0.3881028733979713,7.74734097653618
1,-0.0028934557672461495,-0.0019367023886909729,-0.0024545629966356815,-0.16682914525783119,-0.7595637521411716,-0.628673955819522,2.921240573580755
1,0.03874943301297133,0.016540966072951045,-0.20999998525953034,-0.09134363310997726,-0.39425375894111075,-0.9144508265899673,11.186005599051118
1,-0.004225945296230195,-0.002691016237024332,-0.0030000001030733763,0.029340351267529083,0.3043195325983326,0.9521180419814712,1.6745209018572687
1,-0.004213322209408532,-0.0012672881220348057,-0.003000001266861,-0.7616383848318276,-0.13062536065866298,0.6346999179955507,4.447334357503294
1,0.024589646616717316,-0.0016147740343744046,-0.2099999845994974,-0.685955059875281,0.03491378314255162,-0.7268058087124613,4.680607843650863
1,-0.003671058602250493,-0.0015884939528419849,-0.0028969441670315074,-0.9347653688471301,0.3269973354935005,0.13887565583729966,8.779815004218053
1,0.003551184807992727,0.005225383442813087,-0.2099999856229214,-0.7269568194792037,0.31183113084748887,-0.6117966397807824,3.816311558527861
1,-0.0005889626759114385,-0.005941230386563608,-0.0030000008859034115,-0.8543477490156189,0.45667136395660096,0.24807496668136933,8.555775994064007
1,-0.0019739786746288254,-0.0034789877936680855,-0.002815904886788595,-0.9316477799664544,-0.05857520719179542,0.3586103166196078,12.11634023927072
1,0.0004025963222249178,-0.003979687181522362,-0.0026877411708015504,0.0744213904688704,-0.9957164050307363,0.05486617713443151,9.571271298941685
1,0.002552245503004611,0.002641001560273102,-0.20999998435976802,0.5361649166180303,-0.13012923105831398,-0.8340225209262354,4.560859103861746
1,-0.0014470238163393813,-0.0037290897998648346,-0.002923986258693268,-0.11176555887058864,-0.9733940580858363,-0.20003116640546895,7.1397692397803025
1,-0.0212299784936038,0.02882294428130918,-0.209999985207421,0.07963682455086289,0.003561468233081039,-0.9968175821681113,5.7598179605384265
1,0.0007560841788520437,-0.0039278898921726625,-0.0029702543209978393,0.7844187937304797,-0.10661339945806414,-0.6109997864962105,10.069742251526625
1,-0.0002284080968058534,-0.00511682686015134,-0.003000000072611605,-0.20774875704934562,-0.8869043384482306,0.4126028943017227,2.494706212315847
1,-0.00027156483169884994,-0.003990768052537829,-0.0029526336897007658,0.09172299656168383,-0.8672376329937117,0.4893728433630227,20.310603077520554
1,-0.002133293995416126,0.0010055764960587759,-0.20999998415448717,0.5937901316827765,0.09864638452241524,-0.798550042474989,4.393398865932467
1,-0.017863515281832044,-0.00797572077180024,-0.055093863253436876,-0.8847590616920794,-0.253248205434476,-0.39123745883794026,8.053770308742031
1,0.003304106266655663,-0.0022990858390532836,-0.003000000135281433,-0.272258969999754,-0.6083534895674416,0.7455072668899945,8.627982874818878
1,-0.02213474829272641,-0.01070183386579543,-0.18407673467077704,0.18303459117082893,-0.8921206274497697,-0.41306067897290405,3.349722243734629
1,-0.02181311946756388,-0.00923543951113633,-0.20999998416072457,0.12005478622730678,0.24537907752420493,-0.9619646337663803,3.329160178830941
1,-0.002954271335202423,0.01192458210794935,-0.20999998572027598,-0.5538742706951136,-0.35136577306521466,-0.7548280504725827,3.9353135966989408
1,-0.012775983912392512,-0.005300060770147249,-0.20999998564607783,0.6633586896867949,-0.18718783546333995,-0.7245108439986031,3.070113848359436
1,0.0027338949976875152,0.009038651675680465,-0.11295145381638864,0.4728897853290444,0.24123443138095785,0.8474557215853559,7.473467183923018
1,0.0013824502345079228,-0.004307824255442654,-0.0030000008143354004,-0.567468197470917,0.33395995431510106,0.7526291209971643,6.906300027870143
1,-0.001553954809268825,0.01546798958369737,-0.07627239816468018,0.1314829503116143,0.6862978719297143,0.7153373083812274,4.564694889645635
1,0.0006473997379468797,-0.003728459930044557,-0.0025000005382305518,0.7072756102635043,-0.02051060830556785,0.7066403088370513,11.90459488601736
1,-0.017342187160275205,-0.018630950564384845,-0.2099999846509417,-0.23555680537959128,-0.5481896973877177,-0.8024967583220032,4.758364204901376
1,-0.0033887919028985835,-0.0021056674255033846,-0.002500001031819495,-0.7382369089065166,-0.5396682310059715,0.4046782262131687,16.315743393405313
1,0.027202177233020063,0.014918157532858368,-0.20999998597878614,0.4289230733952036,0.8594172886846811,-0.2782569334609388,3.278968914048863
1,-0.001995843653653807,-0.003466492360781331,-0.0027385982099140662,-0.2434728469957837,-0.7526079608644071,0.6118024436199048,8.839446626188716
1,-0.003136875340938223,-0.0024819335303676135,-0.0026855202505987165,-0.41146316760027235,-0.9092802898914089,0.06250932829063184,14.322070251859506
1,-0.0033847566804050106,-0.0021315276643678223,-0.0026864678215254715,-0.4887270520547793,-0.641084887911108,-0.591739837328743,12.09809437952664
1,-0.0011296435752052923,-0.003311930986861625,-0.002498228801782043,-0.14845521301959058,-0.8957132089580914,0.41911680594472234,6.253224796820252
1,-0.0015220018924993859,-0.0036991227921269994,-0.002679360119140586,0.12751063738524634,-0.9530226141137943,0.2747524965151692,32.14462778225468
1,-0.001596027787320424,-0.0036811464507250148,-0.003000001178615081,-0.03557482828436783,0.13931103651329538,0.9896094516010491,17.85122732149083
1,-0.021445655297739695,0.000993181777388428,-0.20999998517540508,0.096115064544555,0.8562446900012863,-0.507549923861877,2.9576013626864492
1,0.0001465481151431779,-0.006198451507830793,-0.20999998595267202,-0.048715982645477725,0.2885569321566925,-0.9562225943467363,2.7034817496636694
1,-0.026576470015648355,0.038109274475129115,-0.2099999858427573,-0.18671195234819438,-0.02224068135205972,-0.9821629187376818,2.984537828489098
1,-0.0020066503682100605,-0.003906321101533611,-0.0030000011484293343,-0.5505632025564061,0.719956815858293,0.4225427117937568,10.805044161270834
1,-0.0006205275080073586,-0.0038121756318812753,-0.0025000017354067086,-0.027475669385675305,-0.7708059932401361,0.636477186061603,3.604290646319142
1,-0.00043626062834665834,-0.003358888046215908,-0.0022177162974685092,-0.8725171287481894,-0.33606797779928127,-0.3546437287460713,8.12871063905177
1,0.010001836841731317,0.006348699651172197,-0.20999998500473926,-0.5194676344537156,-0.5031522934504318,-0.6906454563309828,3.3921690777925586
1,-0.004753019884741132,-0.002815271165141133,-0.0030000006730323916,0.29999611964562806,0.4451459228769836,0.8437105164353259,2.6453505149301093
1,-0.0025622320182038987,-0.004507107954966919,-0.00300000007880303,-0.26103289717075306,-0.6033382338404616,0.7535547771601713,2.367288010597558
1,0.018154780229947584,-0.0019212845319355868,-0.20999998536656161,0.6738261877794289,-0.5257127884649391,-0.5192151121713043,3.4009413824078285
1,-0.003926151593044812,-0.0007650445902537028,-0.0028928758767346654,-0.669391816410525,-0.7186982853585228,-0.18811531236275528,18.849214600030248
1,-0.0031067980888526215,-0.0025194848459740883,-0.002808767923529781,-0.7598730647154888,-0.083976986280647,-0.6446245351327475,19.173820335336227
1,-0.003994126386520163,0.00021667283950756487,-0.0027075904567200465,-0.8709200532039163,-0.41488051696743755,0.26338644150396034,5.408942037209401
1,-0.003959762990998732,0.0005658630496286974,-0.002900670267700137,-0.9800367884720158,-0.12132959175604485,0.15750245523727127,20.742767111555505
1,-0.0033378842864620747,-0.0023202615902934874,-0.0030000019140714656,-0.36773479427186323,-0.29170864796594764,0.882993310157959,6.862520820268431
1,-0.003588890249339249,-0.001766299104704543,-0.002998527077129859,-0.9769864366347022,0.13086377566525517,-0.16844041928961315,17.886806123436642
1,-0.010225159442559088,0.0002744567039747437,-0.20999998368222084,0.04793043574375414,0.5101972338860384,-0.8587208253352476,4.077331126870719
1,-0.0034414786923745557,-0.002038677573362749,-0.002882706271754857,-0.7757405962316345,-0.18473944153017474,-0.60340522545078,10.7708505562776
1,0.0012182159818267845,-0.0033773901215159554,-0.20999998458232483,0.14252087505364042,-0.09088965444956128,-0.9856098979251293,2.103792780228841
1,-0.0030412531223728244,-0.003185193252879455,-0.003000001316808814,0.025417734630671637,0.17359745911276805,0.9844886291653323,1.9246802881896572
1,0.0014736227826942657,0.037241165453611697,-0.20999998532649672,0.40265702299713313,0.6600129522110907,-0.6342319959956977,2.973114994281368
1,-0.014939791352387875,-0.0010810207305360696,-0.2099999831558172,-0.4060280847408318,-0.3516028241776812,-0.8435144624912904,3.897851846171507
1,-0.007009215258861655,-8.579511371666872e-05,-0.0030000004679264112,0.6208252458029586,0.024377932697572106,0.7835698632356203,0.281493601991482
1,-0.005542274469746325,-0.001052150617061278,-0.003000001721458871,-0.7452308630727559,-0.058884147189318704,0.6642014889576973,3.057003970307672
1,0.018199139385532356,-0.016046299304342468,-0.20999998588603985,-0.8125616496012263,0.42754081959378337,-0.39617220142055626,3.596480826306418
1,-0.0035736561003565535,-0.0019458242136454675,-0.0030000002726308234,0.2780445867856558,0.694313897617046,0.6637916987542251,9.71075350615056
1,-0.003573742327765763,-0.0020103203439482903,-0.0030000010730165325,0.03775576533521702,-0.17570838314695728,0.9837179810676605,5.19227501940255
1,0.0016877976911117444,-0.00522545413808047,-0.0030000010871476398,-0.6723404216699762,-0.08702179445922585,0.7351092195570224,4.490219189061005
1,0.004308162321968222,-0.001120343937207053,-0.0030000018733821517,0.18891290402801514,0.6192888310188612,0.7620979323334989,4.452348834678697
1,-0.002939614662732894,-0.0035877207876644822,-0.003000001172422739,-0.08834267211417146,-0.7894025103269011,0.6074860072242935,4.357448572476033
1,0.0008860140558817976,-0.003900636548590783,-0.002909596217298412,0.032491259711804665,-0.9660926525119871,-0.2561431334326433,8.149586807970497
1,0.00044368226298242494,-0.003975316937893319,-0.0026688528015632756,0.3291704978035806,-0.9032921937876072,0.2751544948172116,2.470071035956848
1,0.0024672691132693178,-0.004092343203235239,-0.0030000025786798643,-0.1796526973343482,-0.07554803841803648,0.9808248580820533,4.600426869558538
1,-0.009016730297024447,-0.015863484823331598,-0.20999998314169438,0.2889959874290596,0.3879006063797348,-0.8752225081772848,3.1306661788722527
1,-0.00560192091051945,-0.03038686537907378,-0.20999998543078685,-0.4000249253543901,-0.28275881732346503,-0.8717955668165845,3.9750437146409596
1,1.9241717911609e-05,-0.003506061699192718,-0.0025000019154512833,-0.8086103010481189,0.11573784492676537,0.5768484482865308,6.551016896850197
1,0.005277911365693879,0.010371076284617196,-0.0848508963671321,-0.5152349895750543,0.5859430430505161,-0.6254627533421112,8.687979484676267
1,0.00045688384462291376,-0.039839684536782737,-0.20999998538773323,-0.4155868209285379,-0.5747666533176989,-0.7049332510986293,3.4119875486958913
1,0.008396019453870002,0.0036717677186938044,-0.20999998598459046,-0.3127482096178871,-0.6853074309932177,-0.6576794678308594,2.1717192121491933
1,0.0034397528082566607,-0.0027089034198707427,-0.0030000003312611267,0.8888363618358793,-0.1328229099601953,0.4385521593471676,5.94509150683389
1,0.000187797984567127,-0.01910133482865948,-0.20999998427062055,0.043788761750487654,-0.8200269719711399,-0.5706472724759164,6.493282102538944
1,-0.0008142328589876261,-0.008794245009448672,-0.20999998526759886,0.10489863944402342,-0.6871561310441463,-0.7188968820430596,4.268439081763703
1,0.0013935592880088064,-0.008000469908546543,-0.20999998497082462,0.2420526868444758,0.310890279453946,-0.9191070290953156,3.145189697524115
1,-0.0002756024857238835,-0.00207821025362306,-0.0043541147903013,0.8375536152169278,0.533224983600703,0.11905905467911565,7.133075059221539
1,-0.01545382959075424,-0.002361334241662543,-0.20999998572141704,0.044205412231970824,-0.3553737277433763,-0.9336784217058772,2.4530458063389777
1,-0.0004907527635279275,-0.0041216013668047245,-0.003000000333669158,-0.7759906564971589,0.39989715222650324,0.487771225750598,10.504131612067782
1,-0.0013889575765216513,-0.0031348523367197936,-0.0023219743617962424,0.08842578257103038,-0.9657183634520645,0.2440674567986615,9.1684752874974
1,-0.0013781771242574073,-0.0037550738248666067,-0.0027961255221844034,-0.001806855754796468,-0.6149961687883829,-0.788528025911503,23.55504862466587
1,-0.0024603208154499057,-0.005041690485066802,-0.0030000006705076182,0.2639721244105734,0.7315623855565605,0.6285977995292088,1.9290498370391804
1,-0.001973848700863272,-0.0034790618239733564,-0.0029820987544159003,-0.8381196659600887,-0.3813323742100775,0.39005261941211855,14.26125385163764
1,0.012826731672281322,0.007508920264699863,-0.2099999855472432,0.8181558335655467,-0.43265157617309463,-0.3787263466377834,4.665377139981886
1,0.00027305008939080183,-0.003439601583112812,-0.0023761520830517147,-0.15941035201420478,-0.9851260986004355,0.06414756056929874,5.904105878624228
1,-0.0025193249482830704,-0.002330683536985495,-0.0023300128641872255,-0.8846829685976598,-0.4655934723500267,-0.023638180519596264,8.022867017954312
1,-0.003758293726453853,0.015107554920730688,-0.2099999843984542,-0.8076494149888019,-0.29838576179144105,-0.5085944942961801,3.3075869321281117
1,-0.0018181046357054324,-0.003562930644870024,-0.002901350579348768,-0.9579053518850258,-0.23246673056256778,0.16845342386421233,18.063783783064387
1,-0.004840096209817986,-0.002925730279577936,-0.0030000011508148194,0.35764121055074183,0.1413411055439782,0.9231010001074671,2.3425185288077466
1,-0.001060804614757457,-0.003950391426360434,-0.0030000013451439086,0.1534304568665679,0.10328417882779742,0.982746901958782,2.8169407612327224
1,-0.0039674928868948705,0.0005089042056849761,-0.0026786182745849796,-0.9587882352437269,-0.18393203262738095,-0.21655051912147358,9.616811532804583
1,-0.006708322927173058,0.0017241670928502166,-0.0030000009284732168,0.4121401510035108,-0.039029352192375855,0.9102841345416532,0.44121659088013077
1,-0.01946798838859406,0.020076006289498693,-0.2099999856211169,0.12359012485890115,-0.0719873753754597,-0.9897187978531652,3.6300720731725913
1,-0.0028762542867134073,-0.002779766058358166,-0.0029620879331814804,-0.5442972970298618,-0.8284955861426946,0.13166440744582367,14.957283010229357
1,-0.0033946534804873574,-0.002115729536712199,-0.0029190081929924257,-0.7553726036612392,-0.44458866592092233,0.4814074654309951,12.800976460966247
1,-0.0039925761738521595,0.00024356695453599017,-0.0026919667875405506,-0.8602067524834214,-0.1509529241278051,0.4870909131560459,6.773106678711418
1,-0.0025384075628323392,-0.0049323202666312575,-0.003000001843047438,-0.1405193219466272,-0.381334501561854,0.9136948714304094,4.393948100967272
1,0.0016961890820979806,-0.003724831157122933,-0.0030000005650784836,0.11137915419492707,0.15806979754206357,0.9811262014215265,9.258682657386926
1,0.0018477683558037355,-0.004083773056502263,-0.0030000008712353777,0.22136128320004697,-0.0793855057841314,0.9719553095546247,5.243127499670601
1,-0.012158254673115362,-0.009971362175514843,-0.20999998467391476,-0.0795162963637704,-0.6655538117720907,-0.7421019352139093,4.491487611131552
1,0.009058415855469251,-0.0029906030892458595,-0.20999998556736446,-0.9457370500549176,-0.2336897552946897,-0.22576653964600346,5.440906080572715
1,-0.011786412208539038,-0.005335840187389583,-0.2099999846966945,0.37390813889557467,0.3743043253343961,-0.848580565240337,6.101836805063386
1,0.0034485577433946836,-0.009995330604034146,-0.20999998551177063,0.8001303171286346,0.30507310304336915,-0.5164512343010907,4.069728611014382
1,-0.0017415557903509404,0.005591015750638833,-0.08976325778103893,0.24464227297607205,0.5942697603111515,0.7661550823774699,8.6440055077138
1,-0.01828111022989866,0.0037071644802488006,-0.20999998501004474,0.11148823538741773,-0.052960545649236586,-0.9923535428337698,2.733195117713802
1,0.00467655313980294,-0.02124938379053998,-0.17340319154436992,0.8977319860880363,0.27176605916438323,-0.34672826570773063,4.004682149669263
1,0.011460822292333125,0.0028539854877935983,-0.0772510810529459,-0.7496697448545482,-0.5663383255166627,-0.3424268895701665,4.2617956260949175
1,-0.0013911303837917186,-0.003750297208786003,-0.002833136014908508,-0.5211380398237522,-0.8226564012070489,-0.22726985942206174,6.277098503400193
1,-0.007716113757872164,-0.018484028939516846,-0.20999998572919792,-0.02802921705673025,-0.3381667014815495,-0.9406687222398092,2.800940064844413
1,-0.00021452742331629066,-0.003994242750201398,-0.002960675081326513,-0.6892191034949484,-0.6528655676933751,0.3142349087832641,7.193624259255763
1,-0.0009423961816242582,-0.0050992132353291485,-0.0030000007144018776,0.2038026269916438,-0.5934494485171148,0.7786412789507359,3.3565446425905234
1,-0.0016944607541084272,-0.0036233612727872675,-0.002998139529330263,0.0030480548244995933,-0.750106991211078,0.6613094669653915,19.66948330794047
1,-0.0034891629513698497,9.359997997477893e-05,-0.0024759730824344545,-0.9518485808612279,-0.15833123914592315,0.2625176143099407,9.576754780551623
1,-0.003978492628427442,0.0004142376592824685,-0.0028558884377798805,-0.7199879659272463,-0.6900792556775815,-0.0735387639508673,19.61682295448088
1,0.0025237101555929623,-0.003541008851488706,-0.0030000005728664605,0.054769987667991224,0.6048083618546698,0.7944854271045625,6.118440291597942
1,0.010300334277527084,-0.0003509768942810494,-0.20999998506472645,0.09099472399842759,0.8575944622666689,-0.5062130959329212,2.634159630052592
1,0.00960835923046836,-0.012312734300459401,-0.20999998586738328,0.8294313366820945,0.37302858575933096,-0.4158044395339564,4.732701641363483
1,-0.004253232196830931,0.000826287884371383,-0.20999998447264523,-0.24059065446672065,-0.7926719879130558,-0.5601671684071101,3.5275969688600015
1,0.002334414561172681,-0.0035248964042400143,-0.0030000000340376803,0.4425676820201513,0.6229879615521242,0.6449960050980468,5.418528418218198
2,-0.02718398274642977,0.012961100462757039,-0.050965719779486496,0.27600475322797685,0.2774385451503423,0.9202441142764376,8.43822841313125
2,-0.022056706680233282,0.015948849123914477,-0.002500000001885442,0.04206808313372246,0.32274315978124873,0.9455512303391438,18.3315903171409
2,-0.025203895202782316,0.012014045237904804,-0.0030000027521164224,0.18838888842956386,0.342979291575162,0.9202580248315541,2.8694667967285348
2,-0.024369547866501275,0.009968866202842007,-0.0028574116584357606,-0.909812399363062,-0.10873222732936637,0.4005230339259195,19.061550285546232
2,-0.02203870664898206,0.02277340654862553,-0.08966657302873517,-0.7892506954138302,-0.2390017500960652,0.5656513972755689,7.712389660548183
2,-0.02502331067735861,0.010968841002927035,-0.0030000006045461146,-0.23427352937808507,-0.26212730749714025,0.9361651500120236,11.645681050925637
2,-0.010186159624861394,0.00021832743593984584,-0.20999998523747282,0.28100065109612893,-0.42494266379169393,-0.8605012298498887,4.925204695516388
2,-0.018822270999488286,0.009708325858455776,-0.0018816865307135933,0.6175506950212868,-0.7488876865087201,0.240412919940552,4.638267882844256
2,-0.025530672468857304,0.005742421782668756,-0.20999998546248044,0.5961683649044353,0.4562889473092586,-0.6605934281012645,9.094037358624455
2,-0.024304778409998437,0.010898073767376833,-0.0025000033203852806,-0.7826992576921794,-0.25941535979876684,0.5657610300370532,3.048851038012901
2,0.018102251785966573,0.006646226279593883,-0.20999998408043846,-0.4075675247381517,0.7457468803615709,-0.5270202113864336,3.3474283651325183
2,-0.02333497466239851,0.015712455913045972,-0.003000000020844773,0.6682893289232549,0.35750065562636246,0.6523669627395511,10.793130659455295
2,-0.033824031372447536,0.03970874856693472,-0.20999998522562194,0.22451049175911475,-0.8942370147913935,-0.38721466974671437,9.636548457249067
2,-0.04488024547276313,0.05136287673572805,-0.20999998472678902,-0.07644735258518923,-0.08746905963411498,-0.9932295635397888,4.79068940599116
2,-0.03246148107316095,0.016475768628701454,-0.20999998441121506,-0.2538598486393446,0.47768326794463506,-0.8410552138679974,3.1492032547862534
2,-0.025030474574851882,0.011237544960250886,-0.0030000006068303525,-0.6108053212127356,-0.4841245043390885,0.6265303854376408,5.466567284981414
2,-0.00028008639685239364,-0.014385767251909423,-0.2099999859813194,-0.1650285227366771,0.5738290493816116,-0.8021756720127743,3.785064299300941
2,-0.02040874913091685,0.008150353738296694,-0.0030000001998952263,-0.013383354383873213,-0.40056810111986146,0.9161692432027306,8.016712140566153
2,-0.004474491249753328,-0.0012343375275175024,-0.2099999856825942,-0.5464518015236194,-0.5122461899068315,-0.6625664265094675,4.115649652440161
2,-0.016181323063804022,-0.008720877662236672,-0.20999998594516156,-0.3763221454325087,-0.5481959655054227,-0.7469021530700329,4.52701042921986
2,-0.023779768409139264,0.00924809748985743,-0.002975828885809905,-0.8661008432380491,-0.30121777346664647,-0.3989200199164445,10.402415693041712
2,-0.024377472469183113,0.009981305408807475,-0.0028830062364652883,-0.8928217793554049,-0.23523648772352165,-0.3841003321427234,22.200154390467574
2,-0.025004472253841593,0.010727297353638976,-0.003000000050708999,0.19344371907475438,-0.11880539493252804,0.9738915779928758,15.010328053254751
2,-0.01066011138448515,0.008015867351125082,-0.08005706176778457,0.8547634897947896,-0.12182528850719648,0.5045175671807387,3.8586414552089487
2,-0.023841676203633887,0.015187561625522292,-0.0030000015659676807,-0.06278433138663798,0.6367140977986638,0.7685397097071606,13.967798741991425
2,-0.030895715848725698,-0.003023625981134612,-0.20999998465049802,-0.48908397118790947,0.03564601876477677,-0.8715080208886692,3.613414809907345
2,-0.04841781007285622,0.01609468506054502,-0.0845564152748757,-0.16297295773486903,0.8687421377656894,0.4676824917798921,7.259248972652935
2,-0.015066665645461032,0.026244670248656836,-0.20999998565565392,-0.5030300149708621,-0.7314098451769313,-0.4604350577624078,4.132754949089671
2,0.00349955210478169,-0.0024409327362523324,-0.20999998462747496,-0.49223968702788706,-0.4738826434832511,-0.7301611676335669,3.788862304174958
2,-0.021360067402015563,0.007748907100897971,-0.0030000005534508933,-0.4084982061513939,0.2458540142638119,0.8790250390298692,4.245515971090642
2,-0.015787108423811452,0.007827760839557437,-0.20999998568626438,0.015442182058219778,-0.3598340043952056,-0.9328885401237341,5.495818338161973
2,-0.0033703919710824947,0.002892110710129599,-0.20999998564349748,-0.34642330239851793,0.7190845663210538,-0.6024186932974166,5.6766486001842855
2,-0.006240239066755879,0.032749129034933586,-0.20999998565223854,-0.014210625124760153,0.6131283423104071,-0.7898554893075418,4.011563031693554
2,-0.021877499849760694,0.008221797582751714,-0.002792391704122178,-0.31234627154538464,-0.9376495707766468,0.15248963595624027,9.894959364504983
2,-0.01837268932273551,-0.00028808290982929485,-0.20999998594466912,-0.5666451277589354,0.34388125411622694,-0.7487716489387876,6.130102249594884
2,-0.024033803498758957,0.009507084298592249,-0.0030000021368424157,-0.5670205181773279,0.043483295668707005,0.822555125790182,22.90698768849306
2,-0.015765211263201108,-0.02795687108168283,-0.20999998502256745,0.40547830302175697,0.8040077301883697,-0.43492403425879095,4.105806744865037
2,-0.03680902975621993,-0.0065840266405385595,-0.20999998597614578,-0.07847250968380551,-0.1075257087022283,-0.991100543432405,3.2086969916426127
2,-0.012245933573064352,0.03348537236830143,-0.2099999855813944,-0.20848504351532246,0.4382603712001581,-0.874335080884848,3.5864577214326165
2,-0.04328704183431943,0.028326645771069657,-0.20999998499908173,-0.2246569317449899,0.1088189063731323,-0.9683427640224725,3.613323864087965
2,-0.02181450793731974,0.016040548075429355,-0.0028813651012907088,0.5574736800156544,0.8199635356973753,0.1299341995644825,26.327278782197787
2,-0.013092902804817716,0.020845087504252423,-0.20999998417899962,0.6880369694105714,-0.3005237839285256,-0.6605229625210601,2.7895946733676054
2,0.004139221424581554,0.020703208819225837,-0.2099999852596605,-0.6073679833379374,-0.5591561239457337,-0.5643124682921601,4.7390291508064735
2,-0.016239718658555218,0.013506211388388213,-0.0030000000689429556,0.10246172545144815,0.9033017622490324,0.41659035170693126,9.665277299560508
2,-0.02311762799429913,0.01611189189724132,-0.0030000001419113694,-0.16155202491697918,-0.24719041577317968,0.9554045434239395,6.17116204370064
2,-0.014356073110198736,0.011093804661754317,-0.0030000004211511626,0.3989156007072044,-0.33118211700478656,0.8550934152995444,1.1903973982730587
2,-0.00042645811952150294,0.0226649313204285,-0.20999998597687214,-0.5342110601958392,0.1816650493994739,-0.8256006013752196,3.874050889031731
2,-0.023071435091053465,0.013470383072550347,-0.010162320645838283,0.9621139653518442,0.16671069512083708,-0.21574119172582043,7.814870369910633
2,-0.027903697262172455,0.010916856600680883,-0.20999998593548302,-0.7811141688576585,-0.30128360990431896,-0.5468901549788872,3.3191110798311
2,-0.008610052596034206,0.018730736457371944,-0.20999998554173116,0.7411054341194908,-0.007470161323452368,-0.6713471026290068,2.0625340296077734
2,-0.024384438050073814,-0.004778050828155179,-0.10524991740775792,0.6516140046472079,0.6900845994445786,0.31493242855737197,4.163487589558773
2,-0.022958152966258888,-0.012663447577037752,-0.20999998550755372,-0.40258798082524955,-0.7386901995978197,-0.5406104944534295,3.187491048295787
2,-0.05433693905203629,0.02840600677658097,-0.20999998470496511,-0.4382165009706872,0.37777117433459767,-0.8156318030330028,5.298254667121923
2,-0.0405303704454737,-0.006850916801364392,-0.20999998421844618,0.240069779111368,-0.5023197954311311,-0.83068726021015,3.8407310461838193
2,-0.018216900953501515,0.012442064152379332,-0.20999998487012445,0.6201853999180064,-0.2812606282925703,-0.7322994801998779,6.7777235523542645
2,-0.02958934918885276,0.019672869138254882,-0.20999998393683328,0.1608786845224259,0.6940482710353997,-0.7017229127932949,3.952832748126375
2,-0.00724728346349507,0.023646135571973013,-0.20999998517014892,-0.9078529979165089,0.04879672968588675,-0.41643944739417993,2.5675545231492496
2,-0.03566582889441125,0.018412793749288708,-0.2099999847127722,0.16417301060719133,0.09285373610016388,-0.9820516311683476,3.943746530399421
2,-0.025420777015505144,0.01085714984803951,-0.003000001617937579,-0.7789726404906282,-0.025097562034117952,0.6265554546462762,5.357820323657069
2,-0.02466753719404375,0.010330113464666644,-0.0030000016391248637,-0.33643020076816327,0.6568178252701716,0.6748370650893855,11.476453024228022
2,-0.02714687000869944,0.013046662084003471,-0.0030000007820850825,-0.39188439383312257,-0.6412143928997839,0.6597505014838622,1.1859403551311387
2,-0.03121979489091135,-0.014540636525578136,-0.20999998471212583,0.4065226746299718,-0.4594584827876218,-0.7897070454327926,4.954194056261655
2,0.0014858919790419478,-0.014638107950559701,-0.20999998523074445,-0.07778895249874467,0.3326044729817058,-0.9398527243253114,3.0810466606929143
2,-0.026228215789781288,0.012573047547749586,-0.0030000012909126715,0.5509166380717658,-0.5055683430326905,0.6639966177766894,2.4089389764033853
2,-0.024481331174236204,0.014094207836275916,-0.0029382366375544106,-0.3300842333263634,0.1584100430158914,0.930564698009252,19.10091444186646
2,-0.023098183000023715,0.01572462290656155,-0.003000002685785049,-0.26748519872535464,0.29884103431272774,0.9160489641246021,11.69942688098889
2,-0.02651068611913019,-0.01492554062569907,-0.20999998526542135,0.5143867640020976,-0.21732621155323584,-0.8295634844852856,4.357882581837265
2,-0.018979056179421756,-0.007965073041552941,-0.20999998308997525,0.3649692391051539,0.11147710740773235,-0.9243215398501812,4.8699624033228535
2,-0.021709975736615345,0.03022445580737053,-0.20999998595945332,0.289118714673953,0.3747253082770292,-0.8809036906279635,3.448946936667718
2,-0.021452718922414113,0.008679320512596005,-0.002436663183656371,-0.3632202569526045,-0.808074264636443,-0.46377475973963433,6.8658939012053075
2,0.0015768600767989507,0.005225571676380952,-0.1413593282675569,0.928582505674381,-0.1714338091145847,-0.32915798524105694,4.914563938787772
2,-0.01578047075534412,-0.01115650978303223,-0.20999998563763828,0.762011013517234,0.22714037773305462,-0.6064210287265133,5.199856851846486
2,-0.02135827978264706,0.007381509320274714,-0.0030000019747498784,0.09309154256602833,-0.35470313049317276,0.9303330876202459,8.97361235376375
2,-0.022060987691208907,0.008267642504648568,-0.002861003540064422,0.5354226683792612,-0.7233539237951543,0.4359835628963389,16.17231591209642
2,-0.019338037267271284,0.007459209965171396,-0.20999998436390133,-0.31719855838988675,-0.44993292286816833,-0.834832581704071,5.60591793703869
2,-0.018120992095250983,0.00839235308318442,-0.003000000572319414,0.4357768386099544,-0.22208540687740883,0.8722250965107627,6.675286503569894
2,-0.04954098765479813,0.020539867932080895,-0.16436843929506975,0.6375651263477888,-0.5454636816710835,0.5440405147072733,4.152202316807809
2,-0.0227642628557714,0.009255077323354545,-0.0021709761611004193,0.09440825574345486,-0.3784995825654806,0.9207742107841829,14.989483264961978
2,-0.022452657545939253,-0.017077487029454767,-0.20999998558384905,0.32285892516369746,-0.7445318342502538,-0.5843239360406985,7.636911871640795
2,-0.03644644765351822,0.0009449386837149299,-0.20999998568794376,0.4262479681267535,-0.37095791144588064,-0.8250472093180632,2.3167655981889097
2,-0.008523191535268643,0.007520182466620539,-0.20999998496322164,0.6349820013263564,-0.18077835875634057,-0.7510772550123846,2.9981829208122948
2,-0.04484561727828042,0.011051957935963346,-0.20999998494437794,0.4653492816754896,0.3399768154418864,-0.81723057395456,3.590898660690417
2,-0.04341425850971051,0.0134528210306682,-0.20999998576442785,-0.013934566514778531,0.9543871267041153,-0.298246609766998,2.9851223155970854
2,-0.02296628563262683,0.00392450129198876,-0.20999998579475868,0.38609401246058594,0.07638219019395193,-0.9192916700173348,4.042438077798603
2,-0.006330230208115342,-0.00013933828789203676,-0.2099999848454312,-0.40639989900620654,-0.18768755382349941,-0.8942105480408382,3.650261837766023
2,-0.04937362273897923,0.002404306121768022,-0.20999998593844094,-0.2467306776274998,0.24841568873403297,-0.9367035914889356,6.76918506083201
2,-0.020951453773794756,0.011952575697853473,-0.0020439597894665765,0.675893229567996,-0.10775674239984984,0.7290794378471502,7.764839119893633
2,-0.021531197470484605,0.008159788546494158,-0.002762299874572104,-0.05899298387080153,-0.8706587162344344,0.48833720695747324,6.822822913823652
2,-0.02321440782458696,0.008793232665178521,-0.00297968839044666,0.03567313123892174,-0.5728677338650485,0.8188711664260345,10.720435200848927
2,-0.028637481395120165,0.0011554824755361686,-0.05178327644572425,0.514962194522288,-0.37096375925181274,0.7727870518678169,7.608534696911492
2,-0.02222641826518828,0.007987527804241265,-0.0030000011462380308,-0.15937548378949107,0.5874185611449243,0.7934348676415051,5.86157995174409
2,-0.021379301800123898,0.016425861101519838,-0.0030000000124742873,-0.8443068169377003,0.13445850335287596,0.5187165986823951,15.26993965223886
2,-0.019822929122573482,0.016071057796851845,-0.01268507048074012,0.1776147764532376,0.05497702457456685,-0.9825632386540796,8.20455101585616
2,-0.024209028551395208,-0.016966376518872978,-0.20999998585841806,-0.7859271724245123,0.165707973008819,-0.5957007195950996,3.864238108944741
2,-0.025997483637530346,-0.0024180732040792654,-0.2099999845189024,-0.4342091466501477,0.21364634095760707,-0.8751100833385342,3.402049835979663
2,-0.041333526483189734,0.04137625236833282,-0.20999998568599393,0.09958000276204632,-0.6834291897944497,-0.7231931730781292,2.790753885505522
2,-0.03502087244843587,-0.008423419161291953,-0.20999998544486892,-0.5444605506534024,-0.4693344558643728,-0.6951890946502881,3.227859332541244
2,-0.017675555882188,0.012202366572766792,-0.03291748521431942,-0.14503104937738892,-0.5822115211523211,-0.7999973370918144,4.277923723239952
2,-0.023318509056476297,0.015383873899736555,-0.0028515594270258474,0.008999229634685135,0.9623353850056114,-0.2717160662016199,9.246551812433898
2,-0.02143570594455689,0.016100553623698888,-0.0028892040300038816,-0.12083012812158715,0.9906878116690918,-0.06275141391576083,16.43263274284839
2,-0.022115765256574164,0.015965580990737575,-0.002902507619536771,-0.005400325063356304,0.9841893707651826,0.17703705533600483,6.795562515981409
2,-0.020649396970874676,0.017222061099048273,-0.003000000675348982,0.11246012347284379,-0.9384154889196205,0.32669418541538564,9.414184657835351
2,-0.0048786221869327965,0.023883976585883232,-0.20999998597738354,-0.7473682946462067,0.44950986702195117,-0.4892662992763028,2.1534656594493597
2,-0.027669940222763163,-0.017036860463453984,-0.20999998428713404,-0.020528166875019325,0.6553478027799962,-0.755048244654726,3.7702364515286977
2,-0.02127665888320511,0.02996784577439729,-0.20999998575767315,0.3417632930377581,0.21252616624117715,-0.9154400472968262,3.892425553582638
2,-0.005898441502308307,-0.0021648791989528375,-0.20999998594790822,-0.810166138179005,-0.4733129913832086,-0.34584048452429034,2.9260205173289187
2,-0.014659550824560646,-0.005071343353593107,-0.20999998418349108,-0.5844405305710466,-0.16181022164872985,-0.795139433304513,2.553820921065172
2,-0.018642925949835326,0.04591084211162448,-0.2099999842522285,0.012079320384568505,0.6119750247935088,-0.7907848373913293,3.5174350465595756
2,-0.0606156915642518,0.018176598882792574,-0.20999998514621737,0.2307218340290575,-0.31441290133874294,-0.920821352257875,3.5619686568853
2,-0.026262663557553842,0.004573612758241797,-0.20999998595340003,-0.4491683418659863,-0.6219413100314877,-0.641433400706322,4.772369146899041
2,-0.005799617461020992,0.0033264048033421183,-0.20999998549816265,0.2522371180492762,-0.17691554728398592,-0.9513555199857746,8.096990905921714
2,-0.028698981015084238,0.005311369570893401,-0.20999998513538776,0.6285579435291168,0.3616139815050564,-0.688585680947918,5.299971243837547
2,-0.027180541511080788,0.002239927723890663,-0.20999998540175244,0.0010417695572549316,-0.5393182815915214,-0.842101363172723,3.4321476865001244
2,-0.02245048242410615,-0.013432543867163586,-0.2099999845261516,-0.2717488678958069,-0.13625227221340888,-0.9526740634204494,3.649172588701142
2,-0.019356743511339723,0.010628797575687497,-0.20999998223181052,0.05268563848270709,-0.4178390004917957,-0.9069921681942392,3.3307954037675773
2,-0.018155796275089654,0.013943189305092911,-0.20999998556116195,0.029083127826102197,-0.7357458469398437,-0.6766330027323697,3.5288163884412587
2,-0.023056892315168658,-0.008647560668446255,-0.20999998556772576,0.21018963069117524,-0.44624903998911086,-0.8698747688367015,2.2946678110763514
2,0.008409880087557522,0.028412653160238444,-0.17384586178129846,0.2995214571093198,-0.9284065135194496,0.2198823375939275,6.470091612068553
2,-0.025249262437895964,0.030295882217566423,-0.2099999859564034,-0.9289400582614241,0.2245958756308042,-0.2943247539825589,6.788742401933366
2,-0.018640718808627874,0.04292683817407917,-0.20999998590314756,-0.12470910379211404,0.36368938058785544,-0.9231346997480866,3.193405772606686
2,-0.024919562509024502,0.013378216167276274,-0.0030000006334973206,-0.5161936494901269,-0.3010662071480461,0.8018124812819725,16.17367428372222
2,-0.0016679731104587943,0.013272770572000882,-0.0984062446924351,-0.7689599508737327,0.6227453758847522,-0.1445295498035804,4.1876039096190745
2,-0.024995587742851298,0.011320748426948447,-0.0030000000631927723,-0.3719929532597749,-0.47603439786121376,0.7968767124078746,8.556259150216757
2,-0.019604595775175447,0.007024561112115425,-0.003000002579133699,0.2811617145753584,-0.5091367382379285,0.813466577084448,3.595711064666383
2,-0.024988832433611545,0.012986612440257814,-0.003000000442496456,-0.8102192421888169,-0.38659242200766025,0.44055769069808653,9.424185030043775
2,-0.025104683470183117,0.011930419655695301,-0.003000000820950111,-0.7769728766365851,0.43417048635858263,0.4558608754282624,8.876004826284046
2,-0.0253378630632412,0.046264334842891525,-0.20999998537175574,-0.16804930368059862,-0.4442662843852813,-0.8799925568383873,3.570913376608653
2,0.016112350911964637,0.008347731286434505,-0.2099999853662914,0.0698935763888919,-0.620715865342909,-0.7809140173483722,3.0197475084489063
2,-0.004535728423488726,0.01492392661031642,-0.20999998558913702,0.329051190867777,0.16896575264190553,-0.9290725957763754,4.082416511020019
2,-0.023611676091063117,0.015271437498647204,-0.0030000005072161598,-0.10457762620059868,0.5938212187442867,0.797771822181818,4.619913004083888
2,-0.029299144283101673,-0.01482429394687021,-0.20999998597620284,0.00045756773256808045,-0.8776215727618025,-0.4793539043909727,4.078358432963783
2,-0.043873367368451696,0.020318695908325697,-0.20999998537982625,-0.4716012172408663,-0.047451584494009054,-0.8805342917944429,2.878227629670897
2,-0.02371613867639056,0.015060777325598382,-0.0029605829458634264,-0.6596229286174065,0.7417384446225745,0.12133289665659591,10.241427586461821
2,-0.025411415522846356,-0.006342746791162215,-0.2099999855480189,0.4962946313056852,-0.20509708316051303,-0.843579768259175,4.747599604386505
2,-0.03921023206874492,0.009819085266131958,-0.10214397131313031,-0.9469122028636754,0.27274825472889624,0.1701930363152459,3.8138587673108453
2,-0.020863091878001443,0.00863919302705966,-0.0024695689661387945,-0.43077129766069233,-0.865995549294053,-0.25394447762181105,18.390922182205486
2,-0.020100929103731485,0.00822670738185868,-0.0026537712369916052,-0.6249762324003985,-0.7217445786918506,-0.29747180045094423,14.47936960549427
2,-0.009842677775582533,0.029209681786988996,-0.20999998392208147,0.2760054790272462,0.32505699793047876,-0.9045213782124583,3.168657653912704
2,-0.03413418947361189,0.02905389056396569,-0.11506017202683198,0.9442328822366339,0.3280400864628094,-0.028530085463795235,3.703037571355005
2,-0.02133351076260535,0.007482226715378416,-0.003000001356406971,-0.23108857433380042,-0.41639174758980413,0.8793270059263963,5.114679801127972
2,-0.018596134099259955,0.008927262412104698,-0.0029249579808243702,-0.2688765677643048,-0.506222338763823,0.8194170702662792,12.252846075786227
2,-0.02238978310308937,0.002994026164546383,-0.2099999859114563,-0.19929208524249484,0.6954918902287857,-0.690343172187347,4.021986201982406
2,-0.047906830709577394,0.0010973145183550098,-0.20999998589772761,-0.6107028635987043,-0.765815312147167,-0.20141727848742186,3.083171023124524
2,-0.018968591428023623,0.007737692877511077,-0.0030000019586140215,-0.32983499252793225,-0.3726345734051194,0.8673824718123393,4.67916061807969
2,-0.01700142685367793,0.012017629298837245,-0.0029916803085065008,0.3690530519688367,-0.9219122446656072,-0.11780347179989431,13.532696367898655
2,-0.024653575664706825,-0.02617753018751549,-0.20999998586475827,-0.29382954250674476,-0.23068391482918837,-0.9276039733578962,2.1637705182835294
2,-0.01455766117812917,0.009179720859508553,-0.20999998495760638,0.6255803410178281,-0.24171778138040514,-0.7417693382019458,3.690798372805618
2,-0.017048808338476416,0.012747274743538796,-0.0028257675301829217,0.868817412267977,-0.4121693543166208,0.2743587569263938,12.190068968462231
2,-0.02108177511633351,0.002453170223886689,-0.2099999858345597,-0.3785486903268575,0.4797689861867381,-0.7915318117076349,3.6671608623621195
2,-0.011557989719072528,0.006292923344893367,-0.1970768551849555,-0.7405740937249751,-0.6248771224767734,0.2471408373955616,8.77425619864144
2,-0.056709451763967855,0.026163848996806453,-0.20999998587593507,0.039071462128419346,-0.0687713601789499,-0.9968670527539193,3.1094551310846144
2,-0.025034431145314513,0.009220158632753168,-0.0030000002823492708,-0.6638049429591575,0.0551669171545566,0.7458683589981894,4.2291447839310905
2,-0.017573947130077584,0.010680327536714761,-0.1875226512397181,-0.10913848101169743,-0.2714436844850373,0.9562463689424637,6.885629312354262
2,-0.03203248334051754,-0.0030607805396374466,-0.20999998595283687,-0.7588053171123732,-0.37687169569294177,-0.5312082602026418,2.701073548484889
2,-0.005697940064536181,0.009409922990012653,-0.20999998580272947,-0.44058556120476106,0.6738716606888521,-0.5931115815580864,4.58920421971937
2,-0.021537825041701115,0.008160684833269198,-0.0027864664805978753,-0.37554227704113613,-0.9261243554456322,0.0355200845321499,2.9159248134434765
2,-0.023309996189731823,0.00863071380375141,-0.003000000391617027,0.08587850764678412,-0.9034435456583202,0.42001743027246374,7.7159606336915205
2,-0.012068772926270448,0.01619470679693588,-0.2099999856945728,0.8105089699453893,0.43719972570550686,-0.3897840549343875,6.712695312541529
2,-0.024296309599509992,0.009858453113224922,-0.0027545536826419754,-0.13825391898622078,-0.9707673488454434,-0.19620552566260915,21.387079024944125
2,-0.026254825500393777,0.035913763447955084,-0.2099999859903487,-0.04193039557885011,0.058950363224073085,-0.9973799158807799,4.953329957866917
2,-0.020316558211531183,0.03544681555882062,-0.20999998597779043,-0.6229738493356684,0.6500206919375789,-0.4351743134617334,3.742087769317223
2,-0.01521341014214102,-0.006082237291505987,-0.20999998567878111,-0.16813722046971846,-0.6508763743984505,-0.740330885714385,3.871265715191818
2,-0.022913482209951416,0.015636979702447245,-0.002848209288393022,0.06017178744824038,0.8320968772368521,0.5513566385634281,16.545245427087107
2,-0.023268600382071524,0.015418806879561679,-0.0028563943827704715,-0.2087256557279267,0.8919566272497959,-0.4010573222696675,9.251715938398632
2,-0.022100031090861276,0.015987686234671054,-0.0030000001455363495,-0.0732087452667929,0.7671484031491156,0.6372784377038218,14.47775564545979
2,-0.019642639547965895,0.005589657649155895,-0.0030000028898837603,0.29536579221711734,-0.5096213501246996,0.8081120765618054,2.847457535430513
2,-0.05468375550158626,0.018821685827610422,-0.20999998574088696,-0.23495573734605757,-0.6116117574697622,-0.7554646647017447,4.5211789718878475
2,-0.025303353864052226,0.010171697434339134,-0.003000001016395564,-0.6281583217896958,-0.0984227537534498,0.77183552931304,8.058210082080361
2,-0.024843869636295018,0.009891473673639507,-0.003000000810586525,-0.4480251799080563,-0.015336175549486254,0.893889389067724,6.122920463306615
2,-0.01701333529471139,0.040865547080209313,-0.20999998418985588,-0.11179674664540182,-0.12927206853933723,-0.9852868717967698,4.780092643291421
2,-0.026021214848349333,0.011302163515682709,-0.17403388368045,-0.15454605924332843,0.38941794398641594,-0.908002852679302,7.3194720379369445
2,-0.019915050067402133,0.0069646364021832465,-0.0030000012049755725,-0.6527526047361527,-0.022186561901883634,0.7572461908000209,3.038681931918564
2,-0.013566530205679604,0.011475804551667171,-0.20999998430061495,-0.16230062895075678,-0.031058097895781758,-0.9862524526698448,3.246377432071498
2,-0.03181798047867305,0.017361743883466448,-0.20999998595328317,0.21865599261982138,-0.029239297010305927,-0.9753638400113999,4.929034639223128
2,-0.02320206060328496,0.0372546277256819,-0.20999998540853315,0.2791901344822072,0.12048319153497263,-0.9526471903938803,4.0533677477649475
2,-0.03158622776506613,0.011551069299509342,-0.20999998596275488,0.4545117508909279,-0.5312910555012947,-0.7149467690998984,3.505891024862411
2,-0.0043165832227862275,-0.006938849617538634,-0.20999998518597493,0.5105949633461159,-0.5399945350072866,-0.6691028960988309,2.2095967349224424
2,-0.0360780223721769,0.01332884277729023,-0.0635431011798825,-0.27199485564099973,-0.7930557546200593,-0.5450517118300244,4.326400204863642
2,-0.019412645313572806,0.0244355584784069,-0.2099999847136106,-0.0878203166987409,0.40248234462538945,-0.9112055499390805,3.031608774056208
2,-0.02801113739993781,-0.015223987940063164,-0.20999998463954164,0.0727253606816558,-0.29830727196574647,-0.9516952208591136,2.56520356506934
2,-0.021284717870736887,0.0030751788019142486,-0.1458346136853147,-0.10688195630722341,-0.16407821519767857,-0.9806398863565995,4.200732489774927
2,-0.04220073822104864,0.00031562716077749794,-0.20999998574586198,-0.6208975767370601,0.7360179715861223,-0.2697475573648386,5.633284917529153
2,-0.011905830945752153,0.004421580012785464,-0.2099999859537769,-0.41857063363624397,-0.06173150875109767,-0.9060837960611957,3.906190934522479
2,-0.02258392151908499,0.006987847290860183,-0.003000000834037163,0.2700334629188763,0.5879875672525128,0.7624647858494918,3.109621423856757
2,-0.026479603621281822,0.007965927772388246,-0.029823226378945866,0.8034092751534229,0.4731245192685978,-0.3615061906306861,4.059965403306116
2,-0.021842932009769514,0.03846462637638214,-0.2099999839178444,0.3864291998846262,-0.05688894483974408,-0.9205629372463068,3.678970707287245
2,-0.014815036633257284,-0.000287349235523937,-0.0765773415573713,-0.5331885781779676,0.2627715713123919,-0.8041523744978771,7.515640657234541
2,0.0007018131674475644,0.002548670504804846,-0.2099999851913161,0.6446954546041556,-0.06453553583777186,-0.7617105325692122,4.740024834145163
2,-0.02495495808669477,0.012722892098967407,-0.002994220705797162,-0.49382732949612285,-0.36232262120462544,-0.7904788971289095,12.625062077536452
2,-0.024982787843175168,0.011454645733345127,-0.003000000022688713,0.07457984738848054,-0.4159037057834771,0.9063453833275051,4.0700946183767
2,-0.02857692266873392,0.020191215333235115,-0.20999998444630438,0.18416404120275345,-0.3904379142046811,-0.9020209759641782,4.129215791744408
2,-0.018764692546402104,-0.011088557718446098,-0.2099999856485721,0.2400966287597631,0.18262172660537165,-0.9534164430246993,5.544041314809896
2,-0.024914950192460178,0.012944818599494515,-0.00260190243734819,-0.779748566227244,-0.6260036395436578,-0.010564882614195411,9.689803924911676
2,-0.02570366452226293,0.01094452112757412,-0.003000000644748381,0.7854178813746201,0.18480058988223053,0.5907347066121841,3.753937980252428
2,-0.03660121567988468,0.03422782861049061,-0.20999998586139496,0.52050197176004,-0.8270902689377815,-0.21213058342053948,2.8665745693713442
2,-0.004159280705512459,0.009811342593338353,-0.20999998594597744,-0.3428529886795112,0.8346058202550354,-0.43114377294580825,5.839570397865309
2,-0.019685827733993272,0.015902302968217465,-0.0027006953517423925,-0.6203440978662585,0.7415562553352598,0.2554750876614879,15.577771544774455
2,-0.011201144713247983,-0.013167296804573085,-0.20999998520366864,-0.6074267716922365,0.7132184161565635,-0.34978880469030293,2.0230712649626774
2,-0.03474162432088754,0.025933156487963682,-0.20999998545205903,-0.09817364333722618,-0.3123930685739181,-0.9448663960904029,1.9528978406683843
2,-0.05781824298625534,0.012404149443753353,-0.2099999850085253,0.05737442955627847,0.460448145156486,-0.8858305032313138,3.9995659048669747
2,-0.023584753362307018,0.015216263404538449,-0.0030000010958297057,-0.10647848383797959,0.42813995483186296,0.8974176906859679,5.386650631773647
2,-0.024508058384098513,0.0029702531698919026,-0.04449703731338073,-0.5823128294088311,-0.810834468766869,0.05881524432858104,4.344918889099525
2,-0.02098999504825965,0.0085953337202289,-0.0025000001112405797,0.32465120602152125,0.20937597634689262,0.9223683076502343,11.545831051196283
2,-0.021426265480592836,0.008098717272122474,-0.0030000004720611424,0.5377227166307273,-0.18718613767838096,0.8220800629381062,4.880592116472425
2,-0.020558374162494508,0.007984954765335214,-0.0030000002601068805,-0.5078516197393024,-0.4608574260118562,0.7278029714269469,4.5021998381238575
2,-0.01995540010389424,0.007889374860077188,-0.003000000051967595,0.8762720695661773,-0.34459237908677587,0.3367541423257093,8.242096458681983
2,-0.021736840775643584,0.007547593024404576,-0.003000000500176943,-0.25571697120201753,-0.42729840855349444,0.8671936927162914,4.730391371671119
2,-0.018233897679778184,0.009234951356182443,-0.002975612883042642,0.7741583454770785,-0.6175690005606819,-0.13887903252353262,2.935384423262391
2,-0.020889610467351577,0.008124112297715012,-0.0030000025461328003,0.07572620017842668,-0.22901557680169182,0.9704727756040996,16.402789482404305
2,-0.017224945921943884,0.010801891333549307,-0.0028476031594851818,0.47887306683178155,-0.6565494828232863,-0.5827721359739151,9.102196776855367
2,-0.015648816903917367,0.011405539383746343,-0.0030000017117068935,-0.12829564558068934,-0.8565750389245372,0.4998193973991619,9.24003305997965
2,-0.02072254489956502,0.021490906960658418,-0.1916002060754254,-0.12688806604034614,0.5666048901138846,-0.8141611125542497,4.196105722475782
2,-0.014109761357659303,0.010041040023607055,-0.134864838206392,-0.13068987916238675,0.23063503460749651,-0.9642238517564891,4.841882161086829
2,-0.0245671280745901,0.009263572725221367,-0.0030000000207814985,0.5379425477606223,0.512603814787889,0.6692198027357782,2.8461490400975578
2,-0.045788908661152844,-0.025969857292075377,-0.20999998458278052,0.22313714597758094,0.6542935223261074,-0.7225716578492929,3.0241202334709305
2,-0.03624342350718535,0.02459286879797619,-0.2099999848325491,-0.6152987452302984,-0.2812733071456767,-0.7364053101420129,3.778819161519567
2,-0.023814220348393,0.01679144761603566,-0.0030000016110671773,-0.8503801966067677,-0.09001048010113713,0.5184126104667955,1.8944554995994416
2,-0.010378994023559567,0.056100812662236564,-0.20999998565491307,0.5590008115417865,-0.5518980266627085,-0.6188106825689361,6.230092445806573
2,-0.022378499450279008,0.015330410669714526,-0.002474660101218229,-0.5565747962031498,0.5859902753630208,-0.5889311448814643,6.30628002784823
2,-0.019444972228063493,0.008413730247121361,-0.003000000729222283,-0.1457882691414856,-0.3707662463550862,0.9172121734606935,8.566326646716677
2,-0.07476843841708004,0.004574434365548333,-0.20999998479082618,-0.18183724392018186,0.12406944138614764,-0.9754701381578227,3.961232279422968
2,-0.022387103124913196,0.008272753260666003,-0.003000000189769402,0.9507623195721889,-0.23365928727312588,0.20360341144667934,10.908124111153384
2,-0.019246555631961065,0.008529168234860664,-0.002791968225536564,-0.49833142054269397,-0.5522786783624534,0.6683218212254651,10.188780826546207
2,-0.00825854313766813,0.015237211944682123,-0.20999998534264702,-0.09366983996150437,-0.7464790744641845,-0.6587829327393666,3.2457920827858278
2,-0.03299495820114578,-0.0049332634545684595,-0.20999998529846928,0.47555400411749915,-0.2554089855966525,-0.8417925155549332,3.357460781588076
2,-0.025216983471433613,0.018923014528784213,-0.2099999856594507,0.7563066149446921,0.05601994867752366,-0.6518144441028205,4.866445318660131
2,-0.022600574976863158,-0.0014550228391516198,-0.16328062398644702,0.12333900346821386,0.3462998880651086,0.9299805792324704,7.566815481704729
2,-0.024391542781273708,0.014788979385411388,-0.20999998323947094,-0.1534808873003659,0.3111796167310681,-0.9378757185067743,4.324043645102987
2,-0.043232871510469804,0.012773043438300106,-0.20999998255664623,-0.07639024591007852,0.04675144499727085,-0.9959813415523728,5.278805450949932
2,0.005347334475701177,0.0402394705018925,-0.20999998582408952,0.294190722561267,0.5308371942454926,-0.7947727297564084,4.064846608650592
2,-0.025055619225984,0.012374153817787892,-0.0030000001964740767,0.8008714669103049,-0.48367302922399186,0.35307972795138454,4.0815573165055765
2,-0.01915763508076783,0.007028367756680915,-0.20999998464805852,0.09057728687193527,0.697429413394839,-0.7109064414074819,2.6599295611649385
2,-0.020079183993918726,0.0077678560457270516,-0.0030000017804392423,-0.18346226435701143,-0.69399444087256,0.6962135545900993,10.858245188955554
2,-0.025113809737453405,0.011937301957480256,-0.00300000238340365,0.48083388493579604,0.2377779376862653,0.8439552283428408,12.069102958332756
2,-0.02277336213582291,0.023565408037786277,-0.20999998529306324,0.8777701868564004,0.03832072726267988,-0.4775468782519046,4.11306305703867
2,-0.025035030763143076,0.010039947853372751,-0.0030000006003764205,-0.01873069533106132,0.7919343051055043,0.6103189473131871,5.893443007903093
2,-0.024866241186621056,0.013150090079412327,-0.00297267137617318,-0.9714616574959771,-0.20003734265301876,0.1274649346270857,17.66401329530782
2,-0.0373183591045083,0.006920365230770692,-0.20999998473644493,0.16531432487140799,0.24952877913245777,-0.9541522742083549,4.1830728511571955
2,-0.01828562632392918,0.030834325514659304,-0.20999998408618153,-0.34219541654705155,0.41141516889731294,-0.8447720732217567,3.483477095015608
2,-0.021543675608398767,0.008161481540717982,-0.002933632214308445,-0.5569744942541793,-0.8274476017559567,0.07148341834731321,17.178872765136724
2,-0.020100445120226344,0.008178472771821214,-0.003000000714795866,-0.0036596016008814867,0.18853117679644676,0.9820603864792992,7.458914757423302
2,-0.0290324493242396,0.008530954817654026,-0.20999998390908287,0.29195455268560716,0.18139749754830523,-0.9390726739977902,5.032863884706915
2,-0.039405255411038495,0.005896062314950977,-0.20999998595821334,-0.35023151547730663,-0.4571198958276305,-0.8175446693637024,3.016873881197848
2,-0.016896184504995457,0.01171940369383086,-0.0030000007572254833,0.5362969755729473,-0.5231028362494524,0.6623812925340572,13.424976935105418
2,-0.012035052358774247,-0.017189250820869265,-0.2099999859646501,-0.3805433250413371,-0.3079398162828611,-0.8719861508729144,3.0255408742370635
2,-0.01976980785473033,0.012704119149785415,-0.005652532527319346,-0.30738171294416694,0.9468732111890295,0.09459177807867553,8.20650112452432
2,-0.013608606407433506,0.020952302341578376,-0.2099999834188012,0.4101950929702424,-0.0959664750187686,-0.9069346290530572,3.1417307423836904
2,0.012781227138826755,0.013471036370932851,-0.2099999839051283,-0.5038350254246544,0.056006344730567016,-0.8619823411794806,5.593107456940582
2,-0.03555686412852284,0.022709317873472037,-0.209999985880039,-0.10132245824337108,0.3799958806694541,-0.9194220413552016,4.2097751215700665
2,-0.01033111681442509,0.008144636346039201,-0.01481902529303809,-0.8041135929539356,-0.43180819676044113,0.40858660139217606,4.480540408701236
2,-0.032335826623621944,0.040104268741132654,-0.20999998595056035,-0.3697917541971992,0.44206566801936165,-0.8172098896160971,3.759274158675513
2,-0.04594546444529959,0.004320443085949229,-0.20999998590407076,0.2532898191969832,0.3841375838724165,-0.8878527941882154,3.072923972521927
2,-0.01929149590695304,0.00850759893241632,-0.0027777246282045323,0.7728122782273872,-0.6155505078350924,-0.1544627946301481,8.940956401632189
2,-0.01862525299425183,0.012622078609526494,-0.007032124723070567,-0.0061291752213519235,0.689623746135631,-0.7241419211570096,8.228938791554059
2,-0.025004713677719857,0.011869501878207303,-0.0030000004758185634,-0.01273886630564295,0.9138860302108843,0.4057709268425197,3.065576194735188
2,-0.02508004492192904,0.01256847611753737,-0.0030000000230376083,0.2293925003905991,0.0031778655514904906,0.9733288149105039,10.45491471204443
2,-0.00398390755070673,0.025075185573259468,-0.20999998576557938,0.32159746431592945,0.40401431810081195,-0.856357111090403,2.861609500239547
2,-0.02582034662636412,0.008544877581726638,-0.0030000012147781844,-0.18000687881251617,-0.6827157573620061,0.7081643299614848,3.086870957723548
2,-0.02146844007480289,0.04204070647349409,-0.20999998598670394,0.625177473352364,0.2912145454672865,-0.724118232970995,3.967415855411272
2,-0.015015061259291218,0.0025865567728715908,-0.2099999857733938,0.769849960558021,-0.2936747987477334,-0.566644642442944,2.8383785393892866
2,-0.018254976426367253,0.03260737600784419,-0.20999998587799623,-0.7398996252527773,-0.2469211108479752,-0.625762342721581,3.3726698933721386
2,0.015516218549897879,0.021840110317492473,-0.20999998447051318,0.13876675838144092,-0.22385567915450444,-0.9646929157398132,3.406294625404931
2,0.001327702927521187,0.017635939034165805,-0.20999998517013063,0.1561945979518918,-0.9043855566540302,-0.3971020177312459,2.3357462442259114
2,-0.020062833220345088,0.01040518518256254,-0.006769386320084755,0.05432677726592067,-0.39467884956048044,-0.9172116478662462,8.504177186980924
2,-0.0513203817460257,-0.02027417913263911,-0.20999998480630203,-0.3204401391204266,0.29472275687810656,-0.9002536386033938,3.7922748718875945
2,-0.023211093867860987,0.008205880360189072,-0.003000000127233227,0.10534508954880965,0.16158724065274543,0.9812196368633195,5.046709704166413
3,0.006434343852149381,-0.03958066357440822,-0.0018924699679066315,-0.014600062758854747,-0.9981212865776146,-0.05950407925583695,7.168975652492903
3,0.004265063203577503,-0.03940694366702778,-0.003000000353795715,-0.751535404068597,-0.391805260782826,0.5307383291739467,13.700999237437818
3,0.00789210857251535,-0.041554264848009684,-0.0030000012180255633,0.07387690336381174,-0.7633586601218868,0.6417365184920456,2.497023501804236
3,0.010272348572739854,-0.04359805775479597,-0.0030000002617650207,0.7673343581853148,-0.5870540654644997,0.2580029204678394,1.4393838109166992
3,0.00492020133427117,-0.03978985328666207,-0.002824988426956071,0.011052651030558497,-0.6059130305845191,0.7954541082130886,9.91365604578783
3,0.00713410569611493,-0.03837103152504231,-0.0054633167649418375,0.662524741141423,-0.009580013393201064,0.7489787651989053,7.8446142318222085
3,0.00484579740064402,-0.03905980046117778,-0.0023592785709972415,-0.9569746104201433,-0.24313363864889276,0.15838443347931774,4.678879196482335
3,0.006991369278127778,-0.03906332689719928,-0.0004756905862130414,-0.3113673905838049,-0.8159943166893201,0.487035546148084,5.0573913369782595
3,0.027369875870341964,-0.03556416763511375,-0.20999998565198807,-0.03022177672541857,-0.10002608321079061,-0.9945257296264722,3.807557533296328
3,0.003771801912270032,-0.04135761847233148,-0.003000000718516181,-0.05346352076839646,-0.6545544798934337,0.7541220622674312,2.77556761682843
3,0.032234850813830054,-0.035069973485999884,-0.20999998564493008,-0.740113805385933,-0.16225141820793862,-0.6526147656670556,4.0589036791061535
3,0.003794532651588424,-0.038818726900674595,-0.003000000507254387,-0.2891826927648248,-0.2977651706940715,0.909785289684778,10.018616121481987
3,0.0043452301310150845,-0.03936508550597209,-0.002813592653231841,-0.7801833043768795,-0.3878644727449575,-0.49079034460128657,21.100292820468574
3,0.010709884184382604,-0.04103397983619519,-0.014101381635058158,-0.2727731391442231,0.9363363306772454,-0.2210635438404036,6.964867495400387
3,0.005375982553302706,-0.03119395976167151,-0.05348087178930171,0.6532011803535399,-0.057287491633179366,0.7550141464152316,3.5845925645067185
3,0.0061430685863636085,-0.04050631646132516,-0.0030000021133028713,-0.2023095744930894,-0.02305767555854988,0.9790501415485633,2.815917095189798
3,0.009476615436380422,-0.038751161584547465,-0.002333657262352058,0.7170801751671985,-0.6825183893661466,-0.14129639259096982,4.277121323334941
3,0.015717117096659027,-0.017036732113886222,-0.20999998563498462,-0.40888945514960445,-0.6942104682672409,-0.5923522931631462,4.009579331713886
3,0.010369770081077648,-0.038705312160792774,-0.0030000009455150014,0.35238979479267335,-0.6335370129258996,0.6888049693337773,4.335645601995051
3,0.0031568087815316745,-0.03763039247500605,-0.003000000459881657,-0.4467082480497832,0.11077585037764112,0.8877952760053435,17.85578445570225
3,0.006972899268928939,-0.04041142259599761,-0.0030000004842212014,0.7413266345937537,0.6277622246918477,0.2373803068745201,12.086371878316074
3,0.008629003444629888,-0.04144231531764346,-0.0030000005172916575,-0.563313308501191,-0.6896822776619453,0.4549906288534662,5.325022251914142
3,0.008194437919290712,-0.04053346335822232,-0.003000000718966829,-0.14097014491144153,-0.07112507332204865,0.9874556406181396,14.087180565255727
3,-0.009235007897520745,-0.04058837789321515,-0.20999998565720457,-0.14713881359639103,0.6519436010640516,-0.7438546299950569,4.153862968381204
3,0.005449313798110862,-0.04011895525492831,-0.0030000004409532566,0.2939346365007156,0.2623417987140888,0.9191187138300736,4.965255922668018
3,0.004221805097877058,-0.03925443125592703,-0.0030000002532232176,-0.9196174698989721,0.0015782981611282831,0.392811937231454,11.01986665097664
3,0.003951915266150472,-0.03898627922687376,-0.003000000814176676,-0.07857935738116724,-0.6885573007887682,0.7209120113606435,7.63418098165049
3,0.004426298754921917,-0.03943509599066404,-0.002877188418398833,-0.35722948731328724,-0.5609377611100541,0.7468171942013159,16.902373713565257
3,0.014923661882646566,-0.023437066925006737,-0.20999998531781866,-0.19949081010790007,-0.7380556756227415,-0.6445752371628561,3.4542694373891387
3,0.0067291275902522695,-0.02292975869362441,-0.20999998257296298,-0.19236021882922594,0.0898481135294446,-0.9772025699450305,4.2676067542148655
3,0.03492968146656705,-0.05798480668355149,-0.20999998509878995,-0.7151913545875583,-0.1255264547445115,-0.6875641319051536,4.785730117376145
3,0.005987769293933135,-0.04024286474209895,-0.0027071133625613296,0.1293495791527419,-0.6182078025982309,0.7752985226218834,12.077592175790882
3,0.010101178063431117,-0.03961739371456778,-0.003000000987819704,-0.5287326251213804,-0.3129538102607161,0.7889877843005897,3.338057660716503
3,0.007213284270251374,-0.05602305283659066,-0.209999985932029,-0.7819600095239944,0.4917232413359661,-0.3830754461399028,4.274653585717625
3,0.006372031575977178,-0.04032345926799428,-0.0026853325545355402,-0.6080742386116393,-0.778919650237828,0.15339458533551592,14.591217721954438
3,0.00491737557641151,-0.039259969466648253,-0.002500001014082703,-0.7080646456006278,-0.03399661541925672,0.7053287799250025,7.124529974891219
3,0.01094677226020214,-0.02060588684535781,-0.107587278232571,0.881768429635257,-0.4477710772636283,-0.1482750783670097,7.976418650287678
3,0.004843176621922681,-0.03974176167737742,-0.002992089357933319,-0.9634999260842286,-0.2461479397901929,-0.1052572286008413,18.635571270657792
3,0.003338116960515293,-0.0387484401955126,-0.003000000292878063,0.6594040471354792,0.48804766442555714,0.5718354482454803,5.081502506303431
3,0.004870475699039638,-0.039759084285462404,-0.0026269497605121133,0.26860118090952695,-0.8866254208369692,0.37649537678393213,7.22490764512267
3,0.003763136703757758,-0.038548716780310466,-0.0025000021007604515,-0.14888451347586207,0.16259354627509592,0.9753956839953434,7.88677239014327
3,0.0040618377072044725,-0.03908732383801,-0.002946923955395856,-0.7285623834357932,-0.5364973837815679,-0.4258725286255143,21.02882774302682
3,0.036216805220283955,-0.04637104672974883,-0.2099999857375688,-0.2885350323251185,0.6808151380505915,-0.6732297400756273,3.26304851191783
3,0.004075830084918934,-0.040187617853057356,-0.003000001350371947,-0.16043304408329584,0.26122920775382097,0.9518511119825822,3.6891176703193223
3,0.003762948004654555,-0.038722847130854963,-0.0029838087171567378,-0.8635363600216407,-0.015363268419441273,0.5040525021305297,6.613506901836022
3,0.004959358698135883,-0.039991555066106035,-0.003000000284692961,-0.5807560007208198,-0.4755554533434288,0.6607340451513644,6.273912933196009
3,0.007887531904440876,-0.04027335940304306,-0.002750310600987755,-0.28753341991941744,-0.9324094399194659,0.21894558405803013,11.536165198795906
3,0.009908178050260463,-0.029388482683013008,-0.2099999859677395,-0.6296966544418635,0.05065110109428389,-0.7751880993298731,5.043424012939628
3,-0.0013334799130445053,-0.03736053816848655,-0.003000000153902337,-0.043737880533906856,0.42525793775790355,0.904014758828802,2.5390308179968746
3,0.011262546606444747,-0.051218283191830215,-0.2099999859877662,-0.6447464995556281,0.29299602355361126,-0.7060136553159128,4.133628399654144
3,0.0023986021095296615,-0.048429183993205394,-0.2099999859097173,0.6459310176756855,-0.0774832017320416,-0.759453404662725,2.9642085394705235
3,0.004962686114860025,-0.0398210969435257,-0.003000000443913538,-0.15975400567475906,0.22759776081590471,0.9605612510102908,3.4256546402367674
3,0.009637512133465509,-0.03868327161342355,-0.002500001096971173,-0.1423397471116169,-0.20261949704897295,0.9688574383302334,13.981055754855385
3,-4.0273047300676693e-05,-0.03483926299254486,-0.20999998599199282,-0.2217310279926742,0.639781218063513,-0.7358772616669709,3.3521557729658813
3,0.009906254004973542,-0.039242303807994386,-0.003000000513464004,0.37415221960503764,-0.3666673271948899,0.8518011433030477,6.088102372273889
3,0.01028694519520465,-0.038665496813605454,-0.0030000018351247293,-0.16895731232528752,-0.1961223269793929,0.9659137950521275,13.420284564422571
3,-0.010698291652399662,-0.05570844921366502,-0.2099999857760403,-0.7341664795762957,-0.08113487309839196,-0.6741043781447027,2.5916661368466567
3,0.004866810151018289,-0.03905785510700896,-0.002322639176726958,-0.5350518854486733,-0.6957883163347326,-0.47916395808731127,4.053075315299471
3,0.0038497465997996494,-0.03883800099294933,-0.0029953352553637085,-0.8916780809757944,-0.42645988580874755,0.1517964614321263,10.555712721030288
3,0.007483743508750569,-0.0405209492261846,-0.003000001041716271,-0.04878244543023956,0.002320005681574275,0.9988067333530964,14.378218219329941
3,0.007986158332312717,-0.04040872491384317,-0.0030000011488065404,0.09695818107787511,-0.8034832564277394,0.5873787260042242,10.547250848015754
3,0.020766840381103473,-0.033862923344045615,-0.18853519097128835,-0.026578420961620663,-0.696461106982478,-0.717102164269449,4.511709588974699
3,-0.004969892859161065,-0.02358648558857083,-0.2099999854744204,0.9445268579144728,-0.044858150016175886,-0.32535636009664765,4.456555072769777
3,0.004348854316219559,-0.039368298492516426,-0.002945090349643134,-0.34689722385750066,-0.6156747902488807,0.7075357720511066,12.317183581331731
3,0.004216897590631983,-0.03938625812640258,-0.003000001529599389,0.4365435535938116,-0.7954280294471796,0.42038550853408807,11.111020159091058
3,0.0037988247107278864,-0.03877149487007536,-0.002903360001059366,-0.8112655828111264,-0.28665230351685694,0.5095867061007415,18.65213738498308
3,0.0037716853348131996,-0.04163113862471706,-0.003000001264633981,-0.5234328426623505,0.6242287584150347,0.579962512917892,8.630990759097092
3,0.0030072522180960024,-0.04060058953857152,-0.0030000003917914158,0.2410062069666233,-0.8171036719347272,0.5236960927048689,2.383260674284822
3,0.004314408196098738,-0.03933745478515498,-0.002880888303641028,-0.13612237681407405,-0.20916977747901186,0.9683587675649288,10.917096542233836
3,-0.009747898970972606,-0.04937564417565364,-0.20999998596456526,0.7550163745647405,0.5084503860874949,-0.414039224019407,3.117532659255905
3,0.001350947693114655,-0.036533999718024644,-0.20999998564778144,0.5492247001071926,0.3394782048553289,-0.7636142856314092,3.4646680933149954
3,0.005597928137554973,-0.04045139505807778,-0.0030000002266589586,0.730529614306419,0.34867660525021316,0.5871550966929451,8.963172313028428
3,0.003426462593546934,-0.013339834768554827,-0.20999998587883237,-0.045377276468065234,0.41130255724466824,-0.9103686666314569,3.8136687445661197
3,0.025097875508474043,-0.017152181005370446,-0.20999998530787245,-0.5590717373475879,0.7486642572106192,-0.3562872752069902,7.133299393969514
3,-0.017448656945462063,-0.0038729321364962123,-0.20999998541901366,0.15042225204066767,0.6230291118456598,-0.7675987701161475,3.662944278844472
3,0.003108604473111864,-0.039736087970038796,-0.00300000052507298,-0.32233571551996465,0.8062744359207854,0.49600526255358574,1.278429659696963
3,-0.022813997241657794,-0.04414975089561218,-0.20999998417599153,0.23884220490845315,0.7749127840153719,-0.5852047319733619,3.70986531429437
3,0.010656256181516412,-0.039873196237247624,-0.0030000010856171206,0.36294447199493735,0.580354132690865,0.7290132995473741,8.69429808390371
3,0.0277117274459199,-0.04186942455330924,-0.2099999831407537,-0.31122935419162767,0.36313752123577236,-0.8782183269325468,4.971480274190981
3,0.007244726721749752,-0.04094955985517275,-0.003000000339329098,-0.21197825682979665,0.780030518488652,0.5887423960084117,8.57732290998928
3,0.0047336058497879935,-0.039018799203484805,-0.0024594415411797843,-0.3043123604360987,-0.9281167050641244,0.21446064689523647,5.641804780908911
3,0.00584177722461106,-0.04020170676482458,-0.002987855230935344,-0.88173281623524,-0.43872815328007664,0.17339218060029618,13.606080469472166
3,0.007020019983883535,-0.023828974647782754,-0.17995174221724952,-0.4290062238638003,-0.7153008759005077,-0.5516324109604958,4.322047229815436
3,0.009597478368168618,-0.03941495308999339,-0.002730275254792478,0.9909236761475749,-0.07691188521367724,-0.11024894540563199,16.929181889132806
3,0.00615976674971195,-0.035516239624809987,-0.2099999849933091,-0.1749232077054277,0.4185797234379918,-0.8911750033145106,3.1081130672007937
3,-0.030340434439768943,-0.06445703446813222,-0.2099999859927354,0.22086447597869285,0.04625071815775092,-0.9742072440300111,2.685784391183925
3,0.007507034210346731,-0.04034079985708558,-0.00299817781918127,-0.04691689451365337,-0.5432719092557444,0.8382448554108837,8.194171343073453
3,0.024462215247250153,-0.012207718975793386,-0.20999998491264038,-0.06262407857864734,0.8981853822677026,-0.43513359312146443,2.3120774423137633
3,0.005067980353455287,-0.03987552921790968,-0.0029161009782226366,-0.7326683875128612,-0.5108420856554652,-0.4497081247459047,15.531630681978037
3,0.0010862457313164195,-0.021663578083988184,-0.16694207693883154,0.7953683628626155,-0.15744123161449308,-0.5853216431543893,9.387636336979252
3,0.009077549589872001,-0.03799991302565894,-0.20999998426099659,0.3129248839898746,-0.42803413477087665,-0.8478589484406416,3.593407713803237
3,0.004484285566987374,-0.03948290948001597,-0.0028690629672850467,-0.5386314682773603,-0.8134379352010105,0.21953329350531728,15.319739934979118
3,0.004509443069902714,-0.039503092886217395,-0.002869094013047989,-0.44327666186541326,-0.8958170443412323,0.0319002212091825,10.529412870754069
3,0.004845194043600713,-0.03974305249114295,-0.002657177111957404,-0.6869947525095539,-0.6025548393678722,-0.40615991380082594,4.544343525297569
3,0.004375603100704548,-0.04057057247965897,-0.0030000002431370626,-0.5313159188857887,0.6365286253566306,0.5590480332137373,3.348265918369459
3,0.006763758628785848,-0.04338861406377604,-0.20999998343526322,-0.41747819136070874,-0.37993242582714887,-0.8254473402605942,2.8955790487952893
3,-0.006319103018347948,-0.028199962494467476,-0.04012916503136215,-0.18008657688426838,-0.7926847655741553,0.5824256924730852,4.456801040397603
3,0.008896245726169788,-0.05632044588575888,-0.20999998461608727,-0.5807855236426981,-0.6397188801814958,-0.5034361229256497,4.140188440139298
3,0.007270718439206709,-0.040400895250147104,-0.003000000788210061,0.08806707114240644,0.5848719624815858,0.806330564026527,14.744343986308728
3,0.007546698031682239,-0.04037129851391147,-0.0030000008405831444,-0.5623384651673669,-0.5247985977224993,0.6390319885746788,7.459522573213246
3,-0.0021925941714032817,-0.03171730867347701,-0.20999998386961938,0.2832957502483762,-0.5049528872568585,-0.8153318953298542,4.452261686326633
3,0.005461919450013411,-0.04101288177859716,-0.0030000001962300947,-0.030386833345705543,0.3681719548883011,0.9292610246819497,3.1156530938431035
3,0.003883257261930155,-0.0401521960375537,-0.003000000311076245,-0.43138412215270866,-0.390801606523136,0.81313088952116,5.271457808523669
3,0.004408194133847841,-0.03664042675453404,-0.2099999848456612,-0.6398724161432857,0.24420598560157822,-0.7286471901100802,3.9404057801305745
3,0.006367106166770723,-0.04034781026222842,-0.003000001146747249,0.3244449704336834,0.49566558932244714,0.8056370676191092,9.274194414871161
3,0.009617750376793695,-0.040352864785453114,-0.0030000002541274197,0.2830354355044903,-0.5138695312313689,0.8098327278647344,7.94753087745746
3,0.004145814631239027,-0.03943514990117679,-0.0030000001206640357,-0.6489850531478842,0.09127181624645517,0.7553064651846366,10.008006356888954
3,0.0036922744573367914,-0.03862226985628053,-0.002674029464163602,-0.5830539084656078,-0.7906223313812141,-0.18698788448536557,18.49498815488024
3,0.0036038039735626064,-0.03869625578320246,-0.003000000226172376,0.3880620619934011,0.768119073544399,0.5093141711151613,7.841538319010532
3,0.013979451099736487,-0.028373303864502666,-0.20999998560472918,-0.15107863577440242,0.47674470154700005,-0.8659617401244741,3.1670458214404755
3,0.007507772284162255,-0.0418979518099781,-0.0030000000088303697,0.5587024089998643,0.011784727140208076,0.8292844737386434,3.352124601535023
3,0.00431150958385018,-0.03933482427021393,-0.002982617870050462,-0.2024912358230886,-0.9267952823850578,-0.3163033416890178,9.13579377092362
3,0.004207504976368123,-0.03869388527864759,-0.002500000087836542,-0.8289474212628658,-0.514039574213174,0.2204755971176487,12.22991825380937
3,0.007962854614765582,-0.04392889283255937,-0.20999998547359983,0.13658446245160802,-0.9455284282714944,-0.29550072072203626,3.9711860573117135
3,-0.004697095046248162,-0.030457847849289087,-0.2099999854794775,-0.5120952028450805,0.36951856352945905,-0.7753802515090132,9.256691831072832
3,0.010115487808610844,-0.03888179748917765,-0.0029626142592273914,0.8440062567192622,-0.440363403079743,0.3061592916224608,9.314843326289575
3,0.0036828839497063466,-0.03972680036526567,-0.0030000022476590685,-0.4282913246018209,-0.11732599815663637,0.8959917139278504,8.205621830179894
3,0.0033558751889988603,-0.039460604240562365,-0.003000003370114061,-0.0768316452385263,-0.02507317781501024,0.9967287665379172,4.98447063290571
3,0.003929329031460307,-0.038963988316836035,-0.0030000007492186373,-0.4142196783541138,-0.5244641333837561,0.7438813284780309,9.110031425063777
3,0.008853385654478059,-0.04092722616094253,-0.003000000879125945,0.010212375070921875,-0.4492945482024085,0.893325313842054,3.616274233609135
3,0.008128260770318694,-0.03966062192923555,-0.002439463873322093,0.15799011176171987,-0.9757263942723927,-0.15164804023037792,18.949070119558336
3,0.006039127504325102,-0.040292080772399305,-0.003000000214422195,-0.6959865032633467,-0.19110354540136315,0.6921576570480809,12.51672288071945
3,0.007417619600830651,-0.04422847773079217,-0.2099999839727722,-0.1955995085162842,0.1881713994860202,-0.9624616130961595,4.308910242244635
3,-0.019294828197559434,-0.010044620108312103,-0.2099999858171575,0.1653440257154416,-0.6004662600837004,-0.7823692374200976,1.9281198929083425
3,-0.0013833443609166884,-0.00703308241567951,-0.20999998482870955,-0.49047983232740117,0.4144088981987167,-0.7666125482757313,6.400411520735017
3,0.007725158485932918,-0.04118772289677335,-0.0030000005600148787,0.21433393779085502,0.7382346895885145,0.6395861991938347,4.234947264084116
3,-0.00168238942548271,-0.020267949003128012,-0.20999998509537093,-0.44494427881672344,-0.7329794628496389,-0.5145538803555182,4.701294609786839
3,-0.0014277337602650265,-0.06040091990418445,-0.20999998589260108,-0.2726486576885288,0.6312010558640316,-0.7261184039375224,3.0056471380056715
3,0.004746336029042921,-0.03967775533521434,-0.0027984548481531364,0.3515266238155327,-0.6440970146354539,-0.679388010261109,16.206605761469135
3,0.001978080034689878,-0.03846230593251955,-0.20999998570613268,-0.24749982428297274,0.8031213753176808,-0.541977761063805,3.5851439616713363
3,0.007889048717373547,-0.04027301292573228,-0.002857823246887449,-0.5347752359200004,-0.7568613609431886,-0.3757343840506647,13.272347431390017
3,0.00488588613652105,-0.03976872605060313,-0.0026688759314190337,-0.4133459010557293,-0.8589149621970862,-0.3023412869497076,21.187456626903195
3,0.002850751159046709,-0.04084586189954342,-0.003000002161611225,-0.13112594153241663,0.6380980350417538,0.7587073778032545,5.851591416299017
3,0.0024824638159674107,-0.04030702681014314,-0.003000001067127718,0.7579979936727572,0.5270250254000223,0.3842963234148621,7.609439985599024
3,0.004510575327616996,-0.03983020561011362,-0.003000000072827925,-0.28931802631053083,0.5676454673076909,0.7707617680560005,6.412334627474807
3,0.003921646081749886,-0.039131513869690146,-0.0030000001014437853,0.11670135636525181,-0.23287736295256603,0.96547860009778,7.798406792094832
3,0.03159786400844566,-0.03609655477727364,-0.2099999858123378,-0.5287850647648513,0.40530992189748666,-0.7457279815677331,2.259867715056094
3,0.013406821985347588,-0.057630218240516534,-0.20999998402190817,0.06089282136104233,-0.5453837594922141,-0.8359716617139789,2.378073522222476
3,0.004154461778654384,-0.04796922078798749,-0.2099999856111619,-0.10693353533573279,-0.04267401593297768,-0.9933499621909458,3.178603208669948
3,0.009330444407727304,-0.03969166958845807,-0.003000000374294701,-0.16638836970098908,-0.2622086404316831,0.9505585407071022,12.791380577047706
3,0.008488564833595329,-0.04109073206087322,-0.003000000924081828,-0.3496274322037021,-0.25233404883078014,0.9022683561176857,4.124288550418961
3,0.006507742091871261,-0.03982716662975426,-0.0024725034015476996,-0.3814120237238626,-0.905715954697443,-0.18494182210999963,22.08784982474174
3,0.008636425839728911,-0.040397961591150805,-0.003000000847744575,-0.29471037042958076,0.7054340761323745,0.6445995359853453,3.594973333614355
3,0.010751310150845583,-0.038063290123803876,-0.003000000694337617,0.3484957547332565,0.7289764914674713,0.5891892597635106,13.891849288633713
3,0.0066144397637349275,-0.040354439858987165,-0.0029387254921048296,-0.46661040025371414,-0.3085574811019398,0.8288950568263119,18.44712693353519
3,0.009105584077199372,-0.039774024084872496,-0.0029483261200433384,0.08476532213857249,-0.4345086469336931,0.8966699927524032,11.486519784133955
3,0.018398952647072062,-0.013453028549846495,-0.20999998596297403,0.48557555128288993,-0.4883845924781437,-0.7250495664616834,5.218418582295994
3,0.0076301889798382734,-0.04112736878517059,-0.003000000731728309,-0.3120082540878031,0.6632521413025481,0.6802554273496578,2.4427024779804865
3,0.005558390408318119,-0.040104252821204646,-0.002736356471620727,-0.03570036293443803,-0.28107621479067996,-0.9590211914057442,17.45810981024106
3,0.004053763302143129,-0.0390785565674014,-0.0027461833311054513,-0.7474863560701162,0.31213526436431244,0.5863750712890519,10.440407097717003
3,0.004647006261195227,-0.04049417192284938,-0.00300000190346254,0.09055969816703587,0.2962887078731897,0.9507954262903935,3.753116767217154
3,0.003979798397157403,-0.04000612709190536,-0.0030000001338944776,-0.7105302024781718,-0.3534361111238167,0.6084650743633536,4.469001665244232
3,0.003005592173290525,-0.03616163183450732,-0.0027673105411883383,-0.8884975210865518,0.45769706734483534,0.0329476792352633,13.724248567327454
3,0.004366648087700476,-0.039498720297544754,-0.0030000001752736854,-0.06252839768531415,-0.00957987840972056,0.9979972071166142,4.776109470231591
3,0.016101695762439895,-0.03870381362381721,-0.20999998511154075,-0.2616342469333188,0.12024869575448126,-0.9576469975940932,3.64447580500987
3,0.008282719318216114,-0.04016510587456151,-0.0030000001373611954,-0.2614566229633399,-0.8684195055861228,0.4212932430340653,6.556393954564179
3,0.008509729953866674,-0.04088385918906774,-0.0030000003510493294,-0.13641444019936527,-0.9101812103482757,0.3911026269843273,3.0632777297162788
3,0.006589727051209773,-0.040351970782178365,-0.002878041379390438,-0.2925939414713097,-0.954073194047782,-0.06428939114462914,23.47730549729679
3,0.010314833522965262,-0.03898660055993921,-0.0030000006009102873,-0.7329204619083882,0.35351612976996377,0.5812520473155003,5.451168308221901
3,0.0076434812589481465,-0.04038191885331284,-0.00300000102079443,-0.614972922735757,-0.07522058418862182,0.7849523348689161,12.975286553915856
3,-0.0029490818699875855,-0.03354969343929047,-0.20999998562536337,-0.7687072608049601,0.017155239142239445,-0.6393706631960117,3.8787991295589035
3,0.004192323665179531,-0.03922208497091983,-0.0028955162832837345,-0.9415220109867505,-0.3260218311343218,0.08512384184991216,11.692695528840996
3,0.0030003488359853,-0.0364257740933711,-0.002733642289788263,-0.9528842150915177,-0.2206025711885603,-0.20819745006704138,11.328838059584482
3,0.0043572219543528395,-0.03941072031829204,-0.0030000021864957553,-0.25235653147222,-0.28759072343459957,0.9239089548314133,6.060341975802793
3,0.007740752539121845,-0.040303876298970594,-0.002993573702300249,0.7500555933973342,-0.35251380532388554,0.5595986274728045,11.1147037605865
3,0.008259573223694446,-0.040180074631109,-0.0030000012252809813,0.22428326706234336,-0.5081317908491213,0.8315642484163844,17.48688903220602
3,0.0029828320924598227,-0.036845425532691975,-0.003000000127740216,0.1258673392541088,-0.6780057865592377,0.7241999491171485,8.008353941657724
4,-0.00815778210712131,0.008295584297944778,-0.002781271654297152,-0.533079864909782,-0.820668647014305,0.20573971283026068,17.223656008161797
4,-0.004612730600145443,0.010336107405433847,0.0012070170089651462,0.4770223356969363,0.23859088180445057,-0.8458865658975876,8.307049099109289
4,-0.004933290606783613,0.010163101334890167,0.0008723940436499741,0.8026172724815148,-0.5891606640212893,0.09324819507276144,6.171419839874407
4,0.01362332811939743,0.019833007037087687,-0.20999998508625753,-0.8063648721164733,0.02266362607482063,-0.5909839702307705,3.5559483899273254
4,-0.01844706552666534,0.04017235361959483,-0.20999998488890986,0.6945592549940953,-0.42070242348437653,-0.5836068129969181,4.69842425053147
4,0.000364127664776685,0.025058586606283066,-0.2099999833946728,-0.2712778418064334,-0.046189342685392466,-0.9613921557653438,6.620388474625285
4,-0.011640025143443221,0.007990672978047871,-0.003000000456070611,0.8680930020043447,-0.34202929885784605,0.35976450435513263,0.24623808435200614
4,-0.004535249994306339,0.011097233961843858,0.00042512134610861094,0.607368177985727,0.17054598215461858,-0.7758981662184893,22.03872253722657
4,-0.01041866236176734,-0.0067131556679683275,-0.20999998572309714,0.35242736171877975,0.7998696918929702,-0.48580184304198104,4.612795282930353
4,-0.004878126774474213,0.010228724635321047,0.0008629302879152726,0.2623452972343331,-0.1199167555739824,-0.9574940818363527,4.89563029248345
4,-0.002867755974326679,0.014373999904598669,-0.0030000010861562145,-0.30783838383061574,0.5135389152346803,0.8009452615379794,8.508446194062996
4,-0.004617235275219131,0.010661046697913758,0.0007401824454194108,0.4951678710637171,-0.845057079292178,-0.201710962033298,16.52068702434278
4,-0.004478173613576759,0.011087227038707544,0.0005668622614545698,-0.1541297739071106,-0.3095264841586318,-0.9383162411467356,11.602193753979044
4,-0.003124203663715904,0.013113371578881993,-0.0028171092829196087,0.8263860443224982,0.5626716424064301,-0.022061926041587045,22.69698296324026
4,-0.004815189584075683,0.010616083106061505,0.00038724417364175464,-0.17639592825112788,-0.051037920424168805,-0.9829952223562428,14.403140532386235
4,-0.0052950684409524594,0.0102563385950682,7.278496069593361e-05,0.45530795713194233,-0.8836281796763092,-0.10906834671099365,13.908283527585038
4,0.0008903512416493296,0.0033183723556839823,-0.09842914984341379,-0.5746469288862761,-0.7714456000098566,0.27322626767388786,7.877410473704123
4,-0.0342350970383471,-0.008134017893163693,-0.16253238305970957,0.48958927888133985,-0.7975775398806871,-0.35238105210456633,4.522814017306742
4,0.002510732918943585,0.03643486350030986,-0.2099999852883519,0.2467581489500813,0.335464670517995,-0.9091610807557604,3.5509346611099355
4,-0.0026059255166207885,0.011492803967331003,-0.0030000000054510793,0.09317319998063073,-0.8320107384122335,0.5468792243010325,6.082777115362337
4,-0.0023321791882483715,0.009870125668801057,-0.003000000063498088,-0.5099684609758128,0.6108784079846117,0.6056069182796273,3.6773672168093547
4,-0.022650916417728484,0.013647105368131416,-0.20999998541585518,-0.37922527317456195,-0.6294512876844297,-0.6782177147628129,2.9492854007274
4,-0.005170327508652851,0.0103095530432282,-0.0001931868620763846,0.2763109300588705,-0.28068331831155774,0.9191676369148422,8.397527427638508
4,0.006396600549125896,-0.0015265428160028721,-0.209999985746324,0.6898780074947053,0.14079535958201136,-0.7101021063870379,3.709652026156383
4,-0.025171959972066622,0.008626327014473113,-0.20999998552093108,0.44115049034476317,-0.8161892635565955,-0.37312374746659754,3.162657709158401
4,-0.016089220666587606,-0.03535905524649939,-0.20999998598844083,0.5587939299354333,0.0880173001819904,-0.8246225189357779,4.510498893223002
4,0.012233638390214052,0.006193852640868564,-0.16896157713054147,0.8965545678424341,-0.36877692076715324,0.24534361534460808,3.633717948075743
4,-0.006966385985354167,0.007913012105140203,-0.0030000016094463133,0.5321689761788229,-0.08146244260932843,0.8427099449021029,4.565955297831323
4,-0.006659055527655692,0.008103528099235965,-0.00300000232246332,-0.32191450774230806,-0.6760453620537498,0.6628225389579339,11.602397887367903
4,-0.024442936150302096,0.019341653444990906,-0.20999998296463535,-0.5255832285692986,0.17202396092993053,-0.8331686664251424,3.5622209071381037
4,-0.0072321547250889,0.006804200882456793,-0.20999998564915745,0.3947344624883045,-0.2924112588301519,-0.8710225943300411,3.4353299902953163
4,0.006879668372140629,0.005974019593941794,-0.20999998531165082,-0.24060923907617884,-0.39668539486263493,-0.8858599728929271,3.4799897058214846
4,-0.005454902241479376,0.0076749385353543816,-0.0030000005033633016,0.7047866969550821,0.07694354104834351,0.7052342896414547,2.2199869470576608
4,-0.005788813353048907,0.008312139326664175,-0.002706384932356324,-0.46971091834715356,-0.6692572875548589,0.575731131901156,18.535132042060013
4,-0.008840581019895977,0.00978479478717758,-0.20999998367385078,0.040280156637137715,-0.6305540691572319,-0.7750993967553739,3.0605395838402703
4,-0.002609762921525187,0.012181097471227411,-0.003000001312608158,-0.22997071067016447,0.3971807265117451,0.8884598711936639,5.089518527924786
4,-0.007174341630536391,-0.011774233429466461,-0.20999998368514153,0.1259276905662169,-0.5848089701406592,-0.8013368113294688,3.176969756530378
4,-0.0035349811912584643,0.01174085179017358,-0.0024654651217411905,0.7045309146471679,-0.7089309863809357,0.03245068343469559,7.806737877248554
4,-0.00317503931328744,0.010598751942630475,-0.0030000007342082,0.743910522763632,-0.42891433052969963,0.5124740297691185,15.127657623337909
4,-0.005217043760124352,0.009639841687275112,-0.0013948417655337995,-0.25955139590345866,-0.9654930484567955,-0.021359921960765207,17.946870686226724
4,-0.003555867015504384,0.009417524287556498,-0.003000000208761482,-0.48103359272459273,0.4291328720235228,0.7644943824641967,10.243310492803342
4,0.004571598288289873,0.03115230126333682,-0.2099999830324455,-0.3415199221775526,-0.17177798344619924,-0.9240435418090406,2.5678776690569562
4,-0.00391700750015255,0.009420553223794512,-0.0030000005475569803,0.12598851969785624,-0.15754071911537249,0.9794426040993692,14.11113305562408
4,-0.003839857236621518,0.008551398445528156,-0.0030000017627508863,-0.45426697325379084,0.31714083268945314,0.8325041797203662,6.881082257626707
4,0.010989685101944206,-0.014554705235025034,-0.20999998519477672,0.6086935754685583,-0.26127150600637916,-0.7491524086142024,4.178329089827144
4,0.007331619109462414,0.011721472913718192,-0.209999983096783,-0.3288718953612228,-0.2709096558845894,-0.9046829471091021,2.507763429445665
4,-0.0033710532392490947,0.010441894369647712,-0.0027592536178699207,0.8732954050185459,0.4178058164500907,-0.2505861834059633,13.554743372377143
4,-0.002329014489258939,0.011520140138148081,-0.0030000003098702454,0.23029774423545432,-0.8629601104804334,0.4497363635727703,2.0531115005016667
4,-0.010765218100270339,0.03327147740262485,-0.20999998526939276,-0.398952411688707,0.008504731255733602,-0.9169321909247337,2.933083740399436
4,0.012209341948132273,-0.004308209432891233,-0.20999998470069048,0.24391681273675173,0.7331757793532035,-0.6347896226579061,3.174724413299654
4,-0.0010662677235993407,0.012658399802531046,-0.003000000786142145,-0.7479083833082292,-0.06929186277596512,0.6601754978263796,0.7316054509267267
4,-0.002911895369348799,0.010785917480675224,-0.003000000848840321,0.4371426186302514,-0.4631925137023333,0.7709468374844013,8.306602980773777
4,-0.007950268576493853,-0.02776657530664982,-0.20999998573425271,0.4525859037429627,-0.5927635223788565,-0.6661812112857703,2.0941307800804076
4,-0.004739956625493086,0.008439695767512091,-0.0030000009065462062,0.4659497590420141,0.41083044361369125,0.7836511779158293,11.945308101458272
4,-0.0052620495766823,0.009093365592388932,-0.0024848018524392767,0.08474619321795565,-0.9022132837735057,-0.42288210333105,9.380641568811367
4,-0.007315440950596511,0.008042668769269503,-0.0030000014312017943,0.19261244015467693,0.6570000025450939,0.728869977810451,8.835879326102871
4,-0.01001133604832477,0.00805653258550866,-0.0030000003426704945,0.09724034921126541,0.780753870595552,0.6172258160797675,1.5397384873967583
4,0.010293826443718759,-0.003997895009553977,-0.20999998593188773,-0.5072236209014662,-0.6282853639644006,-0.5898997370975229,4.188485696785914
4,-0.005986631196654,0.02014609199732052,-0.2099999859831272,-0.4947296313126363,0.3923765960750691,-0.7754245280836847,3.4911550885478646
4,-0.004336512588125079,0.009140091791238827,-0.002832662745335436,0.7670690937745409,0.45805633364048115,-0.44920975121622736,13.95713350070634
4,-0.003016988548276528,0.011756092008820624,-0.002874856794784515,0.8434800969925612,-0.43429139994589744,-0.31612071414327153,16.854766163015217
4,-0.002990042404507922,0.010704120263568474,-0.0030000020749334725,-0.043677949802068,0.5703030766993458,0.8202722946731457,11.967675642382511
4,-0.005171676813397667,0.009874490273281078,-0.0009985139919026402,0.8975738510747572,-0.1882266480090982,-0.398662652936149,5.60708828497511
4,-0.0066345433994978095,0.008141085494813162,-0.002709777050454558,-0.5293470870537401,-0.45807000458371755,0.7141173099207113,14.846904711877519
4,-0.0015087382991348457,0.011612799231689345,-0.003000003155388336,0.40588305649277623,0.2678547037448339,0.8737921961964692,2.495645277950853
4,-0.004028674018784652,0.009236221787978914,-0.0030000000319224543,0.4966639163075153,-0.6482205223002246,0.5771785760983382,7.67964755248558
4,-0.006914143654397083,0.007116203615206143,-0.0030000013474627144,0.07383031341179819,-0.6311533098183664,0.7721363767669784,10.423537631224628
4,-0.004728242976183218,0.0071823704546359335,-0.003000001284011301,0.4537370551428241,0.031454208764747964,0.8905803262711911,3.1852578337217983
4,-0.004400760545090234,0.00908397313143659,-0.002873325435729048,0.8964911704280473,-0.1858852160493345,0.40218188397644455,13.531501474995272
4,-0.00325992097990947,0.01070597987769955,-0.0026361934637766727,0.5232264028522595,-0.8465550764044651,-0.0978704959224953,15.206122855074101
4,-0.003492016122229694,0.009815900468613923,-0.0030000000214962,-0.8107323388268859,0.2582517018138828,0.5253752309450084,6.7360099406750376
4,-0.001994496740409397,0.010176174397918111,-0.0030000002467915005,-0.150618244250588,0.059267607868936395,0.9868138097718152,2.135493526504682
4,-0.003439483591016414,0.010301525987295099,-0.0028581436702046987,0.2841219863394817,-0.6082085867807686,0.7411862194109168,19.183617234410768
4,-0.002946235620870493,0.011682492749610703,-0.0030000007397317017,0.7760976896138694,-0.1936044178081849,0.6001580671632835,11.414307566341817
4,0.011710095765859364,0.01867776377727519,-0.20999998416221355,-0.3311146482738223,0.45301132517607445,-0.8277341535545817,2.271344480845462
4,-0.0034414406673934344,0.009650678802965603,-0.003000000422631058,0.1542219797515711,-0.5150927307355577,0.8431459302545983,5.755086756457608
4,-0.005109586006762269,0.008564420835982987,-0.0030000015044054943,0.13280448617138513,-0.17368856682276324,0.9758049242588445,7.672536475638377
4,0.021222392570982948,0.0033120701668852255,-0.2099999840705426,-0.6292485921178216,-0.034359973603337736,-0.7764442037466168,5.330122477217877
4,-0.004747135946708069,0.008633822651683037,-0.0030000011020330144,-0.11749543179465986,-0.5571536049442964,0.8220551587362988,7.550495598913502
4,-0.004132666663257787,0.009335392078606015,-0.002935917997849643,0.5907965881648254,-0.7600619152358843,-0.27067559258411394,7.4858864572023425
4,-0.004530990878585591,0.0096755350876017,-0.0024437030692000357,0.21993778452141297,-0.9669412487213997,0.12904259940388985,19.105054975814888
4,-0.004400735136531278,0.008693894696139098,-0.0030000009113083613,-0.5814249836969032,0.7394632048107033,0.33932161302242403,13.761669771762012
4,0.012726243752616223,-0.014826604455229118,-0.209999984597168,0.3817989384030758,-0.48796384206391924,-0.7849336656511191,3.0126398604632865
4,-0.0030323995993557966,0.011616300864270524,-0.0029050288019683334,0.7432844326925383,0.4762434314529649,-0.469808946397189,20.35611913018958
4,-0.002948066344120915,0.011702972899685493,-0.003000000322262493,0.3601368284983021,0.8573185881391251,0.3678400510960185,8.107552216606042
4,-0.0052550693710212626,0.00921593753614662,-0.0022295366676257254,0.8216370709083839,-0.48335876048387255,-0.30212055933449045,6.368171525843907
4,-0.004366955210045287,0.008851703736586315,-0.003000002265774732,0.2655837609108721,-0.33352382920696294,0.9045590756227926,6.5043605656664845
4,-0.0041691107476531635,0.009185028920780398,-0.0030000009696969847,-0.10232180046532109,0.6603527299199529,0.743951961645912,15.241019789308822
4,-0.004050386886558871,0.00939869634197531,-0.003000001625328961,0.5830460768881808,-0.11887600811337834,0.8036950708573054,5.219731388785508
4,-0.008570262036326368,0.00567223023176244,-0.2099999845146261,0.1310444674300987,0.17024152530583164,-0.9766499734385424,2.8649703579288417
4,-0.003233806686469899,0.010776864204975237,-0.0026103878747620697,0.9422745565379193,-0.3253632787806919,0.0791037099151829,10.797375868686544
4,-0.003784005212570893,0.009646373307288843,-0.0030000002190544704,0.3221051661839335,-0.6570384354843551,0.6815781365433398,6.35738700459755
4,-0.007371688014081103,0.008125786084283031,-0.0030000041452679475,-0.058314635186484366,-0.6429344605047735,0.7636980311736462,6.410601857453036
4,-0.004947405438225954,0.008635466904387481,-0.003000000060901127,0.0951155871386235,-0.8105150743833397,0.5779431972786291,4.081977718502317
4,-0.0041827184197704426,0.009051515989619698,-0.0030000009342607565,-0.39421141392152853,0.37093269746281127,0.8408366637385359,2.5484378457720225
4,-0.0041217965207819025,0.009346607859836185,-0.002909384876612477,0.7595276120174697,-0.6495164414543604,0.03530154194231039,4.787238446618627
4,-0.003026728181074089,0.011655685279261158,-0.0030000000103867987,-0.0084912392551596,0.056718521608211545,0.9983540995871604,12.381483863220701
4,-0.004381817618109749,0.00866773916796974,-0.003000000420639482,0.23507022615477507,0.7902317911973537,0.5659290635376173,6.648293079451168
4,-0.0041651066000551054,0.009168249898716414,-0.003000000219648514,0.10331841608374846,-0.007383031586493394,0.994620930677883,1.6347622698320308
5,0.01565043807604077,-0.017784209601400706,-0.20999998504334416,-0.29953148527388884,0.644955443434842,-0.7030742246117293,2.6769742631329434
5,0.010085274738629654,-0.010033841709625815,-0.20999998571758755,0.05994486064727196,0.2805152242358811,-0.9579758987854927,2.6397980034672366
5,-0.015219909035261454,0.00935816397084133,-0.20999998529753358,-0.21528373538981135,-0.32293555195021423,-0.9216102986421213,4.188479853955799
5,-0.011001683501685205,-0.010749540219395209,-0.0030000021456558688,-0.19783553358534506,-0.18355866867004236,0.9628952782141387,4.961300448772068
5,-0.002299254607121524,-0.011344274177587842,-0.003000000315840417,0.6858251702517667,0.4702517487661261,0.5554341802873993,11.060445073590575
5,0.0028062998145663887,0.019928256088209674,-0.20999998488457622,-0.6069735043827862,0.2622157636216304,-0.7502173406990837,9.174087223823019
5,-0.019278854031512846,-0.007684721200668138,-0.20999998485831073,0.14950151476281928,-0.6529841228752843,-0.7424695497839745,3.7420632649256316
5,-0.029690198045260678,-0.036578725553373964,-0.20999998504068076,-0.3312885186143645,-0.757150592140523,-0.5630016858372233,3.0797567796845717
5,-0.00895971429022778,-0.007916139531194893,-0.003000000129731164,-0.07189538138844871,0.8164249956126814,0.5729583585862437,3.3668082376201585
5,-0.005455072202617839,-0.006953965446287775,-0.17576255278876662,-0.17151215923688462,-0.5425165583451842,0.8223499031161845,7.450269759933256
5,-0.006760298283685361,-0.015354267920214397,-0.0018470305853878245,0.1136359551137785,-0.8994354157139801,0.42202227745084586,6.786973709613191
5,-0.03622517683999723,-0.035989833849617084,-0.20999998585006263,0.0803603008149814,0.6616286071252757,-0.7455131174475691,3.7099784558022284
5,-0.005389753736088474,-0.015785924509926618,-0.002823910472297236,0.359098222163854,-0.8762145926173236,0.32139765793050984,11.953751970461745
5,-0.0035693636618069563,-0.014181228820623107,-0.002956894225377144,0.361126282984563,-0.4480508883099943,0.8178252926037312,19.52772340135606
5,-0.002490780627748694,-0.011519190420868908,-0.003000001489338747,-0.2923844715464088,0.20668420984441196,0.933698537109017,3.388281744602649
5,-0.0032906582410215266,-0.014211883927924808,-0.0030000000667533386,0.6982164226077592,0.17997411007570616,0.6928947588943651,5.028088339096447
5,-0.004620699965621127,-0.015907723545003933,-0.0030000005737272004,0.22668550346836142,0.3385474836530047,0.9132356124404664,4.966915104791298
5,-0.004254672011312365,-0.015033506593620145,-0.0029659253589764643,0.4693915802660596,-0.8338047712622031,-0.2905875905741964,8.983456346810065
5,-0.012042962410192124,-0.02229743541079069,-0.2099999851685163,-0.18917063182569124,-0.10380309141826725,-0.976442210408112,3.954984711482469
5,0.0018949063494173284,-0.0035025277138957334,-0.20999998563294459,0.8110432045225664,-0.0922948146181344,-0.5776595775994465,4.010669291780138
5,-0.005020546390041452,-0.008063958310144018,-0.003000000154392497,0.6083748872446321,-0.1642199423476417,0.7764739577767039,5.09379862926818
5,-0.012674421518670318,-0.015583793567527962,-0.003000000740744544,-0.3874792416633165,-0.5954281602267844,0.7037933953149662,1.2101257726290124
5,0.006533221876700454,-0.004622068001518695,-0.20999998392261218,-0.1425248378016852,0.15785871570228724,-0.9771219455556341,4.4797696086029095
5,-0.0023202873741489365,-0.011823284852266549,-0.10832639579986433,0.11524302949177131,0.8621412211720925,0.4933878382261285,4.199971800939319
5,-0.003145599724982769,-0.02067646089006793,-0.20999998593751232,-0.6184128711945417,-0.5917873851863638,-0.517062096343572,2.9946642502408514
5,-0.01886067299113607,-0.01384635787384134,-0.2099999837992868,0.7882058971147505,0.09445571168091645,-0.6081197104883075,3.514729041455416
5,-0.010739916219099366,-0.008981186479257119,-0.20999998573468134,-0.670553205759617,-0.0035378027844047335,-0.7418530057881817,3.3793512429137444
5,-0.010318409558536655,-0.014357764419727807,-0.002740537037404381,-0.7814488304963377,-0.45210512928867425,0.4300449713539005,13.29372456823447
5,-0.011207748822135044,-0.012865430897130863,-0.0030000013173939032,-0.7348750556402543,-0.03193250305133506,0.6774503434544923,7.809256446378456
5,-0.009670358964662937,-0.014049008959175102,-0.001979454061196875,-0.5201748306002315,-0.851652287182644,0.06408219211756164,6.071668870209243
5,-0.010960110759388655,-0.012687786398802886,-0.002922014849030816,-0.9853181609589021,-0.1631194491272279,0.05040006945428619,15.083117950321444
5,-0.03948988495785485,0.001644232583111774,-0.20999998531129452,0.24960258769619012,0.7359929184994758,-0.6292956158547349,3.2731686355429095
5,-0.010495934264379274,-0.014238379266152127,-0.003000000016691675,-0.8609136027791826,-0.5015805407549834,0.0851159778520239,15.22340367839698
5,-0.019866848555575155,-0.01477158443356322,-0.20999998593272434,-0.2163753270058816,0.09343060338728527,-0.9718294295882308,2.9773037052114333
5,-0.04482902579482133,-0.012562162170604517,-0.20999998554227695,-0.1640524544165276,0.5663824195930017,-0.8076495198883547,4.0532946065507405
5,-0.0026270373960887447,-0.013751196182920731,-0.0030000004225769093,-0.578829222808359,-0.7310365149531963,0.36130644144293395,4.865374079184616
5,-0.01253312067745538,0.008844631477573918,-0.1102394240630459,0.779417135513607,0.2600466152610835,0.5699865671741903,3.8755036626784776
5,0.0001948311339251037,-0.013501150937830681,-0.20999998569074818,-0.40489838483813495,-0.3813428074350701,-0.8310445001159736,3.5744946071062498
5,-0.037478218527343926,-0.025361694842407495,-0.20999998504828518,-0.7388859779160275,0.3432488217790616,-0.5798514964940265,4.6991266067699
5,0.002063154234730453,-0.009613511832642363,-0.20999998565269634,-0.3509904721324908,0.4028271508043905,-0.8453022980254035,3.219264013833423
5,0.005159482147799623,-0.017991651735586887,-0.20999998539021353,0.25582111239617444,-0.19421942464313027,-0.947013396707605,4.352886835214131
5,-0.00046343620666347725,-0.010472285691139057,-0.003000000040453619,0.10512895702500727,0.2524934568710328,0.9618705508706199,1.6626348014162873
5,-0.00798016712173571,-0.007304649020643368,-0.003000000842807764,0.6185258760818685,0.03560926580759105,0.7849571458403328,10.827260509529241
5,-0.007648937526494155,-0.014681197938130953,0.0003452496727103636,-0.32960286407122485,-0.9166360302241685,-0.22614230053424927,8.153086749502004
5,-0.007295511917820347,-0.01463933928990727,8.049051648148441e-05,0.03995988244848143,-0.9632724081567787,-0.26553620370590486,5.596779667394284
5,-0.007451556298707472,-0.01559919661268636,-0.0025000014657836373,-0.04281499461803691,-0.9924494787283848,0.11493871587770343,4.528908392155767
5,-0.022512161158170292,-0.021595509679687,-0.20999998594751954,-0.8050907842891395,-0.15383202785406747,-0.5728564709061107,5.125751703635803
5,-0.00617882606324986,-0.015393570494621818,-0.0021767535413126206,0.717373630163394,-0.6950995767640604,0.04702821630274745,4.91590073105622
5,-0.003093296605832056,-0.015498014696423569,-0.0030000007570443557,0.25237847139569425,0.7674176313302427,0.5893855158548202,2.6884127924363237
5,0.0002729512629575325,-0.018779944742047725,-0.20999998517890628,-0.07485934925037062,-0.3237737289434642,-0.943168410346665,4.146749830650702
5,-0.029876732603625437,-0.05426863812262407,-0.20999998501654987,-0.09607775186823524,-0.04902073010396312,-0.994165999024318,3.735677167908847
5,-0.003253475380086991,-0.015008683674762803,-0.003000000472723452,-0.601157092646358,0.1241751138709901,0.7894242782281934,11.54525373944961
5,-0.055269680678492944,-0.00578550581630415,-0.2099999848936348,0.48846108078328804,0.7148563238832215,-0.5003860597220806,3.61264484091705
5,0.011905213114366372,-0.021646183904047357,-0.2099999856466577,-0.4284779377772056,0.8339206323349491,-0.34782615744689466,3.8170281651369953
5,-0.004398434250932842,-0.01461475313721786,-0.002500000302595646,0.9214114272435727,-0.2600060606185279,-0.28878682481477025,3.2399147265022616
5,-0.0009631879967454281,-0.006250075583455224,-0.20999998588984947,0.1686201680323044,-0.24595846768660848,-0.9545007444240224,4.227276237188105
5,-0.01570163830167727,0.003504751614193981,-0.20999998498384886,-0.31226891607629137,0.33709759096637637,-0.8881741598454687,4.382846563285167
5,-0.0030009372104425926,-0.012441721566427436,-0.0030000004372660533,-0.47729589902206443,-0.2121020356097347,0.8527610165028219,8.228261295639834
5,-0.004381551467949389,-0.015148212122570198,-0.0029470666940129772,0.7644003621103111,-0.19248567961878094,-0.6153384024643032,19.395337153990795
5,-0.004148388976401383,-0.01492939500379915,-0.0027585286777005967,0.9617103931049477,-0.2724235949042856,-0.02997506852957742,20.206649442341753
5,-0.004565891097575265,-0.015298483907841751,-0.0029572395081149776,0.29442867579784027,-0.9489883843542757,0.11283971476652688,3.86460807254015
5,0.021517189919391392,-0.009760831482645936,-0.10112534986769374,0.9934579499033434,-0.05350529189675779,0.10088848057577605,8.377500592741171
5,-0.0033965135679974124,-0.014210224889812275,-0.0030000000776756043,-0.6196047149238257,0.47910503964027573,0.6217301329640175,9.883744943067828
5,-0.002898776706737033,-0.011842824788370152,-0.0030000022049078284,0.6464735043724417,-0.21051737378539653,0.7333174234115227,3.3947275439853057
5,-0.0028595110617055403,-0.01173392844162088,-0.0030000000942208144,0.12923841401875089,0.14410670332814865,0.9810864846677947,2.8492438770909048
5,-0.03641660051667657,-0.019237814477125706,-0.20999998441742979,-0.23621939065622996,0.6824916570404783,-0.6916686616785106,8.673901256367973
5,-0.007546725521368081,-0.0008476356594124032,-0.20999998491489769,0.20009171886741897,-0.7944346464066822,-0.5734430195140328,2.757138667471696
5,-0.004688564065342281,-0.015521913563757407,-0.003000000070512254,-0.703291197101993,-0.08841128700413499,0.7053828296812437,8.68454549742483
5,-0.006023112026620175,-0.016082293168180425,-0.0030000001072007978,0.32151880037537206,-0.24017038211297814,0.9159387799197539,4.525121245141757
5,-0.02427810666726722,-0.0014330289049462337,-0.20999998456319124,-0.5082734581300992,-0.5507140929650894,-0.6620967297684749,3.3877281257235423
5,-0.008184244660904963,-0.016431079366369977,-0.0030000001253206116,-0.9351528428781622,-0.2693311008746907,0.23010849301692074,10.800570183091711
5,-0.026412586569662555,-0.00935729086358365,-0.20999998577172013,0.06463952482825283,0.10491647140219339,-0.9923780861438298,4.354222759067338
5,-0.023582883564661553,-0.03958148738126954,-0.20999998427955535,0.6718767698208699,-0.10333289070921806,-0.7334193342643421,3.6891348441502076
5,0.00446409758208202,-0.01353160715184917,-0.17075794941955427,-0.27368609003046473,0.26242065338213644,-0.9253276850944907,4.091631409019547
5,-0.007966993141197708,-0.01605219317382811,-0.003000001244262137,-0.08441285772086893,0.13220822724738443,0.987621108573273,15.940851249372564
5,-0.004039689319053906,-0.02763718246088856,-0.20999998591503954,0.6477916278691286,0.205116594099662,-0.7336846663844208,4.580521605697801
5,-0.02343777831887873,-0.02899586622898654,-0.20999998546472448,0.28607819348990976,-0.4072829517650026,-0.8673406853198667,4.159933803592641
5,-0.0016901885625280801,-0.016633048682851575,-0.003000002086746267,-0.6925705959084224,-0.43242687428131193,0.5773672731306712,1.856626386073019
5,-0.0045301731676419465,-0.014729249448608144,-0.002500000583323012,0.3762143484758712,-0.9160716142359986,0.13883645627834218,7.164826041094089
5,-0.02981694384908528,-0.015484319310550687,-0.20999998579036455,0.15144018372377352,0.2293023907807084,-0.9615020979363283,4.07090675324692
5,0.004818012325233018,0.02368979953986457,-0.2099999842198183,0.15827725034065157,0.8064342306758172,-0.5697474384487446,3.334516691520615
5,0.02684855487451893,-0.02907247976784278,-0.20935610356458964,0.9745165963572124,0.2112608500596223,-0.07540727190688938,8.096111207876115
5,-0.002522658547029773,-0.015028019493791941,-0.0030000010597436297,-0.1490616277301834,0.5399547182170676,0.8283897231457882,1.1778960278442205
5,-0.009514081642519833,-0.010837716721640822,-0.01293795305662931,0.49734058014622057,-0.45207053022796434,-0.7404624116315615,8.420767845013089
5,-0.00916530017141068,-0.0036946388841478245,-0.20999998256541705,0.0904004915621079,-0.5151069002459824,-0.8523453715744017,3.4919182634450467
5,0.006129241524459177,-0.0021774920013151273,-0.2099999858625068,-0.48268864121007893,0.3998156107101596,-0.77920417932608,2.298119171546741
5,-0.0026162866080018166,-0.013841506170268168,-0.14480516241261202,0.34686671174666994,0.06969977126132398,-0.9353210284005012,7.116302154051095
5,-0.010890412548270912,-0.010942250317306832,-0.003000002339182981,-0.566764002920688,0.15797317001377664,0.8085932491364969,8.33140166150507
5,-0.009959427816343139,-0.005897280243890418,-0.015244917771442804,0.139005052504297,0.983963847561991,0.11177093570906993,3.99993847508837
5,0.009389353055814592,-0.02371731238184375,-0.20999998399075048,0.4729638797681254,-0.7233643084302761,-0.503040004098949,2.722988672640203
5,-0.028430365220126957,-0.015555611430468356,-0.20999998599265918,0.760665656460122,-0.1795901320281331,-0.6238069762035442,3.491632380065817
5,-0.009606524481253757,-0.009090218644646347,-0.0029264860081206585,-0.41247790165710474,0.8952564809969292,0.1684571573948309,5.34927649723826
5,-0.016748624289876772,-0.027536479362002757,-0.20999998598217945,0.24037210291284045,0.9554485292638039,-0.17128736108917367,4.549554811890652
5,-0.0103091334121428,-0.01437148823999521,-0.0028744464959542648,-0.2826090585339101,-0.8985681626636601,0.33571919379420495,16.08099899229369
5,-0.011528813024136702,-0.013675360742452323,-0.0030000005181870086,-0.021787319035436757,-0.9242569682774213,0.38114874959768374,1.6709545414980977
5,0.008998249517410798,-0.019212484871859968,-0.20999998458122188,0.5299601608162908,0.6128499781524571,-0.586137468710288,4.63106750476431
5,-0.029727173298225325,0.011517044170987008,-0.20999998560831726,-0.038639494649238805,0.4418953725509486,-0.8962340482102369,3.2427557610644153
5,-0.007159286891693152,-0.016934097405542324,-0.0030000002949127596,0.5000848345350356,-0.15799797183833827,0.8514410133197939,2.9611636050614054
5,-0.010530729372173003,-0.014736497862966318,-0.0030000015494586543,-0.1940092091183649,-0.7573177575924029,0.6235625396161005,7.528233615241421
5,0.017102444195192953,-0.02512257542055489,-0.2099999845275381,-0.3080012561387994,0.3346062939447111,-0.8906030845834227,5.359194044973588
5,-0.012874526708734336,-0.01492365976566681,-0.003000000824802047,-0.4259489774686396,0.31021505876759065,0.8499023978712148,2.2153372058517093
5,0.00465375036210759,-0.025513201430961058,-0.20999998477217507,0.4885930161593528,-0.651945218398882,-0.5798657575397437,4.13498920141165
5,-0.009961324313295371,-0.013975904441894397,-0.0024813088807308487,-0.8227547490659253,0.055774491291401065,-0.5656534531059204,17.592871357324743
5,-0.010964617727003615,-0.012655177804238254,-0.00269675011337787,-0.9309260902160532,0.010638876959279498,0.3650526384675202,20.52751046674201
5,-0.010536200144251131,-0.01253328637682418,-0.0025000000458915107,-0.8515215395701783,-0.5207176662765001,0.06135291089743464,12.777676104797331
5,-0.010801117356815475,-0.01336992489658978,-0.002949400359468733,-0.9525051118673573,0.23332788613725572,0.19568369737224556,14.891590719077922
5,-0.010983875090288935,-0.012483152986389742,-0.0026367820227643553,-0.857285730990657,-0.2612360797918593,0.44364049190171573,12.699416058255057
5,-0.01085521441264639,-0.013190780775252143,-0.0027932042048071527,-0.4828879948650868,-0.19846017738547506,0.8528966774512031,9.710655505750063
5,-0.011813156016958325,-0.01416349181199974,-0.003000000882782973,0.5619904031399516,0.27045268615489304,0.7816790462396938,3.0919269084220775
5,-0.009047600899952435,-0.0145943483342666,-0.20999998542564563,0.5016264447936004,-0.42060749098594263,-0.7559498980820382,4.217403426871071
5,-0.010600738523858191,-0.01400216757472637,-0.003000000520958399,0.36738902487603803,-0.91118088963036,0.1864797328748084,4.687253127417525
5,-0.0030083502160130234,-0.011866041343531301,-0.0029462301203622655,0.9742609570157625,0.2169923904925323,-0.06107282622465526,17.33621856240221
5,-0.006895719876579884,-0.014574574876665938,-0.005178942167309634,-0.5957791277113593,0.7903187418238169,-0.142980828454416,8.224476024592914
5,-0.004945076872577135,-0.007300088139388459,-0.0030000013766170596,0.1084047400863645,-0.6578700282304081,0.7452888287656868,6.410501087928587
5,-0.013512483394944097,-0.009093838781794795,-0.20999998461715227,-0.31317293185554923,-0.034984124486057505,-0.9490515401109381,2.807990693400393
5,-0.002377085953208913,-0.002630032715762929,-0.20999998552984783,-0.1829925281590757,-0.9517565076320735,-0.24631947713883404,4.398467223904765
5,-0.012699881927630155,0.008123777983817979,-0.1940233136075549,-0.587011740428116,0.39131548490470947,-0.7087237881384725,7.539794462067074
5,-0.007569346435550177,-0.014815147816861362,0.0006260343068387904,-0.24827765617227604,-0.6950003194727395,-0.6747834922242768,6.086565711723285
5,-0.00748710200791442,-0.014604306062397298,-6.821765678786056e-05,-0.2897451867927698,-0.7851854939062156,-0.5472946801218471,11.801888380097287
5,-0.013846860348387849,0.005289687907225086,-0.20999998562407796,-0.3730932169762481,-0.6507026396397528,-0.6613528001091191,2.6488204995421523
5,-0.0002039244530417599,-0.015551394468142025,-0.20999998586605528,0.5483491324667965,0.6348201179846679,-0.5443497466931017,1.7127859590003092
5,-0.007742121500292437,-0.01562866240290979,-0.0025000010197208447,-0.362317340782852,-0.4777383400102433,0.8003075802791704,7.743886502945726
5,-0.007051032452023044,-0.016232576317065747,-0.003000000020549035,-0.13325335301316849,0.7298176902581037,0.6705294049458791,5.395216961256883
5,-0.010695013457792097,-0.014310178406766499,-0.0030000017609017465,0.6519258790473256,-0.4912847624649722,0.577608803947886,8.777152859337793
5,0.007310395731421936,-0.011041574836394216,-0.20999998495378736,0.44199490492761595,-0.412917836119847,-0.7963286787703494,1.6432828868473752
5,-0.010429931162162804,-0.014182405964693336,-0.002961626656585917,-0.7336185596592211,-0.059922148542581204,-0.6769144296272395,17.01947861068747
5,-0.03744080317586028,-0.01992502467128962,-0.2099999841904967,0.07707102046311289,0.13998671751488667,-0.9871493183526907,3.303426276638752
5,-0.01802092467522355,-0.021943324091882974,-0.2099999859898874,0.2569123586178492,0.5808442060075637,-0.7724092492564137,4.151015838627936
5,-0.0027600540063914035,-0.011487179338811954,-0.0030000016468119924,-0.01215460152900915,-0.7787533055714251,0.6272125275560505,9.18795525738501
5,-0.010563473662855543,-0.010795444975582245,-0.02690702804292176,0.15074541579346465,-0.3924643499868784,0.9073299034015313,3.6834252585960368
5,0.03075046888987349,0.016037909101091184,-0.20999998559687683,0.24093547979883043,0.74253370809719,-0.6249750290319959,3.539670650671061
5,-0.006568705346152631,-0.01617563598673718,-0.0030000001945127254,0.22096601823709283,0.9202097004635588,0.3230915132856516,3.211302437313404
5,-0.005821050288341453,-0.01613130888470745,-0.0030000004908532704,-0.9088985688138326,-0.044005819530732834,0.4146888947820946,7.6813271160475045
5,0.01990210503418951,-0.001166992535930147,-0.20999998518156354,-0.5791865704898566,-0.17024984482857247,-0.7972188575918443,2.322729360010793
5,-0.004587739050645502,-0.015512836722344298,-0.0030000011271913204,-0.215147447548247,-0.6773654584076434,0.7034824884598605,9.624998679241624
5,-0.005976028651716923,-0.017630028094361313,-0.0030000001771926053,-0.09155592644000413,-0.1033901758685296,0.9904180853899969,2.4534191046563527
5,-0.008222980043056136,-0.016089048132723625,-0.00300000068144544,0.45214405479509734,0.06145750512006719,0.8898251113437206,4.7569970738829905
5,-0.01875675620384855,-0.033872564669918635,-0.20999998575436912,-0.39492973926504604,-0.6655641273745776,-0.6332889493715803,4.797679367128424
5,-0.0031606836500828062,-0.013246672567266186,-0.0026738255017978354,0.22812752742913175,-0.4514241879118659,0.8626552230162308,17.042777337699228
5,-0.004291528425082729,-0.01506785303482027,-0.002804969662043781,0.9586746664275562,-0.08447836447215622,-0.271673130592857,16.913755014438244
5,-0.002949388364474512,-0.012313741493498447,-0.003000001647992386,-0.27469781717088787,-0.04382432556576006,0.9605313830012301,2.8509502351434137
5,-0.00391770318544489,-0.01467375612976598,-0.00270921596914591,0.5910267070160424,-0.5934858457993031,0.5463167418537154,7.154761226943117
5,-0.004383910301520692,-0.015392131689814861,-0.0030000000881934136,0.12302481528781921,-0.08636857419620063,0.9886381361320802,6.349425005286992
5,-0.004105314600121439,-0.014884922662932672,-0.002974912020797191,0.23680278501444232,-0.9118070593219596,-0.33545838427447927,7.125165217009986
5,-0.003420445158751705,-0.013909492452237656,-0.002742570523573247,0.6821980721106687,-0.7296750621816559,0.04669147715251346,26.78052495647986
5,0.005765228267386751,0.002961977401713543,-0.20999998571438283,-0.4182179121185266,-0.3323332356235307,-0.8453687943632741,3.864107563033923
5,-0.010539945345491224,-0.014116248408321796,-0.0030000000131083253,-0.9271897791241297,-0.3049575605447236,0.21753160633424895,14.748797863581844
5,0.01099315461107371,-0.03257213855564925,-0.20999998535427183,0.5841918823543052,-0.2698038882508471,-0.7654578410833991,3.8608895944092225
5,-0.0053891339308349395,-0.01581465593398097,-0.0030000010683086534,-0.015036239032568954,-0.16276012808230256,0.9865510895145714,4.850948934728866
5,-0.005881597436948951,-0.016199649804234724,-0.0030000029932363416,0.4143321869147227,0.4877842122898986,0.7683719158891645,12.11109789241318
5,-0.0007659562328266473,-0.023162258062951434,-0.20999998477988968,0.7538163272940669,0.36429787979452993,-0.5468528133621464,3.3415039122141343
5,-0.008269959809093192,-0.001363729930746205,-0.20999998525250296,0.7807955562368577,-0.5902602880446204,-0.20481965657196483,3.1255895192432597
5,0.03542132019986078,-0.004512305305709547,-0.18629440599984623,-0.9538110013784767,0.13179979591949054,0.26995071299214624,4.253072324839544
5,0.006554931849078423,-0.005502046278413138,-0.209999985647297,0.560341736439102,-0.016580309012070877,-0.8280955450655898,3.4106234694963447
5,-0.028168054244257657,-0.0193900987091447,-0.20999998475888715,-0.4925590082487317,0.033800980070192416,-0.8696223991706518,4.112224153774819
5,-0.004230859096721028,-0.008249246543925687,-0.0030000002882145877,-0.1914964678849556,0.45355200625173714,0.8704135111615685,3.4779952537055725
5,-0.013747371113092776,-0.008603712591411674,-0.0030000000694166765,-0.9419015735323496,-0.19329456163385356,0.27469735750469126,2.0547511889600076
5,-0.046414520656109945,-0.002042403685356646,-0.20999998465541408,0.048286072857039716,0.15682440458653346,-0.9864454172908524,7.6660862710209425
5,-0.008018750029992801,-0.016590932113140423,-0.0030000013614783043,-0.09393350157785021,-0.5478101432729678,0.8313125430357554,4.110091615276957
5,-0.004188305982538417,-0.009766093122890165,-0.004903327272836805,-0.4823740945121819,0.3528107781222408,0.80177290287483,4.63875914368799
5,-0.010184652108770448,-0.017454666702681948,-0.20999998585957558,-0.5248421509811304,0.6958317485170478,-0.4902641066906779,3.5911595564736487
5,-0.00850549949506963,0.007062604334516619,-0.20999998512311846,0.07734963574953659,0.4986649096202094,-0.8633367487619662,3.8219396331468753
5,-0.02012795988481254,-0.04951153035495999,-0.2099999837990829,-0.10904057918931877,0.17701014891658087,-0.978150069912888,3.763438489942751
5,-0.012364554456316502,0.00741856719039667,-0.20999998494318856,0.2438919689145603,0.800111916054611,-0.5480306827965001,3.826573807029418
5,0.00388831313042662,-0.008951436397505784,-0.2099999844468018,-0.4039811965768615,-0.3616153203965551,-0.8402580275527417,2.9262861618553773
5,-0.005464458688329649,-0.01581787607655454,-0.0028994115270458134,0.6719229413564718,-0.556678931575322,0.48849578096338253,8.319436339854295
5,-0.0030618630188217985,-0.009406237981525347,-0.0030000000126107576,0.02692599475673845,0.2256082674503031,0.9738459326117418,4.006093577309128
5,-0.005557815506630875,-0.017702376613246803,-0.0030000004155939656,0.900211634004655,0.16789813669544898,0.4017825651977267,2.2287888789893757
5,0.004109196335166302,-0.022460460115839853,-0.20999998444416415,-0.3573999369771426,0.3432531885196127,-0.8685865147582328,3.019640230102598
5,-0.004787926145511806,-0.015457029222650031,-0.002955714810509825,-0.26580648914575167,-0.9392635014888756,-0.21709671830515043,14.875236414682458
5,-0.004566811913177354,-0.01463335496590494,-0.0024876904152390427,0.41788443056628494,-0.8817228207699749,0.21894627200235822,6.9596465884970655
5,-0.0037625971321467626,-0.006946915414277744,-0.003000000298079455,0.6665868926225358,0.1793010710405965,0.7235420101884387,2.0924271111493846
5,-0.0073600882002413884,-0.023637823196215307,-0.20999998599062747,0.322656845296747,-0.22303116085811417,-0.9198639363891992,3.798776423944614
5,-0.010090284632729683,-0.009435973509045292,-0.0030000002754295655,0.4579032715679234,0.670153805954783,0.5841390846807903,5.001994904676591
5,-0.01170204237373276,-0.011282096958100857,-0.0030000008211588437,0.5073465061524012,-0.06598134984944477,0.8592124208640128,4.721562101954439
5,-0.010694849642433684,-0.013656700453894229,-0.0029640321191133604,-0.6059373078596147,-0.6045777780685071,0.5170354815770282,9.569025571366396
5,-0.017825704730433208,-0.04171588054135357,-0.20999998568220352,-0.5681750982993581,-0.05705082779055115,-0.8209276830031543,4.509953936170935
5,-0.012711118400259167,-0.011348201383983441,-0.0030000011130909845,0.07201574520353231,0.39429241351538474,0.91615895186752,2.7952519384006376
5,-0.011032782457563988,-0.013191401698193717,-0.0030000000031512927,-0.5998622959102179,0.44765039271232937,0.6631548475656492,7.489754934992513
5,-0.019428281981161886,0.00348289747193635,-0.04533663211770098,-0.46190996837959863,0.6930251356173059,-0.5534937601402321,7.370328221416597
5,-0.008213724686356935,0.002976961313926516,-0.2099999849610662,-0.12462470618556716,-0.508682646455916,-0.8518865228437213,4.365456604190878
5,-0.01990149411917852,-0.03301921829007294,-0.06367759225739118,-0.2446923489776225,-0.38163758022048266,0.8913351848296289,9.3594178104096
5,-0.0032719033691385423,-0.007469612973636942,-0.0030000003351330247,0.477641554972985,-0.23367530738416842,0.8469087292512126,3.0619501259675492
5,-0.004379514470504831,-0.02147656689196728,-0.20999998498603958,0.45487284528279076,-0.11219391811593864,-0.8834609325613286,5.898451461906823
5,-0.014763010850044644,-0.005093290746196004,-0.10658307254495065,0.383780831415813,-0.5935329376490559,-0.7074114258078311,8.045920649803493
5,-0.015105313513645108,0.0027157856828645523,-0.17202093833314377,0.03755687743980518,0.9177135480503402,-0.3954634302711536,3.998568391892248
5,-0.009321481156768464,-0.0167907531778889,-0.20999998474196938,-0.39357505722587255,-0.09613628962833584,-0.9142518734714998,4.203272654757571
5,0.018071463915525398,-0.013090305887630015,-0.2099999856738487,0.10741108228876269,-0.032437609856493625,-0.993685393305323,3.4965987307186595
5,-0.011573870153343411,-0.014838120143696204,-0.003000001774828046,-0.16967045220217705,-0.19710507503866015,0.9655886945503829,2.40878405011496
5,-0.005801329642857933,-0.026400064998577992,-0.20999998404588224,0.229537763833739,-0.3325510803734352,-0.9147252013127589,4.393530353854594
5,0.013174596044096262,-0.004089564692642097,-0.2099999848011448,0.5412821926136686,0.03098029496931437,-0.8402700811542402,5.055043944360062
5,-0.015019462200121365,-0.008804070667097257,-0.03547879274458374,-0.0332800442163686,-0.29968143638165834,-0.9534586909484766,3.975966185779131
5,0.0040478968082129346,0.002995914639315058,-0.20999998592802932,0.4542770564777782,-0.4485650359508098,-0.7696893948082788,2.977657484141121
5,0.028666833672758303,0.013466198784801164,-0.20999998580416973,-0.03765309838067062,0.7673840769392588,-0.6400811844152408,4.573035760702206
5,0.018720808733867493,0.011792681006381702,-0.20999998517037605,-0.039450455766130356,-0.94410665507266,-0.3272709663067563,2.313792014839216
5,-0.008798817359652654,-0.016342100930816686,-0.003000001710438945,0.6841397207746824,0.1831502846470889,0.7059807473947359,11.773443307945605
5,-0.00987590882801541,-0.013971726546064635,-0.0022953226379889067,-0.6821072683895113,-0.6001605757146691,-0.417776205363632,6.292523472462326
5,-0.009955475617292521,-0.020497398873387557,-0.2099999859805347,-0.8947296046915455,0.1864037511756599,-0.40584797158068125,4.920946369674676
5,-0.0030019945888583935,-0.01172403073198296,-0.0030000012096068375,-0.19150548319836735,0.312429213281413,0.9304373361991214,7.746456614039979
5,0.02873892578099172,-0.00893452977362718,-0.2099999844138217,-0.523950809297819,0.6361061024098777,-0.5664314397286531,2.9579017112247477
5,-0.007995491105481353,-0.015444297033669317,-0.0024147249913534664,0.31684202376004755,-0.7695666127076844,0.5544171359051397,10.200270772286789
5,-0.037161800421924296,-0.03350770337612392,-0.20999998594485114,0.3232749859883685,0.7351583134977078,-0.5958485860765521,5.294591621554004
5,-0.007679104482397288,-0.016066280736794038,-0.00294136146741087,0.6668133429475828,-0.302943027830748,0.6808711240431687,23.33861128336697
5,-0.023070395838427533,-0.025753633956512034,-0.20999998589387647,0.3601875121424023,0.10270501568636176,-0.9272090572516704,5.004146845722722
5,0.0058433152989706225,-0.034397178850348056,-0.2099999832861142,0.277104526387071,0.034818240294375954,-0.9602087125196274,3.8219051467232172
5,-0.010978832500195691,-0.01604691971399004,-0.003000003431043895,-0.33472744274068067,-0.136783432284387,0.9323346136065029,1.5835399815934383
5,-0.007043309983706661,-0.01618383691954569,-0.0030000004073719114,0.4002184022044703,0.003731367384720085,0.9164121929755961,8.489218099728182
5,-0.005583012833468104,-0.01621906574488714,-0.003000000091171038,-0.9414292718223198,0.27226127056065447,0.1989591081322858,3.680030495175265
5,-0.010299127635902686,0.003472547521899058,-0.20999998446740237,-0.20405316660113693,-0.34374217070481433,-0.9166262189568825,3.7334502388168547
5,-0.007225502756070685,-0.016415396387970634,-0.0030000017914929115,0.2921239370366266,-0.6966493720027814,0.6552428999221215,11.83391449062083
5,-0.0059332844490828695,-0.01621205812059498,-0.003000002128940269,-0.7273803089975771,-0.006925006463890451,0.6861996286563148,10.149475064457723
5,0.002722712235974865,-0.029205150398944602,-0.2099999815961847,-0.23223988492955427,-0.07435795565622104,-0.9698121108124683,2.7953182921536266
5,-0.010091060734529776,-0.01475003608669066,-0.003000000001334365,-0.49390111138324094,0.7282180839337677,0.47514220440435706,9.034749849163276
5,-0.03676860471200005,-0.008645803929920601,-0.2099999844902821,-0.10185804332725854,-0.7244603022483365,-0.681749374386065,3.2598539172624594
5,-0.004415315650244585,-0.022923881363276576,-0.2099999848993792,0.5321355375174212,0.11080604661647757,-0.8393770247893807,5.105061757374178
5,0.014957278973242557,-0.003964322457437622,-0.2099999858991082,-0.7323928594349655,-0.4371729913409089,-0.5219966236391924,2.7331129885020164
5,0.002484607120329513,0.022450791783897646,-0.2099999858515495,0.1335570956808582,-0.71322411706796,-0.6880943692735196,5.486000070312165
5,-0.0068645649955299815,-0.016878471019169942,-0.20999998569299416,0.8327857956285001,-0.03741084200858655,-0.5523298357862034,2.99195220660717
5,-0.009456853874581322,-0.02747788331989177,-0.02266581591835626,-0.9627933269359766,0.2096828571527897,0.17047612449782046,4.026644747023818
5,-0.002124345097004621,-0.01530864162292404,-0.003000000244546947,0.037203754964041894,-0.1390296889711131,0.9895891198882348,1.7224484039421892
5,0.005030055302268363,-0.04140825796538966,-0.20999998559417088,-0.8150563579502095,0.2839091209169826,-0.5050532094988467,4.507983893209844
5,-0.00525408335525171,-0.015723204963225976,-0.0029895785985985155,0.5853806012586075,-0.8076500498026424,-0.07092918104631007,15.435428290691908
5,-0.00415574292764781,-0.015051579339835936,-0.003000000052034806,0.29885951672080313,-0.04327551483685426,0.9533153827988999,13.249738712367607
5,-0.004883914148014765,-0.015518788263986406,-0.002887135739737615,0.49818807891583633,-0.8606699661042435,0.10514679011871111,5.728412929635662
5,-0.008478841131005731,-0.015840943139760606,-0.002876952801772914,0.4944023216846945,-0.6867303369747717,0.5328862811062978,19.036423199225492
5,0.002554241439589227,-0.015491192267391277,-0.20999998456304725,-0.5053145934423253,-0.16798204819943988,-0.846427311195083,5.168172486699175
5,0.006824589551767216,-0.011009571700618207,-0.2099999859472636,0.5511991908671383,0.8060328193730542,-0.21561666466425486,3.7817115510928687
5,-0.0030320775569106844,-0.012716996929008111,-0.0030000003528301558,-0.12885992901170484,-0.853863947915219,0.5042930468940995,11.611574801247723
5,-0.003075473737042418,-0.012982784554934144,-0.003000001609898823,-0.11464003627578305,0.13250284725993222,0.9845306788265661,14.093784652399245
5,-0.0031164017086772297,-0.013082281890815645,-0.0027303867185939487,0.9987840215950162,-0.029207886701444703,0.039716212821990046,14.462559964018137
5,-0.0030012421101052204,-0.012223906240195113,-0.0029178418414073197,0.9109527394014661,-0.4082601210041305,-0.05906589688354135,10.620234248089524
5,-0.002949979309825668,-0.012310163109970093,-0.0030000004320929552,-0.27402225591056545,0.2490124412623562,0.928926588790657,1.6540117916745465
5,-0.003914541230208969,-0.014669928061526895,-0.00273051926304376,0.910755995109338,-0.40601174344160534,0.07535238257618303,8.639840917208751
5,-0.004177871221157766,-0.015069179961694188,-0.003000001819789177,-0.45949607804524645,-0.2729496055087349,0.8451993061483561,5.977884190725177
5,-0.002836084340440948,-0.016451632406548178,-0.0030000016840345603,0.6329379178660653,-0.14862883650847733,0.7598019880768319,1.2527023757116775
5,-0.003859946285320135,-0.014936287598365464,-0.0030000008713158984,0.11068415634502672,0.42358383276387035,0.8990693822810669,10.6824710422305
5,-0.002450805430116754,-0.01953326562353789,-0.0030000008897943524,-0.1714141648515121,0.020898025049360943,0.9849773888964636,6.012786631388922
5,-0.002356461397214303,-0.010971730623001375,-0.0030000001371796535,-0.1721893344056935,-0.546328720640903,0.8196802804263369,7.84765969937996
5,-0.0031478501500040107,-0.013201792165088396,-0.0029798802572372036,0.6714824051589015,-0.582702478126505,0.457787288538298,10.239711003362135
5,-0.003581184050734754,-0.014200816790048018,-0.0029533918392691313,0.5592580024971924,0.047488503385683126,0.8276323632441148,12.445390065229812
5,-0.003831648603069885,-0.014565981457409224,-0.0027769630126398145,0.7772834894888315,-0.3195379679759108,0.5419648180370115,5.815398389706932
5,0.008427083830945712,-0.002396591603822184,-0.11202530797076413,-0.5915336337154461,0.789128273499992,0.16542227221968075,7.575809261923234
5,-0.0033589561832254875,0.002000642703091499,-0.13757490499720645,-0.22599860699455582,0.8296000383912495,0.5105765426826397,7.5325326320131
5,-0.015421228504470731,-0.003582355889399397,-0.0989986797135081,-0.0017097680820462036,0.9543221548308177,0.2987746667509989,4.2119000832437665
5,-0.005088759358010932,-0.015638199736742783,-0.0029032014537383475,0.9056358506219238,-0.08390595540387416,-0.4156723429770948,9.078933279412123
5,-0.0038799000524692992,-0.02221499775011814,-0.20999998527372846,-0.43026230086090794,0.3122945877068531,-0.8469630705921507,1.5149780539236692
5,-0.007274353713535128,-0.018372086576015998,-0.003000000264538972,0.621541465248575,0.1916410000420544,0.7595787872759059,1.012805120007794
5,-0.009444937614511605,-0.027391431544479677,-0.20999998429396582,-0.5973427740559597,0.5692540038464992,-0.5649172411848135,2.553435063379141
5,-0.019733510833164644,-0.008309721767128788,-0.20999998593879526,-0.7297617693116055,-0.5374207549693811,-0.42264251108866846,2.6690545355786597
5,-0.011693383414147955,-0.01626079843221032,-0.003000000060573669,-0.5115696801972691,0.4318677426318661,0.7428234751116312,0.6321483794296529
5,-0.005774355354255715,-0.016030932361169585,-0.003000002004411101,0.25275642328843106,-0.09810489829141195,0.9625433078140804,5.223506084817053
5,-0.04600587296599473,0.001578797324791134,-0.20999998515099122,-0.3084181384106739,-0.1399358514450761,-0.9409018064493425,2.9447393364321863
5,0.01080487698277327,-0.004032421546406425,-0.20999998566642328,-0.6338764655433009,-0.5220917002446052,-0.5706320031036024,3.732232279955595
5,0.0038315601935389127,-0.011617143697085814,-0.20999998585665675,-0.6337887678103452,-0.41569444032056735,-0.6523112217983182,3.148376365149278
5,-0.0056120212797679085,-0.015910272691123162,-0.003000000928385458,0.7994337116389945,0.39409602200462507,0.45342481861410133,7.333781151454371
5,-0.023007514608330337,-0.005810481458166588,-0.20999998534114028,-0.8884171441643698,-0.3351452026000634,-0.3136760608159127,3.4449400679816713
5,-0.0009746590422552863,-0.016182257434265775,-0.20999998526562225,-0.6393015921985348,-0.37453986519176685,-0.6715752851278489,4.7761431630507385
5,-0.007747735082811757,-0.02473662036901485,-0.058332001181571745,-0.8222154092200616,0.09540878301974959,-0.5611229677742459,4.157057609009642
5,0.03334587179573278,0.0015189206834965185,-0.20999998594734787,-0.8329857023551657,0.12051569135210559,-0.5400099886203914,3.858910358969147
5,-0.00816946290541811,-0.007937045326372748,-0.0030000006129856935,-0.24945203775169764,0.77583523648284,0.5795285728013257,12.611221963302793
5,-0.013051942240931268,-0.033899437738008145,-0.20999998484041202,-0.7840301226715337,0.05888659352079763,-0.6179232443007596,4.844620264930291
5,0.0005229317994694437,-0.020216471885082583,-0.20999998572998768,-0.28782471319401126,-0.6561245011615003,-0.6976084671578733,4.5137314698138065
5,-0.0056674310047799175,-0.012523924189502784,-0.11878307994058171,-0.32090728618385683,0.8840813193844997,-0.3397333283466228,6.210093047121951
5,-0.008376182058688371,-0.01358932055058635,-0.022398598370095803,-0.16707491797097448,-0.6345090982977208,-0.7546417533919031,3.994659506099731
5,0.026843690941799968,0.016350278908338352,-0.20999998581819362,-0.6234657660576618,-0.32425936391456756,-0.7114395993110397,3.597692670405794
5,-0.04165903990010446,-0.0032743598916787696,-0.20999998546291565,-0.7342097147898938,0.3410804247912333,-0.5870266080275874,2.874957938583733
5,-0.009267546967660729,-0.01640923452257915,-0.003000000341435929,-0.16100013000155514,-0.22079830346785118,0.9619392222615736,8.151781616174924
5,-0.009252991579068084,-0.01542950135603114,-0.0025314718757073595,-0.20199276829633275,-0.9327146866416733,0.29873438851077927,21.320774694575082
5,-0.015835167266907615,-0.02680139096831218,-0.2099999851721143,0.4229729383138285,0.6016229913651668,-0.6776014091742979,3.3758234911366536
5,-0.004194402100523529,-0.017454042788007704,-0.0672339914116541,-0.6527153120337975,0.28688129723327516,0.7011860257694641,8.266871547866334
5,-0.010332902752087954,-0.016376765553708747,-0.0030000029349942286,-0.4892194846534303,0.09599015108688114,0.8668622651435169,8.487313699790676
5,-0.011289163344203976,0.009600595640658923,-0.20999998352278726,-0.015433288586161801,-0.15447030017251728,-0.987876885025674,2.5453351958684896
5,-0.003943692899679168,-0.01693161589747641,-0.20999998462120845,0.553541655997676,-0.39633619836311573,-0.7324679193947157,2.7961983254336262
5,-0.03573723177376742,-0.03368660832725853,-0.20999998438220574,0.33311521091370805,-0.6593411208975241,-0.6740204318501873,3.5735264020991666
5,-0.006517357847343445,-0.032414424438429686,-0.09357912410975139,-0.8796981770120658,-0.062175235992912914,-0.4714502703264406,4.238537324430349
5,0.03059900775577913,0.0015713586163798856,-0.2099999859449458,-0.29617607964828585,0.26725390342655075,-0.9169815052373979,3.774312116569574
5,-0.0060887304015723965,-0.016561110559898205,-0.003000000917347289,0.127050451725197,0.3550497219423761,0.9261737837280137,5.369717355714325
5,-0.005362637494861353,-0.015804563108211947,-0.0030000020158846255,0.12049192378036977,0.5083414042886154,0.8526844158242743,4.769851766929879
5,-0.016608691136052418,-0.019527794173499865,-0.09076436558544262,-0.024596547375115796,0.8650752995263491,-0.5010386571978465,7.935676121776795
5,-0.004381238681047296,-0.016137690548867406,-0.0030000000353568486,0.16497533306962284,-0.7094265636210391,0.6851985772806384,3.705480397683494
5,-0.004872034119203965,-0.015511354428353899,-0.0029355799401781205,-0.061591656973152505,-0.9554418088503982,0.2886822088248256,9.726706319158872
5,-0.010581352074656592,-0.028341651163616578,-0.20999998428205224,-0.6426369520538733,-0.21385208151752869,-0.7357207589062089,4.28292260917097
5,-0.0034301993764084796,-0.013928931099993873,-0.002889265757607635,0.42148927544437526,-0.8353399004749089,0.3529221463155075,13.381766550578536
5,-0.012922709505691065,-0.010508172614040495,-0.04998799210182318,-0.6815975378322664,-0.7089234640861912,-0.18125208547497237,3.8552513008013642
5,-0.000682134136774389,-0.006457046382107566,-0.11612055778301379,-0.6581789480978647,-0.732668250190522,0.173198462590021,4.232560045010382
5,-0.010325941818074192,-0.01108694767482097,-0.002459836402788516,-0.8091778090815985,0.021158050873559986,-0.587182774077318,7.288103150097995
5,-0.011049136727549744,-0.011318667732524655,-0.003000000525092459,0.4699737923375555,-0.6804439669653516,0.5622460692048559,8.273943864216298
5,-0.010990239208050465,-0.006258653963279506,-0.003000000604921867,-0.6126213561998792,-0.2812119011029321,0.7386575259251713,1.0525939338373977
5,-0.01119801765728865,-0.012047141930331393,-0.003000000818193706,0.2764936674654393,-0.5908966615237181,0.7578867905245711,7.823762332818799
5,-0.003108340741749854,0.0005341461252669546,-0.2099999845365725,0.31978041492640213,0.7803009145031622,-0.537467179514272,3.19634713758788
5,-0.010107279418934915,-0.015085652756576154,-0.003000000780950262,0.554501789044347,-0.5309664487215957,0.6407826435528632,5.471639879910203
5,-0.010489620298674434,-0.014087545620365367,-0.0030000019329891707,-0.2441290646686496,0.40827979510202766,0.8796070763104722,12.456353319173356
5,-0.00092584258733804,-0.011698257947654752,-0.20999998517952495,0.6078247881490215,0.12050068842749591,-0.7848749014971093,3.414566616209484
5,-0.010452560978021093,-0.012170344102339343,-0.034403569274502256,0.8779999449267943,-0.2693392001737718,0.39569242090075374,7.59706734502947
5,0.003431772049705828,-0.0034450589380529938,-0.20999998456904292,0.23742204223668567,-0.2795889246850632,-0.9303014603092976,4.315946189644771
5,-0.018993689651356557,-0.023611273145802095,-0.20999998275499296,0.10695087487103433,-0.045530110843910704,-0.9932212841914242,2.531704800243396
5,-0.00944867975281672,-0.010237207352547989,-0.20999998503812747,-0.10475179741496443,0.06380974435196274,-0.9924491813005196,3.4104552752991317
5,-0.01683541788729531,0.0031647791341252508,-0.20999998496830144,0.1181613322162489,0.6461721931464166,-0.7539889895570303,3.589900799794252
5,-0.014847418605750125,-0.00816889587324186,-0.003000001860012221,-0.6792849518045047,0.3649442382678913,0.6367006024867735,1.3101025940373014
5,-0.0067390433958123535,-0.016915389148211966,-0.2099999850277134,-0.558439118281174,-0.3215549652374538,-0.7646882734189698,1.670270851220078
5,-0.00295523163844396,-0.01169389992656367,-0.003000000849878264,0.610663182077148,0.18767381460240842,0.7693302394732662,6.017688440622804
5,-0.008718857486155836,-0.01623800956992208,-0.003000000689271095,-0.15345158382723145,0.07314386219969266,0.9854453748653076,4.191237942536616
5,0.010063363206294466,-0.03119907651849048,-0.20999998590704833,0.5767305536957404,-0.20096944597589114,-0.791828990513702,2.8464614429801562
5,-0.006490070206510649,-0.01631805542242251,-0.0030000004916222326,-0.2311097149307328,0.30047384155499307,0.9253668300764948,4.855536193715491
5,-0.011259646826928205,-0.01642642034924023,-0.0030000011998044694,-0.3527441676723289,-0.8147487204896628,0.46016961506993587,2.7868937293576996
5,-0.00915319638973892,-0.015495369622425034,-0.002881236696482204,-0.6592150323803172,-0.49306427132919284,-0.5677351190673604,11.062520914168582
5,-0.005147608941833586,-0.015782337035611146,-0.0030000008047856254,-0.4107528174950316,0.4307520395685292,0.8035762585638315,5.331843965259091
5,-0.004427062011805535,-0.01647855381552541,-0.003000001944951268,-0.10887553591684423,-0.00662023695896391,0.9940333445822768,2.709086474233229
5,-0.013110154232850937,-0.008592974129169102,-0.20999998405240922,0.6897323386118789,0.04729559500296798,-0.722518115874131,4.72825755221677
5,-0.012168426617626849,-0.027461329565188347,-0.20999998545845483,-0.34329587410709295,0.2670698657626739,-0.9004563452064481,3.601947154874089
5,0.013609935447769568,-0.02612462100827606,-0.2099999851358235,-0.3546360362430015,-0.5489911471460127,-0.7568632651629734,3.517766878365502
5,-0.006572561395854447,0.0013119729092098181,-0.20999998452654922,-0.22126705568237445,0.08382448167993134,-0.9716040069600083,3.8723447254520584
5,0.01088903254705222,0.013083010917093421,-0.2099999857933612,0.32917907637514804,-0.1359438820507517,-0.9344305199477251,3.8567989129513127
5,-0.016839674459995096,-0.02045252467415125,-0.056690358724853465,0.10968187338992647,-0.14302427408484913,0.9836228665866699,7.801479837863015
5,0.0011588765088236864,-0.01743605646864195,-0.20999998540042145,0.16924669340556336,0.33794650664064213,-0.9258227235387289,2.3770808444821743
5,-0.0062124278970274996,-0.011214486713943247,-0.005033592958698205,-0.8815031103317648,0.09427513386567103,-0.4626710122863053,6.980152318184287
5,-0.01075332316939534,-0.013888284021053241,-0.2099999859364271,-0.1879234366441214,-0.7787288802017298,-0.5985533502534446,2.4530643298049104
5,-0.010838501394045715,0.005580544440261283,-0.20999998526464825,-0.2917517564114187,-0.8717030875640057,-0.39371898577822173,3.625061878740007
5,-0.009335221671228165,-0.01803729230910102,-0.0030000018250920264,-0.02746643093476982,-0.5109295850294825,0.8591836557531259,2.1662555149058944
5,-0.04199934339877068,0.0008863746081403537,-0.20999998585670043,-0.7596150095799761,-0.2673487813788246,-0.5928825063333127,2.876144005831046
5,-0.004808936381993286,-0.01547088087756814,-0.0026472520958788675,-0.42395471191604917,-0.8286036477967927,-0.3656205643861249,14.598673928733808
5,-0.003036202748950318,-0.013393484327965036,-0.0030000008258691114,0.6561273885684848,0.6474064715470983,0.38776501978548383,8.212297037801259
5,-0.0025620214956650063,-0.013198190245872102,-0.0030000001436366504,0.23964378228709607,0.5575309135059298,0.7948145306273524,10.42343194271318
5,-0.0030973757826183203,-0.013001572750996178,-0.0029812417579019148,0.49349130661454044,-0.7128828565303793,0.49826134022314067,10.576194517506234
5,-0.005575753100046467,-0.0158621987451273,-0.0029024341081687463,0.030413236136763444,-0.9791943226391487,0.2006327829118377,13.050601429895622
5,-0.010852235155972917,-0.008374133549653537,-0.20999998257003644,-0.058306396545448474,0.47150429555915047,-0.8799341244611181,3.7161084439824337
5,-0.017091309756105122,0.00781275048252861,-0.2099999854166278,0.6064144354356514,-0.46841026784113443,-0.6425366553561416,3.626879941539671
5,0.012488391152596336,-0.013868773641002731,-0.2099999852281196,0.10934217096438617,-0.21133114686806964,-0.9712792780720803,3.4590366533943455
5,-0.0013932010063139317,-0.011244504042468604,-0.0030000001449784824,0.4714594240693578,-0.029643561121299435,0.8813893979055099,3.4833535678912195
5,-0.0036032573523095907,-0.009963369048000766,-0.003000000611851686,0.8468716506675219,-0.23187710780529383,0.47858271403334085,18.449718213688797
5,-0.002998239484800354,-0.010813365949233648,-0.0030000005479141043,-0.36831348711878575,-0.1747671268985399,0.9131273879158538,6.028036024909163
5,-0.002980421893771919,-0.011080709283424445,-0.0030000000040849946,-0.39781792337661587,-0.6851982015998539,0.6101182871908062,8.632921285086654
5,-0.006635886428508676,-0.0012105586048040376,-0.1811454500843447,-0.7733018868290952,-0.6292172575888813,0.07803739218406018,4.53413445565092
5,0.013024653384568752,-0.007834718074182007,-0.20999998520402458,-0.5167940214748664,-0.1650520904483252,-0.840048657404125,3.302662195819864
5,-0.0024834782723733547,-0.0011205195764577276,-0.20999998278584503,-0.5547350787837441,0.22092544376197606,-0.8021601714529133,3.889037475651373
5,-0.005669186433299162,-0.016100560644067397,-0.0030000000352038364,-0.2371409601874733,-0.7809350594203,0.5778447870921534,3.1433876550492346
5,0.0062659892187490315,-0.018198586442494814,-0.16262776310453408,0.7938697628897486,-0.3535771456810675,0.49472618853402467,4.435713255312608
5,-0.02032650021362495,0.0009352467067577953,-0.2099999855782363,0.2989389895813412,0.8292892633218746,-0.4721385371341227,3.4090464127978555
5,-0.0062788253810774335,-0.016058803198126408,-0.002722445677981935,-0.02054907234248876,-0.868319710080084,0.4955790721088834,5.687941002495805
5,-0.005149082918627101,-0.0158224430666445,-0.003000000269919389,-0.7878336387894227,-0.3548168934822053,0.5034114914177612,3.2259369389451997
5,-0.019316630395869835,-0.0102769074320732,-0.20999998569930933,0.4344077610408648,-0.6573347061152831,-0.6157929694985134,4.301517047607972
5,0.012775370750881164,-0.016202679378032915,-0.0857934798107178,0.6724148982645477,-0.010185209386876837,-0.7401043616285634,4.2928096864033725
5,-0.009846823298023208,-0.01573875371276563,-0.16375997122904332,-0.9855599565448928,-0.10853584240647757,-0.12996746888489286,8.813654731608354
5,0.0020232159410528113,-0.012577862902001953,-0.2099999855815919,-0.6665152551311212,0.14681444507084912,-0.7308918753112768,4.888366147262315
5,-0.00412295802511752,-0.014903306997740472,-0.002792519351006351,0.9106980176029924,0.1355755291757267,-0.3901902056980692,12.436404686911803
5,-0.004021762804458833,-0.014794573152151748,-0.002958483253132125,0.3536818182256481,-0.928026781768848,-0.1169421385829529,16.989970169584666
5,-0.005689505120163207,-0.01592065158122425,-0.0030000002743422473,0.5657362240318136,0.6863568703255681,0.4570085025195017,10.803338512478742
5,-0.0046552091616912355,-0.017304380537228187,-0.0030000018231647234,-0.30253522177106296,-0.08610651033599123,0.9492408063635339,2.0002717455688113
5,-0.005564673501876494,-0.005327573048176867,-0.2099999854542254,0.2112102861209404,-0.8868404573763512,-0.4109795836744388,6.260853502546602
5,-0.0018575414285048261,-0.012402029129651989,-0.003000000659325249,-0.1670972819700223,-0.22483473919684813,0.9599624151020266,10.011938073380218
5,-0.007618608528859542,-0.007147947516638841,-0.0030000004254877944,0.2932980318004924,-0.41370198297136807,0.8618740823504992,2.3098624527738587
5,-0.005156868323109562,-0.017428757407609043,-0.20999998441133905,0.3617162476312168,0.23038662032282672,-0.90337332336959,3.031928292557544
5,0.00015081914196136937,-0.03707147688439433,-0.2099999847980794,-0.10887047517765923,-0.41425595609381005,-0.9036255986167023,4.487490727960249
5,0.001125290493371719,-0.02700930214245497,-0.20999998594790587,0.030496296732705257,-0.6272930643744964,-0.7781859593138678,3.9969449800630423
5,0.0038740964711578762,-0.03955774611143101,-0.20999998584487473,-0.1343150234910034,-0.2937960289788201,-0.9463843657948323,3.15289991854862
5,-0.001895113153085804,-0.021163812103528877,-0.20999998456805566,-0.5710230525498289,0.26557197117911474,-0.7767909638897166,2.8067772293348647
5,-0.01127847228622543,-0.012224110332459931,-0.003000002969986971,0.29997577006583614,0.051527093408259304,0.9525541958431052,10.008118132706588
5,-0.011074604098856293,-0.012691548988319964,-0.003000000544427836,-0.7828542844136979,0.34191215469252934,0.5198415603322117,15.859891735111086
5,-0.007277177033245957,-0.016912571988728822,-0.0030000001651770735,-0.053091918257038455,0.4172367987160748,0.9072456679493981,2.4641112192703796
5,-0.00815042120425593,-0.02998447749825231,-0.20999998469803666,-0.39307393088530496,-0.6987851420608119,-0.5976555948817225,3.156004705108497
5,-0.010041095849423837,-0.01480364224990645,-0.003000001497643333,-0.4787158470105514,0.48754154409123374,0.7301605170139684,17.954035612431465
5,-0.0035067598545586443,-0.005486514610894881,-0.20999998406340534,0.1716332560331463,-0.39202171126892427,-0.9038036309493587,3.0331242682483586
5,-0.009824744569019078,-0.021471057916705442,-0.20999998461075764,-0.5269137089422441,-0.44393152171306643,-0.7247666847739687,3.3467990118714934
5,0.021274872381458563,-0.01337769022174063,-0.20999998447936905,0.03619559599742592,0.6175166563563335,-0.7857245433056581,4.394873885172045
5,-0.003549614959445197,-0.009264891294640046,-0.0030000008131223083,0.2554282889943692,0.1375073445664765,0.9569995399015014,3.611368617396437
5,-0.00305374762494738,-0.012777839714931192,-0.0029209049504896607,0.7799470007402148,0.6163788068416345,0.10844280756613849,19.08179246725186
5,-0.011142025884305429,0.013958311640821359,-0.20999998595717428,-0.018799721505693968,0.018606630576630645,-0.9996501206771762,3.3425923245400853
5,-0.0293651044464074,-0.009919908352675411,-0.20999998563395209,0.5793956850863553,-0.5764397854501675,-0.5762098696251895,3.7729672625592485
5,-0.007499014871138075,-0.016630060745796607,-0.003000002447103468,0.5069374747452156,-0.3039061166601208,0.806632176989927,3.730998669267242
5,-0.014398896702628016,-0.019811382569088654,-0.2099999859879446,-0.8504203609774769,0.24320755685111842,-0.466513980418002,4.701671455680735
5,-0.004459672932506549,-0.015214126459922523,-0.0028339812463758544,-0.02239766148306064,-0.9479635717786772,0.3175900051020227,15.177463737059686
5,-0.005445409429245985,-0.015809899745605357,-0.002974487240695843,0.5382789320737555,-0.842008645572939,-0.0357383836506671,5.948527837485111
5,-0.008461668978164272,-0.008009255345295101,-0.20999998574906487,0.14366345817407836,-0.08742815286571211,-0.9857571348318788,3.00297090647179
5,-0.004359641578330804,-0.016033411257173634,-0.003000000313646705,0.42319099428386636,-0.39390973208829044,0.8159316793231918,10.842831328742735
5,-0.011675150291018772,-0.026165379778942198,-0.20999998494018807,0.14968725758337814,0.07625020004742843,-0.9857888373834909,2.331020323423316
5,-0.029268035374367028,-0.0247218276971099,-0.20999998589815552,0.3373745066675143,0.813610146041511,-0.47351554621697733,3.5390671975952332
5,-0.018086179997600066,-0.023113097572398062,-0.17965684611986646,-0.8297387280247209,0.1356059517831325,0.5414283600412052,8.15534347450958
5,-0.010542571660989819,-0.010266892187274244,-0.0028651408010886273,-0.5608749679002883,-0.1812378128768367,0.8078193644413776,7.795801737844782
5,-0.011390782976430723,-0.010596392260297214,-0.0030000001359884363,-0.37720915680605777,0.6703351021555254,0.6390337259016963,8.037470818360251
5,-0.011346845204173426,-0.010338984703902297,-0.003000000964908473,0.18916386850196218,0.3742100096093365,0.9078457465679687,10.65565584224318
5,-0.010105244506710324,-0.01376426577639972,-0.0025000000980899668,-0.5125162190826692,0.5460353421558625,0.6627009357877313,5.721936136162954
5,-0.01048361912967878,-0.014090156970414928,-0.0029605525632352666,-0.9579457929167056,0.1091263110354938,0.2653889712722986,11.741608840176943
5,-0.011010167207874193,-0.012150955331461107,-0.0030000001156987037,0.32273961651707156,0.9303457598612404,0.17405719473387088,19.03829475431144
5,-0.015683557698702024,0.0087283376516642,-0.20999998554569893,-0.5474558284759192,0.1580015500759185,-0.8217831989286176,2.687775050146792
5,-0.009734249250446041,-0.015544648921284234,-0.003000000883236589,-0.38899256493232504,0.14339683352800703,0.9100121606668298,5.522342027854565
5,-0.003306270901928805,-0.014226088355475269,-0.0030000007698121616,-0.011931628922124807,-0.46216042703063426,0.8867160627383077,4.188714565355631
5,-0.03263297913179021,-0.00021482907856662563,-0.20999998578574408,-0.7284863300910389,0.46633826724666744,-0.5018329277477371,3.5422360216944315
5,-0.004052047540126296,-0.001008642261361953,-0.20999998592761676,0.42904737711438884,0.5538642828634778,-0.7135493706530676,7.088385303674222
5,-0.005666250543322852,0.0022134869169233677,-0.20999998347550966,-0.0791830609295293,0.30499523515180493,-0.9490563467974522,1.8450299431263364
5,-0.00672348137134671,-0.01622491057880355,-0.003000000134621432,-0.29439197392292904,0.09935319933187714,0.9505063426786176,4.778787609014459
5,-0.008308018247114433,-0.00963754913858292,-0.013538753323313588,0.8468105269736598,-0.12431384079044369,-0.5171634174944327,7.495936733534022
5,-0.02573757402860237,-0.006262307897936948,-0.2099999851794542,-0.3903653956656486,0.044423619127884936,-0.9195876249332535,3.1003571066569937
5,-0.0102579521092379,-0.00678115041793062,-0.20999998537776204,-0.6315536067139191,-0.12640413826976904,-0.7649588457393754,4.799380638432758
5,-0.03773745496135161,-0.007362387618260282,-0.2099999858788407,-0.2167173949629445,0.2839725253483289,-0.9340199010555224,3.3888272941622875
5,0.006395476616350342,0.0007651862791959018,-0.20999998562264488,0.13642970759122897,-0.47557969446970655,-0.8690287044135381,3.6337966622508917
5,-0.00477625765224711,-0.0041199348470805685,-0.20999998532252467,0.6639793412212734,-0.5229738623884662,-0.5344434242179927,4.764924438578257
5,-0.015577460440169697,-0.03180500566957674,-0.20999998519955687,0.9415169536235815,-0.08767534371006398,-0.3253595859117925,4.489691349460934
5,-0.010970158106155188,-0.012612040919121409,-0.002976166473427395,-0.7948022367981084,-0.5799546845580454,-0.1787231608938862,12.991338678071427
5,0.009710202200277018,0.008351464058607604,-0.20999998541582598,0.15718551270320924,-0.4296531443287777,-0.8892080128769779,3.161989353394882
5,-0.008919772540279383,-0.016318134207708647,-0.0030000000420729363,0.022798217765990846,0.2836271891486468,0.9586635795952261,4.766004834687802
5,0.00044773964765903594,0.012746835956502422,-0.2099999846161909,0.7571580747418133,0.4337429568893756,-0.4884451834158383,7.0172710298385335
5,-0.012476162665335074,-0.002746801555213847,-0.19970625384966867,-0.47997822897625403,0.3316852327177351,0.8121611946564549,7.555092035701975
5,-0.002110191678747557,-0.025585761023979116,-0.016499703425663252,0.27747147124872784,0.7606932915663678,-0.5868179434960994,9.779223049478015
5,-0.009624761186401171,-0.0178158859531448,-0.20999998563997568,-0.5972742266995265,-0.5410502503202322,-0.5920541569391239,2.9036698235798126
5,-0.003222664077358016,-0.013440287911560527,-0.002843835659528565,0.9277731873366687,-0.21967053776976175,-0.30163184131504167,22.07152251661133
5,-0.010244665307680496,-0.014861854714729214,-0.0030000004622115217,0.6128809302323637,-0.24347389895838428,0.7517296228588541,12.618581776580129
5,0.03655344957524571,-0.020365170245681123,-0.20999998499530756,-0.13681823679850713,-0.8985118717273205,-0.4170817503133104,2.6205280511453144
5,-0.024050016396177997,-0.00946765516351479,-0.06395430371950182,-0.5894015460399685,0.017552026209028793,0.8076495179851544,4.336595436269462
5,0.004397578359514744,-0.013145164765674257,-0.082527013658844,-0.09362949323459957,-0.8372516922434817,0.5387421663765131,3.584378235319371
5,-0.009916017409322613,0.00018772202418530797,-0.20999998586990895,0.5311024275473022,-0.5990811947347838,-0.5991927349096506,3.12024498182393
5,-0.00217708651626748,-0.011093924971204115,-0.0030000010446200173,0.1528160909594996,-0.15465805153364162,0.9760779320523928,3.1032636594285297
5,0.0019313195976549623,0.014411166328476166,-0.20999998586428378,-0.17149528784380477,0.7839905789629613,-0.5966138938582397,2.869327360672294
5,-0.002945262238450058,-0.009976651560617444,-0.0030000016495893957,-0.6820112808726223,-0.3283900746824805,0.6534681106316664,4.243861205176935
5,-0.012811525928717725,-0.021778127031232608,-0.20999998576541717,-0.29158253185933475,0.668492075287751,-0.6841768575390257,4.203337915181272
5,-0.0076583132397822305,0.0008041135951718883,-0.20999998558371658,0.6401736645140489,0.42581465165720894,-0.6394212709135533,1.6558758681439727
5,0.011057915641372793,-0.04049905639460975,-0.20999998593204805,-0.059701293008652186,-0.8188224804603671,-0.570933885056603,4.35767490866261
5,-0.0035893275669081496,-0.012639607225136835,-0.020392948407635687,-0.7387719067208722,-0.5835383985168912,0.3371928339931751,7.522528928657033
5,-0.024326915756261697,-0.016829866275373282,-0.20999998571710837,0.23849497875128803,0.7552918703164987,-0.6104542044610946,3.228025688169895
5,-0.019977131062510922,-0.04366939833117663,-0.20999998497170524,0.5700406987987229,0.4321043165004904,-0.6988128943964245,2.924471473389495
5,-0.003578922678161558,-0.03269126232175158,-0.03585587020565022,-0.7170914911742992,0.3621035265325007,0.595534070694655,8.437070779091295
5,-0.006287887992394397,-0.016060453373430983,-0.0027691620567477644,-0.3801151890847884,-0.736139943685237,0.5600093091530994,3.6781167162547113
5,-0.005693261074139925,-0.015904881527886335,-0.0029201366972153265,0.6397369474143294,-0.6913423658410357,0.3358308671136637,14.926905871761964
5,-0.03429387854410843,-0.03062155152423195,-0.20999998486726984,0.059887198044961384,-0.6592631564429118,-0.7495235914014,3.3940206681977814
5,-0.00454548485268845,-0.015713085342727872,-0.0030000002306411755,-0.181246376382159,-0.5173456827497901,0.8363630764138804,12.728796766490111
5,-0.0061171671371344,-0.02078425415726991,-0.05754096552100144,0.03860228981535285,0.8145055961544537,-0.5788700174081304,4.420865822181776
5,-0.01759373919912477,0.006999142736499944,-0.20999998593468305,-0.5016945467971631,0.4750266122791023,-0.7229469547211804,1.999125123992
5,-0.005326668948167498,-0.02123205141246497,-0.04775655326981208,-0.004306021180975242,0.09003170618798507,0.9959295909161798,7.623577689779318
5,0.0058337691833186475,-0.0035694947127419946,-0.024511585274019497,0.7511369105856917,0.6599985344950385,-0.013974119656858519,7.636401361260273
5,0.009772942340049412,-0.0282222854086357,-0.2099999840465075,0.35807652488261305,0.30997599487023786,-0.8807361040244678,3.962913608296071
5,0.00683047879188781,-0.019374904438402642,-0.20999998413033266,-0.3557918209558717,0.6092922565858424,-0.7086431585822562,2.690364557941766
5,-0.010988195864419497,-0.012431421239473798,-0.002866681413543056,-0.9036103289406525,-0.31015791109749324,0.29544956188054405,14.706556251629014
5,-0.009012023031169748,-0.015581483241769525,-0.002830537596663369,-0.0662758057085652,-0.9752381594297356,0.21099300929126094,10.789697666811549
5,-0.005185993478868772,-0.00010860521490439786,-0.2099999853609974,0.7025841182017423,-0.05911239760023777,-0.7091412280361591,4.429441250988764
5,-0.006713591859595082,-0.01774491935740295,-0.00300000034812529,0.7134085147604712,-0.05178554064979812,0.6988322751897387,1.2446588834741767
5,0.02828539833005099,0.0005721355215531404,-0.20999998366850126,0.23289772220200558,-0.33472277216144797,-0.9130823165463627,2.775258031590629
5,-0.018450514321407735,-0.0022420194741097866,-0.20999998520144603,0.295137282182818,0.6955119808697069,-0.6551008083741282,1.7281519912697108
5,-0.0035070558268960935,-0.014073539764660935,-0.0029560715742159476,0.5274223421629717,-0.371165169289827,0.7642395502022772,19.43369604598445
5,-0.004871885197493217,-0.015395848983227878,-0.002500000683405075,-0.6518039199006574,-0.48496974471317267,0.5830574557579877,10.997806535775029
5,-0.004416773213618361,-0.01517835393739653,-0.0029477483145391747,0.5306672603571937,-0.6972408078040128,-0.48192065188970545,17.291509229596144
5,-0.014630200745883563,0.010979929535356345,-0.2099999845974112,0.43064083731999664,0.5943151581999743,-0.6792186407675157,2.2397134896592017
5,-0.01975907220907107,-0.006617627952486974,-0.20999998599287356,0.6716995182216607,-0.3406987643130741,-0.6578328885183027,3.5550853318434674
5,-0.010442455220602317,-0.010087323303943109,-0.0027539133677633187,-0.9404332716130355,0.2612733540454914,-0.21753504570303606,20.757826493323382
5,-0.026969635884138348,-0.02207912701909669,-0.10969590108654431,-0.4492287956136732,-0.5982415823015549,-0.6635514285997889,4.10824077094129
5,-0.012300178007136762,-0.04680937697417422,-0.20999998471382164,-0.4094924165361383,-0.29539965496247583,-0.8631656878302357,2.580312836533431
5,-0.02397320718630675,-0.011579797751644711,-0.2099999856289148,0.49897902142150397,-0.4196356114918054,-0.7582386759781757,4.183283029960889
5,-0.020930103086394477,-0.010836278530279953,-0.2099999848876853,0.725236978790837,0.12316370470820033,-0.6773935535838013,4.105932024544346
5,-0.006866825812296536,-0.01628719852065416,-0.0030000002602807926,-0.17946685722148953,-0.08747328968280553,0.9798673740619744,4.424681347394369
5,-0.01577433804282673,-0.004916268536896698,-0.20999998437354245,-0.45089251506775546,-0.6279613965597263,-0.6343188664123369,2.5990692730544
5,-0.015161899903623557,-0.011685378525355412,-0.2099999856462597,0.4214198126238867,0.7130110773910173,-0.5603753608481986,5.687007216556493
5,0.008766600655143786,-0.03548965102909506,-0.2099999854289807,0.46429681623471347,-0.48936670679297134,-0.738206402516878,2.600152565646484
5,0.006584774027347418,-0.04736070053478457,-0.2099999857623964,0.46254375101116024,0.6720734058923802,-0.5782478841230132,3.1425192141502465
5,-0.002032285078500097,0.002117415014828402,-0.20999998514892404,0.06693191560917341,0.7169971776103027,-0.6938552918092837,1.8051826231164387
5,-0.010873537646476443,-0.013207036250709733,-0.0030000008763743087,-0.769754022635232,-0.33152544586668886,0.5454994256456848,13.936865629498769
5,0.0010832302031648076,-0.016293195722354735,-0.20999998532270975,-0.5525264643944783,-0.2258336099399973,-0.8023176969039177,3.9951557914373343
5,0.011441385581153875,-0.009194206338909716,-0.20999998587273677,-0.037276610234864935,0.8811497876023128,-0.47136557589390987,2.907743819009043
5,-0.012909219212117691,-0.01098055974432641,-0.003000000217492584,-0.08528208735833875,0.09531587212449341,0.9917872000066101,0.8185101023757444
5,0.0001557230008775178,-0.038546991371512435,-0.20999998567299644,-0.7685834778508586,0.2281252323390561,-0.5976941658950088,3.714781946241375
5,-0.0015104914793685666,-0.00767023940821868,-0.20999998577260548,-0.9336946438890995,-0.065735560237481,-0.3519845850219476,3.0467789591284227
5,-0.008616033438512343,-0.009153473020358424,-0.20999998595922847,0.20492562511515722,-0.8284636981938467,-0.5212037883075458,4.861414240957839
5,0.005229774001147767,-0.00011475162825620985,-0.2099999844983635,-0.5609335033964086,0.6788046255323865,-0.473896491992996,4.539462191511925
5,-0.01989918599090355,-0.017929481868134076,-0.20999998480376597,-0.46695380559184213,0.8299355348530222,-0.3052231174592189,8.883996982311421
5,-0.004703349435624325,-0.016266152193566523,-0.003000001442224386,0.11809468435325607,0.15834636448005324,0.9802959116427322,5.667792090845518
5,-0.0008282949819177786,-0.014308582403464838,-0.003000000054876853,-0.15153507057385218,0.10091871468828427,0.9832865988163586,0.1102712575897731
5,-0.0035381311801167903,-0.014145028360651485,-0.0030000010438731373,0.6241522427186376,-0.24728188770173137,0.7411380748038542,11.592434556421942
5,-0.0027410920667960094,-0.01317497440707853,-0.003000000150644005,-0.2969547679372692,-0.24570090468947278,0.9227399044335827,14.253357323904845
5,-0.005466950620826257,0.006017537291709659,-0.20999998545614307,0.6740977016163178,0.0664134965122988,-0.7356504170845067,4.218801100753556
5,-0.021241072340138244,-0.00375450363798721,-0.07580821142999518,-0.8752163666339269,-0.33141999725003746,-0.352359329376835,4.4004795790037035
5,-0.029259117810717876,0.002984515060953149,-0.20999998558886385,-0.2818170768983378,-0.4644492655379702,-0.8395629904359266,4.555694181565422
5,-0.017889259097082267,-0.02810093921928905,-0.20999998582624654,-0.3747791181152504,0.0031714556485915976,-0.9271087069453201,2.5660577555099042
5,0.012742356038202222,-0.016964785738793405,-0.20999998547685383,0.7055169525562756,-0.1709329491159291,-0.6877701335200859,9.645186489556583
5,-0.008728419471735086,-0.015731640298804035,-0.00291370707492501,0.46375124165467163,-0.7099777488185017,0.5299682840004322,14.755858869999514
5,-0.01229934708310772,-0.033597287126347956,-0.20999998403947417,-0.19325180542139583,0.10737789653953922,-0.9752557239186629,4.368060192825014
5,-0.02652862727030444,-0.006792025175831303,-0.10171036407429987,0.28939800729850673,-0.5719431389280294,0.7675479393528502,4.2652332742792245
5,-0.006950607623739608,-0.017070635452666065,-0.0030000005935008726,0.8997841071596243,0.4019564771613761,0.16976322031280383,9.046803368626723
5,-0.0007563392587177398,0.015157408154825261,-0.20999998593234154,-0.7920743093837236,-0.48421986156875857,-0.37168456260198596,6.821573388565429
5,-0.004842205889348196,-0.01570902209387077,-0.003000000127801588,0.11641517514545537,0.17328800568465436,0.9779666528474723,12.73907907256358
5,-0.009515680857042222,0.005326972495624031,-0.20999998596914218,0.6144310324209373,0.0766122907600131,-0.7852420412220962,3.351186429640569
5,0.002291064831693344,-0.021486391528680423,-0.07697308732040031,0.8275546988588132,0.5610902140671765,0.01819318759175607,8.10078576438652
5,0.0208488289075448,0.016494772328562196,-0.20999998503881026,0.41291017292352356,-0.49860540471986525,-0.7621665431389686,2.8976735474443682
5,-0.005523429271675482,-0.016001996372876016,-0.003000000456327963,-0.8974051970030943,0.3700539802343929,0.24025811974732797,8.169455586682997
5,-0.00014157935102817457,-0.01644166665974731,-0.0030000005162247627,-0.5465497226597043,-0.7644132693320307,0.34198794471401567,0.14651325699294157
5,-0.00312056412628819,-0.016088906072123967,-0.0030000005447158784,0.6661912685854419,-0.6900773093236285,0.28281177630569204,3.043300565488191
6,-0.007614166477406044,-0.020781340856635862,-0.20999998577962006,0.17749947943236732,0.49120278691082314,-0.8527682902947781,2.745046504153175
6,0.00918934764990341,-0.001764607552256912,-0.12272239130494528,0.3220694017786493,0.395512505766152,-0.8601401968403305,4.850412538142776
6,-0.009316152388017666,-0.008675389895246563,-0.003000001749314739,-0.22839685780453595,0.2670289019539341,0.9362320443492046,11.102994529753822
6,-0.028288228635252124,-0.01291374076150499,-0.16765822845178144,0.3833527155971215,-0.21996644149105482,-0.8970258970966642,7.065897762049594
6,-0.023994846099799003,-0.005903353600920236,-0.1890278133462445,-0.3329434673668352,-0.38903883614664403,-0.8589513557282588,4.224243275253928
6,-0.003570843174571691,-0.03231715012244987,-0.20999998416426624,0.2657854148175055,-0.684323012372567,-0.6790140852792543,3.5558112651537708
6,-0.006061302582923719,-0.011998447335412058,-0.003945126418261092,0.9738671489438676,0.2006728186140478,0.1063635091440499,7.087811552194498
6,-0.019043564026391402,-0.043059318056469766,-0.2099999858697305,0.7399203343742106,-0.5162907046925911,-0.43123289186654606,3.9457324106998852
6,-0.0048809512434011566,-0.013994529943144166,-0.0008156427748770634,0.06785732086465193,-0.6353405472077884,-0.7692449369861196,4.389564597782134
6,-0.017123599589336333,-0.0016559144001811656,-0.20999998465512745,-0.15317297611689298,0.15554453691901718,-0.975881107728878,4.164745089147431
6,-0.03497560326201291,-0.03349954616886031,-0.20999998587359134,0.841128347161095,-0.19942716306020788,-0.5027244874041856,3.984278353857852
6,-0.027628149594591284,-0.020139004553105966,-0.20999998398962938,-0.06761212503179924,0.5381915255496019,-0.8401062327915897,5.3585373999986725
6,-0.004592598184015421,-0.008929924877418761,-0.002938163697601303,0.963519271059261,0.26730012521085517,0.013463185347137696,9.22930891210467
6,-0.015049437636066998,-0.027880529822872237,-0.20999998562631877,0.10922960871182635,-0.8268971157512688,-0.5516430481234167,3.6485314160969287
6,-0.00317303878482723,-0.01358276535173589,-0.003000001084870486,-0.19654007641564092,-0.20260752773541676,0.9593342421009876,8.945858995712552
6,0.009040616833460578,-0.02620391739904762,-0.20999998568906053,0.7457409352537168,0.5636661554230353,-0.3551773116592982,7.330657034567593
6,-0.0030126531700706517,-0.011806459987607947,-0.00299736775054457,0.8008360409169591,0.4001460830517515,0.44558360358836285,22.312595678845028
6,-0.010563774604401908,-0.008902263647066064,-0.20999998540005752,-0.8686062612100011,0.24348118512061254,-0.43155541414637033,3.2538393811867
6,-0.0032330032616379907,-0.013561345659304544,-0.0030000047205516554,-0.040440955715387056,0.00010490220863170613,0.9991819244243525,4.70143279907208
6,-0.017196066024070575,-0.01968460861432322,-0.20999998406809112,0.16692385219882883,0.12360313601996212,-0.9781915417407443,2.8198781771603922
6,0.008512828089295495,-0.010606900327101208,-0.20999998573733325,0.05024873693941528,-0.5814164968073399,-0.8120529057125982,2.980939437965312
6,-0.0030654797938741117,0.0002200742575729775,-0.2099999852813602,-0.2327148799165152,0.1831834154237375,-0.9551374879980032,2.6067927091612626
6,-0.030061692980558705,-0.000914057408936009,-0.20999998511586432,0.6772269558243531,-0.07926919493944752,-0.7314916575317395,3.063621104252925
6,0.012920721391530585,-0.0020136342315629618,-0.20999998463295919,-0.11491405257695347,0.21340184459052935,-0.9701826700398748,3.6324920607024174
6,-0.009979712976318222,-0.00712011552570448,-0.0030000011467027025,-0.40672823377486245,0.06650436706890961,0.9111253003902071,2.6626091887752716
6,0.000730209493400356,-0.015334617289165825,-0.2099999846578818,-0.7042571171462392,0.14140429234847512,-0.6957203023157331,6.951435407812917
6,-0.024281506271888974,-0.023033690745465032,-0.20054358245197507,-0.957156767292513,-0.1161403970268115,-0.2652589885462894,3.9194813482798594
6,-0.01465687516791011,-0.01924530890790488,-0.20999998586538315,-0.6940817756962853,-0.5949982660444758,-0.405249987107167,8.830040311220024
6,-0.013036901528373798,0.014627659885288597,-0.2099999859824616,-0.7614358362316644,-0.11633642848192043,-0.6377156911275249,5.022526166230166
6,0.02128238497926583,-0.011196022366534095,-0.20999998580054596,-0.012314476705406975,-0.9118806668566011,-0.4102706461308586,1.5991533724750533
6,-0.002509652569972427,-0.012664252617870771,-0.0030000003787752014,-0.17781909776850421,0.5558738306258709,0.8120250321844247,11.694965969523517
6,-0.0017011399327326827,0.004992918045778373,-0.20999998574208886,-0.7778195045862752,0.10533337739140977,-0.6195980131443937,3.7209867881076604
6,0.007160318282885684,-0.009654110957757742,-0.20999998541956744,0.6936773461822883,-0.33200386851204544,-0.6392066729051993,2.811857370894326
6,0.004770502841875449,-0.028000012332526705,-0.2099999856785965,-0.8222417891073959,0.13901453857082238,-0.5518998082183122,3.2906524234300747
6,0.014611079552154672,-0.0014342986633878456,-0.2099999845580473,0.3362041069551154,0.47043308035196374,-0.8158795961274412,3.5598481164015405
6,0.019822305531706302,-0.004467155914190892,-0.20999998431063174,-0.33840186956544727,-0.20255664288946745,-0.9189423165226198,4.313644615465461
6,-0.0030191837601260133,-0.012515623813017018,-0.0028689975486745787,0.8913765441059249,0.42565272962490697,0.15578064828676286,9.819522788352398
6,-0.0030185861560604347,-0.012801185762201336,-0.0030000000352916564,-0.5866742302498547,-0.41012074732050524,0.6982938637694098,7.597779804872442
6,-0.003690179596690466,-0.012973545882315167,-0.0022925936576582004,0.7966113885232559,-0.5149739118458243,0.3165630518447461,8.693751826339605
6,-4.287349801322145e-05,-0.010857785424788852,-0.2099999859652327,-0.4739384027288492,-0.6267302014837841,-0.6185399299697011,3.7839615224647734
6,-0.001762717035986629,-0.012234943461762474,-0.003000002060270211,-0.2937020774763274,-0.3206901097908833,0.9004981638895223,3.3565057765251334
6,-0.02769102655583421,0.01614558448917907,-0.15525438677799452,0.5802006642432818,-0.2674328629403403,0.7693158343822047,7.8858056258129094
6,0.014548730711740121,-0.018098786807005402,-0.20999998519018076,-0.09050795994000786,-0.24461591213686248,-0.9653866400137039,3.2447533190773283
6,0.0034348774367309815,-0.02456106448142969,-0.20999998499181516,0.18160868722094484,-0.7673902713919148,-0.6149231302357459,2.512983897716937
6,0.0003649504455793587,-0.023931592159056096,-0.2099999834477576,0.5949803491029013,-0.1963383290049529,-0.7793905598253885,6.115116112580406
6,-0.0049120278292449845,-0.010205903975543027,-0.016096335551548248,-0.8269370157874567,-0.530225075066777,0.18718050563818392,4.449542303572198
6,-0.0037045729980796534,-0.013116460121764772,-0.0023534726126036533,0.8481729757221679,-0.13823822006792755,-0.5113636648873814,4.033913755499235
6,-0.0028107516726610495,-0.011836201965559833,-0.003000001124491226,-0.42714076487591207,-0.7106035789054297,0.5591004566515887,11.818631335855011
6,-0.0029921757564462595,-0.011797576904953429,-0.0030000001611921534,0.3629183383610573,0.3711581533031838,0.8547115916599114,23.181127130256556
6,-0.0038415358562076964,-0.01156504107457336,-0.001768816515777017,0.7635915333927163,0.1294544301700674,-0.6325895356708824,6.055860625680186
6,-0.008668407278869028,0.009848119263200724,-0.20999998566719325,0.4726591724365442,0.6487030410709037,-0.596471014565639,2.0784515558266916
6,0.0062443018552179996,-0.01589666496458312,-0.20999998576632228,0.3092094542580564,-0.5716709958552371,-0.7599880169419229,3.544225932054493
6,0.012319005522967899,0.005423525644065386,-0.20999998589532715,0.7145886527853361,0.32571616358104666,-0.6190896850154128,3.022210998272258
6,-0.020672814951376885,0.0032949877033088522,-0.20999998401602546,-0.4245673113080796,0.27492405667835285,-0.8626467186676977,3.7424731595882674
6,-0.0030545427689670996,-0.011466087012220988,-0.0026996034197166556,0.9853444749367601,0.009653211128755015,0.17030291021149363,8.807990291603979
6,-0.003108616601459674,-0.013080248593199376,-0.0030000004212111424,0.22013760199494714,-0.8061770454336847,0.549197603421327,16.703665637107058
6,0.026373248573525004,0.007148744118396704,-0.20999998204166245,-0.0802631719158495,-0.04392644326603937,-0.9958053478546912,9.895149831195555
6,-0.0033294067515029753,-0.010004405118526287,-0.003000002753913644,0.22238482476396373,0.178428803653382,0.9584926456376823,14.115796710348226
6,-0.0030897984587974015,-0.006626197884554994,-0.0030000000113281087,-0.6675502776483679,0.2258328289799525,0.7094900705200171,0.6684613451699059
6,-0.012566838642560536,0.025452836388848443,-0.2099999858708644,-0.7957253196319269,0.5506459967768162,-0.25221063008988015,3.730268216555616
6,-0.01649183486535946,-0.03072235491534121,-0.2099999851561028,-0.5169838960121018,0.3385156200129269,-0.7862155087960373,5.575857722362961
6,-0.003006217073709368,-0.0118054014052974,-0.0030000004992943377,-0.4627715260380582,-0.41937645609332175,0.7810031387664288,12.593930121767833
6,-0.0041210756691740695,-0.010160163674080673,-0.2099999859386084,0.7840240753342248,0.34385567079396906,-0.5167877000849993,3.5862758415323746
6,-0.006612960108289687,-0.017682100834347562,-0.003000000107363597,0.649543818023822,-0.4848813927868643,0.5856473882773714,2.8396811104431436
6,0.00046949381352567025,0.010580062524915168,-0.20999998474165998,-0.7613107149809838,0.3306277092855351,-0.5577556033853382,2.795153068282112
6,0.011177976950046332,-0.023998272521927794,-0.20999998376207601,0.10480256107566994,0.2633095201410381,-0.959001835136449,4.4433050513364725
6,-0.003097849918169462,-0.015261626728517063,-0.003000000471336848,0.07210897582149597,-0.8740371964545287,0.48047817309413965,3.841834482097092
6,-0.029358749017858628,-0.011998277472440626,-0.20999998507073137,-0.43794148001067573,-0.40157592744826376,-0.8043283126809136,2.865869446759241
6,-0.02807804814025843,-0.029646050266823293,-0.2099999854421516,0.2294643598272389,-0.4096108107198005,-0.8829298337413587,3.1388597867006274
6,-0.009426900798799855,-0.0012075260697118268,-0.20999998448470505,-0.32342251592435883,-0.06695524320197499,-0.9438828696405724,4.46904921532385
6,-0.005329029660584978,-0.008156413855171985,-0.003000001122250553,-0.474601630377956,-0.3442050752485251,0.8101087325882517,8.107455502902178
6,-0.006689739981353449,-0.008136406636852498,-0.002713780490999203,0.14951986435271394,0.9884149199574688,-0.026072133963613676,13.524839637268743
6,-0.005465050759247293,-0.0045367908848269745,-0.20999998522132407,0.7120917999503337,-0.20134803400081183,-0.6725951513707944,4.544736933532615
6,0.005579434597908023,-0.026440400526693407,-0.20999998577357257,0.02250024575702901,-0.5825348642673623,-0.8124942281972712,7.978498739781546
6,-0.026035680273057495,-0.023374487143937618,-0.20999998584838037,-0.09179971467988664,-0.8144112045812872,-0.5729809789488204,1.172621966227292
6,-0.0009519902846038689,-0.0002759094318427061,-0.2099999839653966,-0.7366173536485724,-0.4205358129442464,-0.529664520555319,3.77006379643447
6,-0.005403153780708898,-0.015315319828397997,-0.20999998359704314,-0.1424563123392608,-0.10528773370414991,-0.9841852936343556,2.7227019442980316
6,-0.028214789986299955,0.0006799768810152516,-0.20999998584498014,0.2412195547263702,0.16006838286487385,-0.9571787916709374,3.298657934989155
6,-0.0029971486284271747,-0.007910937302334786,-0.0030000003157820334,-0.8606943277140887,0.07528633325134584,0.5035248179249561,1.1905971914976732
6,0.0016622592649898423,-0.028991630157190848,-0.10480678143460362,-0.9075869699387666,-0.3898473282233237,0.15590045758273016,5.163844057625171
6,-0.011946135894497879,-0.02230560517737842,-0.20999998478603374,-0.6563403387612341,-0.047506634751274625,-0.7529677810965074,3.6153313491860235
6,-0.011198859522584495,-0.01043267973368133,-0.003000000961373607,0.3060756764056821,-0.26634826432964814,0.9139892135038507,10.114642459041292
6,-0.027499905253325633,-0.029470309363961056,-0.2099999830723604,-0.10103768805825789,-0.3374921095727623,-0.935890197388545,4.102733188382398
6,-0.012530163692615939,-0.011670866517403957,-0.01733450550207307,0.9198741449638101,0.38849156354434994,-0.053906052368593554,7.0049437469035265
6,-0.006915612619891903,0.0002523881021821898,-0.05316025197294233,0.2207109765956677,0.48142398341177406,-0.8482438405353301,4.028406280833769
6,-0.024028916855364478,-0.018231988257129503,-0.20999998370838874,0.06388163866058956,0.40571934794504305,-0.9117625496504487,3.7046968359786647
6,-0.013076094161915828,-0.012039253621709134,-0.003000002201206586,-0.07877240817615613,-0.1510980222340461,0.9853752053847755,1.4601206272935565
6,-0.008345425019324193,-0.0116359688813996,-0.07046636834844358,0.5033947012375087,0.1963406903795733,0.841453568574804,3.685960786949552
6,-0.0034348700680806752,-0.010310571490603788,-0.002759900543267366,0.6163274129886325,0.769403768207678,-0.16780453351016875,22.316982950715875
6,-0.0033345843064686072,-0.010232674139652299,-0.00300000070505731,-0.20878098689342703,-0.7529554434543844,0.6240741940540546,7.796992850638071
6,-0.003097881773059161,-0.013523986531648595,-0.003000002472675426,-0.3683272143865919,0.016442562897571806,0.9295508083303317,11.22029292058302
6,0.015502764429448344,-0.018174707885028986,-0.20999998577729007,0.3695765020129334,-0.6156046659368943,-0.6960201896759955,1.8296272897434913
6,0.020790732652586165,0.002158385998780644,-0.20999998418626142,0.289182694487506,-0.1722056972741172,-0.9416573511820958,3.3317981472069453
6,0.001193623023039175,-0.0001373985893337755,-0.04650370590290401,0.04227051978906185,0.7717718716229592,-0.6344930112525723,4.506053105567771
6,-0.0034852534076103723,-0.014033945773647652,-0.002909845294029781,0.5432687721501981,-0.7702986209380646,0.3339147732391197,12.786534670402077
6,-0.020869221223283097,-0.01452469443941181,-0.2099999857192092,-0.07543883825240154,0.9465534833291507,-0.31360083686205137,3.5611722448254213
6,-0.003228889724324273,-0.012849343120221356,-0.0025000009614054375,0.8909419426259297,0.17353387607056486,0.41965277161703635,4.063135142768096
6,-0.0030133625209589074,-0.012451023883826098,-0.002994267201661665,0.7373121396839171,-0.4215558414980977,0.5278839656340726,7.9904352476226865
6,-0.005244779814355097,-0.0157186760558753,-0.0028682647587315617,-0.4353066008306838,-0.8559154784001052,0.27913591153478445,12.156229626161023
6,-0.0032758564499535936,-0.013584063769797802,-0.002977491306312461,0.8697534452457324,-0.14519478391043084,0.47164331778196783,7.553792911643688
6,-0.0050348019764424115,-0.015608310114763081,-0.0029687015529677656,-0.26421822177481097,-0.7091054819458784,0.6537263546442506,14.641191964095725
6,-0.0035792653556974757,-0.014197655832702417,-0.0028342880978344375,0.8351710152880661,-0.5229815612146345,-0.17023413832778797,8.805273754712813
6,-0.0012325761080320486,-0.014057329384590034,-0.0030000001633479043,-0.03465071806008192,0.18204813788806473,0.9826788912098443,2.6444504046856605
6,-0.0016012944430448702,-0.011590916800510737,-0.003000000084209688,-0.9450616621800723,-0.07293365854726991,0.31865206123348533,2.552776078191047
6,-0.02237965066390385,-0.025934487567338044,-0.20999998567745184,-0.5963947302351263,-0.09354261075071715,-0.7972221181839545,5.528108963136159
6,0.00470799352470462,-0.014169029380861297,-0.2099999854598571,0.32653187108321885,-0.14095512923462566,-0.9346168138383462,2.9205530123804384
6,0.0023847643208436656,-0.027664567435610604,-0.07255255052150811,-0.8531956034627544,-0.17994858917471537,-0.48956691829192933,3.7939478455988533
6,0.020906356292928186,-0.01517392481259972,-0.20999998469667436,0.37458846482107094,0.2985333132880183,-0.8778162352567145,4.752643384034559
6,-0.01959887235260964,0.015701641229826854,-0.2099999859806309,-0.3883152799743317,0.45153031340145355,-0.8033253509120953,3.535085305683405
6,-0.00906489757746159,-0.03273481857523135,-0.20999998464492395,-0.6518422633291141,-0.3320350798165504,-0.6818022950307479,4.3862755265963855
6,-0.00433838351974567,0.0018190776607480206,-0.2099999859841035,-0.051849935204903316,0.9277075389995749,-0.36968947280467634,2.596281470434438
6,-0.004774069605911917,-0.01630597852843657,-0.003000002595040673,0.34607784742373776,0.5588205760573224,0.7536243675051351,13.9087162463912
6,-0.0029633034295411175,-0.01362977010041682,-0.003000001851133166,0.22252198478195662,-0.31188302845716004,0.9236952651438076,7.608033812121903
6,-0.00291116671213908,-0.012995348896924507,-0.0030000006979062827,0.5064123333706365,-0.10460895399588443,0.855922610610325,4.773986739832
6,-0.01838440048455898,-0.008668895985495058,-0.2099999855853229,0.6287524227711361,0.21982982180456925,-0.7458855410214076,1.3044922368825265
6,0.007688980864282661,-0.0354150023183603,-0.20999998567116807,-0.8515006505041512,0.33797150546302407,-0.40090136403617305,3.5126563219020874
6,-0.002281561892322214,-0.010152198316742756,-0.0030000005355221657,-0.16098656656722113,0.47176236490761986,0.8669046063100988,3.3340310018473387
6,-0.0024005316073404245,-0.006559298828789158,-0.20999998567960337,-0.41159097641240067,0.1769080404927745,-0.8940337875857338,3.4893001782377437
6,-0.007659986431220335,-0.013653398256453323,-0.0032658004391391887,0.25525689797122336,0.4973202493511718,0.8291661387342084,8.951486212193478
6,-0.01938263489038334,-0.017628631222437255,-0.10250610927088376,0.6240497592032985,0.5698828684329121,-0.5345983672861163,8.217478097610282
6,-0.0384841440446996,-0.01679185848208886,-0.20999998598885977,-0.9215803103821438,0.3345260242198197,-0.19693163949866505,5.044270338782483
6,-0.001245021065458002,-0.012323241188088509,-0.0030000008405848544,0.5964933545546114,0.20592115881726397,0.7757526373294142,0.7659771726915383
6,-0.0037404895447751534,-0.013300268931706712,-0.0024127618538485507,0.9363527925468667,-0.2548174890883096,0.24147773219163254,5.861486579197326
6,0.010795836227133095,-0.00832842694314494,-0.06772300802151165,0.38843484638253656,-0.9193728122336617,-0.06222541475428983,7.633536944107789
6,0.002284349864201979,0.02008000625656478,-0.20999998341154114,-0.05152647699492928,0.5942188570884224,-0.8026512144443688,4.258932211154812
6,-0.0035981866253310775,-0.011250081051464004,-0.00250000038029523,-0.06898420571063385,0.8697013431335049,-0.48873382644774055,4.651027672741729
6,-0.0030847204403425146,-0.011305469839311308,-0.0028261652758856644,0.9937092102873897,0.011056469126290186,0.1114439764207631,13.519660478981464
6,-0.0031183105441447054,-0.01103379388492819,-0.0030000012450737885,0.3178726836274394,0.26450828783304897,0.9104901551752873,14.571036017817507
6,-0.0037288281315496436,-0.009624866261047634,-0.0030000016402406777,-0.1809977573923993,-0.06947578703541765,0.9810264659196162,20.567630530094142
6,-0.0031153059143612903,-0.013077828753267934,-0.00296610853194805,0.9666805335238501,0.12822532826325383,0.22155588752688407,14.205161295855822
6,-0.0030878352773177223,-0.013020698164837748,-0.0030000000688012963,0.09764286725156635,-0.18077195459796858,0.9786661181964575,4.196128333779858
6,-0.0030346979166905484,-0.01265003732279952,-0.002994244065109077,0.4982601752820863,0.3391795189399266,0.7979311070885411,17.958792759461794
6,-0.002536233465670239,-0.011012782111941944,-0.003000001331477876,-0.655315517665716,0.15212843979342602,0.7398773615353644,6.094736698786559
6,0.017765589275078576,-0.024281923790709942,-0.20999998551682236,-0.8668030984167855,0.3429017650192235,-0.36203697065598345,3.794960582013428
6,0.0013153983927372147,-0.01793928075681327,-0.20999998140820253,0.10339739393162586,-0.0762178073973764,-0.9917155967129306,3.8942624821506624
6,-0.020489168181912938,-0.006695381547954173,-0.2099999831316776,0.48852981791198247,0.5008715254340579,-0.714469265973173,2.136361169819879
6,0.006205435391222971,-0.031361683870805526,-0.20999998502495124,0.6348038594568666,-0.4799396498709905,-0.6055427255779544,7.429668564634449
6,-0.012587602090654262,-0.007755989354057523,-0.039491020328755407,-0.9231446325557638,-0.3839789322219213,0.019083159937421074,4.527872957765103
6,-0.013095238894939952,-0.030002801211574476,-0.2099999840970152,-0.7757253306984642,-0.33383804651419535,-0.5355393262985869,3.204579604581478
6,-0.006265561155728724,-0.008813479210559447,-0.002228490916180402,0.5117919939110578,0.8415877327939851,-0.1726239930578122,6.626080544164475
6,-0.0028723497278035533,-0.011908618468582398,-0.0030000007562309954,-0.05036706865119385,0.339466074977137,0.9392688338995939,4.584748257294681
6,-0.0019366821658660966,-0.011350593491778478,-0.0030000000574812316,-0.530028569254091,0.04010969060453937,0.8470306538101611,3.89060905978296
6,-0.0031938462630116318,-0.009182129032825366,-0.00300000047168141,0.24784916830124692,0.6437865404907698,0.7239541974844175,7.611189143436125
6,-0.0016186653375123217,-0.0108200922225095,-0.0030000025842971886,0.2865237760498375,-0.009304245139250948,0.9580279519828903,1.6753246378093682
6,-0.0034535984608638206,-0.013974489005130111,-0.00279466796565264,0.8664548422193258,-0.394189499195289,-0.30638316715976843,20.646355154392644
6,-0.0035529905064784553,-7.096852399243926e-05,-0.2099999850107415,-0.38936298714436673,-0.7429854666516315,-0.5443978881172048,3.259666551356012
6,-0.012895809227697765,-0.018840025517163975,-0.2099999856592213,-0.24744545624744335,-0.6490836858922185,-0.7193477009701678,1.742996069776749
6,-0.00765516219221212,0.012969209663612997,-0.14767878718178576,-0.4559625671703398,0.5200806994824694,-0.7222286364893453,8.653145136039527
6,-0.00270919151235714,-0.013418869678676372,-0.0030000020013007094,-0.32470311732571594,-0.20878785801380528,0.9224833418251893,6.51598158244881
6,0.007400235531321849,-0.027589825009535357,-0.20999998505748585,0.06693136223685388,-0.09050177587789573,-0.9936446151980427,3.588364510143811
6,-0.006608753944414766,-0.008091882598842186,-0.0030000003292958545,-0.15372682180479258,-0.8097208116658171,0.5663217031096793,14.780098746539906
6,-0.0009778406832613037,-0.02106723645504709,-0.20999998568083583,0.36627207190739147,-0.4808222830691978,-0.7966521834808405,4.076812075705673
6,-0.0030965579231577657,-0.012997922077306623,-0.002924923839613008,0.9403912909866721,0.339375906706176,0.022095560273069158,8.547689513753005
6,-0.0030162638298774913,-0.012484683138015075,-0.0029627758763679716,0.5117014482529365,-0.8276372342993993,0.23060406817115892,6.8086219838693856
6,-0.003002021768404247,-0.011997235934573074,-0.00281075526899773,0.9898709827199392,0.14151673111331595,-0.011333683605196931,11.221171908273229
6,-0.0009890713072240992,-0.034101411471892676,-0.20999998547739135,-0.6611116775699989,0.6726025462209468,-0.3324712989081632,3.268972146552848
6,-0.007901621696846326,-0.004976808706178036,-0.20999998544528653,-0.6010721705487756,-0.31666428711205413,-0.7337819669762934,1.9010159912026798
6,-0.00671951820652935,-0.0035508622247903353,-0.20999998366563855,0.4341978182211061,0.18719449932167798,-0.8811529232067141,2.656191735840775
6,-0.000351338119087494,-0.00977854639819881,-0.003000000179200205,-0.7652738210156471,-0.12074993502874205,0.6322779705625254,2.632119931726379
6,-0.0038369565784596733,-0.0096758572678823,-0.002989831044813892,0.613092945201742,0.5921385831496364,0.5229616992566426,21.16764333991087
6,-0.0013426425429863206,-0.011626230540269865,-0.00300000207418807,0.3378748664431841,-0.3085341494787061,0.8891834755726469,10.478767377801377
6,-0.01277863718894632,-0.010616405497458622,-0.0030000004163739835,0.22891275417690582,0.5055933837108043,0.8318499151427516,0.4507404890401794
6,-0.03234713335987241,-0.0051575099762982985,-0.20999998584588153,-0.5936589146047931,-0.30855881697451293,-0.7432096269408435,4.185286164929977
6,-0.0036528028007521036,-0.008315131959061497,-0.00300000009751887,-0.00792695550354717,0.8910688957661363,0.453798839106672,7.369657007762126
6,-0.01784934367444624,0.016120592044401593,-0.20999998407382958,-0.7667587521353615,0.3026818469289458,-0.5660960303371734,4.822432600095544
6,-0.004313153713162477,-0.00916110509583027,-0.0027265048514639517,0.19267943427650963,0.9338566907751307,0.30130767780029455,20.778129320341964
6,-0.022718870029208773,-0.0012437774521746943,-0.16143602159599166,0.11878322907716471,-0.2007451043714634,-0.9724155220690853,3.7845506434033918
6,-0.0039786361678927785,-0.015413404164834655,-0.003000000391166091,0.43314345035954827,0.2138412399832102,0.8755904724773268,10.47646927054806
6,-0.006582083363779726,-0.01667953041353179,-0.003000000727649491,-0.20009521099585426,0.5501605824651858,0.8107312995303019,8.450015124368864
6,-0.03320849700461099,-0.02589350566177772,-0.20999998596832722,0.9471267927997001,0.27047532025458304,-0.17260921033981574,3.8168512088672197
6,-0.0106953802111597,-0.011961116000969397,-0.20999998491261926,-0.24050622141583072,-0.6458422280054176,-0.7245995956287011,3.6505240277885203
6,0.01142866521466161,-0.022196176721904954,-0.20999998589744218,0.4855565992218081,0.49592055504162424,-0.7199288798481137,7.806815105672192
6,0.007242854014796345,-0.019775370428684498,-0.20999998472141712,0.8690076542244267,-0.19442193789055282,-0.4550008867752249,3.6216977210247543
6,-0.009795261072598004,-0.01937490992601181,-0.20999998264135183,-0.15301612765171338,0.21312022412906695,-0.9649693439408584,3.1691839566340594
6,-0.01878171128307002,-0.028580018153127634,-0.20999998595771552,-0.24386853507045633,-0.2227861662750463,-0.9438720579183689,2.408800120869422
6,0.0022189784954712525,-0.026042079365369,-0.20999998372205933,-0.7895974465671411,-0.1081465160710735,-0.6040200356249286,4.285609601730955
6,-0.0029101695806587457,-0.009674255810892115,-0.0030000000429786827,0.8157685342649962,0.08281029591924065,0.5724195606309306,4.1130264337789715
6,-0.004014150996790853,-0.009287354990052295,-0.00300000039657618,0.18058191290735448,-0.03605086858856753,0.9828990322534306,16.901368909991657
6,-0.003757669159188917,-0.01450311584159767,-0.0030000001083698314,0.9197982239079701,0.3427871507825964,0.19096648018459503,16.249645539150556
6,-0.003104387369223248,-0.013491200786948099,-0.003000001021144444,-0.1513683732569998,-0.39389885164949806,0.9066042743373408,6.503397376354512
6,0.0043669169559519445,-0.011400870736091086,-0.04398553348600094,0.8732700933855584,0.4814039344562161,0.07516379373377491,7.221206881377529
6,-0.002356580210780822,-0.012034441650635176,-0.003000000318299071,-0.6208624611440109,0.09860849358072898,0.7776928502538396,2.5305037682977627
6,0.016503667507976345,-0.02085199172461008,-0.20999998484359056,0.869429587542355,-0.20526927066674652,-0.44939594883117584,2.583385554164096
6,-0.003091604316654952,-0.012975494387328161,-0.002981594011245107,0.9054313896748503,0.2777124627165475,-0.32104483587714,13.988281521245069
6,-0.0030532489644815195,-0.012774809410893182,-0.0026928192566190515,0.3492018048314771,-0.9359485037847483,0.045370670763501784,22.001369988647465
6,-0.0029890577977536733,-0.012460185023133234,-0.003000000266267294,0.28074144769634746,0.31749842668859135,0.9057477510850515,2.2040879631763617
6,0.019819489071058086,0.0008589491828899065,-0.20999998522501287,-0.5475728212179699,0.21808831291911876,-0.8078375413605667,4.082588578098388
6,-0.0037855047550551515,-0.01343400620428851,-0.0024277373723975895,0.810668987856227,-0.43341012754081487,0.39366413790592486,11.594036142515261
6,-0.003471194309784453,-0.01400783698270018,-0.002674503780882036,0.8906160129410796,0.3445572822818723,0.29678847133853603,13.23985742953399
6,-0.005085116347245632,-0.015566173517138359,-0.0025000010330045556,-0.1519385630517468,-0.2958465935302141,0.943074475401778,9.196156411498743
6,-0.004292342376518751,-0.014041780846019765,-0.0020448578735469047,0.7942441076252776,-0.5534272430225886,-0.2507879267088877,1.9016045588315724
6,-0.005159147081443484,-0.01567558685192676,-0.0028749335297614045,0.4123395087023124,-0.6334247445840263,-0.6547894489924199,7.358258869650683
6,-0.0025813103333092603,-0.01148353184389157,-0.0030000011900687016,0.13254859441313901,-0.7378077396497096,0.6618690274005028,2.8767458183087182
6,-0.003293879190787328,-0.015102880782056436,-0.003000000018777085,-0.6223861001087277,-0.364813461003359,0.6924930909851731,2.537360778612479
6,-0.004950526568950132,-0.015559414853467894,-0.002890631117252493,0.5158293012027166,-0.7345399315438759,0.4408755164309252,22.257997249727126
6,-0.004120533401828752,-0.014900793616657942,-0.002791241310333734,-0.026487995995245595,-0.9941557897142557,0.10465491792448316,23.2336970965262
6,-0.0031663440963623445,-0.01326586382900802,-0.0028926963515925994,0.7881781647783191,-0.4669274973258795,-0.40094125855001683,15.25033527388932
6,-0.0032190788585933477,-0.013932483231919687,-0.003000000054638832,0.5517590079001908,0.7230375652301315,0.4156665448013356,13.03381495034795
6,-0.003326594136702681,-0.013707414922243573,-0.0025624049652965856,0.943709616489972,-0.2983493413798622,0.1428279742996864,15.070629548159214
6,-0.025740628931216036,-0.03357805952278683,-0.20999998568153397,0.10415214942293242,0.16900562584558698,-0.9800966422772424,3.790773335813926
6,0.0022710760658138443,-0.046653926819391886,-0.20999998526783248,0.5194656954644952,-0.5341525825272747,-0.6669605759076254,3.388039877534882
6,-0.004589765356340434,-0.016235854991639882,-0.0030000003562896133,0.6176254175097219,-0.2907617895715847,0.7307505904007681,5.038375608523989
6,-0.003671868295231616,-0.010941862567151534,-0.0025000008268586922,0.17918844770702608,-0.9466823044267715,0.26773889275479545,13.455607844543572
6,-0.0019879763859097645,-0.012888360972509037,-0.0030000001847140714,0.2558916934841484,-0.535511849054799,0.804827000496209,2.583585154389321
6,-0.0038381694261452027,-0.010887019187115847,-0.002238381463323856,0.8337999558367328,0.5149292625976596,0.19906151854965176,3.859867560257812
6,-0.0033204450255282163,-0.014731609499320238,-0.003000000025821053,-0.8376239856061302,0.5121816178032343,0.1898843045692898,3.8488732598919015
6,-0.01826701590935098,-0.013671109639055656,-0.20999998356143035,-0.053447830836399673,-0.809465724355932,-0.58472948486613,2.6249684326912326
6,-0.02493183885615203,-0.011025583312477083,-0.12632165611274462,-0.7118731394246519,-0.555709772993304,0.4294453184812015,8.294381169601792
6,-0.007914704398184771,-0.014415541917020585,-0.20999998486391142,-0.4253096193121833,-0.324650175549602,-0.8448159511018589,4.516296147381407
6,-0.018189256268884676,0.012841570922328883,-0.20999998591280822,-0.5668648026890257,-0.5287153199096705,-0.6317629349409056,2.2755441729204313
6,-0.008533311408287579,-0.02509256328993653,-0.2099999857076697,0.1982410426761717,-0.3457765312938829,-0.9171363472270817,2.6360162598052668
6,-0.0020909982538262523,-0.0113223688307703,-0.2099999859505941,-0.4988135513117176,-0.5857039840074849,-0.6388551354928219,8.703266635486568
6,-0.014773912065688231,-0.032332626252218485,-0.20999998587490049,-0.438464053673076,0.13493738563021387,-0.8885612953510057,4.042040809930263
6,-0.002602974057492601,-0.012442862424607756,-0.0030000001454893394,-0.595521550228633,-0.3282777355203183,0.7332037994820659,8.693661012433031
6,-0.006795420214960728,-0.01691483526227536,-0.003000002553322581,0.07425320900108583,-0.7186653218658672,0.6913802254190315,2.00019493880819
6,-0.00389344984671406,-0.014644145400612483,-0.0028011839666411296,0.9615664614177045,-0.022854920334141937,0.273619430766812,6.362689725744409
6,0.0007426811582369464,-0.0048475863078464845,-0.2099999853141094,0.6290670098453874,-0.10337672216200862,-0.7704465915553278,2.4769512768035016
6,-0.0027386126873205864,-0.01421746739556856,-0.003000000032118053,-0.2756727719463811,-0.27721021574642773,0.9204124179373165,3.3486423373370906
6,-0.002916840341155364,-0.010535302773528692,-0.003000000027929818,0.03905579074927393,-0.2263374059721379,0.9732656491763965,1.1501108904996311
6,0.00044496148333244824,-0.011139544341909589,-0.20999998479393722,0.04037497787070062,-0.02152220735930836,-0.9989527795408167,4.6305992151309265
6,-0.0029907712323157987,-0.012726616213618647,-0.003000000146786983,-0.08844272315629473,-0.43516792958905237,0.8959948424951321,5.986692480017535
6,-0.003572565142156938,-0.014947493917482992,-0.0030000003720355205,-0.654762082665096,0.4532407046917502,0.6048631900806922,6.506096604865192
6,0.008459821938585358,-0.021214393227251674,-0.209999984694755,-0.31012965617963767,0.6848691098869728,-0.6593738686667261,3.078214317263672
6,0.004929509056055929,-0.010399581516711477,-0.20999998435982561,-0.5612492545621094,0.4326490187893779,-0.7055594239991876,4.120135952705907
6,0.0077374019029938425,-0.027233966856568582,-0.20999998496103292,0.41292924536713443,0.401196993319696,-0.8176370899560297,4.722782483927718
6,-0.007905057972507498,-0.01934252362743836,-0.09284858950725357,0.4767883009799012,0.4861870043009948,-0.7323217277245868,7.902718265100133
6,-0.003398141913745268,-0.013864056636277738,-0.0027409689902348562,0.5421176304119062,-0.4526618357195634,0.7079588528153135,16.960049742223767
6,-0.010807631509585917,-0.016495868471257287,-0.003000000186148285,0.4648874569520874,-0.07163668929200269,0.8824669042609488,5.33757357678992
6,-0.008181876777041217,-0.017621513593891684,-0.0030000004628541266,0.5604156205643116,-0.37966927403680023,0.7360608497807003,1.590105825255541
6,0.0011661507598370773,-0.030968322380756398,-0.20999998563741584,0.5332768620908824,0.29230790766811826,-0.7938336573068622,3.5895967328294938
6,0.0022507219059148785,-0.017732942308570893,-0.20999998274005638,-0.03267112376032376,0.15475857560381528,-0.9874119611131493,3.9118826963864484
6,-0.005979631509948414,0.006058281813535328,-0.20999998583731996,0.3799264549755239,0.2795265243997144,-0.8817714051650498,3.187237153884818
6,-0.0019839715032824966,-0.012203375049157458,-0.0030000004647762046,-0.3146932644451453,-0.7062987960950141,0.6341215655910082,10.780787527108984
6,-0.020644966078706105,-0.004952096819341178,-0.2099999847341475,-0.24787121617181476,-0.2045520653694529,-0.9469521174518788,3.8577043217697247
6,0.00029189711434578626,-0.0041258236868785825,-0.209999985667281,0.4458915760609179,-0.5433469564485942,-0.711304988957592,3.4438449218693696
6,-0.008135991970443528,0.00916361518523363,-0.209999985410831,-0.2548568733913766,0.16211847633317963,-0.9532919666694881,3.869204793370491
6,-0.010715070148142672,0.004956358003706992,-0.20999998543049514,-0.3339906956868464,0.8089898024872033,-0.4837206990261345,3.840519638144228
6,-0.007557978800130671,-0.016352112965097698,-0.003000000106160866,-0.46926190340944973,0.6248137973379878,0.6240200194421843,3.775729106044707
6,-0.027887773198912322,-0.01281779794098123,-0.2099999850936342,0.46290860748811236,0.18934533539148177,-0.8659468604244168,3.1308979797320573
6,-0.010631437836242586,0.02478524990575277,-0.20999998495930644,0.3439941956400954,0.13771386796476862,-0.9288180036670831,3.5984290747263983
6,0.0007826240042317907,-0.01064598083494496,-0.003000000119918752,-0.8778728864399696,0.060298985050155005,0.4750823377641788,0.9217792928939685
6,0.0074483431633253164,0.01082343735097779,-0.20999998480214882,0.3296377935146563,-0.40727879634215264,-0.8517411033505877,3.7973637824482904
6,-0.006025188599533184,-0.008704633769194045,-0.0025000002427755788,-0.37400034966664664,0.7836802555654508,0.49595261415390846,8.968859926424829
6,-0.0067745576611493675,-0.008688808003329504,-0.002357280745750023,0.3273372732329344,0.9447280605522859,0.01841741451843973,10.739512305211258
6,-0.00388536854547287,-0.00416114670260888,-0.003000000892804268,-0.22060936156141578,0.542106688843851,0.8108340443655659,0.8343712579617172
6,-0.020113875216421044,-0.021077801885848346,-0.20999998501281175,-0.8295044276255324,-0.11333128673929002,-0.5468806304813277,4.4740863374667486
6,-0.0029652806118959426,-0.010805420184022634,-0.003000000143351069,-0.22938794104819374,0.8829931153939966,0.40951719215250887,8.004019450073248
6,-0.003297418770816577,-0.01061079041737124,-0.0028809853146363014,0.7505648659082493,0.6547679796054698,-0.08905770571659209,13.39538195495214
6,-0.0026463232013753434,-0.012405752788191764,-0.003000000564359671,-0.39319203637797845,-0.16462813532997944,0.9045980320488833,7.312156453733433
6,-0.002932867582808971,-0.012367486563421444,-0.003000000019625893,-0.5851329460730635,-0.363981489061766,0.7246633087443001,13.202548014507165
6,-0.025713949364351407,-0.002542398378202024,-0.2099999857630821,0.2942890567357862,0.7780885131887986,-0.5549524454664616,1.816823148800112
6,0.009961503533944618,-0.016770498976407318,-0.20999998590337038,-0.4033587033812259,0.20597653365061153,-0.8915578635130167,2.820414032719384
6,-0.003313259053270402,-0.010572607693922674,-0.0026423412230568008,0.8455453092536174,0.2911166670188946,-0.4475535902917266,23.21910046903423
6,-0.006737926906393151,-0.0016234712853731195,-0.0627585693034674,0.053161164401722305,0.26434877887928193,-0.9629608578257401,8.378168528830829
6,-4.43195573767825e-05,-0.011389746912541271,-0.20999998526738128,-0.16929186165448576,-0.5072391822974119,-0.8450140102506062,3.7528233763175165
6,0.012417646177120208,0.0030157657174395835,-0.20999998591106533,0.07339964672383188,-0.5530044946199494,-0.8299388656949082,4.410505157848599
6,-0.0032990018258293253,-0.013641791090429504,-0.0029857779321217706,0.7378329916808133,-0.06286335898287143,0.6720496071606108,10.57228768595768
6,-0.04700808796219687,-0.02123865531896892,-0.20999998549985038,0.37710058498280613,-0.4870180853595235,-0.7877871116858725,2.966958410306165
6,-0.002435860871497037,-0.01369578078407846,-0.0030000017232853227,0.4193928454213096,-0.5261141371771062,0.7398064313533684,2.965565055727537
6,-0.0023544488933976418,-0.013308471354546427,-0.003000000020370413,0.43866498363769996,0.7325847736078573,0.5204734206547547,8.739310615708847
6,-0.0033979767339958064,-0.010262967273314943,-0.0030000010407760453,-0.6955459855862137,0.45916057706581576,0.5526186265441022,17.358973669079152
6,0.010431950770605642,-0.02266986490041164,-0.19106076001225028,-0.9735901590755894,-0.10869722588542144,-0.20076631997420008,8.252359639274427
6,-0.006933034825158727,-0.01051340509215436,-0.023596698803008537,0.044166407869873914,0.9474218843293678,0.31692444132578634,4.268532223569201
6,-0.0029767740691956494,-0.013235857806541507,-0.003000002019595828,-0.7713295871308249,0.2906296119073475,0.5662023460735357,7.992929674136991
6,-0.004753473319280595,-0.015433899802171983,-0.0029875356475457275,0.7634273771429767,-0.5573234243791244,-0.326449445499485,20.821562709979823
6,-0.006010969561566236,-0.009698871005464144,-0.0703916273012668,-0.659702013070336,0.08744564394251222,0.7464224764209779,7.931822396654105
6,-0.023363259247520446,-0.008280628278964797,-0.20999998524082614,0.6474376076129307,-0.39166573118770465,-0.6537755725489025,2.3557901273486226
6,-0.002919665816603507,-0.010103781498557316,-0.003000000296715994,0.7061206836544499,-0.46717534415035356,0.5321097423778021,3.0426759014917133
6,-0.00395099522189317,-0.011491837062257409,-0.04606631046475662,0.9882038378007085,0.1531070929994895,-0.003375356158522358,8.31990297452121
6,-0.0015388174554019638,-0.009436033063473615,-0.003000000070001447,0.668443593458786,-0.548006063387407,0.5028643125680552,2.790964863124998
6,0.010563468241269986,-0.02407778028099556,-0.20999998536716907,-0.2574345623833373,-0.7164901940643602,-0.6483588881939651,4.939286877606003
6,-0.0041616346736250975,-0.009035061727331775,-0.0030000000706298163,0.7030629862312293,-0.6870433253880457,0.18350451338144802,3.6840195081613754
6,-0.004478287500091807,0.014865269335331801,-0.18092646440449833,-0.9433133043595531,-0.2941728272326,0.15369566531376236,4.2809948029575855
6,0.0038905303054118604,0.002844456597570846,-0.20999998297099118,-0.3589696356682531,0.6542884864259614,-0.6656180415212813,3.7362933567968732
6,-0.010410322358397974,-0.01696535223321187,-0.0030000013909187344,0.13735285208527673,-0.6699382142879262,0.7296005640490861,2.514038271901833
6,-0.003911709949838209,-0.00942507589536227,-0.003000000342789578,0.6742713080667354,0.2528240110915431,0.693857494398927,2.111778839353981
6,-0.001776140494068984,-0.01601141113697581,-0.0030000001972505684,0.4747987632575835,-0.4775278645331987,0.7392788871619642,2.540491810474209
6,-0.004965707274496184,-0.02793331852053494,-0.20999998394592062,0.31661685608817897,0.09778766477325529,-0.9434995172542648,2.178464331223418
6,-0.0030248484443247104,-0.01256951416522083,-0.002945912704101098,0.9348184789721086,-0.22865953101254796,-0.27171534783555257,10.288458093252913
6,0.015885300258530723,0.011237986832753918,-0.20999998560506583,0.5834669926860026,-0.2658434719864219,-0.7673939775944013,3.3738625507443722
6,-0.0053195799770934995,-0.015754249973582653,-0.002639042228227551,0.7206296727387094,-0.673310578568924,0.1653654726830288,13.252307869185458
6,0.0030788761306798636,-0.005873773289654189,-0.08388754635843491,0.16925824314937293,0.3179584551959799,0.9328740900546943,7.517302567442052
6,-0.019522325810310503,-0.011712072432434063,-0.20999998485980145,-0.39025586825511105,0.39912838533923956,-0.8296968659148599,3.5383728526460767
6,0.01025489277339229,-0.02291935873424409,-0.20999998496451514,-0.34134722372944065,0.5635217994221025,-0.7522800372389786,2.2993545103506516
6,-0.0034490248298332813,-0.014014088104539007,-0.00300000018197537,-0.1258901157089872,0.22767594822135595,0.9655647784422775,13.680825849892415
6,-0.0029554299632212335,-0.012889138813099683,-0.0030000000489408436,0.5769032838413678,-0.5955208932484268,0.5590505046931286,14.324422416294368
6,-0.003691592415171263,-0.014372559170861762,-0.00291945328779886,0.2882889442782427,-0.9429254082937566,-0.1666768100276359,10.633680081090246
6,-0.0038700499774032907,-0.013412988917947042,-0.0022123755417635073,0.8766179465926138,-0.3515687743675728,-0.32854280177996864,9.454636679447686
6,-0.005140584882080582,-0.017487204846629332,-0.0030000002690231667,-0.6149480994258153,0.21650933911537457,0.7582628443280078,1.5887664099844925
6,-0.004716403678981577,-0.015454803384959333,-0.003000000078732425,-0.17020467737025777,-0.9761980412441974,0.13441633856149554,6.725234873182969
6,-0.0047739252202742425,-0.015447691779996678,-0.002988477022071721,0.5648676638940906,-0.7579018540257292,0.3263576289152666,5.145759116603891
6,0.009857256392064181,-0.014617947662767423,-0.1358873918354857,-0.4677288290402597,0.6247869931861584,-0.6251967335407528,3.9340385363433947
6,-0.028221251216796722,-0.03511450795635364,-0.13623344727322523,-0.23781917237299963,0.964927962068306,-0.11115785743944476,8.039874423307712
6,-0.004065252584202887,-0.014842305265835489,-0.0028867766711144663,0.3157867236144718,-0.9153523462230169,-0.24981758835769635,12.720366896147254
6,-0.0038248068947126157,-0.014557077706885482,-0.002864045710025485,0.9776470490601505,0.20187386613356953,-0.05876384633654757,14.50950557110303
6,-0.0035186856823925913,-0.014094237535210616,-0.002720479347619125,0.8228789177547728,0.14663515471926786,0.548970325350278,17.059070643100508
6,-0.003049903343629313,-0.013856258756483972,-0.003000000974997628,-0.07812539366692318,0.5803378103082742,0.8106197929923655,5.185707434643733
6,-0.020302092317406546,0.016272724667632646,-0.2099999851364811,-0.643245734749855,-0.214641754027315,-0.7349583948457198,4.5514362742045265
6,-0.00399361732326412,-0.01476284809956507,-0.002939493424054823,0.13656898291597108,-0.7635914933516041,-0.6310918666773992,11.71426909786812
6,-0.003095921313185733,-0.012995081953474036,-0.0027532767293594034,0.8745534079985564,-0.4297598660158119,0.22463925329332382,15.461076334494091
6,-0.002041084782292887,-0.012367258515665487,-0.003000002977356514,0.25040571967971464,-0.12251996471908479,0.9603571386712958,3.1053738944549645
6,-0.0036217072623460425,-0.014266110964660695,-0.002950447491300222,0.6862924879921893,-0.3625588161124994,0.630518616524995,14.731787699275591
6,-0.035103903131366465,-0.031217145013148616,-0.20999998543631196,-0.008643403520869742,0.044025694071015836,-0.9989930079020277,3.6746512004410334
6,-0.0052756693911365895,-0.01608254828764285,-0.0030000000935376542,0.2434213041629943,-0.23710129571860172,0.9404940426436241,15.193320191059424
6,-0.0035932227293578325,-0.01673627566175331,-0.0030000001735515213,-0.694587792766471,-0.40350565192989973,0.595592970912542,3.287302553166289
6,-0.005374239748635004,-0.01577906178138882,-0.002999662322498458,0.154935878122667,-0.3372432345408794,0.9285805697012851,16.470328642583826
6,-0.009043524416522883,0.020012388328150138,-0.20999998585517193,-0.19874044522637926,-0.5098788037527328,-0.8369742175926943,6.792710916060518
6,0.021057369439976603,0.012226262958789216,-0.2099999857900254,-0.5661613529131359,0.4598655900745447,-0.6840942636310865,2.1806145324353743
6,-0.02531905091556976,-0.014994538608398262,-0.20999998531830127,0.5920029476172514,-0.014231808774688933,-0.8058101300129497,3.4676071929551155
6,-0.003124873259743176,-0.011132713996137238,-0.0028697701077964257,0.7003681298462594,-0.26632115624152947,-0.662236758594559,11.18459566673392
6,-0.002240668676057342,-0.012500627445868925,-0.003000001060673216,0.7487676776750324,-0.5370963958503926,0.3884255738666769,6.176315758434447
6,0.010203219942826544,-0.007872362728764383,-0.209999983897333,-0.4213896417829064,-0.29864949257628726,-0.8562939042069612,4.336409502560858
6,-0.003708524688303993,-0.009851432987187186,-0.0028959137013383407,0.8986870194388451,0.17899495751455713,0.400402854980439,15.454106943268796
6,0.004522914520598343,-0.0394792348281105,-0.20999998583123536,0.37544335546706725,-0.35928646677389203,-0.8543743451372838,2.761324482748061
6,0.0018937272083064186,0.020317233752875814,-0.20999998529263508,0.33095981878823555,-0.581301289558485,-0.7433400359897888,3.230123059576578
6,-0.0031634680930158646,-0.013312891283029591,-0.003000000629523075,-0.015142248512349167,0.354203541042573,0.9350457549354965,11.265643672910162
6,-0.0001885480434832365,-0.006262353989763731,-0.06976407382735803,-0.2582578473165738,0.2222544913029968,0.9401626590090972,7.667061180538396
6,-0.024705580114565882,0.017620977920609633,-0.20999998487250293,-0.24020645272735217,0.12298435732298907,-0.9628996354355908,3.477297595124964
6,-0.008097334607292526,-0.009226120952191073,-0.010227238758457205,0.2596767845299014,0.9362361921016437,-0.23670606281890055,4.333490791133999
6,-0.005805154212387018,-0.04078854466491552,-0.19804182410329974,0.860943651383033,0.4880354175534146,-0.14351815340477053,4.084748923591778
6,-0.028482771113853063,0.018578228007563036,-0.2099999839135075,-0.730543184681385,-0.3346070840549418,-0.5952686407126019,3.3456504429859084
6,-0.0023757933586865676,-0.013253497026814588,-0.0030000004540352626,0.45928984073341395,-0.6134299612868641,0.6424613021767706,3.8335256135550178
6,-0.0029513728748876656,-0.012624592375285529,-0.003000001090579323,0.11265102277743373,0.029850253492191198,0.9931861403753327,3.607767009224097
6,-0.0060053757672178885,-0.015998717565957457,-0.002999853617282511,0.47225932875739257,-0.8503391186176936,0.23215191093355422,17.243948576030757
6,-0.006512621613149576,-0.01609455191126824,-0.002969451454822766,0.3900411467886511,-0.8130899599849384,0.4321488410067589,6.731212166944516
6,0.019873687262472725,-0.0008734867547925394,-0.20999998275193965,0.1959142480524284,0.08153203583484961,-0.9772257336678545,2.6497784156549637
6,-0.009624751629970889,0.00543076211465196,-0.2099999847183008,0.21240473918861338,-0.22318471226186978,-0.9513531473552832,5.01871707508268
6,-0.0037968569109208443,-0.014520154969891053,-0.002866223362036519,-0.032262035356629644,-0.5770420918940613,0.8160769481226471,10.868012820096203
6,-0.00397765981081313,-0.014744554013059769,-0.0028621516003806977,0.9865687751887209,0.11312601768850332,-0.11783274563790551,16.864935307829473
6,-0.017079113127418645,-0.029240459806465967,-0.20999998305780648,0.4499794005921947,-0.35733607349322627,-0.8184311025511755,4.665930326423768
6,-0.014859402539411152,-0.02261823745782668,-0.2099999849562951,-0.10964141032945912,-0.6179729754209962,-0.7785166425904383,3.165947156380051
6,-0.003913756063301837,-0.014849777559046817,-0.0030000007250001893,-0.6947481397946021,0.5785461647274871,0.4273281614064946,11.8293684386145
6,0.010732581987207997,-0.027711724317927983,-0.20999998381951096,0.3949050739811913,-0.4279785225939451,-0.8129479483596808,3.3788629185236503
6,0.017834236821477167,-0.02891885915978945,-0.2099999846212463,-0.3593601096011378,-0.6347228226921602,-0.6840959362407838,4.105799661806049
6,0.00018799251988866895,-0.012509570286362307,-0.20999998583253482,-0.1005055525093904,0.40213712768910426,-0.9100463529121684,2.937747014961326
6,0.017945233705653138,-0.00770065354958472,-0.16558389301110424,0.2261452271490181,0.4161443605016848,0.8807282256521379,4.2310993606715686
6,-0.01905710951446246,-0.012380992140147137,-0.2099999855350036,0.20475779398183322,0.8940783875154259,-0.3983692794148528,4.012984879746233
6,-0.0004938582781026571,-0.009197215750443792,-0.003000000077376417,-0.24701711787206104,-0.8064379654685436,0.5372525954605866,2.2462993867169723
6,-0.01970327711684517,-0.026851054152070453,-0.20999998557423782,-0.03587492736766765,-0.2756166950847472,-0.9605979528277823,3.1799766282773234
6,-0.0099018263207283,-0.016255497706943595,-0.003000001397701118,-0.026158044278924552,-0.32100237662008285,0.9467170807182895,3.458077956442025
6,0.022671796517972187,0.007920491705870579,-0.20999998331188724,-0.4506789226027209,0.2429195021777229,-0.8589986171021338,2.7016967482637644
6,0.01481164553410453,0.00916712508877116,-0.20999998534105258,-0.2865072048592735,-0.4523159652615263,-0.8445850396101386,1.3379225819608185
6,-0.016991129061867193,-0.00901038751231361,-0.20999998458296487,-0.24262875218452232,0.4347572034074298,-0.8672470597809672,1.3812975868595119
6,-0.024878237205864823,-0.03055782526531165,-0.2099999836259105,-0.06771656478626327,-0.6327291670195667,-0.7714066813661087,8.122285771107212
6,-0.0045777364722088725,-0.004827353724964738,-0.0176362248364059,-0.24849879999176563,-0.09571203977790584,-0.963891877673116,7.924105364189891
6,-0.021088376342014305,0.00790824432113165,-0.20999998486080734,0.4573189980874981,-0.4219490443040361,-0.7828271443934206,2.2267160505434114
6,-0.008452953174697506,-0.015908294179437687,-0.003000002812040492,0.2695176530794325,0.39839088350296187,0.8767239808630102,12.857068332623529
6,0.007959682168592167,-0.045321978900372345,-0.20999998525300556,-0.5538237251183092,0.2552733029997524,-0.7925369532530808,4.966385232945658
6,-0.012519597435735604,-0.013679961648762843,-0.0030000005237214777,0.5288593675569776,-0.07059658218397122,0.8457682258935809,2.3736311082043153
6,-0.008395699668752518,-0.007363240952919125,-0.20999998572104606,0.49622135176821397,0.06670070020435254,-0.8656300518359884,4.083005607754013
6,-0.012214754448096445,-0.03411055542043309,-0.20999998471919967,-0.2766317247160777,-0.4164894320496595,-0.8660320097268691,4.710384111210691
6,-0.010666579681015356,-0.016548020349970792,-0.003000000282521613,-0.3563444829231304,-0.35688583257611495,0.8635109217587811,1.9900316468765888
6,0.0032539946362078135,0.01424806650279975,-0.20999998458651806,0.060765266956582305,-0.08820502580045535,-0.9942471804110063,4.109943541152248
6,0.00786263315194369,-0.007383910626494499,-0.20999998525813973,-0.4790950568663759,0.6381665478778314,-0.6026702113560078,4.825495365082363
6,-0.007336671614184342,-0.016249471936791403,-0.0030000002931344838,-0.1485196750905404,-0.07451498224640381,0.9860980800771385,2.35249946197165
6,-0.030269549483686424,-0.00871990894363378,-0.20999998597701472,-0.45580026128330114,-0.1346493384677957,-0.8798384382739024,4.244001237034791
6,0.001600499413224992,-0.019714869597259765,-0.20999998594120173,0.8637705703233011,-0.005696312218494313,-0.5038531074335738,2.1612059713929757
6,-0.005442676870178386,-0.011776100055919668,-0.006813210541768496,0.736430864156245,-0.034439188336677494,0.6756356448743635,7.447518513538412
6,0.039276184977786635,-0.02399304347599829,-0.20999998485238838,0.809419218720619,0.2812885653879804,-0.5154777117855577,3.333699040733809
6,-0.025725960837882766,-0.027573492573177753,-0.209999985972611,-0.297111718615024,-0.7669718843277618,-0.5687519277438532,6.142818625168437
6,0.007091150401007758,-0.026831300556418473,-0.20999998595043462,-0.28087364843952817,0.9129575521615616,-0.2960042255837544,4.573678032454433
6,-0.0013693292978499724,0.013644825857897142,-0.2099999845720013,0.39014842690752843,0.62085132887918,-0.6799469335253573,5.55054474713905
6,-0.003793867428523315,-0.009209081545063322,-0.003000000882473629,0.3909810578942468,0.4020528118978726,0.8279416336994468,15.372288783349166
6,-0.002597469280504283,-0.011175181867782265,-0.003000002044197026,0.19967692860309075,-0.3607699284856183,0.9110291888211477,4.118140545601155
6,-0.02512873610002725,-0.032528103114655954,-0.2099999859796156,0.06943670599817219,0.5605852136062147,-0.8251804421738302,3.6074513951214735
6,-0.004147091151922244,-0.014928073875436668,-0.002875972974890646,0.7125841590766536,-0.5721097334933536,0.40609637904712026,11.048747384016647
6,-0.0039590275716536874,-0.01577165127326575,-0.003000000512918658,0.6988550174790099,0.3182558515728699,0.6405582545592867,6.901811534524559
6,-0.004403594684087626,-0.008904355086686203,-0.0030000010985938826,0.449743136254786,-0.4943836832112341,0.7438520586556193,7.634722255631742
6,-0.009975218395328105,-0.018575530866676848,-0.20999998463946157,-0.07294488548983565,0.9261018558605502,-0.3701545572494271,5.441994616993755
6,-0.003362557067404905,-0.013788371594797831,-0.0028509830192764186,0.880402127468997,-0.4674325735242051,-0.07999301942421135,9.601318080396473
6,0.02034777340897529,0.007630722457140917,-0.2099999858851923,0.7746218769278244,-0.46207143970613207,-0.4317996438080013,3.563504393510413
6,0.02353255314469982,0.019997476381842894,-0.20999998587677954,-0.010708398506497529,-0.8892956470080174,-0.45720737353417423,3.325218391592381
6,0.0073033394366677044,-0.012232058394259114,-0.2099999841008284,0.26666130365330154,-0.15854015787333414,-0.950661226450001,1.8080281366983937
6,-0.0030524403414765575,-0.011906751093579152,-0.20999998571258155,-0.6462509803830538,0.7027925452958442,-0.29739251609704387,3.920652368646922
6,-0.0030218588462947804,-0.011706762467902218,-0.002829342394834309,0.6914180410993401,0.6703291478432881,0.2694437343751797,13.793811555145878
6,-0.0033093388527333347,-0.013798398361875347,-0.0030000015769382775,0.18903279383037233,0.5988331781771075,0.7782450947940429,5.147959478417496
6,-0.0017212471466259652,-0.006497057362429532,-0.0030000029167215527,-0.3815692174908598,-0.4178322377498638,0.8245126762884571,0.3984926832133566
6,-0.004409915965270263,-0.007875318773264636,-0.0030000012051098644,-0.5078082914068965,-0.6961468369401735,0.5074547473387161,4.197836418561522
6,-0.003955023631717725,-0.009530496111322336,-0.002977930249853138,0.626449556093059,0.621293571655958,0.4706965598873577,7.628746355029941
6,-0.0035253280662892916,-0.030658346475129508,-0.20999998435516265,-0.2874787535851153,0.14008987226596203,-0.947486566620158,3.4362735653114465
6,-0.007015171813231507,-0.016920579616832042,-0.0030000001048736055,-0.42102765135748377,0.8908088932406496,0.17086612454132064,4.039625153336505
6,-0.014024823334913394,-0.007739531022663496,-0.20999998596089384,-0.4977579642355082,-0.42090552888486743,-0.7583373555313441,5.96142988611055
6,-0.005294181132032253,-0.015742382755085653,-0.00265610420663542,-0.09621772962438307,-0.9937694627910394,-0.056253029517866475,6.496828071437855
6,-0.005482227169076522,-0.015825214746222283,-0.002945103659284888,0.3123011020632981,-0.6951905217105047,-0.6474396961678562,17.395977727142142
6,-0.00412075627379486,-0.014901024442567651,-0.002751120988267101,0.6430896384303114,-0.5781558054944013,-0.502166886121229,19.853365938435477
6,0.014735282398272823,0.009651649265494968,-0.20999998384418522,0.6721206029331672,-0.42921181031969147,-0.6033499125672007,5.75215863788133
6,-0.0201435516782807,-0.016127121507038426,-0.20999998479961413,-0.3230373492963105,-0.7449915692448155,-0.5836389575017769,3.903653048267806
6,-0.00032088594406364207,-0.012983478453994935,-0.003000001364198389,0.25116705793712013,0.28760034624789593,0.924230030806888,1.1871408243412065
6,-0.0096960884510306,-0.0019756020715867156,-0.20999998569629924,-0.46301523872071676,-0.4222324223247358,-0.7793180802792808,2.3520191601112916
6,-0.003670381869229258,-0.014341020653154894,-0.0029827017781198653,0.9461688605931864,-0.013612797541551733,-0.3233870420825242,11.40380435368196
6,-0.0030775393974372504,-0.013958960578213081,-0.003000001455122271,0.044343311517781994,0.4477587752744331,0.8930541696271155,8.688431629105034
6,-0.003193308653952423,-0.013352790422155944,-0.0027086238366886804,0.7862962275144073,-0.28187638062752396,-0.5498035545910364,12.353323389581801
6,-0.0023279794095092416,-0.014855811394678634,-0.0030000003670500536,0.13446009460530894,0.7216470463696457,0.679077332433279,1.222761851693852
6,-0.004397001397816085,-0.0153812715557716,-0.0030000017369613587,-0.40356471435399127,0.033284265433916924,0.9143454921433725,4.298604707637194
6,-0.0025867464646867847,-0.014623377058326793,-0.003000000143875612,0.9016516314251227,-0.1845663849030995,0.39110047956019633,6.375792274309222
6,-0.003846536068945802,-0.015016681724635304,-0.0030000000074096823,-0.38508444599590375,-0.18253227126242907,0.9046501751504874,8.204947579359004
6,-0.0040731995229348755,-0.01485085215168812,-0.002873854797305595,0.7493617165122081,-0.6501743644710342,-0.12542054700312805,11.23953756627412
6,-0.003558001601576313,-0.014930981178961642,-0.003000000361263055,0.7047759007796881,0.0324967387218485,0.7086853262574462,3.0454805129640827
6,-0.01872333083912687,-0.024581326452415952,-0.2099999827384605,-0.016370672319025517,-0.12886462020636652,-0.9915270600174722,3.5144043605457953
6,-0.01666022693397462,-0.02642302335243541,-0.2099999856301246,-0.6985299190887118,-0.37000126616420137,-0.6124989919786037,4.102884680815615
6,-0.004730948446683974,-0.015418495185280292,-0.0029404196540347527,-0.1989451974239818,-0.9006616847101272,-0.3863021332028182,13.519099908927288
6,-0.006176551275787062,-0.016914408217388714,-0.003000000051964564,-0.5845856216601216,0.8025910140371508,0.11877421915157652,9.597042632790288
6,0.005063162555302679,-0.006837065467130095,-0.0962842004416304,0.7602416972667271,-0.18365569043538135,-0.623139750864691,4.394952361281954
6,0.01581364005263363,-0.01152264636134353,-0.20999998536039477,-0.6941058173894687,0.14316737466358975,-0.7054928894737587,2.4878509141939507
6,-0.0285391820367109,-0.010662363106265527,-0.2099999852893357,0.1975633002985971,0.37403010050477103,-0.9061292547377098,3.4307048915335834
6,-0.008462216785384346,-0.02278080168874673,-0.20999998591188773,-0.009951582346064147,0.08866546874061414,-0.9960117472509131,5.294464116888788
6,-0.003261503485623825,-0.01070181915715519,-0.002692924617836996,0.643172784679946,0.7656269863458017,-0.012003617208547465,23.930583643405242
6,-0.0031348904687152675,-0.011094369891993899,-0.00282986885567539,0.23407961518343645,0.8883080504046885,0.3951145926712848,9.06651654511057
6,-0.003991334015076096,-0.01564193986558607,-0.2099999859834864,0.46813458487441617,0.7408178617506324,-0.48170416871320415,4.584551270530669
6,-0.0025698882896444605,-0.01126516539443838,-0.003000002109184762,-0.44737033153734407,0.3450802799085489,0.8250935624996745,4.7552551323879655
6,-0.020740865380677903,-0.028375083002428716,-0.0891438249973427,-0.33120944753148,0.8668107622985446,-0.3727457635296586,7.647688344441306
6,0.019411347382174857,-0.009054795789563783,-0.20999998598422331,-0.5432999016090496,-0.3087537088666669,-0.7807024812133456,3.642719365556456
6,-0.00805241457101918,-0.008265294998525446,-0.002946834979244594,-0.7390665219141043,0.6723585706570275,-0.04140807469356271,15.730922506382926
6,-0.005203639480058521,-0.00597823846237878,-0.20999998525756713,0.4212059100471861,-0.7539639320490641,-0.504107102221776,4.193203986870622
6,-0.018306144864415196,-0.004759120701821386,-0.20999998575301837,-0.13024533488878556,0.43550274276454465,-0.890715169840655,2.2592914680319316
6,-0.00648656542489565,-0.016091264481830812,-0.0028360421760704,0.16026936291019053,-0.9680329592445667,0.1929402009135715,4.6394000798481585
6,-0.0030807885495324266,-0.012924214429867874,-0.002754568592417267,0.6120922754889216,0.5134388200456986,-0.6014346384744355,17.5719099826455
6,-0.002802576089327822,-0.013480335135311869,-0.003000000073967252,0.7553036902876091,0.5650246487237974,0.3320594551770338,3.3173472062815224
6,-0.0038027738497367434,-0.01452804298934732,-0.0029021817102478633,0.891457603334698,-0.07388243574451724,0.44703996146341746,11.51516182918953
6,0.006541913643495504,-0.030084638404966613,-0.14898976197377992,0.144295005807453,0.9853084586297116,0.0913574991545247,4.0155597510642
6,0.007057410413356557,-0.0035121912022245062,-0.1739276065432601,-0.8257290790882318,0.5392107352517175,-0.1655997310909743,8.102803857662733
6,-0.04175229666745772,0.0023862722320004822,-0.209999985123501,0.3263183261484586,-0.7054032184514916,-0.6292238468287303,5.150975875427033
6,-0.011362075891472439,-0.000969319664231983,-0.1076220882568374,0.5437318499256909,-0.40420838104544843,-0.7355074847131081,4.2493928936471175
6,-0.004855232926758124,-0.008217864241900002,-0.0030000008863786624,0.21861286229182691,-0.2037045987694787,0.9543127647059639,8.438589982177726
6,0.00036127270651259197,-0.02281578310646478,-0.20999998438424333,0.369477367336017,-0.44660652839569576,-0.8148797971607782,2.713951903175038
6,-0.000249743093867553,-0.011393063361270425,-0.003000000433621927,-0.47268306186393916,-0.3689034587425547,0.8003005442674094,0.6753157089111663
6,-0.019896569482099016,-0.010516868490886063,-0.20999998548299081,0.5135604398650533,-0.43158689023438596,-0.7416120487043243,2.230826047262019
6,-0.005149433234880898,-0.020102324425686234,-0.20999998552426458,0.5279722080204204,-0.7679820384242675,-0.36255887275827176,3.7036413419274683
6,-0.003358044579122804,-0.010470234384853783,-0.002996951302018852,0.874914302853813,0.48056553056670326,0.05984758552330724,14.553572793330405
6,0.017063665133672995,0.003204753348110141,-0.2099999850532639,0.6965936290858192,-0.40648105824072095,-0.5912110158044691,3.607355225734372
6,0.0019526838051217264,0.004076608728796632,-0.20999998579349122,0.8530646101808185,0.3288026474132341,-0.4051784667416279,2.543269385220087
6,0.024581339456063406,-0.00717235505053649,-0.16876048825604714,-0.8578057381811094,0.159779264343168,-0.48850783231133366,4.509047889248304
6,-0.01621993144901171,0.0038037639228113707,-0.20999998425473423,-0.3064316638007042,-0.6544588285910724,-0.6912186897788088,4.974437334604234
6,-0.011493408165867702,-0.012003986027199681,-0.003000000036197036,-0.710735543509773,-0.4103691398341171,0.5713599183209079,3.1795742111959386
6,-0.007857344979721532,-0.0026362848360813483,-0.20999998504317097,0.13958288281601716,0.5281007293775347,-0.8376313260950108,3.31331614349887
6,-0.008513410432034163,0.014202790962119417,-0.20999998432986836,0.2507446535662396,0.3876736394896891,-0.8870379179904121,2.3701108503709882
6,-0.011636391119849893,-0.01505062474461668,-0.003000000569552877,0.3041271190493603,0.4323703706832647,0.8488595631869574,2.794254854103524
6,-0.008656027891746108,-0.016001036611843256,-0.0030000001991628555,-0.4230506980300236,0.5302048114850271,0.7347863395398941,7.974941728989864
6,-0.014698172028147969,-0.025561047088826484,-0.20999998515066662,0.18635375520615835,0.9283943969496153,-0.3214904689615593,2.693125904777068
6,-0.002507404976755818,-0.025117483999439073,-0.20999998596963532,0.4588224590692236,-0.7408230435511467,-0.49057432586437566,4.169359247708232
6,-0.034127762299182,0.0027791000408653645,-0.2099999858811357,0.009464120222407706,-0.7601248086116162,-0.6497081696897223,3.7774289992587438
6,-0.008472084620035503,-0.004328677479525147,-0.003000000128653095,0.1291422062790732,0.6312801714529183,0.7647271642146286,0.5134734551473283
6,-0.008956520273625281,-0.008213472403748808,-0.0030000005223291236,0.5899164837013039,-0.31328400822604785,0.7442121152247596,3.102506261420044
6,-0.027165352590018357,0.02060050321899209,-0.2099999858621938,-0.0011051221573926558,-0.9681938349395671,-0.2501988742781056,4.35450518665619
6,-0.005869289787930796,-0.008287502900817235,-0.0028643000399080423,0.8829001261724969,0.3642482586139935,0.2963284888451705,18.44825689649288
6,-0.0014801131621903574,-0.009599380250175354,-0.00300000101468646,-0.4465583393380907,0.12249008313941358,0.8863305416717319,2.250725919391484
6,-0.004592847808669579,-0.008612738644327473,-0.0030000001376685624,0.7636981328789543,0.1119890311148075,0.6357858277338101,10.103684511764229
6,-0.0031540726759402265,-0.01265745195380033,-0.002500001783113812,-0.11689151724513402,-0.3878314685900176,0.9142883162150987,15.221375160092514
6,0.007500473080834107,-0.026982486543492064,-0.20999998546604365,-0.6775846280367187,0.6892200816975176,-0.25662180506186283,2.705244924104684
6,-0.0059768255509866286,-0.007312388470358425,-0.2099999859174177,0.03340582384515808,0.04313953444617119,-0.99851040630581,3.3962173723702502
6,-0.0015870686184895652,-0.011440672854808431,-0.003000000104692026,-0.503944448799518,0.6283750056542295,0.5926085088768106,2.749489263506675
6,-0.004110665222607491,-0.014890524480269462,-0.0029091742373313747,0.8058499060555365,-0.5915002177075497,0.02708175330743161,8.760441260481466
6,0.026268701480486413,-0.0026007586327642584,-0.18401878914928627,-0.5546882558279607,-0.8188132181284455,-0.1478710677065435,7.865367841686822
6,0.025619204484585996,0.0012437090825931786,-0.20999998376069695,0.23730646847603654,-0.2013385625231198,-0.9503412141228833,4.802579571953299
6,-0.008475223018582828,-0.0014252348824267112,-0.2099999857434271,0.8373788974619624,-0.14192792013402605,-0.5278759774528656,4.068978340096235
6,-0.004067070446178888,-0.014844264104927757,-0.0028870401160111525,0.8862617649102694,-0.30185022908661263,0.35132111131910965,12.666732257813457
6,-0.0030717247244861604,-0.012878426467520658,-0.002930264216958221,0.5302505248222185,-0.8277743343175714,0.18336856974646285,17.978394698054217
6,-0.014192736816623822,-0.03385846021354335,-0.17707190555744604,0.04405062067507987,-0.09691005215657389,-0.9943178488839223,4.0148840948730475
6,-0.0047960861079192636,-0.015462429411691157,-0.0028532109940203896,0.6606154138956442,-0.6452496121360062,-0.38371892442492384,18.462321244137463
6,0.016182068757444136,-0.025936190258569938,-0.20999998560584412,0.0478117836278746,0.8151024284750393,-0.577340509959603,3.95953511701323
6,-0.0051811684318898935,-0.015686916133393694,-0.002972291956826673,0.17049350443367878,-0.9736109228037192,-0.15170278818536304,16.168535260084802
6,-0.0035327744284309654,-0.014387226391660238,-0.0030000003673354174,-0.6494984888562012,0.3743490090825129,0.6618266633888752,3.5095391275925385
6,-0.0037182264459858583,-0.015107917289738376,-0.0030000003878724504,-0.16720886749110636,0.13296426712671888,0.9769143761352866,3.69092474385492
6,-0.005254167028054344,-0.01632554914797949,-0.003000000372432088,-0.350934925701475,0.22977453554026356,0.9077710838863267,3.2029914170121527
6,-0.0030021615232543233,-0.012255809409911562,-0.002915219352071928,0.6497958005595099,-0.09318478830460497,0.7543752466802258,22.999884551511602
6,-0.0029650678706930845,-0.012692449902264213,-0.003000000149809049,-0.41528936746612444,0.7259949016887324,0.5481479216338906,6.231073388159208
6,-0.0035302095872141344,-0.014114467312756979,-0.0028523754463878,0.8586642580459015,-0.12137109453409356,-0.4979605901736376,8.932197282516086
6,-0.002851096296185576,-0.01377794144336398,-0.0033740771103377273,-0.8961968269515443,0.24996173325600068,-0.366538373529484,7.91385511804731
6,-0.0032080010765478473,-0.013419502695180018,-0.003000000159264556,-0.039387710729204724,-0.9481602647378362,0.3153422277713354,14.902796993750949
6,-0.0033767738556311783,-0.013819104125686245,-0.0027383701340722467,0.9414979171760995,0.3093042780622342,0.1338377208617441,13.984325324930204
6,0.004492646485273343,-0.023653065075480366,-0.179052498191746,-0.5596463280253485,-0.6810561049476764,0.472184889043734,8.013944201182195
6,-0.004335031570032751,-0.015331003990377356,-0.0030000000791838045,-0.338300558130587,-0.4602573043319548,0.8208020139946145,12.234989416253349
6,0.0009124442438849902,-0.03851590521780174,-0.20999998361297473,-0.5536038543726768,-0.2968725560971194,-0.7780677720225141,2.481887101126872
6,-0.0016109848873623958,-0.00967189329698315,-0.20999998435169637,-0.44926188853679955,-0.15418179057106826,-0.8799953016719163,3.145134441967563
6,-0.004622056835508431,-0.016751459925915126,-0.0030000012545421334,-0.09854122466616154,0.18924071475690515,0.9769736838418877,4.323616924427288
6,-0.012506438197628632,-0.008315741571332625,-0.20999998592690794,0.5690321574282161,-0.04268798265360065,-0.8212065147997523,3.3754188069828603
6,-0.0030317368502812457,-0.01162149830511924,-0.002666339041190061,0.7683264518375036,0.34828502025021835,0.5370028008084291,12.944796747506873
6,-0.0028027951179242735,-0.010746792410246802,-0.0030000000567136924,-0.09028496307113316,0.9701982213354562,0.224864485325632,4.605211359929406
6,-0.0027969208529756958,-0.011448459138287253,-0.0030000000767070505,-0.3948258049105746,-0.174220087443076,0.9020864398205108,6.287936667406605
6,0.01141873602654691,-0.010007398296598956,-0.20999998569988945,-0.3323901095694822,0.9065990767868376,-0.2599902479510367,5.487895469965557
6,-0.0026358915887106853,-0.015713777937090955,-0.003000000727277214,-0.5239550672447445,-0.3413746585130548,0.780342508155009,2.9753248324397523
6,-0.003958408864459093,-0.014722179609387008,-0.0028156059483683223,0.4892830435338211,-0.8285976433216706,-0.2720809599954663,12.247283511451407
6,-0.0036385885307549885,-0.008960650202303489,-0.0030000008964296064,0.08455970890160952,0.894520565098631,0.4389562782853221,3.717924125671095
6,-0.023687054631473938,-0.0069493223516748385,-0.20999998527674651,0.49817602051082227,-0.021279771815045694,-0.8668147575459827,3.5822242421107107
6,-0.004844385857404718,-0.008704123538237078,-0.0030000014605056726,0.693868215207792,0.27567291777655983,0.6652453249207478,17.911955076856792
6,-0.019784751948641054,-0.006496182379046924,-0.20999998538166043,0.3807391884305924,0.7058550225175468,-0.5973327025870651,4.130122564593581
6,-0.005090224083146447,-0.007130400918807851,-0.0030000015261135576,0.2737242012422858,0.36370331373246895,0.89039034206032,3.726558402786593
6,-0.014010580987160084,-0.01444937018876961,-0.0030000003690614846,0.15706069364376882,0.16465808763791248,0.9737657072866982,1.5310427466682683
6,-0.01228579196312711,-0.022547232641776722,-0.20999998574275486,-0.32392218286700636,0.9027533998747381,-0.28303836923865033,3.671037893789914
6,-0.006513948703465202,-0.018871160199611495,-0.003000001168258627,-0.17222302493014435,0.8451682907736758,0.5059938635543062,1.5259487212876768
6,-0.008710845299723744,-0.01596101681722628,-0.003000000002051784,-0.6805003858806997,0.26039316880732166,0.6849194277100779,4.823567881115441
6,0.003498036684054843,-0.0045567388360134445,-0.2099999858529228,0.5312572388741894,-0.4263499965113437,-0.7321143535121745,2.9658641765821945
6,-0.007252653149643052,-0.021426922798232887,-0.027022719321755616,0.24653156438740625,0.2654545821258793,-0.932070840971368,3.942521985163984
6,-0.0012285299256286405,-0.05715213322848589,-0.2099999857898642,-0.0015360355843808216,0.9083171232555264,-0.4182793853341191,4.224064006709887
6,-0.010887077486080025,-0.007034124941336122,-0.209999985764746,-0.15660888071459111,-0.9394957091373118,-0.3046661631916195,4.059899383671881
6,-0.0032674463904877175,-0.0027506814732391263,-0.050817970644431755,0.8686446519707803,0.46685864051834997,0.16582966675453492,3.7044891109146496
6,0.013941724162135688,-0.035489828850444424,-0.20999998595930874,0.7374041353563455,0.38432581270287997,-0.555453698205018,2.976634347937026
6,-0.0037275656183589348,-0.008260019319321635,-0.20999998552539945,-0.6068980675415706,0.02694133607324144,-0.7943229192368151,3.5783300061467846
6,-0.002180709086055297,-0.015105679524340668,-0.0030000010444852666,0.7238960090240254,0.607495602933724,0.3269918355789316,2.155835134869641
6,-0.033380578533257904,-0.012947473809317798,-0.20999998506527628,-0.27941226184175955,-0.28494286904489546,-0.9169167624778901,2.86395101479479
6,-0.0030274612398940603,-0.0125922524836681,-0.0028488844630539124,0.5548934285957026,0.724544830085035,-0.4088130038273658,10.395298653116592
6,-0.003015905315157886,-0.012480687541756477,-0.0029323705826409573,0.8441825451444325,0.031570276547370414,-0.535125357381045,16.97670351389662
6,-0.0035056364583628246,-0.014422603106963697,-0.0030000016310736204,-0.01182858296465196,-0.4991703556554795,0.8664231302659402,3.7142335287859076
6,-0.0032994227258882703,-0.015479507377813284,-0.0030000000941507237,0.6598420222385369,0.11254517065875043,0.7429280518660947,11.527136985725168
6,-0.002784144770128557,-0.012823529424608272,-0.0030000000051324228,0.04742043173126672,0.4365703591759804,0.8984195145606396,11.51371143150647
6,-0.0031624197231768614,-0.01342432849994654,-0.003000000945282171,0.11334715718768579,0.29152765339659015,0.949823167364614,3.868041078884816
6,0.017261526516939536,-0.016357257496748285,-0.20999998521220892,-0.10371290516525725,0.00270076600428101,-0.9946036090650247,4.363608786285992
6,-0.011060540548188561,-0.020665382691100607,-0.20999998597169092,-0.661743562682031,0.23309568082165527,-0.7125741090098505,4.2897424075897455
6,-0.0029862149637232436,-0.002040521820696463,-0.20999998416233176,0.3237083233733686,0.19825811316966638,-0.9251522263612657,10.17077283533664
6,-0.0036462658338818916,-0.015513290912791387,-0.20999998477975734,-0.21263517519702863,0.3508554492096444,-0.9119686047385774,3.469856246614258
6,-0.01240879878007142,-0.03094083578258247,-0.20999998500089972,-0.6798277812424595,-0.01075198969398379,-0.7332929718527074,5.626251622428859
6,-0.029543536788037415,-0.004995313901601725,-0.20999998565796524,-0.7734023465688946,0.5986354065061459,-0.20852927947640532,3.210393086804119
6,-0.009497893813931606,0.00429607040008907,-0.20999998576247803,0.42637719500400606,-0.2539980212263381,-0.8681517682949337,3.5829745508362874
6,-0.0030279930073604925,-0.012596751730738182,-0.002710884331922851,0.6372059104334309,0.39777752612948275,-0.6601073150746104,17.019403813895515
7,-0.007438349807529392,-0.009151558442387665,-0.08287498861765631,-0.8281860298824201,-0.5604027024050166,0.007530673592016368,4.448632251797045
7,-0.008974540471314414,0.004370434866041058,-0.20999998442316858,-0.747706073832392,-0.47844385171134324,-0.46046401370114004,5.74727261936785
7,-0.010986186277578549,0.0026300005237959515,-0.0029782155221598923,0.2652590808769128,0.9624884662932923,0.05704009348450892,8.130488168176345
7,-0.018265064670913104,0.008170246914045356,-0.2099999855551195,0.536390158517475,0.30939059064474317,-0.7852152954865916,2.9051950089626826
7,-0.017981894724286906,-0.0010112298569823646,-0.003000000466998677,0.2123886299770856,-0.2425192925942962,0.9466126254049324,9.669530900421293
7,-0.004204867047130806,0.03171125063913198,-0.20999998588652363,0.9187337142212186,-0.27558972110169666,-0.28280499991402763,3.4435413945515503
7,-0.017839872641471174,0.0011204039231603618,-0.002987293110611203,-0.8120362653056893,0.5606226198613918,-0.1621708417938863,7.175170984272389
7,-0.017330227516181552,0.0008273374559063834,-0.0023287430729370916,-0.9963728961406138,0.030614040372226967,-0.07939667731368505,5.825190376119674
7,-0.01659057402925854,0.003185037317469309,-0.0030000009055582985,-0.2726132079578635,-0.13765341962156896,0.9522255903479022,6.1891462301888645
7,-0.01657718421289823,0.0030590965828638725,-0.0029710307815966194,-0.10206894022163052,0.9807351675243,0.16655468358204897,15.327707925588417
7,-0.014678377058934731,0.004426910497925873,-0.003000001101958416,-0.7038024292959951,-0.08173336691602846,0.7056782533489505,7.125736855263554
7,-0.028863022953532203,0.007652078497593695,-0.2099999858462815,0.5549418610728515,-0.6160717488370154,-0.5590126394938684,4.41987375846773
7,-0.01096812490828502,0.0028359364189394637,-0.0030000000132994233,-0.3482768345718503,-0.7027886317419839,0.6203155532427362,12.551253211884365
7,-0.014124958171783879,0.003494857037368063,-0.002492730062347071,-0.42154373347650415,0.7684051521234714,-0.4815126197274532,17.07975140681138
7,-0.009129700315900512,-0.003967143534385025,-0.20999998527139302,-0.5364176702624173,-0.2586400420684267,-0.803343893777181,2.695966856011216
7,-0.010952830075580077,0.00277042140458992,-0.0030000014661198306,0.3052879257577924,-0.7047036292472724,0.640462393362973,16.120737841946365
7,-0.007655268871887404,-0.00943896889150793,-0.2099999859690571,0.9358278743357575,0.22173009581071362,-0.273974367830258,5.703887377840273
7,-0.018118870895406165,3.9223828499302055e-05,-0.0030000003450055004,0.03159266949406909,-0.3329161481276502,0.9424270483968971,9.35531312576149
7,-0.008769094285375043,0.0012013257313359714,-0.08457921251500941,0.9817288450642775,0.1627249331622168,-0.0986360527196431,4.52411808810649
7,-0.03350369596800623,-0.007869471581627641,-0.20999998569110545,-0.8474241012301579,0.4960343860395729,-0.18926774823144862,5.684144051179642
7,-0.010971156243216968,0.002612678674086109,-0.0029767943839492175,0.8240378364373748,0.3743843331306702,0.4252034986049779,3.124876896306131
7,-0.01776047348404511,0.0022468781525954796,-0.0030000004495339522,-0.32604236711294043,0.8948662717477136,0.3048126154471585,14.358679417254608
7,-0.02424706767069836,-0.015617714481467163,-0.2099999839851776,0.10869648972987811,-0.17098892881523312,-0.9792588316390217,5.250560343212263
7,-0.03653236165001228,-0.017905583545499808,-0.2099999843802106,0.09592738740535985,-0.3639965620499712,-0.9264472133701863,4.893759700405885
7,-0.022501520984209458,-0.012468586363837911,-0.2099999858077864,-0.29025442352046715,0.6690527314041311,-0.6841935488057987,3.5297833197203983
7,-0.014598289224156891,-0.004833973363163262,-0.003000003706226895,-0.1365061336906555,-0.14976792623051774,0.9792525944501956,4.666689009760926
7,-0.0014972204284501992,-0.021638887747823687,-0.20999998471702616,-0.7652440638625536,-0.02690549488550438,-0.6431777492016416,5.512793236967518
7,-0.018019328429379824,-0.0012449855571747843,-0.003000000449795944,-0.5522242083028053,-0.3118441596736424,0.773176334248391,2.0766373158113822
7,-0.005495283090862757,0.02820296631419335,-0.20999998402949915,0.09596106386413739,0.43820468671220053,-0.8937382876242491,3.5330331672420776
7,-0.017277104295358822,0.002293596708832199,-0.002957566461162776,-0.1670056324640875,0.6465841987493101,0.7443372842018482,11.854440438809418
7,-0.049805931203286344,0.02294261959462836,-0.2099999858435877,-0.8824372551808108,0.08344271687215404,-0.4629706293815518,4.38219729776912
7,-0.008549077851229795,0.02305368526339098,-0.20999998522906277,-0.325917831620337,0.327031419998439,-0.8870332673387745,4.322864658963749
7,-0.017011926476013586,0.0017134717048081114,-0.0024128181334404234,-0.12135408945255315,0.8205167468990835,-0.5585923854039607,13.66991839068005
7,-0.017512052956972002,0.0019145377227857852,-0.0029964921691603185,-0.9774086704875545,0.05351167187049649,0.20447198299369837,11.321756180049949
7,-0.01723178803810888,0.007500435478706271,-0.0030000003360505815,0.3900611463866622,0.08677587525552927,0.9166909236777463,1.899740663423028
7,-0.017764113110641917,0.0016956065323677988,-0.0030000003465703046,0.1390373306554746,-0.25255331330218644,0.9575413540021589,1.7700653100093444
7,-0.016569186799567273,0.00321391791925426,-0.003000002738736871,-0.07651353677950216,0.1186801566961172,0.9899801508596406,8.151034096830088
7,-0.01157540389933382,0.001568456501223654,-0.0009689217655720149,0.4001875203209346,0.3443821843852542,0.8492648936918461,11.499029661969661
7,-0.01286088805357902,0.0027736706143894107,-0.0012459391281494426,0.05092256347519676,0.8104681278299644,-0.5835651688551218,3.6411601676273087
7,-0.013068335262804862,0.002338331776996123,-4.260078269913182e-05,0.360273842611776,0.8751277689428789,0.3230389239005171,10.302828600181158
7,-0.0090429260094409,0.003538537737526945,-0.0030000003464090968,0.529960007637416,0.7580630085080178,0.3801090178313621,1.9255322043012555
7,-0.004830028635386702,0.016047415127107757,-0.20999998472227416,0.6110046787995861,-0.13401410614731335,-0.7802009368352175,5.677822411110209
7,-0.014289738636254708,0.004379042302495938,-0.003000001359134794,-0.47843388742018667,-0.5736766997461727,0.6648278420285567,13.26702299596942
7,-0.015862876045087862,0.0035397240862255035,-0.002883706950294432,-0.7154579124228718,0.6524643670699087,0.24982038598875356,8.219837474650891
7,-0.010484117724855389,0.0019074981932742968,-0.0028572104084804233,0.9259047425874963,-0.29465681894789303,0.23638478525804288,16.569315345164952
7,-0.01896045925592081,0.009349968201107797,-0.2099999858295743,-0.3863686731695075,-0.5416310120379743,-0.7465621844106184,3.5603001134366044
7,-0.02384297439165959,-0.038161950487138455,-0.20999998308298629,-0.3929519996141219,0.39951553527025513,-0.8282367192276517,4.516454326240412
7,-0.02895117691945484,0.011455390894564845,-0.20999998598457087,-0.13983423354113905,0.33422817894876,-0.9320611093305834,3.0105762293229166
7,-0.0071238778834744245,0.008524294301209687,-0.2099999853621877,-0.1100937602135691,0.6635844779146703,-0.7399560829081359,2.8058242136263516
7,-0.022738936191774244,-0.0068705978557252675,-0.20999998527673341,-0.6724221885450125,-0.5802288587025142,-0.4595463762027872,3.0286343150687975
7,-0.029370497691616537,0.010441350226449457,-0.2099999844691835,-0.16224048274666408,-0.03589798411776169,-0.986098048114086,3.283516147891926
7,-0.018734316085506818,-0.01774131081583566,-0.20999998561934544,0.7962965902538364,0.07033264976060292,-0.6008036773587243,2.7486592329771224
7,-0.009463689114476266,0.002690247147709571,-0.0030000020508161905,-0.6205471429291566,0.34578207296359553,0.7038153176931146,3.2216178331272856
7,-0.04093407795404417,-0.013758936001837172,-0.20999998598596048,0.03481906159803479,-0.5233117277369318,-0.8514296615472237,3.548011014387561
7,-0.013927538680239805,0.0031354248901223746,-0.0015907564419350654,-0.2315338739554426,0.7975490768570268,-0.5570525425987116,8.692331601406206
7,-0.013772493485468294,0.0034055313027153205,-0.002282868259982017,0.44298588051106846,0.666827044954506,-0.5992538708970302,15.195124416060382
7,-0.014304870766811417,0.0034349888475249,-0.0023713278395148347,0.2311980057932294,0.8743462436244819,-0.426692076768472,11.36261920349563
7,-0.013784431837412034,0.004967061896249259,-0.0030000001947919457,-0.49651867882421474,-0.7156251557492479,0.4912736895433346,2.154618222797177
7,-0.009210188656993152,-0.01455669388126558,-0.20999998498394265,-0.3446570417565768,0.482394314493826,-0.8052994777793148,4.842691367123236
7,-0.009782490450499075,0.005392918038967601,-0.006083045198534683,0.8899001678028651,-0.4176000707895257,-0.18354256242358505,5.2762618000989185
7,-0.03392175856896702,0.013767301306431855,-0.2099999858569103,-0.08021612519104843,0.5925875643123316,-0.8015019350455196,4.065909436454555
7,-0.028358020759696942,0.025818792550021966,-0.20999998497198044,0.7371972175968717,0.07428595650085801,-0.6715816101072027,3.254037493213208
7,-0.012530076196533835,0.0037960916488431716,-0.0030000012828373603,0.596099938750322,-0.4765806766125648,0.646170040857182,11.777930881806236
7,-0.017894374257747585,0.0027387420059310566,-0.00300000086152728,-0.39635328219227617,0.18873732102820104,0.8984888977313567,6.13374220539858
7,0.0020702973530469264,-0.005704338344604151,-0.20999998349897436,-0.5560074483533496,-0.15973670547500426,-0.8156837023623738,5.833190806487644
7,-0.013278016407128699,0.004216537390493361,-0.0030000017798125504,0.5319432193448225,0.1537872679857695,0.8326979570039423,9.99247290152498
7,-0.013437636130872864,0.003960264223374931,-0.0029296127159403502,-0.12187158071966478,0.9465540788771668,-0.2986347159556108,20.83229285872747
7,-0.010734059579499277,0.0023094624604472953,-0.002792599358049439,0.36776566968199476,0.4850477165550596,-0.7933959445750127,17.116568138312598
7,-0.009965635467720712,-0.00043946589254961234,-0.0030000010120195143,-0.42055817161631215,-0.1427343944741794,0.8959674753699677,9.50311745984054
7,-0.042337671007979374,-0.029886188129866306,-0.2099999859181178,0.4174970604534187,-0.5173278021451582,-0.7470395904103171,3.053711824086487
7,-0.009922499430462643,-0.028344187196529348,-0.20999998573249049,-0.2977196032016551,0.16172990955927255,-0.9408541195229994,3.2391902964649644
7,-0.018003549601183222,-0.00036875923929026986,-0.0030000005831078043,-0.20458171707203382,0.3338055138703971,0.9201740052563854,14.562918013710132
7,-0.017066458263749848,-0.0025684279407140803,-0.0029813307315503107,-0.07508563139130385,-0.7628575086358976,-0.6421920035911383,17.82555150067609
7,-0.0169630384579943,-0.003513796007314128,-0.052780500969576746,0.7054722984993715,-0.09215916188149684,-0.7027200900296743,7.428409841037237
7,-0.010966087555883585,0.03328236930381267,-0.2099999858060402,0.5186272567145217,0.04623271934541003,-0.8537495559323578,2.6282875758030344
7,-0.04952339889475277,0.003393492491282277,-0.2099999850682794,0.2587092987740983,-0.1859052445257863,-0.9478970085329005,3.6006466782204667
7,-0.01760600563193318,0.0019874804664043047,-0.00300000151105468,0.2069207824523754,-0.20145776879742533,0.9573915380764862,5.053952480115932
7,-0.031009328026677545,0.03158697479797244,-0.20999998548316703,0.27056573688750035,0.3904137923424053,-0.8799836661957683,2.775338552544654
7,0.001156626273606945,0.025232807085205537,-0.2099999852496456,0.3522581873350867,-0.3536954381161342,-0.8664950701020948,6.749831911855888
7,-0.017215375030108608,0.006162926073049895,-0.003000000008067223,-0.4330637940366086,0.3033201216868568,0.8487948244861584,3.0010181368440665
7,-0.015984240011196013,0.0036314413564724644,-0.0030000006165329,-0.1639800293733877,-0.5638760765624508,0.8094160365641639,13.629390834622987
7,-0.004466440239494725,0.03168910961418761,-0.20999998597075298,0.5638361903255626,-0.3291256016144102,-0.7574728304309722,3.9126165600999276
7,-0.004838455370732172,0.005130413068943458,-0.20363755379199175,-0.4956269803197253,0.6812793672601255,0.538713578931137,7.473586435631317
7,-0.01020606409309048,-0.002997328803388661,-0.04194795053092173,-0.7401545076094626,0.4308608882728555,-0.51626562913109,8.357353201078206
7,-0.017344655598447698,0.002214948921114735,-0.003000000377974614,0.2278501156801041,-0.5606064228640443,0.7961185611629362,3.8118793297446087
7,-0.01626540862180228,0.003296646823269,-0.0027513695114577126,0.016644212936365768,0.7822525489409471,-0.6227390463517761,17.140414093451906
7,-0.03880851519162403,0.025496869116037164,-0.20999998493793814,0.12493272424945949,-0.9270260468777898,-0.35357392836823587,6.0966367736951845
7,-0.016801931467759892,0.007131357043164437,-0.0030000000083626366,-0.0057889308265771655,-0.4629688587856706,0.8863556419827082,0.5348009396005985
7,-0.017657930079062086,0.0016315773062300827,-0.0030000007573006164,-0.5338362547426914,-0.5808357126010659,0.6145313076560937,19.893924892692528
7,-0.017720764391875754,0.002040826319736414,-0.0030000002022953116,-0.279688841826366,0.3405052483704468,0.8976805264625086,5.394998080900326
7,-0.01871353945877388,0.0024097332641990397,-0.0030000012890442447,0.1967798526686039,0.2116930793095483,0.9573211215449932,8.822306901845772
7,-0.04456601469940259,-0.022452605183652018,-0.20999998548154436,-0.47650767453222087,-0.3179833826934184,-0.8196505379994244,4.551246204552397
7,-0.009442005423114904,0.009219084548659558,-0.2099999856131973,0.13953473385018914,0.909040818086494,-0.39265105259249566,5.6968463111657
7,-0.0123821574030493,0.0024373180370858257,-0.0010640683562977396,0.9199613946014368,0.3277825366381511,-0.21501079302685822,29.125618755032438
7,-0.010328250803204788,0.003547613872680462,-0.0030000025439439067,-0.4688687068436729,-0.5857908580663557,0.6610682312353428,3.31764405720325
7,-0.01016999752212655,0.01882366513229701,-0.20999998463007863,0.6369187923251765,-0.5015830292283572,-0.5854476208621431,2.53114378333432
7,-0.010754013038735567,0.0022552283840927495,-0.0025000014623107495,0.6195326003628262,0.4719222068395273,0.6272709046172832,20.304401798416773
7,-0.02444518951150374,0.0008971391351500825,-0.20999998525746294,0.50278419361436,-0.2533480884030619,-0.8264519349327413,3.903693676042031
7,-0.010892644136653005,0.0025187970574056286,-0.0029684423783304876,0.9481343621212434,0.023860579232540313,0.3169730337483474,7.683090266235889
7,-0.008003952387041258,-0.0222295525027819,-0.20999998297741784,0.655976302943435,-0.016446618298146497,-0.7546022785038605,4.623482560442024
7,-0.014047446943964453,0.004027186832034641,-0.0030000011530153087,0.0042863343702411625,0.5557784507916833,0.831319397688556,12.090020473551
7,-0.02825137669524168,-0.0027131401116310336,-0.20999998536605247,-0.8030453204569453,0.39845168086340493,-0.44311902611976584,4.692899625216344
7,0.00688891306553443,-0.005842126666104511,-0.20999998480479615,0.25107271648454754,0.38771036296122025,-0.886929064519564,3.6590656773174737
7,-0.010884507655052004,0.0026285722961477877,-0.0030000013051020885,-0.1219987431272843,0.5023866494419061,0.8559929679254951,5.8034272931199125
7,-0.013330504930619047,0.00510496887628307,-0.003000000192558204,-0.41921176611971106,0.5972575675346665,0.6837725449075635,1.6505502725899606
7,-0.015143571302218203,0.0038330388714131417,-0.002864153135049687,0.6238275705939088,0.7663838578245223,-0.15328060749130684,14.144622281046326
7,-0.013844413823893495,0.004742925301952632,-0.0030000008768967046,0.744125778278744,-0.41388649954429324,0.524380388264116,11.248173709976717
7,-0.024434686411496348,0.006227294040278765,-0.20999998594921782,-0.5936600281158624,-0.34025503808574026,-0.7292422643228688,3.387028727765736
7,-0.010063718693025851,-0.0007110901447118927,-0.002804405234904694,0.8598271097600529,-0.09213774482823109,-0.5022031235462816,13.868569643516384
7,-0.026004350637192915,0.002762138384811157,-0.2099999839907017,-0.2417832233884486,-0.6224443195748622,-0.7443815835422571,2.985570124938353
7,-0.008886845613833537,0.0023929887193650367,-0.0030000005152732304,0.11446344838920211,-0.5313022782226855,0.839414086216235,1.3756009289199989
7,-0.00995487699283616,0.0011513860715345998,-0.0030000004927306554,-0.5098476803295247,0.12770301835886907,0.8507333788941384,11.301291704842942
7,-0.032137047953339694,-0.012628465818028923,-0.20999998517903024,-0.06682669913829352,0.02017279739689734,-0.9975606500496419,3.731316775818727
7,-0.029605355934876024,0.003593756834218021,-0.20999998549765983,0.533104901799672,0.7579495477294026,-0.37591441416093163,2.6328731423983895
7,-0.02006795641734027,0.021490606571115692,-0.20999998577869325,-0.27381109784085716,0.29477070742997735,-0.9154986142755298,4.732264469177309
7,-0.012942568702204515,0.00012794918679274181,-0.20999998495752,-0.6102408705589862,-0.3485737834974043,-0.7114087414122173,3.923526238987959
7,-0.018319089497253,0.004468308357095285,-0.05594233559129056,0.008122492160960976,-0.4889246757154314,-0.8722881901055728,8.094853783852228
7,-0.027074803044841618,0.010253034456831334,-0.20999998564148115,0.6163743604881139,0.6470330053794752,-0.44881058107231864,5.304743997164896
7,-0.01734714531656765,-0.0006107381892013525,-0.20999998597199715,0.37810036234546013,0.2504363107703218,-0.8912473114921482,3.07678892461099
7,-0.017096311206042294,0.021927558269946315,-0.10265559601084649,-0.39217510805765066,-0.8403477870632355,-0.37418482251140617,3.895682204359553
7,-0.012424197226811852,0.01764980450495119,-0.20999998561073507,0.35735817586300445,-0.16126663932304916,-0.9199392399421367,3.3697177327108223
7,-0.012215630978499353,0.0035799408383067875,-0.002925826661395541,-0.55693865062818,0.8232776008813497,-0.10969654198520155,17.54477084299624
7,0.00729203557339594,0.016007267003036136,-0.20999998598757041,0.008120023478711838,-0.37113581172415605,-0.9285430924165861,4.422049331557121
7,-0.0191778709249441,-0.004814801373273701,-0.20999998375625595,0.5200962731258271,0.003540111217363222,-0.8541003069272334,3.8842921747566757
7,-0.03013828939315581,0.010043341025717935,-0.09938575122169946,-0.08318907032909684,0.9215055878870417,-0.3793508008041348,7.842076424773754
7,0.016990482971383145,0.004663428342649812,-0.20999998286151977,0.4685486410551067,-0.031155240724398008,-0.8828881706880083,3.619680133743058
7,-0.0006422035448003764,0.005112199060724146,-0.20999998547994056,0.0024837430510295166,0.743331409328401,-0.6689187147376797,6.130093561553823
7,-0.024733678688412645,-0.002316726274138814,-0.2099999849365744,-0.17810247107373386,-0.26989741151488233,-0.9462742187415845,3.597367547575934
7,-0.022995335426050256,-0.004155593456232202,-0.20999998353996222,-0.07709212378272823,-0.36217334922812694,-0.9289172565732375,3.2959370398940804
7,-0.01061037495996479,0.0028550774248882575,-0.003000001166930488,-0.27226051022106507,0.4475171961510859,0.851823088277863,12.709426882038693
7,-0.01023911048016626,0.0014015387671255236,-0.0030000001108195706,0.4349419419516977,-0.5945517766391398,0.6762645133574053,14.868121873643462
7,-0.01404927953720517,-0.0003418398879203083,-0.20999998552455434,0.3257265597316221,-0.08521923217427967,-0.941615574825007,4.075005664423312
7,-0.010028921436072404,0.0004801280481876556,-0.0029691637666091333,0.8710345199014224,-0.014343072651771928,0.4910123638025875,27.284894903660508
7,-0.010909204742184236,0.0025954616734882334,-0.003000002454619919,0.2116069489670188,-0.06119687698085712,0.9754370514782894,15.577839580540225
7,-0.009757374959804135,0.0021157360626492465,-0.003000001745537189,-0.08518184285476853,-0.31066349874316246,0.9466954337042734,3.4846175196151585
7,-0.012912176815947071,0.03434992528704896,-0.20999998332365338,-0.02689273225723435,0.16742585049838193,-0.9855178159407539,3.3876585131123442
7,-0.01896340232548626,0.0005123215039908725,-0.20999998555813976,-0.8887178134608815,0.3852592075981237,-0.24850752704530965,9.237287487971962
7,-0.029770712810540105,-0.007009921207114,-0.2099999840844259,-0.018839048350598568,-0.27195359321419543,-0.9621259446637594,3.6116335216437885
7,-0.014951058789124113,0.0038852884055873183,-0.002991726895482938,0.4568690877604219,0.7577699690725768,-0.46589195165907926,16.26691090340268
7,-0.014278376333154997,0.003990300474759009,-0.002997134567962287,0.3990089404607731,0.9140796883317139,-0.07245818664421357,8.861436230916482
7,-0.010353990151883402,0.002472056621530083,-0.0030000007573416634,-0.17308451928272583,0.5495322096224041,0.8173469885992031,13.958040817111263
7,-0.025142764519160733,-0.006196581207635795,-0.20999998597839586,-0.4512639097289619,0.12175107045334264,-0.8840461303685438,4.6625161341164745
7,-0.012814457649436957,-0.014556659271479207,-0.2099999857113859,0.4181462017680688,0.7441652667982767,-0.5209335942689691,2.956514023475684
7,-0.01332881113301057,0.006183651606304824,-0.0030000019658918686,0.411679883209252,-0.21908532121003937,0.884602337658629,1.6900619226096938
7,-0.017752076562640065,0.002509014023628497,-0.0030000004997662783,-0.6582364980730541,-0.06837231493045502,0.7496998993968005,11.809138116002229
7,-0.04040187526725218,-0.014400573728662457,-0.20999998598673458,0.5175993134130135,0.5344666057913551,-0.6681589616612543,3.7812009148623065
7,-0.01196420472719607,0.0034431829062148457,-0.002900277697308966,0.48838921566870075,0.8058002590396841,0.3349058323620078,15.144812623721496
7,-0.013993805645756724,0.004718196224043512,-0.003000001806805306,0.04810069824149368,0.7243741744777297,0.6877269648475246,3.378947347758311
7,-0.007715760343361173,0.030209082566712453,-0.20999998543937504,0.202545925116366,0.8724301187545636,-0.44479302614660393,3.7974889978279185
7,-0.03323284702605703,-0.003181646549483793,-0.20999998547979945,-0.39039695743459557,-0.02877682961869951,-0.9201967777073047,3.635019546491584
7,-0.008923463287509995,0.003810004313187558,-0.0030000010055293656,0.40089057695499203,0.6966605526800668,0.5949376603041682,2.6046961335642638
7,-0.019661367831224352,0.0014332886278414577,-0.20999998585201818,-0.16073647575098618,0.8125595178515596,-0.560277444943122,4.719299249462843
7,0.012988632455887607,0.0012939018894340911,-0.20999998399734332,0.3927532096017631,0.14659282991548883,-0.9078851571453747,3.4286014382114827
7,-0.005066618783513935,0.006025399830417711,-0.19123202834016143,-0.03938929854357934,-0.9701727671088904,-0.23919298718926427,4.444370520561742
7,-0.016857860832227217,0.0027986719443802753,-0.002920073098749715,-0.8321036282799311,0.16446657960926225,-0.5296737637404787,19.446573758781792
7,-0.013102148260558135,0.0039197565227019485,-0.003000000106166574,0.33281582412712357,-0.7100464802629848,0.6205381721350673,6.263424187084442
7,-0.012181056899592854,0.003859368808238479,-0.0030000001372119008,-0.5839748414577601,-0.6851768972996084,0.43532287322315805,10.107576054857827
7,-0.015134902462078548,0.002628755013340433,-0.20999998547304022,-0.8089891246806852,0.18699980631528662,-0.5572859845594759,2.8369133609052466
7,-0.013743782829528577,0.005577543963925639,-0.003000000407335197,-0.23899533143364826,0.4378216859838782,0.8667141413610112,2.7866681041068966
7,-0.009795349190554591,0.017762475523449773,-0.08372401256916333,0.9103600144368391,-0.36385136256231465,-0.1971213587516708,4.724336827393099
7,-0.00709013387714038,0.009876314852062494,-0.20999998549904453,-0.6235534390187498,-0.522339448546108,-0.5816722523727931,3.7660487607735273
7,0.001434208518211,0.005674404279769393,-0.2099999840875571,-0.34388008546815413,-0.3595255872602839,-0.8674605690886261,2.4919749150674377
7,-0.01012340938839016,-0.0013035988417117823,-0.003000001564035749,-0.08596533084255632,0.49430333250883324,0.8650284257547793,5.06216530923734
7,-0.01736257465025612,0.0025845685127892596,-0.003000000398876038,0.5285044303250701,-0.5966790333396276,0.6038685273299652,9.16787600773231
7,-0.01996232743193941,-0.01719031972013105,-0.20999998330694827,-0.49278031373919007,0.10756270374681956,-0.8634800676065306,5.8797706709828415
7,-0.01767725084817614,-0.0013958541881033118,-0.0025000004665786477,-0.32209928177705627,0.550061389719011,0.7705092603071655,7.842310908300959
7,-0.019539693779465545,-0.002523580832197042,-0.0030000004397279984,0.7564154509051063,-0.023262742647738057,0.6536776808462483,2.7708954988549053
7,-0.015515217994899223,0.004573174406323361,-0.0030000005875629758,0.23460256860948162,-0.2581513856389536,0.9371870127645399,4.7451212704846215
7,-0.013572547987265635,0.025459113159426366,-0.05217884400244247,-0.303810047756282,-0.94608884170529,0.1123181128895453,4.460732172193126
7,-0.00761374244859357,0.002042038690931843,-0.2099999859871212,-0.8136659798970682,0.5352572149862705,-0.22682016436658647,2.872562371923986
7,0.016445394676883277,-0.029014911036952796,-0.20999998539603548,0.5745024807099185,-0.2727076222178286,-0.7717366470775169,2.2269695390229405
7,-0.017607295390905393,0.0019881537005927968,-0.00300000030054811,-0.03217790349745717,-0.019790451093483527,0.9992862055347431,2.7393557328434106
7,-0.022841058131857158,-0.047255280539898206,-0.20999998583116616,0.018837113059585756,-0.2277501190286885,-0.9735373883184963,4.043602144063977
7,-0.008133178875845953,-0.014394202703854893,-0.20999998582750196,-0.6718573058637691,-0.23882410721374212,-0.7011211067790188,1.5898435862645175
7,-0.01634759744101141,0.004913967806817857,-0.003000001061735748,0.4420765462437457,-0.3710546819170373,0.8166313429502006,3.5281928634691857
7,-0.016508295371134286,0.003282288861586248,-0.0030000004400272478,-0.7437737867947763,-0.0312688025774925,0.6676996450967518,8.582003384243336
7,-0.017462723820670288,0.0024781808925141468,-0.003000000007694949,-0.002085587364344727,0.6872393924026786,0.7264280197344695,10.577540369033262
7,-0.015608712535485975,0.0036934454884053006,-0.0030000005794507028,-0.0051886465404092945,-0.8248986934076231,0.5652567766612576,12.814258492121333
7,-0.015281309803541183,0.004212857491121207,-0.0030000006080643992,-0.3468269028739694,-0.41257717920171394,0.8423129885290901,3.939961375036884
7,-0.037946364903857,0.044262319464324296,-0.20999998428646516,0.4429684201059736,-0.5607893905464092,-0.6994957028026726,4.412787812278538
7,-0.019897362602971116,-0.00847583499907828,-0.20999998512362938,0.012763826811430979,-0.06714877304634335,-0.9976613288102825,3.775434318842703
7,-0.009865761144667327,-0.012546440069644562,-0.20999998564867622,0.7378317257573205,0.3685646427715678,-0.565477186599637,5.5171232170769
7,-0.026083031750196474,0.005649509406115047,-0.20999998429013028,-0.5239926565790339,0.31314956456393533,-0.792066314183771,4.523608032605488
7,-0.016949166302269777,0.002702297007418572,-0.0029762110606169553,-0.9727074810207565,0.05794428394882234,0.22468336904166392,5.341201863838258
7,-0.0031767224644816397,0.021877312486370787,-0.20999998305648,0.2345346892670792,0.10012360703627785,-0.966937817465239,4.554421343093644
7,-0.00720296463066503,-0.026784220522153575,-0.209999985949906,-0.24833707279027462,-0.8096304902274641,-0.5318149749414676,4.447282843527064
7,-0.012023785835762557,0.0023250498301281095,-0.0013789608073451953,0.8919362015642761,0.029546140486034433,0.4511949001501132,20.40788920357369
7,-0.006826082832144781,0.0031471602521523146,-0.0030000002870367113,-0.5582525660544284,0.47926540084383545,0.677243492436542,0.535721708981525
7,-0.012437238154296575,0.0029437209491266648,-0.002082029007954771,0.5869102217476558,0.6761568378160241,0.4453631352983228,10.937088226992715
7,-0.01157771961274064,0.002334644328358146,-0.002160445833311124,0.881797271920542,0.4234494638401453,-0.20766348452961833,9.64034242719942
7,-0.010673239716263324,0.0028456548128783297,-0.003000000005311621,0.3281028418815312,0.40172335380369745,0.8549660064341575,9.617992282603796
7,-0.010566550041545318,0.002902388199795502,-0.0030000014137284113,-0.3592832140196813,0.1791795440554321,0.9158658543235333,4.506224164229907
7,-0.01220640996402337,0.003689547355382401,-0.003000000628621392,-0.9100719541216754,0.22386495447438592,0.34878864729135906,8.271444682135865
7,-0.012123960799247806,0.0035463743044919613,-0.003000000649575492,-0.33658776885920716,0.24418561403490496,0.9094405201841279,4.721982694212164
7,-0.036820585050975296,0.011462192168623882,-0.20999998544299117,0.14033231326733467,0.8861517946742945,-0.4416354137165241,3.4948622724477936
7,-0.020129360077897403,0.0054229452541108315,-0.20999998596775438,0.9634725595621563,0.1732094120462376,-0.2042526047553471,2.883533875491691
7,-0.010719401683327696,0.0022885951862457853,-0.002981774593942601,0.782071805913364,-0.2536177205450193,0.5692466444529632,5.954434654121616
7,-0.029668882281379483,-0.006663381714499084,-0.20999998565427164,-0.9185567263547962,0.24422247934456331,-0.31081975653287236,4.694030636888657
7,-0.03203577120306661,-0.01588083753704206,-0.20999998440649914,0.3156786847928121,-0.6713392446206445,-0.6705599053027721,2.461853973272549
7,0.004197059251398292,-0.0020699972452561414,-0.20999998313001852,-0.26116923860125935,-0.6507315490674265,-0.7129790178236282,2.1540956166078242
7,-0.00031452892625507173,0.008644944012248197,-0.20999998572936973,-0.3274763320268256,0.20164053309282506,-0.9230928162304685,3.368121087510283
7,0.008710738663891496,-0.02117163837987901,-0.20999998355821756,-0.08970844440897732,-0.3533835676404931,-0.9311672508864338,2.9704034726860593
7,-0.01385612347440499,0.00551759985788817,-0.0030000007452781717,0.20162515843383091,-0.6533147659385272,0.7297445526300419,1.4769294274140972
7,0.012538587785612924,-0.005365760146865168,-0.20999998589595853,-0.47584148048618596,0.035854374254229555,-0.8787999483930072,4.076637794189236
7,-0.0023104274179307927,-0.008398045351428823,-0.2099999849652884,-0.1491624440122603,-0.08147932166036873,-0.9854499913430693,3.6743492863739196
7,-0.013337105558070616,0.003944681850332612,-0.0028391501665633694,0.6463843901985292,0.7299855726296671,-0.22205468664320577,20.801562506759176
7,-0.013389380264682517,0.004079784652890691,-0.0030000001447783786,0.5410931741273681,-0.14395307148523578,0.8285503546090223,7.988284373307623
7,0.008404769647705574,0.010822308325172897,-0.20999998328875952,0.06201456216021039,0.7629347192065232,-0.6434942177745974,3.931540735318865
7,-0.013169070413901128,0.004223098433602898,-0.0030000000457636434,0.2065132590807865,0.850797811792287,0.48321357314679014,15.969333865992182
7,-0.016099453599700365,0.00468914408872494,-0.0030000017050817052,-0.25295507253398125,0.42178062003581174,0.8706979038917773,2.4975001390536042
7,-0.015319880529599322,0.003775957640208753,-0.002790293741358158,-0.8057182797756929,0.21151503572596575,0.5532444697393205,14.202934750636341
7,-0.010579871890633237,0.002074299973360061,-0.002698855302586189,0.952083790225702,-0.018213609815886066,0.305294482110201,19.40213132207312
7,-0.0028199023102210593,0.006656459191626581,-0.04772705384630605,-0.17103613629612946,0.816435986706939,-0.5515241787000444,7.458075690648969
7,-0.03104474375335902,-0.01643271772552592,-0.2099999857871826,0.8403868468008056,-0.13485851852395786,-0.5249410706981523,5.661556478385707
7,0.010241645567201595,-0.020158196092867293,-0.20999998594297953,0.1377384510512822,0.5811130634459368,-0.8020821196077568,3.921418264090062
7,-0.0376639669842929,0.013424434960355267,-0.20999998444714152,0.5349767015973994,0.6694548253065375,-0.5153932145670528,4.406964020421546
7,-0.01424327351298096,0.011331480364559061,-0.20999998549314386,0.35899994499279003,0.6266602016378736,-0.6916762473718124,4.116547733651859
7,-0.009264679492190394,0.005253367318413269,-0.003000000609947112,0.33924932577829064,-0.7932230995144152,0.5056748059333387,0.33234512113507664
7,-0.010009552019434407,-0.0012935007348893383,-0.0030000011849336946,0.4082808610288374,-0.19734203125841385,0.8912703637036038,9.091933712696955
7,-0.009997701158536152,0.00035800257519552587,-0.0030000006910390945,0.11692610117131634,0.5550965596325396,0.8235266215180864,16.035047182977046
7,-0.008342206504271405,-0.02790246769466673,-0.20999998327520608,-0.21346471055137656,0.5804274710488899,-0.7858350769729023,3.821422299808185
7,-0.012488964704806652,0.00731077755259779,-0.01635328839502246,-0.3381744996977227,-0.7898513095278679,-0.5116374855220318,4.155008023372757
7,0.005679746890249771,0.003130919780921038,-0.20999998552834848,0.46996824569724127,-0.682622425182288,-0.5596038533413699,3.474201566217685
7,-0.01264245574854116,0.0037625794376478683,-0.002815129458433899,-0.0033295472675138604,0.9998006930490382,-0.019684722341359217,15.972179602279935
7,-0.014614135082550602,-0.0018707174455694494,-0.20999998573111,0.510393450189184,-0.11912717512972149,-0.8516497179883249,6.121034676711403
7,-0.015248327527027275,0.0038002134979535284,-0.002961866282326039,-0.7110763660591118,0.544755097308941,0.44453603407158576,19.200539323644627
7,-0.018825273150672513,0.0032141623224428927,-0.20999998543005877,-0.30521397857583693,-0.4537796701838422,-0.8372146906318303,4.138246340620043
7,-0.015210990472731164,0.0042626680479449135,-0.2099999857727688,-0.4282184620407747,0.044830757811306965,-0.9025625473735869,4.767044732105643
7,-0.01799494901985941,0.004023556221499834,-0.0030000005640589008,-0.6286424782741769,-0.18209817285344942,0.75607465898067,1.7705373036707481
7,-0.008983790138051425,-0.00056402864734891,-0.0030000013157188195,0.5354564931169132,-0.11208153799561771,0.8370926309671316,11.10787167313096
7,-0.009062717334019244,0.002081097398816019,-0.0030000010449243294,-0.4430796872054512,-0.41376694093516303,0.7952844204277341,5.296605765963778
7,0.013425926024729386,0.008896584187412286,-0.20999998542485998,0.319546974879942,0.914896172555213,-0.2466875033091454,3.5489650740081475
7,-0.006291115925294977,0.02836444828267853,-0.2099999814938706,0.11331948848741949,0.3186666851693335,-0.9410686676816623,3.5662542602884173
7,-0.014753456367256793,0.004266782315459686,-0.0030000014983908615,-0.1631186478013116,0.22683380634256428,0.9601764062085757,2.5039954952384136
7,-0.013746279400787986,0.0040315182270084975,-0.003000000613628028,0.48996687721259985,0.39036465920696456,0.7794535855820816,17.717693277687914
7,-0.018136098179872218,0.002007444907642309,-0.021373717737830426,0.7900916100872086,0.29957424313813724,0.5347995143210351,7.862590897252233
7,-0.017512203686321854,0.00433395552150029,-0.20999998386710153,-0.010859846120460965,-0.30648535698052454,-0.9518134216845027,3.8830344464860236
7,-0.017034554793129406,0.011980166872927885,-0.2099999846807552,0.8111317724251941,-0.026610577240706285,-0.5842577555679338,3.2172489060567755
7,-0.007412075117578367,0.0012676104495623567,-0.0030000000987882545,0.9690326421980424,0.04108774957008878,0.2434903184727202,6.5224546264293055
7,-0.011891255313909787,0.0033989958798743246,-0.0029878100217878463,0.00392650200183663,0.9402707696605219,0.340404850588295,14.335045354775358
7,-0.010933623534727986,0.004210852000513077,-0.0030000008147519188,-0.9595673398788028,0.11075471755162734,0.25877386417097314,3.024682587305275
7,-0.012847770610483714,-0.00498510865103445,-0.20999998471087478,0.27946645449068763,-0.5820146721829724,-0.7636474462591699,3.321979958350819
7,-0.01863041115693839,-0.0005204588204192437,-0.07866772984175174,-0.8269413081024846,-0.039901965356045066,-0.560870667903463,8.364704048304102
7,-0.009369095980581998,-0.0020584268287781125,-0.0030000004320487107,0.46212583406335794,-0.30687723986725596,0.8320252839563833,8.726662216333159
7,-0.01938768842659957,-0.0006441432588106264,-0.003000001805680277,-0.3737861706693015,-0.21372076624514422,0.9025559997540141,2.344349585272493
7,-0.025249698208966463,0.009988990305409909,-0.2099999859031736,-0.687748748214871,0.7009777253525046,-0.18876410646229141,4.45863238570317
7,-0.015525090247916911,-0.0028031524876569727,-0.20999998362034017,0.24358079263952312,0.2147681054727586,-0.9458028644113655,1.8194443445619721
7,0.002247584139870633,-0.05673640287791056,-0.209999981702398,0.09217308710726992,-0.2133117877388154,-0.9726264458798075,3.746922594696935
7,-0.014089240156610807,0.0005415543595684641,-0.028172307354446757,0.1648365016130321,0.03294596088627651,-0.9857705064553601,8.574339233968919
7,-0.009291805336141452,0.016176878343070154,-0.2099999858355604,0.9537426210067005,-0.01765644274614026,-0.3001054196525315,2.3961646139604693
7,-0.04799879981795928,-0.004764038793922967,-0.2099999859631307,-0.340867735319645,-0.45360610083003805,-0.8234383354616334,4.406812178315547
7,-0.012937874228307548,-0.005216466122467774,-0.00300000126626143,0.22020994765675095,0.5758102160412532,0.7873691472591087,2.4173207302108377
7,-0.014445485820680573,0.015248083784655732,-0.20999998584782115,-0.17308176301013384,0.7318760394543748,-0.6590904082035197,2.1210322571938103
7,-0.023329738512790313,0.012031122269803109,-0.20999998597979325,0.3463158752670719,0.5280541357018538,-0.7753864483637627,3.044590696215826
7,-0.01046478659347986,0.0018714254869355096,-0.0029719435370125563,0.8888345388897003,-0.242213236605325,-0.38898060425926984,17.96783250668548
7,-0.04808061873572392,0.004787068487630322,-0.20999998339559933,0.2614130119778866,-0.02526665567280277,-0.9648962810995603,3.72382092889399
7,-0.01069451580885801,0.002412503683913959,-0.003000000096398536,-0.3123774378955141,-0.9174995518554105,0.24620095174258547,4.04282806979176
7,-0.008401485362701754,-0.016982008215295576,-0.20999998532583652,-0.08530115405386679,0.3808390698018192,-0.9206982763259434,5.138438231689698
7,-0.008625075083120746,0.001118979845061722,-0.003000001339832519,-0.6492656583522811,-0.5815340491779308,0.49017573841541645,2.3181405398396437
7,-0.010115290911657023,0.0014551217037324154,-0.0030000007392127262,0.2976917146101656,-0.1298340400213306,0.9457921363091361,12.469603690636657
7,-0.010030484854209844,0.0004928867080299243,-0.0028633682672817356,0.8798182668987085,-0.25131875953706534,0.4034336356033095,16.81371240972226
7,-0.010598439530369406,0.003074864868268542,-0.0030000000029863014,-0.15017527428952718,0.7498508301464565,0.6443377371539987,2.73490486234703
7,0.003832141802779292,0.007143820220470687,-0.2099999826488719,-0.061341340351447296,-0.38028060517400175,-0.9228347096270182,3.675588580806103
7,-0.01128323985137339,0.003820617300205875,-0.0030000010826088715,-0.02581123804070105,0.5811391645599481,0.8133947697184756,2.548580726194902
7,-0.017469913877063908,0.0020049623539049252,-0.003000000286598976,-0.7932419326176362,-0.4178405771168223,0.44291815096213694,18.169494652211636
7,-0.023544948648144763,-0.00486371285762506,-0.20999998556945915,-0.1558452474693386,0.3606978345127407,-0.9195701881961159,4.094643298686386
7,-0.012319163024123059,0.0036297022008018923,-0.0027775487434549724,0.8981042818521133,0.3394159721737766,-0.27965245708241226,8.909771888054347
7,-0.016485697464393302,0.0031338869835941295,-0.002965946167702795,-0.6028692973278263,0.7900708846902478,0.11107028182291752,15.091296061621975
7,-0.00974609196504936,0.016609261193648396,-0.052994783541574324,-0.4599426927798044,-0.634555876441497,0.6211212112237239,8.694530088825642
7,0.007911139557496347,0.007120942645772909,-0.20999998551143909,-0.1557780337221099,0.6177691062287564,-0.770775282166597,3.499304661285358
7,-0.02905803092932891,0.029470369818730094,-0.20999998580935586,0.5156463231609865,0.3384504376348016,-0.7871214459506026,3.3727248129540843
7,-0.021206724874382,0.0056291389131113735,-0.11105126646198962,0.5817660125830564,-0.6504971488953561,0.48826403295985643,8.479077512263567
7,-0.012743120418043428,0.003797393514613669,-0.002945785905097816,0.4989179711398982,0.6188490113951983,0.6067180227822752,7.924050568509736
7,-0.009169172793329686,0.02106490039617813,-0.20999998465669956,-0.5610545973316018,0.5055076755812306,-0.6554996023961691,3.508059143316208
7,-0.008275316102947062,-0.002745693186472588,-0.06697835829910914,0.30499266352132526,0.6396732279720021,0.7055477564375403,7.595569972362364
7,-0.013032407614945223,0.003945599447473082,-0.003000000042141182,0.2607703826462116,0.2694276182249493,0.9270423755536633,16.805753630748914
7,-0.02167456721461425,-0.004446729684427157,-0.20999998594882413,0.11918861178621055,-0.7226373428270675,-0.6808739571846695,4.0640178684212085
7,-0.025727232179658294,-0.00692649280588482,-0.209999985386019,-0.3192689859165693,0.4274820984205113,-0.8457696909690023,11.787567625354813
7,-0.023389654112259413,0.014343747742331384,-0.20999998544606369,0.23665051327353365,-0.637641730415618,-0.733082231540193,1.848552151569946
7,-0.03502747876794943,0.022164520657098005,-0.1830872448377554,-0.762696875941214,0.5628787045106807,-0.3185294953970361,4.00139594812633
7,-0.01229499400638424,0.00459860719140621,-0.003000000390972677,0.8742358696232503,-0.310267290800494,0.37342449373789227,6.469743734991274
7,-0.019134789152740146,0.005683163967667152,-0.0030000005612856955,-0.61506087455005,-0.20967050317905658,0.760091047634669,3.17520096991271
7,-0.01611547853050315,0.0033948120774788372,-0.0029475905877067447,0.12795674589419612,0.7759448265081401,-0.6176865688967347,20.709518671079543
7,-0.013985477344674622,0.004695851562504071,-0.003000002514316317,-0.08013145105070936,-0.26668736904550067,0.9604461451555193,3.6030285158762263
7,-0.02003922827984484,-0.00042305435389079245,-0.036759658546805005,-0.9641904035564015,-0.25714841427100915,0.0648965232323663,4.031497363956616
7,0.002304701349235195,0.036643496894896474,-0.2099999845737973,-0.03216204317489067,0.21207793341644884,-0.9767233759548426,2.7425338318540633
7,0.007015467402153724,-0.013736941889391441,-0.20999998456134997,-0.08037315826760294,0.29952279866663983,-0.950697769277384,6.59405775821954
7,-0.010135253327649401,0.0010313498937596813,-0.0029200435022102987,0.8826891163527084,0.46576139897815105,-0.06265974061859661,6.676549050419332
7,-0.017489958938474378,0.0021666715953363508,-0.0030000007315187515,-0.32817267699711883,0.2441968539257892,0.91250785783208,9.798948340404435
7,-0.018220164315397754,-0.0010467029654726806,-0.0030000019601430887,0.17055785195315298,-0.016696358179273733,0.985206197077889,10.909061696608838
7,-0.01852798545376479,-0.0023103131147685415,-0.003000000596055259,-0.019251349687860665,-0.6823660052919686,0.7307571555291652,5.730021788258512
7,-0.0178254267150956,-0.0011688002723341797,-0.0028023677224775488,-0.8117000761887787,-0.5538153777805445,-0.18555730556602562,3.907212325134167
7,-0.017742092231792447,-0.0057434368412162436,-0.20999998498961778,-0.15678486550633147,0.4218711057407694,-0.8929967951169938,4.128537830338416
7,-0.0014053689062483205,-0.01616388083522989,-0.20999998489111543,0.5135146151871878,-0.6303262598404312,-0.5822298052699876,5.001228840358393
7,-0.01750530926245296,0.001926856320256173,-0.002909573902050752,-0.5962624550826425,0.6931112062784508,-0.4050530093580969,11.801267865470276
7,-0.015837228380397438,0.004533274268525306,-0.0030000003743615167,-0.6935684425169817,-0.06017520344787718,0.7178730810070644,4.724941564878607
7,-0.014166266734759927,0.004779615247758938,-0.0030000012913623335,0.4436590700063201,-0.19002392118565675,0.8758182111479267,5.351689861839673
7,-0.011532736554592318,-0.0016824325006072982,-0.005998269183118848,-0.48641940631752817,0.1777320369968282,0.8554574707036354,4.691023956207418
7,-0.010632258717475307,0.00010203715394358561,-0.0021730897507777755,0.5041983352905622,-0.8098266369504744,-0.29994142224059384,8.71993837630325
7,-0.017578247214294535,-0.0014960560982608627,-0.008991632054585308,-0.5201597803411068,-0.809758548451945,0.2715232883649033,4.410043216878475
7,-0.022939292006312152,-0.00788595368534618,-0.20999998576150525,0.7932967157325945,-0.445461372121974,-0.41502347735409734,4.432856948109977
7,-0.011636334693033629,0.015844819591507735,-0.20999998508870515,-0.8243860422327937,-0.335758138417699,-0.4556908226616284,3.1357653538534893
7,0.0013850858603156886,0.014414491581907368,-0.20999998585284463,0.3253202133579079,0.17342303450493654,-0.9295650649007119,1.8415973265889676
7,-0.03607740339353929,0.00899653277365733,-0.20999998291945127,-0.14561902640408694,-0.08380654261908317,-0.9857847445377523,3.2524225793228787
7,-0.009820144871585203,-0.029684270577097768,-0.20999998552656063,-0.6206728924045903,-0.15135857587811993,-0.7693216116438345,3.9187900513158125
7,-0.019825241706589527,0.02763421221197866,-0.174743039315792,0.69246750412376,-0.6861708318948465,0.22284152483176123,8.133808164292828
7,-0.04189402356627591,0.045038345376870736,-0.20999998545495574,-0.2178940216492651,-0.03856196918680312,-0.9752103208344062,4.082025423244794
7,-0.017007696677414058,0.002758108139136171,-0.003000000952731726,0.41653806693745593,0.8056188351155359,0.42127702441397724,7.37554345489237
7,-0.027492149469575435,0.005036144812373867,-0.20999998526919017,0.11779005841297781,-0.2587831629089415,-0.9587266433837703,3.770267837506521
7,0.005290619687746312,0.015668918705736067,-0.2099999850976558,0.7959064660863394,0.0740708310638551,-0.600871374944309,4.095496091416064
7,-0.02655674182768073,-0.004482373616230426,-0.20999998577962792,-0.6073177543396894,0.12261021333164604,-0.7849406861990051,4.190597148360192
7,-0.0019150899933848135,-0.02368746966598966,-0.20999998392367075,0.05250227603508609,-0.31336245535663376,-0.9481811443938324,3.7949453089698855
7,-0.00863016488435158,0.0018968235277816727,-0.003000000984428804,0.5153347629258398,0.7038472375235099,0.48890607313746126,1.6400440889623185
7,0.024035379653245856,0.029782902011260104,-0.2099999848984349,-0.11624262154650883,0.08947222498113512,-0.989182679737631,2.8311470471500533
7,-0.010736543218517351,0.004020377651236142,-0.0030000003078030127,-0.3019424745094673,0.4965776189706271,0.813782163987736,2.3738295673888086
7,-0.013165671071538206,0.002951462505010103,-0.0014178017975819616,0.04804219542210082,0.3775266394251853,-0.9247516336743347,8.673630204269722
7,-0.012331254307622167,0.0027369571575823494,-0.0017635818387297464,0.89726374116716,0.24386534173388463,-0.3680318924872232,7.305087684414904
7,-0.02976325697197456,0.015348856698078821,-0.20999998355651067,0.2044507616485111,-0.2583489964041492,-0.9441693079730524,3.127145591931396
7,-0.012439799718612225,0.0036831721814047343,-0.0028647902324599422,0.5843804899937609,0.6298924243566495,0.5116004072054229,11.441822083125786
7,-0.012988629678907978,0.003978302482948091,-0.0030000003621429017,-0.031022423972185565,0.024596188339428397,0.9992160110456902,13.785699584256045
7,-0.013028742423927792,0.003944102519143007,-0.003000000371502853,0.2072588618345002,-0.6752811879979643,0.7078411413072329,8.178944195972651
7,-0.016699029403438183,0.017855471961890988,-0.20999998579923415,0.564122556723072,0.32176432530002336,-0.7604166357730775,3.4950826046944785
7,-0.02732976908882367,-0.014300689829915298,-0.20999998476466197,-0.0195784665797148,-0.5062720484663625,-0.8621515508239025,5.801353893555051
7,-0.04599164135491393,0.01788078518843321,-0.20999998525930735,-0.3526838971829913,-0.401510156591213,-0.8452240311431738,3.1742315438972524
7,-0.011999055207763877,0.003525508563328391,-0.0030000003752116977,0.18483685615858958,0.5921384435955841,0.7843515794728841,3.39659748715419
7,-0.0109731477055113,0.0026149852318780543,-0.0029725011923095518,-0.16277395864273475,0.6811040988966797,0.7138640240647482,13.852884293615958
7,-0.011282487611785087,0.002935152369603501,-0.0029028360908906897,0.4586488565951422,0.7729497402674494,0.43839471411554604,10.38927533292751
7,-0.01178749764260459,0.003332388352332427,-0.0028752373873478475,0.9082145358852509,0.062255698814071954,-0.41384850461480455,15.825681786526674
7,-0.010773990138033424,0.0023649128227057935,-0.0029057814648778095,0.6682332987310624,0.7355067932528035,0.11177663237895619,14.261380609449992
7,-0.01074854122059242,0.0023298039660825044,-0.002983118685135373,0.8846617431009078,0.44594403700344687,0.1360423322158662,4.988049862611703
7,-0.031504980881671675,-0.020897239399962693,-0.20999998558875027,0.4440050193826411,0.6257966038502162,-0.6412785302601017,2.356479901395086
7,-0.005710097535380251,0.005782129987444812,-0.2099999857898439,-0.7217437440476354,0.6256681367270412,-0.2960157945323422,3.1584878344763534
7,-0.021460271760354872,0.01034212566965459,-0.2099999858613439,-0.5484631492324105,-0.6673099407277902,-0.5038706351236792,2.8801474565452745
7,-0.00968899236677077,-0.002493091950188266,-0.00300000017233533,-0.5907965044519361,-0.1911268808989032,0.7838558577476027,6.629376971410642
7,-0.012231377025353578,0.0035877440134017106,-0.0029813477156875818,0.41444723897007896,0.33663231152138623,0.8455247914460265,12.067036534569988
7,-0.015332969798644135,0.009493052237299694,-0.2099999858462858,0.6488676797138447,0.6757469963658284,-0.34976668098223995,3.0460204724130913
7,-0.012302220329573052,0.004433584235697154,-0.003000001133979475,0.03126729985744766,0.13034811278668737,0.9909751386652307,4.463412485833526
7,-0.013700254859770777,0.003991795878475635,-0.0030000035292491673,0.015533314863882364,0.5904846265104896,0.8068993877703139,15.143217127130562
7,-0.012407362638852025,0.004231958800465958,-0.003000001299918187,0.7043094989841423,0.10675257403461419,0.701820502391951,4.406121644524891
7,-0.015158796910875603,0.0038659295335957194,-0.0030000000124464497,-0.07348292459977632,-0.5412269931689533,0.8376595977230591,14.813810268058262
7,-0.014369982440391494,0.004372430603463944,-0.003000000780502648,0.3147967017439217,-0.059788762739715035,0.9472741632817832,3.3573914904524615
7,-0.015071872333898131,0.004723571497652705,-0.0030000021571519623,0.0144152346449954,-0.012677024693839599,0.9998157300498135,7.6754002320179575
7,-0.01056050747342036,0.0020794253690053907,-0.003000000657280834,-0.7730524025003108,0.45274737534408055,0.4443082230924195,16.05847913798843
7,-0.009913342834221569,0.004318857654737732,-0.003000001894964968,-0.05842205116319587,-0.06753498721708265,0.9960049645656757,4.824828641346029
7,-0.009805255865254287,2.2346299830089256e-05,-0.0030000000210826955,-0.06169119860442942,-0.917736541120427,0.3923695160267474,9.358980393161893
7,-0.009588451039891423,-0.003950510724565879,-0.0030000022643558288,-0.2806699079623549,0.20637739145653755,0.9373541353512015,2.90554218383531
7,-0.010000792793115922,-7.962354082724747e-05,-0.0028147405428972042,0.6972985337455225,0.6381808476577596,0.32634331695189944,11.857224321060617
7,-0.008364511680204405,7.450575038446281e-05,-0.0030000014756381187,0.023301342103098588,-0.09881230455960854,0.9948332402587949,0.7036514432328179
7,-0.008652862010268578,-0.009202320785637711,-0.20999998594016628,0.04679132241672647,-0.1955114846822601,-0.9795845198367685,4.114170943714278
7,-0.04056826400453359,-0.016165294273972928,-0.20999998468400544,0.6532192326135194,-0.14573474759920593,-0.7430114517865795,2.9069629451726655
7,-0.02144592535311684,0.02055678230659442,-0.20999998576659357,-0.22077959725512764,-0.8848249051677421,-0.41029410991477727,3.29036186341457
7,-0.03301521899160757,-0.00972281645930594,-0.20999998477281243,-0.26825174427319076,0.4420705988863513,-0.8559290784256914,3.9769537155199233
7,0.016800269110638852,0.0025625922191591316,-0.2099999817606655,0.21607606269187876,-0.06542885938240325,-0.9741818102856841,2.8007951117222234
7,-0.039673108372269644,-0.015581222939777819,-0.2099999850222458,-0.39804007705879324,0.026217352354987743,-0.9169933192180434,4.9533535197490455
7,-0.019697017307503693,-0.00828960660661965,-0.1417010018629769,-0.7125759099083235,0.46123490710752413,-0.5286756407135083,7.508744624252065
7,-0.010363646500266218,0.005773349002625323,-0.2099999833330429,0.10169439690081494,-0.713913790575351,-0.6928097496898508,2.7109798711897914
7,-0.014265810242633065,0.00463798424945428,-0.0030000010089560056,0.22119253998262353,0.23896129180670353,0.9455005876646017,3.6099948595130504
7,-0.004066366921519522,0.021719636243133708,-0.2099999859611411,-0.6641782259092932,0.6683360959137665,-0.334953947770031,4.469285536027672
7,-0.007020448211184231,0.013992875859491632,-0.2099999855124665,-0.39914445457227427,-0.5145328252647035,-0.7589068955473549,2.6152972717008742
7,-0.009971696216192514,-9.123372093297116e-06,-0.003000003221523139,0.18226898912374612,-0.3092783392664218,0.9333407333146944,15.095038919857267
7,0.0005054073292750585,-0.014363197594908958,-0.20999998412298712,-0.22832850144829356,-0.13632112087048887,-0.9639930743687894,4.92985332360916
7,-0.018241139946202908,-0.015271411350832534,-0.04868634003513547,0.6076315492301012,-0.716431022644864,0.34279803116742336,3.906386590562084
7,-0.020438553954456703,0.0051337942269348985,-0.20999998375458107,0.15111697528698814,0.23248829111195496,-0.9607876218373939,3.5185327355704343
7,-0.005479483548823935,0.020494864944651015,-0.20999998541393364,0.6176751269556401,0.10030795862835609,-0.7800100967142324,2.9048141448623186
7,-0.00815639544349132,0.010378118636985552,-0.20999998559580052,-0.020992976620884833,-0.022755677836373934,-0.9995206221278289,4.689006461113901
7,-0.012485016322201791,0.003702001614982026,-0.002623640146538887,-0.31685720463282385,0.8599187067918994,0.40017662298242757,18.798522377427375
7,-0.01253021847134373,0.0041719840083587634,-0.0030000002464998276,-0.06354905288706875,-0.7815269699039883,0.6206263877646896,3.708255888339428
7,-0.0126165731128608,0.0037531447825910136,-0.0027936446307543633,-0.2973446591761713,0.532837478966141,0.7922565081262593,14.368401761064295
7,-0.012824733343254863,-0.03756019268218069,-0.2099999858209407,0.30158969079582826,-0.5366877562293345,-0.7880418204125965,3.542447567754142
7,-0.03470285790340594,0.023390797643945957,-0.20999998552652233,0.3453035171366425,0.5575711988837164,-0.7549038609176932,3.641641762722474
7,-0.013885480194858104,0.0039983575489314725,-0.002983635343783456,-0.0901732397825423,0.8654324846132059,-0.49284419587059525,5.455123781747627
7,-0.010276236668891589,0.0014606768086896332,-0.002802451591484575,0.6943911309336024,0.5959488770182187,0.4033186001927962,8.946535920487545
7,-0.013333998981443159,-0.011018650167057196,-0.20999998583491547,0.3351835794611609,0.9164937800303323,-0.21838296459503592,4.614446302046517
7,0.00534109779744904,0.01240707065477378,-0.20999998377152473,-0.2500966837869818,-0.47706785402369506,-0.8425306590362044,3.481173251792435
7,-0.004709970207414544,0.0012231068365847171,-0.2099999859771219,-0.003987842750960281,0.9692321688238367,-0.2461160296023715,2.6715917414303445
7,0.008228504122432286,-0.007906967725864206,-0.2099999858845618,-0.5716415149994328,0.36343955882713075,-0.7356205988202709,3.538369006800164
7,-0.01076753038077781,0.0023560799624590687,-0.002948351536884152,0.8664928649954033,-0.017642144967399277,-0.4988776098734106,16.96517351029322
7,-0.012465001644238246,0.004092478626843208,-0.0030000011772394466,0.3454658792050175,0.011022185435635446,0.938366579612321,9.020561280757775
7,-0.03141464733657946,0.006209122859103058,-0.20999998459828018,0.15063158333684126,-0.24754551130737915,-0.9570952648158929,3.914128006202418
7,-0.010005615018748092,0.00021186034708778665,-0.0029355194865325835,0.3867995526731087,-0.25873994877783907,0.8851213165201278,8.225887023532556
7,-0.010001535153164143,0.0012867219843739127,-0.003000001138504577,-0.285837477143683,-0.12130486216920844,0.9505693383831839,2.4892411907356116
7,-0.013821837593010762,-0.004012112612765879,-0.0030000028682297206,0.19064992269770756,0.04840251429778663,0.9804640756218511,10.248182688330708
7,-0.0011412108007736884,0.0021492020431580477,-0.20999998563449973,0.1662849614182548,0.3486080845777443,-0.9223999755925658,3.174042912879197
7,0.004805310784888956,0.028425796204312504,-0.20999998475251175,-0.31072122772449334,-0.2616336022633295,-0.9137834408699348,3.4930573678589902
7,-0.028715634199070438,-0.00769605292307283,-0.20999998540200251,0.5821602993350993,0.13921733821862803,-0.8010667379297354,2.9988801928274946
7,-0.012105269276930461,0.01921604576122287,-0.20999998548243007,0.5817533441012196,-0.4398312368279727,-0.6841867652457354,4.335650736912468
7,-0.01021725570399857,0.0029735078421854397,-0.003000000063526537,0.17068702823719742,0.12322200326978044,0.9775900348825864,4.3600134762921385
7,-0.0012129890785974688,-0.004970672558870764,-0.04147201561217784,0.6492538694444795,-0.22933054937304054,0.7251737116964666,4.967518907166409
7,-0.0560450374806931,-0.010349491487546375,-0.2099999853545593,-0.5975544963070425,0.6460725592564136,-0.4748882733013152,1.7856403792242148
7,-0.008984937411098359,-0.00225594870627219,-0.20999998579231777,0.44030589470578385,-0.5391148155278395,-0.7179734916873484,2.678818047984574
7,-0.026890464601697674,0.006938606205435015,-0.20999998531510972,0.5414583565966273,-0.4983322390751259,-0.6771172923283314,4.3781689609281695
7,-0.017183371835408013,0.012667798221984088,-0.20999998510536286,0.6883735502901047,0.5465543874598846,-0.47688589495742795,3.1530235909446773
7,-0.01002387451737655,0.004671463511177046,-0.0030000000780481314,-0.26850478351606055,0.23133934877316198,0.935086780431743,5.646889587094739
7,-0.010046286836079903,-0.000606703664151169,-0.0029977320333019865,0.6461530286006316,-0.028001267145794484,0.7626940360776798,9.490454538763496
7,-0.010216932191544733,0.0015086172487639893,-0.0030000013600494794,-0.7937596504788028,0.08196281910206873,0.602683759161146,11.171569671452076
7,-0.009983925592322019,-0.00018039713995417743,-0.0030000019669920216,0.25058043712936834,0.760572572226445,0.5989480836474091,19.500541471442304
7,-0.010229345094361783,0.0006975758558747092,-0.002500001144665818,-0.07927110684314084,-0.020528545687631114,0.9966416961134096,7.950052450242451
7,-0.009826739384770945,0.003241673394552966,-0.0030000006729561006,-0.2780422397495397,-0.5051380131950167,0.8170239289888948,5.4225997308680185
7,-0.010768240467999228,0.0023570530388286213,-0.0028337196393466357,0.33953592796513876,0.7826480763528456,0.5217061837874286,6.365257659985632
7,-0.017217682004302216,0.00976378393545583,-0.056692869230031404,0.08552997474496088,0.7978663772510596,0.5967360115431247,8.503083972966847
7,-0.007216977421376287,0.005493166553513544,-0.09710366603648916,-0.7609509270510888,-0.38939779517750583,0.5189634319785796,4.106111314929123
7,-0.009997149453888736,0.001280486424179966,-0.0030000006248349356,-0.036290496862122046,0.65696911770932,0.7530435433716555,4.016754196868077
7,-0.010459549336868539,0.002847997143863679,-0.003000000406029704,0.37542747334514365,-0.8409304712330395,0.3897308748475792,3.981478796612502
7,-0.021876923812983905,0.0021658012845016464,-0.17968584598930173,-0.6819565302492048,-0.30795062693248443,0.6634016145762347,7.536126246377533
7,-0.02832414588312663,0.0009736935472720394,-0.20999998398196218,0.16555846627117515,0.693059385931138,-0.7016117742873832,2.5495585406957475
7,-0.017464205337172398,0.001999814933222619,-0.0028389421030512027,-0.9957278175845586,0.028480276201474315,-0.08783499960596175,16.22324165555508
7,-0.020436861836386315,0.002877442199395089,-0.20999998592916266,-0.6057631311568079,0.5046476255554114,-0.6151274688651004,3.599700037415836
7,-0.03960021545637906,0.005090884755112287,-0.20999998574639872,0.14659045685916172,-0.12928966603869005,-0.9807116906682749,2.3471479946380907
7,-0.012892652804154324,0.006781058497816451,-0.003000000950407457,0.02102658667569027,-0.16032864527887658,0.9868397074276095,0.45045539108275245
7,-0.013258305914544709,0.004526932035405376,-0.003000000406506013,-0.5793280125659549,0.29001812323755927,0.7617535966768685,7.176742626472321
7,-0.016873272906001234,0.005388553646021414,-0.2099999858457804,0.49967799200825525,-0.5771299605244387,-0.645943428612489,9.250629377353025
7,-0.019063833087072504,-0.0006693742513743191,-0.00300000252087982,-0.16715498604578694,-0.23677950014139673,0.9570761092791016,3.6679367743407347
7,-0.0239213772668598,0.006953630113689115,-0.066358685582211,0.48243060651598046,-0.3398355819134461,0.8073242763364502,3.7697368286973716
7,-0.014764631401606897,0.004295928706456278,-0.0030000012944683624,0.35782210391900904,0.6144142260403318,0.7031774319375115,3.2653050420990253
7,-0.012578888801094588,-4.691731145907166e-05,-0.02879392143905871,-0.5393583041945443,-0.2518276224207968,0.8035393383539317,7.931227597315513
7,-0.009950801064039363,0.002351833073414687,-0.0030000001134712784,-0.2653200735079968,-0.4527621261925795,0.8512412793557921,3.23710947600845
7,-0.01419019470580127,0.004025786765843524,-0.003000000301837919,0.2839661277431583,0.3148874981493481,0.9056539636107163,9.29330216846174
7,-0.014185166280084722,0.003467219204466994,-0.002430433964701122,0.33382974699382706,0.9297054032293918,0.1555813717258962,4.436409562065478
7,0.004390512418232741,0.035298012084479885,-0.20999998501511408,-0.6035946531807876,-0.2853923732894895,-0.7444626840344366,2.684434745822457
7,-0.03732376786250198,0.021652693668029,-0.20999998556200072,0.5715040168651093,0.49045912693595445,-0.6579004510655594,6.744332625114902
7,-0.010756781957578019,-0.018596325499005847,-0.10630529376392306,-0.023541291348996476,-0.16960883958886536,-0.9852302518370719,4.843717693803806
7,-0.0013178688357502368,-0.013708270355934846,-0.2099999854681979,-0.006161252272260165,-0.8359951130131223,-0.548702296321616,3.208972612498682
7,-0.017452861200363427,0.0035682969329470147,-0.0030000003584993657,-0.3806998380240722,0.08394487963810371,0.9208804974104889,3.2806216984331997
7,-0.013129601095689189,0.003970395596042298,-0.003000000081100879,0.225200739837936,-0.6908163320229452,0.687064350833901,12.89742738684664
7,-0.010115867608120784,0.000955766691798474,-0.002910193330240365,0.9864337928810782,-0.1613719044346672,-0.030124420681216367,8.055262544367519
7,-0.019451117623694635,-0.013051084345756475,-0.20999998529086789,-0.15340852036929142,-0.49228102183105676,-0.8568110768559629,4.24654173806056
7,-0.01147395674666454,0.003101459160862022,-0.0025514114143910245,0.7392361819750273,-0.03946178853571672,-0.672289100391005,22.026582251089476
7,-0.0007709607016734904,-0.002339232385762553,-0.209999985982098,0.805503277137111,-0.20656868859226263,-0.5554222244514956,2.818278508149035
7,0.018884405819988494,0.004353903039159977,-0.2099999835991706,0.1871417950903936,-0.13473759285914272,-0.9730486779194908,3.6485636435681124
7,-0.01475616195306529,0.005558219919991016,-0.003000001601128236,-0.33885013726809843,0.199770781490652,0.9193868714181239,1.8721243492215152
7,0.0018686271440658926,-0.004762199887491974,-0.20999998396295735,0.08742829667774749,0.5130752333823247,-0.8538794398682411,7.220280354785308
7,-0.010145739012790946,0.0010698661286523714,-0.002721995755686546,0.9434621673680099,-0.174117163361639,0.28206799210146777,14.750334569255683
7,-0.035807593771386426,-0.006196080175267146,-0.20999998534647774,0.7808949111618323,-0.35153289155586037,-0.516360110655277,3.095588773789296
7,0.017020142455871388,-0.0027768276710837883,-0.1932605432675496,0.3156406453788631,0.47021427177780273,-0.8241780885229146,3.8526194285898874
7,0.004235605439077351,0.008208829706777002,-0.20999998505989959,-0.21433900812295836,0.6603895566077076,-0.7196835576281717,3.6286051833019193
7,-0.026141703399559443,-0.01637689134302777,-0.2099999842295982,0.15291056164534766,0.5772182198451576,-0.8021455521388199,3.8469573927154688
7,-0.006167803732201216,0.001013674972575044,-0.2099999839439214,-0.32132519983862073,0.0885256250044388,-0.9428220031725202,3.3945424069480805
7,-0.0053671482924204355,-0.007168655074202287,-0.20999998499570793,-0.22231133516484508,0.13821647898657236,-0.9651289422630418,6.127231020357282
7,-0.01777157559050595,0.00627075630018062,-0.20314538135128923,0.2195517204796817,0.9530953850259489,-0.20834161628596914,3.8536704734980893
7,-0.020832794319108547,0.014580915944720944,-0.20999998491598368,0.20673731281233865,-0.9059488985888676,-0.3694810910408697,4.031367424386657
7,-0.014165272479548113,-0.0031057661026863935,-0.20999998585353963,0.4736591301321056,-0.6168398378490517,-0.6286140651344453,2.8297480042927097
7,-0.011979861301856774,0.003452389787463062,-0.002893497151490133,0.5081482069098128,0.8554886752108779,0.09962191726863917,10.473285754169297
7,-0.03894955089756551,0.006395395095389038,-0.20999998593010477,0.4877666562723063,0.6461587609389199,-0.5869945014144625,2.4906012910848983
7,-0.013357209342394313,-0.0054359776099792805,-0.11059700408374182,-0.11792612764901975,-0.0073312048597999335,-0.9929953080720023,3.8300223989965017
7,-0.01025050746029639,0.017759069164377965,-0.20999998592036095,-0.06971816932986158,0.23647505931823742,-0.9691330781609557,3.4373591031623256
7,-0.011458194920519802,0.002304161980960815,-0.002326617180412001,0.9398383110121189,0.3181084291332544,-0.12454307073563227,7.915336696823571
7,-0.010000009895360153,7.730577366230828e-06,-0.0029703928224427776,0.9641468380471313,-0.038267844210447204,0.2625955955137167,13.701810852395019
7,-0.011277130170681271,0.0033928042084216048,-0.003000000102213531,0.6571086551599534,0.41438933662360344,0.6296742753253679,12.965404032243756
7,-0.008759431534942,0.0014601368146471326,-0.0030000035301353052,-0.3015633527631907,0.15150091779711605,0.9413325746923107,5.2389205523835525
7,-0.012702675191419937,0.002972904999112902,-0.0018590343051069816,0.2210399692532704,0.8788855822640174,-0.4227309608734042,4.167957665893649
7,-0.014053572668210421,-0.02587104827012777,-0.20999998526993932,-0.12454219099420752,0.18716311969837462,-0.9744019752069134,3.6122781172706113
7,-0.030538140612068283,-0.01995352005638904,-0.20999998538194684,-0.008884240410782668,0.5135884394432296,-0.8579906672817553,4.226863880833935
7,-0.013696405628236822,-0.023259494008495425,-0.20999998394362546,-0.16861896598101137,-0.07945604367276368,-0.9824736034293069,4.856717865524975
7,-0.01235847158680969,0.004347790751157491,-0.0030000020093260697,-0.3662704358940712,0.5967662259319999,0.7139440029700117,13.302015075604583
7,-0.02301906975629171,0.0019517877267862206,-0.20999998590945795,-0.629177204605896,0.6927318528888382,-0.3525033690583785,5.021531285682362
7,-0.009694147351198428,0.0022220058332183107,-0.00300000001584411,0.6012876911101852,-0.0992178513762784,0.7928486176362153,2.387287998615923
7,-0.010483324673948963,0.00190603549225016,-0.002986301849424427,0.8820063458763375,-0.45470576481896213,-0.12372337400132949,15.929997629492703
7,-0.010878855072060125,0.0028537511733816674,-0.0030000018756590474,0.5655109422957038,-0.19895892772293716,0.8003828579018695,9.870596116011965
7,-0.01204416554043172,0.003721224721084759,-0.0030000002633616876,0.43862630245892487,-0.5485493017867243,0.7118290737954648,5.296146100514249
7,-0.01211539261233585,0.003569812519603588,-0.0030000028957115725,0.5755484667295654,0.7083280491121252,0.4086750999097658,8.75253158154332
7,-0.011700658541765087,0.004103451621113349,-0.003000000742941845,0.5668951919447373,-0.5266211338034061,0.6334824565696786,4.9870100186653366
7,-0.01524671002042733,0.003822834506507354,-0.003000000036943275,0.5307733933006502,-0.5353185214875463,0.6570492260983957,2.62430416954808
7,-0.03179255145522924,0.021388877699037648,-0.20999998561657351,-0.017196513840950396,0.028714963685056917,-0.999439708422816,6.133953066845074
7,0.00943549273748929,0.007635995012911225,-0.20999998590296823,-0.669305182549905,-0.6469515743973648,-0.3653549411142664,4.046077723422082
7,-0.011824502557469705,0.0050185400355661925,-0.0030000002342862398,0.31097997672892597,-0.6533317530384014,0.6902529062202097,0.20001577856106004
7,-0.010375841959423149,-0.013157197117585406,-0.20999998589171753,0.0004372414880917103,-0.19408631559282913,-0.980984358142107,3.7392951360582383
7,-0.0004144622172272982,-0.019344748159162893,-0.2099999856319196,0.6744145553950205,0.06571549576814453,-0.7354226547280711,3.561193745784969
7,-0.010801511497668346,0.0025448893626319347,-0.003000001174452558,0.004644194073026687,-0.12580584291967126,0.9920440118002241,12.054738215646763
7,-0.009232171999958311,0.0031819917010563795,-0.0030000000587229823,0.3570054014710683,-0.19148715252791149,0.9142646300372962,5.154992915115828
7,-0.009348284167505352,0.0004566186067041866,-0.0030000014609225393,-0.31597736489038214,0.5346818019125801,0.7837561327227028,2.806525399506394
7,-0.008199583029034244,0.0024995986040264465,-0.003000000279396741,0.04696352409024048,-0.8243831407005107,0.5640805480902421,1.3035066553887087
7,-0.018736110693966662,-0.012716216597903209,-0.12696538387365472,-0.21325945088702924,0.2560599982512918,0.9428434037012251,8.676989718156692
7,-0.01066026608005478,-0.007389116058017396,-0.20999998577790618,-0.14361358162460508,0.7204490234410922,-0.6784750133908612,3.335677112240561
7,-0.006485686706239695,0.012285094926932121,-0.2099999845559604,-0.06964860938954896,-0.6705241849499336,-0.7386111213672113,10.032698907603633
7,-0.024988391507193727,0.02345057972566171,-0.2099999855572246,0.41552348800583,-0.03479179048836479,-0.9089168071006736,6.935784239929101
7,-0.014065527632871291,-0.011190815530371849,-0.20999998509497886,0.8870787434680332,0.17218250515795464,-0.4283042000782927,6.003100849995753
7,-0.01214232471138334,-0.02845876491076388,-0.2099999840173225,-0.4557449091533173,0.0018936498968480384,-0.8901084157960215,1.6374931898377092
7,-0.007631913888605263,-0.0012683460376372005,-0.0030000003501563085,0.8192907579639385,0.11157033750867063,0.5624186285171184,1.5995202516892024
7,-0.032157069368081256,0.029148748409880798,-0.20999998583101187,-0.1531386970004991,0.781892457638742,-0.6043117772877155,2.3572836418818994
7,-0.01010551541174633,-0.002296594667636779,-0.0030000003174244054,-0.29716960479533394,-0.4193272840328304,0.8578198265669983,12.101108273297736
7,-0.013279381999694095,0.024963978623784515,-0.20999998449401563,-0.002245697386125383,0.3559028572599369,-0.9345202582274303,4.669535915935239
7,-0.027609821690324134,-0.012924503731675509,-0.20999998478367551,-0.4971251652145496,0.216003191547516,-0.8403625356664196,3.2831088384086886
7,-0.011677975543769481,-0.013174500341582603,-0.20999998592382327,0.6223403113461289,0.07984444875076234,-0.7786638561518637,4.565058640403507
7,-0.00985372035101818,-0.014933582766505176,-0.2099999850153375,0.450596286775567,-0.6535403271981814,-0.6081513192206072,2.165496350148806
7,-0.010766481297934664,0.017180594741306267,-0.20999998495345468,0.02219215426440538,-0.6131474823174581,-0.7896566806004162,4.168779123244668
7,-0.012707941612860436,0.0038165468386086743,-0.0030000003886210365,-0.10689193950463712,0.4793375416476124,0.8710967996934442,4.688184544366368
7,0.0005683032134317066,-0.018710153434755995,-0.08782785776604533,-0.2961250097212262,-0.953749948126082,-0.05168186400565973,3.8138489683407677
7,-0.03201774877324107,0.010476554506637755,-0.20999998587291652,-0.09208935253481515,0.7727378033031292,-0.6280094254833863,2.5158304050922995
7,-0.020407320838887633,0.0006156826903700365,-0.20999998546818416,-0.3105831743883848,0.8662056676441838,-0.39144071470393554,2.979479186430548
7,-0.011617013817063293,-0.0047516639719495215,-0.20999998498970218,0.03584575659781318,0.09400043735639153,-0.9949266302148805,3.0233868928837007
7,-0.01268494672432582,0.0037776419559429272,-0.0028043911273924497,0.18151944869726958,0.8975709761080346,-0.4017673861740264,28.27121598167819
7,-0.032204669063071845,-0.001218569475541386,-0.2099999831359568,0.1966758646314804,0.3321895811004763,-0.9224796401437539,3.3434331658521317
7,-0.013809607660262464,0.005215340450705666,-0.0030000004327092574,0.8234948824308589,0.004025418531247311,0.5673094169990783,3.5604169399449077
7,-0.009700859677712854,0.0018516808199736268,-0.0030000006676565265,0.12315480089090837,0.7418772127448217,0.6591290436837803,12.53391518201871
7,-0.011908035483162216,0.003704689646396144,-0.003000000893169998,-0.23772695831185528,0.0757875217468505,0.9683708715359338,3.3449054926058146
7,-0.023359364765969184,0.0023277506926065866,-0.20999998589557145,0.44331333485376123,-0.3223207475267382,-0.8364105587895465,3.6333926712889175
7,-0.02422606923299815,0.008760549585167914,-0.20999998348468019,0.17448921402054807,-0.3322786515745821,-0.9269004325699008,3.5865539376067876
7,-0.017215162852494192,0.05460626824109237,-0.20999998566239061,-0.46295955572417424,-0.022104092755431827,-0.8861037517396787,3.631172698152142
7,-0.00999921260841443,0.00030464472116446876,-0.0030000011632367787,0.6350237745432787,-0.14583319399345174,0.758602323549352,7.694147856658253
7,-0.010116886079697272,0.0009598959056122741,-0.0029136881979498893,0.9423561139685065,-0.3110180151331795,0.12342102223200338,20.506670058116818
7,-0.009943714145752316,-0.00019106324748381588,-0.0030000010803684913,-0.23088021147491358,0.8541292135656133,0.4660017322747698,5.463087750299166
7,-0.00999372233625881,-0.0013932057189169904,-0.003000000623291507,0.47227592840544363,-0.21762620637088306,0.854162912885706,7.325095081806245
7,-0.011146625528162726,0.0028032445315818552,-0.002892652111118791,0.12722444037456543,0.9147040581681877,0.3835758435329674,13.40178203919503
7,-0.01118736729681314,0.014343302460626395,-0.20999998408101428,0.006744922833624753,-0.3313744420024247,-0.9434752170584823,4.369242287404376
7,-0.009034003564957488,-0.00045310787621183866,-0.0030000017303707044,-0.3265623100177778,-0.7642537580764094,0.5561234134092344,4.879767954929847
7,-0.008774817696542299,0.008444069342799785,-0.07512109837652588,0.630496606891324,-0.219767850949738,0.7444300641346109,7.599882469201284
7,-0.023845754055830573,-0.01387631954400886,-0.20999998578882256,-0.7794661895875267,-0.04173765832968908,-0.6250523395421026,2.6089308597022316
7,-0.0034107612183173104,-0.031675709790427234,-0.2099999828482382,-0.39438044117451515,-0.36558460312006635,-0.8430966525734391,2.919101367495906
7,-0.010373832915816061,0.0020248663425802968,-0.003000001782780407,0.6318745614685132,-0.07173488225051161,0.771743898736802,16.364869107877514
7,-0.009779779037552516,0.0008163914104051979,-0.0030000007590960517,0.4144589872924322,-0.17472745967306771,0.8931372026115182,4.249122544434473
7,-0.009863905599129925,0.0011204323763429845,-0.0030000014180580877,0.3619117500804838,0.7605556632495714,0.5390500609894092,3.474529429605435
7,-0.012787098902135027,0.003838389445551757,-0.0030000003714445293,-0.8456364312213702,-0.3495934333881206,0.4033403742784634,12.166267786556613
7,-0.012721748065890192,0.004095861501781582,-0.0030000000654672528,-0.12274528382367834,-0.1216251106448155,0.9849573228113394,9.095113082726183
7,-0.01596673797220683,0.004381374194464221,-0.0030000001525537986,-0.40766326956038146,0.907413540401192,0.10203590224971917,3.3278244529024463
7,-0.017744476622816037,0.0029027697371112526,-0.003000001581559083,0.2749457570076688,-0.6145061568177597,0.7394504810577561,4.430799736494923
7,-0.013219403766882857,0.0040072989331638355,-0.0030000006724945245,-0.4043749474962758,0.37953505982443375,0.8321262165089186,3.999528993733753
7,0.00347925264424866,-0.018847888886599343,-0.20999998525324035,-0.6804992942007556,-0.23355255800097727,-0.6945314343091129,3.512116299650949
7,-0.021230682313779694,0.0031268432639161388,-0.024105129795913144,0.3680042719065313,0.9019630635478225,-0.22591035357851696,7.875504631003495
7,-0.0008307650062009796,-0.0017146299007136524,-0.2099999856347911,0.21797897973245375,0.81230191026531,-0.5409720611770323,2.8559855893650132
7,-0.0031556694086156962,-0.0033521078592224623,-0.2099999833151298,0.5996876619691937,-0.4771245697671545,-0.6424382094851065,2.271301984910835
7,-0.016783714766192392,0.0033529115813385173,-0.0030000010481277812,-0.43080498533890493,-0.7863209991117186,0.44283896730425,6.881307657302182
7,-0.014932370485906097,0.00395932179149739,-0.0030000000410160474,0.7140394442046424,0.4609286614444474,0.5269653130699923,4.43516118742452
7,0.0002276119204671659,0.007744237433663216,-0.2099999846139391,-0.429438578015485,0.2597615700237593,-0.8649314622852089,3.1316775296567414
7,-0.013400642243137587,0.004803411513463758,-0.0030000022321957356,0.006535773834404503,0.6293967436479948,0.7770566406290379,3.3629895464376407
7,-0.0013667178571700755,0.013401964845360489,-0.20999998480117085,-0.6194808021158319,0.37747710755723507,-0.6882983140180926,6.6315536214736825
7,-0.027288332945841015,-0.0073462973177901725,-0.20999998487339994,-0.45118997669671845,0.5232081773922201,-0.7229666714574927,4.116703756004128
7,-0.017372977081132498,0.0022360210206535166,-0.003000000451798303,-0.7143118611136153,0.5793961817466053,0.3925030313893866,6.02654907062755
7,-0.010091515740334159,0.00018829242669161607,-0.20999998581842966,-0.3289352389823961,-0.6900704704377322,-0.6446738356606702,2.9799031918055863
7,0.002585416620225864,-0.018382778973792563,-0.2099999851922742,0.5496568850360947,-0.25140646027638097,-0.7966631034908782,3.597173263520333
7,-0.013544723241408704,0.013576195617778088,-0.20999998445436646,0.2917082772878365,-0.5723268939839338,-0.7663864608567049,2.978915121394172
7,-0.010091706377748498,0.0018415366122797921,-0.003000001048102831,0.6749514880605729,0.5420248442763794,0.5006491355749901,7.636231723924316
7,-0.010233049145980666,0.0013453739402239043,-0.0025681706123533055,0.6632024452185419,0.5218590090212342,0.5364938875323022,13.88858477804726
7,-0.02195216183717227,-0.011987886716985014,-0.20999998502794665,0.513724947725207,-0.05191559989695729,-0.8563827698944393,3.42941595889678
7,-0.01672315444017459,0.014464851719647367,-0.17207456885842756,0.4046474912345865,-0.4422429792325356,-0.8004258586259483,4.12808147961477
7,-0.01522814695794773,0.004116080142294022,-0.0030000001732714277,0.43401357769532406,-0.7369234850508354,0.5182431780126352,8.500783459763555
7,-0.040658048499395624,-0.007762744394103948,-0.20999998525550562,0.12984540559369273,-0.7962549993549138,-0.5908622061432899,5.270854652231369
7,-0.007637072889669397,-0.010264207421244047,-0.20999998334891118,-0.11828124971170358,-0.416156416998603,-0.9015671813888982,3.1736160775337026
7,-0.011556794084419158,0.0032846783743654324,-0.0030000009007419733,0.7112040129780401,-0.20848307721895148,0.6713595597273108,6.475225891873163
7,-0.035447151295563445,-0.023261092683954224,-0.2099999855822935,-0.2751906125614812,0.8845513871862382,-0.3766151486397462,3.2758054495477085
7,0.0030946787205987786,0.0037292483082842385,-0.20999998568614342,0.034789202018370026,0.5854967641488434,-0.8099279292592392,3.214188070136467
7,-0.011889624841882383,0.003435945116392464,-0.003000001226846046,-0.24676870781556912,-0.1079318288060454,0.963045131431345,6.5871422448811
7,-0.006619601378087972,0.010548761613090084,-0.20999998344769683,0.12482267418918971,0.5067280683843218,-0.8530216672041534,3.2778968872094856
7,-0.01098564999024158,0.002439248270130449,-0.002500000656995082,0.48293294774764994,0.4179860436867002,0.7694565843911567,13.74766453801951
7,-0.010333367968522252,0.001964684422679794,-0.0030000000282190517,0.04545483036689596,0.05054719920583789,0.9976867439475992,8.71097840972002
7,-0.010926177698006379,0.002365026104381131,-0.0025000020242074593,0.8278017857425759,-0.4249551031467931,0.3662749838999385,4.231567138778897
7,-0.01013774659026773,0.0010406413751183957,-0.0029805463651238905,0.6939983791742114,0.7199683907843974,-0.0034301566862842293,15.804780231079038
7,-0.010433546979701967,-0.0011035022931626056,-0.00367672790612393,-0.14564291720322253,-0.9870335095654232,0.06747585985742055,4.442939327110226
7,-0.010001687544578763,0.00011615811812363533,-0.002649513476877602,0.4909420128371151,-0.08444557191053143,0.8670898946569181,9.013510836602064
7,-0.00904754750766043,-0.0005057284370763169,-0.003000000370398325,0.8243902592812646,-0.4164678012288847,0.38332136770828157,7.467546028630101
7,-0.01576236251422502,0.005628030367477508,-0.0030000015024144767,-0.0396367989032186,0.359594514446638,0.9322664368905449,7.775037472533123
7,-0.0005287569509272865,0.016408717130294417,-0.2099999859001387,-0.6192145932460218,0.308149933345198,-0.722230507587788,4.3435170329372
7,-0.02626459922049277,0.0036792511197859005,-0.20999998591803187,-0.8178941201792918,0.36884289732265085,-0.44159271424104646,4.931242129784638
7,-0.03109486385668765,0.011527510432113993,-0.20999998591674746,-0.31942842551927436,0.3261918617676296,-0.8896990223029612,3.3044266256253625
7,-0.012372881731040928,0.003654100515827546,-0.0029068629763422072,0.3770648457621722,0.8223307135162664,-0.4261388267902577,14.990133282559754
7,0.024627050948047083,0.001124420460061718,-0.20999998555940647,-0.723284174329368,0.3339691226956693,-0.6044209032210661,3.0959171530275857
7,-0.008853578700516427,0.002104267295773268,-0.003000001440128546,-0.4869617202075685,0.2706687877923388,0.8304256079670903,1.9000871176745884
7,-0.013887754141940732,0.00433364778632374,-0.0030000000917348954,-0.7154329805803648,-0.4744224736094918,0.5129122408679151,18.48044599405005
7,-0.03679999032760482,-0.00588663374971911,-0.20999998510690066,0.13078938770013773,-0.38732065873757204,-0.9126208650804103,3.534613828106385
7,0.005620015560421776,-0.015923726899069533,-0.2099999854917094,0.07505595917500633,0.040134110590732706,-0.9963713445093705,3.0650728530630857
7,-0.012566666955375753,0.004853111945588434,-0.003000000494602006,-0.3458196360768109,-0.12207095405163157,0.9303265348686056,4.433783311784391
7,-0.010500140965476499,0.0028895596264471982,-0.003000000015997712,0.6114113643611491,-0.005184173677815855,0.7912959420301083,4.884793160774262
7,-0.012444591385745059,0.003685200070098994,-0.002976279411717117,-0.34020801510959503,0.9403437730766899,0.003477770993652934,12.41714709712706
7,0.009446526708376757,0.008631598607208569,-0.2099999856630152,0.021945573326113296,-0.7272851812654245,-0.6859844436451213,4.652197279297917
7,-0.006800538133190388,-0.0023599273726023617,-0.209999984473218,-0.6710295544446325,-0.4525596504825457,-0.5872896217514441,3.05933851442097
7,-0.008966785438286558,0.004522322757540087,-0.20999998216378302,-0.24461719021404107,0.3339033166226793,-0.9103136851658126,2.7282107098581987
7,-0.024092405390941943,-0.01054192459746119,-0.2099999855131227,0.28449415856535787,0.09848573220366219,-0.9536055968242309,4.5687355958814475
7,0.002778783812685128,0.016835766270518044,-0.209999984681902,0.2118497045141708,0.4520467594885292,-0.8664718287014174,3.4243821878132366
7,-0.011481520960265505,0.003176804714699263,-0.003000000672903243,0.5404083409891886,-0.23883843585283349,0.8067930506323693,9.066976443676406
7,-0.02813775677339668,0.01830770832111796,-0.20999998547580043,0.7853105121241047,-0.4457096589092484,-0.42968628032830847,2.7387647681623335
7,-0.011332623123778612,0.005121451775743791,-0.0030000003027970345,-0.372641720640518,0.8336450513096472,0.4076445467131996,2.745738250329101
7,0.008623103845780522,-0.005015714969242318,-0.2099999856944771,0.352252775841353,-0.23078220451682693,-0.9070047166307433,4.417191496596389
7,-0.012485619150558533,0.0037436907953001418,-0.00300000016463822,0.13115015059087445,0.19524357801449288,0.9719462861928582,3.570886016974435
7,-0.009873626503992268,0.0018894278987096988,-0.003000000362298338,-0.7388144986335899,0.15137929970158637,0.6566867169592017,3.30096457775765
7,-0.010765471288408015,0.0036571476342661707,-0.003000003122366627,0.05994476690207466,-0.7194302300460832,0.6919730984777479,5.943906945826017
7,-0.010002339764054513,0.0001367305194633868,-0.002967099668304789,0.7741770194060782,-0.4583031808127712,0.43658691812789957,8.059596545123206
7,-0.009983274856646834,-4.207254071544149e-05,-0.0030000008968227515,0.5815081151320286,0.5674196239614729,0.5829950963593228,2.9999374676566135
7,-0.010008149813015808,0.00025520501955886933,-0.0026996554967637938,0.9106696118592861,0.3867071208677251,-0.14539071740056753,18.414044736278733
7,-0.008705284512809391,-0.0021953009580323287,-0.0030000016201913986,0.5369038040984851,0.4002822448304147,0.7426361354109425,3.2980260581191794
7,0.005870484273051894,0.011855858652329222,-0.2099999855015688,0.31752714807949456,-0.804445910971304,-0.5020391285089757,3.0732260993474902
7,-0.04373833282960834,-0.005802396554053657,-0.20999998594022737,0.598483902855246,0.6137543493926052,-0.5149005890701737,3.719246511099273
7,-0.020548513426864645,-0.010435451670832634,-0.20999998429330796,0.5761958024361368,-0.12684817271036794,-0.8074081609291656,5.645982068282984
7,-0.01292571975535436,0.0040551800524671585,-0.003000000140546003,-0.17781724898447646,0.6993774217371433,0.6922804691220884,9.530896097508409
7,-0.011784903219524275,-0.005082183434412206,-0.05634281386244382,-0.03377919560495379,0.632292132143414,0.7739932981452862,4.640037723996586
7,-0.01741915876984791,0.0025883371771435143,-0.0030000004474801754,0.43391420206233305,-0.5698534880109013,0.6978434405011043,12.181703482976062
7,-0.01411981010366465,0.0049506370590051575,-0.003000000637286254,0.29655711081130537,0.042350013404277936,0.9540756554864549,3.364426707481778
7,-0.013971484559568429,0.004529150264790703,-0.003000003378039898,-0.35563014929901315,0.3653197834342711,0.8602724293740318,4.866964306217552
7,-0.011199183667763169,0.02289216391334178,-0.20900588894469285,-0.6705323897150308,-0.2969520660795217,0.6798571797033208,7.720188434893529
7,-0.014267661984023476,-0.027694409310188246,-0.20999998492975544,0.39139697001084206,0.1778607074712881,-0.9028698580660146,4.560156112729464
7,-0.021409181229510393,0.00781443934047382,-0.20999998591749924,0.4998236095462656,-0.19472066570921437,-0.8439551064398527,3.729030024650267
7,-0.008402384305128345,0.00116441517579137,-0.0030000003529434822,0.1622942187557661,0.5573426971987986,0.814266359637695,0.891505426008285
7,0.010697204260857648,0.014784343296884044,-0.20999998592895658,-0.8252796070231286,-0.48827797831593506,-0.28372202262682034,2.638470957727378
7,-0.010957363741337236,0.006949295563640967,-0.1381324599824012,0.8793130115509523,-0.08704754816426996,-0.46822147758916854,6.988306590689833
7,-0.017450520295138792,0.0020233377287339083,-0.0029865585088470524,-0.4372500012770496,0.7455643557881961,0.5029375982777109,9.759277148481928
7,-0.010978934034400862,0.0026216672147467745,-0.00269859511854275,0.857647028792351,0.18788129343410642,-0.47868799189156536,8.818773165723709
7,-0.010429176799313163,0.0026048335420071405,-0.003000001237346321,0.08210797690984882,0.6285697947023553,0.7734069390143914,4.540404988815496
7,-0.00866458627764586,-0.023222098337132596,-0.2099999858443013,0.21231918814285203,0.18513923761598802,-0.9595019671899221,3.6713775509636903
7,-0.01000006698876717,-2.300694580777699e-05,-0.0028253765889242784,0.9986614709167745,-0.03296909498543882,-0.03985354792468421,5.695774744857117
7,-0.010327190667201683,0.002745279234859189,-0.0030000001399373777,0.20952660201452278,-0.2226939118813619,0.9521060994759062,10.22638868418268
7,-0.036134339356083484,0.011983017013553494,-0.20999998389885002,0.41264914776423833,0.037563459614029716,-0.9101151945502683,3.2540486859165534
7,-0.014135759763829005,0.003411589229043959,-0.0022857038090271136,0.035947990650643816,0.9983187717763619,0.045468361385886336,12.697166103071282
7,-0.013425546897579427,0.004070525290302391,-0.0030000000185600663,0.2391088282181898,0.95262300190195,0.1879797449605723,13.680896644233203
7,-0.01892909720218726,0.0047220433065891226,-0.003000000322783075,0.41599370354890364,0.08594852014391563,0.9052966864474528,0.1870695073248323
7,-0.015152380469205307,0.004186879041973351,-0.003000000653739175,0.47287988240131135,0.6715949090545537,0.5703901252231913,13.16633442600995
7,-0.021558955917917066,-0.0035630635012994676,-0.20999998583659613,-0.1239824553614128,0.6897676395807665,-0.7133364943347095,4.55540416865543
7,0.0008771362728218124,-0.0021208479554356346,-0.19746431825128863,0.867255178709123,0.09308391402851307,0.48908469609193406,8.298456948436842
7,0.013955349399851807,0.0145456900033822,-0.20999998458013724,0.47965620330531444,-0.7222271585265212,-0.4983150189563206,2.5971561058334243
7,-0.009912836837041052,0.0019367220416156763,-0.003000000069556836,0.21907026179171135,-0.2785906988493212,0.9350911415007407,9.952677940848552
7,0.01153403393078985,0.007355971948944295,-0.2099999858692,0.0440508040612128,-0.6431116807287028,-0.7645043445081683,6.427120904474126
7,-0.007865380090222703,-0.0015801079756763265,-0.0030000008276028656,0.5597094440710599,0.0830132924534105,0.8245205464351445,2.3621523662048842
7,-0.024353916214912306,-0.0071315364820944875,-0.2099999832135236,0.297892047164165,-0.2241996567825778,-0.9278980774497368,2.8940124761957335
7,-0.0028721530654578858,0.002785810638701472,-0.2099999828161937,-0.3915811205768999,-0.27972948551261767,-0.8765932015151529,4.087897630660411
7,-0.011830389721592928,0.00395911512791347,-0.0030000000025893077,-0.1861563804503,0.162559255985887,0.9689789937408128,6.202646712781132
7,-0.00403402479795021,-0.002017370663020434,-0.20999998390116142,-0.5646030844854022,0.1529195983226132,-0.8110727177253716,3.4959657961246453
7,-0.015154286008759385,0.0038298286083314056,-0.002630532977493843,-0.2717637499811765,0.7359218630929935,0.620131821162167,20.980643091072185
7,0.0004902445901384875,0.007604196708765412,-0.0954118170644629,-0.20650359162301044,-0.8119391540676865,-0.5459954915002934,7.4731464790818745
7,-0.011071864669240207,0.0027250690437186035,-0.002637683438151379,0.5308055205458706,0.650545720619117,-0.5431719476760384,7.851775839935413
7,-0.010711983808661965,0.0022779202616106846,-0.0028769729574292533,0.4527013825715992,0.49120139873985397,-0.7441657369791851,11.23640514342955
7,-0.012249117862115012,0.003596436333914902,-0.002891943099631586,-0.2686125489408996,0.5491721956190929,-0.7913641374932133,13.150684849086486
7,0.006337977833580899,-0.01601456512748608,-0.2099999850405352,0.4121424072049544,0.030551664663373477,-0.9106070678232199,2.938917659636961
7,-0.014304346846420044,0.003988403950529826,-0.0029068635760052617,-0.6670561566267734,0.593964924913176,0.44971296610082584,12.99449568324362
7,-0.014071020516255776,0.004737178338626502,-0.0030000000300758455,0.17451043995328896,0.6160273646899805,0.768151282170659,10.71719495785395
7,-0.014241439976792697,0.004461669466557881,-0.0030000016779611737,-0.6173612677897867,0.36943278863648626,0.6945390411728172,4.644662006977979
7,-0.010398300146652644,-0.007360057767379198,-0.20999998415639354,-0.5845792674859138,0.5828802800131222,-0.5643736875488233,2.9400603393782263
7,-0.0043000067717194335,-0.025087647465226928,-0.2099999829470547,-0.26639642365871546,0.6654191507625009,-0.6973164986291078,6.344267741251436
7,-0.010208584646387797,0.0012747925086943053,-0.0028211838937278414,0.8989118454469627,0.14925283286580723,0.41192364097811546,20.074662016639305
7,-0.014142310171520534,0.01585437720584445,-0.209999985980805,-0.6691291073636454,0.31751269486447165,-0.6719017236758895,2.833091957540873
7,0.007630918628776452,0.023670559443838363,-0.20999998245857215,0.13094320168369838,-0.49862810665227697,-0.8568686534056362,3.9947245655285224
7,-0.014982461603015279,0.00514599013221367,-0.0030000027100234652,0.3814155627106017,-0.2239699469819381,0.8968609877629101,7.194457441840554
7,-0.011068206899002862,0.00272113529370929,-0.002594077620604398,0.6508024616150232,0.75529399876419,0.07737655579454436,4.111427493969549
7,-0.0001673620168119983,0.01945611337246534,-0.20999998582334353,0.6496716009157283,0.21701387693329138,-0.7285820394313718,7.2459779308593815
7,-0.039601526221910335,0.015526048546902416,-0.2099999858288932,0.83368331466912,-0.3997867635939588,-0.38097595002490253,2.218802932508873
7,-0.013974274104347291,0.00399991489777206,-0.0029173355557505854,0.11281152387086188,0.9895604347189915,-0.08968671094813777,14.658588275986155
7,-0.01694530452086908,0.004009698962071847,-0.20999998588070187,0.5149883606661448,0.4516144439860636,-0.7285817609311637,3.7684145747198983
8,0.009916656074666146,-0.013664365291457162,-0.001995412920251577,0.8299682184350785,-0.462177878062337,-0.31232093336421923,4.694874422743459
8,0.009489662315523515,-0.014951408933654096,-0.002500000487944914,0.6832541417689603,-0.31165327089500267,0.6603302329107821,12.155413900577178
9,0.021233856729763474,0.013365038322437125,-0.2099999856447224,0.48590547685147867,-0.3918491901244727,-0.781249051048724,2.0584062887369026
9,0.005280853938595262,0.009300013421451658,-0.002016006474877734,-0.33197617153942593,-0.7621286613011449,-0.555834260506988,17.281822035375935
9,0.007403095819466823,0.00959566413590011,0.00015116768365387034,-0.026267374055430767,-0.30615038684943735,-0.9516207047412178,6.444064650698668
9,0.0064097032473813655,0.019489376048642367,-0.1861104707974833,-0.7774400072458018,-0.05504086323526808,0.6265441233528282,4.191505292473735
9,0.030391937926124428,-0.012505316097833431,-0.2099999846032899,0.4930368437808934,0.5775499114608125,-0.6506541096820819,3.1491269985148618
9,0.007012485953212527,0.02266203044195705,-0.209999984015534,-0.3497074568985062,0.6333921434048302,-0.6903036196215506,2.898496078563874
9,0.012694311702678956,0.004365813541751815,-0.2099999848112889,-0.1544682521875462,-0.058304179231788114,-0.9862759156292076,3.3600249424293738
9,0.011642586124133762,0.014294550679787969,-0.20999998596021763,0.6015950603299826,0.14245274378191453,-0.7859965643535403,2.0126266803296593
9,0.007411761520260426,0.00867421463934678,-0.002436605154973817,0.4733837431671586,-0.6675678137670888,0.5746834308793658,10.78171884979964
9,0.00818009933766337,0.008302398051414236,-0.002788120390840183,-0.6643234806172401,-0.6663106045876035,0.3386805151092955,15.32532589743106
9,0.006229228142866569,0.008174594071397359,-0.0030000005682385925,0.34297015627954325,-0.4736789108555754,0.8111718445016821,7.084136441902158
9,0.01108415614768913,0.011476010771334845,-0.0030000005073031076,0.7286607288553322,-0.04802366103915874,0.6831890442655035,15.942336187374423
9,-0.010727501307965277,0.033720300081342275,-0.20999998538363757,0.4935371937430588,-0.06776716891917718,-0.8670805321358024,3.4568690237029367
9,0.01642072333488708,-0.0036011109542052975,-0.20999998457609292,-0.46984021183085467,-0.8261349712349176,-0.3110485245896849,4.99845826797563
9,0.0035208420860482577,0.01640635589949628,-0.0030000006160515,0.2811906583726187,0.8249734149585095,0.4902557274073072,11.414137011092212
9,0.007103798329803618,0.009481898370861547,0.000361360649263295,0.7127439069725268,-0.7010357867162185,0.023344138808506464,10.555704123208978
9,0.004932939306319127,0.009358507362555776,-0.002382121214255497,-0.5879261765328914,-0.6554766060750983,-0.4740181745837242,4.9037840797280285
9,0.005060393496791057,-0.010422744459528744,-0.0975336388773374,-0.005119352977102892,0.41412406837045135,-0.9102060471241673,4.929836877962049
9,0.012104349647633223,0.021719519812661098,-0.2099999845222535,0.5316233503639549,-0.36810976482759694,-0.7628052270313667,1.3939806721316224
9,0.0028502226989762596,0.007513430629971207,-0.003000000510427643,0.3815929143831196,-0.7095740820039493,0.5923609286920006,0.4971185225619529
9,-0.016503667184110303,0.011513711111442181,-0.2099999840566392,0.7371712302260189,0.2211626675446844,-0.6384870020694055,5.093557898382679
9,0.004648437539618274,0.028097821670895973,-0.20999998566569267,-0.2086196183259379,0.9054076000972308,-0.36974982425379593,4.686949174986902
9,0.0260271541041079,0.007076360626230702,-0.20999998564113848,0.2652479887082644,-0.469921185581892,-0.8419130500399252,4.625172184524247
9,0.007833608065331605,0.03737850258591395,-0.20999998547089593,-0.020341806903692722,-0.12049943405491124,-0.9925049608361355,3.272001615566437
9,0.005712650657261887,0.0075997710180306394,-0.0030000006335669472,-0.5246848649742571,-0.5477381351864329,0.6516814618580418,5.721977585074406
9,0.006447359031928448,0.009118605291726485,-0.0013905705957005464,-0.06987706561745897,-0.8650330124427974,0.49682500247555295,6.162417194994152
9,0.035958819920715604,0.007387671547574775,-0.20999998566359313,0.20521450273421216,0.6679269825561996,-0.715374415142812,4.632325480518167
9,0.018372933200784487,0.0209443939676853,-0.2099999859789352,-0.41375548740338514,-0.056652081962625146,-0.9086236505027188,3.385613604044391
9,0.00026994065978754955,0.02808134771940419,-0.20999998536781317,0.11355112255058482,0.3798078196094075,-0.9180698027552423,2.8979788197076983
9,0.007124772328460904,0.00884383650392369,-0.0019573157510614043,0.27249989408150027,-0.9287169834618043,-0.25145292274137093,8.411351800883413
9,0.008846350204041231,0.008309427948394314,-0.14042165984250765,-0.8739482851252715,-0.02104742914689678,0.4855629729014597,8.209669770818364
9,0.01993458041413349,0.010948623336737214,-0.0773691630683665,0.4604040729595695,-0.8748185768925855,-0.15073336434204126,3.8534236340540686
9,-0.004057237543811032,-0.00025416888641785495,-0.19922890110624758,-0.11325355496437503,0.8359347398743935,0.5370165201919411,7.686923225128741
9,0.006698111500823955,0.00813576630240699,-0.002681196629012423,0.4336025715659633,-0.8207600857979365,-0.3719431293791396,14.594160595628018
9,0.002367756946380098,0.010960688570317284,-0.003000000088118893,0.38914986422083764,0.8435334132504939,0.37015370308410395,5.363554688442522
9,0.006046876226891305,0.008239574495081746,-0.0029850141062336823,-0.0338058902386766,-0.9263382006876375,-0.375172893119906,13.033099318397202
9,0.011201371075425284,0.008380428007273859,-0.20999998507824164,0.4733369480243487,-0.6843214056145124,-0.5546677811562275,2.893098443990497
9,-0.01611308440023488,0.004860438899237696,-0.20999998596181246,0.9913917800414378,0.09587163737507705,-0.08916819844143892,6.848968798100597
9,0.00964307997425234,0.008365422476320564,-0.0030000022228238894,0.21163143757694647,-0.17762735947417713,0.9610726589573475,6.768158168211266
9,0.011147664033637036,0.012786874079342352,-0.003000000262635446,0.4174743094713971,0.6637957877845139,0.6205564865916049,12.645443941753099
9,-0.007510001512414127,0.018685600326253975,-0.20999998374466766,0.11600542349413805,0.361415861281393,-0.9251601574506843,4.099055020118724
9,0.006147790038043275,0.00821008809504758,-0.003000001465234923,-0.07792590574702263,-0.35779126341216727,0.9305444454938363,4.359850496135432
9,0.009152418723103607,0.00545422440934905,-0.04575609337830513,0.9113862090804646,-0.25808520475909746,0.3205732443333258,3.7810979484600296
9,0.01595573522973644,0.03771650351151275,-0.20999998597667652,-0.08250524778379041,0.10048774838070107,-0.9915115211199071,2.6338192562821483
9,0.0016787702360482886,0.010793244230001466,-0.20999998582073234,-0.8891167397647347,-0.41083477286230424,-0.20170823601753995,3.414312208164069
9,0.004560823117306647,0.015294588124331578,-0.0028718649470014083,-0.8397467240474135,0.5077978483741783,-0.1922674820092902,22.851071831232925
9,0.004820035484802586,0.010189055874988827,-0.0010378113615525666,-0.21243538573708984,-0.9478373153132167,0.23764601950499234,7.611943120099742
9,0.004036392804719056,0.00943790528122835,-0.0029506080154367825,0.44475534988999166,-0.6647773119335812,0.6002197966433568,9.498311159685109
9,0.005181685161394178,0.008561533239348123,-0.002873863419643327,-0.657531303080455,-0.7228383618389771,0.21250244262893278,7.682742872288673
9,0.004697591890468601,0.009123984640144613,-0.0025000001944074316,-0.5264951040795158,-0.7172520423448172,0.45645636498189845,10.25588216121563
9,0.005979749800957371,0.008850181527942272,-0.0023233743614405533,-0.37677032388913906,-0.7341442240099794,-0.5648684637942345,13.957685538244792
9,0.002176979179228635,-0.019579379858061838,-0.20999998592779046,0.3730608384463828,0.16446383138002824,-0.9131140448955338,3.56411448238268
9,0.008771585784813015,0.026865264914320133,-0.20999998492159333,-0.5394352851238043,0.3817341385717227,-0.7505255629306072,5.341162708258927
9,0.012120026363482788,0.02417667617713619,-0.20999998528417957,-0.5418719428113127,0.10490489572757027,-0.8338883381162498,4.573645273794105
9,0.029919594738304515,0.0034792603345472836,-0.2099999846795431,-0.7978584599614057,0.47353479334550574,-0.37307730748364093,7.057415326768839
9,0.00629166209757202,-0.02317585003333058,-0.20999998331655714,0.04719179449687213,0.5749889770223776,-0.816799002714208,2.816679181081313
9,0.0048125542914916036,-0.0074272293185464015,-0.20999998570349757,0.11553467453150225,-0.35781855840530985,-0.926616219500633,3.458828539301764
9,0.0132139905139379,0.01573354177946063,-0.01662229538603726,-0.2250456648955158,-0.9739751365756917,0.026960750065574496,3.6893798186872417
9,-0.007161587519626691,0.024291094091895102,-0.20999998424982153,0.36936963554934193,0.2739093927191826,-0.8879975883494025,3.4024212191887804
9,0.004748449504282113,0.008644900559370623,-0.003000000164424527,-0.47966861529079385,0.3703467149191983,0.795462965984948,6.70109316753077
9,0.00755282895154444,0.005976575086247658,-0.20999998598893627,-0.08097248276175613,-0.056527025291078815,-0.9951121305898842,2.27032639576323
9,-0.002599208775262642,-0.010788324497979552,-0.20999998370507098,-0.27290787712186704,-0.49665074026084516,-0.8239292037567247,3.466702219445068
9,-0.002578292919647572,0.017071840309177737,-0.20999998543382492,-0.030077080231405866,-0.608796018561855,-0.7927564424386517,3.701792168384104
9,0.005123930640164969,0.008591607594151101,-0.002732392122909032,-0.3062880633053105,-0.9516130060237409,-0.02490600415848415,15.59972631585199
9,-0.008616206154921788,0.009139045179437338,-0.2099999846110756,0.47363695041647647,-0.4938714401487535,-0.7292181016716307,2.9700669090644816
9,0.004316796502810191,0.00909636655473394,-0.0030000013612397087,-0.35436203827577956,0.5129793683007594,0.7818437910009831,7.005646180994285
9,-0.01255890553887876,0.040171313293368996,-0.20999998549427615,0.7563366209346896,-0.06046950789744182,-0.6513818806566063,1.9120746358565825
9,-0.0024629954837478325,0.018224500255967883,-0.2099999846574503,0.030949206326734313,0.7172695079203395,-0.6961081809858719,3.077650662168892
9,0.02892858465414981,-0.0019456164065872637,-0.20999998599180086,-0.7656755219023959,-0.1792853460756475,-0.6177359952617535,5.075939398312353
9,0.016099154714625794,0.026966764123861807,-0.2099999859545439,0.7897611237964617,-0.09473955080132244,-0.606054275501554,1.9074074007459663
9,0.0020119001061595634,0.0023868920813776514,-0.2099999831747228,-0.4587683205299011,0.2267860697858403,-0.8591272936121087,4.669066049485701
9,0.010006721129178275,0.01044165768758918,-0.20999998599011116,0.32727306289748076,-0.9097674069794399,-0.25537346671024386,2.7308813157212395
9,0.0028982454152568417,0.008521483090970014,-0.0030000002073523923,0.041703072269847964,-0.14519449808375545,0.988523854790294,2.9077230176367443
9,0.011081653924683516,0.005600477326044039,-0.0030000002960566497,0.24040074116722585,-0.6976040288909925,0.6749489629011249,0.735931932322249
9,0.009188157313363865,0.0084490832313091,-0.0030000010914950073,0.08544677399530942,-0.8225146964020146,0.5622885584968774,6.849368973611863
9,0.007554759757353767,0.00886060339283766,-0.00202635325620953,-0.04769407143623125,-0.7438207406837101,-0.6666753192361123,12.765162416481044
9,0.011743873885671404,0.026123533980354392,-0.20999998502021622,-0.5788793846633477,0.4552932301668575,-0.6764663573127735,3.3508627161934506
9,0.007143049275122918,0.00812691774517509,-0.0029581637450915074,0.2074924486425691,-0.8475651380066302,-0.4884467428411339,5.957979183248067
9,0.013701581849296322,0.006927815804020139,-0.20999998530157293,-0.12998303705008782,-0.14177735310001374,-0.9813274643192197,2.506275459530392
9,0.006910449877696748,0.008125358657549327,-0.002602104205047043,-0.1415705460044015,-0.9042990594348951,0.40274184238688154,12.043160564721639
9,0.013828155221378782,0.0017026390095182225,-0.053910958044072886,0.8734887781672345,-0.36974912424473017,0.31670639326696093,8.2387570801751
9,0.01704870569050524,0.012264595050574064,-0.209999984570518,0.7654259891630328,-0.18330702175659871,-0.6168643212964408,3.3599198033521605
9,0.006332712263944331,0.008060486537110261,-0.0030000006727985383,-0.1618184819355476,0.4934623353186696,0.8545815950077088,8.357020795439448
9,0.032295942728042135,-0.002817806323353861,-0.2099999849893516,-0.2706464754571692,0.4865061417443297,-0.8306998611819181,4.730338623518391
9,0.010308552722089921,0.009876366506031964,-0.002868847163732784,0.5947426895578358,-0.6291339960326134,0.5004713261052497,9.95020436116445
9,0.004071976225432942,0.015016076715637768,-0.003000000070512261,0.35525776275584464,0.20152858772465787,0.9127859279871796,11.187700496728294
9,-0.002913784542392335,0.01273680808500629,-0.08802260975964785,-0.41049348462841434,-0.5895194484404227,-0.6956737158956932,3.8365033095705128
9,-0.019838627990750327,0.007800057017112082,-0.20999998589017949,-0.25776079750652653,-0.08398999848025492,-0.9625513240467158,3.0287684558169308
9,0.011875403303403285,0.019746136860604523,-0.20999998555755423,-0.763982870344945,-0.3704988704180192,-0.5282620191140666,4.745001563216658
9,0.018610476973018153,-0.024356254009643516,-0.20999998591506608,0.22462661144245546,0.09957383468608114,-0.9693440755881213,4.404262102531604
9,0.003937273635113301,0.006243808798174259,-0.0030000001511868548,0.26780525254567566,-0.0031555530565092176,0.9634678973343402,5.986523804467944
9,0.006019517387422797,0.008246389717210678,-0.002958385493852187,0.6478421667866668,-0.4953458980186364,0.578733935629549,14.829335393323529
9,0.02775197107719394,0.015248225034639552,-0.20999998449968652,-0.044823170157348775,-0.3765846128883657,-0.9252972023910832,2.262204617417529
9,0.003939386218661115,0.006548756805642028,-0.003000000216274473,0.031356485820437575,-0.218727756831488,0.9752819793210875,2.735736901255663
9,0.005343636941913254,0.00839292360717176,-0.003000001447280117,0.5232980265997471,-0.3583661604848453,0.7731318583373475,7.151109164491115
9,0.02180654181802322,0.03320384053548807,-0.20999998545926518,0.17525942785538492,0.4756722270274963,-0.8619861166993963,2.9829968608186253
9,0.005470294526114872,0.008332351596932765,-0.0030000018257180785,-0.026821105565674356,0.1924352694595635,0.9809430642826626,12.925116105966428
9,0.004732925579593058,0.008828854052486311,-0.0026510001564911804,-0.982721950163449,-0.13074037255391593,0.1310134483608876,8.31386208721472
9,0.004648050963022286,0.008888885014730164,-0.0025463841600137467,-0.772861477594497,-0.44397594143296193,-0.45339883091949645,22.999719825263274
9,0.006098051782238826,0.008227374844197902,-0.0027911530725579408,0.38360750382123054,-0.8775565975038695,-0.28764509588984205,31.558684108318822
9,0.004396015722546895,0.006998811393149187,-0.003000000658616896,-0.3776025772698032,-0.07967304242965795,0.9225337391928841,1.0004752246168065
9,0.018732052691344647,-0.008069913655902893,-0.2099999859355079,-0.7378083959184427,-0.3177405726332339,-0.5955499134539093,5.645218079733636
9,0.00899838867462154,0.0156356758884421,-0.0056105675279791885,0.6484444778040529,-0.647831047387371,-0.3997933131587003,4.073456295665784
9,0.030194000470666234,0.013097592864685514,-0.20999998372655648,0.5215085677849312,-0.3035214851158228,-0.7974355910040605,5.461177178710872
9,0.009140682297854382,0.0033610146436416294,-0.20999998553227905,-0.4272839551847423,-0.1171002181043423,-0.8965020694686647,3.054146022294485
9,0.006109784871437761,0.005958615430025916,-0.0030000042078334142,-0.3517891369574962,-0.31615572391666635,0.8810731872854995,2.1113758375056184
9,0.004011415373534097,0.010435064755535874,-0.0023320956918236983,-0.8225358013378085,-0.33596889990817075,0.45886790453469584,10.790519076904916
9,0.005503599474075867,0.008541645160360514,-0.0025000003284948945,0.07602973000412493,-0.9793173549339537,0.1875019959378145,15.021530222850636
9,0.003771087920993511,0.009232310076675933,-0.0030000002308519795,-0.9115857544855305,-0.11817695806154507,0.3937583253753068,13.272242798003223
9,-0.010572924974834554,0.005631146137569,-0.20999998567479555,0.23218962655518402,0.801522605689627,-0.5510439999570589,3.504442400362357
9,0.014083135805372612,0.008716918033396906,-0.20999998467819503,-0.02827971879759576,-0.27147465954950856,-0.9620300238179719,4.167856469119673
9,0.019497178932516738,0.01669588420327832,-0.20999998506565232,0.19972048068301373,0.09488803451392801,-0.9752476559837656,4.989190298184088
9,0.0056431355489529374,0.00836152782709727,-0.0028382930410995955,0.1360943585328182,-0.6227739488735643,0.7704744863913195,26.390867881082972
9,0.006956124183967119,0.008124596424667003,-0.002919946648833131,-0.7430756897439651,-0.6658162067142017,0.06728520036561984,14.876665003031034
9,0.004357860422944514,0.008930084258007471,-0.0030000018884758705,-0.22766840819933168,-0.09898366219694135,0.9686946528840055,14.509439175497832
9,0.005277589293315296,0.00851419872069119,-0.002680981354960389,-0.11810321509313482,-0.9835668139545833,0.1365575082955693,16.3800766282941
9,0.0010356400302346063,0.01414838220473763,-0.2099999859461551,-0.21605360721216035,-0.008177972135652994,-0.9763472535846873,3.7257718880152266
9,0.008804453185351623,0.008435534260879427,-0.003000000119787144,-0.10671558882506729,-0.4616702420520741,0.8806090907464552,5.994527073051133
9,-0.01397372525503512,0.00574204877051919,-0.20999998546715926,-0.4857266691152083,0.2467337346838125,-0.8385654816883549,3.179002145991107
9,0.011432737925737927,-0.0007111870476616874,-0.2099999836991212,-0.22795207698325426,-0.5880436213425082,-0.7760428789683013,4.747541519912673
9,0.020555616266551176,-0.009193699309282804,-0.2099999846886878,-0.8385965000116964,0.2176880978250656,-0.49936740205327557,3.945957947312543
9,0.006195330380752644,0.007520559584683225,-0.003000000240965436,-0.41359366958770993,-0.45733622322773365,0.7872635234791237,3.223381175918476
9,0.005170367614613661,0.019243523266717886,-0.2099999833840326,-0.7068426261158534,0.06080613212587781,-0.7047525212452485,3.413980996536115
9,0.0007542562541579421,0.00013586249672999654,-0.20999998595785674,-0.28242626292404016,0.9487488752471464,-0.14181317896456283,4.028325932848997
9,0.008000148240543816,0.008251415985641067,-0.0029211882912224857,0.41926263257865487,-0.7879495959275817,0.45094820013032144,9.866368318245481
9,0.009308234360393188,-0.03904659076175244,-0.209999984963399,0.15100931190124944,-0.4706158254690591,-0.8693198102753597,3.5482051677729736
9,0.008233221265360663,0.008319213163041768,-0.0029129648690072655,0.9016726346000383,-0.29993154214211726,-0.31149242373078195,6.543558027418578
9,-0.01821043077978511,0.0020076754881254363,-0.2099999849192294,-0.6669961721696887,-0.11086940907371384,-0.7367659604261236,4.613710127832306
9,0.008258147966010813,0.008327382309655722,-0.0028373421969636803,0.08473672924945115,-0.8631273428234724,-0.4978261511678523,25.210354540328485
9,0.01057148341362131,0.009444297157301667,-0.003000001007061641,-0.1677546417856908,-0.24037643083648505,0.9560740304273865,12.504500169591264
9,0.026501997616941324,0.01648526433061612,-0.20999998545310555,-0.498421994379503,0.5934728374167497,-0.6319537220139392,3.4024943015368363
9,0.00721675574769625,0.008130234118569127,-0.0027425446768090307,0.09215156918592879,-0.9009615128348145,0.4240005196777159,8.787221930612517
9,0.05188694157324117,0.013335536822395772,-0.20999998460847835,-0.416642945196535,0.31705358462809063,-0.851989249164821,3.310579534533504
9,0.010311694780207662,0.009881000712734617,-0.0028847962860593093,0.7674676998391152,-0.2903383271171492,-0.571574129497192,4.507373851415482
9,0.01783563186574169,0.009947182092407372,-0.20999998243056134,-0.35834741891494776,-0.1129274579318765,-0.9267332499711229,4.178558236395
9,0.03499564030975583,0.031846785349549496,-0.20999998390125457,0.1780193503575324,-0.3013321725506189,-0.9367539872795879,1.6854333836224888
9,0.003475379379401956,0.014379629720566212,-0.003000002240810771,-0.017181985412812895,-0.6876042507190668,0.7258823415474054,12.393965435621901
9,0.025842634094540087,-0.007192755151515838,-0.20999998184804836,0.2171988514366447,0.017726746039168698,-0.9759664038323581,3.8485845486459436
9,-0.013920539364894173,0.02426103045505773,-0.2099999854267014,-0.37484841490333587,-0.11194940833515377,-0.9203021220326862,1.8248850666326961
9,0.005529724216818013,0.008404372997120903,-0.002975456157308959,0.11653581286805234,-0.6573447346815032,0.7445248848129163,9.958952576287547
9,0.010982507361970574,0.008194497600115624,-0.17936345558961792,0.9527107967083137,0.0026194037695320416,0.3038672021776987,4.2042281185178725
9,0.0017709283252074805,0.01818378493965993,-0.05668751353043125,-0.273973397037292,-0.4404252311142035,0.8549644399118874,4.206997224074635
9,0.0045401956167652946,0.008970102262573939,-0.0028870800507453777,-0.5734736661595993,-0.819019495593355,-0.018303553192606903,19.572371286561612
9,0.005469344220025797,0.008042239918796854,-0.0030000003144276957,0.4898346321658001,-0.8209468122531882,0.2934422678864175,13.978502939837076
9,0.0053208723403526705,0.008379044648629392,-0.003000000216570789,-0.1696979014290879,-0.5876219039554554,0.7911403922454782,1.34248938651056
9,0.004671485331430173,0.008871978844976734,-0.0025723570501181804,-0.25147371880010094,-0.8159881157508293,-0.5205039516720876,7.595961960198066
9,0.007031910211941855,0.0076667459313908915,-0.0030000000590818697,0.11809325251942898,-0.16554212750537758,0.9791066273549451,3.7091343433626367
9,0.004689084154343838,0.008852035844428393,-0.003000000246664015,-0.31889740490617974,-0.6610415415865335,0.6792116941285712,13.95841447089993
9,0.005221306032678603,0.008480973209132124,-0.0030000016101841475,0.22331227756342323,0.10371399983612507,0.9692136157356793,16.883684117860867
9,0.011571494939452476,0.010408807241398891,-0.0030000016203705192,0.19188591452896264,-0.4569987163074144,0.8685228661922257,3.5584202237754017
9,0.0008433481097218929,0.011559080141334799,-0.056206617726528976,0.4417345936478372,-0.18292979397619866,-0.8782979216932063,4.551382765097748
9,0.011058411260663707,0.014339158081580537,-0.0030000001801446397,-0.9044721927795767,-0.25576377094304203,0.34134285690709837,11.105585989315754
9,0.008948153275248484,0.012964729238380086,-0.008295152614421682,0.0167532389123059,0.999591578066876,0.02315180432967251,4.158543708836764
9,0.00013225178807630057,0.011405852869590404,-0.003000000118580288,0.19662603862546213,0.4569665532886115,0.8674789738719808,2.654015414684828
9,0.004394860174293935,0.009089026162075856,-0.002700662114198055,0.09507782170366874,-0.650862878249618,0.753218242965947,10.299172864879013
9,0.004962317639555765,0.008466737604381448,-0.0030000020014542897,0.7844462305081975,-0.36562402370408137,0.5009622587899385,11.275485541741602
9,0.000819031442525426,-0.022366386306447116,-0.20999998472878656,0.6852334989309444,0.426272845820264,-0.5905476380946326,3.661091428739406
9,0.0051818342603078184,0.008561455284900871,-0.0028383626890285244,-0.4881628724984766,-0.8030762708237235,0.3417096913373948,9.63357652075211
9,-0.00766806795618529,-0.010315277964155625,-0.20999998593703567,0.899018702923031,-0.32616001273745165,-0.29220714892982425,2.252324902538816
9,0.005515009647168826,0.011602064111063438,-0.0041831595399982775,0.23996590656559905,0.4292935603462448,-0.8707028211343955,6.535928316001478
9,0.003492708084173843,0.01024238463833644,-0.20999998556382293,0.28192924937670005,-0.7228505082384359,-0.6308748220410493,3.2744309630261066
9,0.006887013888740548,0.007887722557460786,-0.0030000005365058563,-0.19152164514004047,0.8510021118521323,0.4889937270211787,11.200656921815588
9,-0.007730099496492043,0.01245167449411417,-0.2099999854713956,0.3922447143722546,-0.6170316336042254,-0.6822140772358258,2.900222893221951
9,0.007310614520055259,0.008136435744659738,-0.0028703449994938067,0.5888705507946009,-0.8006050289986277,-0.11073871025513016,9.954306105808206
9,0.008871308417073832,0.017214461583655728,-0.2099999859716034,-0.41360479195500494,0.299590041687258,-0.8597539665472232,3.7251404622938344
9,0.002005002910185889,0.006315553325431296,-0.2099999858714709,0.9642328362338367,0.21622541902366446,-0.15330233428259338,3.3781792561716433
9,0.009138766595862845,0.01553713650572755,-0.0030000005976508763,0.0022747198520671925,0.8522717248982115,0.5230943821038629,11.487776817695126
9,-0.009134038642612525,0.004605803363241276,-0.20999998563849392,0.9393605601973279,0.21540844252651387,-0.26683504423906573,3.0327108090480785
9,0.0069505529641119435,0.005358351860136071,-0.20999998568384326,-0.6387691497910636,0.4844075441473674,-0.5977652586495121,3.3224740139264006
9,0.00308305195250194,0.012935229028504166,-0.0029748841069297764,-0.9568131457166318,-0.28943141319895016,0.027167282482841178,12.370441961012704
9,0.03636931735810448,-0.009299578039925288,-0.12145503464357706,-0.6184923098030587,0.14562867594548423,0.7721784453459197,4.8128612501844135
9,0.000588628456904465,0.017493477453268246,-0.20999998571864048,-0.6666073881077114,-0.28062704095994856,-0.6905671973112237,3.3079904792077284
9,0.02677825631062799,0.022771968978417885,-0.2099999859635882,0.40808526315787236,-0.6279717460200848,-0.6626597197610974,2.8944350763596756
9,0.004751634554656017,0.00881606002755643,-0.0029058405720895266,0.29711248819110775,-0.8768711697078981,0.37791681769404156,13.360460166751317
9,0.011575721884321242,0.011513854685643896,-0.00300000018619503,0.017159947190655608,-0.9800408581876775,0.19805416555875383,11.964020573170396
9,0.004015237092754724,0.009154241648720567,-0.003000001965599881,0.22320948432218538,0.16595729228848138,0.9605392773046294,7.335482755664976
9,0.014014889798773316,0.004659341367599952,-0.20999998545406218,0.04700554221580862,-0.5731621795728706,-0.8180926566766593,3.264899865881079
9,0.0030426493321043953,0.012946458544153931,-0.003000000243012669,0.13767744713524088,-0.6495472494674177,0.7477521589802567,5.986144709735263
9,0.012909824137399252,0.028812552791520504,-0.20999998407485404,-0.49273965200525777,0.17338385023573843,-0.852728371651353,5.292707200053462
