
 PRINT DOF  NODAL SOLUTION PER NODE
 
  ***** POST1 NODAL DEGREE OF FREEDOM LISTING *****                            
 
  LOAD STEP=     1  SUBSTEP=     1                                             
   TIME=    1.0000      LOAD CASE=   0                                         
 
    NODE       VOLT  
       1  -535.88     
       2  -669.79     
       3  -500.00     
       4  -500.00     
       5  -500.00     
       6  -535.93     
       7  -500.00     
       8  -500.00     
       9  -500.00     
      10  -804.23     
      11  -803.07     
      12  -840.00     
      13  -500.00     
      14  -840.00     
      15  -500.00     
      16  -840.00     
      17  -500.00     
      18  -500.00     
      19  -840.00     
      20  -840.00     
      21  -840.00     
      22  -840.00     
      23  -500.00     
      24  -840.00     
      25  -1140.0     
      26  -840.00     
      27  -840.00     
      28  -1140.0     
      29  -840.00     
      30   0.0000     
      31   0.0000     
      32   0.0000     
      33   0.0000     
      34  -1140.0     
      35  -1140.0     
      36  -536.88     
      37  -536.14     
      38  -669.89     
      39  -669.76     
 
  ***** POST1 NODAL DEGREE OF FREEDOM LISTING *****                            
 
  LOAD STEP=     1  SUBSTEP=     1                                             
   TIME=    1.0000      LOAD CASE=   0                                         
 
    NODE       VOLT  
      40  -803.61     
      41  -803.57     
      42  -840.00     
      43  -500.00     
      44  -669.77     
      45  -546.90     
      46  -559.78     
      47  -577.70     
      48  -595.50     
      49  -616.74     
      50  -636.65     
      51  -654.87     
      52  -500.00     
      53  -500.00     
      54  -500.00     
      55  -500.00     
      56  -500.00     
      57  -500.00     
      58  -500.00     
      59  -500.00     
      60  -500.00     
      61  -500.00     
      62  -500.00     
      63  -500.00     
      64  -500.00     
      65  -500.00     
      66  -500.00     
      67  -500.00     
      68  -500.00     
      69  -500.00     
      70  -500.00     
      71  -500.00     
      72  -500.00     
      73  -500.00     
      74  -500.00     
      75  -500.00     
      76  -500.00     
      77  -500.00     
      78  -500.00     
 
  ***** POST1 NODAL DEGREE OF FREEDOM LISTING *****                            
 
  LOAD STEP=     1  SUBSTEP=     1                                             
   TIME=    1.0000      LOAD CASE=   0                                         
 
    NODE       VOLT  
      79  -500.00     
      80  -500.00     
      81  -500.00     
      82  -500.00     
      83  -500.00     
      84  -684.69     
      85  -702.90     
      86  -722.85     
      87  -744.17     
      88  -761.92     
      89  -780.03     
      90  -793.07     
      91  -523.97     
      92  -547.89     
      93  -580.82     
      94  -613.61     
      95  -669.98     
      96  -726.38     
      97  -759.16     
      98  -792.10     
      99  -816.03     
     100  -816.02     
     101  -792.08     
     102  -759.14     
     103  -726.35     
     104  -669.95     
     105  -613.58     
     106  -580.80     
     107  -547.88     
     108  -523.96     
     109  -500.00     
     110  -500.00     
     111  -500.00     
     112  -500.00     
     113  -500.00     
     114  -500.00     
     115  -500.00     
     116  -500.00     
     117  -500.00     
 
  ***** POST1 NODAL DEGREE OF FREEDOM LISTING *****                            
 
  LOAD STEP=     1  SUBSTEP=     1                                             
   TIME=    1.0000      LOAD CASE=   0                                         
 
    NODE       VOLT  
     118  -500.00     
     119  -500.00     
     120  -500.00     
     121  -500.00     
     122  -500.00     
     123  -500.00     
     124  -500.00     
     125  -500.00     
     126  -500.00     
     127  -500.00     
     128  -500.00     
     129  -500.00     
     130  -500.00     
     131  -500.00     
     132  -840.00     
     133  -840.00     
     134  -840.00     
     135  -840.00     
     136  -840.00     
     137  -840.00     
     138  -840.00     
     139  -840.00     
     140  -840.00     
     141  -840.00     
     142  -840.00     
     143  -840.00     
     144  -840.00     
     145  -840.00     
     146  -840.00     
     147  -840.00     
     148  -840.00     
     149  -840.00     
     150  -840.00     
     151  -840.00     
     152  -840.00     
     153  -840.00     
     154  -840.00     
     155  -840.00     
     156  -840.00     
 
  ***** POST1 NODAL DEGREE OF FREEDOM LISTING *****                            
 
  LOAD STEP=     1  SUBSTEP=     1                                             
   TIME=    1.0000      LOAD CASE=   0                                         
 
    NODE       VOLT  
     157  -840.00     
     158  -840.00     
     159  -840.00     
     160  -840.00     
     161  -840.00     
     162  -840.00     
     163  -840.00     
     164  -500.00     
     165  -500.00     
     166  -500.00     
     167  -500.00     
     168  -500.00     
     169  -500.00     
     170  -500.00     
     171  -500.00     
     172  -500.00     
     173  -839.19     
     174  -838.42     
     175  -837.46     
     176  -836.66     
     177  -835.87     
     178  -835.44     
     179  -835.31     
     180  -835.59     
     181  -836.40     
     182  -837.54     
     183  -839.32     
     184  -841.14     
     185  -843.81     
     186  -846.50     
     187  -850.19     
     188  -853.88     
     189  -858.60     
     190  -863.32     
     191  -868.43     
     192  -873.54     
     193  -878.66     
     194  -883.79     
     195  -888.91     
 
  ***** POST1 NODAL DEGREE OF FREEDOM LISTING *****                            
 
  LOAD STEP=     1  SUBSTEP=     1                                             
   TIME=    1.0000      LOAD CASE=   0                                         
 
    NODE       VOLT  
     196  -894.04     
     197  -900.59     
     198  -907.14     
     199  -912.27     
     200  -917.40     
     201  -922.52     
     202  -927.65     
     203  -932.77     
     204  -937.90     
     205  -943.02     
     206  -948.15     
     207  -953.28     
     208  -958.40     
     209  -963.53     
     210  -968.65     
     211  -973.78     
     212  -978.91     
     213  -984.03     
     214  -989.16     
     215  -994.28     
     216  -999.41     
     217  -1004.5     
     218  -1009.7     
     219  -1014.8     
     220  -1019.9     
     221  -1025.0     
     222  -1030.2     
     223  -1035.3     
     224  -1040.4     
     225  -1045.5     
     226  -1050.7     
     227  -1055.8     
     228  -1060.9     
     229  -1066.0     
     230  -1071.2     
     231  -1076.3     
     232  -1081.4     
     233  -1086.5     
     234  -1091.7     
 
  ***** POST1 NODAL DEGREE OF FREEDOM LISTING *****                            
 
  LOAD STEP=     1  SUBSTEP=     1                                             
   TIME=    1.0000      LOAD CASE=   0                                         
 
    NODE       VOLT  
     235  -1096.8     
     236  -1101.9     
     237  -1107.0     
     238  -1112.2     
     239  -1117.3     
     240  -1122.4     
     241  -1127.6     
     242  -1132.7     
     243  -1136.3     
     244  -840.00     
     245  -840.00     
     246  -840.00     
     247  -840.00     
     248  -840.00     
     249  -840.00     
     250  -840.00     
     251  -840.00     
     252  -840.00     
     253  -840.00     
     254  -840.00     
     255  -840.00     
     256  -840.00     
     257  -840.00     
     258  -840.00     
     259  -840.00     
     260  -840.00     
     261  -840.00     
     262  -840.00     
     263  -840.00     
     264  -840.00     
     265  -840.00     
     266  -840.00     
     267  -839.19     
     268  -838.43     
     269  -837.47     
     270  -836.69     
     271  -835.91     
     272  -835.49     
     273  -835.31     
 
  ***** POST1 NODAL DEGREE OF FREEDOM LISTING *****                            
 
  LOAD STEP=     1  SUBSTEP=     1                                             
   TIME=    1.0000      LOAD CASE=   0                                         
 
    NODE       VOLT  
     274  -835.53     
     275  -836.33     
     276  -837.60     
     277  -839.29     
     278  -841.12     
     279  -843.80     
     280  -846.50     
     281  -850.24     
     282  -853.98     
     283  -858.78     
     284  -863.59     
     285  -868.70     
     286  -873.82     
     287  -878.94     
     288  -884.07     
     289  -889.19     
     290  -894.32     
     291  -900.73     
     292  -907.14     
     293  -912.27     
     294  -917.40     
     295  -922.52     
     296  -927.65     
     297  -932.77     
     298  -937.90     
     299  -943.02     
     300  -948.15     
     301  -953.28     
     302  -958.40     
     303  -963.53     
     304  -968.65     
     305  -973.78     
     306  -978.91     
     307  -984.03     
     308  -989.16     
     309  -994.28     
     310  -999.41     
     311  -1004.5     
     312  -1009.7     
 
  ***** POST1 NODAL DEGREE OF FREEDOM LISTING *****                            
 
  LOAD STEP=     1  SUBSTEP=     1                                             
   TIME=    1.0000      LOAD CASE=   0                                         
 
    NODE       VOLT  
     313  -1014.8     
     314  -1019.9     
     315  -1025.0     
     316  -1030.2     
     317  -1035.3     
     318  -1040.4     
     319  -1045.5     
     320  -1050.7     
     321  -1055.8     
     322  -1060.9     
     323  -1066.0     
     324  -1071.2     
     325  -1076.3     
     326  -1081.4     
     327  -1086.5     
     328  -1091.7     
     329  -1096.8     
     330  -1101.9     
     331  -1107.0     
     332  -1112.2     
     333  -1117.3     
     334  -1122.4     
     335  -1127.6     
     336  -1132.7     
     337  -1136.3     
     338  -840.00     
     339  -840.00     
     340  -840.00     
     341  -840.00     
     342  -840.00     
     343  -840.00     
     344  -840.00     
     345  -840.00     
     346  -840.00     
     347  -499.24     
     348  -498.45     
     349  -497.26     
     350  -495.91     
     351  -493.72     
 
  ***** POST1 NODAL DEGREE OF FREEDOM LISTING *****                            
 
  LOAD STEP=     1  SUBSTEP=     1                                             
   TIME=    1.0000      LOAD CASE=   0                                         
 
    NODE       VOLT  
     352  -491.19     
     353  -487.16     
     354  -482.62     
     355  -476.29     
     356  -469.74     
     357  -460.19     
     358  -450.59     
     359  -436.99     
     360  -423.38     
     361  -404.33     
     362  -385.28     
     363  -360.42     
     364  -335.57     
     365  -309.85     
     366  -284.13     
     367  -258.38     
     368  -232.62     
     369  -206.87     
     370  -181.12     
     371  -157.91     
     372  -134.71     
     373  -111.50     
     374  -88.296     
     375  -62.543     
     376  -36.790     
     377  -18.395     
     378   0.0000     
     379   0.0000     
     380   0.0000     
     381   0.0000     
     382   0.0000     
     383   0.0000     
     384  -1140.0     
     385  -1140.0     
     386  -1140.0     
     387  -1140.0     
     388  -1140.0     
     389  -1140.0     
     390  -1136.3     
 
  ***** POST1 NODAL DEGREE OF FREEDOM LISTING *****                            
 
  LOAD STEP=     1  SUBSTEP=     1                                             
   TIME=    1.0000      LOAD CASE=   0                                         
 
    NODE       VOLT  
     391  -1132.7     
     392  -1127.6     
     393  -1122.4     
     394  -1116.8     
     395  -1111.2     
     396  -1106.1     
     397  -1101.0     
     398  -1095.9     
     399  -1090.7     
     400  -1085.6     
     401  -1080.5     
     402  -1075.3     
     403  -1070.2     
     404  -1065.1     
     405  -1060.0     
     406  -1054.8     
     407  -1049.7     
     408  -1044.6     
     409  -1039.5     
     410  -1034.3     
     411  -1029.2     
     412  -1024.1     
     413  -1019.0     
     414  -1013.8     
     415  -1008.7     
     416  -1003.6     
     417  -998.46     
     418  -993.34     
     419  -988.21     
     420  -983.09     
     421  -977.96     
     422  -972.83     
     423  -967.71     
     424  -962.58     
     425  -957.46     
     426  -952.33     
     427  -947.21     
     428  -942.08     
     429  -936.95     
 
  ***** POST1 NODAL DEGREE OF FREEDOM LISTING *****                            
 
  LOAD STEP=     1  SUBSTEP=     1                                             
   TIME=    1.0000      LOAD CASE=   0                                         
 
    NODE       VOLT  
     430  -931.83     
     431  -926.70     
     432  -921.58     
     433  -916.45     
     434  -911.33     
     435  -906.20     
     436  -901.07     
     437  -895.95     
     438  -890.82     
     439  -885.70     
     440  -880.57     
     441  -875.45     
     442  -870.35     
     443  -865.26     
     444  -860.46     
     445  -855.66     
     446  -851.69     
     447  -847.72     
     448  -844.77     
     449  -841.79     
     450  -839.43     
     451  -836.92     
     452  -834.43     
     453  -830.57     
     454  -826.73     
     455  -819.61     
     456  -809.15     
     457  -792.38     
     458  -770.68     
     459  -741.54     
     460  -710.01     
     461  -676.16     
     462  -638.92     
     463  -603.12     
     464  -568.55     
     465  -541.90     
     466  -517.85     
     467  -502.02     
     468  -487.35     
 
  ***** POST1 NODAL DEGREE OF FREEDOM LISTING *****                            
 
  LOAD STEP=     1  SUBSTEP=     1                                             
   TIME=    1.0000      LOAD CASE=   0                                         
 
    NODE       VOLT  
     469  -476.05     
     470  -459.69     
     471  -443.88     
     472  -420.60     
     473  -397.33     
     474  -371.58     
     475  -345.82     
     476  -320.07     
     477  -294.32     
     478  -268.57     
     479  -242.81     
     480  -217.06     
     481  -191.31     
     482  -165.55     
     483  -139.80     
     484  -114.05     
     485  -88.296     
     486  -62.543     
     487  -36.790     
     488  -18.395     
     489  -499.24     
     490  -498.45     
     491  -497.25     
     492  -495.89     
     493  -493.72     
     494  -491.25     
     495  -487.23     
     496  -482.77     
     497  -476.39     
     498  -469.75     
     499  -460.26     
     500  -450.67     
     501  -437.02     
     502  -423.39     
     503  -404.33     
     504  -385.28     
     505  -361.13     
     506  -336.97     
     507  -311.29     
 
  ***** POST1 NODAL DEGREE OF FREEDOM LISTING *****                            
 
  LOAD STEP=     1  SUBSTEP=     1                                             
   TIME=    1.0000      LOAD CASE=   0                                         
 
    NODE       VOLT  
     508  -285.61     
     509  -259.85     
     510  -234.10     
     511  -208.35     
     512  -182.60     
     513  -159.02     
     514  -135.45     
     515  -111.87     
     516  -88.296     
     517  -62.543     
     518  -36.790     
     519  -18.395     
     520  -18.395     
     521  -36.790     
     522  -62.543     
     523  -88.296     
     524  -114.99     
     525  -141.68     
     526  -167.44     
     527  -193.19     
     528  -218.94     
     529  -244.69     
     530  -270.44     
     531  -296.19     
     532  -321.65     
     533  -347.10     
     534  -369.81     
     535  -392.53     
     536  -410.46     
     537  -428.39     
     538  -441.56     
     539  -454.79     
     540  -464.60     
     541  -475.10     
     542  -483.66     
     543  -493.62     
     544  -503.96     
     545  -517.75     
     546  -534.09     
 
  ***** POST1 NODAL DEGREE OF FREEDOM LISTING *****                            
 
  LOAD STEP=     1  SUBSTEP=     1                                             
   TIME=    1.0000      LOAD CASE=   0                                         
 
    NODE       VOLT  
     547  -557.46     
     548  -585.26     
     549  -618.49     
     550  -652.61     
     551  -687.36     
     552  -724.73     
     553  -757.94     
     554  -786.84     
     555  -806.14     
     556  -820.80     
     557  -828.24     
     558  -834.34     
     559  -837.64     
     560  -841.93     
     561  -845.91     
     562  -850.90     
     563  -855.89     
     564  -861.01     
     565  -866.14     
     566  -871.26     
     567  -876.39     
     568  -881.52     
     569  -886.64     
     570  -891.77     
     571  -896.89     
     572  -902.02     
     573  -907.14     
     574  -912.27     
     575  -917.40     
     576  -922.52     
     577  -927.65     
     578  -932.77     
     579  -937.90     
     580  -943.02     
     581  -948.15     
     582  -953.28     
     583  -958.40     
     584  -963.53     
     585  -968.65     
 
  ***** POST1 NODAL DEGREE OF FREEDOM LISTING *****                            
 
  LOAD STEP=     1  SUBSTEP=     1                                             
   TIME=    1.0000      LOAD CASE=   0                                         
 
    NODE       VOLT  
     586  -973.78     
     587  -978.91     
     588  -984.03     
     589  -989.16     
     590  -994.28     
     591  -999.41     
     592  -1004.5     
     593  -1009.7     
     594  -1014.8     
     595  -1019.9     
     596  -1025.0     
     597  -1030.2     
     598  -1035.3     
     599  -1040.4     
     600  -1045.5     
     601  -1050.7     
     602  -1055.8     
     603  -1060.9     
     604  -1066.0     
     605  -1071.2     
     606  -1076.3     
     607  -1081.4     
     608  -1086.5     
     609  -1091.7     
     610  -1096.8     
     611  -1101.9     
     612  -1107.0     
     613  -1112.2     
     614  -1117.3     
     615  -1122.4     
     616  -1127.6     
     617  -1132.7     
     618  -1136.3     
     619  -536.35     
     620  -537.06     
     621  -536.60     
     622  -535.56     
     623  -535.86     
     624  -535.81     
 
  ***** POST1 NODAL DEGREE OF FREEDOM LISTING *****                            
 
  LOAD STEP=     1  SUBSTEP=     1                                             
   TIME=    1.0000      LOAD CASE=   0                                         
 
    NODE       VOLT  
     625  -535.41     
     626  -535.37     
     627  -535.43     
     628  -535.47     
     629  -536.16     
     630  -536.30     
     631  -536.62     
     632  -536.43     
     633  -536.59     
     634  -536.11     
     635  -535.95     
     636  -669.81     
     637  -669.74     
     638  -669.76     
     639  -669.79     
     640  -669.83     
     641  -669.90     
     642  -669.84     
     643  -669.80     
     644  -669.77     
     645  -669.65     
     646  -669.71     
     647  -547.74     
     648  -560.44     
     649  -578.08     
     650  -595.31     
     651  -616.03     
     652  -635.51     
     653  -654.40     
     654  -536.22     
     655  -536.22     
     656  -536.28     
     657  -535.88     
     658  -536.05     
     659  -535.58     
     660  -535.71     
     661  -535.48     
     662  -535.87     
     663  -536.11     
 
  ***** POST1 NODAL DEGREE OF FREEDOM LISTING *****                            
 
  LOAD STEP=     1  SUBSTEP=     1                                             
   TIME=    1.0000      LOAD CASE=   0                                         
 
    NODE       VOLT  
     664  -536.29     
     665  -535.77     
     666  -535.70     
     667  -535.36     
     668  -535.82     
     669  -535.70     
     670  -535.61     
     671  -803.42     
     672  -803.60     
     673  -803.53     
     674  -803.61     
     675  -804.20     
     676  -804.42     
     677  -803.93     
     678  -803.83     
     679  -803.51     
     680  -803.39     
     681  -803.16     
     682  -803.26     
     683  -802.60     
     684  -802.55     
     685  -802.33     
     686  -803.40     
     687  -803.77     
     688  -840.00     
     689  -840.00     
     690  -840.00     
     691  -840.00     
     692  -840.00     
     693  -840.00     
     694  -840.00     
     695  -840.00     
     696  -840.00     
     697  -840.00     
     698  -840.00     
     699  -840.00     
     700  -840.00     
     701  -840.00     
     702  -840.00     
 
  ***** POST1 NODAL DEGREE OF FREEDOM LISTING *****                            
 
  LOAD STEP=     1  SUBSTEP=     1                                             
   TIME=    1.0000      LOAD CASE=   0                                         
 
    NODE       VOLT  
     703  -840.00     
     704  -840.00     
     705  -840.00     
     706  -840.00     
     707  -840.00     
     708  -840.00     
     709  -840.00     
     710  -840.00     
     711  -840.00     
     712  -840.00     
     713  -840.00     
     714  -840.00     
     715  -840.00     
     716  -840.00     
     717  -840.00     
     718  -840.00     
     719  -840.00     
     720  -840.00     
     721  -840.00     
     722  -840.00     
     723  -840.00     
     724  -840.00     
     725  -840.00     
     726  -500.00     
     727  -500.00     
     728  -500.00     
     729  -500.00     
     730  -500.00     
     731  -500.00     
     732  -500.00     
     733  -500.00     
     734  -500.00     
     735  -500.00     
     736  -500.00     
     737  -500.00     
     738  -500.00     
     739  -500.00     
     740  -500.00     
     741  -500.00     
 
  ***** POST1 NODAL DEGREE OF FREEDOM LISTING *****                            
 
  LOAD STEP=     1  SUBSTEP=     1                                             
   TIME=    1.0000      LOAD CASE=   0                                         
 
    NODE       VOLT  
     742  -500.00     
     743  -500.00     
     744  -500.00     
     745  -500.00     
     746  -500.00     
     747  -500.00     
     748  -500.00     
     749  -500.00     
     750  -500.00     
     751  -500.00     
     752  -500.00     
     753  -500.00     
     754  -500.00     
     755  -500.00     
     756  -500.00     
     757  -500.00     
     758  -500.00     
     759  -500.00     
     760  -500.00     
     761  -500.00     
     762  -500.00     
     763  -500.00     
     764  -685.23     
     765  -704.09     
     766  -723.65     
     767  -744.34     
     768  -761.87     
     769  -779.73     
     770  -792.58     
     771  -669.72     
     772  -669.72     
     773  -669.61     
     774  -669.59     
     775  -669.61     
     776  -669.63     
     777  -669.58     
     778  -669.48     
     779  -669.56     
     780  -669.62     
 
  ***** POST1 NODAL DEGREE OF FREEDOM LISTING *****                            
 
  LOAD STEP=     1  SUBSTEP=     1                                             
   TIME=    1.0000      LOAD CASE=   0                                         
 
    NODE       VOLT  
     781  -669.67     
     782  -547.00     
     783  -559.84     
     784  -577.64     
     785  -595.22     
     786  -615.95     
     787  -635.47     
     788  -654.30     
     789  -547.19     
     790  -559.87     
     791  -577.79     
     792  -595.38     
     793  -616.44     
     794  -636.23     
     795  -654.64     
     796  -684.93     
     797  -703.36     
     798  -723.16     
     799  -744.24     
     800  -761.74     
     801  -779.70     
     802  -792.68     
     803  -803.69     
     804  -803.04     
     805  -802.82     
     806  -803.18     
     807  -803.53     
     808  -803.58     
     809  -803.51     
     810  -803.14     
     811  -803.11     
     812  -803.62     
     813  -803.31     
     814  -803.62     
     815  -804.04     
     816  -804.42     
     817  -804.21     
     818  -804.68     
     819  -804.56     
 
  ***** POST1 NODAL DEGREE OF FREEDOM LISTING *****                            
 
  LOAD STEP=     1  SUBSTEP=     1                                             
   TIME=    1.0000      LOAD CASE=   0                                         
 
    NODE       VOLT  
     820  -840.00     
     821  -840.00     
     822  -840.00     
     823  -840.00     
     824  -840.00     
     825  -840.00     
     826  -840.00     
     827  -840.00     
     828  -840.00     
     829  -840.00     
     830  -840.00     
     831  -840.00     
     832  -840.00     
     833  -840.00     
     834  -840.00     
     835  -840.00     
     836  -840.00     
     837  -840.00     
     838  -840.00     
     839  -840.00     
     840  -840.00     
     841  -840.00     
     842  -840.00     
     843  -840.00     
     844  -840.00     
     845  -840.00     
     846  -840.00     
     847  -840.00     
     848  -840.00     
     849  -840.00     
     850  -840.00     
     851  -840.00     
     852  -840.00     
     853  -840.00     
     854  -840.00     
     855  -840.00     
     856  -840.00     
     857  -840.00     
     858  -500.00     
 
  ***** POST1 NODAL DEGREE OF FREEDOM LISTING *****                            
 
  LOAD STEP=     1  SUBSTEP=     1                                             
   TIME=    1.0000      LOAD CASE=   0                                         
 
    NODE       VOLT  
     859  -500.00     
     860  -500.00     
     861  -500.00     
     862  -500.00     
     863  -500.00     
     864  -500.00     
     865  -500.00     
     866  -500.00     
     867  -500.00     
     868  -500.00     
     869  -500.00     
     870  -500.00     
     871  -500.00     
     872  -500.00     
     873  -500.00     
     874  -500.00     
     875  -500.00     
     876  -500.00     
     877  -500.00     
     878  -500.00     
     879  -500.00     
     880  -500.00     
     881  -500.00     
     882  -500.00     
     883  -500.00     
     884  -500.00     
     885  -500.00     
     886  -500.00     
     887  -500.00     
     888  -500.00     
     889  -500.00     
     890  -500.00     
     891  -500.00     
     892  -500.00     
     893  -500.00     
     894  -500.00     
     895  -500.00     
     896  -685.10     
     897  -703.98     
 
  ***** POST1 NODAL DEGREE OF FREEDOM LISTING *****                            
 
  LOAD STEP=     1  SUBSTEP=     1                                             
   TIME=    1.0000      LOAD CASE=   0                                         
 
    NODE       VOLT  
     898  -723.53     
     899  -744.23     
     900  -761.65     
     901  -779.42     
     902  -792.03     
     903  -500.00     
     904  -500.00     
     905  -500.00     
     906  -500.00     
     907  -500.00     
     908  -500.00     
     909  -500.00     
     910  -500.00     
     911  -500.00     
     912  -500.00     
     913  -500.00     
     914  -500.00     
     915  -500.00     
     916  -500.00     
     917  -500.00     
     918  -500.00     
     919  -500.00     
     920  -500.00     
     921  -500.00     
     922  -500.00     
     923  -500.00     
     924  -500.00     
     925  -500.00     
     926  -500.00     
     927  -500.00     
     928  -500.00     
     929  -500.00     
     930  -500.00     
     931  -500.00     
     932  -500.00     
     933  -500.00     
     934  -500.00     
     935  -840.00     
     936  -840.00     
 
  ***** POST1 NODAL DEGREE OF FREEDOM LISTING *****                            
 
  LOAD STEP=     1  SUBSTEP=     1                                             
   TIME=    1.0000      LOAD CASE=   0                                         
 
    NODE       VOLT  
     937  -840.00     
     938  -840.00     
     939  -840.00     
     940  -840.00     
     941  -840.00     
     942  -840.00     
     943  -840.00     
     944  -840.00     
     945  -840.00     
     946  -840.00     
     947  -840.00     
     948  -840.00     
     949  -840.00     
     950  -840.00     
     951  -840.00     
     952  -840.00     
     953  -840.00     
     954  -840.00     
     955  -840.00     
     956  -840.00     
     957  -840.00     
     958  -840.00     
     959  -840.00     
     960  -840.00     
     961  -840.00     
     962  -840.00     
     963  -840.00     
     964  -840.00     
     965  -840.00     
     966  -840.00     
     967  -840.00     
     968  -840.00     
     969  -840.00     
     970  -840.00     
     971  -840.00     
     972  -840.00     
     973  -840.00     
     974  -840.00     
     975  -840.00     
 
  ***** POST1 NODAL DEGREE OF FREEDOM LISTING *****                            
 
  LOAD STEP=     1  SUBSTEP=     1                                             
   TIME=    1.0000      LOAD CASE=   0                                         
 
    NODE       VOLT  
     976  -840.00     
     977  -840.00     
     978  -840.00     
     979  -840.00     
     980  -840.00     
     981  -840.00     
     982  -840.00     
     983  -840.00     
     984  -840.00     
     985  -840.00     
     986  -840.00     
     987  -840.00     
     988  -840.00     
     989  -840.00     
     990  -840.00     
     991  -840.00     
     992  -840.00     
     993  -840.00     
     994  -840.00     
     995  -840.00     
     996  -840.00     
     997  -840.00     
     998  -840.00     
     999  -500.00     
    1000  -500.00     
    1001  -500.00     
    1002  -500.00     
    1003  -500.00     
    1004  -500.00     
    1005  -500.00     
    1006  -500.00     
    1007  -500.00     
    1008  -500.00     
    1009  -500.00     
    1010  -500.00     
    1011  -500.00     
    1012  -500.00     
    1013  -500.00     
    1014  -500.00     
 
  ***** POST1 NODAL DEGREE OF FREEDOM LISTING *****                            
 
  LOAD STEP=     1  SUBSTEP=     1                                             
   TIME=    1.0000      LOAD CASE=   0                                         
 
    NODE       VOLT  
    1015  -500.00     
    1016  -500.00     
    1017  -500.00     
    1018  -500.00     
    1019  -500.00     
    1020  -500.00     
    1021  -500.00     
    1022  -500.00     
    1023  -500.00     
    1024  -500.00     
    1025  -500.00     
    1026  -500.00     
    1027  -500.00     
    1028  -500.00     
    1029  -500.00     
    1030  -500.00     
    1031  -710.30     
    1032  -722.24     
    1033  -759.65     
    1034  -791.55     
    1035  -705.60     
    1036  -774.24     
    1037  -691.83     
    1038  -784.21     
    1039  -797.23     
    1040  -783.68     
    1041  -796.35     
    1042  -694.85     
    1043  -696.31     
    1044  -679.04     
    1045  -679.08     
    1046  -707.78     
    1047  -678.75     
    1048  -696.46     
    1049  -678.76     
    1050  -730.87     
    1051  -737.08     
    1052  -743.58     
    1053  -733.67     
 
  ***** POST1 NODAL DEGREE OF FREEDOM LISTING *****                            
 
  LOAD STEP=     1  SUBSTEP=     1                                             
   TIME=    1.0000      LOAD CASE=   0                                         
 
    NODE       VOLT  
    1054  -753.37     
    1055  -727.90     
    1056  -711.41     
    1057  -712.10     
    1058  -713.86     
    1059  -715.03     
    1060  -719.35     
    1061  -720.19     
    1062  -749.11     
    1063  -749.06     
    1064  -752.80     
    1065  -750.94     
    1066  -761.86     
    1067  -757.30     
    1068  -763.66     
    1069  -761.49     
    1070  -747.85     
    1071  -710.58     
    1072  -741.29     
    1073  -771.31     
    1074  -694.90     
    1075  -696.76     
    1076  -698.76     
    1077  -773.09     
    1078  -769.23     
    1079  -770.96     
    1080  -777.42     
    1081  -779.42     
    1082  -779.15     
    1083  -751.89     
    1084  -712.16     
    1085  -732.80     
    1086  -752.52     
    1087  -770.44     
    1088  -680.79     
    1089  -680.88     
    1090  -681.45     
    1091  -681.49     
    1092  -682.72     
 
  ***** POST1 NODAL DEGREE OF FREEDOM LISTING *****                            
 
  LOAD STEP=     1  SUBSTEP=     1                                             
   TIME=    1.0000      LOAD CASE=   0                                         
 
    NODE       VOLT  
    1093  -682.70     
    1094  -683.46     
    1095  -683.24     
    1096  -791.55     
    1097  -791.26     
    1098  -788.34     
    1099  -787.75     
    1100  -788.18     
    1101  -787.82     
    1102  -790.09     
    1103  -790.22     
    1104  -793.25     
    1105  -793.87     
    1106  -792.13     
    1107  -792.12     
    1108  -795.02     
    1109  -794.07     
    1110  -735.30     
    1111  -715.08     
    1112  -778.30     
    1113  -760.51     
    1114  -777.53     
    1115  -727.40     
    1116  -781.58     
    1117  -777.23     
    1118  -782.02     
    1119  -773.26     
    1120  -769.63     
    1121  -769.56     
    1122  -700.19     
    1123  -698.26     
    1124  -696.05     
    1125  -694.54     
    1126  -761.27     
    1127  -722.08     
    1128  -746.00     
    1129  -742.10     
    1130  -733.14     
    1131  -729.53     
 
  ***** POST1 NODAL DEGREE OF FREEDOM LISTING *****                            
 
  LOAD STEP=     1  SUBSTEP=     1                                             
   TIME=    1.0000      LOAD CASE=   0                                         
 
    NODE       VOLT  
    1132  -689.70     
    1133  -690.25     
    1134  -787.28     
    1135  -523.75     
    1136  -815.81     
    1137  -598.11     
    1138  -757.77     
    1139  -585.95     
    1140  -762.36     
    1141  -668.39     
    1142  -685.56     
    1143  -685.69     
    1144  -580.82     
    1145  -584.49     
    1146  -764.25     
    1147  -801.81     
    1148  -538.38     
    1149  -760.89     
    1150  -797.32     
    1151  -819.50     
    1152  -795.59     
    1153  -819.54     
    1154  -545.47     
    1155  -544.11     
    1156  -520.21     
    1157  -520.17     
    1158  -673.59     
    1159  -675.37     
    1160  -728.08     
    1161  -729.50     
    1162  -709.16     
    1163  -761.74     
    1164  -617.25     
    1165  -631.48     
    1166  -631.85     
    1167  -597.55     
    1168  -657.17     
    1169  -589.92     
    1170  -735.24     
 
  ***** POST1 NODAL DEGREE OF FREEDOM LISTING *****                            
 
  LOAD STEP=     1  SUBSTEP=     1                                             
   TIME=    1.0000      LOAD CASE=   0                                         
 
    NODE       VOLT  
    1171  -792.35     
    1172  -550.68     
    1173  -628.52     
    1174  -607.63     
    1175  -659.77     
    1176  -678.64     
    1177  -718.83     
    1178  -698.78     
    1179  -574.98     
    1180  -555.42     
    1181  -784.46     
    1182  -764.80     
    1183  -817.88     
    1184  -817.69     
    1185  -817.37     
    1186  -814.35     
    1187  -525.24     
    1188  -525.83     
    1189  -525.43     
    1190  -525.47     
    1191  -812.69     
    1192  -809.25     
    1193  -530.43     
    1194  -527.11     
    1195  -554.06     
    1196  -785.93     
    1197  -550.80     
    1198  -795.34     
    1199  -690.63     
    1200  -622.70     
    1201  -642.81     
    1202  -620.99     
    1203  -728.66     
    1204  -729.67     
    1205  -540.37     
    1206  -799.04     
    1207  -630.62     
    1208  -583.74     
    1209  -548.61     
 
  ***** POST1 NODAL DEGREE OF FREEDOM LISTING *****                            
 
  LOAD STEP=     1  SUBSTEP=     1                                             
   TIME=    1.0000      LOAD CASE=   0                                         
 
    NODE       VOLT  
    1210  -545.96     
    1211  -593.20     
    1212  -638.44     
    1213  -632.21     
    1214  -650.36     
    1215  -661.62     
    1216  -644.69     
    1217  -661.65     
    1218  -648.52     
    1219  -643.00     
    1220  -660.65     
    1221  -660.72     
    1222  -597.29     
    1223  -612.79     
    1224  -608.53     
    1225  -607.23     
    1226  -614.50     
    1227  -592.71     
    1228  -592.88     
    1229  -592.47     
    1230  -591.63     
    1231  -587.73     
    1232  -582.24     
    1233  -576.71     
    1234  -574.35     
    1235  -629.88     
    1236  -629.15     
    1237  -629.50     
    1238  -626.99     
    1239  -625.30     
    1240  -630.32     
    1241  -613.53     
    1242  -593.05     
    1243  -636.50     
    1244  -567.55     
    1245  -572.37     
    1246  -571.41     
    1247  -565.51     
    1248  -561.76     
 
  ***** POST1 NODAL DEGREE OF FREEDOM LISTING *****                            
 
  LOAD STEP=     1  SUBSTEP=     1                                             
   TIME=    1.0000      LOAD CASE=   0                                         
 
    NODE       VOLT  
    1249  -561.02     
    1250  -646.54     
    1251  -645.77     
    1252  -646.96     
    1253  -588.26     
    1254  -559.18     
    1255  -577.12     
    1256  -610.30     
    1257  -630.68     
    1258  -547.24     
    1259  -548.29     
    1260  -551.82     
    1261  -552.17     
    1262  -552.91     
    1263  -552.50     
    1264  -552.50     
    1265  -551.21     
    1266  -546.88     
    1267  -547.49     
    1268  -548.03     
    1269  -548.32     
    1270  -545.56     
    1271  -545.69     
    1272  -659.29     
    1273  -659.44     
    1274  -659.06     
    1275  -659.10     
    1276  -658.31     
    1277  -658.37     
    1278  -660.15     
    1279  -659.96     
    1280  -579.13     
    1281  -561.26     
    1282  -624.90     
    1283  -604.72     
    1284  -613.15     
    1285  -562.08     
    1286  -648.16     
    1287  -645.01     
 
  ***** POST1 NODAL DEGREE OF FREEDOM LISTING *****                            
 
  LOAD STEP=     1  SUBSTEP=     1                                             
   TIME=    1.0000      LOAD CASE=   0                                         
 
    NODE       VOLT  
    1288  -645.70     
    1289  -646.60     
    1290  -558.23     
    1291  -563.05     
    1292  -559.89     
    1293  -570.43     
    1294  -571.63     
    1295  -571.88     
    1296  -623.85     
    1297  -612.71     
    1298  -603.75     
    1299  -611.90     
    1300  -589.98     
    1301  -649.80     
    1302  -651.99     
    1303  -523.73     
    1304  -816.67     
    1305  -767.79     
    1306  -718.66     
    1307  -641.60     
    1308  -768.97     
    1309  -763.98     
    1310  -805.99     
    1311  -534.40     
    1312  -542.15     
    1313  -531.09     
    1314  -796.53     
    1315  -543.38     
    1316  -534.44     
    1317  -707.49     
    1318  -773.50     
    1319  -768.92     
    1320  -795.53     
    1321  -796.68     
    1322  -820.62     
    1323  -820.62     
    1324  -677.54     
    1325  -701.03     
    1326  -736.09     
 
  ***** POST1 NODAL DEGREE OF FREEDOM LISTING *****                            
 
  LOAD STEP=     1  SUBSTEP=     1                                             
   TIME=    1.0000      LOAD CASE=   0                                         
 
    NODE       VOLT  
    1327  -722.29     
    1328  -670.18     
    1329  -667.52     
    1330  -691.35     
    1331  -668.34     
    1332  -722.72     
    1333  -717.14     
    1334  -620.38     
    1335  -613.55     
    1336  -616.10     
    1337  -623.78     
    1338  -624.74     
    1339  -617.08     
    1340  -622.66     
    1341  -624.72     
    1342  -626.77     
    1343  -744.21     
    1344  -699.60     
    1345  -667.16     
    1346  -684.01     
    1347  -723.45     
    1348  -753.24     
    1349  -701.65     
    1350  -708.67     
    1351  -765.02     
    1352  -741.15     
    1353  -717.78     
    1354  -720.94     
    1355  -717.51     
    1356  -634.98     
    1357  -612.65     
    1358  -618.28     
    1359  -771.52     
    1360  -576.54     
    1361  -582.20     
    1362  -571.00     
    1363  -569.57     
    1364  -569.87     
    1365  -784.17     
 
  ***** POST1 NODAL DEGREE OF FREEDOM LISTING *****                            
 
  LOAD STEP=     1  SUBSTEP=     1                                             
   TIME=    1.0000      LOAD CASE=   0                                         
 
    NODE       VOLT  
    1366  -794.94     
    1367  -769.16     
    1368  -628.97     
    1369  -649.24     
    1370  -668.37     
    1371  -687.36     
    1372  -591.23     
    1373  -558.35     
    1374  -771.02     
    1375  -775.41     
    1376  -798.30     
    1377  -796.26     
    1378  -560.57     
    1379  -580.12     
    1380  -759.46     
    1381  -779.10     
    1382  -814.87     
    1383  -814.90     
    1384  -814.89     
    1385  -821.35     
    1386  -821.34     
    1387  -816.95     
    1388  -816.94     
    1389  -817.98     
    1390  -817.97     
    1391  -806.16     
    1392  -806.08     
    1393  -806.14     
    1394  -802.28     
    1395  -802.74     
    1396  -808.25     
    1397  -534.43     
    1398  -534.42     
    1399  -542.20     
    1400  -542.17     
    1401  -540.11     
    1402  -540.10     
    1403  -530.95     
    1404  -530.97     
 
  ***** POST1 NODAL DEGREE OF FREEDOM LISTING *****                            
 
  LOAD STEP=     1  SUBSTEP=     1                                             
   TIME=    1.0000      LOAD CASE=   0                                         
 
    NODE       VOLT  
    1405  -531.02     
    1406  -538.90     
    1407  -539.47     
    1408  -531.06     
    1409  -802.84     
    1410  -806.40     
    1411  -533.28     
    1412  -537.13     
    1413  -565.03     
    1414  -773.96     
    1415  -577.63     
    1416  -561.93     
    1417  -580.15     
    1418  -584.28     
    1419  -568.78     
    1420  -765.60     
    1421  -772.29     
    1422  -795.96     
    1423  -793.90     
    1424  -802.70     
    1425  -789.81     
    1426  -748.17     
    1427  -666.50     
    1428  -656.35     
    1429  -669.93     
    1430  -734.12     
    1431  -669.22     
    1432  -698.78     
    1433  -665.11     
    1434  -670.36     
    1435  -745.83     
    1436  -801.27     
    1437  -840.00     
    1438  -840.00     
    1439  -840.00     
    1440  -840.00     
    1441  -840.00     
    1442  -840.00     
    1443  -840.00     
 
  ***** POST1 NODAL DEGREE OF FREEDOM LISTING *****                            
 
  LOAD STEP=     1  SUBSTEP=     1                                             
   TIME=    1.0000      LOAD CASE=   0                                         
 
    NODE       VOLT  
    1444  -840.00     
    1445  -840.00     
    1446  -840.00     
    1447  -840.00     
    1448  -840.00     
    1449  -840.00     
    1450  -840.00     
    1451  -840.00     
    1452  -840.00     
    1453  -840.00     
    1454  -840.00     
    1455  -840.00     
    1456  -840.00     
    1457  -840.00     
    1458  -840.00     
    1459  -840.00     
    1460  -840.00     
    1461  -840.00     
    1462  -840.00     
    1463  -840.00     
    1464  -840.00     
    1465  -840.00     
    1466  -840.00     
    1467  -840.00     
    1468  -840.00     
    1469  -840.00     
    1470  -840.00     
    1471  -840.00     
    1472  -840.00     
    1473  -840.00     
    1474  -840.00     
    1475  -840.00     
    1476  -840.00     
    1477  -840.00     
    1478  -840.00     
    1479  -840.00     
    1480  -840.00     
    1481  -840.00     
    1482  -840.00     
 
  ***** POST1 NODAL DEGREE OF FREEDOM LISTING *****                            
 
  LOAD STEP=     1  SUBSTEP=     1                                             
   TIME=    1.0000      LOAD CASE=   0                                         
 
    NODE       VOLT  
    1483  -840.00     
    1484  -840.00     
    1485  -840.00     
    1486  -840.00     
    1487  -840.00     
    1488  -840.00     
    1489  -840.00     
    1490  -840.00     
    1491  -840.00     
    1492  -840.00     
    1493  -840.00     
    1494  -840.00     
    1495  -840.00     
    1496  -840.00     
    1497  -840.00     
    1498  -840.00     
    1499  -840.00     
    1500  -840.00     
    1501  -840.00     
    1502  -840.00     
    1503  -840.00     
    1504  -840.00     
    1505  -840.00     
    1506  -840.00     
    1507  -840.00     
    1508  -840.00     
    1509  -840.00     
    1510  -840.00     
    1511  -840.00     
    1512  -840.00     
    1513  -840.00     
    1514  -840.00     
    1515  -840.00     
    1516  -840.00     
    1517  -840.00     
    1518  -840.00     
    1519  -840.00     
    1520  -840.00     
    1521  -840.00     
 
  ***** POST1 NODAL DEGREE OF FREEDOM LISTING *****                            
 
  LOAD STEP=     1  SUBSTEP=     1                                             
   TIME=    1.0000      LOAD CASE=   0                                         
 
    NODE       VOLT  
    1522  -840.00     
    1523  -840.00     
    1524  -840.00     
    1525  -840.00     
    1526  -840.00     
    1527  -840.00     
    1528  -840.00     
    1529  -840.00     
    1530  -840.00     
    1531  -840.00     
    1532  -840.00     
    1533  -840.00     
    1534  -840.00     
    1535  -840.00     
    1536  -840.00     
    1537  -840.00     
    1538  -840.00     
    1539  -840.00     
    1540  -840.00     
    1541  -840.00     
    1542  -840.00     
    1543  -840.00     
    1544  -840.00     
    1545  -840.00     
    1546  -840.00     
    1547  -840.00     
    1548  -840.00     
    1549  -840.00     
    1550  -840.00     
    1551  -840.00     
    1552  -840.00     
    1553  -840.00     
    1554  -840.00     
    1555  -840.00     
    1556  -840.00     
    1557  -840.00     
    1558  -840.00     
    1559  -840.00     
    1560  -840.00     
 
  ***** POST1 NODAL DEGREE OF FREEDOM LISTING *****                            
 
  LOAD STEP=     1  SUBSTEP=     1                                             
   TIME=    1.0000      LOAD CASE=   0                                         
 
    NODE       VOLT  
    1561  -840.00     
    1562  -840.00     
    1563  -840.00     
    1564  -840.00     
    1565  -840.00     
    1566  -840.00     
    1567  -840.00     
    1568  -840.00     
    1569  -840.00     
    1570  -840.00     
    1571  -840.00     
    1572  -840.00     
    1573  -840.00     
    1574  -840.00     
    1575  -840.00     
    1576  -840.00     
    1577  -840.00     
    1578  -840.00     
    1579  -840.00     
    1580  -840.00     
    1581  -840.00     
    1582  -840.00     
    1583  -840.00     
    1584  -840.00     
    1585  -840.00     
    1586  -840.00     
    1587  -840.00     
    1588  -840.00     
    1589  -840.00     
    1590  -840.00     
    1591  -840.00     
    1592  -840.00     
    1593  -840.00     
    1594  -840.00     
    1595  -840.00     
    1596  -840.00     
    1597  -840.00     
    1598  -840.00     
    1599  -840.00     
 
  ***** POST1 NODAL DEGREE OF FREEDOM LISTING *****                            
 
  LOAD STEP=     1  SUBSTEP=     1                                             
   TIME=    1.0000      LOAD CASE=   0                                         
 
    NODE       VOLT  
    1600  -840.00     
    1601  -840.00     
    1602  -840.00     
    1603  -840.00     
    1604  -840.00     
    1605  -840.00     
    1606  -840.00     
    1607  -840.00     
    1608  -840.00     
    1609  -840.00     
    1610  -840.00     
    1611  -840.00     
    1612  -840.00     
    1613  -840.00     
    1614  -840.00     
    1615  -840.00     
    1616  -840.00     
    1617  -840.00     
    1618  -840.00     
    1619  -840.00     
    1620  -840.00     
    1621  -840.00     
    1622  -840.00     
    1623  -840.00     
    1624  -840.00     
    1625  -840.00     
    1626  -840.00     
    1627  -840.00     
    1628  -840.00     
    1629  -840.00     
    1630  -840.00     
    1631  -840.00     
    1632  -840.00     
    1633  -840.00     
    1634  -840.00     
    1635  -840.00     
    1636  -840.00     
    1637  -840.00     
    1638  -840.00     
 
  ***** POST1 NODAL DEGREE OF FREEDOM LISTING *****                            
 
  LOAD STEP=     1  SUBSTEP=     1                                             
   TIME=    1.0000      LOAD CASE=   0                                         
 
    NODE       VOLT  
    1639  -840.00     
    1640  -840.00     
    1641  -840.00     
    1642  -840.00     
    1643  -840.00     
    1644  -840.00     
    1645  -840.00     
    1646  -840.00     
    1647  -840.00     
    1648  -840.00     
    1649  -840.00     
    1650  -840.00     
    1651  -840.00     
    1652  -840.00     
    1653  -840.00     
    1654  -840.00     
    1655  -840.00     
    1656  -840.00     
    1657  -840.00     
    1658  -840.00     
    1659  -840.00     
    1660  -840.00     
    1661  -840.00     
    1662  -840.00     
    1663  -840.00     
    1664  -840.00     
    1665  -840.00     
    1666  -840.00     
    1667  -840.00     
    1668  -840.00     
    1669  -840.00     
    1670  -840.00     
    1671  -840.00     
    1672  -840.00     
    1673  -840.00     
    1674  -840.00     
    1675  -840.00     
    1676  -840.00     
    1677  -840.00     
 
  ***** POST1 NODAL DEGREE OF FREEDOM LISTING *****                            
 
  LOAD STEP=     1  SUBSTEP=     1                                             
   TIME=    1.0000      LOAD CASE=   0                                         
 
    NODE       VOLT  
    1678  -840.00     
    1679  -840.00     
    1680  -840.00     
    1681  -840.00     
    1682  -840.00     
    1683  -840.00     
    1684  -840.00     
    1685  -840.00     
    1686  -840.00     
    1687  -840.00     
    1688  -840.00     
    1689  -840.00     
    1690  -840.00     
    1691  -840.00     
    1692  -840.00     
    1693  -840.00     
    1694  -840.00     
    1695  -840.00     
    1696  -840.00     
    1697  -840.00     
    1698  -840.00     
    1699  -840.00     
    1700  -840.00     
    1701  -840.00     
    1702  -840.00     
    1703  -840.00     
    1704  -840.00     
    1705  -840.00     
    1706  -840.00     
    1707  -840.00     
    1708  -840.00     
    1709  -840.00     
    1710  -840.00     
    1711  -840.00     
    1712  -840.00     
    1713  -840.00     
    1714  -840.00     
    1715  -840.00     
    1716  -840.00     
 
  ***** POST1 NODAL DEGREE OF FREEDOM LISTING *****                            
 
  LOAD STEP=     1  SUBSTEP=     1                                             
   TIME=    1.0000      LOAD CASE=   0                                         
 
    NODE       VOLT  
    1717  -840.00     
    1718  -840.00     
    1719  -840.00     
    1720  -840.00     
    1721  -840.00     
    1722  -840.00     
    1723  -840.00     
    1724  -840.00     
    1725  -840.00     
    1726  -840.00     
    1727  -840.00     
    1728  -840.00     
    1729  -840.00     
    1730  -840.00     
    1731  -840.00     
    1732  -840.00     
    1733  -840.00     
    1734  -840.00     
    1735  -840.00     
    1736  -840.00     
    1737  -840.00     
    1738  -840.00     
    1739  -840.00     
    1740  -840.00     
    1741  -840.00     
    1742  -840.00     
    1743  -840.00     
    1744  -840.00     
    1745  -840.00     
    1746  -840.00     
    1747  -840.00     
    1748  -840.00     
    1749  -840.00     
    1750  -840.00     
    1751  -840.00     
    1752  -840.00     
    1753  -840.00     
    1754  -840.00     
    1755  -840.00     
 
  ***** POST1 NODAL DEGREE OF FREEDOM LISTING *****                            
 
  LOAD STEP=     1  SUBSTEP=     1                                             
   TIME=    1.0000      LOAD CASE=   0                                         
 
    NODE       VOLT  
    1756  -840.00     
    1757  -840.00     
    1758  -840.00     
    1759  -840.00     
    1760  -840.00     
    1761  -840.00     
    1762  -840.00     
    1763  -840.00     
    1764  -840.00     
    1765  -840.00     
    1766  -840.00     
    1767  -840.00     
    1768  -840.00     
    1769  -840.00     
    1770  -840.00     
    1771  -840.00     
    1772  -840.00     
    1773  -840.00     
    1774  -840.00     
    1775  -840.00     
    1776  -840.00     
    1777  -840.00     
    1778  -840.00     
    1779  -840.00     
    1780  -840.00     
    1781  -840.00     
    1782  -840.00     
    1783  -840.00     
    1784  -840.00     
    1785  -840.00     
    1786  -840.00     
    1787  -840.00     
    1788  -840.00     
    1789  -840.00     
    1790  -840.00     
    1791  -840.00     
    1792  -840.00     
    1793  -840.00     
    1794  -840.00     
 
  ***** POST1 NODAL DEGREE OF FREEDOM LISTING *****                            
 
  LOAD STEP=     1  SUBSTEP=     1                                             
   TIME=    1.0000      LOAD CASE=   0                                         
 
    NODE       VOLT  
    1795  -840.00     
    1796  -840.00     
    1797  -840.00     
    1798  -840.00     
    1799  -840.00     
    1800  -840.00     
    1801  -840.00     
    1802  -840.00     
    1803  -840.00     
    1804  -840.00     
    1805  -840.00     
    1806  -840.00     
    1807  -840.00     
    1808  -840.00     
    1809  -840.00     
    1810  -840.00     
    1811  -840.00     
    1812  -840.00     
    1813  -840.00     
    1814  -840.00     
    1815  -840.00     
    1816  -840.00     
    1817  -840.00     
    1818  -840.00     
    1819  -840.00     
    1820  -840.00     
    1821  -840.00     
    1822  -840.00     
    1823  -840.00     
    1824  -840.00     
    1825  -840.00     
    1826  -840.00     
    1827  -840.00     
    1828  -840.00     
    1829  -840.00     
    1830  -840.00     
    1831  -840.00     
    1832  -840.00     
    1833  -840.00     
 
  ***** POST1 NODAL DEGREE OF FREEDOM LISTING *****                            
 
  LOAD STEP=     1  SUBSTEP=     1                                             
   TIME=    1.0000      LOAD CASE=   0                                         
 
    NODE       VOLT  
    1834  -840.00     
    1835  -840.00     
    1836  -840.00     
    1837  -840.00     
    1838  -840.00     
    1839  -840.00     
    1840  -840.00     
    1841  -840.00     
    1842  -840.00     
    1843  -840.00     
    1844  -840.00     
    1845  -840.00     
    1846  -840.00     
    1847  -840.00     
    1848  -840.00     
    1849  -840.00     
    1850  -840.00     
    1851  -840.00     
    1852  -840.00     
    1853  -840.00     
    1854  -840.00     
    1855  -840.00     
    1856  -840.00     
    1857  -840.00     
    1858  -840.00     
    1859  -840.00     
    1860  -840.00     
    1861  -840.00     
    1862  -840.00     
    1863  -840.00     
    1864  -840.00     
    1865  -840.00     
    1866  -840.00     
    1867  -840.00     
    1868  -840.00     
    1869  -840.00     
    1870  -840.00     
    1871  -840.00     
    1872  -840.00     
 
  ***** POST1 NODAL DEGREE OF FREEDOM LISTING *****                            
 
  LOAD STEP=     1  SUBSTEP=     1                                             
   TIME=    1.0000      LOAD CASE=   0                                         
 
    NODE       VOLT  
    1873  -840.00     
    1874  -840.00     
    1875  -840.00     
    1876  -840.00     
    1877  -840.00     
    1878  -840.00     
    1879  -840.00     
    1880  -840.00     
    1881  -840.00     
    1882  -840.00     
    1883  -840.00     
    1884  -840.00     
    1885  -840.00     
    1886  -840.00     
    1887  -840.00     
    1888  -840.00     
    1889  -840.00     
    1890  -840.00     
    1891  -840.00     
    1892  -840.00     
    1893  -840.00     
    1894  -840.00     
    1895  -840.00     
    1896  -840.00     
    1897  -840.00     
    1898  -840.00     
    1899  -840.00     
    1900  -840.00     
    1901  -840.00     
    1902  -840.00     
    1903  -840.00     
    1904  -840.00     
    1905  -840.00     
    1906  -840.00     
    1907  -840.00     
    1908  -840.00     
    1909  -840.00     
    1910  -840.00     
    1911  -840.00     
 
  ***** POST1 NODAL DEGREE OF FREEDOM LISTING *****                            
 
  LOAD STEP=     1  SUBSTEP=     1                                             
   TIME=    1.0000      LOAD CASE=   0                                         
 
    NODE       VOLT  
    1912  -840.00     
    1913  -840.00     
    1914  -840.00     
    1915  -840.00     
    1916  -840.00     
    1917  -840.00     
    1918  -840.00     
    1919  -840.00     
    1920  -840.00     
    1921  -840.00     
    1922  -840.00     
    1923  -840.00     
    1924  -840.00     
    1925  -840.00     
    1926  -840.00     
    1927  -840.00     
    1928  -840.00     
    1929  -840.00     
    1930  -840.00     
    1931  -840.00     
    1932  -840.00     
    1933  -840.00     
    1934  -840.00     
    1935  -840.00     
    1936  -840.00     
    1937  -840.00     
    1938  -840.00     
    1939  -840.00     
    1940  -840.00     
    1941  -840.00     
    1942  -840.00     
    1943  -840.00     
    1944  -840.00     
    1945  -840.00     
    1946  -840.00     
    1947  -840.00     
    1948  -840.00     
    1949  -840.00     
    1950  -840.00     
 
  ***** POST1 NODAL DEGREE OF FREEDOM LISTING *****                            
 
  LOAD STEP=     1  SUBSTEP=     1                                             
   TIME=    1.0000      LOAD CASE=   0                                         
 
    NODE       VOLT  
    1951  -840.00     
    1952  -840.00     
    1953  -840.00     
    1954  -840.00     
    1955  -840.00     
    1956  -840.00     
    1957  -840.00     
    1958  -840.00     
    1959  -840.00     
    1960  -840.00     
    1961  -840.00     
    1962  -840.00     
    1963  -840.00     
    1964  -840.00     
    1965  -840.00     
    1966  -840.00     
    1967  -840.00     
    1968  -840.00     
    1969  -840.00     
    1970  -840.00     
    1971  -840.00     
    1972  -816.01     
    1973  -816.03     
    1974  -807.68     
    1975  -807.79     
    1976  -825.45     
    1977  -824.35     
    1978  -807.52     
    1979  -825.33     
    1980  -807.93     
    1981  -824.26     
    1982  -815.28     
    1983  -815.56     
    1984  -815.19     
    1985  -816.37     
    1986  -816.03     
    1987  -817.75     
    1988  -817.61     
    1989  -815.95     
 
  ***** POST1 NODAL DEGREE OF FREEDOM LISTING *****                            
 
  LOAD STEP=     1  SUBSTEP=     1                                             
   TIME=    1.0000      LOAD CASE=   0                                         
 
    NODE       VOLT  
    1990  -816.93     
    1991  -815.31     
    1992  -816.31     
    1993  -814.66     
    1994  -815.82     
    1995  -812.30     
    1996  -813.67     
    1997  -815.65     
    1998  -814.22     
    1999  -814.31     
    2000  -710.26     
    2001  -708.26     
    2002  -728.02     
    2003  -751.14     
    2004  -766.98     
    2005  -791.20     
    2006  -691.89     
    2007  -706.13     
    2008  -775.19     
    2009  -786.62     
    2010  -796.38     
    2011  -783.75     
    2012  -796.22     
    2013  -691.35     
    2014  -696.09     
    2015  -678.63     
    2016  -678.48     
    2017  -707.81     
    2018  -678.90     
    2019  -696.55     
    2020  -678.88     
    2021  -731.06     
    2022  -728.89     
    2023  -745.88     
    2024  -727.47     
    2025  -711.04     
    2026  -711.25     
    2027  -711.85     
    2028  -712.05     
 
  ***** POST1 NODAL DEGREE OF FREEDOM LISTING *****                            
 
  LOAD STEP=     1  SUBSTEP=     1                                             
   TIME=    1.0000      LOAD CASE=   0                                         
 
    NODE       VOLT  
    2029  -713.67     
    2030  -748.95     
    2031  -748.67     
    2032  -749.65     
    2033  -749.47     
    2034  -754.07     
    2035  -773.05     
    2036  -747.76     
    2037  -712.69     
    2038  -741.28     
    2039  -760.26     
    2040  -772.23     
    2041  -694.41     
    2042  -694.88     
    2043  -694.21     
    2044  -773.15     
    2045  -769.39     
    2046  -769.84     
    2047  -772.51     
    2048  -780.89     
    2049  -785.73     
    2050  -751.91     
    2051  -742.62     
    2052  -773.66     
    2053  -680.78     
    2054  -680.88     
    2055  -680.91     
    2056  -681.01     
    2057  -681.48     
    2058  -681.38     
    2059  -680.69     
    2060  -680.46     
    2061  -791.26     
    2062  -792.70     
    2063  -787.65     
    2064  -788.10     
    2065  -788.26     
    2066  -787.78     
    2067  -788.63     
 
  ***** POST1 NODAL DEGREE OF FREEDOM LISTING *****                            
 
  LOAD STEP=     1  SUBSTEP=     1                                             
   TIME=    1.0000      LOAD CASE=   0                                         
 
    NODE       VOLT  
    2068  -787.51     
    2069  -790.20     
    2070  -790.87     
    2071  -795.87     
    2072  -795.84     
    2073  -795.40     
    2074  -794.58     
    2075  -735.37     
    2076  -715.10     
    2077  -778.44     
    2078  -760.51     
    2079  -713.23     
    2080  -733.69     
    2081  -752.87     
    2082  -770.67     
    2083  -761.86     
    2084  -724.15     
    2085  -777.64     
    2086  -727.34     
    2087  -786.27     
    2088  -786.53     
    2089  -775.54     
    2090  -770.27     
    2091  -770.27     
    2092  -769.62     
    2093  -693.68     
    2094  -695.53     
    2095  -694.99     
    2096  -694.58     
    2097  -759.23     
    2098  -733.38     
    2099  -729.98     
    2100  -728.79     
    2101  -689.79     
    2102  -689.44     
    2103  -787.79     
    2104  -524.63     
    2105  -577.11     
    2106  -761.39     
 
  ***** POST1 NODAL DEGREE OF FREEDOM LISTING *****                            
 
  LOAD STEP=     1  SUBSTEP=     1                                             
   TIME=    1.0000      LOAD CASE=   0                                         
 
    NODE       VOLT  
    2107  -765.59     
    2108  -582.20     
    2109  -682.55     
    2110  -672.78     
    2111  -767.53     
    2112  -763.22     
    2113  -801.46     
    2114  -538.18     
    2115  -580.87     
    2116  -583.72     
    2117  -799.22     
    2118  -820.47     
    2119  -796.56     
    2120  -820.52     
    2121  -543.19     
    2122  -544.92     
    2123  -521.02     
    2124  -520.98     
    2125  -676.86     
    2126  -644.41     
    2127  -634.85     
    2128  -644.09     
    2129  -616.49     
    2130  -611.92     
    2131  -609.78     
    2132  -572.94     
    2133  -730.41     
    2134  -700.75     
    2135  -701.99     
    2136  -735.66     
    2137  -714.82     
    2138  -766.62     
    2139  -659.80     
    2140  -590.23     
    2141  -737.50     
    2142  -547.55     
    2143  -793.39     
    2144  -628.61     
    2145  -607.58     
 
  ***** POST1 NODAL DEGREE OF FREEDOM LISTING *****                            
 
  LOAD STEP=     1  SUBSTEP=     1                                             
   TIME=    1.0000      LOAD CASE=   0                                         
 
    NODE       VOLT  
    2146  -661.72     
    2147  -680.40     
    2148  -720.76     
    2149  -700.66     
    2150  -575.29     
    2151  -555.59     
    2152  -784.29     
    2153  -764.86     
    2154  -522.12     
    2155  -522.62     
    2156  -522.30     
    2157  -525.67     
    2158  -818.82     
    2159  -818.65     
    2160  -818.34     
    2161  -814.39     
    2162  -529.23     
    2163  -527.33     
    2164  -812.77     
    2165  -809.47     
    2166  -785.76     
    2167  -554.27     
    2168  -797.23     
    2169  -544.63     
    2170  -694.54     
    2171  -623.30     
    2172  -736.25     
    2173  -734.25     
    2174  -668.13     
    2175  -601.07     
    2176  -619.48     
    2177  -542.00     
    2178  -800.98     
    2179  -630.28     
    2180  -565.80     
    2181  -576.47     
    2182  -600.07     
    2183  -548.22     
    2184  -632.10     
 
  ***** POST1 NODAL DEGREE OF FREEDOM LISTING *****                            
 
  LOAD STEP=     1  SUBSTEP=     1                                             
   TIME=    1.0000      LOAD CASE=   0                                         
 
    NODE       VOLT  
    2185  -552.91     
    2186  -634.49     
    2187  -649.23     
    2188  -661.26     
    2189  -643.81     
    2190  -661.33     
    2191  -648.21     
    2192  -642.98     
    2193  -660.66     
    2194  -660.78     
    2195  -564.14     
    2196  -555.68     
    2197  -542.74     
    2198  -543.11     
    2199  -608.36     
    2200  -609.60     
    2201  -598.20     
    2202  -591.36     
    2203  -590.62     
    2204  -587.63     
    2205  -583.66     
    2206  -587.76     
    2207  -591.86     
    2208  -568.47     
    2209  -568.47     
    2210  -580.14     
    2211  -628.27     
    2212  -625.70     
    2213  -625.41     
    2214  -629.74     
    2215  -629.14     
    2216  -612.47     
    2217  -592.61     
    2218  -615.56     
    2219  -630.89     
    2220  -567.15     
    2221  -570.67     
    2222  -566.05     
    2223  -566.08     
 
  ***** POST1 NODAL DEGREE OF FREEDOM LISTING *****                            
 
  LOAD STEP=     1  SUBSTEP=     1                                             
   TIME=    1.0000      LOAD CASE=   0                                         
 
    NODE       VOLT  
    2224  -562.16     
    2225  -554.55     
    2226  -645.65     
    2227  -645.07     
    2228  -646.48     
    2229  -588.19     
    2230  -597.39     
    2231  -632.67     
    2232  -547.86     
    2233  -548.50     
    2234  -551.54     
    2235  -551.66     
    2236  -551.65     
    2237  -550.74     
    2238  -547.79     
    2239  -547.93     
    2240  -551.13     
    2241  -550.96     
    2242  -544.40     
    2243  -544.11     
    2244  -544.35     
    2245  -544.04     
    2246  -659.11     
    2247  -659.30     
    2248  -658.38     
    2249  -658.55     
    2250  -658.59     
    2251  -658.51     
    2252  -659.60     
    2253  -659.40     
    2254  -579.25     
    2255  -561.59     
    2256  -624.82     
    2257  -604.67     
    2258  -568.75     
    2259  -586.46     
    2260  -606.59     
    2261  -627.00     
    2262  -616.87     
 
  ***** POST1 NODAL DEGREE OF FREEDOM LISTING *****                            
 
  LOAD STEP=     1  SUBSTEP=     1                                             
   TIME=    1.0000      LOAD CASE=   0                                         
 
    NODE       VOLT  
    2263  -577.21     
    2264  -612.93     
    2265  -562.18     
    2266  -647.20     
    2267  -644.94     
    2268  -644.35     
    2269  -646.09     
    2270  -554.39     
    2271  -554.41     
    2272  -569.61     
    2273  -562.14     
    2274  -569.14     
    2275  -570.90     
    2276  -613.22     
    2277  -610.77     
    2278  -604.74     
    2279  -582.45     
    2280  -551.35     
    2281  -649.74     
    2282  -650.77     
    2283  -523.93     
    2284  -692.72     
    2285  -629.06     
    2286  -765.52     
    2287  -697.93     
    2288  -772.04     
    2289  -628.16     
    2290  -644.66     
    2291  -731.74     
    2292  -527.42     
    2293  -537.58     
    2294  -707.28     
    2295  -799.22     
    2296  -541.92     
    2297  -811.45     
    2298  -527.44     
    2299  -682.98     
    2300  -605.57     
    2301  -606.77     
 
  ***** POST1 NODAL DEGREE OF FREEDOM LISTING *****                            
 
  LOAD STEP=     1  SUBSTEP=     1                                             
   TIME=    1.0000      LOAD CASE=   0                                         
 
    NODE       VOLT  
    2302  -696.79     
    2303  -639.08     
    2304  -612.24     
    2305  -610.82     
    2306  -599.10     
    2307  -598.77     
    2308  -658.99     
    2309  -637.45     
    2310  -635.98     
    2311  -669.39     
    2312  -670.12     
    2313  -669.73     
    2314  -741.33     
    2315  -736.08     
    2316  -699.16     
    2317  -642.80     
    2318  -613.54     
    2319  -719.95     
    2320  -617.07     
    2321  -570.42     
    2322  -573.90     
    2323  -568.28     
    2324  -580.32     
    2325  -572.53     
    2326  -634.19     
    2327  -727.33     
    2328  -665.37     
    2329  -671.21     
    2330  -677.13     
    2331  -709.97     
    2332  -703.52     
    2333  -719.45     
    2334  -714.96     
    2335  -715.18     
    2336  -747.88     
    2337  -725.40     
    2338  -753.69     
    2339  -727.50     
    2340  -731.40     
 
  ***** POST1 NODAL DEGREE OF FREEDOM LISTING *****                            
 
  LOAD STEP=     1  SUBSTEP=     1                                             
   TIME=    1.0000      LOAD CASE=   0                                         
 
    NODE       VOLT  
    2341  -755.80     
    2342  -727.88     
    2343  -754.52     
    2344  -725.51     
    2345  -730.48     
    2346  -752.13     
    2347  -759.52     
    2348  -777.52     
    2349  -787.52     
    2350  -754.61     
    2351  -584.26     
    2352  -551.35     
    2353  -629.04     
    2354  -649.04     
    2355  -668.32     
    2356  -687.45     
    2357  -771.93     
    2358  -775.25     
    2359  -772.23     
    2360  -771.71     
    2361  -778.66     
    2362  -778.25     
    2363  -774.56     
    2364  -774.75     
    2365  -777.06     
    2366  -777.18     
    2367  -773.20     
    2368  -792.73     
    2369  -799.14     
    2370  -796.32     
    2371  -797.23     
    2372  -797.44     
    2373  -797.14     
    2374  -785.66     
    2375  -798.24     
    2376  -559.45     
    2377  -578.76     
    2378  -762.23     
    2379  -781.84     
 
  ***** POST1 NODAL DEGREE OF FREEDOM LISTING *****                            
 
  LOAD STEP=     1  SUBSTEP=     1                                             
   TIME=    1.0000      LOAD CASE=   0                                         
 
    NODE       VOLT  
    2380  -527.43     
    2381  -527.42     
    2382  -543.06     
    2383  -543.03     
    2384  -530.94     
    2385  -530.93     
    2386  -530.93     
    2387  -537.40     
    2388  -537.43     
    2389  -537.49     
    2390  -543.25     
    2391  -543.84     
    2392  -529.62     
    2393  -811.47     
    2394  -811.46     
    2395  -821.24     
    2396  -821.23     
    2397  -817.90     
    2398  -817.89     
    2399  -818.41     
    2400  -818.40     
    2401  -818.81     
    2402  -818.81     
    2403  -818.61     
    2404  -818.62     
    2405  -818.48     
    2406  -818.52     
    2407  -819.62     
    2408  -819.72     
    2409  -805.30     
    2410  -805.80     
    2411  -811.62     
    2412  -531.68     
    2413  -535.40     
    2414  -806.23     
    2415  -809.64     
    2416  -780.23     
    2417  -562.33     
    2418  -771.68     
 
  ***** POST1 NODAL DEGREE OF FREEDOM LISTING *****                            
 
  LOAD STEP=     1  SUBSTEP=     1                                             
   TIME=    1.0000      LOAD CASE=   0                                         
 
    NODE       VOLT  
    2419  -799.42     
    2420  -797.02     
    2421  -797.25     
    2422  -797.62     
    2423  -796.82     
    2424  -795.80     
    2425  -802.49     
    2426  -782.98     
    2427  -586.28     
    2428  -574.82     
    2429  -561.83     
    2430  -585.98     
    2431  -554.82     
    2432  -747.10     
    2433  -757.13     
    2434  -751.89     
    2435  -759.71     
    2436  -747.66     
    2437  -748.09     
    2438  -666.54     
    2439  -703.88     
    2440  -703.14     
    2441  -682.31     
    2442  -691.96     
    2443  -671.98     
    2444  -638.61     
    2445  -701.27     
    2446  -636.33     
    2447  -635.65     
    2448  -532.94     
    2449  -515.08     
    2450  -532.08     
    2451  -515.78     
    2452  -533.08     
    2453  -532.53     
    2454  -518.24     
    2455  -515.86     
    2456  -524.49     
    2457  -525.98     
 
  ***** POST1 NODAL DEGREE OF FREEDOM LISTING *****                            
 
  LOAD STEP=     1  SUBSTEP=     1                                             
   TIME=    1.0000      LOAD CASE=   0                                         
 
    NODE       VOLT  
    2458  -527.83     
    2459  -526.42     
    2460  -523.84     
    2461  -522.30     
    2462  -524.13     
    2463  -522.95     
    2464  -523.74     
    2465  -524.43     
    2466  -526.83     
    2467  -523.92     
    2468  -527.30     
    2469  -524.49     
    2470  -526.79     
    2471  -526.84     
    2472  -526.88     
    2473  -526.36     
    2474  -500.00     
    2475  -500.00     
    2476  -500.00     
    2477  -500.00     
    2478  -500.00     
    2479  -500.00     
    2480  -500.00     
    2481  -500.00     
    2482  -500.00     
    2483  -500.00     
    2484  -500.00     
    2485  -500.00     
    2486  -500.00     
    2487  -500.00     
    2488  -500.00     
    2489  -500.00     
    2490  -500.00     
    2491  -500.00     
    2492  -500.00     
    2493  -500.00     
    2494  -500.00     
    2495  -500.00     
    2496  -500.00     
 
  ***** POST1 NODAL DEGREE OF FREEDOM LISTING *****                            
 
  LOAD STEP=     1  SUBSTEP=     1                                             
   TIME=    1.0000      LOAD CASE=   0                                         
 
    NODE       VOLT  
    2497  -500.00     
    2498  -500.00     
    2499  -500.00     
    2500  -500.00     
    2501  -500.00     
    2502  -500.00     
    2503  -500.00     
    2504  -500.00     
    2505  -500.00     
    2506  -500.00     
    2507  -500.00     
    2508  -500.00     
    2509  -500.00     
    2510  -500.00     
    2511  -500.00     
    2512  -500.00     
    2513  -500.00     
    2514  -500.00     
    2515  -500.00     
    2516  -500.00     
    2517  -500.00     
    2518  -500.00     
    2519  -500.00     
    2520  -500.00     
    2521  -500.00     
    2522  -500.00     
    2523  -500.00     
    2524  -500.00     
    2525  -500.00     
    2526  -500.00     
    2527  -500.00     
    2528  -500.00     
    2529  -500.00     
    2530  -500.00     
    2531  -500.00     
    2532  -500.00     
    2533  -500.00     
    2534  -500.00     
    2535  -500.00     
 
  ***** POST1 NODAL DEGREE OF FREEDOM LISTING *****                            
 
  LOAD STEP=     1  SUBSTEP=     1                                             
   TIME=    1.0000      LOAD CASE=   0                                         
 
    NODE       VOLT  
    2536  -500.00     
    2537  -500.00     
    2538  -500.00     
    2539  -500.00     
    2540  -500.00     
    2541  -500.00     
    2542  -500.00     
    2543  -500.00     
    2544  -500.00     
    2545  -500.00     
    2546  -500.00     
    2547  -500.00     
    2548  -500.00     
    2549  -500.00     
    2550  -500.00     
    2551  -500.00     
    2552  -500.00     
    2553  -500.00     
    2554  -500.00     
    2555  -500.00     
    2556  -500.00     
    2557  -500.00     
    2558  -500.00     
    2559  -500.00     
    2560  -500.00     
    2561  -500.00     
    2562  -500.00     
    2563  -500.00     
    2564  -500.00     
    2565  -500.00     
    2566  -500.00     
    2567  -500.00     
    2568  -500.00     
    2569  -500.00     
    2570  -500.00     
    2571  -500.00     
    2572  -500.00     
    2573  -500.00     
    2574  -500.00     
 
  ***** POST1 NODAL DEGREE OF FREEDOM LISTING *****                            
 
  LOAD STEP=     1  SUBSTEP=     1                                             
   TIME=    1.0000      LOAD CASE=   0                                         
 
    NODE       VOLT  
    2575  -500.00     
    2576  -500.00     
    2577  -500.00     
    2578  -500.00     
    2579  -500.00     
    2580  -500.00     
    2581  -500.00     
    2582  -500.00     
    2583  -500.00     
    2584  -500.00     
    2585  -500.00     
    2586  -500.00     
    2587  -500.00     
    2588  -500.00     
    2589  -500.00     
    2590  -500.00     
    2591  -500.00     
    2592  -500.00     
    2593  -500.00     
    2594  -500.00     
    2595  -500.00     
    2596  -500.00     
    2597  -500.00     
    2598  -500.00     
    2599  -500.00     
    2600  -500.00     
    2601  -500.00     
    2602  -500.00     
    2603  -500.00     
    2604  -500.00     
    2605  -500.00     
    2606  -500.00     
    2607  -500.00     
    2608  -500.00     
    2609  -500.00     
    2610  -500.00     
    2611  -500.00     
    2612  -500.00     
    2613  -500.00     
 
  ***** POST1 NODAL DEGREE OF FREEDOM LISTING *****                            
 
  LOAD STEP=     1  SUBSTEP=     1                                             
   TIME=    1.0000      LOAD CASE=   0                                         
 
    NODE       VOLT  
    2614  -500.00     
    2615  -500.00     
    2616  -500.00     
    2617  -500.00     
    2618  -500.00     
    2619  -500.00     
    2620  -500.00     
    2621  -500.00     
    2622  -500.00     
    2623  -500.00     
    2624  -500.00     
    2625  -500.00     
    2626  -500.00     
    2627  -500.00     
    2628  -500.00     
    2629  -500.00     
    2630  -500.00     
    2631  -500.00     
    2632  -500.00     
    2633  -500.00     
    2634  -500.00     
    2635  -500.00     
    2636  -500.00     
    2637  -500.00     
    2638  -500.00     
    2639  -500.00     
    2640  -500.00     
    2641  -500.00     
    2642  -500.00     
    2643  -500.00     
    2644  -500.00     
    2645  -500.00     
    2646  -500.00     
    2647  -500.00     
    2648  -500.00     
    2649  -500.00     
    2650  -500.00     
    2651  -500.00     
    2652  -500.00     
 
  ***** POST1 NODAL DEGREE OF FREEDOM LISTING *****                            
 
  LOAD STEP=     1  SUBSTEP=     1                                             
   TIME=    1.0000      LOAD CASE=   0                                         
 
    NODE       VOLT  
    2653  -500.00     
    2654  -500.00     
    2655  -500.00     
    2656  -500.00     
    2657  -500.00     
    2658  -500.00     
    2659  -500.00     
    2660  -500.00     
    2661  -500.00     
    2662  -500.00     
    2663  -500.00     
    2664  -500.00     
    2665  -500.00     
    2666  -500.00     
    2667  -500.00     
    2668  -500.00     
    2669  -500.00     
    2670  -500.00     
    2671  -500.00     
    2672  -500.00     
    2673  -500.00     
    2674  -500.00     
    2675  -500.00     
    2676  -500.00     
    2677  -500.00     
    2678  -500.00     
    2679  -500.00     
    2680  -500.00     
    2681  -500.00     
    2682  -500.00     
    2683  -500.00     
    2684  -500.00     
    2685  -500.00     
    2686  -500.00     
    2687  -500.00     
    2688  -500.00     
    2689  -500.00     
    2690  -500.00     
    2691  -500.00     
 
  ***** POST1 NODAL DEGREE OF FREEDOM LISTING *****                            
 
  LOAD STEP=     1  SUBSTEP=     1                                             
   TIME=    1.0000      LOAD CASE=   0                                         
 
    NODE       VOLT  
    2692  -500.00     
    2693  -500.00     
    2694  -500.00     
    2695  -500.00     
    2696  -500.00     
    2697  -500.00     
    2698  -500.00     
    2699  -500.00     
    2700  -500.00     
    2701  -500.00     
    2702  -500.00     
    2703  -500.00     
    2704  -500.00     
    2705  -500.00     
    2706  -500.00     
    2707  -500.00     
    2708  -500.00     
    2709  -500.00     
    2710  -500.00     
    2711  -500.00     
    2712  -500.00     
    2713  -500.00     
    2714  -500.00     
    2715  -500.00     
    2716  -500.00     
    2717  -500.00     
    2718  -500.00     
    2719  -500.00     
    2720  -500.00     
    2721  -500.00     
    2722  -500.00     
    2723  -500.00     
    2724  -500.00     
    2725  -500.00     
    2726  -500.00     
    2727  -500.00     
    2728  -500.00     
    2729  -500.00     
    2730  -500.00     
 
  ***** POST1 NODAL DEGREE OF FREEDOM LISTING *****                            
 
  LOAD STEP=     1  SUBSTEP=     1                                             
   TIME=    1.0000      LOAD CASE=   0                                         
 
    NODE       VOLT  
    2731  -500.00     
    2732  -500.00     
    2733  -500.00     
    2734  -500.00     
    2735  -500.00     
    2736  -500.00     
    2737  -500.00     
    2738  -500.00     
    2739  -500.00     
    2740  -500.00     
    2741  -500.00     
    2742  -500.00     
    2743  -500.00     
    2744  -500.00     
    2745  -500.00     
    2746  -500.00     
    2747  -500.00     
    2748  -500.00     
    2749  -500.00     
    2750  -500.00     
    2751  -500.00     
    2752  -500.00     
    2753  -500.00     
    2754  -500.00     
    2755  -500.00     
    2756  -500.00     
    2757  -500.00     
    2758  -500.00     
    2759  -500.00     
    2760  -500.00     
    2761  -500.00     
    2762  -500.00     
    2763  -500.00     
    2764  -500.00     
    2765  -500.00     
    2766  -500.00     
    2767  -500.00     
    2768  -500.00     
    2769  -500.00     
 
  ***** POST1 NODAL DEGREE OF FREEDOM LISTING *****                            
 
  LOAD STEP=     1  SUBSTEP=     1                                             
   TIME=    1.0000      LOAD CASE=   0                                         
 
    NODE       VOLT  
    2770  -500.00     
    2771  -500.00     
    2772  -500.00     
    2773  -500.00     
    2774  -500.00     
    2775  -500.00     
    2776  -500.00     
    2777  -500.00     
    2778  -500.00     
    2779  -500.00     
    2780  -500.00     
    2781  -500.00     
    2782  -500.00     
    2783  -500.00     
    2784  -500.00     
    2785  -500.00     
    2786  -500.00     
    2787  -500.00     
    2788  -500.00     
    2789  -500.00     
    2790  -500.00     
    2791  -500.00     
    2792  -500.00     
    2793  -500.00     
    2794  -500.00     
    2795  -500.00     
    2796  -500.00     
    2797  -500.00     
    2798  -500.00     
    2799  -500.00     
    2800  -500.00     
    2801  -500.00     
    2802  -500.00     
    2803  -500.00     
    2804  -500.00     
    2805  -500.00     
    2806  -500.00     
    2807  -500.00     
    2808  -500.00     
 
  ***** POST1 NODAL DEGREE OF FREEDOM LISTING *****                            
 
  LOAD STEP=     1  SUBSTEP=     1                                             
   TIME=    1.0000      LOAD CASE=   0                                         
 
    NODE       VOLT  
    2809  -500.00     
    2810  -500.00     
    2811  -500.00     
    2812  -500.00     
    2813  -500.00     
    2814  -500.00     
    2815  -500.00     
    2816  -500.00     
    2817  -500.00     
    2818  -500.00     
    2819  -500.00     
    2820  -500.00     
    2821  -500.00     
    2822  -500.00     
    2823  -500.00     
    2824  -500.00     
    2825  -500.00     
    2826  -500.00     
    2827  -500.00     
    2828  -500.00     
    2829  -500.00     
    2830  -500.00     
    2831  -500.00     
    2832  -500.00     
    2833  -500.00     
    2834  -500.00     
    2835  -500.00     
    2836  -500.00     
    2837  -500.00     
    2838  -500.00     
    2839  -500.00     
    2840  -500.00     
    2841  -500.00     
    2842  -500.00     
    2843  -500.00     
    2844  -500.00     
    2845  -500.00     
    2846  -500.00     
    2847  -500.00     
 
  ***** POST1 NODAL DEGREE OF FREEDOM LISTING *****                            
 
  LOAD STEP=     1  SUBSTEP=     1                                             
   TIME=    1.0000      LOAD CASE=   0                                         
 
    NODE       VOLT  
    2848  -500.00     
    2849  -500.00     
    2850  -500.00     
    2851  -500.00     
    2852  -500.00     
    2853  -500.00     
    2854  -500.00     
    2855  -500.00     
    2856  -500.00     
    2857  -500.00     
    2858  -500.00     
    2859  -500.00     
    2860  -500.00     
    2861  -500.00     
    2862  -500.00     
    2863  -500.00     
    2864  -500.00     
    2865  -500.00     
    2866  -500.00     
    2867  -500.00     
    2868  -500.00     
    2869  -500.00     
    2870  -500.00     
    2871  -500.00     
    2872  -500.00     
    2873  -500.00     
    2874  -500.00     
    2875  -500.00     
    2876  -500.00     
    2877  -500.00     
    2878  -500.00     
    2879  -500.00     
    2880  -500.00     
    2881  -500.00     
    2882  -500.00     
    2883  -500.00     
    2884  -500.00     
    2885  -500.00     
    2886  -500.00     
 
  ***** POST1 NODAL DEGREE OF FREEDOM LISTING *****                            
 
  LOAD STEP=     1  SUBSTEP=     1                                             
   TIME=    1.0000      LOAD CASE=   0                                         
 
    NODE       VOLT  
    2887  -500.00     
    2888  -500.00     
    2889  -500.00     
    2890  -500.00     
    2891  -500.00     
    2892  -500.00     
    2893  -500.00     
    2894  -500.00     
    2895  -500.00     
    2896  -500.00     
    2897  -500.00     
    2898  -500.00     
    2899  -500.00     
    2900  -500.00     
    2901  -500.00     
    2902  -500.00     
    2903  -500.00     
    2904  -500.00     
    2905  -500.00     
    2906  -500.00     
    2907  -500.00     
    2908  -500.00     
    2909  -500.00     
    2910  -500.00     
    2911  -500.00     
    2912  -500.00     
    2913  -500.00     
    2914  -500.00     
    2915  -500.00     
    2916  -500.00     
    2917  -500.00     
    2918  -500.00     
    2919  -500.00     
    2920  -500.00     
    2921  -500.00     
    2922  -500.00     
    2923  -500.00     
    2924  -500.00     
    2925  -500.00     
 
  ***** POST1 NODAL DEGREE OF FREEDOM LISTING *****                            
 
  LOAD STEP=     1  SUBSTEP=     1                                             
   TIME=    1.0000      LOAD CASE=   0                                         
 
    NODE       VOLT  
    2926  -500.00     
    2927  -500.00     
    2928  -500.00     
    2929  -500.00     
    2930  -500.00     
    2931  -500.00     
    2932  -500.00     
    2933  -500.00     
    2934  -500.00     
    2935  -500.00     
    2936  -500.00     
    2937  -500.00     
    2938  -500.00     
    2939  -500.00     
    2940  -500.00     
    2941  -500.00     
    2942  -500.00     
    2943  -500.00     
    2944  -500.00     
    2945  -500.00     
    2946  -500.00     
    2947  -500.00     
    2948  -500.00     
    2949  -500.00     
    2950  -500.00     
    2951  -500.00     
    2952  -500.00     
    2953  -500.00     
    2954  -500.00     
    2955  -500.00     
    2956  -500.00     
    2957  -500.00     
    2958  -500.00     
    2959  -500.00     
    2960  -500.00     
    2961  -500.00     
    2962  -500.00     
    2963  -500.00     
    2964  -500.00     
 
  ***** POST1 NODAL DEGREE OF FREEDOM LISTING *****                            
 
  LOAD STEP=     1  SUBSTEP=     1                                             
   TIME=    1.0000      LOAD CASE=   0                                         
 
    NODE       VOLT  
    2965  -500.00     
    2966  -500.00     
    2967  -500.00     
    2968  -500.00     
    2969  -500.00     
    2970  -500.00     
    2971  -500.00     
    2972  -500.00     
    2973  -500.00     
    2974  -500.00     
    2975  -500.00     
    2976  -500.00     
    2977  -500.00     
    2978  -500.00     
    2979  -500.00     
    2980  -500.00     
    2981  -500.00     
    2982  -500.00     
    2983  -500.00     
    2984  -500.00     
    2985  -500.00     
    2986  -500.00     
    2987  -500.00     
    2988  -500.00     
    2989  -500.00     
    2990  -500.00     
    2991  -500.00     
    2992  -500.00     
    2993  -500.00     
    2994  -500.00     
    2995  -500.00     
    2996  -500.00     
    2997  -500.00     
    2998  -500.00     
    2999  -500.00     
    3000  -500.00     
    3001  -500.00     
    3002  -500.00     
    3003  -500.00     
 
  ***** POST1 NODAL DEGREE OF FREEDOM LISTING *****                            
 
  LOAD STEP=     1  SUBSTEP=     1                                             
   TIME=    1.0000      LOAD CASE=   0                                         
 
    NODE       VOLT  
    3004  -500.00     
    3005  -500.00     
    3006  -500.00     
    3007  -500.00     
    3008  -500.00     
    3009  -532.51     
    3010  -514.23     
    3011  -531.78     
    3012  -515.33     
    3013  -532.30     
    3014  -531.72     
    3015  -514.59     
    3016  -515.61     
    3017  -522.68     
    3018  -524.92     
    3019  -524.47     
    3020  -526.67     
    3021  -524.52     
    3022  -522.95     
    3023  -525.86     
    3024  -522.65     
    3025  -523.69     
    3026  -524.30     
    3027  -525.41     
    3028  -523.59     
    3029  -524.93     
    3030  -523.56     
    3031  -525.84     
    3032  -526.21     
    3033  -525.58     
    3034  -525.24     
    3035  -807.89     
    3036  -825.52     
    3037  -807.80     
    3038  -824.22     
    3039  -808.73     
    3040  -808.66     
    3041  -826.36     
    3042  -825.03     
 
  ***** POST1 NODAL DEGREE OF FREEDOM LISTING *****                            
 
  LOAD STEP=     1  SUBSTEP=     1                                             
   TIME=    1.0000      LOAD CASE=   0                                         
 
    NODE       VOLT  
    3043  -816.93     
    3044  -816.22     
    3045  -814.00     
    3046  -814.50     
    3047  -815.58     
    3048  -814.64     
    3049  -816.29     
    3050  -815.17     
    3051  -813.81     
    3052  -812.98     
    3053  -816.13     
    3054  -814.20     
    3055  -816.20     
    3056  -815.13     
    3057  -815.55     
    3058  -816.65     
    3059  -815.47     
    3060  -814.16     
    3061  -803.02     
    3062  -795.58     
    3063  -814.29     
    3064  -810.99     
    3065  -743.20     
    3066  -777.33     
    3067  -766.91     
    3068  -546.57     
    3069  -550.67     
    3070  -817.42     
    3071  -598.91     
    3072  -549.90     
    3073  -621.15     
    3074  -577.93     
    3075  -561.58     
    3076  -552.68     
    3077  -584.71     
    3078  -611.87     
    3079  -569.12     
    3080  -532.65     
    3081  -606.35     
 
  ***** POST1 NODAL DEGREE OF FREEDOM LISTING *****                            
 
  LOAD STEP=     1  SUBSTEP=     1                                             
   TIME=    1.0000      LOAD CASE=   0                                         
 
    NODE       VOLT  
    3082  -558.96     
    3083  -701.45     
    3084  -671.88     
    3085  -648.24     
    3086  -629.18     
    3087  -715.98     
    3088  -700.28     
    3089  -689.21     
    3090  -762.27     
    3091  -793.12     
    3092  -699.11     
    3093  -794.72     
    3094  -763.02     
    3095  -752.72     
    3096  -684.91     
    3097  -708.70     
    3098  -742.08     
    3099  -798.92     
    3100  -725.63     
    3101  -784.39     
    3102  -812.29     
    3103  -812.00     
    3104  -779.31     
    3105  -797.14     
    3106  -652.44     
    3107  -586.40     
    3108  -606.10     
    3109  -660.35     
    3110  -582.14     
    3111  -537.21     
    3112  -572.43     
    3113  -599.48     
    3114  -603.31     
    3115  -545.58     
    3116  -543.27     
    3117  -554.98     
    3118  -602.87     
    3119  -547.61     
    3120  -638.67     
 
  ***** POST1 NODAL DEGREE OF FREEDOM LISTING *****                            
 
  LOAD STEP=     1  SUBSTEP=     1                                             
   TIME=    1.0000      LOAD CASE=   0                                         
 
    NODE       VOLT  
    3121  -536.37     
    3122  -574.81     
    3123  -536.50     
    3124  -737.26     
    3125  -755.43     
    3126  -786.91     
    3127  -669.95     
    3128  -726.84     
    3129  -789.53     
    3130  -802.14     
    3131  -793.40     
    3132  -762.14     
    3133  -792.92     
    3134  -555.85     
    3135  -721.36     
    3136  -715.42     
    3137  -545.99     
    3138  -546.83     
    3139  -577.13     
    3140  -667.03     
    3141  -631.76     
    3142  -693.83     
    3143  -698.94     
    3144  -748.00     
    3145  -769.14     
    3146  -724.66     
    3147  -676.97     
    3148  -539.89     
    3149  -549.93     
    3150  -583.84     
    3151  -546.72     
    3152  -592.41     
    3153  -614.54     
    3154  -587.71     
    3155  -547.53     
    3156  -549.55     
    3157  -547.64     
    3158  -545.89     
    3159  -798.77     
 
  ***** POST1 NODAL DEGREE OF FREEDOM LISTING *****                            
 
  LOAD STEP=     1  SUBSTEP=     1                                             
   TIME=    1.0000      LOAD CASE=   0                                         
 
    NODE       VOLT  
    3160  -801.37     
    3161  -791.91     
    3162  -559.79     
    3163  -540.57     
    3164  -673.70     
    3165  -625.18     
    3166  -584.44     
    3167  -579.78     
    3168  -590.94     
    3169  -543.42     
    3170  -649.93     
    3171  -617.58     
    3172  -657.97     
    3173  -625.99     
    3174  -630.13     
    3175  -611.05     
    3176  -588.93     
    3177  -681.45     
    3178  -688.59     
    3179  -553.12     
    3180  -600.81     
    3181  -547.35     
    3182  -541.67     
    3183  -708.32     
    3184  -652.62     
    3185  -582.32     
    3186  -745.62     
    3187  -798.30     
    3188  -765.71     
    3189  -720.86     
    3190  -680.77     
    3191  -711.52     
    3192  -715.79     
    3193  -753.55     
    3194  -546.70     
    3195  -599.73     
    3196  -691.91     
    3197  -656.42     
    3198  -644.02     
 
  ***** POST1 NODAL DEGREE OF FREEDOM LISTING *****                            
 
  LOAD STEP=     1  SUBSTEP=     1                                             
   TIME=    1.0000      LOAD CASE=   0                                         
 
    NODE       VOLT  
    3199  -656.87     
    3200  -642.93     
    3201  -686.09     
    3202  -627.09     
    3203  -562.13     
    3204  -642.58     
    3205  -655.85     
    3206  -615.10     
    3207  -646.21     
    3208  -672.59     
    3209  -659.29     
    3210  -599.12     
    3211  -618.79     
    3212  -700.70     
    3213  -669.96     
    3214  -651.26     
    3215  -666.00     
    3216  -666.46     
    3217  -670.21     
    3218  -677.70     
    3219  -710.85     
    3220  -718.32     
    3221  -619.92     
    3222  -625.89     
    3223  -611.98     
    3224  -626.69     
    3225  -685.56     
    3226  -684.53     
    3227  -724.99     
    3228  -726.24     
    3229  -787.04     
    3230  -781.51     
    3231  -768.15     
    3232  -764.69     
    3233  -574.04     
    3234  -537.41     
    3235  -620.73     
    3236  -661.53     
    3237  -612.43     
 
  ***** POST1 NODAL DEGREE OF FREEDOM LISTING *****                            
 
  LOAD STEP=     1  SUBSTEP=     1                                             
   TIME=    1.0000      LOAD CASE=   0                                         
 
    NODE       VOLT  
    3238  -655.99     
    3239  -695.68     
    3240  -534.17     
    3241  -521.03     
    3242  -558.99     
    3243  -573.55     
    3244  -658.89     
    3245  -608.97     
    3246  -808.13     
    3247  -725.43     
    3248  -701.02     
    3249  -806.47     
    3250  -762.00     
    3251  -787.33     
    3252  -792.62     
    3253  -788.65     
    3254  -532.09     
    3255  -536.55     
    3256  -598.13     
    3257  -566.23     
    3258  -572.13     
    3259  -618.20     
    3260  -551.80     
    3261  -613.27     
    3262  -552.55     
    3263  -757.97     
    3264  -793.82     
    3265  -813.49     
    3266  -603.53     
    3267  -538.08     
    3268  -643.31     
    3269  -777.81     
    3270  -752.75     
    3271  -791.23     
    3272  -718.65     
    3273  -657.50     
    3274  -613.80     
    3275  -647.35     
    3276  -535.90     
 
  ***** POST1 NODAL DEGREE OF FREEDOM LISTING *****                            
 
  LOAD STEP=     1  SUBSTEP=     1                                             
   TIME=    1.0000      LOAD CASE=   0                                         
 
    NODE       VOLT  
    3277  -547.94     
    3278  -537.08     
    3279  -532.66     
    3280  -549.71     
    3281  -593.84     
    3282  -791.73     
    3283  -774.17     
    3284  -796.35     
    3285  -743.25     
    3286  -790.75     
    3287  -761.04     
    3288  -737.11     
    3289  -738.51     
    3290  -747.48     
    3291  -685.29     
    3292  -566.73     
    3293  -568.17     
    3294  -770.84     
    3295  -762.70     
    3296  -753.78     
    3297  -543.89     
    3298  -537.32     
    3299  -748.12     
    3300  -717.15     
    3301  -710.76     
    3302  -752.65     
    3303  -696.03     
    3304  -634.46     
    3305  -656.45     
    3306  -686.01     
    3307  -666.23     
    3308  -696.17     
    3309  -726.66     
    3310  -698.82     
    3311  -753.53     
    3312  -767.32     
    3313  -797.43     
    3314  -795.31     
    3315  -799.12     
 
  ***** POST1 NODAL DEGREE OF FREEDOM LISTING *****                            
 
  LOAD STEP=     1  SUBSTEP=     1                                             
   TIME=    1.0000      LOAD CASE=   0                                         
 
    NODE       VOLT  
    3316  -818.34     
    3317  -800.66     
    3318  -779.34     
    3319  -758.80     
    3320  -736.58     
    3321  -718.29     
    3322  -679.88     
    3323  -765.35     
    3324  -766.22     
    3325  -721.27     
    3326  -737.18     
    3327  -770.87     
    3328  -656.42     
    3329  -669.82     
    3330  -624.45     
    3331  -669.87     
    3332  -618.05     
    3333  -586.41     
    3334  -638.72     
    3335  -630.40     
    3336  -585.11     
    3337  -627.39     
    3338  -630.52     
    3339  -581.33     
    3340  -547.34     
    3341  -535.26     
    3342  -585.53     
    3343  -546.20     
    3344  -547.91     
    3345  -556.09     
    3346  -579.18     
    3347  -786.44     
    3348  -794.17     
    3349  -755.98     
    3350  -732.52     
    3351  -805.83     
    3352  -805.49     
    3353  -769.88     
    3354  -782.84     
 
  ***** POST1 NODAL DEGREE OF FREEDOM LISTING *****                            
 
  LOAD STEP=     1  SUBSTEP=     1                                             
   TIME=    1.0000      LOAD CASE=   0                                         
 
    NODE       VOLT  
    3355  -796.26     
    3356  -816.88     
    3357  -549.95     
    3358  -577.79     
    3359  -570.47     
    3360  -537.76     
    3361  -549.59     
    3362  -592.55     
    3363  -581.95     
    3364  -576.72     
    3365  -619.03     
    3366  -660.43     
    3367  -603.55     
    3368  -780.98     
    3369  -795.42     
    3370  -804.11     
    3371  -793.54     
    3372  -741.16     
    3373  -792.42     
    3374  -793.80     
    3375  -742.32     
    3376  -741.88     
    3377  -705.00     
    3378  -719.64     
    3379  -760.95     
    3380  -778.79     
    3381  -728.97     
    3382  -760.11     
    3383  -753.25     
    3384  -789.15     
    3385  -599.06     
    3386  -624.10     
    3387  -538.73     
    3388  -562.05     
    3389  -546.28     
    3390  -554.50     
    3391  -600.20     
    3392  -582.55     
    3393  -627.49     
 
  ***** POST1 NODAL DEGREE OF FREEDOM LISTING *****                            
 
  LOAD STEP=     1  SUBSTEP=     1                                             
   TIME=    1.0000      LOAD CASE=   0                                         
 
    NODE       VOLT  
    3394  -778.50     
    3395  -729.71     
    3396  -764.53     
    3397  -757.82     
    3398  -550.78     
    3399  -653.39     
    3400  -685.81     
    3401  -611.04     
    3402  -624.74     
    3403  -755.70     
    3404  -777.64     
    3405  -805.86     
    3406  -660.35     
    3407  -660.39     
    3408  -663.42     
    3409  -633.63     
    3410  -643.78     
    3411  -670.27     
    3412  -690.05     
    3413  -714.54     
    3414  -711.40     
    3415  -609.22     
    3416  -529.66     
    3417  -541.15     
    3418  -541.00     
    3419  -559.68     
    3420  -790.95     
    3421  -802.56     
    3422  -735.37     
    3423  -729.43     
    3424  -540.39     
    3425  -584.42     
    3426  -535.82     
    3427  -792.08     
    3428  -779.41     
    3429  -736.38     
    3430  -806.55     
    3431  -791.52     
    3432  -591.09     
 
  ***** POST1 NODAL DEGREE OF FREEDOM LISTING *****                            
 
  LOAD STEP=     1  SUBSTEP=     1                                             
   TIME=    1.0000      LOAD CASE=   0                                         
 
    NODE       VOLT  
    3433  -570.36     
    3434  -616.05     
    3435  -549.93     
    3436  -728.80     
    3437  -535.17     
    3438  -640.60     
    3439  -698.98     
    3440  -537.75     
    3441  -536.35     
    3442  -761.07     
    3443  -791.98     
    3444  -793.57     
    3445  -740.28     
    3446  -786.33     
    3447  -689.00     
    3448  -726.11     
    3449  -716.15     
    3450  -590.65     
    3451  -540.35     
    3452  -613.53     
    3453  -547.40     
    3454  -651.48     
    3455  -646.11     
    3456  -693.27     
    3457  -689.38     
    3458  -532.48     
    3459  -564.42     
    3460  -678.98     
    3461  -549.20     
    3462  -576.81     
    3463  -597.82     
    3464  -547.50     
    3465  -536.51     
    3466  -549.43     
    3467  -788.91     
    3468  -806.44     
    3469  -791.47     
    3470  -764.31     
    3471  -793.65     
 
  ***** POST1 NODAL DEGREE OF FREEDOM LISTING *****                            
 
  LOAD STEP=     1  SUBSTEP=     1                                             
   TIME=    1.0000      LOAD CASE=   0                                         
 
    NODE       VOLT  
    3472  -759.53     
    3473  -747.89     
    3474  -673.37     
    3475  -670.92     
    3476  -548.13     
    3477  -749.12     
    3478  -759.73     
    3479  -752.47     
    3480  -535.75     
    3481  -535.68     
    3482  -529.89     
    3483  -785.52     
    3484  -553.28     
    3485  -759.01     
    3486  -802.13     
    3487  -531.67     
    3488  -522.33     
    3489  -589.61     
    3490  -586.37     
    3491  -808.02     
    3492  -667.67     
    3493  -713.94     
    3494  -747.42     
    3495  -612.60     
    3496  -684.07     
    3497  -764.74     
    3498  -814.84     
    3499  -683.80     
    3500  -712.33     
    3501  -817.79     
    3502  -685.69     
    3503  -736.90     
    3504  -579.37     
    3505  -579.35     
    3506  -544.81     
    3507  -690.28     
    3508  -657.26     
    3509  -611.55     
    3510  -576.67     
 
  ***** POST1 NODAL DEGREE OF FREEDOM LISTING *****                            
 
  LOAD STEP=     1  SUBSTEP=     1                                             
   TIME=    1.0000      LOAD CASE=   0                                         
 
    NODE       VOLT  
    3511  -604.89     
    3512  -666.12     
    3513  -729.30     
    3514  -779.23     
    3515  -742.02     
    3516  -615.86     
    3517  -628.39     
    3518  -587.83     
    3519  -549.12     
    3520  -613.51     
    3521  -729.59     
    3522  -726.90     
    3523  -792.48     
    3524  -522.21     
    3525  -542.89     
    3526  -587.61     
    3527  -544.62     
    3528  -799.95     
    3529  -812.37     
    3530  -543.57     
    3531  -711.49     
    3532  -697.70     
    3533  -629.13     
    3534  -598.22     
    3535  -641.07     
    3536  -672.33     
    3537  -546.04     
    3538  -818.35     
    3539  -669.94     
    3540  -712.53     
    3541  -811.60     
    3542  -674.04     
    3543  -620.11     
    3544  -578.99     
    3545  -803.73     
    3546  -643.90     
    3547  -640.86     
    3548  -575.16     
    3549  -629.14     
 
  ***** POST1 NODAL DEGREE OF FREEDOM LISTING *****                            
 
  LOAD STEP=     1  SUBSTEP=     1                                             
   TIME=    1.0000      LOAD CASE=   0                                         
 
    NODE       VOLT  
    3550  -704.77     
    3551  -699.84     
    3552  -727.55     
    3553  -521.39     
    3554  -792.45     
    3555  -669.93     
    3556  -801.25     
    3557  -752.47     
    3558  -801.73     
    3559  -801.50     
    3560  -799.30     
    3561  -817.76     
    3562  -821.52     
    3563  -808.67     
    3564  -804.93     
    3565  -827.13     
    3566  -807.00     
    3567  -803.28     
    3568  -825.52     
    3569  -821.47     
    3570  -827.10     
    3571  -827.12     
    3572  -821.50     
    3573  -827.14     
    3574  -778.69     
    3575  -760.30     
    3576  -795.80     
    3577  -790.57     
    3578  -755.06     
    3579  -772.14     
    3580  -552.59     
    3581  -536.73     
    3582  -540.08     
    3583  -558.00     
    3584  -547.58     
    3585  -536.04     
    3586  -529.09     
    3587  -537.33     
    3588  -538.62     
 
  ***** POST1 NODAL DEGREE OF FREEDOM LISTING *****                            
 
  LOAD STEP=     1  SUBSTEP=     1                                             
   TIME=    1.0000      LOAD CASE=   0                                         
 
    NODE       VOLT  
    3589  -540.64     
    3590  -781.46     
    3591  -817.97     
    3592  -803.45     
    3593  -792.17     
    3594  -806.69     
    3595  -828.71     
    3596  -786.65     
    3597  -808.65     
    3598  -574.99     
    3599  -586.22     
    3600  -609.46     
    3601  -587.92     
    3602  -563.88     
    3603  -599.81     
    3604  -828.71     
    3605  -803.43     
    3606  -780.43     
    3607  -805.66     
    3608  -816.94     
    3609  -569.90     
    3610  -556.92     
    3611  -565.18     
    3612  -555.72     
    3613  -550.67     
    3614  -581.16     
    3615  -598.34     
    3616  -594.78     
    3617  -602.94     
    3618  -616.32     
    3619  -576.86     
    3620  -573.53     
    3621  -555.37     
    3622  -558.86     
    3623  -550.96     
    3624  -595.57     
    3625  -584.80     
    3626  -637.62     
    3627  -568.26     
 
  ***** POST1 NODAL DEGREE OF FREEDOM LISTING *****                            
 
  LOAD STEP=     1  SUBSTEP=     1                                             
   TIME=    1.0000      LOAD CASE=   0                                         
 
    NODE       VOLT  
    3628  -590.46     
    3629  -579.38     
    3630  -591.96     
    3631  -686.63     
    3632  -660.09     
    3633  -674.84     
    3634  -665.35     
    3635  -650.61     
    3636  -638.72     
    3637  -693.93     
    3638  -708.79     
    3639  -700.86     
    3640  -686.04     
    3641  -708.16     
    3642  -680.53     
    3643  -695.33     
    3644  -702.61     
    3645  -777.67     
    3646  -745.96     
    3647  -730.63     
    3648  -778.48     
    3649  -793.93     
    3650  -746.79     
    3651  -757.92     
    3652  -717.86     
    3653  -723.96     
    3654  -734.67     
    3655  -729.83     
    3656  -697.50     
    3657  -752.18     
    3658  -770.48     
    3659  -780.60     
    3660  -743.96     
    3661  -733.86     
    3662  -762.22     
    3663  -773.33     
    3664  -798.33     
    3665  -787.26     
    3666  -787.12     
 
  ***** POST1 NODAL DEGREE OF FREEDOM LISTING *****                            
 
  LOAD STEP=     1  SUBSTEP=     1                                             
   TIME=    1.0000      LOAD CASE=   0                                         
 
    NODE       VOLT  
    3667  -798.18     
    3668  -812.15     
    3669  -760.72     
    3670  -770.80     
    3671  -763.22     
    3672  -781.87     
    3673  -795.81     
    3674  -779.70     
    3675  -804.73     
    3676  -788.21     
    3677  -619.46     
    3678  -596.23     
    3679  -629.22     
    3680  -656.37     
    3681  -623.40     
    3682  -633.21     
    3683  -584.26     
    3684  -561.83     
    3685  -559.68     
    3686  -577.28     
    3687  -579.40     
    3688  -554.81     
    3689  -617.35     
    3690  -592.93     
    3691  -625.97     
    3692  -590.77     
    3693  -594.79     
    3694  -631.78     
    3695  -604.71     
    3696  -565.99     
    3697  -575.89     
    3698  -574.46     
    3699  -568.37     
    3700  -572.55     
    3701  -541.37     
    3702  -549.12     
    3703  -569.63     
    3704  -563.75     
    3705  -521.57     
 
  ***** POST1 NODAL DEGREE OF FREEDOM LISTING *****                            
 
  LOAD STEP=     1  SUBSTEP=     1                                             
   TIME=    1.0000      LOAD CASE=   0                                         
 
    NODE       VOLT  
    3706  -527.50     
    3707  -594.65     
    3708  -604.48     
    3709  -567.01     
    3710  -575.27     
    3711  -576.92     
    3712  -612.58     
    3713  -622.34     
    3714  -620.77     
    3715  -522.85     
    3716  -521.35     
    3717  -516.68     
    3718  -612.51     
    3719  -573.62     
    3720  -613.67     
    3721  -580.56     
    3722  -546.59     
    3723  -561.48     
    3724  -536.85     
    3725  -554.47     
    3726  -746.33     
    3727  -771.20     
    3728  -762.08     
    3729  -703.50     
    3730  -712.57     
    3731  -728.21     
    3732  -698.46     
    3733  -741.17     
    3734  -756.71     
    3735  -813.83     
    3736  -787.92     
    3737  -815.11     
    3738  -797.79     
    3739  -777.82     
    3740  -782.13     
    3741  -797.53     
    3742  -793.17     
    3743  -777.54     
    3744  -797.62     
 
  ***** POST1 NODAL DEGREE OF FREEDOM LISTING *****                            
 
  LOAD STEP=     1  SUBSTEP=     1                                             
   TIME=    1.0000      LOAD CASE=   0                                         
 
    NODE       VOLT  
    3745  -816.66     
    3746  -774.41     
    3747  -813.54     
    3748  -790.27     
    3749  -542.61     
    3750  -562.89     
    3751  -554.66     
    3752  -774.18     
    3753  -816.43     
    3754  -665.16     
    3755  -707.88     
    3756  -738.42     
    3757  -695.61     
    3758  -690.85     
    3759  -757.07     
    3760  -735.46     
    3761  -754.10     
    3762  -718.39     
    3763  -527.30     
    3764  -535.69     
    3765  -552.93     
    3766  -543.38     
    3767  -526.55     
    3768  -554.85     
    3769  -532.68     
    3770  -550.65     
    3771  -564.87     
    3772  -561.63     
    3773  -562.21     
    3774  -576.85     
    3775  -538.34     
    3776  -553.38     
    3777  -568.98     
    3778  -535.24     
    3779  -538.59     
    3780  -543.85     
    3781  -539.56     
    3782  -658.25     
    3783  -668.55     
 
  ***** POST1 NODAL DEGREE OF FREEDOM LISTING *****                            
 
  LOAD STEP=     1  SUBSTEP=     1                                             
   TIME=    1.0000      LOAD CASE=   0                                         
 
    NODE       VOLT  
    3784  -651.37     
    3785  -685.46     
    3786  -695.21     
    3787  -678.98     
    3788  -650.22     
    3789  -641.37     
    3790  -633.75     
    3791  -681.03     
    3792  -694.68     
    3793  -679.51     
    3794  -709.97     
    3795  -639.60     
    3796  -656.59     
    3797  -668.56     
    3798  -723.47     
    3799  -758.58     
    3800  -734.01     
    3801  -720.50     
    3802  -745.06     
    3803  -755.61     
    3804  -736.81     
    3805  -712.29     
    3806  -725.40     
    3807  -746.99     
    3808  -760.52     
    3809  -528.48     
    3810  -733.39     
    3811  -700.84     
    3812  -709.49     
    3813  -725.19     
    3814  -701.28     
    3815  -744.62     
    3816  -763.18     
    3817  -765.75     
    3818  -743.45     
    3819  -751.93     
    3820  -735.86     
    3821  -722.97     
    3822  -714.30     
 
  ***** POST1 NODAL DEGREE OF FREEDOM LISTING *****                            
 
  LOAD STEP=     1  SUBSTEP=     1                                             
   TIME=    1.0000      LOAD CASE=   0                                         
 
    NODE       VOLT  
    3823  -537.53     
    3824  -519.98     
    3825  -519.97     
    3826  -557.37     
    3827  -519.93     
    3828  -524.97     
    3829  -544.90     
    3830  -519.94     
    3831  -524.98     
    3832  -561.88     
    3833  -565.28     
    3834  -543.28     
    3835  -566.16     
    3836  -588.12     
    3837  -569.58     
    3838  -599.19     
    3839  -577.26     
    3840  -563.80     
    3841  -585.75     
    3842  -601.10     
    3843  -548.51     
    3844  -524.76     
    3845  -523.78     
    3846  -547.57     
    3847  -548.50     
    3848  -523.81     
    3849  -547.57     
    3850  -523.82     
    3851  -523.78     
    3852  -523.80     
    3853  -523.88     
    3854  -522.97     
    3855  -522.94     
    3856  -523.81     
    3857  -546.68     
    3858  -523.79     
    3859  -524.82     
    3860  -800.65     
    3861  -796.88     
 
  ***** POST1 NODAL DEGREE OF FREEDOM LISTING *****                            
 
  LOAD STEP=     1  SUBSTEP=     1                                             
   TIME=    1.0000      LOAD CASE=   0                                         
 
    NODE       VOLT  
    3862  -795.19     
    3863  -818.74     
    3864  -821.26     
    3865  -815.00     
    3866  -549.97     
    3867  -522.50     
    3868  -532.95     
    3869  -556.64     
    3870  -548.20     
    3871  -530.01     
    3872  -618.04     
    3873  -648.76     
    3874  -593.48     
    3875  -601.94     
    3876  -658.45     
    3877  -633.40     
    3878  -554.89     
    3879  -562.82     
    3880  -605.30     
    3881  -584.95     
    3882  -572.31     
    3883  -560.88     
    3884  -581.65     
    3885  -602.79     
    3886  -575.23     
    3887  -587.24     
    3888  -607.85     
    3889  -567.38     
    3890  -551.39     
    3891  -563.70     
    3892  -635.25     
    3893  -617.53     
    3894  -630.98     
    3895  -611.66     
    3896  -625.21     
    3897  -644.30     
    3898  -571.67     
    3899  -579.72     
    3900  -601.19     
 
  ***** POST1 NODAL DEGREE OF FREEDOM LISTING *****                            
 
  LOAD STEP=     1  SUBSTEP=     1                                             
   TIME=    1.0000      LOAD CASE=   0                                         
 
    NODE       VOLT  
    3901  -593.30     
    3902  -596.24     
    3903  -567.09     
    3904  -541.03     
    3905  -568.77     
    3906  -551.05     
    3907  -542.71     
    3908  -642.35     
    3909  -627.59     
    3910  -644.00     
    3911  -639.96     
    3912  -623.54     
    3913  -625.60     
    3914  -615.07     
    3915  -633.78     
    3916  -605.13     
    3917  -628.56     
    3918  -574.19     
    3919  -605.02     
    3920  -594.22     
    3921  -586.60     
    3922  -646.75     
    3923  -650.73     
    3924  -665.66     
    3925  -655.24     
    3926  -673.04     
    3927  -669.76     
    3928  -653.93     
    3929  -563.75     
    3930  -602.15     
    3931  -592.45     
    3932  -597.83     
    3933  -606.91     
    3934  -577.03     
    3935  -574.05     
    3936  -550.18     
    3937  -547.39     
    3938  -571.29     
    3939  -544.49     
 
  ***** POST1 NODAL DEGREE OF FREEDOM LISTING *****                            
 
  LOAD STEP=     1  SUBSTEP=     1                                             
   TIME=    1.0000      LOAD CASE=   0                                         
 
    NODE       VOLT  
    3940  -710.29     
    3941  -690.99     
    3942  -698.73     
    3943  -718.09     
    3944  -699.61     
    3945  -565.61     
    3946  -562.76     
    3947  -541.98     
    3948  -523.68     
    3949  -520.81     
    3950  -547.03     
    3951  -523.37     
    3952  -618.29     
    3953  -664.76     
    3954  -630.46     
    3955  -633.60     
    3956  -645.78     
    3957  -583.03     
    3958  -564.82     
    3959  -564.52     
    3960  -616.08     
    3961  -662.59     
    3962  -592.28     
    3963  -624.42     
    3964  -638.81     
    3965  -626.75     
    3966  -621.84     
    3967  -606.51     
    3968  -603.47     
    3969  -610.81     
    3970  -548.32     
    3971  -571.18     
    3972  -744.44     
    3973  -773.05     
    3974  -774.27     
    3975  -756.34     
    3976  -784.96     
    3977  -800.75     
    3978  -771.85     
 
  ***** POST1 NODAL DEGREE OF FREEDOM LISTING *****                            
 
  LOAD STEP=     1  SUBSTEP=     1                                             
   TIME=    1.0000      LOAD CASE=   0                                         
 
    NODE       VOLT  
    3979  -755.65     
    3980  -784.34     
    3981  -781.99     
    3982  -732.03     
    3983  -733.31     
    3984  -713.16     
    3985  -711.91     
    3986  -700.78     
    3987  -743.86     
    3988  -728.51     
    3989  -713.66     
    3990  -730.67     
    3991  -749.64     
    3992  -732.44     
    3993  -734.68     
    3994  -576.45     
    3995  -575.13     
    3996  -546.05     
    3997  -602.84     
    3998  -601.54     
    3999  -573.36     
    4000  -573.62     
    4001  -601.12     
    4002  -696.69     
    4003  -674.15     
    4004  -678.93     
    4005  -660.55     
    4006  -642.81     
    4007  -643.66     
    4008  -658.77     
    4009  -658.82     
    4010  -649.88     
    4011  -665.96     
    4012  -673.01     
    4013  -656.64     
    4014  -649.60     
    4015  -672.85     
    4016  -679.02     
    4017  -687.67     
 
  ***** POST1 NODAL DEGREE OF FREEDOM LISTING *****                            
 
  LOAD STEP=     1  SUBSTEP=     1                                             
   TIME=    1.0000      LOAD CASE=   0                                         
 
    NODE       VOLT  
    4018  -700.97     
    4019  -609.19     
    4020  -576.63     
    4021  -595.05     
    4022  -634.52     
    4023  -616.84     
    4024  -602.70     
    4025  -663.84     
    4026  -652.01     
    4027  -643.53     
    4028  -635.54     
    4029  -631.58     
    4030  -658.94     
    4031  -651.00     
    4032  -630.72     
    4033  -665.98     
    4034  -628.71     
    4035  -635.57     
    4036  -636.44     
    4037  -629.65     
    4038  -599.05     
    4039  -639.62     
    4040  -638.30     
    4041  -671.27     
    4042  -638.10     
    4043  -636.68     
    4044  -645.48     
    4045  -660.38     
    4046  -687.02     
    4047  -671.45     
    4048  -644.67     
    4049  -685.66     
    4050  -634.72     
    4051  -671.27     
    4052  -664.59     
    4053  -635.35     
    4054  -661.66     
    4055  -675.95     
    4056  -666.22     
 
  ***** POST1 NODAL DEGREE OF FREEDOM LISTING *****                            
 
  LOAD STEP=     1  SUBSTEP=     1                                             
   TIME=    1.0000      LOAD CASE=   0                                         
 
    NODE       VOLT  
    4057  -668.34     
    4058  -668.11     
    4059  -690.58     
    4060  -691.11     
    4061  -692.75     
    4062  -671.95     
    4063  -694.04     
    4064  -688.36     
    4065  -674.04     
    4066  -690.50     
    4067  -697.68     
    4068  -692.02     
    4069  -714.53     
    4070  -642.96     
    4071  -622.64     
    4072  -646.18     
    4073  -638.97     
    4074  -615.99     
    4075  -618.55     
    4076  -623.22     
    4077  -645.67     
    4078  -649.26     
    4079  -651.87     
    4080  -675.66     
    4081  -685.13     
    4082  -675.32     
    4083  -655.70     
    4084  -655.75     
    4085  -704.53     
    4086  -701.25     
    4087  -721.63     
    4088  -705.43     
    4089  -702.19     
    4090  -725.97     
    4091  -737.13     
    4092  -767.52     
    4093  -756.33     
    4094  -756.58     
    4095  -773.44     
 
  ***** POST1 NODAL DEGREE OF FREEDOM LISTING *****                            
 
  LOAD STEP=     1  SUBSTEP=     1                                             
   TIME=    1.0000      LOAD CASE=   0                                         
 
    NODE       VOLT  
    4096  -793.02     
    4097  -764.74     
    4098  -774.83     
    4099  -758.07     
    4100  -756.35     
    4101  -773.11     
    4102  -766.43     
    4103  -719.93     
    4104  -708.76     
    4105  -695.43     
    4106  -537.02     
    4107  -518.68     
    4108  -555.74     
    4109  -537.07     
    4110  -518.71     
    4111  -628.10     
    4112  -648.59     
    4113  -641.14     
    4114  -597.41     
    4115  -604.84     
    4116  -617.90     
    4117  -590.40     
    4118  -637.31     
    4119  -636.70     
    4120  -624.02     
    4121  -616.54     
    4122  -645.82     
    4123  -634.20     
    4124  -638.28     
    4125  -670.41     
    4126  -567.91     
    4127  -549.60     
    4128  -530.93     
    4129  -680.89     
    4130  -680.89     
    4131  -696.53     
    4132  -580.00     
    4133  -561.70     
    4134  -527.61     
 
  ***** POST1 NODAL DEGREE OF FREEDOM LISTING *****                            
 
  LOAD STEP=     1  SUBSTEP=     1                                             
   TIME=    1.0000      LOAD CASE=   0                                         
 
    NODE       VOLT  
    4135  -532.16     
    4136  -538.73     
    4137  -517.14     
    4138  -510.48     
    4139  -521.71     
    4140  -517.07     
    4141  -534.45     
    4142  -551.45     
    4143  -538.10     
    4144  -521.00     
    4145  -555.39     
    4146  -521.62     
    4147  -517.06     
    4148  -790.82     
    4149  -770.75     
    4150  -790.70     
    4151  -534.44     
    4152  -534.43     
    4153  -517.06     
    4154  -580.27     
    4155  -592.57     
    4156  -546.52     
    4157  -597.32     
    4158  -563.63     
    4159  -553.83     
    4160  -566.30     
    4161  -599.78     
    4162  -667.33     
    4163  -663.15     
    4164  -676.94     
    4165  -650.98     
    4166  -666.75     
    4167  -648.69     
    4168  -679.98     
    4169  -662.72     
    4170  -605.38     
    4171  -593.54     
    4172  -620.78     
    4173  -623.79     
 
  ***** POST1 NODAL DEGREE OF FREEDOM LISTING *****                            
 
  LOAD STEP=     1  SUBSTEP=     1                                             
   TIME=    1.0000      LOAD CASE=   0                                         
 
    NODE       VOLT  
    4174  -597.61     
    4175  -612.74     
    4176  -628.92     
    4177  -687.88     
    4178  -789.80     
    4179  -805.63     
    4180  -824.04     
    4181  -803.80     
    4182  -819.56     
    4183  -817.79     
    4184  -723.43     
    4185  -711.19     
    4186  -713.20     
    4187  -743.76     
    4188  -741.74     
    4189  -731.48     
    4190  -784.26     
    4191  -763.82     
    4192  -753.51     
    4193  -799.72     
    4194  -686.87     
    4195  -683.89     
    4196  -774.67     
    4197  -791.03     
    4198  -777.77     
    4199  -775.30     
    4200  -788.21     
    4201  -790.86     
    4202  -676.75     
    4203  -661.19     
    4204  -685.52     
    4205  -695.63     
    4206  -557.26     
    4207  -539.00     
    4208  -564.15     
    4209  -539.68     
    4210  -546.58     
    4211  -615.32     
    4212  -605.77     
 
  ***** POST1 NODAL DEGREE OF FREEDOM LISTING *****                            
 
  LOAD STEP=     1  SUBSTEP=     1                                             
   TIME=    1.0000      LOAD CASE=   0                                         
 
    NODE       VOLT  
    4213  -575.94     
    4214  -567.34     
    4215  -606.61     
    4216  -590.72     
    4217  -551.30     
    4218  -582.25     
    4219  -554.36     
    4220  -585.03     
    4221  -593.62     
    4222  -622.06     
    4223  -598.70     
    4224  -577.23     
    4225  -600.69     
    4226  -688.55     
    4227  -690.42     
    4228  -678.17     
    4229  -664.17     
    4230  -653.07     
    4231  -689.24     
    4232  -684.45     
    4233  -687.95     
    4234  -649.94     
    4235  -688.06     
    4236  -675.84     
    4237  -603.88     
    4238  -610.82     
    4239  -620.95     
    4240  -557.49     
    4241  -539.69     
    4242  -528.16     
    4243  -540.21     
    4244  -550.07     
    4245  -526.57     
    4246  -523.15     
    4247  -525.20     
    4248  -527.23     
    4249  -558.83     
    4250  -534.32     
    4251  -582.89     
 
  ***** POST1 NODAL DEGREE OF FREEDOM LISTING *****                            
 
  LOAD STEP=     1  SUBSTEP=     1                                             
   TIME=    1.0000      LOAD CASE=   0                                         
 
    NODE       VOLT  
    4252  -583.86     
    4253  -590.31     
    4254  -540.87     
    4255  -553.16     
    4256  -554.28     
    4257  -569.19     
    4258  -543.08     
    4259  -526.25     
    4260  -526.21     
    4261  -543.06     
    4262  -528.21     
    4263  -774.74     
    4264  -760.20     
    4265  -741.81     
    4266  -772.49     
    4267  -793.53     
    4268  -759.16     
    4269  -758.79     
    4270  -746.37     
    4271  -711.87     
    4272  -700.33     
    4273  -673.69     
    4274  -776.37     
    4275  -787.88     
    4276  -804.11     
    4277  -785.71     
    4278  -728.57     
    4279  -593.69     
    4280  -625.90     
    4281  -602.11     
    4282  -580.80     
    4283  -549.68     
    4284  -569.58     
    4285  -556.84     
    4286  -545.59     
    4287  -591.61     
    4288  -622.07     
    4289  -593.54     
    4290  -562.33     
 
  ***** POST1 NODAL DEGREE OF FREEDOM LISTING *****                            
 
  LOAD STEP=     1  SUBSTEP=     1                                             
   TIME=    1.0000      LOAD CASE=   0                                         
 
    NODE       VOLT  
    4291  -615.25     
    4292  -594.26     
    4293  -562.93     
    4294  -586.85     
    4295  -539.80     
    4296  -564.73     
    4297  -808.79     
    4298  -820.45     
    4299  -789.38     
    4300  -808.87     
    4301  -820.49     
    4302  -819.52     
    4303  -819.47     
    4304  -819.51     
    4305  -751.46     
    4306  -739.03     
    4307  -765.27     
    4308  -731.50     
    4309  -719.05     
    4310  -784.68     
    4311  -762.62     
    4312  -756.00     
    4313  -787.62     
    4314  -794.24     
    4315  -761.83     
    4316  -749.30     
    4317  -783.84     
    4318  -771.29     
    4319  -784.97     
    4320  -789.56     
    4321  -801.15     
    4322  -740.14     
    4323  -715.65     
    4324  -747.97     
    4325  -774.84     
    4326  -745.47     
    4327  -755.99     
    4328  -785.38     
    4329  -782.83     
 
  ***** POST1 NODAL DEGREE OF FREEDOM LISTING *****                            
 
  LOAD STEP=     1  SUBSTEP=     1                                             
   TIME=    1.0000      LOAD CASE=   0                                         
 
    NODE       VOLT  
    4330  -726.39     
    4331  -755.72     
    4332  -688.05     
    4333  -686.46     
    4334  -717.04     
    4335  -689.47     
    4336  -658.92     
    4337  -701.22     
    4338  -698.81     
    4339  -662.72     
    4340  -691.87     
    4341  -727.99     
    4342  -613.59     
    4343  -615.70     
    4344  -615.54     
    4345  -631.17     
    4346  -630.83     
    4347  -632.58     
    4348  -730.97     
    4349  -742.79     
    4350  -695.78     
    4351  -719.78     
    4352  -689.19     
    4353  -727.51     
    4354  -729.33     
    4355  -734.31     
    4356  -720.47     
    4357  -697.76     
    4358  -688.94     
    4359  -712.61     
    4360  -669.95     
    4361  -536.55     
    4362  -559.05     
    4363  -554.18     
    4364  -562.99     
    4365  -579.71     
    4366  -566.05     
    4367  -579.76     
    4368  -595.02     
 
  ***** POST1 NODAL DEGREE OF FREEDOM LISTING *****                            
 
  LOAD STEP=     1  SUBSTEP=     1                                             
   TIME=    1.0000      LOAD CASE=   0                                         
 
    NODE       VOLT  
    4369  -547.35     
    4370  -551.27     
    4371  -518.24     
    4372  -519.08     
    4373  -518.24     
    4374  -516.39     
    4375  -541.15     
    4376  -524.91     
    4377  -516.32     
    4378  -524.76     
    4379  -569.61     
    4380  -584.18     
    4381  -600.92     
    4382  -572.52     
    4383  -547.46     
    4384  -546.09     
    4385  -570.83     
    4386  -548.62     
    4387  -522.20     
    4388  -524.15     
    4389  -525.94     
    4390  -552.36     
    4391  -531.74     
    4392  -528.88     
    4393  -527.19     
    4394  -811.23     
    4395  -802.81     
    4396  -782.33     
    4397  -788.61     
    4398  -802.65     
    4399  -780.53     
    4400  -800.08     
    4401  -800.81     
    4402  -812.50     
    4403  -794.01     
    4404  -818.39     
    4405  -818.04     
    4406  -811.39     
    4407  -815.89     
 
  ***** POST1 NODAL DEGREE OF FREEDOM LISTING *****                            
 
  LOAD STEP=     1  SUBSTEP=     1                                             
   TIME=    1.0000      LOAD CASE=   0                                         
 
    NODE       VOLT  
    4408  -782.81     
    4409  -759.86     
    4410  -766.59     
    4411  -786.46     
    4412  -768.32     
    4413  -802.06     
    4414  -792.67     
    4415  -814.56     
    4416  -793.50     
    4417  -800.28     
    4418  -806.20     
    4419  -759.53     
    4420  -774.15     
    4421  -772.69     
    4422  -760.20     
    4423  -761.59     
    4424  -736.95     
    4425  -738.43     
    4426  -738.98     
    4427  -826.73     
    4428  -817.34     
    4429  -798.90     
    4430  -719.42     
    4431  -731.77     
    4432  -713.84     
    4433  -731.25     
    4434  -749.06     
    4435  -743.64     
    4436  -674.30     
    4437  -699.76     
    4438  -748.26     
    4439  -718.80     
    4440  -729.05     
    4441  -719.40     
    4442  -746.57     
    4443  -736.54     
    4444  -735.52     
    4445  -715.37     
    4446  -716.37     
 
  ***** POST1 NODAL DEGREE OF FREEDOM LISTING *****                            
 
  LOAD STEP=     1  SUBSTEP=     1                                             
   TIME=    1.0000      LOAD CASE=   0                                         
 
    NODE       VOLT  
    4447  -705.31     
    4448  -740.67     
    4449  -743.30     
    4450  -718.39     
    4451  -738.77     
    4452  -752.66     
    4453  -740.41     
    4454  -750.53     
    4455  -811.45     
    4456  -811.45     
    4457  -714.15     
    4458  -668.92     
    4459  -700.37     
    4460  -654.96     
    4461  -551.49     
    4462  -534.43     
    4463  -515.37     
    4464  -521.30     
    4465  -537.81     
    4466  -540.15     
    4467  -565.12     
    4468  -540.91     
    4469  -553.86     
    4470  -550.78     
    4471  -529.61     
    4472  -549.25     
    4473  -544.16     
    4474  -544.75     
    4475  -539.09     
    4476  -527.24     
    4477  -538.59     
    4478  -528.43     
    4479  -526.18     
    4480  -591.04     
    4481  -569.82     
    4482  -586.50     
    4483  -599.03     
    4484  -607.53     
    4485  -600.21     
 
  ***** POST1 NODAL DEGREE OF FREEDOM LISTING *****                            
 
  LOAD STEP=     1  SUBSTEP=     1                                             
   TIME=    1.0000      LOAD CASE=   0                                         
 
    NODE       VOLT  
    4486  -818.96     
    4487  -818.05     
    4488  -808.09     
    4489  -817.55     
    4490  -766.52     
    4491  -734.18     
    4492  -737.84     
    4493  -748.54     
    4494  -744.70     
    4495  -777.23     
    4496  -775.81     
    4497  -772.53     
    4498  -518.76     
    4499  -540.64     
    4500  -521.99     
    4501  -518.65     
    4502  -537.31     
    4503  -540.61     
    4504  -751.21     
    4505  -782.57     
    4506  -759.76     
    4507  -741.16     
    4508  -763.29     
    4509  -729.01     
    4510  -720.58     
    4511  -776.50     
    4512  -778.11     
    4513  -795.71     
    4514  -795.78     
    4515  -805.53     
    4516  -785.39     
    4517  -800.90     
    4518  -803.69     
    4519  -820.16     
    4520  -808.93     
    4521  -757.46     
    4522  -788.13     
    4523  -790.57     
    4524  -812.57     
 
  ***** POST1 NODAL DEGREE OF FREEDOM LISTING *****                            
 
  LOAD STEP=     1  SUBSTEP=     1                                             
   TIME=    1.0000      LOAD CASE=   0                                         
 
    NODE       VOLT  
    4525  -768.76     
    4526  -814.04     
    4527  -814.85     
    4528  -758.09     
    4529  -733.55     
    4530  -748.19     
    4531  -761.97     
    4532  -745.88     
    4533  -736.88     
    4534  -766.52     
    4535  -751.74     
    4536  -774.72     
    4537  -763.75     
    4538  -777.42     
    4539  -806.21     
    4540  -796.16     
    4541  -803.18     
    4542  -783.29     
    4543  -811.79     
    4544  -714.26     
    4545  -731.56     
    4546  -734.71     
    4547  -706.74     
    4548  -703.31     
    4549  -723.81     
    4550  -782.17     
    4551  -792.51     
    4552  -664.33     
    4553  -645.94     
    4554  -674.04     
    4555  -690.44     
    4556  -659.09     
    4557  -669.60     
    4558  -675.60     
    4559  -682.01     
    4560  -671.52     
    4561  -681.24     
    4562  -691.58     
    4563  -688.17     
 
  ***** POST1 NODAL DEGREE OF FREEDOM LISTING *****                            
 
  LOAD STEP=     1  SUBSTEP=     1                                             
   TIME=    1.0000      LOAD CASE=   0                                         
 
    NODE       VOLT  
    4564  -695.85     
    4565  -710.09     
    4566  -711.14     
    4567  -697.36     
    4568  -697.03     
    4569  -712.43     
    4570  -712.43     
    4571  -727.25     
    4572  -650.61     
    4573  -661.00     
    4574  -675.34     
    4575  -682.34     
    4576  -676.49     
    4577  -753.68     
    4578  -775.86     
    4579  -782.97     
    4580  -760.78     
    4581  -760.36     
    4582  -781.36     
    4583  -781.22     
    4584  -797.94     
    4585  -780.50     
    4586  -799.58     
    4587  -797.31     
    4588  -819.26     
    4589  -817.48     
    4590  -806.73     
    4591  -808.70     
    4592  -829.20     
    4593  -758.88     
    4594  -818.69     
    4595  -821.06     
    4596  -800.06     
    4597  -777.12     
    4598  -789.28     
    4599  -789.96     
    4600  -766.58     
    4601  -725.77     
    4602  -725.11     
 
  ***** POST1 NODAL DEGREE OF FREEDOM LISTING *****                            
 
  LOAD STEP=     1  SUBSTEP=     1                                             
   TIME=    1.0000      LOAD CASE=   0                                         
 
    NODE       VOLT  
    4603  -695.23     
    4604  -721.73     
    4605  -715.49     
    4606  -710.85     
    4607  -707.56     
    4608  -692.84     
    4609  -712.13     
    4610  -698.59     
    4611  -707.49     
    4612  -727.42     
    4613  -723.38     
    4614  -704.09     
    4615  -731.91     
    4616  -745.51     
    4617  -767.95     
    4618  -748.50     
    4619  -745.79     
    4620  -728.00     
    4621  -714.30     
    4622  -742.16     
    4623  -762.29     
    4624  -743.29     
    4625  -745.83     
    4626  -764.26     
    4627  -741.74     
    4628  -723.40     
    4629  -743.66     
    4630  -729.26     
    4631  -771.76     
    4632  -765.00     
    4633  -748.11     
    4634  -766.53     
    4635  -768.55     
    4636  -804.32     
    4637  -757.04     
    4638  -698.30     
    4639  -696.27     
    4640  -769.35     
    4641  -778.84     
 
  ***** POST1 NODAL DEGREE OF FREEDOM LISTING *****                            
 
  LOAD STEP=     1  SUBSTEP=     1                                             
   TIME=    1.0000      LOAD CASE=   0                                         
 
    NODE       VOLT  
    4642  -783.25     
    4643  -638.08     
    4644  -636.47     
    4645  -654.28     
    4646  -645.55     
    4647  -654.41     
    4648  -647.57     
    4649  -628.09     
    4650  -634.92     
    4651  -637.07     
    4652  -580.78     
    4653  -607.21     
    4654  -593.58     
    4655  -576.22     
    4656  -654.22     
    4657  -669.89     
    4658  -636.40     
    4659  -675.30     
    4660  -669.84     
    4661  -660.16     
    4662  -691.19     
    4663  -653.18     
    4664  -678.59     
    4665  -645.49     
    4666  -673.60     
    4667  -652.60     
    4668  -647.30     
    4669  -668.17     
    4670  -675.29     
    4671  -647.56     
    4672  -670.04     
    4673  -642.33     
    4674  -602.15     
    4675  -626.56     
    4676  -621.21     
    4677  -605.47     
    4678  -652.62     
    4679  -628.39     
    4680  -612.54     
 
  ***** POST1 NODAL DEGREE OF FREEDOM LISTING *****                            
 
  LOAD STEP=     1  SUBSTEP=     1                                             
   TIME=    1.0000      LOAD CASE=   0                                         
 
    NODE       VOLT  
    4681  -648.11     
    4682  -627.28     
    4683  -608.48     
    4684  -606.13     
    4685  -628.88     
    4686  -607.92     
    4687  -604.73     
    4688  -625.92     
    4689  -627.46     
    4690  -649.49     
    4691  -602.94     
    4692  -583.13     
    4693  -604.39     
    4694  -541.15     
    4695  -561.25     
    4696  -566.63     
    4697  -545.44     
    4698  -540.45     
    4699  -565.62     
    4700  -546.86     
    4701  -549.55     
    4702  -551.25     
    4703  -563.69     
    4704  -563.28     
    4705  -567.29     
    4706  -790.34     
    4707  -775.12     
    4708  -771.15     
    4709  -761.64     
    4710  -765.57     
    4711  -746.53     
    4712  -749.51     
    4713  -726.53     
    4714  -774.06     
    4715  -771.35     
    4716  -753.85     
    4717  -784.29     
    4718  -777.57     
    4719  -760.11     
 
  ***** POST1 NODAL DEGREE OF FREEDOM LISTING *****                            
 
  LOAD STEP=     1  SUBSTEP=     1                                             
   TIME=    1.0000      LOAD CASE=   0                                         
 
    NODE       VOLT  
    4720  -787.88     
    4721  -746.75     
    4722  -729.39     
    4723  -763.24     
    4724  -744.14     
    4725  -822.89     
    4726  -819.69     
    4727  -802.54     
    4728  -822.83     
    4729  -819.59     
    4730  -805.69     
    4731  -787.72     
    4732  -787.81     
    4733  -822.69     
    4734  -804.82     
    4735  -792.61     
    4736  -781.21     
    4737  -794.33     
    4738  -801.05     
    4739  -787.90     
    4740  -789.54     
    4741  -811.39     
    4742  -828.37     
    4743  -822.73     
    4744  -828.52     
    4745  -794.16     
    4746  -776.39     
    4747  -563.77     
    4748  -573.01     
    4749  -560.22     
    4750  -544.00     
    4751  -557.82     
    4752  -554.29     
    4753  -543.17     
    4754  -549.05     
    4755  -523.95     
    4756  -519.25     
    4757  -525.78     
    4758  -571.44     
 
  ***** POST1 NODAL DEGREE OF FREEDOM LISTING *****                            
 
  LOAD STEP=     1  SUBSTEP=     1                                             
   TIME=    1.0000      LOAD CASE=   0                                         
 
    NODE       VOLT  
    4759  -587.15     
    4760  -567.05     
    4761  -563.14     
    4762  -584.79     
    4763  -578.79     
    4764  -527.56     
    4765  -527.34     
    4766  -545.67     
    4767  -561.30     
    4768  -546.09     
    4769  -639.75     
    4770  -632.51     
    4771  -611.28     
    4772  -624.64     
    4773  -644.85     
    4774  -616.83     
    4775  -544.96     
    4776  -809.49     
    4777  -817.04     
    4778  -788.17     
    4779  -792.83     
    4780  -822.31     
    4781  -800.33     
    4782  -544.44     
    4783  -701.40     
    4784  -808.87     
    4785  -820.62     
    4786  -814.87     
    4787  -564.47     
    4788  -585.34     
    4789  -571.63     
    4790  -767.20     
    4791  -766.79     
    4792  -793.19     
    4793  -793.67     
    4794  -767.31     
    4795  -793.18     
    4796  -742.08     
    4797  -766.93     
 
  ***** POST1 NODAL DEGREE OF FREEDOM LISTING *****                            
 
  LOAD STEP=     1  SUBSTEP=     1                                             
   TIME=    1.0000      LOAD CASE=   0                                         
 
    NODE       VOLT  
    4798  -767.99     
    4799  -742.26     
    4800  -741.47     
    4801  -724.23     
    4802  -723.46     
    4803  -723.05     
    4804  -692.63     
    4805  -651.36     
    4806  -698.83     
    4807  -745.38     
    4808  -696.71     
    4809  -702.13     
    4810  -730.98     
    4811  -756.31     
    4812  -769.60     
    4813  -766.25     
    4814  -753.42     
    4815  -752.33     
    4816  -777.47     
    4817  -777.87     
    4818  -795.42     
    4819  -767.56     
    4820  -792.90     
    4821  -766.57     
    4822  -759.85     
    4823  -752.49     
    4824  -770.16     
    4825  -753.38     
    4826  -736.49     
    4827  -745.67     
    4828  -800.73     
    4829  -809.39     
    4830  -770.31     
    4831  -762.71     
    4832  -798.00     
    4833  -744.07     
    4834  -818.90     
    4835  -817.83     
    4836  -817.82     
 
  ***** POST1 NODAL DEGREE OF FREEDOM LISTING *****                            
 
  LOAD STEP=     1  SUBSTEP=     1                                             
   TIME=    1.0000      LOAD CASE=   0                                         
 
    NODE       VOLT  
    4837  -772.49     
    4838  -759.43     
    4839  -740.98     
    4840  -772.44     
    4841  -792.32     
    4842  -758.41     
    4843  -821.23     
    4844  -821.22     
    4845  -623.56     
    4846  -659.04     
    4847  -634.34     
    4848  -649.65     
    4849  -685.08     
    4850  -627.56     
    4851  -639.91     
    4852  -611.57     
    4853  -607.10     
    4854  -619.55     
    4855  -677.96     
    4856  -569.03     
    4857  -542.24     
    4858  -572.52     
    4859  -582.70     
    4860  -552.54     
    4861  -556.00     
    4862  -580.20     
    4863  -553.93     
    4864  -572.77     
    4865  -550.19     
    4866  -542.53     
    4867  -595.36     
    4868  -601.19     
    4869  -603.21     
    4870  -600.87     
    4871  -636.72     
    4872  -587.85     
    4873  -610.63     
    4874  -577.42     
    4875  -568.45     
 
  ***** POST1 NODAL DEGREE OF FREEDOM LISTING *****                            
 
  LOAD STEP=     1  SUBSTEP=     1                                             
   TIME=    1.0000      LOAD CASE=   0                                         
 
    NODE       VOLT  
    4876  -601.66     
    4877  -591.27     
    4878  -551.11     
    4879  -523.96     
    4880  -527.22     
    4881  -554.58     
    4882  -527.44     
    4883  -828.70     
    4884  -566.74     
    4885  -552.63     
    4886  -527.48     
    4887  -525.58     
    4888  -541.65     
    4889  -527.22     
    4890  -527.44     
    4891  -527.31     
    4892  -568.73     
    4893  -566.30     
    4894  -595.35     
    4895  -601.49     
    4896  -599.49     
    4897  -519.57     
    4898  -531.22     
    4899  -523.46     
    4900  -584.03     
    4901  -606.85     
    4902  -535.50     
    4903  -549.91     
    4904  -518.22     
    4905  -554.38     
    4906  -597.31     
    4907  -581.86     
    4908  -593.25     
    4909  -753.63     
    4910  -746.62     
    4911  -771.37     
    4912  -769.80     
    4913  -743.92     
    4914  -762.20     
 
  ***** POST1 NODAL DEGREE OF FREEDOM LISTING *****                            
 
  LOAD STEP=     1  SUBSTEP=     1                                             
   TIME=    1.0000      LOAD CASE=   0                                         
 
    NODE       VOLT  
    4915  -556.50     
    4916  -548.31     
    4917  -525.45     
    4918  -665.48     
    4919  -654.44     
    4920  -642.06     
    4921  -661.58     
    4922  -650.30     
    4923  -669.56     
    4924  -702.10     
    4925  -685.89     
    4926  -678.18     
    4927  -694.97     
    4928  -631.54     
    4929  -614.67     
    4930  -636.30     
    4931  -638.79     
    4932  -617.86     
    4933  -621.88     
    4934  -766.71     
    4935  -808.77     
    4936  -797.86     
    4937  -754.29     
    4938  -765.19     
    4939  -796.28     
    4940  -766.77     
    4941  -808.78     
    4942  -797.64     
    4943  -740.33     
    4944  -782.12     
    4945  -720.56     
    4946  -780.68     
    4947  -737.01     
    4948  -761.58     
    4949  -793.50     
    4950  -768.57     
    4951  -749.34     
    4952  -765.04     
    4953  -517.96     
 
  ***** POST1 NODAL DEGREE OF FREEDOM LISTING *****                            
 
  LOAD STEP=     1  SUBSTEP=     1                                             
   TIME=    1.0000      LOAD CASE=   0                                         
 
    NODE       VOLT  
    4954  -517.94     
    4955  -517.97     
    4956  -660.33     
    4957  -661.94     
    4958  -661.91     
    4959  -646.14     
    4960  -646.81     
    4961  -648.46     
    4962  -652.02     
    4963  -656.84     
    4964  -665.29     
    4965  -652.24     
    4966  -665.17     
    4967  -675.09     
    4968  -702.24     
    4969  -687.15     
    4970  -686.86     
    4971  -701.49     
    4972  -713.46     
    4973  -618.31     
    4974  -595.30     
    4975  -597.09     
    4976  -555.56     
    4977  -532.76     
    4978  -558.59     
    4979  -561.26     
    4980  -535.41     
    4981  -538.52     
    4982  -561.23     
    4983  -540.97     
    4984  -583.88     
    4985  -563.79     
    4986  -563.79     
    4987  -570.51     
    4988  -550.36     
    4989  -550.38     
    4990  -798.71     
    4991  -745.79     
    4992  -776.54     
 
  ***** POST1 NODAL DEGREE OF FREEDOM LISTING *****                            
 
  LOAD STEP=     1  SUBSTEP=     1                                             
   TIME=    1.0000      LOAD CASE=   0                                         
 
    NODE       VOLT  
    4993  -821.06     
    4994  -821.05     
    4995  -823.24     
    4996  -823.26     
    4997  -719.10     
    4998  -804.56     
    4999  -821.25     
    5000  -823.16     
    5001  -823.20     
    5002  -821.33     
    5003  -815.36     
    5004  -796.76     
    5005  -796.58     
    5006  -640.66     
    5007  -759.13     
    5008  -765.80     
    5009  -757.29     
    5010  -772.16     
    5011  -765.47     
    5012  -789.34     
    5013  -796.05     
    5014  -773.77     
    5015  -780.76     
    5016  -789.85     
    5017  -765.26     
    5018  -756.18     
    5019  -775.49     
    5020  -756.09     
    5021  -748.77     
    5022  -747.06     
    5023  -769.04     
    5024  -786.81     
    5025  -538.85     
    5026  -520.39     
    5027  -522.19     
    5028  -519.52     
    5029  -519.21     
    5030  -541.50     
    5031  -539.63     
 
  ***** POST1 NODAL DEGREE OF FREEDOM LISTING *****                            
 
  LOAD STEP=     1  SUBSTEP=     1                                             
   TIME=    1.0000      LOAD CASE=   0                                         
 
    NODE       VOLT  
    5032  -550.14     
    5033  -522.20     
    5034  -551.93     
    5035  -544.74     
    5036  -551.17     
    5037  -546.27     
    5038  -569.80     
    5039  -575.36     
    5040  -575.68     
    5041  -550.17     
    5042  -568.03     
    5043  -568.78     
    5044  -606.26     
    5045  -578.73     
    5046  -583.01     
    5047  -563.80     
    5048  -572.82     
    5049  -571.78     
    5050  -758.86     
    5051  -747.57     
    5052  -572.95     
    5053  -568.00     
    5054  -560.14     
    5055  -556.78     
    5056  -596.02     
    5057  -563.45     
    5058  -581.70     
    5059  -561.67     
    5060  -601.34     
    5061  -629.94     
    5062  -634.78     
    5063  -665.14     
    5064  -580.70     
    5065  -582.62     
    5066  -518.38     
    5067  -518.32     
    5068  -518.29     
    5069  -540.68     
    5070  -517.91     
 
  ***** POST1 NODAL DEGREE OF FREEDOM LISTING *****                            
 
  LOAD STEP=     1  SUBSTEP=     1                                             
   TIME=    1.0000      LOAD CASE=   0                                         
 
    NODE       VOLT  
    5071  -522.77     
    5072  -553.76     
    5073  -548.84     
    5074  -530.95     
    5075  -619.83     
    5076  -628.50     
    5077  -581.10     
    5078  -589.80     
    5079  -618.85     
    5080  -577.47     
    5081  -527.22     
    5082  -550.20     
    5083  -527.43     
    5084  -661.30     
    5085  -632.30     
    5086  -787.06     
    5087  -770.96     
    5088  -777.31     
    5089  -814.55     
    5090  -801.14     
    5091  -793.71     
    5092  -771.69     
    5093  -790.65     
    5094  -814.30     
    5095  -782.65     
    5096  -762.83     
    5097  -803.04     
    5098  -767.50     
    5099  -790.40     
    5100  -770.35     
    5101  -785.84     
    5102  -757.47     
    5103  -763.85     
    5104  -800.36     
    5105  -793.22     
    5106  -771.34     
    5107  -809.57     
    5108  -816.83     
    5109  -815.32     
 
  ***** POST1 NODAL DEGREE OF FREEDOM LISTING *****                            
 
  LOAD STEP=     1  SUBSTEP=     1                                             
   TIME=    1.0000      LOAD CASE=   0                                         
 
    NODE       VOLT  
    5110  -808.42     
    5111  -775.46     
    5112  -769.84     
    5113  -797.92     
    5114  -803.12     
    5115  -801.31     
    5116  -815.62     
    5117  -825.39     
    5118  -825.43     
    5119  -815.71     
    5120  -790.89     
    5121  -780.90     
    5122  -800.95     
    5123  -793.27     
    5124  -825.50     
    5125  -817.74     
    5126  -815.44     
    5127  -825.48     
    5128  -815.87     
    5129  -786.93     
    5130  -573.58     
    5131  -566.22     
    5132  -548.07     
    5133  -550.97     
    5134  -568.87     
    5135  -543.55     
    5136  -665.16     
    5137  -666.63     
    5138  -669.17     
    5139  -683.03     
    5140  -698.47     
    5141  -758.22     
    5142  -757.09     
    5143  -574.47     
    5144  -573.45     
    5145  -578.49     
    5146  -598.39     
    5147  -593.55     
    5148  -596.99     
 
  ***** POST1 NODAL DEGREE OF FREEDOM LISTING *****                            
 
  LOAD STEP=     1  SUBSTEP=     1                                             
   TIME=    1.0000      LOAD CASE=   0                                         
 
    NODE       VOLT  
    5149  -559.96     
    5150  -565.39     
    5151  -563.57     
    5152  -600.45     
    5153  -620.64     
    5154  -540.08     
    5155  -547.42     
    5156  -577.49     
    5157  -555.58     
    5158  -738.18     
    5159  -727.38     
    5160  -725.76     
    5161  -772.28     
    5162  -766.36     
    5163  -771.69     
    5164  -808.76     
    5165  -803.37     
    5166  -802.81     
    5167  -808.83     
    5168  -785.81     
    5169  -762.93     
    5170  -757.56     
    5171  -749.22     
    5172  -802.73     
    5173  -808.71     
    5174  -783.75     
    5175  -814.88     
    5176  -762.21     
    5177  -733.90     
    5178  -758.30     
    5179  -791.28     
    5180  -732.45     
    5181  -711.06     
    5182  -698.72     
    5183  -821.03     
    5184  -821.06     
    5185  -817.79     
    5186  -798.87     
    5187  -759.19     
 
  ***** POST1 NODAL DEGREE OF FREEDOM LISTING *****                            
 
  LOAD STEP=     1  SUBSTEP=     1                                             
   TIME=    1.0000      LOAD CASE=   0                                         
 
    NODE       VOLT  
    5188  -769.40     
    5189  -781.19     
    5190  -756.83     
    5191  -778.83     
    5192  -797.34     
    5193  -768.48     
    5194  -778.61     
    5195  -610.71     
    5196  -582.90     
    5197  -577.37     
    5198  -569.36     
    5199  -540.94     
    5200  -704.47     
    5201  -703.72     
    5202  -703.07     
    5203  -670.14     
    5204  -643.89     
    5205  -675.49     
    5206  -653.37     
    5207  -678.02     
    5208  -614.98     
    5209  -648.85     
    5210  -640.27     
    5211  -598.36     
    5212  -556.54     
    5213  -828.81     
    5214  -829.21     
    5215  -603.93     
    5216  -596.43     
    5217  -623.26     
    5218  -619.46     
    5219  -617.42     
    5220  -699.51     
    5221  -721.76     
    5222  -700.38     
    5223  -548.89     
    5224  -619.30     
    5225  -644.60     
    5226  -633.32     
 
  ***** POST1 NODAL DEGREE OF FREEDOM LISTING *****                            
 
  LOAD STEP=     1  SUBSTEP=     1                                             
   TIME=    1.0000      LOAD CASE=   0                                         
 
    NODE       VOLT  
    5227  -626.78     
    5228  -651.25     
    5229  -645.07     
    5230  -561.55     
    5231  -577.63     
    5232  -633.32     
    5233  -582.43     
    5234  -575.26     
    5235  -575.59     
    5236  -576.58     
    5237  -575.63     
    5238  -548.61     
    5239  -543.65     
    5240  -518.93     
    5241  -524.84     
    5242  -524.75     
    5243  -518.87     
    5244  -542.63     
    5245  -523.80     
    5246  -556.28     
    5247  -562.21     
    5248  -542.94     
    5249  -536.97     
    5250  -555.62     
    5251  -550.06     
    5252  -526.24     
    5253  -573.23     
    5254  -573.36     
    5255  -546.74     
    5256  -546.86     
    5257  -523.18     
    5258  -523.92     
    5259  -523.85     
    5260  -570.36     
    5261  -776.58     
    5262  -792.81     
    5263  -777.31     
    5264  -749.80     
    5265  -765.20     
 
  ***** POST1 NODAL DEGREE OF FREEDOM LISTING *****                            
 
  LOAD STEP=     1  SUBSTEP=     1                                             
   TIME=    1.0000      LOAD CASE=   0                                         
 
    NODE       VOLT  
    5266  -766.00     
    5267  -737.84     
    5268  -749.13     
    5269  -764.54     
    5270  -765.78     
    5271  -766.57     
    5272  -775.74     
    5273  -794.15     
    5274  -739.47     
    5275  -719.71     
    5276  -704.12     
    5277  -705.10     
    5278  -684.47     
    5279  -772.15     
    5280  -762.51     
    5281  -743.16     
    5282  -773.73     
    5283  -790.03     
    5284  -669.65     
    5285  -695.07     
    5286  -674.22     
    5287  -655.05     
    5288  -680.64     
    5289  -720.34     
    5290  -715.42     
    5291  -721.40     
    5292  -707.44     
    5293  -701.79     
    5294  -702.88     
    5295  -738.86     
    5296  -738.06     
    5297  -743.98     
    5298  -692.62     
    5299  -713.49     
    5300  -674.47     
    5301  -675.66     
    5302  -688.27     
    5303  -689.00     
    5304  -643.90     
 
  ***** POST1 NODAL DEGREE OF FREEDOM LISTING *****                            
 
  LOAD STEP=     1  SUBSTEP=     1                                             
   TIME=    1.0000      LOAD CASE=   0                                         
 
    NODE       VOLT  
    5305  -645.95     
    5306  -657.73     
    5307  -683.37     
    5308  -657.48     
    5309  -672.50     
    5310  -658.10     
    5311  -642.43     
    5312  -656.58     
    5313  -692.64     
    5314  -717.14     
    5315  -648.25     
    5316  -642.74     
    5317  -646.21     
    5318  -603.07     
    5319  -606.21     
    5320  -610.89     
    5321  -607.52     
    5322  -587.87     
    5323  -590.60     
    5324  -610.20     
    5325  -588.17     
    5326  -608.08     
    5327  -627.05     
    5328  -605.55     
    5329  -650.61     
    5330  -622.11     
    5331  -625.88     
    5332  -654.96     
    5333  -681.06     
    5334  -567.62     
    5335  -543.51     
    5336  -573.98     
    5337  -577.77     
    5338  -554.15     
    5339  -565.59     
    5340  -541.66     
    5341  -649.96     
    5342  -623.41     
    5343  -603.11     
 
  ***** POST1 NODAL DEGREE OF FREEDOM LISTING *****                            
 
  LOAD STEP=     1  SUBSTEP=     1                                             
   TIME=    1.0000      LOAD CASE=   0                                         
 
    NODE       VOLT  
    5344  -601.98     
    5345  -641.98     
    5346  -618.51     
    5347  -628.48     
    5348  -587.27     
    5349  -626.96     
    5350  -557.54     
    5351  -532.38     
    5352  -539.95     
    5353  -516.01     
    5354  -523.70     
    5355  -516.01     
    5356  -523.70     
    5357  -556.79     
    5358  -543.05     
    5359  -549.12     
    5360  -539.48     
    5361  -535.35     
    5362  -516.12     
    5363  -523.49     
    5364  -519.37     
    5365  -516.30     
    5366  -658.39     
    5367  -643.48     
    5368  -641.09     
    5369  -653.90     
    5370  -655.99     
    5371  -638.82     
    5372  -655.25     
    5373  -637.89     
    5374  -633.83     
    5375  -651.28     
    5376  -631.89     
    5377  -649.22     
    5378  -670.79     
    5379  -689.42     
    5380  -675.02     
    5381  -672.95     
    5382  -687.38     
 
  ***** POST1 NODAL DEGREE OF FREEDOM LISTING *****                            
 
  LOAD STEP=     1  SUBSTEP=     1                                             
   TIME=    1.0000      LOAD CASE=   0                                         
 
    NODE       VOLT  
    5383  -691.35     
    5384  -676.60     
    5385  -671.79     
    5386  -688.77     
    5387  -707.19     
    5388  -703.31     
    5389  -800.84     
    5390  -794.29     
    5391  -786.40     
    5392  -775.84     
    5393  -815.57     
    5394  -783.92     
    5395  -809.84     
    5396  -806.04     
    5397  -795.51     
    5398  -799.98     
    5399  -776.38     
    5400  -780.95     
    5401  -780.70     
    5402  -773.67     
    5403  -793.82     
    5404  -799.24     
    5405  -730.22     
    5406  -728.05     
    5407  -713.70     
    5408  -752.57     
    5409  -535.11     
    5410  -534.39     
    5411  -518.89     
    5412  -516.22     
    5413  -518.05     
    5414  -534.47     
    5415  -537.12     
    5416  -553.69     
    5417  -555.63     
    5418  -518.26     
    5419  -518.25     
    5420  -518.27     
    5421  -630.74     
 
  ***** POST1 NODAL DEGREE OF FREEDOM LISTING *****                            
 
  LOAD STEP=     1  SUBSTEP=     1                                             
   TIME=    1.0000      LOAD CASE=   0                                         
 
    NODE       VOLT  
    5422  -641.57     
    5423  -656.22     
    5424  -534.05     
    5425  -549.04     
    5426  -602.41     
    5427  -608.02     
    5428  -573.30     
    5429  -566.96     
    5430  -601.91     
    5431  -573.36     
    5432  -569.56     
    5433  -602.17     
    5434  -573.94     
    5435  -622.03     
    5436  -595.14     
    5437  -563.22     
    5438  -581.17     
    5439  -568.35     
    5440  -590.43     
    5441  -591.39     
    5442  -622.78     
    5443  -558.50     
    5444  -538.83     
    5445  -560.09     
    5446  -806.13     
    5447  -806.15     
    5448  -808.64     
    5449  -808.65     
    5450  -754.76     
    5451  -817.81     
    5452  -827.15     
    5453  -786.47     
    5454  -808.64     
    5455  -523.38     
    5456  -523.40     
    5457  -817.98     
    5458  -815.69     
    5459  -816.10     
    5460  -779.68     
 
  ***** POST1 NODAL DEGREE OF FREEDOM LISTING *****                            
 
  LOAD STEP=     1  SUBSTEP=     1                                             
   TIME=    1.0000      LOAD CASE=   0                                         
 
    NODE       VOLT  
    5461  -819.52     
    5462  -775.51     
    5463  -789.25     
    5464  -771.11     
    5465  -573.24     
    5466  -586.87     
    5467  -595.67     
    5468  -568.40     
    5469  -590.84     
    5470  -674.92     
    5471  -648.45     
    5472  -654.07     
    5473  -662.03     
    5474  -635.53     
    5475  -792.83     
    5476  -789.25     
    5477  -789.83     
    5478  -770.54     
    5479  -817.57     
    5480  -807.69     
    5481  -805.33     
    5482  -795.20     
    5483  -809.68     
    5484  -638.89     
    5485  -632.08     
    5486  -654.97     
    5487  -648.81     
    5488  -620.27     
    5489  -589.96     
    5490  -613.51     
    5491  -598.62     
    5492  -589.90     
    5493  -569.81     
    5494  -583.39     
    5495  -551.24     
    5496  -593.03     
    5497  -538.96     
    5498  -521.12     
    5499  -524.90     
 
  ***** POST1 NODAL DEGREE OF FREEDOM LISTING *****                            
 
  LOAD STEP=     1  SUBSTEP=     1                                             
   TIME=    1.0000      LOAD CASE=   0                                         
 
    NODE       VOLT  
    5500  -550.61     
    5501  -522.63     
    5502  -519.22     
    5503  -530.79     
    5504  -523.97     
    5505  -532.00     
    5506  -522.74     
    5507  -530.94     
    5508  -573.68     
    5509  -551.30     
    5510  -530.35     
    5511  -519.05     
    5512  -519.80     
    5513  -519.10     
    5514  -519.96     
    5515  -526.70     
    5516  -518.98     
    5517  -526.64     
    5518  -559.13     
    5519  -524.92     
    5520  -535.03     
    5521  -552.64     
    5522  -542.80     
    5523  -518.41     
    5524  -605.48     
    5525  -545.17     
    5526  -529.16     
    5527  -516.51     
    5528  -534.49     
    5529  -685.37     
    5530  -656.73     
    5531  -676.34     
    5532  -677.46     
    5533  -646.87     
    5534  -619.34     
    5535  -648.41     
    5536  -600.06     
    5537  -567.06     
    5538  -554.60     
 
  ***** POST1 NODAL DEGREE OF FREEDOM LISTING *****                            
 
  LOAD STEP=     1  SUBSTEP=     1                                             
   TIME=    1.0000      LOAD CASE=   0                                         
 
    NODE       VOLT  
    5539  -562.90     
    5540  -587.56     
    5541  -583.51     
    5542  -607.69     
    5543  -586.47     
    5544  -600.63     
    5545  -610.38     
    5546  -614.80     
    5547  -578.68     
    5548  -595.87     
    5549  -525.81     
    5550  -530.53     
    5551  -552.87     
    5552  -548.46     
    5553  -523.81     
    5554  -566.64     
    5555  -562.69     
    5556  -552.09     
    5557  -541.65     
    5558  -547.89     
    5559  -568.42     
    5560  -563.52     
    5561  -544.74     
    5562  -560.75     
    5563  -588.73     
    5564  -606.61     
    5565  -583.23     
    5566  -557.70     
    5567  -581.21     
    5568  -575.59     
    5569  -557.05     
    5570  -597.13     
    5571  -578.64     
    5572  -609.03     
    5573  -601.23     
    5574  -798.81     
    5575  -799.21     
    5576  -789.96     
    5577  -776.69     
 
  ***** POST1 NODAL DEGREE OF FREEDOM LISTING *****                            
 
  LOAD STEP=     1  SUBSTEP=     1                                             
   TIME=    1.0000      LOAD CASE=   0                                         
 
    NODE       VOLT  
    5578  -785.06     
    5579  -777.60     
    5580  -795.49     
    5581  -795.21     
    5582  -815.20     
    5583  -815.35     
    5584  -816.11     
    5585  -792.11     
    5586  -816.13     
    5587  -775.01     
    5588  -773.29     
    5589  -762.45     
    5590  -617.99     
    5591  -633.58     
    5592  -625.08     
    5593  -678.86     
    5594  -698.11     
    5595  -794.99     
    5596  -779.45     
    5597  -811.70     
    5598  -795.64     
    5599  -811.25     
    5600  -768.16     
    5601  -755.97     
    5602  -753.90     
    5603  -523.81     
    5604  -523.80     
    5605  -523.69     
    5606  -547.49     
    5607  -523.70     
    5608  -520.85     
    5609  -526.56     
    5610  -526.51     
    5611  -550.38     
    5612  -575.49     
    5613  -578.32     
    5614  -624.20     
    5615  -563.35     
    5616  -655.41     
 
  ***** POST1 NODAL DEGREE OF FREEDOM LISTING *****                            
 
  LOAD STEP=     1  SUBSTEP=     1                                             
   TIME=    1.0000      LOAD CASE=   0                                         
 
    NODE       VOLT  
    5617  -672.14     
    5618  -667.03     
    5619  -613.27     
    5620  -672.13     
    5621  -670.25     
    5622  -671.39     
    5623  -656.86     
    5624  -657.24     
    5625  -544.30     
    5626  -526.33     
    5627  -573.79     
    5628  -549.38     
    5629  -549.38     
    5630  -818.00     
    5631  -817.59     
    5632  -817.68     
    5633  -613.03     
    5634  -642.94     
    5635  -629.34     
    5636  -574.62     
    5637  -605.26     
    5638  -575.17     
    5639  -574.07     
    5640  -754.64     
    5641  -744.10     
    5642  -738.87     
    5643  -769.03     
    5644  -774.30     
    5645  -758.46     
    5646  -776.35     
    5647  -754.31     
    5648  -781.51     
    5649  -764.93     
    5650  -770.32     
    5651  -777.45     
    5652  -733.76     
    5653  -766.62     
    5654  -750.77     
    5655  -756.17     
 
  ***** POST1 NODAL DEGREE OF FREEDOM LISTING *****                            
 
  LOAD STEP=     1  SUBSTEP=     1                                             
   TIME=    1.0000      LOAD CASE=   0                                         
 
    NODE       VOLT  
    5656  -712.73     
    5657  -714.27     
    5658  -733.47     
    5659  -735.23     
    5660  -735.30     
    5661  -732.72     
    5662  -743.13     
    5663  -703.11     
    5664  -642.39     
    5665  -654.11     
    5666  -639.90     
    5667  -637.76     
    5668  -669.45     
    5669  -599.08     
    5670  -663.36     
    5671  -643.61     
    5672  -530.44     
    5673  -526.43     
    5674  -526.72     
    5675  -531.06     
    5676  -577.97     
    5677  -583.24     
    5678  -608.43     
    5679  -580.67     
    5680  -552.87     
    5681  -526.72     
    5682  -523.95     
    5683  -790.76     
    5684  -814.72     
    5685  -815.09     
    5686  -815.34     
    5687  -815.22     
    5688  -815.30     
    5689  -794.04     
    5690  -815.55     
    5691  -756.88     
    5692  -526.51     
    5693  -585.57     
    5694  -592.72     
 
  ***** POST1 NODAL DEGREE OF FREEDOM LISTING *****                            
 
  LOAD STEP=     1  SUBSTEP=     1                                             
   TIME=    1.0000      LOAD CASE=   0                                         
 
    NODE       VOLT  
    5695  -540.80     
    5696  -530.38     
    5697  -523.07     
    5698  -524.62     
    5699  -516.54     
    5700  -599.66     
    5701  -622.72     
    5702  -535.82     
    5703  -538.41     
    5704  -517.96     
    5705  -517.89     
    5706  -520.55     
    5707  -535.79     
    5708  -532.66     
    5709  -550.11     
    5710  -550.02     
    5711  -547.07     
    5712  -554.08     
    5713  -536.44     
    5714  -710.95     
    5715  -735.69     
    5716  -625.17     
    5717  -800.02     
    5718  -799.76     
    5719  -675.99     
    5720  -588.39     
    5721  -564.29     
    5722  -596.81     
    5723  -605.09     
    5724  -573.59     
    5725  -581.31     
    5726  -612.70     
    5727  -675.68     
    5728  -647.62     
    5729  -560.64     
    5730  -607.55     
    5731  -606.82     
    5732  -823.04     
    5733  -822.93     
 
  ***** POST1 NODAL DEGREE OF FREEDOM LISTING *****                            
 
  LOAD STEP=     1  SUBSTEP=     1                                             
   TIME=    1.0000      LOAD CASE=   0                                         
 
    NODE       VOLT  
    5734  -822.79     
    5735  -588.80     
    5736  -682.59     
    5737  -738.35     
    5738  -709.83     
    5739  -693.57     
    5740  -621.71     
    5741  -626.25     
    5742  -660.41     
    5743  -544.42     
    5744  -525.13     
    5745  -551.70     
    5746  -543.04     
    5747  -537.79     
    5748  -515.37     
    5749  -529.32     
    5750  -529.11     
    5751  -515.49     
    5752  -547.76     
    5753  -561.19     
    5754  -510.61     
    5755  -514.75     
    5756  -527.73     
    5757  -525.66     
    5758  -539.74     
    5759  -765.30     
    5760  -711.22     
    5761  -754.37     
    5762  -726.39     
    5763  -812.73     
    5764  -812.82     
    5765  -812.76     
    5766  -816.46     
    5767  -816.69     
    5768  -821.07     
    5769  -816.71     
    5770  -821.08     
    5771  -520.24     
    5772  -547.43     
 
  ***** POST1 NODAL DEGREE OF FREEDOM LISTING *****                            
 
  LOAD STEP=     1  SUBSTEP=     1                                             
   TIME=    1.0000      LOAD CASE=   0                                         
 
    NODE       VOLT  
    5773  -525.32     
    5774  -771.84     
    5775  -823.39     
    5776  -788.43     
    5777  -751.57     
    5778  -785.97     
    5779  -802.88     
    5780  -703.51     
    5781  -816.62     
    5782  -813.43     
    5783  -816.65     
    5784  -806.04     
    5785  -631.02     
    5786  -607.56     
    5787  -555.90     
    5788  -561.24     
    5789  -570.99     
    5790  -659.18     
    5791  -822.89     
    5792  -809.68     
    5793  -818.06     
    5794  -797.98     
    5795  -767.62     
    5796  -786.12     
    5797  -780.95     
    5798  -811.43     
    5799  -811.40     
    5800  -817.89     
    5801  -777.61     
    5802  -753.58     
    5803  -799.39     
    5804  -780.77     
    5805  -818.15     
    5806  -818.13     
    5807  -818.11     
    5808  -580.89     
    5809  -598.97     
    5810  -820.83     
    5811  -821.12     
 
  ***** POST1 NODAL DEGREE OF FREEDOM LISTING *****                            
 
  LOAD STEP=     1  SUBSTEP=     1                                             
   TIME=    1.0000      LOAD CASE=   0                                         
 
    NODE       VOLT  
    5812  -821.16     
    5813  -534.79     
    5814  -550.84     
    5815  -557.83     
    5816  -516.26     
    5817  -536.78     
    5818  -546.64     
    5819  -527.03     
    5820  -511.53     
    5821  -535.31     
    5822  -554.05     
    5823  -529.59     
    5824  -543.19     
    5825  -557.13     
    5826  -599.26     
    5827  -579.94     
    5828  -608.61     
    5829  -606.83     
    5830  -578.06     
    5831  -587.94     
    5832  -565.99     
    5833  -572.90     
    5834  -546.98     
    5835  -540.77     
    5836  -524.61     
    5837  -516.31     
    5838  -516.32     
    5839  -524.63     
    5840  -531.08     
    5841  -514.89     
    5842  -516.24     
    5843  -514.82     
    5844  -534.08     
    5845  -517.86     
    5846  -536.09     
    5847  -555.26     
    5848  -518.19     
    5849  -547.89     
    5850  -526.38     
 
  ***** POST1 NODAL DEGREE OF FREEDOM LISTING *****                            
 
  LOAD STEP=     1  SUBSTEP=     1                                             
   TIME=    1.0000      LOAD CASE=   0                                         
 
    NODE       VOLT  
    5851  -521.56     
    5852  -521.44     
    5853  -526.32     
    5854  -571.85     
    5855  -576.44     
    5856  -595.40     
    5857  -571.64     
    5858  -520.28     
    5859  -518.43     
    5860  -515.92     
    5861  -570.94     
    5862  -563.11     
    5863  -586.80     
    5864  -522.52     
    5865  -531.13     
    5866  -540.93     
    5867  -519.91     
    5868  -521.85     
    5869  -550.40     
    5870  -517.12     
    5871  -521.06     
    5872  -529.44     
    5873  -517.24     
    5874  -529.69     
    5875  -510.61     
    5876  -517.29     
    5877  -529.87     
    5878  -514.80     
    5879  -580.04     
    5880  -553.77     
    5881  -524.37     
    5882  -789.67     
    5883  -815.41     
    5884  -774.74     
    5885  -823.88     
    5886  -800.46     
    5887  -821.33     
    5888  -805.18     
    5889  -793.74     
 
  ***** POST1 NODAL DEGREE OF FREEDOM LISTING *****                            
 
  LOAD STEP=     1  SUBSTEP=     1                                             
   TIME=    1.0000      LOAD CASE=   0                                         
 
    NODE       VOLT  
    5890  -775.63     
    5891  -789.35     
    5892  -824.18     
    5893  -809.58     
    5894  -819.68     
    5895  -800.97     
    5896  -824.14     
    5897  -824.09     
    5898  -823.93     
    5899  -816.86     
    5900  -800.97     
    5901  -816.91     
    5902  -802.68     
    5903  -818.54     
    5904  -818.50     
    5905  -816.98     
    5906  -816.72     
    5907  -778.09     
    5908  -794.39     
    5909  -806.79     
    5910  -824.07     
    5911  -810.37     
    5912  -823.50     
    5913  -810.77     
    5914  -773.67     
    5915  -802.60     
    5916  -785.72     
    5917  -770.02     
    5918  -799.56     
    5919  -798.89     
    5920  -760.70     
    5921  -754.31     
    5922  -734.35     
    5923  -737.19     
    5924  -815.71     
    5925  -815.80     
    5926  -823.00     
    5927  -798.49     
    5928  -822.75     
 
  ***** POST1 NODAL DEGREE OF FREEDOM LISTING *****                            
 
  LOAD STEP=     1  SUBSTEP=     1                                             
   TIME=    1.0000      LOAD CASE=   0                                         
 
    NODE       VOLT  
    5929  -763.51     
    5930  -730.79     
    5931  -757.83     
    5932  -729.64     
    5933  -527.35     
    5934  -550.41     
    5935  -762.51     
    5936  -759.80     
    5937  -807.02     
    5938  -520.19     
    5939  -669.93     
    5940  -551.87     
    5941  -517.47     
    5942  -538.77     
    5943  -540.24     
    5944  -522.84     
    5945  -690.57     
    5946  -710.67     
    5947  -709.27     
    5948  -692.88     
    5949  -673.97     
    5950  -656.19     
    5951  -634.45     
    5952  -652.19     
    5953  -638.56     
    5954  -638.84     
    5955  -631.85     
    5956  -620.81     
    5957  -624.92     
    5958  -636.00     
    5959  -664.54     
    5960  -685.22     
    5961  -620.35     
    5962  -650.57     
    5963  -622.32     
    5964  -627.91     
    5965  -664.19     
    5966  -662.98     
    5967  -649.43     
 
  ***** POST1 NODAL DEGREE OF FREEDOM LISTING *****                            
 
  LOAD STEP=     1  SUBSTEP=     1                                             
   TIME=    1.0000      LOAD CASE=   0                                         
 
    NODE       VOLT  
    5968  -685.33     
    5969  -682.56     
    5970  -701.14     
    5971  -567.67     
    5972  -558.98     
    5973  -536.51     
    5974  -557.99     
    5975  -813.58     
    5976  -813.65     
    5977  -813.32     
    5978  -822.74     
    5979  -822.75     
    5980  -822.76     
    5981  -767.74     
    5982  -767.38     
    5983  -733.45     
    5984  -732.94     
    5985  -770.50     
    5986  -772.23     
    5987  -795.51     
    5988  -736.07     
    5989  -760.79     
    5990  -817.01     
    5991  -818.56     
    5992  -816.54     
    5993  -816.98     
    5994  -816.52     
    5995  -795.13     
    5996  -816.88     
    5997  -817.15     
    5998  -793.67     
    5999  -793.85     
    6000  -720.22     
    6001  -767.17     
    6002  -793.42     
    6003  -653.13     
    6004  -702.10     
    6005  -678.87     
    6006  -659.21     
 
  ***** POST1 NODAL DEGREE OF FREEDOM LISTING *****                            
 
  LOAD STEP=     1  SUBSTEP=     1                                             
   TIME=    1.0000      LOAD CASE=   0                                         
 
    NODE       VOLT  
    6007  -657.78     
    6008  -626.58     
    6009  -595.71     
    6010  -586.28     
    6011  -591.37     
    6012  -729.67     
    6013  -713.55     
    6014  -712.37     
    6015  -625.57     
    6016  -699.51     
    6017  -731.72     
    6018  -609.02     
    6019  -605.68     
    6020  -585.63     
    6021  -599.15     
    6022  -612.80     
    6023  -636.45     
    6024  -629.99     
    6025  -561.97     
    6026  -524.97     
    6027  -524.99     
    6028  -583.22     
    6029  -555.87     
    6030  -577.11     
    6031  -544.94     
    6032  -544.95     
    6033  -518.74     
    6034  -526.26     
    6035  -518.59     
    6036  -518.71     
    6037  -518.68     
    6038  -730.60     
    6039  -763.82     
    6040  -743.93     
    6041  -781.54     
    6042  -790.86     
    6043  -752.86     
    6044  -816.55     
    6045  -816.56     
 
  ***** POST1 NODAL DEGREE OF FREEDOM LISTING *****                            
 
  LOAD STEP=     1  SUBSTEP=     1                                             
   TIME=    1.0000      LOAD CASE=   0                                         
 
    NODE       VOLT  
    6046  -816.57     
    6047  -642.41     
    6048  -652.71     
    6049  -636.04     
    6050  -678.12     
    6051  -646.43     
    6052  -734.65     
    6053  -753.59     
    6054  -758.33     
    6055  -783.34     
    6056  -798.02     
    6057  -778.95     
    6058  -801.83     
    6059  -820.85     
    6060  -816.98     
    6061  -786.33     
    6062  -804.20     
    6063  -800.60     
    6064  -762.75     
    6065  -737.95     
    6066  -745.45     
    6067  -740.18     
    6068  -763.38     
    6069  -763.32     
    6070  -828.04     
    6071  -807.99     
    6072  -807.49     
    6073  -783.98     
    6074  -713.16     
    6075  -678.83     
    6076  -719.43     
    6077  -700.78     
    6078  -706.70     
    6079  -712.72     
    6080  -679.26     
    6081  -716.98     
    6082  -717.16     
    6083  -814.72     
    6084  -789.38     
 
  ***** POST1 NODAL DEGREE OF FREEDOM LISTING *****                            
 
  LOAD STEP=     1  SUBSTEP=     1                                             
   TIME=    1.0000      LOAD CASE=   0                                         
 
    NODE       VOLT  
    6085  -811.64     
    6086  -689.92     
    6087  -724.15     
    6088  -684.85     
    6089  -817.03     
    6090  -823.14     
    6091  -816.36     
    6092  -823.04     
    6093  -745.27     
    6094  -755.69     
    6095  -739.19     
    6096  -730.04     
    6097  -809.73     
    6098  -756.17     
    6099  -766.29     
    6100  -726.98     
    6101  -813.16     
    6102  -783.51     
    6103  -796.70     
    6104  -761.66     
    6105  -600.10     
    6106  -604.80     
    6107  -619.87     
    6108  -636.77     
    6109  -627.73     
    6110  -638.29     
    6111  -613.41     
    6112  -630.81     
    6113  -592.05     
    6114  -569.62     
    6115  -603.44     
    6116  -586.23     
    6117  -581.12     
    6118  -808.79     
    6119  -744.67     
    6120  -767.84     
    6121  -692.65     
    6122  -732.94     
    6123  -718.83     
 
  ***** POST1 NODAL DEGREE OF FREEDOM LISTING *****                            
 
  LOAD STEP=     1  SUBSTEP=     1                                             
   TIME=    1.0000      LOAD CASE=   0                                         
 
    NODE       VOLT  
    6124  -698.19     
    6125  -725.58     
    6126  -687.05     
    6127  -721.78     
    6128  -730.36     
    6129  -759.70     
    6130  -690.25     
    6131  -659.38     
    6132  -693.17     
    6133  -592.91     
    6134  -694.65     
    6135  -679.69     
    6136  -657.59     
    6137  -641.63     
    6138  -653.33     
    6139  -635.20     
    6140  -668.25     
    6141  -673.13     
    6142  -625.69     
    6143  -687.31     
    6144  -685.98     
    6145  -715.34     
    6146  -720.98     
    6147  -734.45     
    6148  -713.88     
    6149  -731.84     
    6150  -607.19     
    6151  -697.45     
    6152  -721.37     
    6153  -677.38     
    6154  -647.72     
    6155  -691.75     
    6156  -645.63     
    6157  -673.62     
    6158  -620.25     
    6159  -619.36     
    6160  -613.18     
    6161  -672.32     
    6162  -708.28     
 
  ***** POST1 NODAL DEGREE OF FREEDOM LISTING *****                            
 
  LOAD STEP=     1  SUBSTEP=     1                                             
   TIME=    1.0000      LOAD CASE=   0                                         
 
    NODE       VOLT  
    6163  -714.84     
    6164  -812.76     
    6165  -803.36     
    6166  -802.43     
    6167  -813.53     
    6168  -828.89     
    6169  -808.35     
    6170  -819.44     
    6171  -813.49     
    6172  -813.46     
    6173  -826.71     
    6174  -826.74     
    6175  -659.19     
    6176  -653.12     
    6177  -671.22     
    6178  -673.58     
    6179  -709.09     
    6180  -543.10     
    6181  -544.01     
    6182  -581.25     
    6183  -655.68     
    6184  -644.71     
    6185  -518.25     
    6186  -517.83     
    6187  -517.86     
    6188  -773.72     
    6189  -774.18     
    6190  -749.41     
    6191  -726.66     
    6192  -737.11     
    6193  -713.26     
    6194  -743.68     
    6195  -756.55     
    6196  -731.26     
    6197  -786.87     
    6198  -787.65     
    6199  -776.12     
    6200  -725.69     
    6201  -745.45     
 
  ***** POST1 NODAL DEGREE OF FREEDOM LISTING *****                            
 
  LOAD STEP=     1  SUBSTEP=     1                                             
   TIME=    1.0000      LOAD CASE=   0                                         
 
    NODE       VOLT  
    6202  -558.36     
    6203  -558.41     
    6204  -558.38     
    6205  -579.36     
    6206  -558.39     
    6207  -536.10     
    6208  -561.01     
    6209  -524.98     
    6210  -536.07     
    6211  -518.70     
    6212  -530.94     
    6213  -524.97     
    6214  -562.35     
    6215  -524.97     
    6216  -539.80     
    6217  -594.68     
    6218  -583.59     
    6219  -588.18     
    6220  -593.25     
    6221  -587.13     
    6222  -602.42     
    6223  -672.35     
    6224  -670.29     
    6225  -629.84     
    6226  -627.64     
    6227  -572.89     
    6228  -795.91     
    6229  -631.27     
    6230  -668.64     
    6231  -609.16     
    6232  -698.54     
    6233  -547.09     
    6234  -582.50     
    6235  -545.55     
    6236  -572.37     
    6237  -545.36     
    6238  -517.87     
    6239  -527.47     
    6240  -527.49     
 
  ***** POST1 NODAL DEGREE OF FREEDOM LISTING *****                            
 
  LOAD STEP=     1  SUBSTEP=     1                                             
   TIME=    1.0000      LOAD CASE=   0                                         
 
    NODE       VOLT  
    6241  -517.89     
    6242  -527.48     
    6243  -517.93     
    6244  -535.78     
    6245  -517.88     
    6246  -517.91     
    6247  -517.87     
    6248  -557.96     
    6249  -517.90     
    6250  -615.84     
    6251  -594.19     
    6252  -601.84     
    6253  -608.04     
    6254  -599.26     
    6255  -805.46     
    6256  -587.14     
    6257  -633.71     
    6258  -631.43     
    6259  -636.03     
    6260  -600.51     
    6261  -699.25     
    6262  -718.72     
    6263  -709.19     
    6264  -710.33     
    6265  -719.01     
    6266  -730.42     
    6267  -687.20     
    6268  -696.69     
    6269  -673.16     
    6270  -669.61     
    6271  -681.94     
    6272  -706.32     
    6273  -610.93     
    6274  -619.87     
    6275  -620.57     
    6276  -594.07     
    6277  -594.66     
    6278  -603.50     
    6279  -639.71     
 
  ***** POST1 NODAL DEGREE OF FREEDOM LISTING *****                            
 
  LOAD STEP=     1  SUBSTEP=     1                                             
   TIME=    1.0000      LOAD CASE=   0                                         
 
    NODE       VOLT  
    6280  -638.85     
    6281  -611.30     
    6282  -607.92     
    6283  -625.82     
    6284  -628.50     
    6285  -624.33     
    6286  -594.11     
    6287  -576.88     
    6288  -594.33     
    6289  -607.02     
    6290  -590.88     
    6291  -590.77     
    6292  -524.91     
    6293  -525.43     
    6294  -525.42     
    6295  -599.41     
    6296  -573.16     
    6297  -525.78     
    6298  -522.84     
    6299  -547.97     
    6300  -523.26     
    6301  -525.15     
    6302  -524.30     
    6303  -522.47     
    6304  -546.46     
    6305  -827.44     
    6306  -827.39     
    6307  -827.35     
    6308  -520.58     
    6309  -520.53     
    6310  -526.32     
    6311  -519.58     
    6312  -526.61     
    6313  -816.02     
    6314  -820.62     
    6315  -767.14     
    6316  -784.74     
    6317  -803.15     
    6318  -816.38     
 
  ***** POST1 NODAL DEGREE OF FREEDOM LISTING *****                            
 
  LOAD STEP=     1  SUBSTEP=     1                                             
   TIME=    1.0000      LOAD CASE=   0                                         
 
    NODE       VOLT  
    6319  -803.40     
    6320  -816.02     
    6321  -814.89     
    6322  -781.29     
    6323  -794.01     
    6324  -747.90     
    6325  -688.07     
    6326  -707.67     
    6327  -709.58     
    6328  -699.38     
    6329  -733.75     
    6330  -700.18     
    6331  -703.60     
    6332  -692.04     
    6333  -591.63     
    6334  -674.23     
    6335  -665.51     
    6336  -681.77     
    6337  -692.67     
    6338  -681.59     
    6339  -706.87     
    6340  -706.84     
    6341  -747.49     
    6342  -727.36     
    6343  -723.83     
    6344  -784.12     
    6345  -713.44     
    6346  -731.94     
    6347  -809.33     
    6348  -775.19     
    6349  -784.88     
    6350  -754.71     
    6351  -776.70     
    6352  -777.43     
    6353  -807.95     
    6354  -817.66     
    6355  -807.90     
    6356  -828.29     
    6357  -828.45     
 
  ***** POST1 NODAL DEGREE OF FREEDOM LISTING *****                            
 
  LOAD STEP=     1  SUBSTEP=     1                                             
   TIME=    1.0000      LOAD CASE=   0                                         
 
    NODE       VOLT  
    6358  -819.51     
    6359  -829.43     
    6360  -774.62     
    6361  -763.04     
    6362  -510.46     
    6363  -521.68     
    6364  -521.60     
    6365  -527.52     
    6366  -640.19     
    6367  -615.32     
    6368  -674.65     
    6369  -688.09     
    6370  -693.04     
    6371  -677.00     
    6372  -685.13     
    6373  -681.44     
    6374  -678.44     
    6375  -672.29     
    6376  -674.81     
    6377  -709.33     
    6378  -729.56     
    6379  -729.54     
    6380  -745.84     
    6381  -745.78     
    6382  -827.16     
    6383  -821.42     
    6384  -819.16     
    6385  -759.73     
    6386  -775.81     
    6387  -804.72     
    6388  -819.27     
    6389  -819.08     
    6390  -794.90     
    6391  -823.53     
    6392  -797.85     
    6393  -813.85     
    6394  -780.32     
    6395  -822.05     
    6396  -824.01     
 
  ***** POST1 NODAL DEGREE OF FREEDOM LISTING *****                            
 
  LOAD STEP=     1  SUBSTEP=     1                                             
   TIME=    1.0000      LOAD CASE=   0                                         
 
    NODE       VOLT  
    6397  -771.60     
    6398  -562.11     
    6399  -539.11     
    6400  -517.63     
    6401  -539.79     
    6402  -554.39     
    6403  -548.23     
    6404  -517.80     
    6405  -531.99     
    6406  -517.72     
    6407  -522.32     
    6408  -539.65     
    6409  -701.32     
    6410  -710.72     
    6411  -730.73     
    6412  -720.61     
    6413  -750.12     
    6414  -740.12     
    6415  -759.78     
    6416  -685.48     
    6417  -694.41     
    6418  -716.66     
    6419  -684.00     
    6420  -731.71     
    6421  -754.18     
    6422  -761.65     
    6423  -772.21     
    6424  -784.32     
    6425  -746.22     
    6426  -717.79     
    6427  -760.47     
    6428  -727.80     
    6429  -813.73     
    6430  -813.79     
    6431  -558.95     
    6432  -576.95     
    6433  -556.79     
    6434  -548.47     
    6435  -561.97     
 
  ***** POST1 NODAL DEGREE OF FREEDOM LISTING *****                            
 
  LOAD STEP=     1  SUBSTEP=     1                                             
   TIME=    1.0000      LOAD CASE=   0                                         
 
    NODE       VOLT  
    6436  -544.65     
    6437  -518.62     
    6438  -517.87     
    6439  -591.49     
    6440  -574.72     
    6441  -818.59     
    6442  -783.20     
    6443  -776.77     
    6444  -763.14     
    6445  -784.02     
    6446  -791.66     
    6447  -695.06     
    6448  -734.52     
    6449  -759.43     
    6450  -692.18     
    6451  -668.72     
    6452  -662.18     
    6453  -821.35     
    6454  -671.90     
    6455  -629.94     
    6456  -638.12     
    6457  -644.86     
    6458  -630.77     
    6459  -669.84     
    6460  -694.89     
    6461  -688.41     
    6462  -714.14     
    6463  -697.59     
    6464  -821.34     
    6465  -689.44     
    6466  -690.69     
    6467  -790.20     
    6468  -821.33     
    6469  -600.08     
    6470  -582.80     
    6471  -603.45     
    6472  -609.39     
    6473  -588.74     
    6474  -592.25     
 
  ***** POST1 NODAL DEGREE OF FREEDOM LISTING *****                            
 
  LOAD STEP=     1  SUBSTEP=     1                                             
   TIME=    1.0000      LOAD CASE=   0                                         
 
    NODE       VOLT  
    6475  -660.68     
    6476  -595.82     
    6477  -605.09     
    6478  -592.29     
    6479  -575.71     
    6480  -576.65     
    6481  -642.55     
    6482  -624.50     
    6483  -631.68     
    6484  -649.68     
    6485  -635.51     
    6486  -600.09     
    6487  -582.75     
    6488  -651.94     
    6489  -750.35     
    6490  -781.17     
    6491  -747.17     
    6492  -799.87     
    6493  -793.50     
    6494  -738.72     
    6495  -727.83     
    6496  -731.00     
    6497  -785.08     
    6498  -726.46     
    6499  -761.02     
    6500  -755.67     
    6501  -734.01     
    6502  -757.23     
    6503  -735.39     
    6504  -751.35     
    6505  -754.42     
    6506  -732.45     
    6507  -745.64     
    6508  -721.00     
    6509  -723.83     
    6510  -583.60     
    6511  -565.28     
    6512  -605.42     
    6513  -566.24     
 
  ***** POST1 NODAL DEGREE OF FREEDOM LISTING *****                            
 
  LOAD STEP=     1  SUBSTEP=     1                                             
   TIME=    1.0000      LOAD CASE=   0                                         
 
    NODE       VOLT  
    6514  -564.07     
    6515  -565.93     
    6516  -548.40     
    6517  -614.66     
    6518  -574.29     
    6519  -537.58     
    6520  -561.59     
    6521  -602.04     
    6522  -619.98     
    6523  -595.53     
    6524  -620.82     
    6525  -614.83     
    6526  -583.43     
    6527  -524.93     
    6528  -526.43     
    6529  -649.46     
    6530  -642.10     
    6531  -601.46     
    6532  -581.38     
    6533  -577.08     
    6534  -591.27     
    6535  -658.45     
    6536  -673.24     
    6537  -607.07     
    6538  -713.88     
    6539  -718.14     
    6540  -728.05     
    6541  -704.52     
    6542  -690.06     
    6543  -713.62     
    6544  -746.16     
    6545  -725.38     
    6546  -705.30     
    6547  -716.98     
    6548  -557.22     
    6549  -549.66     
    6550  -542.06     
    6551  -534.45     
    6552  -593.02     
 
  ***** POST1 NODAL DEGREE OF FREEDOM LISTING *****                            
 
  LOAD STEP=     1  SUBSTEP=     1                                             
   TIME=    1.0000      LOAD CASE=   0                                         
 
    NODE       VOLT  
    6553  -573.09     
    6554  -565.97     
    6555  -589.80     
    6556  -582.59     
    6557  -654.39     
    6558  -630.43     
    6559  -688.39     
    6560  -672.78     
    6561  -524.03     
    6562  -584.75     
    6563  -555.99     
    6564  -589.32     
    6565  -551.83     
    6566  -522.42     
    6567  -522.19     
    6568  -656.74     
    6569  -667.64     
    6570  -625.43     
    6571  -701.42     
    6572  -613.46     
    6573  -756.35     
    6574  -700.93     
    6575  -744.30     
    6576  -771.02     
    6577  -715.46     
    6578  -721.34     
    6579  -706.75     
    6580  -763.35     
    6581  -725.46     
    6582  -748.51     
    6583  -778.96     
    6584  -783.36     
    6585  -799.44     
    6586  -820.47     
    6587  -779.81     
    6588  -799.42     
    6589  -820.45     
    6590  -798.54     
    6591  -747.19     
 
  ***** POST1 NODAL DEGREE OF FREEDOM LISTING *****                            
 
  LOAD STEP=     1  SUBSTEP=     1                                             
   TIME=    1.0000      LOAD CASE=   0                                         
 
    NODE       VOLT  
    6592  -820.38     
    6593  -741.85     
    6594  -703.80     
    6595  -744.69     
    6596  -777.61     
    6597  -714.44     
    6598  -715.11     
    6599  -719.62     
    6600  -591.13     
    6601  -571.93     
    6602  -569.14     
    6603  -544.33     
    6604  -574.86     
    6605  -556.65     
    6606  -550.52     
    6607  -601.69     
    6608  -613.44     
    6609  -600.73     
    6610  -600.74     
    6611  -613.93     
    6612  -624.05     
    6613  -605.37     
    6614  -617.13     
    6615  -591.17     
    6616  -704.60     
    6617  -727.90     
    6618  -717.05     
    6619  -732.05     
    6620  -718.25     
    6621  -706.37     
    6622  -723.76     
    6623  -734.55     
    6624  -710.46     
    6625  -711.17     
    6626  -688.89     
    6627  -733.34     
    6628  -719.49     
    6629  -582.26     
    6630  -559.42     
 
  ***** POST1 NODAL DEGREE OF FREEDOM LISTING *****                            
 
  LOAD STEP=     1  SUBSTEP=     1                                             
   TIME=    1.0000      LOAD CASE=   0                                         
 
    NODE       VOLT  
    6631  -519.94     
    6632  -523.36     
    6633  -705.78     
    6634  -715.81     
    6635  -726.42     
    6636  -588.02     
    6637  -624.36     
    6638  -540.77     
    6639  -520.83     
    6640  -519.96     
    6641  -519.95     
    6642  -546.67     
    6643  -523.86     
    6644  -526.58     
    6645  -775.67     
    6646  -794.24     
    6647  -756.08     
    6648  -816.77     
    6649  -800.50     
    6650  -816.74     
    6651  -800.43     
    6652  -792.54     
    6653  -793.38     
    6654  -816.77     
    6655  -816.78     
    6656  -804.81     
    6657  -817.33     
    6658  -791.63     
    6659  -727.52     
    6660  -727.44     
    6661  -740.74     
    6662  -752.27     
    6663  -766.65     
    6664  -766.67     
    6665  -520.99     
    6666  -764.94     
    6667  -742.63     
    6668  -743.87     
    6669  -795.71     
 
  ***** POST1 NODAL DEGREE OF FREEDOM LISTING *****                            
 
  LOAD STEP=     1  SUBSTEP=     1                                             
   TIME=    1.0000      LOAD CASE=   0                                         
 
    NODE       VOLT  
    6670  -820.41     
    6671  -784.54     
    6672  -777.87     
    6673  -814.07     
    6674  -797.56     
    6675  -789.02     
    6676  -796.06     
    6677  -770.98     
    6678  -771.78     
    6679  -762.89     
    6680  -751.63     
    6681  -762.17     
    6682  -748.59     
    6683  -637.83     
    6684  -594.12     
    6685  -548.06     
    6686  -518.60     
    6687  -517.92     
    6688  -517.92     
    6689  -518.60     
    6690  -657.12     
    6691  -650.47     
    6692  -655.47     
    6693  -626.01     
    6694  -659.01     
    6695  -682.81     
    6696  -663.21     
    6697  -629.18     
    6698  -633.53     
    6699  -613.08     
    6700  -816.47     
    6701  -816.10     
    6702  -797.65     
    6703  -821.09     
    6704  -574.17     
    6705  -559.48     
    6706  -814.64     
    6707  -814.10     
    6708  -814.15     
 
  ***** POST1 NODAL DEGREE OF FREEDOM LISTING *****                            
 
  LOAD STEP=     1  SUBSTEP=     1                                             
   TIME=    1.0000      LOAD CASE=   0                                         
 
    NODE       VOLT  
    6709  -799.22     
    6710  -815.99     
    6711  -823.25     
    6712  -792.46     
    6713  -816.43     
    6714  -751.54     
    6715  -802.94     
    6716  -779.37     
    6717  -821.19     
    6718  -809.56     
    6719  -790.93     
    6720  -809.27     
    6721  -815.86     
    6722  -797.32     
    6723  -785.83     
    6724  -815.48     
    6725  -827.44     
    6726  -523.81     
    6727  -523.84     
    6728  -574.73     
    6729  -788.88     
    6730  -761.37     
    6731  -789.28     
    6732  -812.64     
    6733  -812.77     
    6734  -786.22     
    6735  -813.38     
    6736  -793.91     
    6737  -812.62     
    6738  -821.19     
    6739  -755.70     
    6740  -756.09     
    6741  -726.45     
    6742  -764.22     
    6743  -785.91     
    6744  -773.29     
    6745  -743.63     
    6746  -770.45     
    6747  -531.55     
 
  ***** POST1 NODAL DEGREE OF FREEDOM LISTING *****                            
 
  LOAD STEP=     1  SUBSTEP=     1                                             
   TIME=    1.0000      LOAD CASE=   0                                         
 
    NODE       VOLT  
    6748  -540.97     
    6749  -531.69     
    6750  -562.04     
    6751  -572.39     
    6752  -554.45     
    6753  -567.24     
    6754  -525.94     
    6755  -551.29     
    6756  -536.18     
    6757  -532.48     
    6758  -560.40     
    6759  -579.88     
    6760  -563.22     
    6761  -568.35     
    6762  -586.27     
    6763  -566.35     
    6764  -546.81     
    6765  -564.98     
    6766  -759.68     
    6767  -546.06     
    6768  -564.12     
    6769  -681.13     
    6770  -786.83     
    6771  -787.25     
    6772  -702.40     
    6773  -702.95     
    6774  -685.43     
    6775  -685.82     
    6776  -734.85     
    6777  -744.34     
    6778  -820.73     
    6779  -819.64     
    6780  -819.62     
    6781  -680.17     
    6782  -518.94     
    6783  -520.87     
    6784  -805.87     
    6785  -826.13     
    6786  -804.65     
 
  ***** POST1 NODAL DEGREE OF FREEDOM LISTING *****                            
 
  LOAD STEP=     1  SUBSTEP=     1                                             
   TIME=    1.0000      LOAD CASE=   0                                         
 
    NODE       VOLT  
    6787  -826.12     
    6788  -826.15     
    6789  -788.18     
    6790  -804.60     
    6791  -826.14     
    6792  -825.99     
    6793  -812.34     
    6794  -826.18     
    6795  -812.18     
    6796  -826.00     
    6797  -762.27     
    6798  -759.56     
    6799  -747.29     
    6800  -793.12     
    6801  -810.61     
    6802  -756.68     
    6803  -666.07     
    6804  -657.37     
    6805  -664.53     
    6806  -644.57     
    6807  -682.71     
    6808  -709.89     
    6809  -696.19     
    6810  -676.71     
    6811  -654.45     
    6812  -624.99     
    6813  -542.47     
    6814  -552.87     
    6815  -537.66     
    6816  -532.99     
    6817  -540.41     
    6818  -605.96     
    6819  -690.66     
    6820  -679.63     
    6821  -700.42     
    6822  -677.54     
    6823  -734.00     
    6824  -744.78     
    6825  -693.13     
 
  ***** POST1 NODAL DEGREE OF FREEDOM LISTING *****                            
 
  LOAD STEP=     1  SUBSTEP=     1                                             
   TIME=    1.0000      LOAD CASE=   0                                         
 
    NODE       VOLT  
    6826  -665.65     
    6827  -658.03     
    6828  -667.84     
    6829  -549.41     
    6830  -539.76     
    6831  -558.00     
    6832  -548.48     
    6833  -524.92     
    6834  -523.48     
    6835  -534.60     
    6836  -516.27     
    6837  -539.66     
    6838  -518.26     
    6839  -541.62     
    6840  -543.04     
    6841  -573.64     
    6842  -516.22     
    6843  -516.46     
    6844  -551.12     
    6845  -526.87     
    6846  -518.12     
    6847  -516.14     
    6848  -596.12     
    6849  -617.38     
    6850  -629.16     
    6851  -813.20     
    6852  -809.42     
    6853  -808.26     
    6854  -820.52     
    6855  -794.52     
    6856  -820.89     
    6857  -813.11     
    6858  -604.81     
    6859  -586.95     
    6860  -572.68     
    6861  -608.97     
    6862  -627.44     
    6863  -571.92     
    6864  -605.65     
 
  ***** POST1 NODAL DEGREE OF FREEDOM LISTING *****                            
 
  LOAD STEP=     1  SUBSTEP=     1                                             
   TIME=    1.0000      LOAD CASE=   0                                         
 
    NODE       VOLT  
    6865  -560.76     
    6866  -647.32     
    6867  -827.15     
    6868  -622.71     
    6869  -609.99     
    6870  -610.73     
    6871  -539.90     
    6872  -753.26     
    6873  -746.32     
    6874  -732.18     
    6875  -703.52     
    6876  -722.01     
    6877  -704.66     
    6878  -715.08     
    6879  -722.43     
    6880  -711.89     
    6881  -705.08     
    6882  -713.53     
    6883  -803.75     
    6884  -799.32     
    6885  -820.36     
    6886  -710.84     
    6887  -707.69     
    6888  -656.75     
    6889  -678.11     
    6890  -658.33     
    6891  -671.54     
    6892  -629.06     
    6893  -620.60     
    6894  -613.49     
    6895  -637.61     
    6896  -635.89     
    6897  -649.75     
    6898  -613.68     
    6899  -622.33     
    6900  -801.13     
    6901  -786.82     
    6902  -813.00     
    6903  -631.61     
 
  ***** POST1 NODAL DEGREE OF FREEDOM LISTING *****                            
 
  LOAD STEP=     1  SUBSTEP=     1                                             
   TIME=    1.0000      LOAD CASE=   0                                         
 
    NODE       VOLT  
    6904  -816.96     
    6905  -817.04     
    6906  -817.10     
    6907  -827.42     
    6908  -583.59     
    6909  -593.51     
    6910  -607.01     
    6911  -574.02     
    6912  -584.33     
    6913  -603.59     
    6914  -581.12     
    6915  -630.43     
    6916  -638.70     
    6917  -614.32     
    6918  -636.82     
    6919  -624.76     
    6920  -623.71     
    6921  -636.50     
    6922  -622.43     
    6923  -619.83     
    6924  -611.20     
    6925  -813.12     
    6926  -812.81     
    6927  -804.37     
    6928  -790.02     
    6929  -818.15     
    6930  -817.62     
    6931  -813.32     
    6932  -623.81     
    6933  -654.59     
    6934  -639.99     
    6935  -643.07     
    6936  -653.75     
    6937  -638.02     
    6938  -580.97     
    6939  -557.37     
    6940  -693.37     
    6941  -646.47     
    6942  -629.72     
 
  ***** POST1 NODAL DEGREE OF FREEDOM LISTING *****                            
 
  LOAD STEP=     1  SUBSTEP=     1                                             
   TIME=    1.0000      LOAD CASE=   0                                         
 
    NODE       VOLT  
    6943  -633.05     
    6944  -652.72     
    6945  -669.44     
    6946  -685.19     
    6947  -675.93     
    6948  -529.53     
    6949  -521.77     
    6950  -515.72     
    6951  -526.41     
    6952  -515.59     
    6953  -529.82     
    6954  -521.94     
    6955  -522.07     
    6956  -518.93     
    6957  -521.85     
    6958  -518.78     
    6959  -515.99     
    6960  -554.13     
    6961  -566.31     
    6962  -558.21     
    6963  -633.24     
    6964  -658.45     
    6965  -637.60     
    6966  -663.32     
    6967  -816.59     
    6968  -621.49     
    6969  -818.54     
    6970  -818.75     
    6971  -816.85     
    6972  -816.50     
    6973  -829.42     
    6974  -829.21     
    6975  -829.24     
    6976  -786.38     
    6977  -792.85     
    6978  -816.68     
    6979  -815.94     
    6980  -766.83     
    6981  -785.86     
 
  ***** POST1 NODAL DEGREE OF FREEDOM LISTING *****                            
 
  LOAD STEP=     1  SUBSTEP=     1                                             
   TIME=    1.0000      LOAD CASE=   0                                         
 
    NODE       VOLT  
    6982  -816.63     
    6983  -816.45     
    6984  -816.19     
    6985  -816.55     
    6986  -579.67     
    6987  -663.37     
    6988  -648.77     
    6989  -709.61     
    6990  -650.22     
    6991  -535.65     
    6992  -526.61     
    6993  -525.94     
    6994  -817.82     
    6995  -794.55     
    6996  -815.86     
    6997  -585.74     
    6998  -687.16     
    6999  -679.65     
    7000  -695.41     
    7001  -562.80     
    7002  -568.38     
    7003  -554.32     
    7004  -568.18     
    7005  -551.78     
    7006  -584.97     
    7007  -731.36     
    7008  -712.03     
    7009  -588.81     
    7010  -708.31     
    7011  -707.69     
    7012  -590.68     
    7013  -606.48     
    7014  -622.28     
    7015  -750.62     
    7016  -758.82     
    7017  -582.24     
    7018  -790.22     
    7019  -749.61     
    7020  -805.65     
 
  ***** POST1 NODAL DEGREE OF FREEDOM LISTING *****                            
 
  LOAD STEP=     1  SUBSTEP=     1                                             
   TIME=    1.0000      LOAD CASE=   0                                         
 
    NODE       VOLT  
    7021  -679.59     
    7022  -669.91     
    7023  -701.05     
    7024  -691.20     
    7025  -691.39     
    7026  -677.46     
    7027  -646.16     
    7028  -701.05     
    7029  -679.56     
    7030  -530.99     
    7031  -716.82     
    7032  -688.80     
    7033  -692.32     
    7034  -727.74     
    7035  -735.09     
    7036  -800.23     
    7037  -774.11     
    7038  -749.74     
    7039  -752.83     
    7040  -753.08     
    7041  -596.20     
    7042  -563.46     
    7043  -586.68     
    7044  -613.76     
    7045  -602.84     
    7046  -593.94     
    7047  -609.52     
    7048  -568.06     
    7049  -548.88     
    7050  -611.12     
    7051  -570.57     
    7052  -630.89     
    7053  -666.75     
    7054  -672.88     
    7055  -523.21     
    7056  -523.47     
    7057  -814.70     
    7058  -811.64     
    7059  -808.56     
 
  ***** POST1 NODAL DEGREE OF FREEDOM LISTING *****                            
 
  LOAD STEP=     1  SUBSTEP=     1                                             
   TIME=    1.0000      LOAD CASE=   0                                         
 
    NODE       VOLT  
    7060  -825.79     
    7061  -828.90     
    7062  -822.75     
    7063  -825.80     
    7064  -805.26     
    7065  -819.45     
    7066  -804.62     
    7067  -825.81     
    7068  -818.81     
    7069  -671.57     
    7070  -660.07     
    7071  -661.20     
    7072  -685.85     
    7073  -682.31     
    7074  -672.82     
    7075  -606.50     
    7076  -580.74     
    7077  -596.25     
    7078  -615.95     
    7079  -601.59     
    7080  -558.93     
    7081  -693.71     
    7082  -523.08     
    7083  -519.40     
    7084  -546.03     
    7085  -516.08     
    7086  -519.29     
    7087  -816.88     
    7088  -679.19     
    7089  -645.35     
    7090  -817.36     
    7091  -826.75     
    7092  -825.99     
    7093  -825.80     
    7094  -819.45     
    7095  -775.35     
    7096  -826.76     
    7097  -826.00     
    7098  -744.73     
 
  ***** POST1 NODAL DEGREE OF FREEDOM LISTING *****                            
 
  LOAD STEP=     1  SUBSTEP=     1                                             
   TIME=    1.0000      LOAD CASE=   0                                         
 
    NODE       VOLT  
    7099  -745.05     
    7100  -761.59     
    7101  -769.63     
    7102  -725.42     
    7103  -551.52     
    7104  -525.76     
    7105  -524.47     
    7106  -524.83     
    7107  -523.45     
    7108  -523.40     
    7109  -523.91     
    7110  -523.98     
    7111  -547.19     
    7112  -572.32     
    7113  -807.63     
    7114  -700.64     
    7115  -687.97     
    7116  -686.80     
    7117  -711.99     
    7118  -526.26     
    7119  -518.92     
    7120  -523.24     
    7121  -517.89     
    7122  -527.49     
    7123  -530.94     
    7124  -563.83     
    7125  -563.49     
    7126  -579.09     
    7127  -802.63     
    7128  -557.33     
    7129  -545.77     
    7130  -534.76     
    7131  -553.78     
    7132  -528.00     
    7133  -539.74     
    7134  -521.88     
    7135  -521.91     
    7136  -521.94     
    7137  -557.02     
 
  ***** POST1 NODAL DEGREE OF FREEDOM LISTING *****                            
 
  LOAD STEP=     1  SUBSTEP=     1                                             
   TIME=    1.0000      LOAD CASE=   0                                         
 
    NODE       VOLT  
    7138  -713.21     
    7139  -798.12     
    7140  -819.35     
    7141  -810.42     
    7142  -809.94     
    7143  -819.83     
    7144  -790.61     
    7145  -629.24     
    7146  -638.94     
    7147  -626.02     
    7148  -616.35     
    7149  -631.84     
    7150  -828.88     
    7151  -822.72     
    7152  -612.15     
    7153  -629.38     
    7154  -816.42     
    7155  -823.34     
    7156  -547.36     
    7157  -547.59     
    7158  -668.79     
    7159  -641.98     
    7160  -634.58     
    7161  -584.52     
    7162  -602.93     
    7163  -616.90     
    7164  -523.64     
    7165  -523.58     
    7166  -523.26     
    7167  -523.36     
    7168  -699.05     
    7169  -684.35     
    7170  -701.88     
    7171  -816.69     
    7172  -816.68     
    7173  -526.24     
    7174  -707.57     
    7175  -725.15     
    7176  -738.57     
 
  ***** POST1 NODAL DEGREE OF FREEDOM LISTING *****                            
 
  LOAD STEP=     1  SUBSTEP=     1                                             
   TIME=    1.0000      LOAD CASE=   0                                         
 
    NODE       VOLT  
    7177  -517.52     
    7178  -631.17     
    7179  -523.83     
    7180  -523.97     
    7181  -523.94     
    7182  -522.86     
    7183  -522.83     
    7184  -541.01     
    7185  -661.78     
    7186  -659.68     
    7187  -671.65     
    7188  -657.41     
    7189  -680.75     
    7190  -670.92     
    7191  -641.10     
    7192  -672.70     
    7193  -642.10     
    7194  -635.35     
    7195  -617.26     
    7196  -637.81     
    7197  -661.40     
    7198  -646.62     
    7199  -641.89     
    7200  -664.29     
    7201  -678.65     
    7202  -668.17     
    7203  -699.31     
    7204  -654.79     
    7205  -651.48     
    7206  -782.68     
    7207  -752.31     
    7208  -526.00     
    7209  -540.98     
    7210  -698.49     
    7211  -704.72     
    7212  -738.78     
    7213  -561.12     
    7214  -539.80     
    7215  -820.46     
 
  ***** POST1 NODAL DEGREE OF FREEDOM LISTING *****                            
 
  LOAD STEP=     1  SUBSTEP=     1                                             
   TIME=    1.0000      LOAD CASE=   0                                         
 
    NODE       VOLT  
    7216  -793.81     
    7217  -813.43     
    7218  -812.41     
    7219  -812.07     
    7220  -809.86     
    7221  -596.95     
    7222  -611.51     
    7223  -586.56     
    7224  -601.16     
    7225  -570.63     
    7226  -535.85     
    7227  -822.94     
    7228  -567.55     
    7229  -564.86     
    7230  -542.22     
    7231  -527.55     
    7232  -520.63     
    7233  -527.59     
    7234  -664.28     
    7235  -653.15     
    7236  -669.73     
    7237  -534.28     
    7238  -544.74     
    7239  -644.24     
    7240  -627.53     
    7241  -644.72     
    7242  -559.77     
    7243  -571.13     
    7244  -577.51     
    7245  -581.65     
    7246  -522.89     
    7247  -518.61     
    7248  -680.35     
    7249  -670.23     
    7250  -516.28     
    7251  -646.90     
    7252  -645.43     
    7253  -542.01     
    7254  -522.80     
 
  ***** POST1 NODAL DEGREE OF FREEDOM LISTING *****                            
 
  LOAD STEP=     1  SUBSTEP=     1                                             
   TIME=    1.0000      LOAD CASE=   0                                         
 
    NODE       VOLT  
    7255  -642.60     
    7256  -625.82     
    7257  -642.92     
    7258  -691.74     
    7259  -677.27     
    7260  -524.60     
    7261  -525.72     
    7262  -671.35     
    7263  -677.11     
    7264  -671.03     
    7265  -523.02     
    7266  -523.92     
    7267  -520.07     
    7268  -543.47     
    7269  -521.08     
    7270  -520.35     
    7271  -602.44     
    7272  -598.53     
    7273  -597.21     
    7274  -580.43     
    7275  -593.54     
    7276  -634.90     
    7277  -816.93     
    7278  -623.88     
    7279  -641.42     
    7280  -624.52     
    7281  -629.79     
    7282  -604.13     
    7283  -603.45     
    7284  -588.02     
    7285  -595.62     
    7286  -582.10     
    7287  -580.79     
    7288  -674.75     
    7289  -650.89     
    7290  -652.78     
    7291  -651.25     
    7292  -656.60     
    7293  -668.57     
 
  ***** POST1 NODAL DEGREE OF FREEDOM LISTING *****                            
 
  LOAD STEP=     1  SUBSTEP=     1                                             
   TIME=    1.0000      LOAD CASE=   0                                         
 
    NODE       VOLT  
    7294  -644.29     
    7295  -660.28     
    7296  -696.62     
    7297  -723.50     
    7298  -717.11     
    7299  -701.80     
    7300  -692.18     
    7301  -797.73     
    7302  -713.18     
    7303  -728.55     
    7304  -715.41     
    7305  -702.49     
    7306  -716.64     
    7307  -719.42     
    7308  -717.06     
    7309  -712.98     
    7310  -713.53     
    7311  -699.16     
    7312  -789.03     
    7313  -737.29     
    7314  -725.94     
    7315  -732.32     
    7316  -743.45     
    7317  -754.31     
    7318  -683.36     
    7319  -699.79     
    7320  -695.62     
    7321  -673.18     
    7322  -689.55     
    7323  -709.35     
    7324  -704.83     
    7325  -700.05     
    7326  -738.33     
    7327  -727.01     
    7328  -685.82     
    7329  -676.32     
    7330  -702.89     
    7331  -731.13     
    7332  -721.87     
 
  ***** POST1 NODAL DEGREE OF FREEDOM LISTING *****                            
 
  LOAD STEP=     1  SUBSTEP=     1                                             
   TIME=    1.0000      LOAD CASE=   0                                         
 
    NODE       VOLT  
    7333  -708.94     
    7334  -808.87     
    7335  -649.19     
    7336  -759.34     
    7337  -746.10     
    7338  -737.77     
    7339  -720.32     
    7340  -510.64     
    7341  -510.66     
    7342  -510.45     
    7343  -703.71     
    7344  -628.25     
    7345  -582.30     
    7346  -516.88     
    7347  -533.24     
    7348  -828.71     
    7349  -518.54     
    7350  -519.75     
    7351  -768.12     
    7352  -738.79     
    7353  -703.45     
    7354  -766.10     
    7355  -715.38     
    7356  -731.80     
    7357  -698.16     
    7358  -756.00     
    7359  -511.09     
    7360  -511.06     
    7361  -511.17     
    7362  -514.93     
    7363  -511.09     
    7364  -514.84     
    7365  -541.98     
    7366  -520.62     
    7367  -521.51     
    7368  -511.14     
    7369  -521.43     
    7370  -795.96     
    7371  -647.73     
 
  ***** POST1 NODAL DEGREE OF FREEDOM LISTING *****                            
 
  LOAD STEP=     1  SUBSTEP=     1                                             
   TIME=    1.0000      LOAD CASE=   0                                         
 
    NODE       VOLT  
    7372  -704.44     
    7373  -520.89     
    7374  -671.91     
    7375  -753.23     
    7376  -770.43     
    7377  -771.07     
    7378  -777.73     
    7379  -777.80     
    7380  -796.37     
    7381  -820.34     
    7382  -579.97     
    7383  -642.51     
    7384  -630.44     
    7385  -633.30     
    7386  -625.03     
    7387  -684.12     
    7388  -571.03     
    7389  -582.06     
    7390  -602.07     
    7391  -770.33     
    7392  -794.38     
    7393  -805.88     
    7394  -739.89     
    7395  -751.54     
    7396  -531.05     
    7397  -797.76     
    7398  -766.41     
    7399  -813.49     
    7400  -806.03     
    7401  -697.45     
    7402  -726.81     
    7403  -728.93     
    7404  -816.30     
    7405  -740.11     
    7406  -819.65     
    7407  -738.65     
    7408  -748.09     
    7409  -731.52     
    7410  -641.53     
 
  ***** POST1 NODAL DEGREE OF FREEDOM LISTING *****                            
 
  LOAD STEP=     1  SUBSTEP=     1                                             
   TIME=    1.0000      LOAD CASE=   0                                         
 
    NODE       VOLT  
    7411  -656.90     
    7412  -646.42     
    7413  -626.52     
    7414  -751.01     
    7415  -787.19     
    7416  -823.10     
    7417  -792.11     
    7418  -816.53     
    7419  -816.39     
    7420  -697.98     
    7421  -697.79     
    7422  -640.32     
    7423  -616.41     
    7424  -777.29     
    7425  -681.71     
    7426  -686.96     
    7427  -780.78     
    7428  -796.95     
    7429  -774.37     
    7430  -792.07     
    7431  -766.68     
    7432  -767.02     
    7433  -652.52     
    7434  -670.98     
    7435  -705.94     
    7436  -806.11     
    7437  -523.02     
    7438  -677.42     
    7439  -669.96     
    7440  -691.10     
    7441  -683.73     
    7442  -656.26     
    7443  -693.45     
    7444  -731.28     
    7445  -709.20     
    7446  -698.79     
    7447  -691.88     
    7448  -663.43     
    7449  -678.00     
 
  ***** POST1 NODAL DEGREE OF FREEDOM LISTING *****                            
 
  LOAD STEP=     1  SUBSTEP=     1                                             
   TIME=    1.0000      LOAD CASE=   0                                         
 
    NODE       VOLT  
    7450  -603.94     
    7451  -828.87     
    7452  -820.18     
    7453  -820.10     
    7454  -820.14     
    7455  -822.71     
    7456  -814.63     
    7457  -828.86     
    7458  -828.90     
    7459  -522.80     
    7460  -522.81     
    7461  -548.41     
    7462  -542.37     
    7463  -816.71     
    7464  -816.04     
    7465  -573.07     
    7466  -620.36     
    7467  -602.32     
    7468  -792.44     
    7469  -816.45     
    7470  -751.19     
    7471  -730.26     
    7472  -738.42     
    7473  -798.17     
    7474  -815.74     
    7475  -799.36     
    7476  -820.20     
    7477  -818.93     
    7478  -819.18     
    7479  -823.54     
    7480  -822.70     
    7481  -823.50     
    7482  -817.22     
    7483  -815.33     
    7484  -815.32     
    7485  -769.51     
    7486  -533.09     
    7487  -527.97     
    7488  -533.94     
 
  ***** POST1 NODAL DEGREE OF FREEDOM LISTING *****                            
 
  LOAD STEP=     1  SUBSTEP=     1                                             
   TIME=    1.0000      LOAD CASE=   0                                         
 
    NODE       VOLT  
    7489  -558.34     
    7490  -553.91     
    7491  -790.59     
    7492  -796.81     
    7493  -756.47     
    7494  -514.78     
    7495  -822.27     
    7496  -815.99     
    7497  -817.33     
    7498  -804.81     
    7499  -798.37     
    7500  -790.74     
    7501  -804.70     
    7502  -523.36     
    7503  -823.31     
    7504  -823.24     
    7505  -776.66     
    7506  -796.74     
    7507  -778.71     
    7508  -768.12     
    7509  -522.11     
    7510  -522.07     
    7511  -798.04     
    7512  -815.53     
    7513  -816.50     
    7514  -821.30     
    7515  -801.75     
    7516  -783.87     
    7517  -782.17     
    7518  -799.55     
    7519  -591.13     
    7520  -632.27     
    7521  -813.15     
    7522  -603.80     
    7523  -647.52     
    7524  -641.02     
    7525  -768.82     
    7526  -756.23     
    7527  -762.19     
 
  ***** POST1 NODAL DEGREE OF FREEDOM LISTING *****                            
 
  LOAD STEP=     1  SUBSTEP=     1                                             
   TIME=    1.0000      LOAD CASE=   0                                         
 
    NODE       VOLT  
    7528  -759.01     
    7529  -732.33     
    7530  -736.07     
    7531  -738.89     
    7532  -514.80     
    7533  -522.78     
    7534  -815.97     
    7535  -816.07     
    7536  -811.13     
    7537  -561.51     
    7538  -576.47     
    7539  -581.32     
    7540  -772.28     
    7541  -778.90     
    7542  -776.08     
    7543  -528.61     
    7544  -528.91     
    7545  -530.21     
    7546  -527.53     
    7547  -579.64     
    7548  -521.88     
    7549  -545.57     
    7550  -525.58     
    7551  -585.24     
    7552  -597.62     
    7553  -540.38     
    7554  -621.80     
    7555  -703.64     
    7556  -737.31     
    7557  -692.96     
    7558  -739.16     
    7559  -793.56     
    7560  -826.18     
    7561  -805.65     
    7562  -826.18     
    7563  -818.50     
    7564  -826.19     
    7565  -519.95     
    7566  -821.26     
 
  ***** POST1 NODAL DEGREE OF FREEDOM LISTING *****                            
 
  LOAD STEP=     1  SUBSTEP=     1                                             
   TIME=    1.0000      LOAD CASE=   0                                         
 
    NODE       VOLT  
    7567  -820.20     
    7568  -821.13     
    7569  -710.68     
    7570  -795.29     
    7571  -518.24     
    7572  -800.11     
    7573  -649.55     
    7574  -627.50     
    7575  -628.06     
    7576  -628.70     
    7577  -511.13     
    7578  -510.90     
    7579  -511.10     
    7580  -786.65     
    7581  -695.49     
    7582  -714.75     
    7583  -816.11     
    7584  -698.15     
    7585  -613.47     
    7586  -606.27     
    7587  -609.46     
    7588  -637.18     
    7589  -620.96     
    7590  -620.97     
    7591  -667.12     
    7592  -653.94     
    7593  -635.74     
    7594  -607.52     
    7595  -588.58     
    7596  -530.44     
    7597  -525.95     
    7598  -713.42     
    7599  -795.81     
    7600  -556.64     
    7601  -543.86     
    7602  -510.99     
    7603  -523.90     
    7604  -523.46     
    7605  -822.82     
 
  ***** POST1 NODAL DEGREE OF FREEDOM LISTING *****                            
 
  LOAD STEP=     1  SUBSTEP=     1                                             
   TIME=    1.0000      LOAD CASE=   0                                         
 
    NODE       VOLT  
    7606  -728.88     
    7607  -710.71     
    7608  -728.30     
    7609  -771.43     
    7610  -785.79     
    7611  -797.05     
    7612  -574.66     
    7613  -595.18     
    7614  -766.79     
    7615  -781.16     
    7616  -801.58     
    7617  -801.17     
    7618  -748.66     
    7619  -760.84     
    7620  -779.44     
    7621  -760.86     
    7622  -807.72     
    7623  -822.97     
    7624  -811.37     
    7625  -796.57     
    7626  -799.64     
    7627  -685.44     
    7628  -713.86     
    7629  -715.64     
    7630  -718.24     
    7631  -811.99     
    7632  -804.43     
    7633  -790.36     
    7634  -782.00     
    7635  -523.79     
    7636  -697.75     
    7637  -711.58     
    7638  -783.61     
    7639  -800.09     
    7640  -815.79     
    7641  -813.97     
    7642  -815.16     
    7643  -772.92     
    7644  -768.72     
 
  ***** POST1 NODAL DEGREE OF FREEDOM LISTING *****                            
 
  LOAD STEP=     1  SUBSTEP=     1                                             
   TIME=    1.0000      LOAD CASE=   0                                         
 
    NODE       VOLT  
    7645  -664.00     
    7646  -668.27     
    7647  -669.78     
    7648  -674.26     
    7649  -818.86     
    7650  -659.72     
    7651  -520.84     
    7652  -520.48     
    7653  -520.74     
    7654  -561.49     
    7655  -543.65     
    7656  -561.65     
    7657  -753.25     
    7658  -746.12     
    7659  -564.56     
    7660  -546.75     
    7661  -546.64     
    7662  -557.98     
    7663  -540.22     
    7664  -558.97     
    7665  -558.02     
    7666  -613.56     
    7667  -608.51     
    7668  -592.61     
    7669  -607.29     
    7670  -607.46     
    7671  -818.62     
    7672  -746.32     
    7673  -793.91     
    7674  -795.47     
    7675  -772.91     
    7676  -815.93     
    7677  -816.44     
    7678  -546.48     
    7679  -707.23     
    7680  -531.03     
    7681  -520.38     
    7682  -622.00     
    7683  -690.96     
 
  ***** POST1 NODAL DEGREE OF FREEDOM LISTING *****                            
 
  LOAD STEP=     1  SUBSTEP=     1                                             
   TIME=    1.0000      LOAD CASE=   0                                         
 
    NODE       VOLT  
    7684  -670.44     
    7685  -683.09     
    7686  -688.11     
    7687  -653.93     
    7688  -704.65     
    7689  -661.57     
    7690  -755.30     
    7691  -755.40     
    7692  -734.81     
    7693  -737.10     
    7694  -545.44     
    7695  -539.71     
    7696  -565.06     
    7697  -669.88     
    7698  -668.79     
    7699  -654.20     
    7700  -655.82     
    7701  -698.12     
    7702  -664.51     
    7703  -669.84     
    7704  -521.42     
    7705  -521.75     
    7706  -691.72     
    7707  -677.74     
    7708  -692.68     
    7709  -676.82     
    7710  -694.70     
    7711  -669.00     
    7712  -777.56     
    7713  -573.68     
    7714  -749.65     
    7715  -811.42     
    7716  -549.76     
    7717  -818.40     
    7718  -811.89     
    7719  -805.62     
    7720  -794.29     
    7721  -806.76     
    7722  -717.46     
 
  ***** POST1 NODAL DEGREE OF FREEDOM LISTING *****                            
 
  LOAD STEP=     1  SUBSTEP=     1                                             
   TIME=    1.0000      LOAD CASE=   0                                         
 
    NODE       VOLT  
    7723  -775.62     
    7724  -815.73     
    7725  -597.33     
    7726  -576.67     
    7727  -711.36     
    7728  -715.69     
    7729  -733.04     
    7730  -817.07     
    7731  -724.18     
    7732  -738.58     
    7733  -668.98     
    7734  -661.47     
    7735  -678.03     
    7736  -670.07     
    7737  -682.78     
    7738  -673.64     
    7739  -651.47     
    7740  -628.05     
    7741  -691.82     
    7742  -676.09     
    7743  -680.13     
    7744  -776.16     
    7745  -775.89     
    7746  -816.26     
    7747  -777.53     
    7748  -817.34     
    7749  -674.77     
    7750  -705.25     
    7751  -687.27     
    7752  -714.13     
    7753  -825.80     
    7754  -586.26     
    7755  -559.45     
    7756  -753.07     
    7757  -816.04     
    7758  -692.69     
    7759  -542.13     
    7760  -626.28     
    7761  -654.18     
 
  ***** POST1 NODAL DEGREE OF FREEDOM LISTING *****                            
 
  LOAD STEP=     1  SUBSTEP=     1                                             
   TIME=    1.0000      LOAD CASE=   0                                         
 
    NODE       VOLT  
    7762  -528.91     
    7763  -828.91     
    7764  -519.13     
    7765  -565.08     
    7766  -547.76     
    7767  -568.11     
    7768  -511.55     
    7769  -748.92     
    7770  -766.93     
    7771  -731.80     
    7772  -788.14     
    7773  -603.61     
    7774  -744.76     
    7775  -743.07     
    7776  -534.67     
    7777  -688.11     
    7778  -614.24     
    7779  -650.22     
    7780  -663.95     
    7781  -539.36     
    7782  -774.21     
    7783  -798.76     
    7784  -778.54     
    7785  -784.50     
    7786  -816.52     
    7787  -622.53     
    7788  -626.94     
    7789  -518.72     
    7790  -711.51     
    7791  -713.37     
    7792  -683.31     
    7793  -647.96     
    7794  -523.95     
    7795  -520.90     
    7796  -526.20     
    7797  -511.04     
    7798  -679.74     
    7799  -590.39     
    7800  -611.03     
 
  ***** POST1 NODAL DEGREE OF FREEDOM LISTING *****                            
 
  LOAD STEP=     1  SUBSTEP=     1                                             
   TIME=    1.0000      LOAD CASE=   0                                         
 
    NODE       VOLT  
    7801  -608.05     
    7802  -713.36     
    7803  -783.39     
    7804  -781.22     
    7805  -568.04     
    7806  -531.76     
    7807  -668.66     
    7808  -657.94     
    7809  -649.19     
    7810  -525.21     
    7811  -683.31     
    7812  -694.39     
    7813  -819.58     
    7814  -522.86     
    7815  -523.21     
    7816  -522.75     
    7817  -660.66     
    7818  -658.37     
    7819  -655.01     
    7820  -630.37     
    7821  -647.37     
    7822  -571.81     
    7823  -544.49     
    7824  -539.00     
    7825  -657.93     
    7826  -723.89     
    7827  -724.42     
    7828  -697.24     
    7829  -519.33     
    7830  -517.80     
    7831  -617.94     
    7832  -762.47     
    7833  -616.32     
    7834  -576.60     
    7835  -780.92     
    7836  -796.02     
    7837  -805.42     
    7838  -821.80     
    7839  -812.49     
 
  ***** POST1 NODAL DEGREE OF FREEDOM LISTING *****                            
 
  LOAD STEP=     1  SUBSTEP=     1                                             
   TIME=    1.0000      LOAD CASE=   0                                         
 
    NODE       VOLT  
    7840  -601.69     
    7841  -703.77     
    7842  -704.18     
    7843  -690.68     
    7844  -746.34     
    7845  -757.77     
    7846  -821.60     
    7847  -822.52     
    7848  -799.69     
    7849  -773.73     
    7850  -791.94     
    7851  -540.99     
    7852  -540.34     
    7853  -685.62     
    7854  -687.48     
    7855  -670.17     
    7856  -684.40     
    7857  -534.01     
    7858  -667.03     
    7859  -582.54     
    7860  -639.49     
    7861  -752.44     
    7862  -772.26     
    7863  -731.48     
    7864  -735.27     
    7865  -711.67     
    7866  -753.94     
    7867  -727.16     
    7868  -747.22     
    7869  -750.07     
    7870  -729.42     
    7871  -732.01     
    7872  -729.93     
    7873  -712.08     
    7874  -535.97     
    7875  -555.75     
    7876  -556.29     
    7877  -556.28     
    7878  -575.72     
 
  ***** POST1 NODAL DEGREE OF FREEDOM LISTING *****                            
 
  LOAD STEP=     1  SUBSTEP=     1                                             
   TIME=    1.0000      LOAD CASE=   0                                         
 
    NODE       VOLT  
    7879  -518.50     
    7880  -517.66     
    7881  -516.93     
    7882  -517.58     
    7883  -544.71     
    7884  -705.89     
    7885  -772.91     
    7886  -793.29     
    7887  -772.27     
    7888  -767.78     
    7889  -797.36     
    7890  -792.77     
    7891  -805.27     
    7892  -788.60     
    7893  -808.26     
    7894  -578.02     
    7895  -544.34     
    7896  -646.64     
    7897  -594.80     
    7898  -595.69     
    7899  -778.83     
    7900  -793.17     
    7901  -799.98     
    7902  -799.49     
    7903  -795.91     
    7904  -754.38     
    7905  -740.96     
    7906  -765.28     
    7907  -529.15     
    7908  -749.93     
    7909  -533.08     
    7910  -522.46     
    7911  -540.43     
    7912  -521.97     
    7913  -543.68     
    7914  -522.41     
    7915  -549.00     
    7916  -656.45     
    7917  -565.75     
 
  ***** POST1 NODAL DEGREE OF FREEDOM LISTING *****                            
 
  LOAD STEP=     1  SUBSTEP=     1                                             
   TIME=    1.0000      LOAD CASE=   0                                         
 
    NODE       VOLT  
    7918  -567.12     
    7919  -545.60     
    7920  -521.21     
    7921  -561.89     
    7922  -574.03     
    7923  -522.18     
    7924  -576.42     
    7925  -520.25     
    7926  -547.96     
    7927  -555.39     
    7928  -574.03     
    7929  -598.11     
    7930  -518.33     
    7931  -528.00     
    7932  -544.87     
    7933  -670.84     
    7934  -657.35     
    7935  -724.25     
    7936  -817.50     
    7937  -817.99     
    7938  -684.72     
    7939  -711.47     
    7940  -723.75     
    7941  -700.38     
    7942  -724.17     
    7943  -723.89     
    7944  -690.45     
    7945  -754.39     
    7946  -725.52     
    7947  -620.53     
    7948  -741.00     
    7949  -813.15     
    7950  -670.10     
    7951  -818.62     
    7952  -813.46     
    7953  -568.75     
    7954  -569.64     
    7955  -542.16     
    7956  -543.58     
 
  ***** POST1 NODAL DEGREE OF FREEDOM LISTING *****                            
 
  LOAD STEP=     1  SUBSTEP=     1                                             
   TIME=    1.0000      LOAD CASE=   0                                         
 
    NODE       VOLT  
    7957  -546.76     
    7958  -770.30     
    7959  -799.49     
    7960  -808.81     
    7961  -741.22     
    7962  -560.90     
    7963  -541.46     
    7964  -772.02     
    7965  -790.98     
    7966  -775.52     
    7967  -797.95     
    7968  -796.39     
    7969  -809.52     
    7970  -542.31     
    7971  -772.46     
    7972  -751.16     
    7973  -733.63     
    7974  -798.62     
    7975  -681.77     
    7976  -582.11     
    7977  -773.75     
    7978  -781.39     
    7979  -777.37     
    7980  -753.05     
    7981  -750.52     
    7982  -714.90     
    7983  -603.19     
    7984  -602.77     
    7985  -652.39     
    7986  -544.04     
    7987  -522.96     
    7988  -523.29     
    7989  -611.66     
    7990  -681.58     
    7991  -648.78     
    7992  -575.63     
    7993  -799.93     
    7994  -532.22     
    7995  -570.62     
 
  ***** POST1 NODAL DEGREE OF FREEDOM LISTING *****                            
 
  LOAD STEP=     1  SUBSTEP=     1                                             
   TIME=    1.0000      LOAD CASE=   0                                         
 
    NODE       VOLT  
    7996  -721.15     
    7997  -729.07     
    7998  -668.29     
    7999  -786.91     
    8000  -658.14     
    8001  -660.72     
    8002  -635.65     
    8003  -698.57     
    8004  -711.16     
    8005  -593.76     
    8006  -600.14     
    8007  -578.69     
    8008  -563.69     
    8009  -522.85     
    8010  -610.94     
    8011  -653.81     
    8012  -727.00     
    8013  -690.67     
    8014  -656.46     
    8015  -601.22     
    8016  -822.47     
    8017  -776.45     
    8018  -733.14     
    8019  -818.41     
    8020  -636.58     
    8021  -629.78     
    8022  -637.46     
    8023  -624.64     
    8024  -649.58     
    8025  -650.41     
    8026  -660.81     
    8027  -605.14     
    8028  -610.27     
    8029  -527.86     
    8030  -561.54     
    8031  -737.75     
    8032  -608.96     
    8033  -613.33     
    8034  -794.85     
 
  ***** POST1 NODAL DEGREE OF FREEDOM LISTING *****                            
 
  LOAD STEP=     1  SUBSTEP=     1                                             
   TIME=    1.0000      LOAD CASE=   0                                         
 
    NODE       VOLT  
    8035  -521.77     
    8036  -690.50     
    8037  -711.22     
    8038  -670.90     
    8039  -684.53     
    8040  -670.95     
    8041  -792.76     
    8042  -796.69     
    8043  -544.48     
    8044  -791.02     
    8045  -588.06     
    8046  -589.37     
    8047  -650.51     
    8048  -543.35     
    8049  -630.42     
    8050  -698.97     
    8051  -691.35     
    8052  -552.32     
    8053  -732.03     
    8054  -774.27     
    8055  -739.75     
    8056  -746.53     
    8057  -628.58     
    8058  -642.18     
    8059  -657.44     
    8060  -657.42     
    8061  -658.39     
    8062  -682.91     
    8063  -610.79     
    8064  -686.14     
    8065   0.0000     
    8066   0.0000     
    8067   0.0000     
    8068   0.0000     
    8069   0.0000     
    8070   0.0000     
    8071   0.0000     
    8072   0.0000     
    8073   0.0000     
 
  ***** POST1 NODAL DEGREE OF FREEDOM LISTING *****                            
 
  LOAD STEP=     1  SUBSTEP=     1                                             
   TIME=    1.0000      LOAD CASE=   0                                         
 
    NODE       VOLT  
    8074   0.0000     
    8075   0.0000     
    8076   0.0000     
    8077   0.0000     
    8078  -840.00     
    8079  -840.00     
    8080  -840.00     
    8081  -840.00     
    8082  -840.00     
    8083  -840.00     
    8084  -840.00     
    8085  -840.00     
    8086  -840.00     
    8087  -840.00     
    8088  -840.00     
    8089  -840.00     
    8090  -840.00     
    8091  -840.00     
    8092  -840.00     
    8093  -840.00     
    8094  -840.00     
    8095  -840.00     
    8096  -840.00     
    8097  -840.00     
    8098  -840.00     
    8099  -840.00     
    8100  -840.00     
    8101  -840.00     
    8102  -840.00     
    8103  -840.00     
    8104  -840.00     
    8105  -840.00     
    8106  -840.00     
    8107  -840.00     
    8108  -840.00     
    8109  -840.00     
    8110  -840.00     
    8111  -840.00     
    8112  -840.00     
 
  ***** POST1 NODAL DEGREE OF FREEDOM LISTING *****                            
 
  LOAD STEP=     1  SUBSTEP=     1                                             
   TIME=    1.0000      LOAD CASE=   0                                         
 
    NODE       VOLT  
    8113  -840.00     
    8114  -840.00     
    8115  -840.00     
    8116  -840.00     
    8117  -840.00     
    8118  -840.00     
    8119  -840.00     
    8120  -840.00     
    8121  -840.00     
    8122  -840.00     
    8123  -840.00     
    8124  -840.00     
    8125  -840.00     
    8126  -840.00     
    8127  -840.00     
    8128  -840.00     
    8129  -840.00     
    8130  -840.00     
    8131  -840.00     
    8132  -840.00     
    8133  -840.00     
    8134  -840.00     
    8135  -840.00     
    8136  -840.00     
    8137  -840.00     
    8138  -840.00     
    8139  -840.00     
    8140  -840.00     
    8141  -840.00     
    8142  -840.00     
    8143  -840.00     
    8144  -840.00     
    8145  -840.00     
    8146  -840.00     
    8147  -840.00     
    8148  -840.00     
    8149  -840.00     
    8150  -840.00     
    8151  -840.00     
 
  ***** POST1 NODAL DEGREE OF FREEDOM LISTING *****                            
 
  LOAD STEP=     1  SUBSTEP=     1                                             
   TIME=    1.0000      LOAD CASE=   0                                         
 
    NODE       VOLT  
    8152  -840.00     
    8153  -840.00     
    8154  -840.00     
    8155  -840.00     
    8156  -840.00     
    8157  -840.00     
    8158  -840.00     
    8159  -840.00     
    8160  -840.00     
    8161  -840.00     
    8162  -840.00     
    8163  -840.00     
    8164  -840.00     
    8165  -840.00     
    8166  -840.00     
    8167  -840.00     
    8168  -840.00     
    8169  -840.00     
    8170  -840.00     
    8171  -840.00     
    8172  -840.00     
    8173  -840.00     
    8174  -840.00     
    8175  -840.00     
    8176  -840.00     
    8177  -840.00     
    8178  -840.00     
    8179  -840.00     
    8180  -840.00     
    8181  -840.00     
    8182  -840.00     
    8183  -840.00     
    8184  -840.00     
    8185  -840.00     
    8186  -840.00     
    8187  -840.00     
    8188  -840.00     
    8189  -840.00     
    8190  -840.00     
 
  ***** POST1 NODAL DEGREE OF FREEDOM LISTING *****                            
 
  LOAD STEP=     1  SUBSTEP=     1                                             
   TIME=    1.0000      LOAD CASE=   0                                         
 
    NODE       VOLT  
    8191  -840.00     
    8192  -840.00     
    8193  -840.00     
    8194  -840.00     
    8195  -840.00     
    8196  -840.00     
    8197  -840.00     
    8198  -840.00     
    8199  -840.00     
    8200  -840.00     
    8201  -840.00     
    8202  -840.00     
    8203  -840.00     
    8204  -840.00     
    8205  -840.00     
    8206  -840.00     
    8207  -840.00     
    8208  -840.00     
    8209  -840.00     
    8210  -840.00     
    8211  -840.00     
    8212  -840.00     
    8213  -840.00     
    8214  -840.00     
    8215  -840.00     
    8216  -840.00     
    8217  -840.00     
    8218  -840.00     
    8219  -840.00     
    8220  -840.00     
    8221  -840.00     
    8222  -840.00     
    8223  -840.00     
    8224  -840.00     
    8225  -840.00     
    8226  -840.00     
    8227  -840.00     
    8228  -840.00     
    8229  -840.00     
 
  ***** POST1 NODAL DEGREE OF FREEDOM LISTING *****                            
 
  LOAD STEP=     1  SUBSTEP=     1                                             
   TIME=    1.0000      LOAD CASE=   0                                         
 
    NODE       VOLT  
    8230  -840.00     
    8231  -840.00     
    8232  -840.00     
    8233  -840.00     
    8234  -840.00     
    8235  -840.00     
    8236  -840.00     
    8237  -840.00     
    8238  -840.00     
    8239  -840.00     
    8240  -840.00     
    8241  -840.00     
    8242  -840.00     
    8243  -840.00     
    8244  -840.00     
    8245  -840.00     
    8246  -840.00     
    8247  -840.00     
    8248  -840.00     
    8249  -840.00     
    8250  -840.00     
    8251  -840.00     
    8252  -840.00     
    8253  -840.00     
    8254  -840.00     
    8255  -840.00     
    8256  -840.00     
    8257  -840.00     
    8258  -840.00     
    8259  -840.00     
    8260  -840.00     
    8261  -840.00     
    8262  -840.00     
    8263  -840.00     
    8264  -840.00     
    8265  -840.00     
    8266  -840.00     
    8267  -840.00     
    8268  -840.00     
 
  ***** POST1 NODAL DEGREE OF FREEDOM LISTING *****                            
 
  LOAD STEP=     1  SUBSTEP=     1                                             
   TIME=    1.0000      LOAD CASE=   0                                         
 
    NODE       VOLT  
    8269  -840.00     
    8270  -840.00     
    8271  -840.00     
    8272  -840.00     
    8273  -840.00     
    8274  -840.00     
    8275  -840.00     
    8276  -840.00     
    8277  -840.00     
    8278  -840.00     
    8279  -840.00     
    8280  -840.00     
    8281  -840.00     
    8282  -840.00     
    8283  -840.00     
    8284  -840.00     
    8285  -840.00     
    8286  -840.00     
    8287  -840.00     
    8288  -840.00     
    8289  -840.00     
    8290  -840.00     
    8291  -840.00     
    8292  -840.00     
    8293  -840.00     
    8294  -840.00     
    8295  -840.00     
    8296  -840.00     
    8297  -840.00     
    8298  -840.00     
    8299  -840.00     
    8300  -840.00     
    8301  -840.00     
    8302  -840.00     
    8303  -840.00     
    8304  -840.00     
    8305  -840.00     
    8306  -840.00     
    8307  -840.00     
 
  ***** POST1 NODAL DEGREE OF FREEDOM LISTING *****                            
 
  LOAD STEP=     1  SUBSTEP=     1                                             
   TIME=    1.0000      LOAD CASE=   0                                         
 
    NODE       VOLT  
    8308  -840.00     
    8309  -840.00     
    8310  -840.00     
    8311  -840.00     
    8312  -840.00     
    8313  -840.00     
    8314  -840.00     
    8315  -840.00     
    8316  -840.00     
    8317  -840.00     
    8318  -840.00     
    8319  -840.00     
    8320  -840.00     
    8321  -840.00     
    8322  -840.00     
    8323  -840.00     
    8324  -840.00     
    8325  -840.00     
    8326  -840.00     
    8327  -840.00     
    8328  -840.00     
    8329  -840.00     
    8330  -840.00     
    8331  -840.00     
    8332  -840.00     
    8333  -840.00     
    8334  -840.00     
    8335  -840.00     
    8336  -840.00     
    8337  -840.00     
    8338  -840.00     
    8339  -840.00     
    8340  -840.00     
    8341  -840.00     
    8342  -840.00     
    8343  -840.00     
    8344  -840.00     
    8345  -840.00     
    8346  -840.00     
 
  ***** POST1 NODAL DEGREE OF FREEDOM LISTING *****                            
 
  LOAD STEP=     1  SUBSTEP=     1                                             
   TIME=    1.0000      LOAD CASE=   0                                         
 
    NODE       VOLT  
    8347  -840.00     
    8348  -840.00     
    8349  -840.00     
    8350  -840.00     
    8351  -840.00     
    8352  -840.00     
    8353  -840.00     
    8354  -840.00     
    8355  -840.00     
    8356  -840.00     
    8357  -840.00     
    8358  -840.00     
    8359  -840.00     
    8360  -840.00     
    8361  -840.00     
    8362  -840.00     
    8363  -840.00     
    8364  -840.00     
    8365  -840.00     
    8366  -840.00     
    8367  -840.00     
    8368  -840.00     
    8369  -840.00     
    8370  -840.00     
    8371  -840.00     
    8372  -840.00     
    8373  -840.00     
    8374  -840.00     
    8375  -840.00     
    8376  -840.00     
    8377  -840.00     
    8378  -840.00     
    8379  -840.00     
    8380  -840.00     
    8381  -840.00     
    8382  -840.00     
    8383  -840.00     
    8384  -840.00     
    8385  -840.00     
 
  ***** POST1 NODAL DEGREE OF FREEDOM LISTING *****                            
 
  LOAD STEP=     1  SUBSTEP=     1                                             
   TIME=    1.0000      LOAD CASE=   0                                         
 
    NODE       VOLT  
    8386  -840.00     
    8387  -840.00     
    8388  -840.00     
    8389  -840.00     
    8390  -840.00     
    8391  -840.00     
    8392  -840.00     
    8393  -840.00     
    8394  -840.00     
    8395  -840.00     
    8396  -840.00     
    8397  -840.00     
    8398  -840.00     
    8399  -840.00     
    8400  -840.00     
    8401  -840.00     
    8402  -840.00     
    8403  -840.00     
    8404  -840.00     
    8405  -840.00     
    8406  -840.00     
    8407  -840.00     
    8408  -840.00     
    8409  -840.00     
    8410  -840.00     
    8411  -840.00     
    8412  -840.00     
    8413  -840.00     
    8414  -840.00     
    8415  -840.00     
    8416  -840.00     
    8417  -840.00     
    8418  -840.00     
    8419  -840.00     
    8420  -840.00     
    8421  -840.00     
    8422  -840.00     
    8423  -840.00     
    8424  -840.00     
 
  ***** POST1 NODAL DEGREE OF FREEDOM LISTING *****                            
 
  LOAD STEP=     1  SUBSTEP=     1                                             
   TIME=    1.0000      LOAD CASE=   0                                         
 
    NODE       VOLT  
    8425  -840.00     
    8426  -840.00     
    8427  -840.00     
    8428  -840.00     
    8429  -840.00     
    8430  -840.00     
    8431  -840.00     
    8432  -840.00     
    8433  -840.00     
    8434  -840.00     
    8435  -840.00     
    8436  -840.00     
    8437  -840.00     
    8438  -840.00     
    8439  -840.00     
    8440  -840.00     
    8441  -840.00     
    8442  -840.00     
    8443  -840.00     
    8444  -840.00     
    8445  -840.00     
    8446  -840.00     
    8447  -840.00     
    8448  -840.00     
    8449  -840.00     
    8450  -840.00     
    8451  -840.00     
    8452  -840.00     
    8453  -840.00     
    8454  -840.00     
    8455  -840.00     
    8456  -840.00     
    8457  -840.00     
    8458  -840.00     
    8459  -840.00     
    8460  -840.00     
    8461  -840.00     
    8462  -840.00     
    8463  -840.00     
 
  ***** POST1 NODAL DEGREE OF FREEDOM LISTING *****                            
 
  LOAD STEP=     1  SUBSTEP=     1                                             
   TIME=    1.0000      LOAD CASE=   0                                         
 
    NODE       VOLT  
    8464  -840.00     
    8465  -840.00     
    8466  -840.00     
    8467  -840.00     
    8468  -840.00     
    8469  -840.00     
    8470  -840.00     
    8471  -840.00     
    8472  -840.00     
    8473  -840.00     
    8474  -840.00     
    8475  -840.00     
    8476  -840.00     
    8477  -840.00     
    8478  -840.00     
    8479  -840.00     
    8480  -840.00     
    8481  -840.00     
    8482  -840.00     
    8483  -840.00     
    8484  -840.00     
    8485  -840.00     
    8486  -840.00     
    8487  -840.00     
    8488  -840.00     
    8489  -840.00     
    8490  -840.00     
    8491  -840.00     
    8492  -840.00     
    8493  -840.00     
    8494  -840.00     
    8495  -840.00     
    8496  -840.00     
    8497  -840.00     
    8498  -840.00     
    8499  -840.00     
    8500  -840.00     
    8501  -840.00     
    8502  -840.00     
 
  ***** POST1 NODAL DEGREE OF FREEDOM LISTING *****                            
 
  LOAD STEP=     1  SUBSTEP=     1                                             
   TIME=    1.0000      LOAD CASE=   0                                         
 
    NODE       VOLT  
    8503  -840.00     
    8504  -840.00     
    8505  -840.00     
    8506  -840.00     
    8507  -840.00     
    8508  -840.00     
    8509  -840.00     
    8510  -840.00     
    8511  -840.00     
    8512  -840.00     
    8513  -840.00     
    8514  -840.00     
    8515  -840.00     
    8516  -840.00     
    8517  -840.00     
    8518  -840.00     
    8519  -840.00     
    8520  -840.00     
    8521  -840.00     
    8522  -840.00     
    8523  -840.00     
    8524  -840.00     
    8525  -840.00     
    8526  -840.00     
    8527  -840.00     
    8528  -840.00     
    8529  -840.00     
    8530  -840.00     
    8531  -840.00     
    8532  -840.00     
    8533  -840.00     
    8534  -840.00     
    8535  -840.00     
    8536  -840.00     
    8537  -840.00     
    8538  -840.00     
    8539  -840.00     
    8540  -840.00     
    8541  -840.00     
 
  ***** POST1 NODAL DEGREE OF FREEDOM LISTING *****                            
 
  LOAD STEP=     1  SUBSTEP=     1                                             
   TIME=    1.0000      LOAD CASE=   0                                         
 
    NODE       VOLT  
    8542  -840.00     
    8543  -840.00     
    8544  -840.00     
    8545  -840.00     
    8546  -840.00     
    8547  -840.00     
    8548  -840.00     
    8549  -840.00     
    8550  -840.00     
    8551  -840.00     
    8552  -840.00     
    8553  -840.00     
    8554  -840.00     
    8555  -840.00     
    8556  -840.00     
    8557  -840.00     
    8558  -840.00     
    8559  -840.00     
    8560  -840.00     
    8561  -840.00     
    8562  -840.00     
    8563  -840.00     
    8564  -840.00     
    8565  -840.00     
    8566  -840.00     
    8567  -840.00     
    8568  -840.00     
    8569  -840.00     
    8570  -840.00     
    8571  -840.00     
    8572  -840.00     
    8573  -840.00     
    8574  -840.00     
    8575  -840.00     
    8576  -840.00     
    8577  -840.00     
    8578  -840.00     
    8579  -840.00     
    8580  -840.00     
 
  ***** POST1 NODAL DEGREE OF FREEDOM LISTING *****                            
 
  LOAD STEP=     1  SUBSTEP=     1                                             
   TIME=    1.0000      LOAD CASE=   0                                         
 
    NODE       VOLT  
    8581  -840.00     
    8582  -840.00     
    8583  -840.00     
    8584  -840.00     
    8585  -840.00     
    8586  -840.00     
    8587  -840.00     
    8588  -840.00     
    8589  -840.00     
    8590  -840.00     
    8591  -840.00     
    8592  -840.00     
    8593  -840.00     
    8594  -840.00     
    8595  -840.00     
    8596  -840.00     
    8597  -840.00     
    8598  -840.00     
    8599  -840.00     
    8600  -840.00     
    8601  -840.00     
    8602  -840.00     
    8603  -840.00     
    8604  -840.00     
    8605  -840.00     
    8606  -840.00     
    8607  -840.00     
    8608  -840.00     
    8609  -840.00     
    8610  -840.00     
    8611  -840.00     
    8612  -840.00     
    8613  -840.00     
    8614  -840.00     
    8615  -840.00     
    8616  -840.00     
    8617  -840.00     
    8618  -840.00     
    8619  -840.00     
 
  ***** POST1 NODAL DEGREE OF FREEDOM LISTING *****                            
 
  LOAD STEP=     1  SUBSTEP=     1                                             
   TIME=    1.0000      LOAD CASE=   0                                         
 
    NODE       VOLT  
    8620  -840.00     
    8621  -840.00     
    8622  -840.00     
    8623  -840.00     
    8624  -840.00     
    8625  -840.00     
    8626  -840.00     
    8627  -840.00     
    8628  -840.00     
    8629  -840.00     
    8630  -840.00     
    8631  -840.00     
    8632  -840.00     
    8633  -840.00     
    8634  -840.00     
    8635  -840.00     
    8636  -840.00     
    8637  -840.00     
    8638  -840.00     
    8639  -840.00     
    8640  -840.00     
    8641  -840.00     
    8642  -840.00     
    8643  -840.00     
    8644  -840.00     
    8645  -840.00     
    8646  -840.00     
    8647  -840.00     
    8648  -840.00     
    8649  -840.00     
    8650  -840.00     
    8651  -840.00     
    8652  -840.00     
    8653  -840.00     
    8654  -840.00     
    8655  -840.00     
    8656  -840.00     
    8657  -840.00     
    8658  -840.00     
 
  ***** POST1 NODAL DEGREE OF FREEDOM LISTING *****                            
 
  LOAD STEP=     1  SUBSTEP=     1                                             
   TIME=    1.0000      LOAD CASE=   0                                         
 
    NODE       VOLT  
    8659  -500.00     
    8660  -500.00     
    8661  -500.00     
    8662  -500.00     
    8663  -500.00     
    8664  -500.00     
    8665  -500.00     
    8666  -500.00     
    8667  -500.00     
    8668  -500.00     
    8669  -500.00     
    8670  -500.00     
    8671  -500.00     
    8672  -500.00     
    8673  -500.00     
    8674  -500.00     
    8675  -500.00     
    8676  -500.00     
    8677  -500.00     
    8678  -500.00     
    8679  -500.00     
    8680  -500.00     
    8681  -500.00     
    8682  -500.00     
    8683  -500.00     
    8684  -500.00     
    8685  -500.00     
    8686  -500.00     
    8687  -500.00     
    8688  -500.00     
    8689  -500.00     
    8690  -500.00     
    8691  -500.00     
    8692  -500.00     
    8693  -500.00     
    8694  -500.00     
    8695  -500.00     
    8696  -500.00     
    8697  -500.00     
 
  ***** POST1 NODAL DEGREE OF FREEDOM LISTING *****                            
 
  LOAD STEP=     1  SUBSTEP=     1                                             
   TIME=    1.0000      LOAD CASE=   0                                         
 
    NODE       VOLT  
    8698  -500.00     
    8699  -500.00     
    8700  -500.00     
    8701  -500.00     
    8702  -500.00     
    8703  -500.00     
    8704  -500.00     
    8705  -500.00     
    8706  -500.00     
    8707  -500.00     
    8708  -500.00     
    8709  -500.00     
    8710  -500.00     
    8711  -500.00     
    8712  -500.00     
    8713  -500.00     
    8714  -500.00     
    8715  -500.00     
    8716  -500.00     
    8717  -500.00     
    8718  -500.00     
    8719  -500.00     
    8720  -500.00     
    8721  -500.00     
    8722  -500.00     
    8723  -500.00     
    8724  -500.00     
    8725  -500.00     
    8726  -500.00     
    8727  -500.00     
    8728  -500.00     
    8729  -500.00     
    8730  -500.00     
    8731  -500.00     
    8732  -500.00     
    8733  -500.00     
    8734  -500.00     
    8735  -500.00     
    8736  -500.00     
 
  ***** POST1 NODAL DEGREE OF FREEDOM LISTING *****                            
 
  LOAD STEP=     1  SUBSTEP=     1                                             
   TIME=    1.0000      LOAD CASE=   0                                         
 
    NODE       VOLT  
    8737  -500.00     
    8738  -500.00     
    8739  -500.00     
    8740  -500.00     
    8741  -500.00     
    8742  -500.00     
    8743  -500.00     
    8744  -500.00     
    8745  -500.00     
    8746  -500.00     
    8747  -500.00     
    8748  -500.00     
    8749  -500.00     
    8750  -500.00     
    8751  -500.00     
    8752  -500.00     
    8753  -500.00     
    8754  -500.00     
    8755  -500.00     
    8756  -500.00     
    8757  -500.00     
    8758  -500.00     
    8759  -500.00     
    8760  -500.00     
    8761  -500.00     
    8762  -500.00     
    8763  -500.00     
    8764  -500.00     
    8765  -500.00     
    8766  -500.00     
    8767  -500.00     
    8768  -500.00     
    8769  -500.00     
    8770  -500.00     
    8771  -500.00     
    8772  -500.00     
    8773  -500.00     
    8774  -500.00     
    8775  -500.00     
 
  ***** POST1 NODAL DEGREE OF FREEDOM LISTING *****                            
 
  LOAD STEP=     1  SUBSTEP=     1                                             
   TIME=    1.0000      LOAD CASE=   0                                         
 
    NODE       VOLT  
    8776  -500.00     
    8777  -500.00     
    8778  -500.00     
    8779  -500.00     
    8780  -500.00     
    8781  -500.00     
    8782  -500.00     
    8783  -500.00     
    8784  -500.00     
    8785  -500.00     
    8786  -500.00     
    8787  -500.00     
    8788  -500.00     
    8789  -500.00     
    8790  -500.00     
    8791  -500.00     
    8792  -500.00     
    8793  -500.00     
    8794  -500.00     
    8795  -500.00     
    8796  -500.00     
    8797  -500.00     
    8798  -500.00     
    8799  -500.00     
    8800  -500.00     
    8801  -500.00     
    8802  -500.00     
    8803  -500.00     
    8804  -500.00     
    8805  -500.00     
    8806  -500.00     
    8807  -500.00     
    8808  -500.00     
    8809  -500.00     
    8810  -500.00     
    8811  -500.00     
    8812  -500.00     
    8813  -500.00     
    8814  -500.00     
 
  ***** POST1 NODAL DEGREE OF FREEDOM LISTING *****                            
 
  LOAD STEP=     1  SUBSTEP=     1                                             
   TIME=    1.0000      LOAD CASE=   0                                         
 
    NODE       VOLT  
    8815  -500.00     
    8816  -500.00     
    8817  -500.00     
    8818  -500.00     
    8819  -500.00     
    8820  -500.00     
    8821  -500.00     
    8822  -500.00     
    8823  -500.00     
    8824  -500.00     
    8825  -500.00     
    8826  -500.00     
    8827  -500.00     
    8828  -500.00     
    8829  -500.00     
    8830  -500.00     
    8831  -500.00     
    8832  -500.00     
    8833  -500.00     
    8834  -500.00     
    8835  -500.00     
    8836  -500.00     
    8837  -500.00     
    8838  -500.00     
    8839  -500.00     
    8840  -500.00     
    8841  -500.00     
    8842  -500.00     
    8843  -500.00     
    8844  -500.00     
    8845  -500.00     
    8846  -500.00     
    8847  -500.00     
    8848  -500.00     
    8849  -500.00     
    8850  -500.00     
    8851  -500.00     
    8852  -500.00     
    8853  -500.00     
 
  ***** POST1 NODAL DEGREE OF FREEDOM LISTING *****                            
 
  LOAD STEP=     1  SUBSTEP=     1                                             
   TIME=    1.0000      LOAD CASE=   0                                         
 
    NODE       VOLT  
    8854  -500.00     
    8855  -500.00     
    8856  -500.00     
    8857  -500.00     
    8858  -500.00     
    8859  -500.00     
    8860  -500.00     
    8861  -500.00     
    8862  -500.00     
    8863  -500.00     
    8864  -500.00     
    8865  -500.00     
    8866  -500.00     
    8867  -500.00     
    8868  -500.00     
    8869  -500.00     
    8870  -500.00     
    8871  -500.00     
    8872  -500.00     
    8873  -500.00     
    8874  -500.00     
    8875  -500.00     
    8876  -500.00     
    8877  -500.00     
    8878  -500.00     
    8879  -500.00     
    8880  -500.00     
    8881  -500.00     
    8882  -500.00     
    8883  -500.00     
    8884  -500.00     
    8885  -500.00     
    8886  -500.00     
    8887  -500.00     
    8888  -500.00     
    8889  -500.00     
    8890  -500.00     
    8891  -500.00     
    8892  -500.00     
 
  ***** POST1 NODAL DEGREE OF FREEDOM LISTING *****                            
 
  LOAD STEP=     1  SUBSTEP=     1                                             
   TIME=    1.0000      LOAD CASE=   0                                         
 
    NODE       VOLT  
    8893  -500.00     
    8894  -500.00     
    8895  -500.00     
    8896  -500.00     
    8897  -500.00     
    8898  -500.00     
    8899  -500.00     
    8900  -500.00     
    8901  -500.00     
    8902  -500.00     
    8903  -500.00     
    8904  -500.00     
    8905  -500.00     
    8906  -500.00     
    8907  -500.00     
    8908  -500.00     
    8909  -500.00     
    8910  -500.00     
    8911  -500.00     
    8912  -500.00     
    8913  -500.00     
    8914  -500.00     
    8915  -500.00     
    8916  -500.00     
    8917  -500.00     
    8918  -500.00     
    8919  -500.00     
    8920  -500.00     
    8921  -500.00     
    8922  -500.00     
    8923  -500.00     
    8924  -500.00     
    8925  -500.00     
    8926  -500.00     
    8927  -500.00     
    8928  -500.00     
    8929  -500.00     
    8930  -500.00     
    8931  -500.00     
 
  ***** POST1 NODAL DEGREE OF FREEDOM LISTING *****                            
 
  LOAD STEP=     1  SUBSTEP=     1                                             
   TIME=    1.0000      LOAD CASE=   0                                         
 
    NODE       VOLT  
    8932  -500.00     
    8933  -500.00     
    8934  -500.00     
    8935  -500.00     
    8936  -500.00     
    8937  -500.00     
    8938  -500.00     
    8939  -500.00     
    8940  -500.00     
    8941  -500.00     
    8942  -500.00     
    8943  -500.00     
    8944  -500.00     
    8945  -500.00     
    8946  -500.00     
    8947  -500.00     
    8948  -500.00     
    8949  -500.00     
    8950  -500.00     
    8951  -500.00     
    8952  -500.00     
    8953  -500.00     
    8954  -500.00     
    8955  -500.00     
    8956  -500.00     
    8957  -500.00     
    8958  -500.00     
    8959  -500.00     
    8960  -500.00     
    8961  -500.00     
    8962  -500.00     
    8963  -500.00     
    8964  -500.00     
    8965  -500.00     
    8966  -500.00     
    8967  -500.00     
    8968  -500.00     
    8969  -500.00     
    8970  -500.00     
 
  ***** POST1 NODAL DEGREE OF FREEDOM LISTING *****                            
 
  LOAD STEP=     1  SUBSTEP=     1                                             
   TIME=    1.0000      LOAD CASE=   0                                         
 
    NODE       VOLT  
    8971  -500.00     
    8972  -500.00     
    8973  -500.00     
    8974  -500.00     
    8975  -500.00     
    8976  -500.00     
    8977  -500.00     
    8978  -500.00     
    8979  -500.00     
    8980  -500.00     
    8981  -500.00     
    8982  -500.00     
    8983  -500.00     
    8984  -500.00     
    8985  -500.00     
    8986  -500.00     
    8987  -500.00     
    8988  -500.00     
    8989  -500.00     
    8990  -500.00     
    8991  -500.00     
    8992  -500.00     
    8993  -500.00     
    8994  -500.00     
    8995  -500.00     
    8996  -500.00     
    8997  -500.00     
    8998  -500.00     
    8999  -500.00     
    9000  -500.00     
    9001  -500.00     
    9002  -500.00     
    9003  -500.00     
    9004  -500.00     
    9005  -500.00     
    9006  -500.00     
    9007  -500.00     
    9008  -500.00     
    9009  -500.00     
 
  ***** POST1 NODAL DEGREE OF FREEDOM LISTING *****                            
 
  LOAD STEP=     1  SUBSTEP=     1                                             
   TIME=    1.0000      LOAD CASE=   0                                         
 
    NODE       VOLT  
    9010  -500.00     
    9011  -500.00     
    9012  -500.00     
    9013  -500.00     
    9014  -500.00     
    9015  -500.00     
    9016  -500.00     
    9017  -500.00     
    9018  -500.00     
    9019  -500.00     
    9020  -500.00     
    9021  -500.00     
    9022  -500.00     
    9023  -500.00     
    9024  -500.00     
    9025  -500.00     
    9026  -500.00     
    9027  -500.00     
    9028  -500.00     
    9029  -500.00     
    9030  -500.00     
    9031  -500.00     
    9032  -500.00     
    9033  -500.00     
    9034  -500.00     
    9035  -500.00     
    9036  -500.00     
    9037  -500.00     
    9038  -500.00     
    9039  -500.00     
    9040  -500.00     
    9041  -500.00     
    9042  -500.00     
    9043  -500.00     
    9044  -500.00     
    9045  -500.00     
    9046  -500.00     
    9047  -500.00     
    9048  -500.00     
 
  ***** POST1 NODAL DEGREE OF FREEDOM LISTING *****                            
 
  LOAD STEP=     1  SUBSTEP=     1                                             
   TIME=    1.0000      LOAD CASE=   0                                         
 
    NODE       VOLT  
    9049  -500.00     
    9050  -500.00     
    9051  -500.00     
    9052  -500.00     
    9053  -500.00     
    9054  -500.00     
    9055  -500.00     
    9056  -500.00     
    9057  -500.00     
    9058  -500.00     
    9059  -500.00     
    9060  -500.00     
    9061  -500.00     
    9062  -500.00     
    9063  -500.00     
    9064  -500.00     
    9065  -500.00     
    9066  -500.00     
    9067  -500.00     
    9068  -500.00     
    9069  -500.00     
    9070  -500.00     
    9071  -500.00     
    9072  -500.00     
    9073  -500.00     
    9074  -500.00     
    9075  -500.00     
    9076  -500.00     
    9077  -500.00     
    9078  -500.00     
    9079  -500.00     
    9080  -500.00     
    9081  -500.00     
    9082  -500.00     
    9083  -500.00     
    9084  -500.00     
    9085  -500.00     
    9086  -500.00     
    9087  -500.00     
 
  ***** POST1 NODAL DEGREE OF FREEDOM LISTING *****                            
 
  LOAD STEP=     1  SUBSTEP=     1                                             
   TIME=    1.0000      LOAD CASE=   0                                         
 
    NODE       VOLT  
    9088  -500.00     
    9089  -500.00     
    9090  -500.00     
    9091  -500.00     
    9092  -500.00     
    9093  -500.00     
    9094  -500.00     
    9095  -500.00     
    9096  -500.00     
    9097  -500.00     
    9098  -500.00     
    9099  -500.00     
    9100  -500.00     
    9101  -500.00     
    9102  -500.00     
    9103  -500.00     
    9104  -500.00     
    9105  -500.00     
    9106  -500.00     
    9107  -500.00     
    9108  -500.00     
    9109  -500.00     
    9110  -500.00     
    9111  -500.00     
    9112  -500.00     
    9113  -500.00     
    9114  -500.00     
    9115  -500.00     
    9116  -500.00     
    9117  -500.00     
    9118  -500.00     
    9119  -500.00     
    9120  -500.00     
    9121  -500.00     
    9122  -500.00     
    9123  -500.00     
    9124  -500.00     
    9125  -500.00     
    9126  -500.00     
 
  ***** POST1 NODAL DEGREE OF FREEDOM LISTING *****                            
 
  LOAD STEP=     1  SUBSTEP=     1                                             
   TIME=    1.0000      LOAD CASE=   0                                         
 
    NODE       VOLT  
    9127  -500.00     
    9128  -500.00     
    9129  -500.00     
    9130  -500.00     
    9131  -500.00     
    9132  -500.00     
    9133  -500.00     
    9134  -500.00     
    9135  -500.00     
    9136  -500.00     
    9137  -500.00     
    9138  -500.00     
    9139  -500.00     
    9140  -500.00     
    9141  -500.00     
    9142  -500.00     
    9143  -500.00     
    9144  -500.00     
    9145  -500.00     
    9146  -500.00     
    9147  -500.00     
    9148  -500.00     
    9149  -500.00     
    9150  -500.00     
    9151  -500.00     
    9152  -500.00     
    9153  -500.00     
    9154  -500.00     
    9155  -500.00     
    9156  -500.00     
    9157  -500.00     
    9158  -500.00     
    9159  -500.00     
    9160  -500.00     
    9161  -500.00     
    9162  -500.00     
    9163  -500.00     
    9164  -500.00     
    9165  -500.00     
 
  ***** POST1 NODAL DEGREE OF FREEDOM LISTING *****                            
 
  LOAD STEP=     1  SUBSTEP=     1                                             
   TIME=    1.0000      LOAD CASE=   0                                         
 
    NODE       VOLT  
    9166  -500.00     
    9167  -500.00     
    9168  -500.00     
    9169  -500.00     
    9170  -500.00     
    9171  -500.00     
    9172  -500.00     
    9173  -500.00     
    9174  -500.00     
    9175  -500.00     
    9176  -500.00     
    9177  -500.00     
    9178  -500.00     
    9179  -500.00     
    9180  -500.00     
    9181  -500.00     
    9182  -500.00     
    9183  -500.00     
    9184  -500.00     
    9185  -500.00     
    9186  -500.00     
    9187  -500.00     
    9188  -500.00     
    9189  -500.00     
    9190  -500.00     
    9191  -500.00     
    9192  -500.00     
    9193  -500.00     
    9194  -500.00     
    9195  -500.00     
    9196  -500.00     
    9197  -500.00     
    9198  -500.00     
    9199  -500.00     
    9200  -500.00     
    9201  -500.00     
    9202  -500.00     
    9203  -500.00     
    9204  -500.00     
 
  ***** POST1 NODAL DEGREE OF FREEDOM LISTING *****                            
 
  LOAD STEP=     1  SUBSTEP=     1                                             
   TIME=    1.0000      LOAD CASE=   0                                         
 
    NODE       VOLT  
    9205  -500.00     
    9206  -500.00     
    9207  -500.00     
    9208  -500.00     
    9209  -500.00     
    9210  -500.00     
    9211  -500.00     
    9212  -500.00     
    9213  -500.00     
    9214  -500.00     
    9215  -500.00     
    9216  -500.00     
    9217  -500.00     
    9218  -500.00     
    9219  -500.00     
    9220  -500.00     
    9221  -500.00     
    9222  -500.00     
    9223  -500.00     
    9224  -500.00     
    9225  -500.00     
    9226  -500.00     
    9227  -500.00     
    9228  -500.00     
    9229  -500.00     
    9230  -500.00     
    9231  -500.00     
    9232  -500.00     
    9233  -500.00     
    9234  -500.00     
    9235  -500.00     
    9236  -500.00     
    9237  -500.00     
    9238  -500.00     
    9239  -500.00     
    9240  -500.00     
    9241  -500.00     
    9242  -500.00     
    9243  -500.00     
 
  ***** POST1 NODAL DEGREE OF FREEDOM LISTING *****                            
 
  LOAD STEP=     1  SUBSTEP=     1                                             
   TIME=    1.0000      LOAD CASE=   0                                         
 
    NODE       VOLT  
    9244  -500.00     
    9245  -500.00     
    9246  -500.00     
    9247  -500.00     
    9248  -1140.0     
    9249  -1140.0     
    9250  -1140.0     
    9251  -1140.0     
    9252  -1140.0     
    9253  -1140.0     
    9254  -1140.0     
    9255  -1140.0     
    9256  -1140.0     
    9257  -1140.0     
    9258  -1140.0     
    9259  -1140.0     
    9260  -1140.0     
    9261  -536.64     
    9262  -516.51     
    9263  -822.34     
    9264  -839.18     
    9265  -499.20     
    9266  -837.41     
    9267  -645.04     
    9268  -701.72     
    9269  -499.71     
    9270  -500.42     
    9271  -1134.5     
    9272  -1134.5     
    9273  -1138.2     
    9274  -1138.2     
    9275  -27.592     
    9276  -9.1975     
    9277  -27.592     
    9278  -9.1975     
    9279  -1111.7     
    9280  -1117.3     
    9281  -1122.4     
    9282  -1106.6     
 
  ***** POST1 NODAL DEGREE OF FREEDOM LISTING *****                            
 
  LOAD STEP=     1  SUBSTEP=     1                                             
   TIME=    1.0000      LOAD CASE=   0                                         
 
    NODE       VOLT  
    9283  -1101.5     
    9284  -1096.3     
    9285  -1091.2     
    9286  -1086.1     
    9287  -1080.9     
    9288  -1075.8     
    9289  -1070.7     
    9290  -1065.6     
    9291  -1060.4     
    9292  -1055.3     
    9293  -1050.2     
    9294  -1045.1     
    9295  -1039.9     
    9296  -1034.8     
    9297  -1029.7     
    9298  -1024.6     
    9299  -1019.4     
    9300  -1014.3     
    9301  -1009.2     
    9302  -1004.1     
    9303  -998.94     
    9304  -993.81     
    9305  -988.68     
    9306  -983.56     
    9307  -978.43     
    9308  -973.31     
    9309  -968.18     
    9310  -963.06     
    9311  -957.93     
    9312  -952.80     
    9313  -947.68     
    9314  -942.55     
    9315  -937.43     
    9316  -932.30     
    9317  -927.18     
    9318  -922.05     
    9319  -916.92     
    9320  -911.80     
    9321  -906.67     
 
  ***** POST1 NODAL DEGREE OF FREEDOM LISTING *****                            
 
  LOAD STEP=     1  SUBSTEP=     1                                             
   TIME=    1.0000      LOAD CASE=   0                                         
 
    NODE       VOLT  
    9322  -901.55     
    9323  -894.99     
    9324  -889.87     
    9325  -884.74     
    9326  -879.62     
    9327  -874.49     
    9328  -340.70     
    9329  -314.95     
    9330  -289.22     
    9331  -263.47     
    9332  -237.72     
    9333  -211.96     
    9334  -186.21     
    9335  -137.25     
    9336  -160.46     
    9337  -88.296     
    9338  -111.50     
    9339  -869.40     
    9340  -864.29     
    9341  -365.55     
    9342  -859.49     
    9343  -391.30     
    9344  -410.36     
    9345  -854.77     
    9346  -1127.6     
    9347  -62.543     
    9348  -850.80     
    9349  -1132.7     
    9350  -36.790     
    9351  -847.11     
    9352  -844.18     
    9353  -433.62     
    9354  -447.25     
    9355  -841.49     
    9356  -462.79     
    9357  -839.30     
    9358  -838.60     
    9359  -486.75     
    9360  -835.91     
 
  ***** POST1 NODAL DEGREE OF FREEDOM LISTING *****                            
 
  LOAD STEP=     1  SUBSTEP=     1                                             
   TIME=    1.0000      LOAD CASE=   0                                         
 
    NODE       VOLT  
    9361  -833.40     
    9362  -500.52     
    9363  -836.73     
    9364  -472.68     
    9365  -479.83     
    9366  -835.61     
    9367  -513.83     
    9368  -488.30     
    9369  -507.00     
    9370  -817.41     
    9371  -833.18     
    9372  -834.39     
    9373  -495.72     
    9374  -501.99     
    9375  -835.18     
    9376  -825.44     
    9377  -829.07     
    9378  -830.01     
    9379  -832.22     
    9380  -835.06     
    9381  -489.11     
    9382  -805.73     
    9383  -824.31     
    9384  -826.16     
    9385  -627.75     
    9386  -627.47     
    9387  -665.37     
    9388  -687.00     
    9389  -661.96     
    9390  -676.42     
    9391  -720.77     
    9392  -684.29     
    9393  -719.42     
    9394  -583.56     
    9395  -603.13     
    9396  -739.63     
    9397  -755.84     
    9398  -835.66     
    9399  -492.99     
 
  ***** POST1 NODAL DEGREE OF FREEDOM LISTING *****                            
 
  LOAD STEP=     1  SUBSTEP=     1                                             
   TIME=    1.0000      LOAD CASE=   0                                         
 
    NODE       VOLT  
    9400  -495.32     
    9401  -514.48     
    9402  -535.06     
    9403  -552.73     
    9404  -580.48     
    9405  -541.59     
    9406  -561.36     
    9407  -498.86     
    9408  -496.98     
    9409  -497.87     
    9410  -501.27     
    9411  -498.91     
    9412  -499.98     
    9413  -828.90     
    9414  -757.20     
    9415  -781.99     
    9416  -793.61     
    9417  -774.01     
    9418  -786.34     
    9419  -809.76     
    9420  -818.44     
    9421  -825.43     
    9422  -812.58     
    9423  -819.59     
    9424  -833.56     
    9425  -834.68     
    9426  -834.94     
    9427  -578.58     
    9428  -836.40     
    9429  -497.23     
    9430  -759.92     
    9431  -525.04     
    9432  -791.59     
    9433  -804.81     
    9434  -498.41     
    9435  -598.47     
    9436  -616.34     
    9437  -724.42     
    9438  -742.05     
 
  ***** POST1 NODAL DEGREE OF FREEDOM LISTING *****                            
 
  LOAD STEP=     1  SUBSTEP=     1                                             
   TIME=    1.0000      LOAD CASE=   0                                         
 
    NODE       VOLT  
    9439  -509.65     
    9440  -538.22     
    9441  -512.35     
    9442  -526.79     
    9443  -798.30     
    9444  -827.14     
    9445  -811.74     
    9446  -825.54     
    9447  -835.32     
    9448  -838.39     
    9449  -836.37     
    9450  -836.96     
    9451  -837.92     
    9452  -838.69     
    9453  -499.25     
    9454  -499.34     
    9455  -839.03     
    9456  -839.13     
    9457  -832.71     
    9458  -834.46     
    9459  -834.90     
    9460  -837.06     
    9461  -838.40     
    9462  -837.90     
    9463  -838.52     
    9464  -573.07     
    9465  -764.81     
    9466  -502.64     
    9467  -505.43     
    9468  -833.69     
    9469  -836.35     
    9470  -546.93     
    9471  -557.89     
    9472  -779.64     
    9473  -790.75     
    9474  -780.03     
    9475  -555.83     
    9476  -831.67     
    9477  -504.54     
 
  ***** POST1 NODAL DEGREE OF FREEDOM LISTING *****                            
 
  LOAD STEP=     1  SUBSTEP=     1                                             
   TIME=    1.0000      LOAD CASE=   0                                         
 
    NODE       VOLT  
    9478  -836.71     
    9479  -837.27     
    9480  -833.17     
    9481  -838.30     
    9482  -498.46     
    9483  -835.84     
    9484  -815.92     
    9485  -521.50     
    9486  -740.53     
    9487  -600.58     
    9488  -799.58     
    9489  -523.90     
    9490  -834.11     
    9491  -822.11     
    9492  -816.92     
    9493  -771.22     
    9494  -499.69     
    9495  -495.22     
    9496  -563.53     
    9497  -698.51     
    9498  -654.23     
    9499  -829.52     
    9500  -496.33     
    9501  -835.51     
    9502  -18.395     
    9503  -1136.3     
    9504  -835.51     
    9505  -832.66     
    9506  -520.31     
    9507  -462.12     
    9508  -637.60     
    9509  -515.91     
    9510  -824.69     
    9511  -839.26     
    9512  -499.45     
    9513  -62.543     
    9514  -837.49     
    9515  -694.71     
    9516  -1134.5     
 
  ***** POST1 NODAL DEGREE OF FREEDOM LISTING *****                            
 
  LOAD STEP=     1  SUBSTEP=     1                                             
   TIME=    1.0000      LOAD CASE=   0                                         
 
    NODE       VOLT  
    9517  -1134.5     
    9518  -1138.2     
    9519  -1138.2     
    9520  -27.592     
    9521  -9.1975     
    9522  -27.592     
    9523  -9.1975     
    9524  -1122.4     
    9525  -187.89     
    9526  -239.40     
    9527  -213.64     
    9528  -290.90     
    9529  -265.15     
    9530  -864.86     
    9531  -875.10     
    9532  -869.98     
    9533  -885.36     
    9534  -880.23     
    9535  -895.61     
    9536  -890.48     
    9537  -907.14     
    9538  -902.02     
    9539  -917.40     
    9540  -912.27     
    9541  -927.65     
    9542  -922.52     
    9543  -937.90     
    9544  -932.77     
    9545  -948.15     
    9546  -943.02     
    9547  -958.40     
    9548  -953.28     
    9549  -968.65     
    9550  -963.53     
    9551  -978.91     
    9552  -973.78     
    9553  -989.16     
    9554  -984.03     
    9555  -999.41     
 
  ***** POST1 NODAL DEGREE OF FREEDOM LISTING *****                            
 
  LOAD STEP=     1  SUBSTEP=     1                                             
   TIME=    1.0000      LOAD CASE=   0                                         
 
    NODE       VOLT  
    9556  -994.28     
    9557  -1009.7     
    9558  -1004.5     
    9559  -1019.9     
    9560  -1014.8     
    9561  -1030.2     
    9562  -1025.0     
    9563  -1040.4     
    9564  -1035.3     
    9565  -1050.7     
    9566  -1045.5     
    9567  -1060.9     
    9568  -1055.8     
    9569  -1071.2     
    9570  -1066.0     
    9571  -1081.4     
    9572  -1076.3     
    9573  -1091.7     
    9574  -1086.5     
    9575  -1096.8     
    9576  -1101.9     
    9577  -1107.0     
    9578  -1117.3     
    9579  -1112.2     
    9580  -342.04     
    9581  -316.58     
    9582  -859.74     
    9583  -854.93     
    9584  -138.56     
    9585  -162.14     
    9586  -88.296     
    9587  -111.87     
    9588  -1127.6     
    9589  -366.19     
    9590  -849.94     
    9591  -1132.7     
    9592  -388.90     
    9593  -36.790     
    9594  -407.96     
 
  ***** POST1 NODAL DEGREE OF FREEDOM LISTING *****                            
 
  LOAD STEP=     1  SUBSTEP=     1                                             
   TIME=    1.0000      LOAD CASE=   0                                         
 
    NODE       VOLT  
    9595  -843.48     
    9596  -846.20     
    9597  -425.89     
    9598  -439.52     
    9599  -837.43     
    9600  -839.51     
    9601  -452.65     
    9602  -464.63     
    9603  -835.19     
    9604  -832.77     
    9605  -483.06     
    9606  -474.84     
    9607  -834.99     
    9608  -836.14     
    9609  -471.78     
    9610  -478.62     
    9611  -830.87     
    9612  -830.36     
    9613  -825.52     
    9614  -815.22     
    9615  -482.35     
    9616  -483.15     
    9617  -491.43     
    9618  -494.28     
    9619  -502.58     
    9620  -497.81     
    9621  -501.08     
    9622  -494.86     
    9623  -834.88     
    9624  -485.94     
    9625  -490.26     
    9626  -493.47     
    9627  -829.09     
    9628  -834.93     
    9629  -834.34     
    9630  -724.44     
    9631  -664.37     
    9632  -686.19     
    9633  -714.68     
 
  ***** POST1 NODAL DEGREE OF FREEDOM LISTING *****                            
 
  LOAD STEP=     1  SUBSTEP=     1                                             
   TIME=    1.0000      LOAD CASE=   0                                         
 
    NODE       VOLT  
    9634  -662.97     
    9635  -677.61     
    9636  -515.54     
    9637  -525.77     
    9638  -521.49     
    9639  -545.78     
    9640  -560.13     
    9641  -574.34     
    9642  -605.99     
    9643  -629.41     
    9644  -654.90     
    9645  -615.80     
    9646  -618.51     
    9647  -749.98     
    9648  -767.96     
    9649  -576.19     
    9650  -594.59     
    9651  -835.76     
    9652  -817.46     
    9653  -822.43     
    9654  -506.16     
    9655  -829.84     
    9656  -763.75     
    9657  -794.01     
    9658  -803.69     
    9659  -779.47     
    9660  -794.12     
    9661  -815.08     
    9662  -497.65     
    9663  -500.27     
    9664  -503.10     
    9665  -506.17     
    9666  -493.68     
    9667  -820.42     
    9668  -828.04     
    9669  -509.10     
    9670  -514.05     
    9671  -517.55     
    9672  -522.56     
 
  ***** POST1 NODAL DEGREE OF FREEDOM LISTING *****                            
 
  LOAD STEP=     1  SUBSTEP=     1                                             
   TIME=    1.0000      LOAD CASE=   0                                         
 
    NODE       VOLT  
    9673  -533.96     
    9674  -545.93     
    9675  -576.11     
    9676  -545.34     
    9677  -559.03     
    9678  -836.54     
    9679  -495.90     
    9680  -497.26     
    9681  -575.52     
    9682  -762.56     
    9683  -797.08     
    9684  -809.64     
    9685  -528.33     
    9686  -541.67     
    9687  -500.97     
    9688  -595.51     
    9689  -613.70     
    9690  -726.32     
    9691  -743.92     
    9692  -801.78     
    9693  -830.83     
    9694  -814.03     
    9695  -826.97     
    9696  -508.29     
    9697  -537.21     
    9698  -512.38     
    9699  -526.04     
    9700  -498.68     
    9701  -497.70     
    9702  -497.94     
    9703  -499.03     
    9704  -836.77     
    9705  -837.21     
    9706  -838.47     
    9707  -499.64     
    9708  -500.00     
    9709  -836.55     
    9710  -838.31     
    9711  -838.86     
 
  ***** POST1 NODAL DEGREE OF FREEDOM LISTING *****                            
 
  LOAD STEP=     1  SUBSTEP=     1                                             
   TIME=    1.0000      LOAD CASE=   0                                         
 
    NODE       VOLT  
    9712  -839.09     
    9713  -572.71     
    9714  -766.02     
    9715  -499.49     
    9716  -499.56     
    9717  -500.83     
    9718  -839.12     
    9719  -839.21     
    9720  -837.47     
    9721  -501.89     
    9722  -504.02     
    9723  -834.69     
    9724  -836.50     
    9725  -546.28     
    9726  -557.56     
    9727  -781.04     
    9728  -791.73     
    9729  -782.38     
    9730  -555.24     
    9731  -833.84     
    9732  -503.59     
    9733  -838.43     
    9734  -498.98     
    9735  -838.07     
    9736  -499.56     
    9737  -835.99     
    9738  -496.18     
    9739  -520.78     
    9740  -818.67     
    9741  -743.94     
    9742  -595.38     
    9743  -531.73     
    9744  -806.28     
    9745  -560.23     
    9746  -534.21     
    9747  -514.50     
    9748  -511.53     
    9749  -822.46     
    9750  -500.67     
 
  ***** POST1 NODAL DEGREE OF FREEDOM LISTING *****                            
 
  LOAD STEP=     1  SUBSTEP=     1                                             
   TIME=    1.0000      LOAD CASE=   0                                         
 
    NODE       VOLT  
    9751  -779.67     
    9752  -833.03     
    9753  -823.96     
    9754  -593.04     
    9755  -640.54     
    9756  -685.36     
    9757  -489.84     
    9758  -493.41     
    9759  -474.15     
    9760  -833.53     
    9761  -18.395     
    9762  -1136.3     
    9763  -835.80     
    9764  -836.37     
    9765  -469.05     
    9766  -832.89     
    9767  -491.93     
    9768  -498.71     
    9769  -838.91     
    9770  -768.37     
    9771  -1138.5     
    9772  -7.3580     
    9773  -839.10     
    9774  -498.67     
    9775  -835.34     
    9776  -643.21     
    9777  -701.28     
    9778  -839.27     
    9779  -521.53     
    9780  -506.76     
    9781  -525.74     
    9782  -509.87     
    9783  -815.14     
    9784  -814.00     
    9785  -833.07     
    9786  -830.13     
    9787  -1134.9     
    9788  -1138.5     
    9789  -1134.9     
 
  ***** POST1 NODAL DEGREE OF FREEDOM LISTING *****                            
 
  LOAD STEP=     1  SUBSTEP=     1                                             
   TIME=    1.0000      LOAD CASE=   0                                         
 
    NODE       VOLT  
    9790  -1138.5     
    9791  -25.753     
    9792  -7.3580     
    9793  -25.753     
    9794  -7.3580     
    9795  -1111.7     
    9796  -1117.3     
    9797  -1122.4     
    9798  -1127.6     
    9799  -1101.5     
    9800  -1106.6     
    9801  -1091.2     
    9802  -1096.3     
    9803  -1080.9     
    9804  -1086.1     
    9805  -1070.7     
    9806  -1075.8     
    9807  -1060.4     
    9808  -1065.6     
    9809  -1050.2     
    9810  -1055.3     
    9811  -1039.9     
    9812  -1045.1     
    9813  -1029.7     
    9814  -1034.8     
    9815  -1019.4     
    9816  -1024.6     
    9817  -1009.2     
    9818  -1014.3     
    9819  -998.94     
    9820  -1004.1     
    9821  -988.68     
    9822  -993.81     
    9823  -978.43     
    9824  -983.56     
    9825  -968.18     
    9826  -973.31     
    9827  -957.93     
    9828  -963.06     
 
  ***** POST1 NODAL DEGREE OF FREEDOM LISTING *****                            
 
  LOAD STEP=     1  SUBSTEP=     1                                             
   TIME=    1.0000      LOAD CASE=   0                                         
 
    NODE       VOLT  
    9829  -947.68     
    9830  -952.80     
    9831  -937.43     
    9832  -942.55     
    9833  -927.18     
    9834  -932.30     
    9835  -916.92     
    9836  -922.05     
    9837  -911.80     
    9838  -901.55     
    9839  -906.67     
    9840  -890.01     
    9841  -895.13     
    9842  -879.76     
    9843  -884.88     
    9844  -315.65     
    9845  -289.96     
    9846  -264.21     
    9847  -238.46     
    9848  -212.70     
    9849  -186.95     
    9850  -62.543     
    9851  -36.790     
    9852  -1132.7     
    9853  -869.54     
    9854  -874.63     
    9855  -859.62     
    9856  -864.42     
    9857  -365.55     
    9858  -341.40     
    9859  -161.20     
    9860  -137.62     
    9861  -111.87     
    9862  -88.296     
    9863  -854.82     
    9864  -850.85     
    9865  -410.36     
    9866  -391.30     
    9867  -847.11     
 
  ***** POST1 NODAL DEGREE OF FREEDOM LISTING *****                            
 
  LOAD STEP=     1  SUBSTEP=     1                                             
   TIME=    1.0000      LOAD CASE=   0                                         
 
    NODE       VOLT  
    9868  -844.20     
    9869  -447.20     
    9870  -433.61     
    9871  -841.53     
    9872  -481.81     
    9873  -839.41     
    9874  -837.60     
    9875  -487.73     
    9876  -462.51     
    9877  -501.84     
    9878  -835.12     
    9879  -490.46     
    9880  -833.81     
    9881  -836.41     
    9882  -478.34     
    9883  -823.32     
    9884  -828.87     
    9885  -545.60     
    9886  -835.97     
    9887  -574.03     
    9888  -835.82     
    9889  -488.79     
    9890  -484.64     
    9891  -788.56     
    9892  -520.47     
    9893  -514.34     
    9894  -507.17     
    9895  -823.90     
    9896  -836.87     
    9897  -626.05     
    9898  -601.53     
    9899  -686.98     
    9900  -663.53     
    9901  -623.98     
    9902  -720.75     
    9903  -674.52     
    9904  -660.05     
    9905  -721.43     
    9906  -684.22     
 
  ***** POST1 NODAL DEGREE OF FREEDOM LISTING *****                            
 
  LOAD STEP=     1  SUBSTEP=     1                                             
   TIME=    1.0000      LOAD CASE=   0                                         
 
    NODE       VOLT  
    9907  -491.50     
    9908  -493.78     
    9909  -492.27     
    9910  -492.29     
    9911  -502.39     
    9912  -497.91     
    9913  -836.33     
    9914  -831.17     
    9915  -828.09     
    9916  -837.10     
    9917  -496.42     
    9918  -496.54     
    9919  -496.93     
    9920  -496.91     
    9921  -499.84     
    9922  -838.04     
    9923  -837.19     
    9924  -834.42     
    9925  -812.50     
    9926  -806.53     
    9927  -836.92     
    9928  -835.69     
    9929  -836.31     
    9930  -569.23     
    9931  -764.70     
    9932  -741.43     
    9933  -553.45     
    9934  -534.86     
    9935  -799.01     
    9936  -782.89     
    9937  -494.50     
    9938  -511.06     
    9939  -823.32     
    9940  -837.41     
    9941  -497.83     
    9942  -496.55     
    9943  -577.64     
    9944  -762.40     
    9945  -838.39     
 
  ***** POST1 NODAL DEGREE OF FREEDOM LISTING *****                            
 
  LOAD STEP=     1  SUBSTEP=     1                                             
   TIME=    1.0000      LOAD CASE=   0                                         
 
    NODE       VOLT  
    9946  -838.12     
    9947  -838.34     
    9948  -535.80     
    9949  -614.64     
    9950  -596.65     
    9951  -744.12     
    9952  -726.29     
    9953  -526.79     
    9954  -517.51     
    9955  -800.64     
    9956  -819.00     
    9957  -810.31     
    9958  -498.60     
    9959  -498.03     
    9960  -498.08     
    9961  -498.58     
    9962  -498.55     
    9963  -498.55     
    9964  -498.47     
    9965  -498.59     
    9966  -498.51     
    9967  -499.35     
    9968  -498.84     
    9969  -500.81     
    9970  -839.14     
    9971  -839.23     
    9972  -839.26     
    9973  -838.81     
    9974  -838.83     
    9975  -839.12     
    9976  -839.08     
    9977  -839.01     
    9978  -837.71     
    9979  -837.07     
    9980  -836.91     
    9981  -498.63     
    9982  -498.65     
    9983  -839.10     
    9984  -839.12     
 
  ***** POST1 NODAL DEGREE OF FREEDOM LISTING *****                            
 
  LOAD STEP=     1  SUBSTEP=     1                                             
   TIME=    1.0000      LOAD CASE=   0                                         
 
    NODE       VOLT  
    9985  -573.87     
    9986  -765.62     
    9987  -503.99     
    9988  -502.07     
    9989  -835.47     
    9990  -833.42     
    9991  -558.83     
    9992  -547.84     
    9993  -791.02     
    9994  -780.34     
    9995  -781.10     
    9996  -557.60     
    9997  -831.33     
    9998  -503.65     
    9999  -838.26     
   10000  -497.15     
   10001  -835.59     
   10002  -838.18     
   10003  -837.75     
   10004  -838.53     
   10005  -497.41     
   10006  -496.96     
   10007  -497.02     
   10008  -495.88     
   10009  -812.37     
   10010  -521.40     
   10011  -744.55     
   10012  -597.19     
   10013  -786.48     
   10014  -547.84     
   10015  -836.07     
   10016  -828.92     
   10017  -835.72     
   10018  -497.99     
   10019  -486.46     
   10020  -698.44     
   10021  -650.50     
   10022  -14.716     
   10023  -1137.1     
 
  ***** POST1 NODAL DEGREE OF FREEDOM LISTING *****                            
 
  LOAD STEP=     1  SUBSTEP=     1                                             
   TIME=    1.0000      LOAD CASE=   0                                         
 
    NODE       VOLT  
   10024  -824.37     
   10025  -515.59     
   10026  -826.91     
   10027  -830.77     
   10028  -491.98     
   10029  -473.43     
   10030  -502.34     
   10031  -523.55     
   10032  -835.81     
   10033  -492.37     
   10034  -557.32     
   10035  -498.56     
   10036  -838.46     
   10037  -836.61     
   10038  -801.17     
   10039  -1138.5     
   10040  -7.3580     
   10041  -839.27     
   10042  -498.57     
   10043  -571.39     
   10044  -609.07     
   10045  -590.98     
   10046  -633.20     
   10047  -694.98     
   10048  -520.22     
   10049  -506.49     
   10050  -525.47     
   10051  -509.64     
   10052  -816.07     
   10053  -814.59     
   10054  -833.25     
   10055  -830.43     
   10056  -1134.9     
   10057  -1134.9     
   10058  -1138.5     
   10059  -1138.5     
   10060  -25.753     
   10061  -25.753     
   10062  -7.3580     
 
  ***** POST1 NODAL DEGREE OF FREEDOM LISTING *****                            
 
  LOAD STEP=     1  SUBSTEP=     1                                             
   TIME=    1.0000      LOAD CASE=   0                                         
 
    NODE       VOLT  
   10063  -7.3580     
   10064  -1122.4     
   10065  -62.543     
   10066  -187.15     
   10067  -212.91     
   10068  -238.66     
   10069  -264.41     
   10070  -290.16     
   10071  -315.88     
   10072  -341.34     
   10073  -864.73     
   10074  -869.84     
   10075  -874.96     
   10076  -880.09     
   10077  -885.21     
   10078  -890.34     
   10079  -895.47     
   10080  -902.02     
   10081  -907.14     
   10082  -912.27     
   10083  -917.40     
   10084  -922.52     
   10085  -927.65     
   10086  -932.77     
   10087  -937.90     
   10088  -943.02     
   10089  -948.15     
   10090  -953.28     
   10091  -958.40     
   10092  -963.53     
   10093  -968.65     
   10094  -973.78     
   10095  -978.91     
   10096  -984.03     
   10097  -989.16     
   10098  -994.28     
   10099  -999.41     
   10100  -1004.5     
   10101  -1009.7     
 
  ***** POST1 NODAL DEGREE OF FREEDOM LISTING *****                            
 
  LOAD STEP=     1  SUBSTEP=     1                                             
   TIME=    1.0000      LOAD CASE=   0                                         
 
    NODE       VOLT  
   10102  -1014.8     
   10103  -1019.9     
   10104  -1025.0     
   10105  -1030.2     
   10106  -1035.3     
   10107  -1040.4     
   10108  -1045.5     
   10109  -1050.7     
   10110  -1055.8     
   10111  -1060.9     
   10112  -1066.0     
   10113  -1071.2     
   10114  -1076.3     
   10115  -1081.4     
   10116  -1086.5     
   10117  -1091.7     
   10118  -1096.8     
   10119  -1101.9     
   10120  -1107.0     
   10121  -1112.2     
   10122  -1117.3     
   10123  -1127.6     
   10124  -36.790     
   10125  -1132.7     
   10126  -859.60     
   10127  -854.88     
   10128  -161.40     
   10129  -138.19     
   10130  -111.50     
   10131  -88.296     
   10132  -366.19     
   10133  -388.90     
   10134  -842.65     
   10135  -849.89     
   10136  -846.21     
   10137  -407.96     
   10138  -838.59     
   10139  -837.06     
   10140  -842.98     
 
  ***** POST1 NODAL DEGREE OF FREEDOM LISTING *****                            
 
  LOAD STEP=     1  SUBSTEP=     1                                             
   TIME=    1.0000      LOAD CASE=   0                                         
 
    NODE       VOLT  
   10141  -425.88     
   10142  -439.48     
   10143  -840.30     
   10144  -838.57     
   10145  -462.25     
   10146  -452.59     
   10147  -834.33     
   10148  -471.68     
   10149  -487.89     
   10150  -834.78     
   10151  -835.80     
   10152  -484.05     
   10153  -493.50     
   10154  -836.26     
   10155  -835.61     
   10156  -478.55     
   10157  -827.30     
   10158  -829.36     
   10159  -823.54     
   10160  -811.61     
   10161  -797.96     
   10162  -773.77     
   10163  -489.03     
   10164  -484.80     
   10165  -686.96     
   10166  -501.28     
   10167  -492.14     
   10168  -492.83     
   10169  -494.05     
   10170  -836.21     
   10171  -836.15     
   10172  -835.34     
   10173  -836.53     
   10174  -836.35     
   10175  -751.08     
   10176  -724.92     
   10177  -716.46     
   10178  -651.83     
   10179  -678.41     
 
  ***** POST1 NODAL DEGREE OF FREEDOM LISTING *****                            
 
  LOAD STEP=     1  SUBSTEP=     1                                             
   TIME=    1.0000      LOAD CASE=   0                                         
 
    NODE       VOLT  
   10180  -659.12     
   10181  -624.91     
   10182  -650.21     
   10183  -611.80     
   10184  -496.48     
   10185  -497.06     
   10186  -497.23     
   10187  -837.65     
   10188  -836.87     
   10189  -497.98     
   10190  -495.88     
   10191  -833.03     
   10192  -572.63     
   10193  -603.98     
   10194  -533.97     
   10195  -836.90     
   10196  -837.39     
   10197  -837.85     
   10198  -837.96     
   10199  -497.27     
   10200  -500.50     
   10201  -838.08     
   10202  -834.89     
   10203  -835.56     
   10204  -836.06     
   10205  -814.46     
   10206  -807.40     
   10207  -771.96     
   10208  -571.19     
   10209  -557.32     
   10210  -538.05     
   10211  -494.36     
   10212  -785.88     
   10213  -510.20     
   10214  -825.30     
   10215  -763.58     
   10216  -837.53     
   10217  -497.72     
   10218  -496.45     
 
  ***** POST1 NODAL DEGREE OF FREEDOM LISTING *****                            
 
  LOAD STEP=     1  SUBSTEP=     1                                             
   TIME=    1.0000      LOAD CASE=   0                                         
 
    NODE       VOLT  
   10219  -575.06     
   10220  -801.55     
   10221  -612.29     
   10222  -593.72     
   10223  -745.42     
   10224  -727.22     
   10225  -838.50     
   10226  -838.66     
   10227  -535.34     
   10228  -525.71     
   10229  -515.87     
   10230  -820.11     
   10231  -810.98     
   10232  -498.53     
   10233  -498.55     
   10234  -498.81     
   10235  -498.31     
   10236  -498.32     
   10237  -498.29     
   10238  -498.42     
   10239  -498.33     
   10240  -499.67     
   10241  -499.24     
   10242  -500.89     
   10243  -839.28     
   10244  -839.30     
   10245  -839.39     
   10246  -838.68     
   10247  -838.70     
   10248  -838.75     
   10249  -838.71     
   10250  -838.61     
   10251  -837.65     
   10252  -837.08     
   10253  -837.13     
   10254  -498.88     
   10255  -498.82     
   10256  -498.85     
   10257  -839.33     
 
  ***** POST1 NODAL DEGREE OF FREEDOM LISTING *****                            
 
  LOAD STEP=     1  SUBSTEP=     1                                             
   TIME=    1.0000      LOAD CASE=   0                                         
 
    NODE       VOLT  
   10258  -839.35     
   10259  -839.37     
   10260  -573.95     
   10261  -765.62     
   10262  -558.67     
   10263  -547.65     
   10264  -792.11     
   10265  -781.02     
   10266  -504.07     
   10267  -502.14     
   10268  -835.88     
   10269  -834.23     
   10270  -832.72     
   10271  -503.44     
   10272  -781.98     
   10273  -557.49     
   10274  -838.74     
   10275  -497.60     
   10276  -835.87     
   10277  -837.51     
   10278  -837.51     
   10279  -838.60     
   10280  -498.63     
   10281  -496.60     
   10282  -496.53     
   10283  -496.93     
   10284  -813.70     
   10285  -520.69     
   10286  -746.58     
   10287  -591.95     
   10288  -790.53     
   10289  -554.88     
   10290  -589.12     
   10291  -817.66     
   10292  -835.79     
   10293  -837.23     
   10294  -832.00     
   10295  -491.03     
   10296  -631.12     
 
  ***** POST1 NODAL DEGREE OF FREEDOM LISTING *****                            
 
  LOAD STEP=     1  SUBSTEP=     1                                             
   TIME=    1.0000      LOAD CASE=   0                                         
 
    NODE       VOLT  
   10297  -686.77     
   10298  -835.83     
   10299  -486.74     
   10300  -839.49     
   10301  -14.716     
   10302  -1137.1     
   10303  -824.76     
   10304  -515.04     
   10305  -682.44     
   10306  -625.23     
   10307  -835.39     
   10308  -830.36     
   10309  -836.62     
   10310  -834.66     
   10311  -834.06     
   10312  -497.94     
   10313  -499.59     
   10314  -497.69     
   10315  -499.34     
   10316  -497.32     
   10317  -498.62     
   10318  -498.48     
   10319  -494.97     
   10320  -487.47     
   10321  -498.49     
   10322  -582.95     
   10323  -832.41     
   10324  -837.78     
   10325  -601.43     
   10326  -502.95     
   10327  -498.37     
   10328  -496.68     
   10329  -507.80     
   10330  -526.41     
   10331  -498.62     
   10332  -505.68     
   10333  -506.93     
   10334  -498.50     
   10335  -498.70     
 
  ***** POST1 NODAL DEGREE OF FREEDOM LISTING *****                            
 
  LOAD STEP=     1  SUBSTEP=     1                                             
   TIME=    1.0000      LOAD CASE=   0                                         
 
    NODE       VOLT  
   10336  -495.32     
   10337  -531.16     
   10338  -836.67     
   10339  -834.27     
   10340  -833.60     
   10341  -836.30     
   10342  -836.67     
   10343  -682.60     
   10344  -827.93     
   10345  -472.98     
   10346  -487.88     
   10347  -492.46     
   10348  -501.41     
   10349  -505.38     
   10350  -496.20     
   10351  -838.72     
   10352  -837.33     
   10353  -837.71     
   10354  -623.49     
   10355  -626.49     
   10356  -618.69     
   10357  -652.29     
   10358  -589.32     
   10359  -627.02     
   10360  -498.40     
   10361  -831.11     
   10362  -831.44     
   10363  -833.68     
   10364  -820.24     
   10365  -830.36     
   10366  -815.98     
   10367  -827.71     
   10368  -836.41     
   10369  -838.91     
   10370  -838.75     
   10371  -835.52     
   10372  -835.06     
   10373  -655.45     
   10374  -582.84     
 
  ***** POST1 NODAL DEGREE OF FREEDOM LISTING *****                            
 
  LOAD STEP=     1  SUBSTEP=     1                                             
   TIME=    1.0000      LOAD CASE=   0                                         
 
    NODE       VOLT  
   10375  -567.27     
   10376  -832.58     
   10377  -837.69     
   10378  -835.39     
   10379  -837.77     
   10380  -836.45     
   10381  -498.47     
   10382  -499.29     
   10383  -497.18     
   10384  -498.82     
   10385  -498.81     
   10386  -713.61     
   10387  -801.72     
   10388  -824.23     
   10389  -824.32     
   10390  -789.41     
   10391  -802.64     
   10392  -751.81     
   10393  -838.22     
   10394  -502.32     
   10395  -512.76     
   10396  -505.11     
   10397  -498.85     
   10398  -834.48     
   10399  -835.08     
   10400  -833.87     
   10401  -836.89     
   10402  -674.32     
   10403  -498.26     
   10404  -739.38     
   10405  -837.44     
   10406  -582.18     
   10407  -494.89     
   10408  -506.41     
   10409  -540.20     
   10410  -499.09     
   10411  -534.59     
   10412  -551.60     
   10413  -547.79     
 
  ***** POST1 NODAL DEGREE OF FREEDOM LISTING *****                            
 
  LOAD STEP=     1  SUBSTEP=     1                                             
   TIME=    1.0000      LOAD CASE=   0                                         
 
    NODE       VOLT  
   10414  -585.34     
   10415  -531.14     
   10416  -548.62     
   10417  -836.85     
   10418  -621.72     
   10419  -765.38     
   10420  -753.95     
   10421  -508.72     
   10422  -524.66     
   10423  -547.48     
   10424  -520.28     
   10425  -521.22     
   10426  -789.08     
   10427  -781.95     
   10428  -738.61     
   10429  -760.31     
   10430  -793.81     
   10431  -794.93     
   10432  -806.10     
   10433  -761.51     
   10434  -815.82     
   10435  -802.53     
   10436  -830.97     
   10437  -821.11     
   10438  -824.66     
   10439  -528.81     
   10440  -565.24     
   10441  -835.25     
   10442  -837.14     
   10443  -712.47     
   10444  -837.90     
   10445  -836.05     
   10446  -550.28     
   10447  -558.96     
   10448  -587.71     
   10449  -793.90     
   10450  -767.29     
   10451  -772.46     
   10452  -471.37     
 
  ***** POST1 NODAL DEGREE OF FREEDOM LISTING *****                            
 
  LOAD STEP=     1  SUBSTEP=     1                                             
   TIME=    1.0000      LOAD CASE=   0                                         
 
    NODE       VOLT  
   10453  -460.53     
   10454  -793.51     
   10455  -838.15     
   10456  -721.38     
   10457  -773.95     
   10458  -753.82     
   10459  -818.81     
   10460  -789.12     
   10461  -832.15     
   10462  -828.50     
   10463  -578.78     
   10464  -836.09     
   10465  -838.59     
   10466  -837.02     
   10467  -503.18     
   10468  -499.98     
   10469  -499.40     
   10470  -509.39     
   10471  -518.45     
   10472  -496.40     
   10473  -838.05     
   10474  -814.73     
   10475  -803.04     
   10476  -783.90     
   10477  -500.69     
   10478  -537.41     
   10479  -529.74     
   10480  -498.67     
   10481  -837.28     
   10482  -835.64     
   10483  -1127.7     
   10484  -930.78     
   10485  -654.68     
   10486  -648.36     
   10487  -676.13     
   10488  -676.03     
   10489  -648.58     
   10490  -833.83     
   10491  -833.92     
 
  ***** POST1 NODAL DEGREE OF FREEDOM LISTING *****                            
 
  LOAD STEP=     1  SUBSTEP=     1                                             
   TIME=    1.0000      LOAD CASE=   0                                         
 
    NODE       VOLT  
   10492  -835.75     
   10493  -834.19     
   10494  -830.53     
   10495  -834.37     
   10496  -835.36     
   10497  -834.95     
   10498  -835.49     
   10499  -835.09     
   10500  -833.74     
   10501  -835.02     
   10502  -735.56     
   10503  -719.55     
   10504  -498.56     
   10505  -498.96     
   10506  -497.41     
   10507  -498.46     
   10508  -499.52     
   10509  -498.87     
   10510  -499.66     
   10511  -499.12     
   10512  -499.04     
   10513  -499.53     
   10514  -497.64     
   10515  -498.78     
   10516  -498.99     
   10517  -498.74     
   10518  -499.24     
   10519  -499.29     
   10520  -498.99     
   10521  -498.18     
   10522  -497.94     
   10523  -496.59     
   10524  -496.64     
   10525  -493.41     
   10526  -493.77     
   10527  -491.61     
   10528  -498.23     
   10529  -499.22     
   10530  -498.99     
 
  ***** POST1 NODAL DEGREE OF FREEDOM LISTING *****                            
 
  LOAD STEP=     1  SUBSTEP=     1                                             
   TIME=    1.0000      LOAD CASE=   0                                         
 
    NODE       VOLT  
   10531  -499.02     
   10532  -499.25     
   10533  -578.08     
   10534  -593.01     
   10535  -574.18     
   10536  -842.96     
   10537  -840.66     
   10538  -840.26     
   10539  -833.38     
   10540  -835.34     
   10541  -835.22     
   10542  -833.00     
   10543  -835.41     
   10544  -836.45     
   10545  -836.20     
   10546  -836.51     
   10547  -837.48     
   10548  -838.61     
   10549  -837.50     
   10550  -835.32     
   10551  -838.48     
   10552  -627.38     
   10553  -602.91     
   10554  -601.63     
   10555  -832.46     
   10556  -837.42     
   10557  -837.18     
   10558  -838.18     
   10559  -500.44     
   10560  -497.91     
   10561  -500.07     
   10562  -505.99     
   10563  -501.34     
   10564  -501.24     
   10565  -502.81     
   10566  -509.17     
   10567  -512.71     
   10568  -519.93     
   10569  -516.66     
 
  ***** POST1 NODAL DEGREE OF FREEDOM LISTING *****                            
 
  LOAD STEP=     1  SUBSTEP=     1                                             
   TIME=    1.0000      LOAD CASE=   0                                         
 
    NODE       VOLT  
   10570  -509.45     
   10571  -503.25     
   10572  -502.04     
   10573  -505.50     
   10574  -502.35     
   10575  -500.26     
   10576  -500.28     
   10577  -501.82     
   10578  -500.35     
   10579  -500.84     
   10580  -499.75     
   10581  -503.10     
   10582  -504.67     
   10583  -509.11     
   10584  -506.48     
   10585  -507.47     
   10586  -500.89     
   10587  -499.84     
   10588  -502.65     
   10589  -500.19     
   10590  -498.84     
   10591  -501.27     
   10592  -502.20     
   10593  -501.42     
   10594  -497.07     
   10595  -497.11     
   10596  -499.12     
   10597  -503.18     
   10598  -500.61     
   10599  -501.39     
   10600  -499.93     
   10601  -501.62     
   10602  -499.77     
   10603  -515.00     
   10604  -515.81     
   10605  -518.67     
   10606  -504.46     
   10607  -520.43     
   10608  -515.82     
 
  ***** POST1 NODAL DEGREE OF FREEDOM LISTING *****                            
 
  LOAD STEP=     1  SUBSTEP=     1                                             
   TIME=    1.0000      LOAD CASE=   0                                         
 
    NODE       VOLT  
   10609  -505.20     
   10610  -520.50     
   10611  -833.73     
   10612  -833.85     
   10613  -834.81     
   10614  -835.86     
   10615  -833.72     
   10616  -835.20     
   10617  -834.13     
   10618  -832.51     
   10619  -832.64     
   10620  -834.96     
   10621  -835.83     
   10622  -834.54     
   10623  -836.59     
   10624  -836.05     
   10625  -834.69     
   10626  -834.71     
   10627  -833.15     
   10628  -835.14     
   10629  -835.51     
   10630  -676.15     
   10631  -686.32     
   10632  -688.49     
   10633  -830.62     
   10634  -831.29     
   10635  -831.39     
   10636  -479.90     
   10637  -471.31     
   10638  -478.11     
   10639  -482.05     
   10640  -471.39     
   10641  -481.00     
   10642  -484.93     
   10643  -487.58     
   10644  -490.48     
   10645  -489.16     
   10646  -491.44     
   10647  -494.26     
 
  ***** POST1 NODAL DEGREE OF FREEDOM LISTING *****                            
 
  LOAD STEP=     1  SUBSTEP=     1                                             
   TIME=    1.0000      LOAD CASE=   0                                         
 
    NODE       VOLT  
   10648  -495.58     
   10649  -503.98     
   10650  -496.05     
   10651  -497.72     
   10652  -495.47     
   10653  -493.13     
   10654  -493.23     
   10655  -494.35     
   10656  -497.71     
   10657  -498.52     
   10658  -838.70     
   10659  -838.05     
   10660  -838.00     
   10661  -839.37     
   10662  -839.28     
   10663  -838.66     
   10664  -838.79     
   10665  -838.98     
   10666  -838.34     
   10667  -839.23     
   10668  -839.30     
   10669  -837.94     
   10670  -837.36     
   10671  -837.59     
   10672  -837.07     
   10673  -838.78     
   10674  -837.82     
   10675  -839.41     
   10676  -838.33     
   10677  -839.35     
   10678  -839.35     
   10679  -839.38     
   10680  -836.93     
   10681  -837.51     
   10682  -837.03     
   10683  -624.99     
   10684  -622.80     
   10685  -621.42     
   10686  -637.49     
 
  ***** POST1 NODAL DEGREE OF FREEDOM LISTING *****                            
 
  LOAD STEP=     1  SUBSTEP=     1                                             
   TIME=    1.0000      LOAD CASE=   0                                         
 
    NODE       VOLT  
   10687  -639.60     
   10688  -635.94     
   10689  -606.50     
   10690  -607.08     
   10691  -625.24     
   10692  -632.06     
   10693  -614.70     
   10694  -634.01     
   10695  -608.08     
   10696  -591.62     
   10697  -641.61     
   10698  -627.43     
   10699  -654.94     
   10700  -669.70     
   10701  -499.10     
   10702  -499.20     
   10703  -499.15     
   10704  -499.26     
   10705  -499.11     
   10706  -498.43     
   10707  -499.19     
   10708  -499.01     
   10709  -499.37     
   10710  -499.35     
   10711  -499.58     
   10712  -499.56     
   10713  -500.02     
   10714  -498.42     
   10715  -499.29     
   10716  -499.31     
   10717  -830.83     
   10718  -831.68     
   10719  -832.18     
   10720  -826.57     
   10721  -828.27     
   10722  -829.69     
   10723  -829.88     
   10724  -824.98     
   10725  -824.69     
 
  ***** POST1 NODAL DEGREE OF FREEDOM LISTING *****                            
 
  LOAD STEP=     1  SUBSTEP=     1                                             
   TIME=    1.0000      LOAD CASE=   0                                         
 
    NODE       VOLT  
   10726  -829.17     
   10727  -829.08     
   10728  -821.17     
   10729  -834.62     
   10730  -832.96     
   10731  -833.95     
   10732  -826.60     
   10733  -817.31     
   10734  -837.79     
   10735  -838.22     
   10736  -837.18     
   10737  -837.62     
   10738  -838.86     
   10739  -838.12     
   10740  -836.35     
   10741  -836.19     
   10742  -836.66     
   10743  -836.05     
   10744  -835.20     
   10745  -835.82     
   10746  -838.21     
   10747  -837.30     
   10748  -836.21     
   10749  -836.22     
   10750  -837.25     
   10751  -836.85     
   10752  -635.76     
   10753  -635.42     
   10754  -626.88     
   10755  -641.55     
   10756  -650.28     
   10757  -641.25     
   10758  -606.92     
   10759  -586.61     
   10760  -605.14     
   10761  -596.10     
   10762  -579.02     
   10763  -575.01     
   10764  -835.64     
 
  ***** POST1 NODAL DEGREE OF FREEDOM LISTING *****                            
 
  LOAD STEP=     1  SUBSTEP=     1                                             
   TIME=    1.0000      LOAD CASE=   0                                         
 
    NODE       VOLT  
   10765  -836.81     
   10766  -835.40     
   10767  -834.58     
   10768  -835.93     
   10769  -836.14     
   10770  -833.06     
   10771  -831.03     
   10772  -834.16     
   10773  -833.66     
   10774  -831.90     
   10775  -836.37     
   10776  -835.02     
   10777  -835.67     
   10778  -836.48     
   10779  -838.20     
   10780  -836.96     
   10781  -837.79     
   10782  -838.39     
   10783  -832.47     
   10784  -830.25     
   10785  -837.83     
   10786  -836.73     
   10787  -835.00     
   10788  -835.96     
   10789  -835.28     
   10790  -835.83     
   10791  -835.82     
   10792  -836.34     
   10793  -499.31     
   10794  -498.72     
   10795  -499.53     
   10796  -498.73     
   10797  -497.77     
   10798  -498.30     
   10799  -498.64     
   10800  -499.46     
   10801  -499.26     
   10802  -499.43     
   10803  -499.25     
 
  ***** POST1 NODAL DEGREE OF FREEDOM LISTING *****                            
 
  LOAD STEP=     1  SUBSTEP=     1                                             
   TIME=    1.0000      LOAD CASE=   0                                         
 
    NODE       VOLT  
   10804  -499.38     
   10805  -498.65     
   10806  -497.21     
   10807  -497.43     
   10808  -718.27     
   10809  -704.41     
   10810  -702.15     
   10811  -499.21     
   10812  -499.22     
   10813  -499.24     
   10814  -499.26     
   10815  -499.23     
   10816  -499.40     
   10817  -815.43     
   10818  -827.91     
   10819  -817.43     
   10820  -815.63     
   10821  -822.85     
   10822  -828.79     
   10823  -795.79     
   10824  -790.95     
   10825  -784.46     
   10826  -803.85     
   10827  -809.91     
   10828  -799.37     
   10829  -810.44     
   10830  -801.59     
   10831  -800.05     
   10832  -812.86     
   10833  -829.08     
   10834  -817.27     
   10835  -778.69     
   10836  -759.55     
   10837  -788.64     
   10838  -791.80     
   10839  -762.85     
   10840  -820.28     
   10841  -802.32     
   10842  -823.53     
 
  ***** POST1 NODAL DEGREE OF FREEDOM LISTING *****                            
 
  LOAD STEP=     1  SUBSTEP=     1                                             
   TIME=    1.0000      LOAD CASE=   0                                         
 
    NODE       VOLT  
   10843  -802.65     
   10844  -838.59     
   10845  -839.10     
   10846  -839.42     
   10847  -839.43     
   10848  -839.11     
   10849  -839.43     
   10850  -839.44     
   10851  -839.45     
   10852  -839.41     
   10853  -839.39     
   10854  -839.37     
   10855  -839.42     
   10856  -839.46     
   10857  -839.44     
   10858  -839.11     
   10859  -837.39     
   10860  -838.49     
   10861  -502.30     
   10862  -508.45     
   10863  -505.95     
   10864  -502.52     
   10865  -508.61     
   10866  -501.42     
   10867  -503.48     
   10868  -504.07     
   10869  -505.76     
   10870  -500.41     
   10871  -499.84     
   10872  -500.61     
   10873  -500.95     
   10874  -500.07     
   10875  -500.75     
   10876  -503.00     
   10877  -499.33     
   10878  -499.84     
   10879  -500.23     
   10880  -501.70     
   10881  -502.49     
 
  ***** POST1 NODAL DEGREE OF FREEDOM LISTING *****                            
 
  LOAD STEP=     1  SUBSTEP=     1                                             
   TIME=    1.0000      LOAD CASE=   0                                         
 
    NODE       VOLT  
   10882  -503.08     
   10883  -501.44     
   10884  -501.00     
   10885  -503.26     
   10886  -834.62     
   10887  -836.37     
   10888  -836.55     
   10889  -837.85     
   10890  -837.48     
   10891  -833.92     
   10892  -835.57     
   10893  -835.89     
   10894  -837.02     
   10895  -836.38     
   10896  -837.90     
   10897  -837.82     
   10898  -838.39     
   10899  -833.18     
   10900  -830.28     
   10901  -835.41     
   10902  -834.27     
   10903  -834.51     
   10904  -829.78     
   10905  -830.80     
   10906  -697.85     
   10907  -689.35     
   10908  -705.26     
   10909  -666.52     
   10910  -662.54     
   10911  -678.41     
   10912  -690.55     
   10913  -686.22     
   10914  -705.59     
   10915  -694.87     
   10916  -495.92     
   10917  -497.11     
   10918  -495.69     
   10919  -493.59     
   10920  -497.01     
 
  ***** POST1 NODAL DEGREE OF FREEDOM LISTING *****                            
 
  LOAD STEP=     1  SUBSTEP=     1                                             
   TIME=    1.0000      LOAD CASE=   0                                         
 
    NODE       VOLT  
   10921  -496.70     
   10922  -499.12     
   10923  -497.63     
   10924  -495.90     
   10925  -497.64     
   10926  -498.53     
   10927  -825.16     
   10928  -823.86     
   10929  -496.98     
   10930  -497.93     
   10931  -496.06     
   10932  -495.95     
   10933  -497.93     
   10934  -496.94     
   10935  -492.08     
   10936  -490.94     
   10937  -497.41     
   10938  -492.44     
   10939  -496.18     
   10940  -722.55     
   10941  -498.26     
   10942  -496.88     
   10943  -498.32     
   10944  -498.12     
   10945  -498.76     
   10946  -498.46     
   10947  -497.98     
   10948  -707.52     
   10949  -727.20     
   10950  -693.32     
   10951  -719.15     
   10952  -739.77     
   10953  -709.47     
   10954  -686.26     
   10955  -719.19     
   10956  -678.32     
   10957  -682.54     
   10958  -697.80     
   10959  -660.09     
 
  ***** POST1 NODAL DEGREE OF FREEDOM LISTING *****                            
 
  LOAD STEP=     1  SUBSTEP=     1                                             
   TIME=    1.0000      LOAD CASE=   0                                         
 
    NODE       VOLT  
   10960  -684.13     
   10961  -689.21     
   10962  -664.40     
   10963  -668.41     
   10964  -690.57     
   10965  -836.03     
   10966  -834.70     
   10967  -831.09     
   10968  -832.83     
   10969  -836.44     
   10970  -838.25     
   10971  -836.89     
   10972  -836.40     
   10973  -828.41     
   10974  -834.56     
   10975  -834.33     
   10976  -827.61     
   10977  -834.12     
   10978  -827.30     
   10979  -835.71     
   10980  -835.41     
   10981  -497.82     
   10982  -499.40     
   10983  -499.15     
   10984  -499.14     
   10985  -499.15     
   10986  -498.93     
   10987  -499.21     
   10988  -499.12     
   10989  -497.69     
   10990  -495.87     
   10991  -499.16     
   10992  -499.13     
   10993  -499.19     
   10994  -498.55     
   10995  -498.66     
   10996  -499.22     
   10997  -499.02     
   10998  -639.05     
 
  ***** POST1 NODAL DEGREE OF FREEDOM LISTING *****                            
 
  LOAD STEP=     1  SUBSTEP=     1                                             
   TIME=    1.0000      LOAD CASE=   0                                         
 
    NODE       VOLT  
   10999  -653.86     
   11000  -661.04     
   11001  -648.73     
   11002  -635.08     
   11003  -648.30     
   11004  -605.14     
   11005  -604.67     
   11006  -582.92     
   11007  -586.57     
   11008  -596.29     
   11009  -619.88     
   11010  -620.24     
   11011  -596.54     
   11012  -491.69     
   11013  -491.59     
   11014  -495.07     
   11015  -496.87     
   11016  -493.09     
   11017  -496.11     
   11018  -497.89     
   11019  -502.03     
   11020  -501.30     
   11021  -506.78     
   11022  -489.98     
   11023  -488.36     
   11024  -486.91     
   11025  -480.22     
   11026  -481.96     
   11027  -480.37     
   11028  -493.82     
   11029  -489.62     
   11030  -495.09     
   11031  -488.89     
   11032  -497.69     
   11033  -499.43     
   11034  -499.40     
   11035  -499.41     
   11036  -498.56     
   11037  -498.55     
 
  ***** POST1 NODAL DEGREE OF FREEDOM LISTING *****                            
 
  LOAD STEP=     1  SUBSTEP=     1                                             
   TIME=    1.0000      LOAD CASE=   0                                         
 
    NODE       VOLT  
   11038  -531.00     
   11039  -545.21     
   11040  -549.13     
   11041  -499.43     
   11042  -499.30     
   11043  -498.92     
   11044  -499.50     
   11045  -499.40     
   11046  -499.32     
   11047  -498.64     
   11048  -499.44     
   11049  -497.75     
   11050  -535.85     
   11051  -544.14     
   11052  -542.28     
   11053  -535.24     
   11054  -543.95     
   11055  -564.55     
   11056  -568.15     
   11057  -584.18     
   11058  -567.13     
   11059  -550.13     
   11060  -570.51     
   11061  -540.44     
   11062  -566.79     
   11063  -556.10     
   11064  -538.33     
   11065  -549.60     
   11066  -540.83     
   11067  -542.46     
   11068  -534.87     
   11069  -544.29     
   11070  -499.39     
   11071  -499.41     
   11072  -499.40     
   11073  -824.80     
   11074  -837.73     
   11075  -836.73     
   11076  -838.07     
 
  ***** POST1 NODAL DEGREE OF FREEDOM LISTING *****                            
 
  LOAD STEP=     1  SUBSTEP=     1                                             
   TIME=    1.0000      LOAD CASE=   0                                         
 
    NODE       VOLT  
   11077  -836.20     
   11078  -836.49     
   11079  -834.85     
   11080  -836.02     
   11081  -836.03     
   11082  -837.32     
   11083  -835.31     
   11084  -837.92     
   11085  -837.23     
   11086  -834.86     
   11087  -835.87     
   11088  -837.32     
   11089  -834.61     
   11090  -831.98     
   11091  -832.61     
   11092  -830.02     
   11093  -834.64     
   11094  -835.30     
   11095  -835.63     
   11096  -830.24     
   11097  -839.48     
   11098  -839.00     
   11099  -837.72     
   11100  -837.13     
   11101  -835.59     
   11102  -835.99     
   11103  -831.15     
   11104  -646.35     
   11105  -646.29     
   11106  -632.48     
   11107  -688.80     
   11108  -704.93     
   11109  -731.84     
   11110  -716.28     
   11111  -724.82     
   11112  -749.47     
   11113  -767.19     
   11114  -748.69     
   11115  -676.11     
 
  ***** POST1 NODAL DEGREE OF FREEDOM LISTING *****                            
 
  LOAD STEP=     1  SUBSTEP=     1                                             
   TIME=    1.0000      LOAD CASE=   0                                         
 
    NODE       VOLT  
   11116  -745.39     
   11117  -733.67     
   11118  -729.23     
   11119  -741.06     
   11120  -748.34     
   11121  -648.85     
   11122  -652.81     
   11123  -652.86     
   11124  -553.71     
   11125  -555.63     
   11126  -572.68     
   11127  -542.09     
   11128  -523.14     
   11129  -518.39     
   11130  -529.53     
   11131  -535.08     
   11132  -516.79     
   11133  -548.15     
   11134  -532.86     
   11135  -532.82     
   11136  -542.29     
   11137  -542.32     
   11138  -525.36     
   11139  -533.20     
   11140  -528.14     
   11141  -533.33     
   11142  -527.21     
   11143  -521.01     
   11144  -526.14     
   11145  -493.14     
   11146  -495.93     
   11147  -495.42     
   11148  -489.30     
   11149  -490.85     
   11150  -497.73     
   11151  -497.10     
   11152  -496.25     
   11153  -495.55     
   11154  -495.05     
 
  ***** POST1 NODAL DEGREE OF FREEDOM LISTING *****                            
 
  LOAD STEP=     1  SUBSTEP=     1                                             
   TIME=    1.0000      LOAD CASE=   0                                         
 
    NODE       VOLT  
   11155  -495.59     
   11156  -491.01     
   11157  -496.20     
   11158  -501.35     
   11159  -498.12     
   11160  -495.91     
   11161  -490.05     
   11162  -491.53     
   11163  -491.84     
   11164  -497.86     
   11165  -491.65     
   11166  -495.33     
   11167  -785.74     
   11168  -760.56     
   11169  -767.56     
   11170  -776.70     
   11171  -771.19     
   11172  -749.06     
   11173  -752.62     
   11174  -769.18     
   11175  -790.76     
   11176  -778.92     
   11177  -770.80     
   11178  -803.76     
   11179  -803.53     
   11180  -791.11     
   11181  -788.30     
   11182  -807.53     
   11183  -798.61     
   11184  -807.17     
   11185  -800.99     
   11186  -788.99     
   11187  -797.85     
   11188  -774.93     
   11189  -776.72     
   11190  -753.92     
   11191  -636.52     
   11192  -637.56     
   11193  -625.68     
 
  ***** POST1 NODAL DEGREE OF FREEDOM LISTING *****                            
 
  LOAD STEP=     1  SUBSTEP=     1                                             
   TIME=    1.0000      LOAD CASE=   0                                         
 
    NODE       VOLT  
   11194  -611.11     
   11195  -675.20     
   11196  -660.03     
   11197  -676.13     
   11198  -650.68     
   11199  -623.65     
   11200  -806.61     
   11201  -814.73     
   11202  -822.71     
   11203  -813.93     
   11204  -822.64     
   11205  -808.88     
   11206  -816.23     
   11207  -823.45     
   11208  -824.42     
   11209  -819.49     
   11210  -833.93     
   11211  -808.62     
   11212  -813.85     
   11213  -818.69     
   11214  -809.98     
   11215  -817.50     
   11216  -814.44     
   11217  -824.21     
   11218  -827.89     
   11219  -814.00     
   11220  -821.22     
   11221  -797.66     
   11222  -800.88     
   11223  -802.85     
   11224  -525.10     
   11225  -532.61     
   11226  -531.91     
   11227  -525.96     
   11228  -518.44     
   11229  -527.10     
   11230  -535.79     
   11231  -515.39     
   11232  -520.05     
 
  ***** POST1 NODAL DEGREE OF FREEDOM LISTING *****                            
 
  LOAD STEP=     1  SUBSTEP=     1                                             
   TIME=    1.0000      LOAD CASE=   0                                         
 
    NODE       VOLT  
   11233  -560.48     
   11234  -560.43     
   11235  -532.77     
   11236  -554.30     
   11237  -531.77     
   11238  -543.41     
   11239  -547.96     
   11240  -517.31     
   11241  -507.20     
   11242  -514.65     
   11243  -514.45     
   11244  -508.76     
   11245  -517.45     
   11246  -525.61     
   11247  -516.77     
   11248  -545.41     
   11249  -574.45     
   11250  -551.06     
   11251  -836.23     
   11252  -838.75     
   11253  -838.05     
   11254  -837.74     
   11255  -838.54     
   11256  -836.34     
   11257  -837.05     
   11258  -834.69     
   11259  -836.10     
   11260  -836.95     
   11261  -835.22     
   11262  -835.84     
   11263  -838.18     
   11264  -837.67     
   11265  -836.36     
   11266  -835.73     
   11267  -833.09     
   11268  -830.09     
   11269  -833.74     
   11270  -836.54     
   11271  -833.84     
 
  ***** POST1 NODAL DEGREE OF FREEDOM LISTING *****                            
 
  LOAD STEP=     1  SUBSTEP=     1                                             
   TIME=    1.0000      LOAD CASE=   0                                         
 
    NODE       VOLT  
   11272  -833.89     
   11273  -830.31     
   11274  -830.63     
   11275  -839.08     
   11276  -836.80     
   11277  -834.53     
   11278  -832.64     
   11279  -634.80     
   11280  -651.59     
   11281  -649.69     
   11282  -632.74     
   11283  -682.92     
   11284  -684.39     
   11285  -691.73     
   11286  -662.60     
   11287  -655.80     
   11288  -671.71     
   11289  -670.16     
   11290  -661.11     
   11291  -640.41     
   11292  -631.19     
   11293  -625.20     
   11294  -699.68     
   11295  -813.25     
   11296  -812.93     
   11297  -797.85     
   11298  -798.28     
   11299  -789.01     
   11300  -781.21     
   11301  -769.82     
   11302  -787.97     
   11303  -788.81     
   11304  -779.89     
   11305  -767.77     
   11306  -803.55     
   11307  -814.93     
   11308  -792.03     
   11309  -791.90     
   11310  -815.61     
 
  ***** POST1 NODAL DEGREE OF FREEDOM LISTING *****                            
 
  LOAD STEP=     1  SUBSTEP=     1                                             
   TIME=    1.0000      LOAD CASE=   0                                         
 
    NODE       VOLT  
   11311  -835.80     
   11312  -837.10     
   11313  -838.09     
   11314  -837.43     
   11315  -837.77     
   11316  -835.38     
   11317  -833.29     
   11318  -836.39     
   11319  -836.24     
   11320  -835.28     
   11321  -837.38     
   11322  -836.55     
   11323  -541.04     
   11324  -545.47     
   11325  -555.43     
   11326  -535.95     
   11327  -529.17     
   11328  -540.99     
   11329  -529.73     
   11330  -529.58     
   11331  -543.73     
   11332  -543.86     
   11333  -777.04     
   11334  -555.70     
   11335  -558.54     
   11336  -566.93     
   11337  -546.08     
   11338  -558.47     
   11339  -544.25     
   11340  -539.98     
   11341  -534.04     
   11342  -530.69     
   11343  -499.21     
   11344  -499.18     
   11345  -499.19     
   11346  -499.11     
   11347  -499.31     
   11348  -499.49     
   11349  -499.33     
 
  ***** POST1 NODAL DEGREE OF FREEDOM LISTING *****                            
 
  LOAD STEP=     1  SUBSTEP=     1                                             
   TIME=    1.0000      LOAD CASE=   0                                         
 
    NODE       VOLT  
   11350  -499.52     
   11351  -493.44     
   11352  -487.07     
   11353  -499.39     
   11354  -499.69     
   11355  -499.00     
   11356  -499.16     
   11357  -499.21     
   11358  -499.24     
   11359  -499.19     
   11360  -499.62     
   11361  -498.67     
   11362  -499.29     
   11363  -499.40     
   11364  -497.81     
   11365  -487.09     
   11366  -837.32     
   11367  -834.74     
   11368  -838.00     
   11369  -836.41     
   11370  -837.20     
   11371  -499.69     
   11372  -482.84     
   11373  -491.78     
   11374  -499.87     
   11375  -499.87     
   11376  -500.18     
   11377  -497.73     
   11378  -497.93     
   11379  -498.63     
   11380  -506.45     
   11381  -500.33     
   11382  -498.63     
   11383  -496.73     
   11384  -496.69     
   11385  -497.98     
   11386  -498.74     
   11387  -558.61     
   11388  -571.91     
 
  ***** POST1 NODAL DEGREE OF FREEDOM LISTING *****                            
 
  LOAD STEP=     1  SUBSTEP=     1                                             
   TIME=    1.0000      LOAD CASE=   0                                         
 
    NODE       VOLT  
   11389  -571.92     
   11390  -579.03     
   11391  -594.86     
   11392  -555.86     
   11393  -568.33     
   11394  -550.45     
   11395  -569.39     
   11396  -580.02     
   11397  -571.00     
   11398  -593.47     
   11399  -555.17     
   11400  -572.11     
   11401  -595.61     
   11402  -542.76     
   11403  -528.20     
   11404  -539.26     
   11405  -526.20     
   11406  -539.32     
   11407  -783.24     
   11408  -795.93     
   11409  -780.92     
   11410  -765.98     
   11411  -782.94     
   11412  -779.95     
   11413  -720.96     
   11414  -739.13     
   11415  -732.45     
   11416  -758.29     
   11417  -782.85     
   11418  -776.44     
   11419  -759.55     
   11420  -745.45     
   11421  -734.70     
   11422  -740.58     
   11423  -747.75     
   11424  -741.31     
   11425  -719.76     
   11426  -724.56     
   11427  -775.94     
 
  ***** POST1 NODAL DEGREE OF FREEDOM LISTING *****                            
 
  LOAD STEP=     1  SUBSTEP=     1                                             
   TIME=    1.0000      LOAD CASE=   0                                         
 
    NODE       VOLT  
   11428  -768.71     
   11429  -765.06     
   11430  -753.23     
   11431  -755.75     
   11432  -649.84     
   11433  -648.23     
   11434  -765.82     
   11435  -790.64     
   11436  -760.12     
   11437  -771.92     
   11438  -712.45     
   11439  -711.94     
   11440  -717.47     
   11441  -686.42     
   11442  -688.59     
   11443  -739.22     
   11444  -753.98     
   11445  -637.61     
   11446  -630.10     
   11447  -612.67     
   11448  -619.56     
   11449  -606.17     
   11450  -637.00     
   11451  -640.16     
   11452  -651.32     
   11453  -648.42     
   11454  -661.96     
   11455  -606.56     
   11456  -598.26     
   11457  -618.58     
   11458  -599.38     
   11459  -809.18     
   11460  -821.35     
   11461  -812.48     
   11462  -803.66     
   11463  -831.65     
   11464  -834.97     
   11465  -820.81     
   11466  -822.37     
 
  ***** POST1 NODAL DEGREE OF FREEDOM LISTING *****                            
 
  LOAD STEP=     1  SUBSTEP=     1                                             
   TIME=    1.0000      LOAD CASE=   0                                         
 
    NODE       VOLT  
   11467  -827.50     
   11468  -828.02     
   11469  -813.85     
   11470  -828.98     
   11471  -798.14     
   11472  -764.72     
   11473  -755.69     
   11474  -740.09     
   11475  -813.31     
   11476  -752.58     
   11477  -742.54     
   11478  -735.90     
   11479  -771.13     
   11480  -741.74     
   11481  -755.44     
   11482  -781.34     
   11483  -750.97     
   11484  -765.12     
   11485  -742.26     
   11486  -730.61     
   11487  -473.43     
   11488  -479.56     
   11489  -482.36     
   11490  -508.54     
   11491  -501.91     
   11492  -504.07     
   11493  -474.38     
   11494  -466.03     
   11495  -467.88     
   11496  -472.02     
   11497  -466.66     
   11498  -814.28     
   11499  -798.36     
   11500  -786.30     
   11501  -802.21     
   11502  -797.58     
   11503  -778.58     
   11504  -785.06     
   11505  -795.82     
 
  ***** POST1 NODAL DEGREE OF FREEDOM LISTING *****                            
 
  LOAD STEP=     1  SUBSTEP=     1                                             
   TIME=    1.0000      LOAD CASE=   0                                         
 
    NODE       VOLT  
   11506  -782.03     
   11507  -783.05     
   11508  -837.50     
   11509  -836.19     
   11510  -838.34     
   11511  -838.54     
   11512  -837.92     
   11513  -837.80     
   11514  -837.50     
   11515  -836.75     
   11516  -837.05     
   11517  -836.48     
   11518  -837.80     
   11519  -838.77     
   11520  -837.37     
   11521  -753.81     
   11522  -735.86     
   11523  -726.60     
   11524  -729.60     
   11525  -719.39     
   11526  -710.48     
   11527  -753.68     
   11528  -772.58     
   11529  -755.03     
   11530  -838.48     
   11531  -766.94     
   11532  -772.84     
   11533  -750.16     
   11534  -743.37     
   11535  -747.04     
   11536  -724.48     
   11537  -716.67     
   11538  -738.37     
   11539  -691.64     
   11540  -694.93     
   11541  -694.84     
   11542  -690.38     
   11543  -677.62     
   11544  -677.56     
 
  ***** POST1 NODAL DEGREE OF FREEDOM LISTING *****                            
 
  LOAD STEP=     1  SUBSTEP=     1                                             
   TIME=    1.0000      LOAD CASE=   0                                         
 
    NODE       VOLT  
   11545  -706.49     
   11546  -759.18     
   11547  -752.14     
   11548  -732.65     
   11549  -741.69     
   11550  -725.73     
   11551  -742.79     
   11552  -737.33     
   11553  -725.10     
   11554  -744.11     
   11555  -804.29     
   11556  -789.02     
   11557  -806.59     
   11558  -813.83     
   11559  -794.68     
   11560  -795.77     
   11561  -814.68     
   11562  -795.98     
   11563  -813.92     
   11564  -827.88     
   11565  -833.38     
   11566  -826.47     
   11567  -826.66     
   11568  -831.29     
   11569  -833.68     
   11570  -825.40     
   11571  -828.65     
   11572  -814.12     
   11573  -821.64     
   11574  -499.59     
   11575  -500.85     
   11576  -499.66     
   11577  -499.17     
   11578  -499.18     
   11579  -497.81     
   11580  -751.31     
   11581  -756.83     
   11582  -740.16     
   11583  -792.20     
 
  ***** POST1 NODAL DEGREE OF FREEDOM LISTING *****                            
 
  LOAD STEP=     1  SUBSTEP=     1                                             
   TIME=    1.0000      LOAD CASE=   0                                         
 
    NODE       VOLT  
   11584  -790.56     
   11585  -776.62     
   11586  -789.83     
   11587  -760.11     
   11588  -773.21     
   11589  -759.18     
   11590  -777.40     
   11591  -480.08     
   11592  -461.74     
   11593  -464.12     
   11594  -463.14     
   11595  -457.67     
   11596  -473.65     
   11597  -491.16     
   11598  -823.49     
   11599  -813.35     
   11600  -797.90     
   11601  -812.40     
   11602  -802.77     
   11603  -822.67     
   11604  -831.17     
   11605  -812.45     
   11606  -798.28     
   11607  -823.58     
   11608  -783.03     
   11609  -784.20     
   11610  -787.91     
   11611  -788.48     
   11612  -786.48     
   11613  -786.71     
   11614  -786.03     
   11615  -528.13     
   11616  -565.16     
   11617  -580.81     
   11618  -570.81     
   11619  -557.63     
   11620  -577.20     
   11621  -565.02     
   11622  -570.26     
 
  ***** POST1 NODAL DEGREE OF FREEDOM LISTING *****                            
 
  LOAD STEP=     1  SUBSTEP=     1                                             
   TIME=    1.0000      LOAD CASE=   0                                         
 
    NODE       VOLT  
   11623  -550.40     
   11624  -604.90     
   11625  -600.96     
   11626  -600.61     
   11627  -592.06     
   11628  -616.29     
   11629  -595.81     
   11630  -627.23     
   11631  -605.01     
   11632  -661.14     
   11633  -837.26     
   11634  -837.35     
   11635  -834.80     
   11636  -837.63     
   11637  -837.59     
   11638  -836.10     
   11639  -837.55     
   11640  -839.19     
   11641  -838.07     
   11642  -838.15     
   11643  -839.21     
   11644  -836.55     
   11645  -838.12     
   11646  -838.43     
   11647  -837.32     
   11648  -835.69     
   11649  -836.72     
   11650  -836.55     
   11651  -834.29     
   11652  -827.61     
   11653  -832.27     
   11654  -832.16     
   11655  -834.03     
   11656  -839.32     
   11657  -839.26     
   11658  -837.95     
   11659  -837.40     
   11660  -837.88     
   11661  -821.07     
 
  ***** POST1 NODAL DEGREE OF FREEDOM LISTING *****                            
 
  LOAD STEP=     1  SUBSTEP=     1                                             
   TIME=    1.0000      LOAD CASE=   0                                         
 
    NODE       VOLT  
   11662  -836.39     
   11663  -829.34     
   11664  -832.87     
   11665  -569.86     
   11666  -564.57     
   11667  -617.79     
   11668  -633.75     
   11669  -604.63     
   11670  -610.95     
   11671  -592.76     
   11672  -581.45     
   11673  -569.63     
   11674  -578.16     
   11675  -597.12     
   11676  -587.34     
   11677  -558.09     
   11678  -557.91     
   11679  -578.09     
   11680  -578.28     
   11681  -497.90     
   11682  -504.98     
   11683  -496.33     
   11684  -501.72     
   11685  -502.71     
   11686  -504.21     
   11687  -490.76     
   11688  -479.34     
   11689  -486.30     
   11690  -477.15     
   11691  -497.30     
   11692  -500.60     
   11693  -474.09     
   11694  -465.26     
   11695  -470.56     
   11696  -600.09     
   11697  -444.51     
   11698  -455.60     
   11699  -762.92     
   11700  -777.47     
 
  ***** POST1 NODAL DEGREE OF FREEDOM LISTING *****                            
 
  LOAD STEP=     1  SUBSTEP=     1                                             
   TIME=    1.0000      LOAD CASE=   0                                         
 
    NODE       VOLT  
   11701  -781.73     
   11702  -771.05     
   11703  -760.55     
   11704  -792.52     
   11705  -806.27     
   11706  -796.88     
   11707  -744.77     
   11708  -767.20     
   11709  -771.33     
   11710  -764.91     
   11711  -742.08     
   11712  -727.42     
   11713  -500.19     
   11714  -500.33     
   11715  -500.19     
   11716  -499.59     
   11717  -499.91     
   11718  -499.85     
   11719  -499.52     
   11720  -500.14     
   11721  -499.90     
   11722  -499.83     
   11723  -499.00     
   11724  -499.66     
   11725  -499.64     
   11726  -498.15     
   11727  -498.77     
   11728  -499.47     
   11729  -502.21     
   11730  -509.13     
   11731  -502.17     
   11732  -501.28     
   11733  -505.89     
   11734  -499.45     
   11735  -498.12     
   11736  -499.69     
   11737  -499.68     
   11738  -499.34     
   11739  -496.31     
 
  ***** POST1 NODAL DEGREE OF FREEDOM LISTING *****                            
 
  LOAD STEP=     1  SUBSTEP=     1                                             
   TIME=    1.0000      LOAD CASE=   0                                         
 
    NODE       VOLT  
   11740  -503.05     
   11741  -814.45     
   11742  -825.15     
   11743  -831.70     
   11744  -832.86     
   11745  -497.56     
   11746  -611.86     
   11747  -538.58     
   11748  -557.76     
   11749  -558.60     
   11750  -558.19     
   11751  -620.41     
   11752  -587.75     
   11753  -514.34     
   11754  -506.11     
   11755  -505.83     
   11756  -519.61     
   11757  -504.67     
   11758  -784.10     
   11759  -781.26     
   11760  -791.99     
   11761  -500.97     
   11762  -506.99     
   11763  -498.92     
   11764  -807.22     
   11765  -797.96     
   11766  -815.21     
   11767  -804.88     
   11768  -815.34     
   11769  -810.62     
   11770  -824.94     
   11771  -506.30     
   11772  -508.22     
   11773  -514.32     
   11774  -514.39     
   11775  -508.24     
   11776  -509.63     
   11777  -512.30     
   11778  -503.69     
 
  ***** POST1 NODAL DEGREE OF FREEDOM LISTING *****                            
 
  LOAD STEP=     1  SUBSTEP=     1                                             
   TIME=    1.0000      LOAD CASE=   0                                         
 
    NODE       VOLT  
   11779  -507.98     
   11780  -511.67     
   11781  -514.32     
   11782  -516.60     
   11783  -513.44     
   11784  -522.03     
   11785  -582.85     
   11786  -591.11     
   11787  -589.57     
   11788  -605.92     
   11789  -598.78     
   11790  -526.80     
   11791  -514.19     
   11792  -513.97     
   11793  -509.68     
   11794  -502.20     
   11795  -508.05     
   11796  -493.05     
   11797  -491.65     
   11798  -496.56     
   11799  -496.34     
   11800  -496.60     
   11801  -493.82     
   11802  -497.64     
   11803  -497.86     
   11804  -498.12     
   11805  -495.94     
   11806  -497.61     
   11807  -498.02     
   11808  -496.42     
   11809  -496.85     
   11810  -499.37     
   11811  -497.93     
   11812  -498.38     
   11813  -498.02     
   11814  -497.97     
   11815  -496.62     
   11816  -496.21     
   11817  -496.14     
 
  ***** POST1 NODAL DEGREE OF FREEDOM LISTING *****                            
 
  LOAD STEP=     1  SUBSTEP=     1                                             
   TIME=    1.0000      LOAD CASE=   0                                         
 
    NODE       VOLT  
   11818  -498.36     
   11819  -838.10     
   11820  -838.99     
   11821  -838.99     
   11822  -839.04     
   11823  -839.04     
   11824  -838.22     
   11825  -839.05     
   11826  -837.94     
   11827  -838.60     
   11828  -839.07     
   11829  -839.08     
   11830  -837.79     
   11831  -836.92     
   11832  -838.83     
   11833  -838.37     
   11834  -838.66     
   11835  -838.90     
   11836  -838.87     
   11837  -839.01     
   11838  -838.83     
   11839  -838.16     
   11840  -837.04     
   11841  -837.15     
   11842  -835.83     
   11843  -834.10     
   11844  -837.31     
   11845  -836.95     
   11846  -834.15     
   11847  -836.09     
   11848  -826.45     
   11849  -829.15     
   11850  -566.39     
   11851  -823.64     
   11852  -824.85     
   11853  -828.68     
   11854  -824.22     
   11855  -827.46     
   11856  -824.16     
 
  ***** POST1 NODAL DEGREE OF FREEDOM LISTING *****                            
 
  LOAD STEP=     1  SUBSTEP=     1                                             
   TIME=    1.0000      LOAD CASE=   0                                         
 
    NODE       VOLT  
   11857  -824.05     
   11858  -826.18     
   11859  -833.43     
   11860  -835.12     
   11861  -834.86     
   11862  -499.72     
   11863  -499.66     
   11864  -499.25     
   11865  -496.57     
   11866  -500.51     
   11867  -499.32     
   11868  -500.71     
   11869  -498.12     
   11870  -496.98     
   11871  -499.99     
   11872  -499.91     
   11873  -796.82     
   11874  -806.79     
   11875  -802.13     
   11876  -786.42     
   11877  -793.90     
   11878  -797.20     
   11879  -798.66     
   11880  -793.01     
   11881  -789.23     
   11882  -797.05     
   11883  -786.32     
   11884  -763.14     
   11885  -768.13     
   11886  -768.49     
   11887  -779.95     
   11888  -784.20     
   11889  -760.67     
   11890  -777.72     
   11891  -785.68     
   11892  -787.94     
   11893  -784.54     
   11894  -806.92     
   11895  -804.22     
 
  ***** POST1 NODAL DEGREE OF FREEDOM LISTING *****                            
 
  LOAD STEP=     1  SUBSTEP=     1                                             
   TIME=    1.0000      LOAD CASE=   0                                         
 
    NODE       VOLT  
   11896  -802.40     
   11897  -809.94     
   11898  -563.07     
   11899  -525.61     
   11900  -499.48     
   11901  -499.60     
   11902  -499.29     
   11903  -499.46     
   11904  -500.27     
   11905  -499.88     
   11906  -499.10     
   11907  -499.34     
   11908  -500.04     
   11909  -499.82     
   11910  -499.91     
   11911  -500.32     
   11912  -499.48     
   11913  -500.74     
   11914  -502.75     
   11915  -502.22     
   11916  -500.63     
   11917  -533.29     
   11918  -562.69     
   11919  -576.75     
   11920  -543.61     
   11921  -586.46     
   11922  -602.53     
   11923  -605.47     
   11924  -595.93     
   11925  -614.06     
   11926  -579.81     
   11927  -559.66     
   11928  -580.30     
   11929  -591.85     
   11930  -612.69     
   11931  -699.00     
   11932  -702.74     
   11933  -728.43     
   11934  -720.41     
 
  ***** POST1 NODAL DEGREE OF FREEDOM LISTING *****                            
 
  LOAD STEP=     1  SUBSTEP=     1                                             
   TIME=    1.0000      LOAD CASE=   0                                         
 
    NODE       VOLT  
   11935  -725.71     
   11936  -662.61     
   11937  -570.94     
   11938  -566.15     
   11939  -561.78     
   11940  -589.00     
   11941  -670.46     
   11942  -515.47     
   11943  -533.39     
   11944  -527.28     
   11945  -512.82     
   11946  -527.16     
   11947  -516.23     
   11948  -515.09     
   11949  -547.01     
   11950  -559.15     
   11951  -538.28     
   11952  -562.02     
   11953  -557.26     
   11954  -837.86     
   11955  -839.16     
   11956  -839.33     
   11957  -838.00     
   11958  -838.29     
   11959  -836.61     
   11960  -836.83     
   11961  -838.62     
   11962  -837.23     
   11963  -839.26     
   11964  -837.88     
   11965  -838.36     
   11966  -838.96     
   11967  -839.05     
   11968  -839.34     
   11969  -837.41     
   11970  -835.49     
   11971  -836.22     
   11972  -836.74     
   11973  -833.81     
 
  ***** POST1 NODAL DEGREE OF FREEDOM LISTING *****                            
 
  LOAD STEP=     1  SUBSTEP=     1                                             
   TIME=    1.0000      LOAD CASE=   0                                         
 
    NODE       VOLT  
   11974  -839.31     
   11975  -836.37     
   11976  -836.66     
   11977  -838.58     
   11978  -836.61     
   11979  -838.63     
   11980  -837.88     
   11981  -838.91     
   11982  -837.93     
   11983  -839.08     
   11984  -838.17     
   11985  -837.82     
   11986  -838.77     
   11987  -829.75     
   11988  -830.01     
   11989  -830.52     
   11990  -825.60     
   11991  -826.36     
   11992  -822.77     
   11993  -829.76     
   11994  -828.80     
   11995  -833.37     
   11996  -821.73     
   11997  -815.95     
   11998  -804.52     
   11999  -517.48     
   12000  -804.00     
   12001  -792.95     
   12002  -811.89     
   12003  -814.64     
   12004  -824.87     
   12005  -823.22     
   12006  -823.89     
   12007  -567.57     
   12008  -577.27     
   12009  -559.40     
   12010  -551.00     
   12011  -560.57     
   12012  -555.43     
 
  ***** POST1 NODAL DEGREE OF FREEDOM LISTING *****                            
 
  LOAD STEP=     1  SUBSTEP=     1                                             
   TIME=    1.0000      LOAD CASE=   0                                         
 
    NODE       VOLT  
   12013  -587.77     
   12014  -573.10     
   12015  -519.48     
   12016  -508.63     
   12017  -838.71     
   12018  -838.98     
   12019  -838.13     
   12020  -838.21     
   12021  -837.44     
   12022  -836.69     
   12023  -834.82     
   12024  -831.75     
   12025  -826.09     
   12026  -820.74     
   12027  -808.00     
   12028  -811.16     
   12029  -828.04     
   12030  -822.38     
   12031  -824.78     
   12032  -829.51     
   12033  -825.41     
   12034  -819.60     
   12035  -817.13     
   12036  -542.68     
   12037  -559.75     
   12038  -550.53     
   12039  -537.55     
   12040  -546.33     
   12041  -534.60     
   12042  -542.61     
   12043  -553.44     
   12044  -532.25     
   12045  -526.54     
   12046  -542.12     
   12047  -532.40     
   12048  -525.51     
   12049  -526.71     
   12050  -727.51     
   12051  -721.59     
 
  ***** POST1 NODAL DEGREE OF FREEDOM LISTING *****                            
 
  LOAD STEP=     1  SUBSTEP=     1                                             
   TIME=    1.0000      LOAD CASE=   0                                         
 
    NODE       VOLT  
   12052  -719.41     
   12053  -736.66     
   12054  -776.49     
   12055  -776.26     
   12056  -770.09     
   12057  -786.85     
   12058  -782.64     
   12059  -632.34     
   12060  -634.25     
   12061  -616.01     
   12062  -609.40     
   12063  -620.12     
   12064  -619.66     
   12065  -596.76     
   12066  -520.28     
   12067  -514.11     
   12068  -508.45     
   12069  -522.16     
   12070  -507.25     
   12071  -506.19     
   12072  -527.20     
   12073  -521.87     
   12074  -516.44     
   12075  -514.32     
   12076  -531.59     
   12077  -512.58     
   12078  -503.73     
   12079  -515.39     
   12080  -516.08     
   12081  -519.01     
   12082  -514.65     
   12083  -839.32     
   12084  -839.04     
   12085  -839.40     
   12086  -839.37     
   12087  -839.32     
   12088  -837.76     
   12089  -838.23     
   12090  -838.39     
 
  ***** POST1 NODAL DEGREE OF FREEDOM LISTING *****                            
 
  LOAD STEP=     1  SUBSTEP=     1                                             
   TIME=    1.0000      LOAD CASE=   0                                         
 
    NODE       VOLT  
   12091  -838.78     
   12092  -839.30     
   12093  -838.09     
   12094  -836.93     
   12095  -833.78     
   12096  -827.21     
   12097  -826.77     
   12098  -827.19     
   12099  -833.90     
   12100  -831.04     
   12101  -499.43     
   12102  -498.81     
   12103  -499.52     
   12104  -499.34     
   12105  -499.43     
   12106  -497.65     
   12107  -499.04     
   12108  -497.57     
   12109  -498.09     
   12110  -497.82     
   12111  -499.25     
   12112  -499.47     
   12113  -498.67     
   12114  -512.52     
   12115  -509.71     
   12116  -523.46     
   12117  -519.33     
   12118  -508.18     
   12119  -511.94     
   12120  -523.95     
   12121  -513.17     
   12122  -506.38     
   12123  -500.01     
   12124  -607.89     
   12125  -621.14     
   12126  -647.90     
   12127  -662.59     
   12128  -654.91     
   12129  -688.19     
 
  ***** POST1 NODAL DEGREE OF FREEDOM LISTING *****                            
 
  LOAD STEP=     1  SUBSTEP=     1                                             
   TIME=    1.0000      LOAD CASE=   0                                         
 
    NODE       VOLT  
   12130  -636.20     
   12131  -650.62     
   12132  -637.89     
   12133  -630.94     
   12134  -620.68     
   12135  -605.96     
   12136  -590.17     
   12137  -592.00     
   12138  -838.70     
   12139  -837.90     
   12140  -833.88     
   12141  -834.50     
   12142  -835.05     
   12143  -837.47     
   12144  -836.73     
   12145  -838.40     
   12146  -838.80     
   12147  -838.51     
   12148  -838.61     
   12149  -838.94     
   12150  -543.79     
   12151  -513.61     
   12152  -533.12     
   12153  -514.30     
   12154  -553.16     
   12155  -543.87     
   12156  -526.35     
   12157  -547.55     
   12158  -553.26     
   12159  -569.86     
   12160  -562.04     
   12161  -554.97     
   12162  -571.85     
   12163  -558.15     
   12164  -569.31     
   12165  -588.99     
   12166  -586.21     
   12167  -582.74     
   12168  -552.88     
 
  ***** POST1 NODAL DEGREE OF FREEDOM LISTING *****                            
 
  LOAD STEP=     1  SUBSTEP=     1                                             
   TIME=    1.0000      LOAD CASE=   0                                         
 
    NODE       VOLT  
   12169  -569.18     
   12170  -539.08     
   12171  -764.85     
   12172  -748.74     
   12173  -767.78     
   12174  -748.11     
   12175  -760.65     
   12176  -777.41     
   12177  -777.78     
   12178  -742.78     
   12179  -823.04     
   12180  -823.11     
   12181  -776.40     
   12182  -756.11     
   12183  -777.20     
   12184  -788.32     
   12185  -783.57     
   12186  -835.85     
   12187  -808.84     
   12188  -787.99     
   12189  -836.49     
   12190  -837.79     
   12191  -837.03     
   12192  -780.93     
   12193  -838.54     
   12194  -838.33     
   12195  -790.90     
   12196  -837.14     
   12197  -836.23     
   12198  -835.58     
   12199  -833.84     
   12200  -833.29     
   12201  -830.13     
   12202  -830.49     
   12203  -824.66     
   12204  -598.94     
   12205  -590.31     
   12206  -571.83     
   12207  -558.59     
 
  ***** POST1 NODAL DEGREE OF FREEDOM LISTING *****                            
 
  LOAD STEP=     1  SUBSTEP=     1                                             
   TIME=    1.0000      LOAD CASE=   0                                         
 
    NODE       VOLT  
   12208  -547.19     
   12209  -535.00     
   12210  -568.37     
   12211  -587.73     
   12212  -838.64     
   12213  -838.57     
   12214  -839.00     
   12215  -838.94     
   12216  -838.29     
   12217  -838.78     
   12218  -838.36     
   12219  -838.06     
   12220  -834.31     
   12221  -834.21     
   12222  -832.49     
   12223  -831.69     
   12224  -835.60     
   12225  -581.83     
   12226  -564.14     
   12227  -574.28     
   12228  -548.55     
   12229  -547.02     
   12230  -561.80     
   12231  -541.61     
   12232  -535.46     
   12233  -553.48     
   12234  -532.66     
   12235  -789.03     
   12236  -783.10     
   12237  -798.11     
   12238  -774.02     
   12239  -797.97     
   12240  -811.24     
   12241  -792.92     
   12242  -793.36     
   12243  -501.07     
   12244  -500.26     
   12245  -502.05     
   12246  -499.48     
 
  ***** POST1 NODAL DEGREE OF FREEDOM LISTING *****                            
 
  LOAD STEP=     1  SUBSTEP=     1                                             
   TIME=    1.0000      LOAD CASE=   0                                         
 
    NODE       VOLT  
   12247  -499.86     
   12248  -512.94     
   12249  -515.32     
   12250  -526.08     
   12251  -514.23     
   12252  -499.07     
   12253  -836.14     
   12254  -837.04     
   12255  -836.37     
   12256  -826.17     
   12257  -827.80     
   12258  -827.02     
   12259  -830.38     
   12260  -830.80     
   12261  -498.56     
   12262  -498.68     
   12263  -498.70     
   12264  -499.39     
   12265  -499.52     
   12266  -499.40     
   12267  -829.00     
   12268  -499.21     
   12269  -499.59     
   12270  -499.33     
   12271  -499.61     
   12272  -499.86     
   12273  -508.80     
   12274  -515.83     
   12275  -508.18     
   12276  -497.73     
   12277  -436.10     
   12278  -455.54     
   12279  -507.00     
   12280  -515.67     
   12281  -452.23     
   12282  -88.296     
   12283  -824.05     
   12284  -831.13     
   12285  -823.77     
 
  ***** POST1 NODAL DEGREE OF FREEDOM LISTING *****                            
 
  LOAD STEP=     1  SUBSTEP=     1                                             
   TIME=    1.0000      LOAD CASE=   0                                         
 
    NODE       VOLT  
   12286  -831.21     
   12287  -736.41     
   12288  -758.93     
   12289  -518.57     
   12290  -512.01     
   12291  -516.12     
   12292  -494.95     
   12293  -498.90     
   12294  -531.44     
   12295  -527.88     
   12296  -497.89     
   12297  -498.84     
   12298  -499.17     
   12299  -498.86     
   12300  -519.43     
   12301  -502.63     
   12302  -792.60     
   12303  -763.79     
   12304  -792.65     
   12305  -779.88     
   12306  -776.44     
   12307  -788.79     
   12308  -1009.2     
   12309  -1014.3     
   12310  -497.74     
   12311  -838.92     
   12312  -838.81     
   12313  -838.88     
   12314  -838.79     
   12315  -838.90     
   12316  -839.07     
   12317  -838.16     
   12318  -838.93     
   12319  -839.09     
   12320  -838.83     
   12321  -837.60     
   12322  -838.84     
   12323  -838.84     
   12324  -838.78     
 
  ***** POST1 NODAL DEGREE OF FREEDOM LISTING *****                            
 
  LOAD STEP=     1  SUBSTEP=     1                                             
   TIME=    1.0000      LOAD CASE=   0                                         
 
    NODE       VOLT  
   12325  -838.76     
   12326  -836.01     
   12327  -837.07     
   12328  -836.90     
   12329  -837.29     
   12330  -835.11     
   12331  -836.78     
   12332  -835.10     
   12333  -834.31     
   12334  -836.89     
   12335  -838.39     
   12336  -838.44     
   12337  -838.14     
   12338  -837.99     
   12339  -838.65     
   12340  -838.72     
   12341  -837.43     
   12342  -838.94     
   12343  -838.37     
   12344  -838.71     
   12345  -836.70     
   12346  -835.86     
   12347  -837.90     
   12348  -836.98     
   12349  -838.27     
   12350  -500.37     
   12351  -501.99     
   12352  -833.47     
   12353  -834.32     
   12354  -835.27     
   12355  -836.25     
   12356  -501.78     
   12357  -506.92     
   12358  -499.42     
   12359  -498.72     
   12360  -500.78     
   12361  -500.53     
   12362  -498.87     
   12363  -498.50     
 
  ***** POST1 NODAL DEGREE OF FREEDOM LISTING *****                            
 
  LOAD STEP=     1  SUBSTEP=     1                                             
   TIME=    1.0000      LOAD CASE=   0                                         
 
    NODE       VOLT  
   12364  -499.09     
   12365  -807.09     
   12366  -809.06     
   12367  -808.64     
   12368  -810.21     
   12369  -801.85     
   12370  -810.05     
   12371  -814.77     
   12372  -810.23     
   12373  -806.18     
   12374  -811.46     
   12375  -507.05     
   12376  -500.39     
   12377  -500.69     
   12378  -504.21     
   12379  -503.62     
   12380  -519.59     
   12381  -817.96     
   12382  -821.24     
   12383  -820.76     
   12384  -818.87     
   12385  -791.92     
   12386  -838.50     
   12387  -837.86     
   12388  -837.91     
   12389  -838.13     
   12390  -838.50     
   12391  -838.58     
   12392  -838.00     
   12393  -839.36     
   12394  -838.05     
   12395  -497.94     
   12396  -499.37     
   12397  -496.81     
   12398  -495.58     
   12399  -492.17     
   12400  -500.15     
   12401  -504.51     
   12402  -501.66     
 
  ***** POST1 NODAL DEGREE OF FREEDOM LISTING *****                            
 
  LOAD STEP=     1  SUBSTEP=     1                                             
   TIME=    1.0000      LOAD CASE=   0                                         
 
    NODE       VOLT  
   12403  -503.81     
   12404  -544.54     
   12405  -583.92     
   12406  -556.96     
   12407  -605.63     
   12408  -591.48     
   12409  -621.08     
   12410  -606.32     
   12411  -819.27     
   12412  -1004.1     
   12413  -835.73     
   12414  -835.34     
   12415  -709.62     
   12416  -828.29     
   12417  -834.27     
   12418  -834.90     
   12419  -829.72     
   12420  -837.91     
   12421  -835.58     
   12422  -834.07     
   12423  -499.39     
   12424  -499.97     
   12425  -499.62     
   12426  -499.35     
   12427  -499.55     
   12428  -499.57     
   12429  -498.53     
   12430  -499.46     
   12431  -499.39     
   12432  -499.55     
   12433  -883.93     
   12434  -838.51     
   12435  -838.42     
   12436  -837.92     
   12437  -833.85     
   12438  -838.18     
   12439  -838.35     
   12440  -1136.7     
   12441  -1136.7     
 
  ***** POST1 NODAL DEGREE OF FREEDOM LISTING *****                            
 
  LOAD STEP=     1  SUBSTEP=     1                                             
   TIME=    1.0000      LOAD CASE=   0                                         
 
    NODE       VOLT  
   12442  -1137.1     
   12443  -1134.9     
   12444  -1134.5     
   12445  -1136.7     
   12446  -1130.2     
   12447  -1125.1     
   12448  -1130.2     
   12449  -1125.1     
   12450  -1130.2     
   12451  -1125.1     
   12452  -1125.1     
   12453  -514.09     
   12454  -516.25     
   12455  -507.31     
   12456  -507.42     
   12457  -514.92     
   12458  -524.37     
   12459  -515.34     
   12460  -515.53     
   12461  -508.47     
   12462  -494.67     
   12463  -515.75     
   12464  -515.78     
   12465  -499.23     
   12466  -498.50     
   12467  -499.85     
   12468  -500.89     
   12469  -837.97     
   12470  -838.83     
   12471  -838.77     
   12472  -837.90     
   12473  -833.92     
   12474  -837.96     
   12475  -839.01     
   12476  -838.79     
   12477  -839.04     
   12478  -839.06     
   12479  -834.68     
   12480  -837.29     
 
  ***** POST1 NODAL DEGREE OF FREEDOM LISTING *****                            
 
  LOAD STEP=     1  SUBSTEP=     1                                             
   TIME=    1.0000      LOAD CASE=   0                                         
 
    NODE       VOLT  
   12481  -850.19     
   12482  -853.93     
   12483  -835.13     
   12484  -834.78     
   12485  -833.33     
   12486  -837.53     
   12487  -838.86     
   12488  -838.43     
   12489  -838.07     
   12490  -649.11     
   12491  -527.29     
   12492  -525.55     
   12493  -522.89     
   12494  -544.34     
   12495  -548.95     
   12496  -559.99     
   12497  -813.09     
   12498  -826.09     
   12499  -826.22     
   12500  -823.50     
   12501  -820.91     
   12502  -824.62     
   12503  -807.21     
   12504  -820.45     
   12505  -838.93     
   12506  -835.56     
   12507  -837.41     
   12508  -830.72     
   12509  -838.63     
   12510  -838.85     
   12511  -839.06     
   12512  -839.06     
   12513  -839.03     
   12514  -838.20     
   12515  -839.05     
   12516  -839.08     
   12517  -838.98     
   12518  -838.20     
   12519  -838.15     
 
  ***** POST1 NODAL DEGREE OF FREEDOM LISTING *****                            
 
  LOAD STEP=     1  SUBSTEP=     1                                             
   TIME=    1.0000      LOAD CASE=   0                                         
 
    NODE       VOLT  
   12520  -829.97     
   12521  -832.91     
   12522  -832.31     
   12523  -833.55     
   12524  -833.83     
   12525  -603.45     
   12526  -838.66     
   12527  -835.41     
   12528  -835.19     
   12529  -827.76     
   12530  -831.70     
   12531  -830.31     
   12532  -820.02     
   12533  -835.82     
   12534  -836.52     
   12535  -837.51     
   12536  -834.74     
   12537  -836.14     
   12538  -829.91     
   12539  -833.98     
   12540  -833.80     
   12541  -826.84     
   12542  -834.66     
   12543  -828.64     
   12544  -834.67     
   12545  -828.33     
   12546  -824.40     
   12547  -823.59     
   12548  -837.27     
   12549  -824.26     
   12550  -837.36     
   12551  -834.73     
   12552  -832.95     
   12553  -836.40     
   12554  -837.18     
   12555  -838.70     
   12556  -836.86     
   12557  -644.09     
   12558  -781.75     
 
  ***** POST1 NODAL DEGREE OF FREEDOM LISTING *****                            
 
  LOAD STEP=     1  SUBSTEP=     1                                             
   TIME=    1.0000      LOAD CASE=   0                                         
 
    NODE       VOLT  
   12559  -830.98     
   12560  -835.78     
   12561  -838.69     
   12562  -836.34     
   12563  -838.54     
   12564  -834.81     
   12565  -894.18     
   12566  -823.92     
   12567  -526.73     
   12568  -546.61     
   12569  -515.05     
   12570  -531.28     
   12571  -523.86     
   12572  -502.38     
   12573  -500.13     
   12574  -524.81     
   12575  -511.99     
   12576  -515.41     
   12577  -520.54     
   12578  -520.08     
   12579  -507.95     
   12580  -507.63     
   12581  -512.34     
   12582  -513.00     
   12583  -514.55     
   12584  -838.67     
   12585  -838.39     
   12586  -838.06     
   12587  -835.35     
   12588  -837.82     
   12589  -835.77     
   12590  -839.17     
   12591  -839.12     
   12592  -839.16     
   12593  -822.37     
   12594  -838.51     
   12595  -498.76     
   12596  -499.28     
   12597  -498.73     
 
  ***** POST1 NODAL DEGREE OF FREEDOM LISTING *****                            
 
  LOAD STEP=     1  SUBSTEP=     1                                             
   TIME=    1.0000      LOAD CASE=   0                                         
 
    NODE       VOLT  
   12598  -496.96     
   12599  -506.03     
   12600  -855.77     
   12601  -500.05     
   12602  -497.72     
   12603  -498.73     
   12604  -860.90     
   12605  -501.98     
   12606  -499.88     
   12607  -503.86     
   12608  -500.16     
   12609  -503.98     
   12610  -501.48     
   12611  -503.46     
   12612  -506.28     
   12613  -501.20     
   12614  -501.05     
   12615  -503.78     
   12616  -500.80     
   12617  -839.22     
   12618  -838.79     
   12619  -839.26     
   12620  -499.65     
   12621  -517.74     
   12622  -511.79     
   12623  -507.47     
   12624  -509.84     
   12625  -505.75     
   12626  -835.85     
   12627  -837.14     
   12628  -836.90     
   12629  -833.21     
   12630  -839.00     
   12631  -838.96     
   12632  -839.21     
   12633  -494.01     
   12634  -500.74     
   12635  -499.92     
   12636  -500.31     
 
  ***** POST1 NODAL DEGREE OF FREEDOM LISTING *****                            
 
  LOAD STEP=     1  SUBSTEP=     1                                             
   TIME=    1.0000      LOAD CASE=   0                                         
 
    NODE       VOLT  
   12637  -802.92     
   12638  -823.50     
   12639  -823.99     
   12640  -823.87     
   12641  -823.48     
   12642  -824.05     
   12643  -819.64     
   12644  -819.57     
   12645  -813.36     
   12646  -802.61     
   12647  -791.75     
   12648  -499.31     
   12649  -499.01     
   12650  -838.66     
   12651  -837.66     
   12652  -833.76     
   12653  -790.47     
   12654  -838.52     
   12655  -576.03     
   12656  -813.77     
   12657  -820.46     
   12658  -1138.2     
   12659  -1138.5     
   12660  -1136.7     
   12661  -1138.5     
   12662  -1035.3     
   12663  -1030.2     
   12664  -1040.4     
   12665  -499.45     
   12666  -499.43     
   12667  -499.47     
   12668  -499.88     
   12669  -499.59     
   12670  -499.70     
   12671  -1045.1     
   12672  -1050.2     
   12673  -1019.9     
   12674  -511.44     
   12675  -509.16     
 
  ***** POST1 NODAL DEGREE OF FREEDOM LISTING *****                            
 
  LOAD STEP=     1  SUBSTEP=     1                                             
   TIME=    1.0000      LOAD CASE=   0                                         
 
    NODE       VOLT  
   12676  -514.32     
   12677  -522.63     
   12678  -829.75     
   12679  -708.77     
   12680  -1138.5     
   12681  -521.91     
   12682  -510.80     
   12683  -513.99     
   12684  -508.56     
   12685  -839.23     
   12686  -838.37     
   12687  -839.09     
   12688  -839.22     
   12689  -839.09     
   12690  -983.56     
   12691  -988.68     
   12692  -993.81     
   12693  -1138.5     
   12694  -824.10     
   12695  -498.85     
   12696  -498.87     
   12697  -499.38     
   12698  -499.08     
   12699  -839.19     
   12700  -839.27     
   12701  -839.14     
   12702  -978.43     
   12703  -678.42     
   12704  -661.03     
   12705  -678.44     
   12706  -310.59     
   12707  -284.87     
   12708  -192.25     
   12709  -684.20     
   12710  -676.12     
   12711  -695.18     
   12712  -508.30     
   12713  -499.14     
   12714  -824.61     
 
  ***** POST1 NODAL DEGREE OF FREEDOM LISTING *****                            
 
  LOAD STEP=     1  SUBSTEP=     1                                             
   TIME=    1.0000      LOAD CASE=   0                                         
 
    NODE       VOLT  
   12715  -839.08     
   12716  -907.14     
   12717  -912.27     
   12718  -968.18     
   12719  -973.31     
   12720  -837.35     
   12721  -839.06     
   12722  -839.11     
   12723  -839.05     
   12724  -838.85     
   12725  -218.00     
   12726  -243.75     
   12727  -831.64     
   12728  -832.65     
   12729  -819.01     
   12730  -516.25     
   12731  -515.07     
   12732  -500.69     
   12733  -498.34     
   12734  -498.30     
   12735  -498.31     
   12736  -498.31     
   12737  -498.35     
   12738  -498.32     
   12739  -510.80     
   12740  -837.60     
   12741  -823.99     
   12742  -836.18     
   12743  -689.22     
   12744  -691.77     
   12745  -699.50     
   12746  -578.06     
   12747  -536.31     
   12748  -838.78     
   12749  -839.24     
   12750  -839.21     
   12751  -772.95     
   12752  -763.64     
   12753  -767.22     
 
  ***** POST1 NODAL DEGREE OF FREEDOM LISTING *****                            
 
  LOAD STEP=     1  SUBSTEP=     1                                             
   TIME=    1.0000      LOAD CASE=   0                                         
 
    NODE       VOLT  
   12754  -957.93     
   12755  -952.80     
   12756  -963.06     
   12757  -831.40     
   12758  -515.30     
   12759  -497.58     
   12760  -497.63     
   12761  -508.07     
   12762  -510.45     
   12763  -519.00     
   12764  -508.50     
   12765  -16.555     
   12766  -25.753     
   12767  -839.35     
   12768  -565.71     
   12769  -499.81     
   12770  -499.61     
   12771  -947.68     
   12772  -838.98     
   12773  -516.05     
   12774  -531.19     
   12775  -515.57     
   12776  -517.23     
   12777  -515.39     
   12778  -515.66     
   12779  -838.52     
   12780  -504.17     
   12781  -837.02     
   12782  -498.66     
   12783  -516.13     
   12784  -530.21     
   12785  -516.36     
   12786  -500.20     
   12787  -498.41     
   12788  -499.30     
   12789  -500.26     
   12790  -515.22     
   12791  -498.82     
   12792  -498.34     
 
  ***** POST1 NODAL DEGREE OF FREEDOM LISTING *****                            
 
  LOAD STEP=     1  SUBSTEP=     1                                             
   TIME=    1.0000      LOAD CASE=   0                                         
 
    NODE       VOLT  
   12793  -499.26     
   12794  -497.01     
   12795  -497.59     
   12796  -835.64     
   12797  -824.20     
   12798  -816.07     
   12799  -831.18     
   12800  -838.94     
   12801  -826.76     
   12802  -824.90     
   12803  -823.05     
   12804  -760.60     
   12805  -773.04     
   12806  -1081.4     
   12807  -1075.8     
   12808  -1086.5     
   12809  -498.58     
   12810  -7.3580     
   12811  -9.1975     
   12812  -499.54     
   12813  -889.05     
   12814  -499.66     
   12815  -835.65     
   12816  -837.43     
   12817  -336.27     
   12818  -839.30     
   12819  -929.21     
   12820  -934.34     
   12821  -929.21     
   12822  -560.56     
   12823  -937.43     
   12824  -934.34     
   12825  -933.87     
   12826  -934.34     
   12827  -621.72     
   12828  -514.82     
   12829  -824.41     
   12830  -499.18     
   12831  -503.93     
 
  ***** POST1 NODAL DEGREE OF FREEDOM LISTING *****                            
 
  LOAD STEP=     1  SUBSTEP=     1                                             
   TIME=    1.0000      LOAD CASE=   0                                         
 
    NODE       VOLT  
   12832  -502.58     
   12833  -838.09     
   12834  -838.70     
   12835  -824.11     
   12836  -839.34     
   12837  -498.57     
   12838  -922.05     
   12839  -942.55     
   12840  -1065.6     
   12841  -1070.7     
   12842  -499.08     
   12843  -873.68     
   12844  -878.80     
   12845  -865.70     
   12846  -822.11     
   12847  -917.40     
   12848  -838.88     
   12849  -837.31     
   12850  -835.81     
   12851  -499.78     
   12852  -824.73     
   12853  -497.09     
   12854  -502.08     
   12855  -181.86     
   12856  -1091.7     
   12857  -1096.8     
   12858  -823.80     
   12859  -820.07     
   12860  -836.82     
   12861  -836.18     
   12862  -515.47     
   12863  -394.93     
   12864  -412.85     
   12865  -502.58     
   12866  -703.32     
   12867  -515.23     
   12868  -16.555     
   12869  -498.54     
   12870  -497.39     
 
  ***** POST1 NODAL DEGREE OF FREEDOM LISTING *****                            
 
  LOAD STEP=     1  SUBSTEP=     1                                             
   TIME=    1.0000      LOAD CASE=   0                                         
 
    NODE       VOLT  
   12871  -499.01     
   12872  -498.37     
   12873  -498.48     
   12874  -499.23     
   12875  -516.14     
   12876  -514.76     
   12877  -838.85     
   12878  -502.65     
   12879  -825.97     
   12880  -831.21     
   12881  -158.28     
   12882  -135.08     
   12883  -360.42     
   12884  -829.32     
   12885  -498.69     
   12886  -515.32     
   12887  -900.59     
   12888  -830.92     
   12889  -498.68     
   12890  -501.48     
   12891  -500.44     
   12892  -502.36     
   12893  -836.18     
   12894  -838.30     
   12895  -837.83     
   12896  -837.80     
   12897  -497.98     
   12898  -498.71     
   12899  -1060.4     
   12900  -1055.3     
   12901  -1116.8     
   12902  -1122.4     
   12903  -635.08     
   12904  -501.70     
   12905  -499.23     
   12906  -823.88     
   12907  -787.51     
   12908  -497.99     
   12909  -558.70     
 
  ***** POST1 NODAL DEGREE OF FREEDOM LISTING *****                            
 
  LOAD STEP=     1  SUBSTEP=     1                                             
   TIME=    1.0000      LOAD CASE=   0                                         
 
    NODE       VOLT  
   12910  -525.69     
   12911  -519.30     
   12912  -501.38     
   12913  -498.35     
   12914  -498.43     
   12915  -579.76     
   12916  -693.61     
   12917  -721.17     
   12918  -500.09     
   12919  -550.60     
   12920  -504.00     
   12921  -515.51     
   12922  -498.70     
   12923  -500.87     
   12924  -25.753     
   12925  -36.790     
   12926  -499.50     
   12927  -498.49     
   12928  -7.3580     
   12929  -831.88     
   12930  -14.716     
   12931  -846.50     
   12932  -837.71     
   12933  -838.20     
   12934  -839.08     
   12935  -838.79     
   12936  -828.98     
   12937  -818.51     
   12938  -497.93     
   12939  -515.61     
   12940  -711.26     
   12941  -503.33     
   12942  -833.64     
   12943  -501.46     
   12944  -499.33     
   12945  -503.36     
   12946  -498.68     
   12947  -839.31     
   12948  -838.66     
 
  ***** POST1 NODAL DEGREE OF FREEDOM LISTING *****                            
 
  LOAD STEP=     1  SUBSTEP=     1                                             
   TIME=    1.0000      LOAD CASE=   0                                         
 
    NODE       VOLT  
   12949  -16.555     
   12950  -822.89     
   12951  -7.3580     
   12952  -9.1975     
   12953  -7.3580     
   12954  -1025.0     
   12955  -839.37     
   12956  -16.555     
   12957  -1138.2     
   12958  -1134.5     
   12959  -927.18     
   12960  -839.28     
   12961  -928.74     
   12962  -929.21     
   12963  -1106.6     
   12964  -1101.9     
   12965  -385.28     
   12966  -62.543     
   12967  -998.94     
   12968  -1130.2     
   12969  -1132.0     
   12970  -499.57     
   12971  -1111.7     
   12972  -838.71     
   12973  -499.57     

 MAXIMUM ABSOLUTE VALUES
 NODE          25
 VALUE   -1140.0     

